time_seconds,milepost,speed_mps,accel_ms2,F_dynamic_kN,F_air_kN,F_total_brake_kN,F_resistance_kN,pwr_whl_out_watts,res_grade_newtons,res_curve_newtons,res_rolling_newtons,res_aero_newtons
3073.0,242.00195075381893,12.903875473888268,-0.16417277239864095,0.0,0.0,0.0,3837.6675461089303,6377172.426293615,429321.848391869,166098.7833920996,1006084.5210898916,2136162.39323507
3074.0,242.0099116470279,12.719692279940688,-0.16894298168240038,0.0,0.0,0.0,3789.1787995366417,6377172.426293615,432954.3970001354,166027.8452145105,1006084.5210898916,2084112.0362321043
3075.0,242.01775417202944,12.522886092019352,-0.17191352983176503,0.0,0.0,0.0,3731.0694960388178,6377172.426293615,434182.84315045824,165760.55307142265,1006084.5210898916,2025041.5787270456
3076.0,242.0254676946356,12.30447484997608,-0.17224766685488543,0.0,0.0,0.0,3669.896773320941,6377172.426293615,435393.0238919993,165558.0046799408,1006084.5210898916,1962861.2236591096
3077.0,242.03306133240983,12.137015181186214,-0.16957661732775187,0.0,0.0,0.0,3602.247954871244,6377172.426293615,435751.2756671588,165422.25227734543,1006084.5210898916,1894989.905836848
3078.0,242.04055141226863,11.97115505865089,-0.16404877769638368,0.0,0.0,0.0,3550.9523649253033,6377172.426293615,435751.2756671589,165355.98824115004,1006084.5210898916,1843760.5799271031
3079.0,242.04793942814845,11.80850389341981,-0.15622097275647945,0.0,0.0,0.0,3500.888142773926,6377172.426293615,435751.27566715906,165339.79369144703,1006084.5210898916,1793712.5523254282
3080.0,242.05522549807174,11.64302364732174,-0.14688616161910548,0.0,0.0,0.0,3452.4803477927553,6377172.426293615,435751.27566715947,165342.94096276505,1006084.5210898916,1745301.6100729392
3081.0,242.06241791007457,11.507049017939892,-0.13691433738875144,0.0,0.0,0.0,3403.953147286206,6377172.426293615,435751.27566715976,165389.08738370656,1006084.5210898916,1696728.2631454482
3082.0,242.0695341807923,11.39794921575168,-0.1271224079120661,0.0,0.0,0.0,3364.662800606095,6377172.426293615,435751.27566715976,165498.26492204642,1006084.5210898916,1657328.7389269972
3083.0,242.0765837377126,11.292318652535984,-0.1181598627573758,0.0,0.0,0.0,3333.358200844477,6377172.426293615,435559.7520890007,165662.89961843894,1006084.5210898916,1626051.0280471458
3084.0,242.0835686215743,11.189787335466074,-0.11041860034873796,0.0,0.0,0.0,3302.8022166507003,6377172.426293615,434786.99561826425,165878.89124209352,1006084.5210898916,1596051.8087004505
3085.0,242.09049076188998,11.090367255761135,-0.10400122609631006,0.0,0.0,0.0,3273.201380655205,6377172.426293615,433772.5597973069,166144.38069471787,1006084.5210898916,1567199.9190732888
3086.0,242.09735209223155,10.994059488078587,-0.09876867581316938,0.0,0.0,0.0,3244.7853741466834,6377172.426293615,432767.23641141655,166458.7925081886,1006084.5210898916,1539474.8241371862
3087.0,242.10415454372537,10.900855086038044,-0.09444670711389941,0.0,0.0,0.0,3217.5318569331066,6377172.426293615,431770.7446420861,166823.00101604167,1006084.5210898916,1512853.5901850874
3088.0,242.11090003910473,10.810735981623449,-0.09073850495364469,0.0,0.0,0.0,3191.4105588039897,6377172.426293615,430782.80402599624,167231.96780666997,1006084.5210898916,1487311.265881432
3089.0,242.1175904873191,10.72367587692808,-0.08740051208419986,0.0,0.0,0.0,3166.396771096627,6377172.426293615,429803.135318769,167687.87517848366,1006084.5210898916,1462821.239509483
3090.0,242.12422777869162,10.639641118022396,-0.0842706956555327,0.0,0.0,0.0,3142.444999577265,6377172.426293615,428831.4612779021,168173.44641720297,1006084.5210898916,1439355.5707922685
3091.0,242.13081378190282,10.558595697807364,-0.08125651065240162,0.0,0.0,0.0,3119.5093679786014,6377172.426293615,427867.5073660355,168672.0432499724,1006084.5210898916,1416885.2962727018
3092.0,242.13735034153166,10.480498048308316,-0.07831534248952204,0.0,0.0,0.0,3097.5491862459126,6377172.426293615,426911.00218904775,169171.85678015373,1006084.5210898916,1395381.8061868197
3093.0,242.14383927298556,10.4052958437653,-0.07543107377771141,0.0,0.0,0.0,3076.5301175208956,6377172.426293615,425961.6778531548,169667.91802375717,1006084.5210898916,1374816.0005540922
3094.0,242.15028236024884,10.332940268773076,-0.07260040721363296,0.0,0.0,0.0,3056.4211176071485,6377172.426293615,425019.2707012381,170160.3647525359,1006084.5210898916,1355156.961063483
3095.0,242.15668135502446,10.263376235640704,-0.06982405198121557,0.0,0.0,0.0,3037.1930837561436,6377172.426293615,424083.5216398625,170649.3323535298,1006084.5210898916,1336375.7086728597
3096.0,242.16303797269074,10.19654191450939,-0.06710405953853765,0.0,0.0,0.0,3018.8128370092877,6377172.426293615,423154.1762638999,171131.51756835455,1006084.5210898916,1318442.622087142
3097.0,242.1693538908458,10.132377532806156,-0.06444306755473757,0.0,0.0,0.0,3001.245716419276,6377172.426293615,422230.9854437672,171602.8740922322,1006084.5210898916,1301327.335793385
3098.0,242.17563074917865,10.070820845974527,-0.06184329276140895,0.0,0.0,0.0,2984.4670006708516,6377172.426293615,421313.7055368173,172067.78604114827,1006084.5210898916,1285000.9880029946
3099.0,242.18187014827404,10.011808234328957,-0.05930655965632965,0.0,0.0,0.0,2968.457203005461,6377172.426293615,420402.0984060494,172535.56231616836,1006084.5210898916,1269435.0211933514
3100.0,242.18807364796623,9.955272154992016,-0.05683433890659363,0.0,0.0,0.0,2953.189982581047,6377172.426293615,419495.9315936991,173008.0941362528,1006084.5210898916,1254601.4357612035
3101.0,242.19424276659026,9.901146577805026,-0.054427774257243794,0.0,0.0,0.0,2938.627031870086,6377172.426293615,418594.97856031,173475.4076149008,1006084.5210898916,1240472.124604983
3102.0,242.2003789809083,9.84936372333602,-0.052087702249035556,0.0,0.0,0.0,2924.732478070084,6377172.426293615,417699.0187934966,173928.73118225427,1006084.5210898916,1227020.2070044416
3103.0,242.20648372523257,9.79985473828424,-0.04981467073673023,0.0,0.0,0.0,2911.4706802553465,6377172.426293615,416807.8378186204,174359.14810264806,1006084.5210898916,1214219.1732441864
3104.0,242.21255839109406,9.752550776836278,-0.047608963795740304,0.0,0.0,0.0,2898.8077830884417,6377172.426293615,415921.22732617264,174759.0128283222,1006084.5210898916,1202043.0218440553
3105.0,242.21860432723716,9.707382968173471,-0.04547063236518611,0.0,0.0,0.0,2886.715361304981,6377172.426293615,415038.9852198947,175125.36425618175,1006084.5210898916,1190466.4907390126
3106.0,242.22462284071264,9.66428598509535,-0.043399527430981036,0.0,0.0,0.0,2875.1658772401383,6377172.426293615,414160.9156175664,175455.42979063146,1006084.5210898916,1179465.0107420485
3107.0,242.23061519726053,9.623192188529224,-0.04139532978207424,0.0,0.0,0.0,2864.1338146412445,6377172.426293615,413286.82869223953,175746.9332497792,1006084.5210898916,1169015.5316093343
3108.0,242.23658261947602,9.584030347983392,-0.03945773990986319,0.0,0.0,0.0,2853.5985331752663,6377172.426293615,412416.54061666026,176002.41445552692,1006084.5210898916,1159095.0570131876
3109.0,242.2425262890613,9.546740072702365,-0.03758627546753677,0.0,0.0,0.0,2843.5350060321457,6377172.426293615,411549.8738296368,176220.29555440723,1006084.5210898916,1149680.3155582102
3110.0,242.24844734698885,9.511250657605345,-0.035780871095633215,0.0,0.0,0.0,2833.922323578123,6377172.426293615,410686.6567089805,176399.95278860183,1006084.5210898916,1140751.1929906493
3111.0,242.2543468931741,9.47750065794432,-0.034042179997706784,0.0,0.0,0.0,2824.737697592019,6377172.426293615,409826.7235477984,176540.8393802342,1006084.5210898916,1132285.6135740946
3112.0,242.26022598786665,9.445423847001784,-0.032372325951657996,0.0,0.0,0.0,2815.961615242751,6377172.426293615,408969.91460205155,176642.97966388726,1006084.5210898916,1124264.1998869206
3113.0,242.26608565223756,9.414960670412196,-0.030775673164361646,0.0,0.0,0.0,2807.639921977351,6377172.426293615,408181.2240037229,176707.29274462178,1006084.5210898916,1116666.8841391148
3114.0,242.27192686837455,9.38604488542754,-0.02925853169900536,0.0,0.0,0.0,2800.3962619408862,6377172.426293615,408106.3474750127,176729.79365813217,1006084.5210898916,1109475.5997178496
3115.0,242.2777505811555,9.35862296832725,-0.02782753863800924,0.0,0.0,0.0,2793.5516958082767,6377172.426293615,408053.3263814928,176742.75772429132,1006084.5210898916,1102671.0906126008
3116.0,242.28355769865905,9.332629998013571,-0.02648589107347872,0.0,0.0,0.0,2787.073745129455,6377172.426293615,408000.46416705824,176751.30247647135,1006084.5210898916,1096237.4573960337
3117.0,242.2893490911347,9.308009135538796,-0.025228832472284628,0.0,0.0,0.0,2780.945278580132,6377172.426293615,407947.752589021,176756.54831313403,1006084.5210898916,1090156.4565880855
3118.0,242.29512559484425,9.28470782424212,-0.02404162153232881,0.0,0.0,0.0,2775.151052223188,6377172.426293615,407895.1837480709,176759.29242182217,1006084.5210898916,1084412.0549634031
3119.0,242.30088801133752,9.26266689437367,-0.02290259087291477,0.0,0.0,0.0,2769.6777446190126,6377172.426293615,407842.7500534057,176760.97337909508,1006084.5210898916,1078989.5000966208
3120.0,242.30663593278504,9.238052910316712,-0.02179066479924675,0.0,0.0,0.0,2764.5088685707406,6377172.426293615,407790.4442293056,176761.1401454059,1006084.5210898916,1073872.763106137
3121.0,242.31236994868706,9.217909393231643,-0.02069249558337636,0.0,0.0,0.0,2758.7559412480846,6377172.426293615,407738.26997766574,176760.07760326815,1006084.5210898916,1068173.072577259
3122.0,242.31809183841912,9.199022649479454,-0.019603768611328676,0.0,0.0,0.0,2754.049046671372,6377172.426293615,407686.22194755427,176758.44189282152,1006084.5210898916,1063519.8617411044
3123.0,242.32380239731535,9.181439058603091,-0.0185240392296719,0.0,0.0,0.0,2749.6422136799583,6377172.426293615,407634.28398746543,176757.2128661139,1006084.5210898916,1059166.1957364874
3124.0,242.32950235210586,9.164891426620308,-0.01745070331081982,0.0,0.0,0.0,2745.545134575771,6377172.426293615,407582.4488781,176757.2128661139,1006084.5210898916,1055120.9517416656
3125.0,242.33519138624587,9.146288979084446,-0.01637879627752512,0.0,0.0,0.0,2741.6935116400878,6377172.426293615,407530.71002288215,176757.17308254278,1006084.5210898916,1051321.107444771
3126.0,242.34086963319234,9.130170902601373,-0.015307486748370625,0.0,0.0,0.0,2737.3770683187686,6377172.426293615,407479.0702951096,176755.87830041003,1006084.5210898916,1047057.5986333576
3127.0,242.346538763652,9.116945925325004,-0.014247080629786904,0.0,0.0,0.0,2733.637990183543,6377172.426293615,407427.52848338446,176755.45138597395,1006084.5210898916,1043370.4892242928
3128.0,242.352199926322,9.104525137247512,-0.013219341785301729,0.0,0.0,0.0,2730.566035440225,6377172.426293615,407376.0694225948,176755.39368083546,1006084.5210898916,1040350.051246903
3129.0,242.3578536084659,9.092868505671388,-0.01224982516440753,0.0,0.0,0.0,2727.6818656042797,6377172.426293615,407324.6826859435,176755.39368083546,1006084.5210898916,1037517.2681476092
3130.0,242.36350027290436,9.081937389178508,-0.011357609735532698,0.0,0.0,0.0,2724.9755561244274,6377172.426293615,407273.363850507,176755.39368083546,1006084.5210898916,1034862.2775031936
3131.0,242.36914035887617,9.071694526529914,-0.010549188393939632,0.0,0.0,0.0,2722.437648829997,6377172.426293615,407222.1087152327,176755.39368083546,1006084.5210898916,1032375.6253440372
3132.0,242.37477428289148,9.062104023131829,-0.009819177339292788,0.0,0.0,0.0,2720.0590824557758,6377172.426293615,407170.9132931224,176755.39368083546,1006084.5210898916,1030048.2543919262
3133.0,242.38040243957633,9.053131335262671,-0.009155525657692544,0.0,0.0,0.0,2717.831181075787,6377172.426293615,407119.7738034861,176755.39368083546,1006084.5210898916,1027871.4925015738
3134.0,242.38602520250632,9.044743252241734,-0.008545413255647262,0.0,0.0,0.0,2715.7456427398197,6377172.426293615,407068.68666427856,176755.39368083546,1006084.5210898916,1025837.0413048142
3135.0,242.3916429250289,9.036907876708067,-0.007978361543718835,0.0,0.0,0.0,2713.794528309365,6377172.426293615,407017.6484845298,176755.39368083546,1006084.5210898916,1023936.9650541076
3136.0,242.3972559410727,9.029594603167864,-0.007447464702612393,0.0,0.0,0.0,2711.970250488006,6377172.426293615,406966.6560568826,176755.39368083546,1006084.5210898916,1022163.6796603964
3137.0,242.4028645659432,9.022774094959496,-0.006948743308024512,0.0,0.0,0.0,2710.2655630402924,6377172.426293615,406915.7063502448,176755.39368083546,1006084.5210898916,1020509.9419193204
3138.0,242.40846909711385,9.016418293447886,-0.006480359704092991,0.0,0.0,0.0,2708.6735501925086,6377172.426293615,406864.7965025688,176755.39368083546,1006084.5210898916,1018968.838919213
3139.0,242.4140698150134,9.010500395458813,-0.00604231259217856,0.0,0.0,0.0,2707.18762380814,6377172.426293615,406813.9238136687,176755.39368083546,1006084.5210898916,1017533.7852237443
3140.0,242.41966698371817,9.004994571206732,-0.005636133939426591,0.0,0.0,0.0,2705.801619915353,6377172.426293615,406763.08573807526,176755.49976346546,1006084.5210898916,1016198.513323921
3141.0,242.42526085166438,8.999876309867014,-0.005264809586410232,0.0,0.0,0.0,2704.510663280246,6377172.426293615,406712.2798787504,176756.8562895176,1006084.5210898916,1014957.0060220864
3142.0,242.43085165241007,8.995122234303608,-0.004931913526567106,0.0,0.0,0.0,2703.308080375893,6377172.426293615,406661.5039806226,176758.48449062547,1006084.5210898916,1013803.5708147532
3143.0,242.43643960533043,8.990710071408314,-0.004639408547985424,0.0,0.0,0.0,2702.187479185254,6377172.426293615,406610.75592367066,176759.40736373616,1006084.5210898916,1012732.7948079556
3144.0,242.4420249162943,8.986618621733443,-0.004384596764211534,0.0,0.0,0.0,2701.143728365505,6377172.426293615,406560.0337166118,176759.63844648507,1006084.5210898916,1011739.5351125168
3145.0,242.44760777832167,8.982827728527946,-0.004157595534882401,0.0,0.0,0.0,2700.1724044112434,6377172.426293615,406509.3354907617,176759.63844648507,1006084.5210898916,1010818.909384105
3146.0,242.45318827248917,8.97899723857542,-0.003941405399608928,0.0,0.0,0.0,2699.2691055369564,6377172.426293615,406458.6594940651,176759.63844648507,1006084.5210898916,1009966.2865065144
3147.0,242.45876628391832,8.974836588243376,-0.0037160097944035067,0.0,0.0,0.0,2698.357287715082,6377172.426293615,406408.0049905842,176759.63844648507,1006084.5210898916,1009105.1231881214
3148.0,242.46434168260473,8.97058765565275,-0.003465430732216059,0.0,0.0,0.0,2697.370362090843,6377172.426293615,406357.3730230786,176758.3179732452,1006084.5210898916,1008170.150004628
3149.0,242.46991466501456,8.967059367237452,-0.003184502271225832,0.0,0.0,0.0,2696.3638035718027,6377172.426293615,406306.7647716067,176756.73227096695,1006084.5210898916,1007215.7854393373
3150.0,242.4754856925245,8.964295458418308,-0.002881490733101531,0.0,0.0,0.0,2695.519439912597,6377172.426293615,406256.1784528324,176755.11014898962,1006084.5210898916,1006423.6302208834
3151.0,242.4810551803143,8.962103500919461,-0.0025749098003018515,0.0,0.0,0.0,2694.8469272609836,6377172.426293615,406205.6098788099,176753.48859602294,1006084.5210898916,1005803.3076962592
3152.0,242.48662339109205,8.960185165199947,-0.002286251473997986,0.0,0.0,0.0,2694.3034402366907,6377172.426293615,406155.0552809255,176752.3758709995,1006084.5210898916,1005311.487994874
3153.0,242.49219045837054,8.958422942738773,-0.0020324937181277437,0.0,0.0,0.0,2693.822225085056,6377172.426293615,406104.5122745615,176752.0309444118,1006084.5210898916,1004881.1607761908
3154.0,242.4977564756453,8.956805539171668,-0.0018217020354858492,0.0,0.0,0.0,2693.3764662473686,6377172.426293615,406053.9796478138,176752.0309444118,1006084.5210898916,1004485.9345652512
3155.0,242.50332152939725,8.955321671201883,-0.001652768527277591,0.0,0.0,0.0,2692.9632270792276,6377172.426293615,406003.4565520171,176751.99309825827,1006084.5210898916,1004123.2563390608
3156.0,242.50888569907573,8.953959989525616,-0.0015180745176976132,0.0,0.0,0.0,2692.5797132196594,6377172.426293615,405952.94220217864,176751.670882629,1006084.5210898916,1003790.57904496
3157.0,242.5144489637551,8.952408768588487,-0.0014071066085616468,0.0,0.0,0.0,2692.222337970191,6377172.426293615,405902.43587713194,176750.03707366346,1006084.5210898916,1003485.3439295036
3158.0,242.5200113852317,8.951245989704104,-0.0013095159418194677,0.0,0.0,0.0,2691.8212469393648,6377172.426293615,405851.9377668204,176747.10990978562,1006084.5210898916,1003137.6781728672
3159.0,242.52557304264997,8.949949509365753,-0.0012170762025122178,0.0,0.0,0.0,2691.5045354276203,6377172.426293615,405801.44731031416,176741.45594661366,1006084.5210898916,1002877.1110808006
3160.0,242.53113391613115,8.948722747089395,-0.0011246305037351028,0.0,0.0,0.0,2691.1537762379894,6377172.426293615,405750.96378921455,176731.668618559,1006084.5210898916,1002586.622740324
3161.0,242.53669408167445,8.94767088379685,-0.0010302358252353891,0.0,0.0,0.0,2690.811499504622,6377172.426293615,405700.487383962,176714.69691448248,1006084.5210898916,1002311.794116286
3162.0,242.5422536404257,8.946769677669117,-0.0009346323371809419,0.0,0.0,0.0,2690.487410396469,6377172.426293615,405650.0174047073,176676.69420839715,1006084.5210898916,1002076.1776934728
3163.0,242.54781266105036,8.945938826531586,-0.000840187245677877,0.0,0.0,0.0,2690.164206914737,6377172.426293615,405599.5529333428,176605.80252225974,1006084.5210898916,1001874.3303692432
3164.0,242.55337121780568,8.945276630649165,-0.0007496421955636971,0.0,0.0,0.0,2689.8972078196743,6377172.426293615,405620.0166796826,176504.41125882295,1006084.5210898916,1001688.2587912774
3165.0,242.5589293806666,8.944671006551543,-0.0006650438292189082,0.0,0.0,0.0,2689.9895665887934,6377172.426293615,405988.0515979015,176377.02346791772,1006084.5210898916,1001539.9704330828
3166.0,242.5644871879365,8.944132096892941,-0.0005872478325147307,0.0,0.0,0.0,2690.465535594162,6377172.426293615,406744.82860957977,176231.8258475003,1006084.5210898916,1001404.3600471898
3167.0,242.5700446509065,8.943562815408173,-0.0005160726376513534,0.0,0.0,0.0,2558.247717930567,6377172.426293615,407498.831519405,43380.66934862313,1006084.5210898916,1001283.6959726472
3168.0,242.57560180447626,8.943136236497546,-0.00045086149700322356,0.0,0.0,0.0,2534.383203342621,6377172.426293615,408201.55678574706,18940.886048576853,1006084.5210898916,1001156.2394184056
3169.0,242.58115872295062,8.942806118608127,-0.0003910539204277654,0.0,0.0,0.0,2534.260413750947,6377172.426293615,408296.0743908876,18819.080378796963,1006084.5210898916,1001060.7378913708
3170.0,242.5867154398785,8.942487522759778,-0.0003364793536762105,0.0,0.0,0.0,2534.1214116021424,6377172.426293615,408346.5148962898,18703.540648565253,1006084.5210898916,1000986.834967396
3171.0,242.59227196638216,8.942193204092437,-0.00028735132738050517,0.0,0.0,0.0,2533.987442770157,6377172.426293615,408396.9535722414,18590.45405822439,1006084.5210898916,1000915.5140497994
3172.0,242.59782834187263,8.942001459578128,-0.0002440249228072561,0.0,0.0,0.0,2533.864885167951,6377172.426293615,408447.39051970054,18483.343474663165,1006084.5210898916,1000849.6300836956
3173.0,242.6033846055479,8.941833306698864,-0.0002067868993548657,0.0,0.0,0.0,2533.78234264311,6377172.426293615,408497.82609640295,18393.28669327776,1006084.5210898916,1000806.7087635378
3174.0,242.6089407716805,8.9416875009361,-0.00017565121458686098,0.0,0.0,0.0,2533.7318185093272,6377172.426293615,408548.2606581515,18329.967657750018,1006084.5210898916,1000769.069103534
3175.0,242.6144968529769,8.94156024627522,-0.00015028227703866367,0.0,0.0,0.0,2533.722721649312,6377172.426293615,408598.6943344987,18303.07398740732,1006084.5210898916,1000736.4322375142
3176.0,242.62005285949243,8.941446805103597,-0.0001300159870969801,0.0,0.0,0.0,2533.7564716295833,6377172.426293615,408649.127240783,18314.875051494553,1006084.5210898916,1000707.948247414
3177.0,242.62560879926855,8.941345433408982,-0.000113955102389441,0.0,0.0,0.0,2533.82693665348,6377172.426293615,408699.559468276,18360.29956005002,1006084.5210898916,1000682.5565352624
3178.0,242.63116467941157,8.941254865359364,-0.00010107754021968208,0.0,0.0,0.0,2533.917723581039,6377172.426293615,408749.9910899708,18423.344775882542,1006084.5210898916,1000659.866625294
3179.0,242.63672050629992,8.941174023644402,-9.033603966179996e-05,0.0,0.0,0.0,2534.011239962084,6377172.426293615,408800.4221703726,18486.70160146221,1006084.5210898916,1000639.5951003574
3180.0,242.64227628166827,8.94108903901044,-8.071905939081289e-05,0.0,0.0,0.0,2534.1013504803773,6377172.426293615,408850.8527673781,18544.475863298096,1006084.5210898916,1000621.5007598094
3181.0,242.64783200684295,8.94101246618211,-7.131469730984825e-05,0.0,0.0,0.0,2534.1941781504106,6377172.426293615,408901.28289673344,18605.89485409445,1006084.5210898916,1000602.4793096916
3182.0,242.65338768703222,8.940944245403598,-6.137083241022794e-05,0.0,0.0,0.0,2534.3015562311466,6377172.426293615,408951.7125704775,18679.98180728601,1006084.5210898916,1000585.3407634918
3183.0,242.65894332703786,8.940883127998395,-5.037541795212629e-05,0.0,0.0,0.0,2534.421997419386,6377172.426293615,409002.1418358862,18765.26279517045,1006084.5210898916,1000570.0716984378
3184.0,242.66449893217768,8.940832023385466,-3.810273934714219e-05,0.0,0.0,0.0,2534.5451736919554,6377172.426293615,409052.5707365459,18851.68926759061,1006084.5210898916,1000556.392597927
3185.0,242.67005451149075,8.940800000000007,-2.460409458261798e-05,0.0,0.0,0.0,2534.6696884137095,6377172.426293615,409102.99932072585,18937.213403020854,1006084.5210898916,1000544.9546000712
3186.0,242.67561008085457,8.940800000000007,-1.0130072729969179e-05,0.0,0.0,0.0,2534.792215954628,6377172.426293615,409153.427670475,19016.47988673901,1006084.5210898916,1000537.7873075224
3187.0,242.68116565021842,8.940800000000007,4.985809169521499e-06,0.0,0.0,0.0,2534.9141235858724,6377172.426293615,409203.8559299142,19087.95925854413,1006084.5210898916,1000537.7873075224
3188.0,242.6867212247456,8.94081661919667,2.0450857381762056e-05,0.0,0.0,0.0,2535.028976120525,6377172.426293615,409254.2841893535,19152.38353375752,1006084.5210898916,1000537.7873075224
3189.0,242.69227681848196,8.940861828104225,3.6093907497344376e-05,0.0,0.0,0.0,2535.1421156840133,6377172.426293615,409304.7124956608,19211.375179782353,1006084.5210898916,1000541.5069186784
3190.0,242.6978324429316,8.940915475452037,5.188787959879083e-05,0.0,0.0,0.0,2535.251903063394,6377172.426293615,409355.14097633073,19260.615650886964,1006084.5210898916,1000551.6253462846
3191.0,242.70338810256357,8.940975068765269,6.792021665339432e-05,0.0,0.0,0.0,2535.256088546306,6377172.426293615,409310.3679259062,19297.567041485592,1006084.5210898916,1000563.6324890228
3192.0,242.7089438044032,8.941051328417297,8.434692184559542e-05,0.0,0.0,0.0,2534.9486939392523,6377172.426293615,408964.1871089168,19323.015221140788,1006084.5210898916,1000576.9705193032
3193.0,242.71449956058757,8.941149987084112,0.00010138208158320757,0.0,0.0,0.0,2534.225259267931,6377172.426293615,408207.74517995975,19338.95409945107,1006084.5210898916,1000594.0388986284
3194.0,242.7200553882322,8.941281336177807,0.00011932634236126187,0.0,0.0,0.0,2533.492061029311,6377172.426293615,407451.295851643,19340.12326278137,1006084.5210898916,1000616.1208249956
3195.0,242.72561129504066,8.941404790090584,0.00013862506067623923,0.0,0.0,0.0,2532.8354004934818,6377172.426293615,406763.60637222894,19341.753082946907,1006084.5210898916,1000645.5199484144
3196.0,242.73116728665315,8.941554293150563,0.0001598851856156454,0.0,0.0,0.0,2532.8634305146343,6377172.426293615,406762.5896767969,19343.16741600133,1006084.5210898916,1000673.1523319444
3197.0,242.73672337839872,8.941727086493783,0.0001838041999429135,0.0,0.0,0.0,2532.9467835873793,6377172.426293615,406811.6136719824,19344.03308316059,1006084.5210898916,1000706.6157423448
3198.0,242.74227957949986,8.941906273777692,0.0002110239698849947,0.0,0.0,0.0,2533.0372095656544,6377172.426293615,406862.0466731137,19345.348866872613,1006084.5210898916,1000745.2929357768
3199.0,242.74783590226426,8.942118681479005,0.00024200387799067611,0.0,0.0,0.0,2533.128175514293,6377172.426293615,406912.4806668727,19345.77165135683,1006084.5210898916,1000785.4021061724
3200.0,242.75339237356704,8.942384371383595,0.0002769657703438671,0.0,0.0,0.0,2533.2261568614927,6377172.426293615,406962.9157649769,19345.77165135683,1006084.5210898916,1000832.948355267
3201.0,242.75894902054353,8.94268411882716,0.00031603399595403963,0.0,0.0,0.0,2533.336068063354,6377172.426293615,407013.3522113737,19345.77165135683,1006084.5210898916,1000892.423110732
3202.0,242.7645058694364,8.943034275729794,0.00035946371445759863,0.0,0.0,0.0,2533.4536067703216,6377172.426293615,407063.79025237146,19345.77165135683,1006084.5210898916,1000959.523776702
3203.0,242.7700629546968,8.943444910246708,0.0004078523200236274,0.0,0.0,0.0,2533.582434685961,6377172.426293615,407114.2301261777,19345.77165135683,1006084.5210898916,1001037.9118185348
3204.0,242.7756202938886,8.943851599647118,0.0004621515527153351,0.0,0.0,0.0,2533.7248075072825,6377172.426293615,407164.67214550707,19345.77165135683,1006084.5210898916,1001129.8426205273
3205.0,242.78117790891582,8.944332736137552,0.0005234147146037918,0.0,0.0,0.0,2533.866303581029,6377172.426293615,407215.1164697882,19345.77165135683,1006084.5210898916,1001220.8943699928
3206.0,242.78673583770188,8.944861488981818,0.0005924188549442409,0.0,0.0,0.0,2534.024475108925,6377172.426293615,407265.5632978448,19345.77165135683,1006084.5210898916,1001328.6190698316
3207.0,242.79229412206303,8.945477218557683,0.0006694143733364511,0.0,0.0,0.0,2534.193317295786,6377172.426293615,407316.0129739109,19345.77165135683,1006084.5210898916,1001447.011580627
3208.0,242.79785283304233,8.946234636232878,0.0007541966469019964,0.0,0.0,0.0,2534.3813815478647,6377172.426293615,407366.4658775546,19345.506797385104,1006084.5210898916,1001584.8877830332
3209.0,242.80341204258994,8.94708195050503,0.0008465866193523503,0.0,0.0,0.0,2534.6004709058852,6377172.426293615,407416.9226536389,19344.522891580884,1006084.5210898916,1001754.5042707736
3210.0,242.80897176980238,8.947900833664404,0.0009473086960566147,0.0,0.0,0.0,2534.839079089134,6377172.426293615,407467.3839552596,19342.90477845572,1006084.5210898916,1001944.2692655273
3211.0,242.81453210696773,8.949045193720465,0.001058691259420291,0.0,0.0,0.0,2535.071603716447,6377172.426293615,407517.8499557572,19341.548781298457,1006084.5210898916,1002127.6838894996
3212.0,242.82009315783148,8.950198000352517,0.0011847784543256557,0.0,0.0,0.0,2535.378066123009,6377172.426293615,407568.3214928366,19341.196124747523,1006084.5210898916,1002384.0274155332
3213.0,242.82565494320602,8.951409348987,0.0013303967108155576,0.0,0.0,0.0,2535.6868128940546,6377172.426293615,407618.79950820183,19341.196124747523,1006084.5210898916,1002642.296171214
3214.0,242.8312174605647,8.952554023041815,0.0014997493511498664,0.0,0.0,0.0,2536.0087176204706,6377172.426293615,407669.28419076896,19341.196124747523,1006084.5210898916,1002913.7162150624
3215.0,242.8367807533933,8.953905338522045,0.0016956507237630817,0.0,0.0,0.0,2536.3157233501347,6377172.426293615,407719.7755176029,19341.196124747523,1006084.5210898916,1003170.2306178928
3216.0,242.84234509571772,8.955932014286514,0.0019206890857289022,0.0,0.0,0.0,2536.6690854053213,6377172.426293615,407770.27388342714,19341.196124747523,1006084.5210898916,1003473.094307255
3217.0,242.84791083178752,8.958391358826962,0.0021800566539809142,0.0,0.0,0.0,2537.173011239658,6377172.426293615,407820.7817755922,19340.29951150275,1006084.5210898916,1003927.4088626716
3218.0,242.85347803222905,8.960645358295231,0.002484139956032938,0.0,0.0,0.0,2537.774198615211,6377172.426293615,407871.30231887335,19339.523481433866,1006084.5210898916,1004478.8517250124
3219.0,242.85904663612715,8.962908636443187,0.0028480603045501532,0.0,0.0,0.0,2538.330173678348,6377172.426293615,407921.8361543507,19339.43206629575,1006084.5210898916,1004984.38436781
3220.0,242.86461681941304,8.965728902196298,0.003286859939342182,0.0,0.0,0.0,2538.888415533403,6377172.426293615,407972.38272909337,19339.38569205417,1006084.5210898916,1005492.126022364
3221.0,242.87018877933804,8.968627069227205,0.0038083729445737343,0.0,0.0,0.0,2539.571398061971,6377172.426293615,408022.9436400403,19338.93214114773,1006084.5210898916,1006125.0011908916
3222.0,242.87576285109728,8.972526220820383,0.004407917046831954,0.0,0.0,0.0,2540.2704872656477,6377172.426293615,408073.5206776544,19336.880449269403,1006084.5210898916,1006775.5650488324
3223.0,242.88133963837774,8.97736746303674,0.005069304204671584,0.0,0.0,0.0,2541.192145246737,6377172.426293615,408124.1168845233,19332.35137820397,1006084.5210898916,1007651.155894118
3224.0,242.88691989095065,8.98367988834709,0.005772862187700091,0.0,0.0,0.0,2542.321984913393,6377172.426293615,408174.7377403522,19323.894485329125,1006084.5210898916,1008738.8315978202
3225.0,242.8925042490069,8.990581700100188,0.006508388206080669,0.0,0.0,0.0,2543.778890102778,6377172.426293615,408225.39005086303,19311.061593344588,1006084.5210898916,1010157.9173686788
3226.0,242.89809306020624,8.998013130979494,0.007285108520715361,0.0,0.0,0.0,2545.3499035052255,6377172.426293615,408276.07962710934,19278.659142423367,1006084.5210898916,1011710.6436458012
3227.0,242.9036865381443,9.005602438719702,0.008132618505141449,0.0,0.0,0.0,2547.0105718230197,6377172.426293615,408326.8096248211,19215.38759229517,1006084.5210898916,1013383.8535160116
3228.0,242.90928490373494,9.013744920587731,0.0090899917262648,0.0,0.0,0.0,2548.6737865403384,6377172.426293615,408377.5819828203,19117.64677671219,1006084.5210898916,1015094.0366909144
3229.0,242.9148883835928,9.022063628232065,0.010186597489786516,0.0,0.0,0.0,2550.594336869894,6377172.426293615,408592.66785982886,18986.671868610018,1006084.5210898916,1016930.4760515636
3230.0,242.92049743339487,9.0316727887065,0.011424647611544997,0.0,0.0,0.0,2552.899214647628,6377172.426293615,409183.3868426487,18822.931738898915,1006084.5210898916,1018808.374976189
3231.0,242.92611348051148,9.044585744564063,0.012772984757216669,0.0,0.0,0.0,2555.7375743908938,6377172.426293615,410048.9198243708,18624.39127246996,1006084.5210898916,1020979.7422041612
3232.0,242.93173826729762,9.059802988300438,0.01417735544710333,0.0,0.0,0.0,2559.2957482346314,6377172.426293615,410915.5325623299,18394.39146467375,1006084.5210898916,1023901.3031177364
3233.0,242.93737294583252,9.076424118408315,0.015582077429779328,0.0,0.0,0.0,2563.3440666961087,6377172.426293615,411783.4939194877,18126.48385531323,1006084.5210898916,1027349.5678314164
3234.0,242.94301800649836,9.093219745480535,0.016952493184813733,0.0,0.0,0.0,2567.6813412358256,6377172.426293615,412652.9816732872,17821.258265692974,1006084.5210898916,1031122.5802069542
3235.0,242.94867460167393,9.113550014228926,0.018287220157461752,0.0,0.0,0.0,2572.034657431816,6377172.426293615,413524.07149464823,17483.83636954124,1006084.5210898916,1034942.2284777348
3236.0,242.95434304552384,9.131356836590117,0.019614295559144897,0.0,0.0,0.0,2577.1691873108743,6377172.426293615,414396.9412072499,17112.555691476977,1006084.5210898916,1039575.169322256
3237.0,242.96002318106315,9.151181821080172,0.020975774634341044,0.0,0.0,0.0,2581.7103495403076,6377172.426293615,415271.6392898587,16712.63186947496,1006084.5210898916,1043641.5572910825
3238.0,242.96571639310443,9.173445911972784,0.02240980287242755,0.0,0.0,0.0,2586.7065091735135,6377172.426293615,416148.1415181162,16295.693418776447,1006084.5210898916,1048178.1531467292
3239.0,242.97142364893523,9.196384285557746,0.023939040877177138,0.0,0.0,0.0,2592.2667252488527,6377172.426293615,417026.6615825745,15870.918521279273,1006084.5210898916,1053284.6240551074
3240.0,242.97714606872256,9.222253835457256,0.02556938277072973,0.0,0.0,0.0,2597.9960495532573,6377172.426293615,417907.3487454634,15445.45398017216,1006084.5210898916,1058558.7257377305
3241.0,242.9828848587067,9.24907471072581,0.02729910374977114,0.0,0.0,0.0,2604.4205276962625,6377172.426293615,418790.3758598491,15023.049363515018,1006084.5210898916,1064522.5813830069
3242.0,242.9886410707099,9.278329739733786,0.029132501805086117,0.0,0.0,0.0,2611.0985617645147,6377172.426293615,419675.9290607879,14614.671823349528,1006084.5210898916,1070723.4397904854
3243.0,242.99441540968508,9.3074196328755,0.031093811972337522,0.0,0.0,0.0,2618.396265837853,6377172.426293615,420564.1706550611,14239.977919689036,1006084.5210898916,1077507.5961732117
3244.0,243.0002091820799,9.340879698932646,0.03324228179761146,0.0,0.0,0.0,2625.7259787426506,6377172.426293615,421455.20942401694,13911.546708381422,1006084.5210898916,1084274.701520361
3245.0,243.0060247926265,9.37770965519536,0.03567319215404916,0.0,0.0,0.0,2634.0157839268772,6377172.426293615,422208.6722677854,13637.9658935718,1006084.5210898916,1092084.6246756287
3246.0,243.01186254761703,9.41215557767832,0.03850543856658702,0.0,0.0,0.0,2642.519176284388,6377172.426293615,422303.0527991641,13418.085287702812,1006084.5210898916,1100713.517107629
3247.0,243.01772271928348,9.449861761706345,0.041840352919332115,0.0,0.0,0.0,2650.3931151306238,6377172.426293615,422250.0631226922,13243.946881609692,1006084.5210898916,1108814.5840364306
3248.0,243.02360690646125,9.489453823670836,0.045714286845592325,0.0,0.0,0.0,2659.1030537356187,6377172.426293615,422196.86996861594,13105.204337367724,1006084.5210898916,1117716.4583397435
3249.0,243.02951722782066,9.5339793294076,0.05006358274887855,0.0,0.0,0.0,2668.3322977995444,6377172.426293615,422143.45882420265,13002.451990172116,1006084.5210898916,1127101.8658952783
3250.0,243.0354589772952,9.590610869363427,0.054723412167642795,0.0,0.0,0.0,2678.8143998782357,6377172.426293615,422089.8104581467,12936.429637585405,1006084.5210898916,1137703.6386926118
3251.0,243.041439868891,9.659965292113288,0.05946678805419299,0.0,0.0,0.0,2692.2867774064325,6377172.426293615,422035.8768170738,12906.750665635544,1006084.5210898916,1151259.6288338318
3252.0,243.04746150593908,9.721757441823144,0.06405838510564844,0.0,0.0,0.0,2708.9520038290516,6377172.426293615,421981.5878804557,12915.412645536851,1006084.5210898916,1167970.4822131677
3253.0,243.05352199679214,9.78502325716131,0.06830387879680708,0.0,0.0,0.0,2723.9274472840348,6377172.426293615,421926.92909475375,12955.349796326303,1006084.5210898916,1182960.6473030634
3254.0,243.05962789985074,9.86792479947654,0.07208731700589391,0.0,0.0,0.0,2739.390584562491,6377172.426293615,421871.9176305719,13026.807997325765,1006084.5210898916,1198407.3378447015
3255.0,243.06578281388178,9.9427738939537,0.07539765121397835,0.0,0.0,0.0,2759.8358854824287,6377172.426293615,421816.49395688786,13135.005322842931,1006084.5210898916,1218799.8651128062
3256.0,243.0719902958291,10.037124100178556,0.07833621910870414,0.0,0.0,0.0,2778.4864097668155,6377172.426293615,421760.6254074632,13281.863693260117,1006084.5210898916,1237359.3995762009
3257.0,243.07824766426018,10.103342521611266,0.08108183390404629,0.0,0.0,0.0,2802.210650005608,6377172.426293615,421704.2796956912,13467.619488132388,1006084.5210898916,1260954.2297318927
3258.0,243.08455244156494,10.189718093682217,0.08380872814782098,0.0,0.0,0.0,2819.0742073754714,6377172.426293615,421647.4811611065,13695.17936082704,1006084.5210898916,1277647.0257636465
3259.0,243.09090762268147,10.265576262475488,0.08658840259307325,0.0,0.0,0.0,2841.2276481496738,6377172.426293615,421590.2522931347,13966.727950215582,1006084.5210898916,1299586.1468164322
3260.0,243.0973120580816,10.34825187116602,0.0893371005243297,0.0,0.0,0.0,2860.9094952449873,6377172.426293615,421532.56590653065,14284.49069430005,1006084.5210898916,1319007.9175542654
3261.0,243.10377698111895,10.460266610758058,0.09185219271088531,0.0,0.0,0.0,2882.55347566603,6377172.426293615,421474.43243563536,14655.330944643463,1006084.5210898916,1340339.1911958596
3262.0,243.1103087492146,10.563404723328562,0.09391965165516211,0.0,0.0,0.0,2911.576498645459,6377172.426293615,420893.27235581435,15085.44074172702,1006084.5210898916,1369513.2644580265
3263.0,243.11690161343935,10.656915499647242,0.09542651652885326,0.0,0.0,0.0,2938.238918136839,6377172.426293615,419953.23522538505,15547.982986762254,1006084.5210898916,1396653.1788348
3264.0,243.1235522533069,10.74936602919045,0.0964134307963788,0.0,0.0,0.0,2962.592447105141,6377172.426293615,418995.7336026339,16022.288453892386,1006084.5210898916,1421489.9039587234
3265.0,243.1302626968759,10.849404477432175,0.09705102258740858,0.0,0.0,0.0,2986.879893829615,6377172.426293615,418029.8410484423,16505.321771248695,1006084.5210898916,1446260.2099200322
3266.0,243.13703574520287,10.950870711691184,0.09757123981592115,0.0,0.0,0.0,3013.440476874092,6377172.426293615,417055.26302171056,16996.122645519907,1006084.5210898916,1473304.5701169702
3267.0,243.1438689994744,11.043188146991548,0.09819866505184734,0.0,0.0,0.0,3040.6398022231774,6377172.426293615,416071.5927165187,17492.86081847366,1006084.5210898916,1500990.8275982938
3268.0,243.15076049101964,11.138317859800653,0.09910363712509872,0.0,0.0,0.0,3065.564175397075,6377172.426293615,415079.1785198063,17995.834091048793,1006084.5210898916,1526404.6416963283
3269.0,243.15771196300057,11.23624597581794,0.10037745201838658,0.0,0.0,0.0,3091.4799740801927,6377172.426293615,414078.3063475958,18501.316142764896,1006084.5210898916,1552815.8304999408
3270.0,243.16472514531446,11.336943674253938,0.10203166108117703,0.0,0.0,0.0,3118.3997609991543,6377172.426293615,413068.723035193,19005.93414710487,1006084.5210898916,1580240.582726965
3271.0,243.1718017459914,11.440369392594762,0.10400995092850657,0.0,0.0,0.0,3146.3440849918675,6377172.426293615,412050.1773443885,19518.087219840305,1006084.5210898916,1608691.299337747
3272.0,243.17894344671998,11.546479908517307,0.10622037411078361,0.0,0.0,0.0,3175.322307098983,6377172.426293615,411022.4212128006,20038.34308144698,1006084.5210898916,1638177.0217148438
3273.0,243.18615189385176,11.65520470558937,0.10856058036263147,0.0,0.0,0.0,3205.326828206148,6377172.426293615,409985.2104037039,20550.651043436446,1006084.5210898916,1668706.4456691162
3274.0,243.1934286891615,11.76647082192427,0.11095004772127995,0.0,0.0,0.0,3392.987028236108,6377172.426293615,408938.30581248534,177683.80981008624,1006084.5210898916,1700280.391523645
3275.0,243.200775383196,11.880186333082154,0.11334370455336878,0.0,0.0,0.0,3425.0675654245865,6377172.426293615,407881.4748085464,178202.85531347888,1006084.5210898916,1732898.7142126695
3276.0,243.20819346411997,11.996242375257564,0.1157438367405759,0.0,0.0,0.0,3458.175835693705,6377172.426293615,406814.4922012787,178721.51156924508,1006084.5210898916,1766555.3108332895
3277.0,243.21568434804826,12.114515907028334,0.11820899097101921,0.0,0.0,0.0,3492.2764165465646,6377172.426293615,405737.1418600248,179216.3466734484,1006084.5210898916,1801238.4069232
3278.0,243.22324936968542,12.234867936051446,0.12085732965371838,0.0,0.0,0.0,3527.3284697386875,6377172.426293615,404649.21811813634,179663.64267518726,1006084.5210898916,1836931.087855472
3279.0,243.2308897720794,12.357142441420606,0.12385072986050832,0.0,0.0,0.0,3563.2920072630704,6377172.426293615,403550.5271324327,180046.47924127747,1006084.5210898916,1873610.4797994688
3280.0,243.23860669473368,12.481162167490384,0.12734840759968302,0.0,0.0,0.0,3600.1290154563208,6377172.426293615,402440.8883712959,180356.50021749403,1006084.5210898916,1911247.1057776392
3281.0,243.2464011635905,12.606738852514974,0.13143339763207756,0.0,0.0,0.0,3637.8059558219015,6377172.426293615,401320.1363411888,180598.06121462391,1006084.5210898916,1949803.2371761969
3282.0,243.25427408022887,12.733660473131232,0.13603432998795795,0.0,0.0,0.0,3676.277532623617,6377172.426293615,400188.1220414209,180769.17365077545,1006084.5210898916,1989235.715841529
3283.0,243.26222714685196,12.864716005276057,0.14088257227087672,0.0,0.0,0.0,3715.483851052692,6377172.426293615,399044.714532933,180862.9757001297,1006084.5210898916,2029491.639729738
3284.0,243.2702751844107,13.03934152432324,0.14553446843818735,0.0,0.0,0.0,3756.3382111350606,6377172.426293615,397889.6665996165,180882.12840255487,1006084.5210898916,2071481.8950429976
3285.0,243.2784201088127,13.176563749873608,0.14945625300111154,0.0,0.0,0.0,3812.10546436937,6377172.426293615,397027.3685227349,180893.4558822984,1006084.5210898916,2128100.118874445
3286.0,243.2866603607292,13.346170288753646,0.15213596850649458,0.0,0.0,0.0,3857.303202266539,6377172.426293615,397192.0968757405,180899.7722521811,1006084.5210898916,2173126.812048726
3287.0,243.29500400420608,13.509348097397613,0.15318858897069856,0.0,0.0,0.0,3914.0585262100594,6377172.426293615,397640.88064670167,180902.00547195724,1006084.5210898916,2229431.119001509
3288.0,243.30344933216776,13.673460106309715,0.15243524736629113,0.0,0.0,0.0,3969.3632876905704,6377172.426293615,398095.2953686117,180902.51140990984,1006084.5210898916,2284280.9598221574
3289.0,243.31199383320853,13.828554503617076,0.149949999276586,0.0,0.0,0.0,4025.660180331058,6377172.426293615,398555.24807006406,180903.3074689128,1006084.5210898916,2340117.10370219
3290.0,243.32063493032348,13.984371958261208,0.1460830450844942,0.0,0.0,0.0,4079.519588551148,6377172.426293615,399020.6019739147,180909.64437658456,1006084.5210898916,2393504.821110757
3291.0,243.32937124126371,14.1350173389045,0.14143844743036318,0.0,0.0,0.0,4134.2482559823975,6377172.426293615,399491.2167303289,180924.71861623003,1006084.5210898916,2447747.799545947
3292.0,243.3381933578567,14.260552896571228,0.13677862546411615,0.0,0.0,0.0,4187.782925231281,6377172.426293615,399967.0170587388,180963.25606288755,1006084.5210898916,2500768.131019763
3293.0,243.34709166632564,14.380254606247084,0.13284789978818604,0.0,0.0,0.0,4232.930532753353,6377172.426293615,400367.99295085465,181093.1218872234,1006084.5210898916,2545384.8968253834
3294.0,243.35606347493993,14.497126344426082,0.13014683590428405,0.0,0.0,0.0,4275.25239656222,6377172.426293615,399558.3776130088,181313.82716392697,1006084.5210898916,2588295.6706953933
3295.0,243.36510693309808,14.610871560051027,0.12873976750112015,0.0,0.0,0.0,4316.511952849313,6377172.426293615,398255.374697382,181634.0393088309,1006084.5210898916,2630538.0177532095
3296.0,243.37422142046216,14.725746628935845,0.12819136752615834,0.0,0.0,0.0,4357.014685780676,6377172.426293615,396941.9659016748,182009.56446546037,1006084.5210898916,2671978.634323649
3297.0,243.3834171726942,14.87243716528084,0.1276838395654331,0.0,0.0,0.0,4398.269687681319,6377172.426293615,395618.2413194427,182407.32037528837,1006084.5210898916,2714159.6048966968
3298.0,243.39270590798165,15.02502932971983,0.12628134044030626,0.0,0.0,0.0,4451.685481126024,6377172.426293615,394282.7143945108,182815.1046486033,1006084.5210898916,2768503.1409930172
3299.0,243.40208128540252,15.151310467266066,0.12322436437626005,0.0,0.0,0.0,4507.849547790547,6377172.426293615,392933.683259056,183226.72356905707,1006084.5210898916,2825604.619872542
3300.0,243.41153953898845,15.291781184758586,0.11814409290813388,0.0,0.0,0.0,4554.554818377133,6377172.426293615,391572.0688243682,183597.18871090133,1006084.5210898916,2873301.039751972
3301.0,243.42107773846806,15.408630716224687,0.11111157183463634,0.0,0.0,0.0,4607.156585083614,6377172.426293615,390388.8019914985,183857.3929465083,1006084.5210898916,2926825.869055716
3302.0,243.4306820947349,15.504718712722273,0.10255149004713485,0.0,0.0,0.0,4652.004049426885,6377172.426293615,390215.64429462166,183977.4389398091,1006084.5210898916,2971726.445102563
3303.0,243.4403475832236,15.605395776049376,0.09308148319378177,0.0,0.0,0.0,4688.967911694137,6377172.426293615,390041.28557894344,183936.81129724305,1006084.5210898916,3008905.2937280587
3304.0,243.45007078564547,15.6904813951957,0.08334977871085425,0.0,0.0,0.0,4727.764945579819,6377172.426293615,389865.81706106744,183706.89313729524,1006084.5210898916,3048107.7142915647
3305.0,243.45983988532402,15.753124358194352,0.07390455671389845,0.0,0.0,0.0,4760.445992823604,6377172.426293615,389689.3007970454,183235.3228189703,1006084.5210898916,3081436.848117696
3306.0,243.4696448721448,15.805990622183966,0.06510683021623154,0.0,0.0,0.0,4784.266629758489,6377172.426293615,389511.9513083378,182579.42406275644,1006084.5210898916,3106090.7332975036
3307.0,243.47948295037426,15.85963501335712,0.05709698780651311,0.0,0.0,0.0,4804.185377772959,6377172.426293615,389333.9503198468,181793.59223729427,1006084.5210898916,3126973.3141259262
3308.0,243.48935310757273,15.90924255819434,0.04982020829629579,0.0,0.0,0.0,4824.481991995824,6377172.426293615,389155.3485856784,181007.3459848952,1006084.5210898916,3148234.7763353586
3309.0,243.49925334292652,15.956446970407177,0.043105709613581844,0.0,0.0,0.0,4843.257246601912,6377172.426293615,388976.1644857915,180236.1793530791,1006084.5210898916,3167960.3816731498
3310.0,243.5091791884388,15.99167346297524,0.036767211009292554,0.0,0.0,0.0,4863.246436822957,6377172.426293615,390847.9553670349,179526.33908714686,1006084.5210898916,3186787.6212788825
3311.0,243.51912487004876,16.020293021424006,0.03068387746428524,0.0,0.0,0.0,4878.803040646184,6377172.426293615,392920.1987028442,178924.44764195743,1006084.5210898916,3200873.873211491
3312.0,243.52908737755763,16.045830647185927,0.024832113991041467,0.0,0.0,0.0,4891.872825795116,6377172.426293615,394996.5832698717,178450.68438342365,1006084.5210898916,3212341.037051929
3313.0,243.5390631611392,16.063024451208058,0.01927324745223962,0.0,0.0,0.0,4903.849797422723,6377172.426293615,397076.4806214568,178098.1397876945,1006084.5210898916,3222590.65592368
3314.0,243.5490479348411,16.074766967572685,0.01411921002963209,0.0,0.0,0.0,4912.640162358351,6377172.426293615,399159.1496516068,177895.84396307645,1006084.5210898916,3229500.6476537767
3315.0,243.5590381425332,16.080514726837784,0.009488138970041159,0.0,0.0,0.0,4919.375246890321,6377172.426293615,401243.69557142217,177822.9476447276,1006084.5210898916,3234224.08258428
3316.0,243.56903046467662,16.081572709723993,0.005469883997823866,0.0,0.0,0.0,4923.7689092669025,6377172.426293615,403329.3759588256,177817.63141319324,1006084.5210898916,3236537.380804992
3317.0,243.57902256890785,16.079813337259385,0.0021035721223626653,0.0,0.0,0.0,4924.99131697882,6377172.426293615,404110.0404585959,177833.4785813872,1006084.5210898916,3236963.276848945
3318.0,243.58901310070667,16.076511553002113,-0.0006311537085158555,0.0,0.0,0.0,4924.965568433942,6377172.426293615,404744.93325546576,177881.0655497239,1006084.5210898916,3236255.0485388613
3319.0,243.59900121210714,16.072022849441176,-0.0028050568907407518,0.0,0.0,0.0,4924.375682618949,6377172.426293615,405379.72614084714,177985.29766328103,1006084.5210898916,3234926.1377249295
3320.0,243.60898617354061,16.066372817229098,-0.004518257199274919,0.0,0.0,0.0,4922.016674741979,6377172.426293615,404658.27562240337,178153.92783279112,1006084.5210898916,3233119.950196893
3321.0,243.61896730382563,16.059691608547794,-0.00587627695647527,0.0,0.0,0.0,4919.065172031164,6377172.426293615,403751.9342689235,178381.53838005295,1006084.5210898916,3230847.178292297
3322.0,243.62894399971296,16.052099910115018,-0.006971706896329104,0.0,0.0,0.0,4915.77525988184,6377172.426293615,402845.9406712459,178684.1597455862,1006084.5210898916,3228160.6383751165
3323.0,243.63891573024287,16.043709711880698,-0.007874790308039947,0.0,0.0,0.0,4967.531645333273,6377172.426293615,401940.3495866895,234397.43143207656,1006084.5210898916,3225109.3432246163
3324.0,243.64888203205882,16.034626617105737,-0.008634022115320479,0.0,0.0,0.0,5065.32705331596,6377172.426293615,401035.20921081235,336468.5338136323,1006084.5210898916,3221738.789201624
3325.0,243.65884250416855,16.0249457529997,-0.009281515377961125,0.0,0.0,0.0,5061.168153450827,6377172.426293615,400130.56160278234,336861.2030740001,1006084.5210898916,3218091.8676841534
3326.0,243.6687968029578,16.014756674010698,-0.009840649457117228,0.0,0.0,0.0,5056.770486466151,6377172.426293615,399226.44316092686,337252.3106880606,1006084.5210898916,3214207.211527271
3327.0,243.67874463810128,16.004141345585676,-0.010333104770915001,0.0,0.0,0.0,5052.155431446022,6377172.426293615,398322.8850753289,337626.86809372006,1006084.5210898916,3210121.157187081
3328.0,243.68868576837517,15.99317584437476,-0.010783072811708105,0.0,0.0,0.0,5047.367488690618,6377172.426293615,397419.91369900433,337996.1226534643,1006084.5210898916,3205866.931248258
3329.0,243.6986199977604,15.98192959328354,-0.01121801307765952,0.0,0.0,0.0,5042.442531475732,6377172.426293615,396517.55092799186,338365.12833457015,1006084.5210898916,3201475.3311232785
3330.0,243.70854717169513,15.970466606946731,-0.011664187066997319,0.0,0.0,0.0,5037.408632897917,6377172.426293615,395615.8145550699,338733.8778609883,1006084.5210898916,3196974.419391968
3331.0,243.7184671740129,15.958846453209942,-0.012137531903853593,0.0,0.0,0.0,5032.291630512735,6377172.426293615,394714.7186099151,339102.3654955243,1006084.5210898916,3192390.0253174035
3332.0,243.72837992379877,15.947123027565008,-0.012633355351538785,0.0,0.0,0.0,5027.115514190432,6377172.426293615,393814.2736370313,339470.58692618535,1006084.5210898916,3187746.132537323
3333.0,243.7382851142726,15.934515446764015,-0.013120901440338605,0.0,0.0,0.0,5021.9028113447985,6377172.426293615,392914.48698112,339839.40989878174,1006084.5210898916,3183064.393375005
3334.0,243.7481818505686,15.919911734492732,-0.013549064552723106,0.0,0.0,0.0,5016.35542852794,6377172.426293615,392015.38648881,340222.11379699723,1006084.5210898916,3178033.407152241
3335.0,243.75806920890068,15.904330781768618,-0.013864407940190364,0.0,0.0,0.0,5010.024466104677,6377172.426293615,391117.053387643,340612.04219703714,1006084.5210898916,3172210.849430105
3336.0,243.76794674609093,15.888300621768888,-0.014034208843628049,0.0,0.0,0.0,5003.310242364294,6377172.426293615,390219.57153027866,341001.60110814974,1006084.5210898916,3166004.548635974
3337.0,243.7778145786674,15.87309473542535,-0.014061352714754255,0.0,0.0,0.0,4996.423934613329,6377172.426293615,389322.9811442552,341390.7730692622,1006084.5210898916,3159625.6593099204
3338.0,243.78767330899544,15.859003396857409,-0.013980090615213485,0.0,0.0,0.0,4989.872000598619,6377172.426293615,388427.27165225055,341779.48930323706,1006084.5210898916,3153580.7185532395
3339.0,243.79752394359264,15.847037168437502,-0.013832986328577889,0.0,0.0,0.0,4983.767225200755,6377172.426293615,387532.3883771723,342166.2938995653,1006084.5210898916,3147984.0218341267
3340.0,243.80736723799504,15.835377658640606,-0.013642179767989234,0.0,0.0,0.0,4978.511083891331,6377172.426293615,386638.23995677655,342553.0589725575,1006084.5210898916,3143235.263872105
3341.0,243.81720249346873,15.821162429420566,-0.01339331273906903,0.0,0.0,0.0,4973.370338578159,6377172.426293615,385744.7578105712,342929.3856673528,1006084.5210898916,3138611.6740103434
3342.0,243.8270282808496,15.80490289766751,-0.013042681186469543,0.0,0.0,0.0,4967.182680948286,6377172.426293615,384852.0053630793,343266.9396125413,1006084.5210898916,3132979.2148827743
3343.0,243.83684458261064,15.790631254583882,-0.012542787641436086,0.0,0.0,0.0,4960.097185017054,6377172.426293615,383960.1123404448,343509.6019452262,1006084.5210898916,3126542.9496414913
3344.0,243.8466526825028,15.778503706271962,-0.011870168405514754,0.0,0.0,0.0,4953.590638246531,6377172.426293615,383069.0803336062,343538.0015128261,1006084.5210898916,3120899.0353102074
3345.0,243.85645345818136,15.76705695485637,-0.011040074872182898,0.0,0.0,0.0,4948.747621821828,6377172.426293615,383209.3081557887,343346.75308242464,1006084.5210898916,3116107.039493724
3346.0,243.86624735553912,15.756364592574212,-0.01010280811024326,0.0,0.0,0.0,4944.535301045891,6377172.426293615,383921.0063112885,342942.34702617157,1006084.5210898916,3111587.4266185393
3347.0,243.8760351649505,15.747461803665397,-0.009127110704864291,0.0,0.0,0.0,4940.473282360243,6377172.426293615,384632.20498711383,342387.91813035443,1006084.5210898916,3107368.6381528825
3348.0,243.88581808124556,15.740615216927202,-0.008180192387383935,0.0,0.0,0.0,4937.513192484713,6377172.426293615,385824.71643927746,341745.826012607,1006084.5210898916,3103858.128942937
3349.0,243.8955968809293,15.734211749164093,-0.007312014696414457,0.0,0.0,0.0,4935.631898267241,6377172.426293615,387334.31913663144,341053.2959219545,1006084.5210898916,3101159.762118764
3350.0,243.90537183070433,15.728223592646188,-0.006547753657060781,0.0,0.0,0.0,4933.92353797137,6377172.426293615,388843.2865993218,340358.6316071329,1006084.5210898916,3098637.098675024
3351.0,243.9151431895173,15.722653591526385,-0.005888568997387321,0.0,0.0,0.0,4932.379398830049,6377172.426293615,390351.6599822453,339664.24078131904,1006084.5210898916,3096278.9769765935
3352.0,243.92491121736555,15.717502283116051,-0.005318598797035186,0.0,0.0,0.0,4930.998856965594,6377172.426293615,391859.47924349614,338968.5269644063,1006084.5210898916,3094086.3296677996
3353.0,243.93467617456923,15.712770169187712,-0.0048142973982243705,0.0,0.0,0.0,4929.7822835227435,6377172.426293615,393366.78450327937,338271.78468764084,1006084.5210898916,3092059.1932419324
3354.0,243.94443831992567,15.708451846687687,-0.0043525806508518,0.0,0.0,0.0,4928.728206188366,6377172.426293615,394873.6159316178,337572.46607663174,1006084.5210898916,3090197.6030902243
3355.0,243.9541979124821,15.70455352282778,-0.003915444806793483,0.0,0.0,0.0,4927.821762252183,6377172.426293615,396380.0134635572,336857.94208819704,1006084.5210898916,3088499.285610538
3356.0,243.96395521293516,15.701074299425953,-0.0034908710571872606,0.0,0.0,0.0,4927.077310839184,6377172.426293615,397886.0170726946,336140.2258248503,1006084.5210898916,3086966.5468517467
3357.0,243.97371048130142,15.698012885672826,-0.0030713423453132605,0.0,0.0,0.0,4926.499683071167,6377172.426293615,399391.6669871546,335424.58416275,1006084.5210898916,3085598.9108313713
3358.0,243.98346397670855,15.695367711372148,-0.0026517694834675377,0.0,0.0,0.0,4926.085510840181,6377172.426293615,400897.003330116,334708.2256201103,1006084.5210898916,3084395.7608000636
3359.0,243.99321595396458,15.693126443094874,-0.002227529282144725,0.0,0.0,0.0,4925.833323325056,6377172.426293615,402402.0660875961,333990.35237792676,1006084.5210898916,3083356.383769641
3360.0,244.0029666448071,15.69122715779741,-0.0017931749040196896,0.0,0.0,0.0,4925.743300449908,6377172.426293615,403906.8945790431,333276.0328428004,1006084.5210898916,3082475.851938173
3361.0,244.01271630997377,15.689825120915494,-0.001341779442881838,0.0,0.0,0.0,4925.793547919571,6377172.426293615,405411.5245638988,332567.7281485576,1006084.5210898916,3081729.7741172235
3362.0,244.02246523619687,15.688848734914115,-0.0008651058085152804,0.0,0.0,0.0,4926.030481642402,6377172.426293615,406915.99627662863,331850.8807744035,1006084.5210898916,3081179.0835014796
3363.0,244.03221368441942,15.688286590035998,-0.00035477299176674766,0.0,0.0,0.0,4850.74256627585,6377172.426293615,408420.35396291007,255442.0825524101,1006084.5210898916,3080795.6086706384
3364.0,244.04196191184457,15.688138058676072,0.0001956038159728416,0.0,0.0,0.0,4770.424566612329,6377172.426293615,409924.63788888033,173840.57009460687,1006084.5210898916,3080574.8375389497
3365.0,244.05171025300814,15.688652677692495,0.0007873344287725291,0.0,0.0,0.0,4771.182647372456,6377172.426293615,411428.8877435807,173152.7323928632,1006084.5210898916,3080516.5061461204
3366.0,244.06145912666443,15.68985198238399,0.001414114913009922,0.0,0.0,0.0,4772.257479538967,6377172.426293615,412933.15514927014,172521.19307100002,1006084.5210898916,3080718.6102288053
3367.0,244.07120895154304,15.691714357935457,0.0020610792805902515,0.0,0.0,0.0,4773.706491998134,6377172.426293615,414437.50472396176,171994.83252496432,1006084.5210898916,3081189.633659317
3368.0,244.08096021534757,15.694483424387965,0.0027077338561896235,0.0,0.0,0.0,4775.533359229868,6377172.426293615,415942.00108185445,171585.68944726262,1006084.5210898916,3081921.147610859
3369.0,244.09071355449666,15.698394227986483,0.003334766720381271,0.0,0.0,0.0,4777.831301981539,6377172.426293615,417446.71948053257,171291.10436756312,1006084.5210898916,3083008.957043551
3370.0,244.10046946296532,15.702753241966247,0.0039327792611144234,0.0,0.0,0.0,4780.705920184225,6377172.426293615,418951.7581258172,171124.02363428904,1006084.5210898916,3084545.6173342266
3371.0,244.11022836324335,15.708023904900672,0.0045082261345475395,0.0,0.0,0.0,4783.869937303877,6377172.426293615,420457.1932430409,171069.3801938956,1006084.5210898916,3086258.842777049
3372.0,244.11999044138273,15.712981760711092,0.005081575045533593,0.0,0.0,0.0,4787.135921804192,6377172.426293615,421667.7181185416,171052.67326260553,1006084.5210898916,3088331.0093331523
3373.0,244.12975547394905,15.717533259857072,0.005676175391089876,0.0,0.0,0.0,4788.93155322207,6377172.426293615,421520.8646011464,171045.33735686907,1006084.5210898916,3090280.830174163
3374.0,244.1395234622106,15.722495197886134,0.006302482161454406,0.0,0.0,0.0,4790.276911389968,6377172.426293615,421077.6754665713,171043.3336485383,1006084.5210898916,3092071.3811849663
3375.0,244.1492950543999,15.729133149891052,0.006946090892446805,0.0,0.0,0.0,4791.785758721108,6377172.426293615,420634.3521868191,171042.89654185608,1006084.5210898916,3094023.988902542
3376.0,244.15907155610572,15.738297360624536,0.007567676341478235,0.0,0.0,0.0,4793.951659536542,6377172.426293615,420190.8653416526,171039.17248015193,1006084.5210898916,3096637.100624846
3377.0,244.1688535336333,15.746758067841007,0.008116132725518406,0.0,0.0,0.0,4797.102708267982,6377172.426293615,419747.15567650273,171024.51367091897,1006084.5210898916,3100246.517830669
3378.0,244.1786412937669,15.756909719012368,0.008549176008772337,0.0,0.0,0.0,4799.9579884740615,6377172.426293615,419303.1974894266,170989.55040096812,1006084.5210898916,3103580.719493776
3379.0,244.18843525476376,15.766716662379194,0.00885150227426921,0.0,0.0,0.0,4803.460380673115,6377172.426293615,418946.5046292462,170845.7004386511,1006084.5210898916,3107583.654515326
3380.0,244.1982352738225,15.776408681539063,0.009042805143934112,0.0,0.0,0.0,4808.164514425617,6377172.426293615,420037.3605285841,170589.51639881823,1006084.5210898916,3111453.116408324
3381.0,244.20804111637122,15.785460613254635,0.009173218430153887,0.0,0.0,0.0,4813.143778150992,6377172.426293615,421549.60235494294,170230.05589168653,1006084.5210898916,3115279.598814472
3382.0,244.21785234033368,15.793729730233506,0.009308773785842607,0.0,0.0,0.0,4817.814784467962,6377172.426293615,423062.7428045738,169812.0270620013,1006084.5210898916,3118855.493511496
3383.0,244.22766876592817,15.802203002267586,0.009512480306633979,0.0,0.0,0.0,4822.165647542152,6377172.426293615,424576.71366064105,169380.47668445666,1006084.5210898916,3122123.936107163
3384.0,244.23749075908708,15.811649938434996,0.009826871291903667,0.0,0.0,0.0,4826.578410393933,6377172.426293615,426091.48718101793,168927.55368785854,1006084.5210898916,3125474.848435165
3385.0,244.2473184656859,15.82059273712211,0.010261502358412895,0.0,0.0,0.0,4831.368906574531,6377172.426293615,427607.1198327616,168464.33245654547,1006084.5210898916,3129212.933195333
3386.0,244.25715212722932,15.830816999381742,0.010787021279656191,0.0,0.0,0.0,4835.949218585436,6377172.426293615,429123.6341259379,167987.4705931135,1006084.5210898916,3132753.592776493
3387.0,244.2669924516922,15.842038542860577,0.011337732629237856,0.0,0.0,0.0,4841.055345426466,6377172.426293615,430641.0673271469,167525.69093010924,1006084.5210898916,3136804.066079319
3388.0,244.27684023573525,15.854827000771204,0.01182387796888243,0.0,0.0,0.0,4846.595726384429,6377172.426293615,432159.5286840659,167099.03927285044,1006084.5210898916,3141252.6373376218
3389.0,244.28669616065173,15.868241409356248,0.012153767291133134,0.0,0.0,0.0,4852.8403137632795,6377172.426293615,433679.1411294702,166750.42581311817,1006084.5210898916,3146326.225730799
3390.0,244.2965609463397,15.883346988793315,0.012261083325261974,0.0,0.0,0.0,4859.436348028495,6377172.426293615,435200.0097937889,166499.2689830234,1006084.5210898916,3151652.548161791
3391.0,244.3064351433073,15.898533306984756,0.012126891464530597,0.0,0.0,0.0,4866.827723274534,6377172.426293615,436722.24576455937,166365.19764358454,1006084.5210898916,3157655.758776498
3392.0,244.3163177527641,15.910424099340096,0.01178701139615148,0.0,0.0,0.0,4874.348427874365,6377172.426293615,438245.9339907447,166321.15862584356,1006084.5210898916,3163696.814167886
3393.0,244.32620703963977,15.92002578163655,0.011318964307650215,0.0,0.0,0.0,4880.5916099355745,6377172.426293615,439770.92034888925,166305.21576785803,1006084.5210898916,3168430.952728935
3394.0,244.33610255634588,15.930475930012893,0.010815144653287891,0.0,0.0,0.0,4885.940171886959,6377172.426293615,441296.9371001469,166302.4139039156,1006084.5210898916,3172256.299793005
3395.0,244.3460043717587,15.940299302982384,0.010354476126933737,0.0,0.0,0.0,4890.318929628074,6377172.426293615,441507.63974692073,166304.46704083093,1006084.5210898916,3176422.301750431
3396.0,244.3559120223673,15.949257557895091,0.00998414759216494,0.0,0.0,0.0,4893.520784181548,6377172.426293615,440790.1274686599,166305.20624526966,1006084.5210898916,3180340.9293777277
3397.0,244.36582536050133,15.958605627274917,0.009716064684832607,0.0,0.0,0.0,4896.379291904328,6377172.426293615,440070.6684284048,166307.54248645483,1006084.5210898916,3183916.559899578
3398.0,244.37574437091936,15.967514825063112,0.00953492757393117,0.0,0.0,0.0,4899.4048075033925,6377172.426293615,439350.7963798851,166319.565721974,1006084.5210898916,3187649.9243116416
3399.0,244.38566922823327,15.977424914046567,0.009411176711521339,0.0,0.0,0.0,4902.335150956484,6377172.426293615,438630.5124298784,166410.06618482596,1006084.5210898916,3191210.0512518883
3400.0,244.3956002418734,15.98733006922872,0.009312794824857194,0.0,0.0,0.0,4904.873302859969,6377172.426293615,436962.628214652,166653.68362356722,1006084.5210898916,3195172.469931858
3401.0,244.40553698445046,15.99586452869236,0.00921197899734177,0.0,0.0,0.0,4906.7909479002155,6377172.426293615,434528.7281249189,167042.32614951237,1006084.5210898916,3199135.3725358928
3402.0,244.41547947847968,16.005842153255774,0.009086708528394482,0.0,0.0,0.0,4908.279499503034,6377172.426293615,432093.4239831341,167549.7041533147,1006084.5210898916,3202551.8502766923
3403.0,244.42542760932733,16.014007643417212,0.008919735879034062,0.0,0.0,0.0,4910.456771280995,6377172.426293615,429656.71027124766,168167.17844947233,1006084.5210898916,3206548.361470383
3404.0,244.43538112519533,16.023174810679784,0.008698993642316095,0.0,0.0,0.0,4912.001333164922,6377172.426293615,427218.6150837772,168877.31570273257,1006084.5210898916,3209820.8812885205
3405.0,244.44534056719786,16.03308197401752,0.008420903654188544,0.0,0.0,0.0,4914.748578638027,6377172.426293615,425569.2367302321,169597.98436932525,1006084.5210898916,3213496.836448578
3406.0,244.45530571577876,16.04154246032597,0.008094623181967343,0.0,0.0,0.0,4918.43385748925,6377172.426293615,424657.8443653896,170219.6031065832,1006084.5210898916,3217471.888927385
3407.0,244.4652757709653,16.048874767458543,0.00774307878910862,0.0,0.0,0.0,4921.388405783756,6377172.426293615,423753.3014372456,170682.14722452773,1006084.5210898916,3220868.4360320903
3408.0,244.47525018679247,16.055577967118385,0.007397978492201664,0.0,0.0,0.0,4923.708557773367,6377172.426293615,422848.31313336093,170962.20988787292,1006084.5210898916,3223813.5136622414
3409.0,244.4852287246417,16.062142237479467,0.00709032283358429,0.0,0.0,0.0,4768.565705712356,6377172.426293615,421942.9290113293,14031.172598746214,1006084.5210898916,3226507.0830123895
3410.0,244.49521131865413,16.068633458500013,0.0068416698263089855,0.0,0.0,0.0,4770.234251757007,6377172.426293615,421037.17073071015,13966.643930716258,1006084.5210898916,3229145.916005689
3411.0,244.50519792089221,16.075043433160435,0.006660321687589018,0.0,0.0,0.0,4771.713181784737,6377172.426293615,420131.04426955426,13741.17250109845,1006084.5210898916,3231756.443924193
3412.0,244.5151884856289,16.08138747351086,0.0065431039452165645,0.0,0.0,0.0,4774.039803247094,6377172.426293615,420217.32032627217,13402.629192096729,1006084.5210898916,3234335.332638834
3413.0,244.52518298844677,16.08771885632849,0.006480570712204183,0.0,0.0,0.0,4777.415500554455,6377172.426293615,421396.2252858501,13046.047072046184,1006084.5210898916,3236888.707106668
3414.0,244.53518142767237,16.094057510298438,0.0064620670981514455,0.0,0.0,0.0,4780.778373359367,6377172.426293615,422575.5949462309,12680.265721521975,1006084.5210898916,3239437.9916017232
3415.0,244.5451838146227,16.100425318959704,0.006478765825720944,0.0,0.0,0.0,4784.143376172686,6377172.426293615,423755.4291099401,12312.216992989286,1006084.5210898916,3241991.208979865
3416.0,244.55519017350167,16.106841877586593,0.006524768790504073,0.0,0.0,0.0,4787.5211671349125,6377172.426293615,424935.7291124068,11943.73429614441,1006084.5210898916,3244557.1826364696
3417.0,244.56520054113628,16.113328220627967,0.00659672259092138,0.0,0.0,0.0,4790.917475911169,6377172.426293615,426116.4978097368,11572.629677078943,1006084.5210898916,3247143.8273344617
3418.0,244.57521497254405,16.119921862919064,0.006693740117962409,0.0,0.0,0.0,4794.342965682454,6377172.426293615,427297.7395475862,11201.05396834528,1006084.5210898916,3249759.6510766307
3419.0,244.58523354403704,16.126653830129875,0.006817783703925768,0.0,0.0,0.0,4797.804510126507,6377172.426293615,428479.4608181182,10820.70209404901,1006084.5210898916,3252419.8261244483
3420.0,244.59525633856393,16.133514457663093,0.006974118394489402,0.0,0.0,0.0,4801.311392213856,6377172.426293615,429661.6706262988,10428.269945377087,1006084.5210898916,3255136.930552289
3421.0,244.6052834416438,16.14052168346293,0.007171875997628629,0.0,0.0,0.0,4804.87170111318,6377172.426293615,430844.37876022304,10035.670196340758,1006084.5210898916,3257907.1310667247
3422.0,244.61531494929682,16.147691369155787,0.007422828966445315,0.0,0.0,0.0,4808.490918279653,6377172.426293615,432027.5953113012,9641.06021322142,1006084.5210898916,3260737.7416652385
3423.0,244.6253509666521,16.155036971903307,0.007737785316463596,0.0,0.0,0.0,4812.179190201283,6377172.426293615,433211.33161008765,9248.086375347557,1006084.5210898916,3263635.2511259555
3424.0,244.63539160716914,16.16257184751232,0.00812103450651946,0.0,0.0,0.0,4815.939156972292,6377172.426293615,434395.6000620097,8853.846729276562,1006084.5210898916,3266605.189091114
3425.0,244.64543699146054,16.17030566359297,0.008565259923146376,0.0,0.0,0.0,4819.776239995496,6377172.426293615,435580.41405549913,8458.24854669539,1006084.5210898916,3269653.0563034103
3426.0,244.65548752742893,16.17915344716736,0.009049662821899774,0.0,0.0,0.0,4823.698326181119,6377172.426293615,436765.78782306367,8065.144060211351,1006084.5210898916,3272782.8732079524
3427.0,244.6655440159216,16.189464934368594,0.009542805572893085,0.0,0.0,0.0,4828.09623298471,6377172.426293615,437951.7694979584,7694.601768999699,1006084.5210898916,3276365.34062786
3428.0,244.6756070899939,16.200350320599295,0.010009102735877542,0.0,0.0,0.0,4833.135548776991,6377172.426293615,439138.4535816311,7369.639729305673,1006084.5210898916,3280542.9343761625
3429.0,244.68567686703858,16.211039657689454,0.010416276814389318,0.0,0.0,0.0,4838.4966052976715,6377172.426293615,440325.91477577743,7130.243981218259,1006084.5210898916,3284955.9254507846
3430.0,244.6957529575007,16.22067119090429,0.010742316374071784,0.0,0.0,0.0,4843.868521960217,6377172.426293615,441514.166932963,6977.510198607576,1006084.5210898916,3289292.3237387547
3431.0,244.70583605160078,16.233582127107113,0.010982068233913114,0.0,0.0,0.0,4848.9015087769285,6377172.426293615,442703.1640849788,6911.776575940185,1006084.5210898916,3293202.047026118
3432.0,244.71592706779015,16.24616986133891,0.01115210383920104,0.0,0.0,0.0,4855.3130799223,6377172.426293615,443892.98767911614,6888.951645258522,1006084.5210898916,3298446.619508034
3433.0,244.72602548673476,16.257409227281688,0.011290155497738976,0.0,0.0,0.0,4861.144518488219,6377172.426293615,444618.659754023,6877.41664784215,1006084.5210898916,3303563.920996462
3434.0,244.73613052860307,16.267486933392075,0.011444380320897153,0.0,0.0,0.0,4866.0797401498985,6377172.426293615,444985.31573983707,6873.482134618829,1006084.5210898916,3308136.421185551
3435.0,244.7462418825967,16.277725938909125,0.011652797233989499,0.0,0.0,0.0,4870.546287472284,6377172.426293615,445352.21219246375,6870.540870984448,1006084.5210898916,3312239.0133189447
3436.0,244.7563597079777,16.288316258427685,0.011921548732630525,0.0,0.0,0.0,4875.0813301614135,6377172.426293615,445719.3378273569,6867.597770086684,1006084.5210898916,3316409.8734740783
3437.0,244.76648460919043,16.30050077689789,0.012214765692105157,0.0,0.0,0.0,4879.764378975095,6377172.426293615,446086.69842704193,6866.557036250294,1006084.5210898916,3320726.6024219105
3438.0,244.77661765210496,16.31452179123356,0.012464427802773926,0.0,0.0,0.0,4885.104530695291,6377172.426293615,446454.3159378399,6869.076220264898,1006084.5210898916,3325696.617447295
3439.0,244.7867595187276,16.3289014696488,0.012597391988718933,0.0,0.0,0.0,4891.199106266334,6377172.426293615,446822.2290596369,6872.025634133485,1006084.5210898916,3331420.3304826715
3440.0,244.79691037311042,16.34345051532799,0.012566436251636613,0.0,0.0,0.0,4897.44553164877,6377172.426293615,447190.4625548899,6874.977616309273,1006084.5210898916,3337295.5703876787
3441.0,244.8070700647533,16.35734578180498,0.012369454881945009,0.0,0.0,0.0,4903.763336307111,6377172.426293615,447559.02238004806,6874.514590080398,1006084.5210898916,3343245.2782470915
3442.0,244.81723753886655,16.3684997969574,0.012047788557067856,0.0,0.0,0.0,4909.816557283723,6377172.426293615,447927.903070712,6871.557419595168,1006084.5210898916,3348932.5757035255
3443.0,244.8274117978269,16.379184033527615,0.011666406712675022,0.0,0.0,0.0,4914.7536068539,6377172.426293615,448297.0663293045,6870.636421420037,1006084.5210898916,3353501.383013284
3444.0,244.83759268016072,16.38981831673015,0.011287701617387116,0.0,0.0,0.0,4919.502317691375,6377172.426293615,448666.4759338663,6870.636421420037,1006084.5210898916,3357880.6842461964
3445.0,244.84778014899229,16.40038386206684,0.010952450014016067,0.0,0.0,0.0,4924.233631475162,6377172.426293615,449036.12602157216,6870.636421420037,1006084.5210898916,3362242.3479422783
3446.0,244.85797424477457,16.411148350378177,0.010674225077939022,0.0,0.0,0.0,4928.939795015779,6377172.426293615,449406.01525352866,6870.636421420037,1006084.5210898916,3366578.622250939
3447.0,244.86817492092953,16.4215639761033,0.010446130314323466,0.0,0.0,0.0,4933.73020855044,6377172.426293615,449776.1450985098,6870.12245947782,1006084.5210898916,3370999.4199025608
3448.0,244.87838199902987,16.43175416395077,0.01025225112427636,0.0,0.0,0.0,4938.381015135849,6377172.426293615,450146.5138653517,6870.273553694947,1006084.5210898916,3375279.7066269107
3449.0,244.88859536821255,16.441812956892605,0.01007702724117333,0.0,0.0,0.0,4942.943022500843,6377172.426293615,450517.1150756691,6871.4081969927365,1006084.5210898916,3379469.97813829
3450.0,244.8988149431266,16.45172842755109,0.0099095161547652,0.0,0.0,0.0,4947.452642552897,6377172.426293615,450887.9447042159,6871.4081969927365,1006084.5210898916,3383608.7685617963
3451.0,244.90904063122778,16.461489349911485,0.009743591374381235,0.0,0.0,0.0,4951.9059954782715,6377172.426293615,451258.9996520529,6871.4081969927365,1006084.5210898916,3387691.0665393346
3452.0,244.91927233389043,16.47108737627161,0.009576351154427534,0.0,0.0,0.0,4956.298345193766,6377172.426293615,451630.2765590545,6871.4081969927365,1006084.5210898916,3391712.1393478275
3453.0,244.92950994751317,16.48051483903428,0.009406568397359783,0.0,0.0,0.0,4960.626132915287,6377172.426293615,452001.7718442972,6871.4081969927365,1006084.5210898916,3395668.431784105
3454.0,244.9397533641088,16.489765289020642,0.00923391205973846,0.0,0.0,0.0,4964.8860741622975,6377172.426293615,452373.48174619704,6871.4081969927365,1006084.5210898916,3399556.6631292165
3455.0,244.95000247258292,16.498835174364704,0.009058644796193551,0.0,0.0,0.0,4969.075758880332,6377172.426293615,452745.4023439248,6871.784953357617,1006084.5210898916,3403374.0504931584
3456.0,244.9602571599667,16.507722014065084,0.008881405616489904,0.0,0.0,0.0,4973.195421478729,6377172.426293615,453117.5296038366,6874.366847126546,1006084.5210898916,3407119.0039378754
3457.0,244.97051731195634,16.516423991987967,0.008703255791313355,0.0,0.0,0.0,4977.239306176014,6377172.426293615,453489.8594242315,6874.550426109972,1006084.5210898916,3410790.3752357806
3458.0,244.98078281406387,16.52494233148655,0.00852561701176487,0.0,0.0,0.0,4981.2098992560805,6377172.426293615,453862.3876549374,6875.699174172818,1006084.5210898916,3414387.291337079
3459.0,244.99105355241704,16.533277791035637,0.008350190386442555,0.0,0.0,0.0,4985.1064690953235,6377172.426293615,454235.110139097,6876.700372348165,1006084.5210898916,3417910.137493986
3460.0,245.0013294145025,16.54143398621137,0.00817926956966269,0.0,0.0,0.0,4988.928354348702,6377172.426293615,454608.02274220577,6876.700372348165,1006084.5210898916,3421359.1101442557
3461.0,245.01161029009805,16.549414675668675,0.008016009101716296,0.0,0.0,0.0,4992.67793478609,6377172.426293615,454981.1213791019,6876.700372348165,1006084.5210898916,3424735.5919447485
3462.0,245.02189607189496,16.557225478423867,0.007864894339367986,0.0,0.0,0.0,4996.35786337042,6377172.426293615,455354.4020478091,6877.910006856929,1006084.5210898916,3428041.0302258627
3463.0,245.0321866562921,16.564872709013077,0.007732087280802904,0.0,0.0,0.0,4999.974199943194,6377172.426293615,455727.8608521322,6884.169259816661,1006084.5210898916,3431277.6487413533
3464.0,245.04248194361296,16.572362684876786,0.007625301129407866,0.0,0.0,0.0,5003.170237124497,6377172.426293615,455738.3617426619,6899.388027568511,1006084.5210898916,3434447.9662643755
3465.0,245.0527818388328,16.579704061258877,0.007552916669757038,0.0,0.0,0.0,5004.621517559328,6377172.426293615,454056.2440426956,6926.242756515697,1006084.5210898916,3437554.509670225
3466.0,245.06308625221283,16.586905196800632,0.0075219228401528435,0.0,0.0,0.0,5006.079915551694,6377172.426293615,452373.3734712294,7021.238234169053,1006084.5210898916,3440600.7827564045
3467.0,245.07339521247852,16.59433903119622,0.0075349051719211324,0.0,0.0,0.0,5007.563694882807,6377172.426293615,450689.76469042146,7199.234849716704,1006084.5210898916,3443590.174252778
3468.0,245.08370869716822,16.601467869818944,0.0075871621083630865,0.0,0.0,0.0,5009.217719228115,6377172.426293615,449005.4130069047,7450.257908220866,1006084.5210898916,3446677.5272230976
3469.0,245.09402655762875,16.608423237281446,0.007666082032777461,0.0,0.0,0.0,5010.781181863449,6377172.426293615,447320.3220906243,7736.827186372474,1006084.5210898916,3449639.511496561
3470.0,245.10434927477948,16.617100001507914,0.007753889482343795,0.0,0.0,0.0,5012.275376484029,6377172.426293615,445634.5162295993,8025.693368734895,1006084.5210898916,3452530.6457958035
3471.0,245.11467723098738,16.625286085703287,0.00783356553712794,0.0,0.0,0.0,5014.486143416377,6377172.426293615,443947.9168477781,8314.695522461554,1006084.5210898916,3456139.009956246
3472.0,245.125010269512,16.633458352637557,0.007895162499631085,0.0,0.0,0.0,5016.467715944383,6377172.426293615,442260.4614713188,8577.688230646321,1006084.5210898916,3459545.0451525254
3473.0,245.13534826834714,16.641251738141133,0.007939483031492424,0.0,0.0,0.0,5018.393912221166,6377172.426293615,440572.1757095945,8790.210849435756,1006084.5210898916,3462947.0045722444
3474.0,245.14569108031864,16.648950298314894,0.007976962823818108,0.0,0.0,0.0,5020.089468896288,6377172.426293615,438883.0794968405,8929.068080649266,1006084.5210898916,3466192.8002289073
3475.0,245.15603886594116,16.657260329111907,0.00802208838565151,0.0,0.0,0.0,5021.674823372159,6377172.426293615,437193.1968794352,8996.509667871584,1006084.5210898916,3469400.5957349613
3476.0,245.166391672393,16.665110741306705,0.008085192576622626,0.0,0.0,0.0,5023.475410469064,6377172.426293615,435502.50163134624,9023.547062775728,1006084.5210898916,3472864.84068505
3477.0,245.17674917820472,16.672386064823243,0.008164587568956338,0.0,0.0,0.0,5025.073015838027,6377172.426293615,433810.9860442383,9038.438709113112,1006084.5210898916,3476139.069994784
3478.0,245.18711137565268,16.68021161689185,0.008241533338079894,0.0,0.0,0.0,5026.421878391266,6377172.426293615,432118.7026420899,9043.834464386387,1006084.5210898916,3479174.8201948977
3479.0,245.1974789681699,16.68975106646733,0.008279908597064086,0.0,0.0,0.0,5027.566250671055,6377172.426293615,429997.2203297924,9042.867705778444,1006084.5210898916,3482441.641545593
3480.0,245.20785231298683,16.698726428871623,0.008230595122120167,0.0,0.0,0.0,5029.191648388454,6377172.426293615,427644.5377738785,9036.576957604108,1006084.5210898916,3486426.012567081
3481.0,245.21823115639825,16.707449282586516,0.008038978521089597,0.0,0.0,0.0,5030.565246799529,6377172.426293615,425290.5498681348,9013.316317610488,1006084.5210898916,3490176.8595238915
3482.0,245.22861528801255,16.71574746178471,0.007653104588763828,0.0,0.0,0.0,5031.734039957106,6377172.426293615,422935.3141850173,8890.090518282495,1006084.5210898916,3493824.1141639147
3483.0,245.23900481636232,16.724819647045464,0.007030713252535325,0.0,0.0,0.0,5033.978868360607,6377172.426293615,422017.5978412568,8581.180347853964,1006084.5210898916,3497295.569081604
3484.0,245.2493996788364,16.732916300972896,0.006143229889844098,0.0,0.0,0.0,5036.751700483938,6377172.426293615,421451.7593500852,8122.626419265389,1006084.5210898916,3501092.793624697
3485.0,245.2597989653212,16.739059122037244,0.0049760162840268695,0.0,0.0,0.0,5038.820534423701,6377172.426293615,420722.77895808895,7529.791538224581,1006084.5210898916,3504483.4428374968
3486.0,245.2702013768811,16.74297491745014,0.003525029135072752,0.0,0.0,0.0,5037.691504673685,6377172.426293615,417771.9361407553,6778.07040627216,1006084.5210898916,3507056.9770367662
3487.0,245.280605956591,16.746037703205705,0.0017927184461567444,0.0,0.0,0.0,5035.0625396468595,6377172.426293615,414372.6952916463,5907.3311864041,1006084.5210898916,3508697.9920789176
3488.0,245.29101186795242,16.7472610776014,-0.000212190931112725,0.0,0.0,0.0,5032.046306257572,6377172.426293615,410972.7459468065,5007.240267711498,1006084.5210898916,3509981.7989531625
3489.0,245.3014179007456,16.746428553224668,-0.002468840688860226,0.0,0.0,0.0,5028.3473664313715,6377172.426293615,407572.3614524595,4195.825859909454,1006084.5210898916,3510494.658029111
3490.0,245.3118225861682,16.742924322757627,-0.004936040770715933,0.0,0.0,0.0,5023.897860083682,6377172.426293615,404171.93727732927,3495.7559493003014,1006084.5210898916,3510145.64576716
3491.0,245.322224106852,16.736242271746093,-0.007550191062185644,0.0,0.0,0.0,5018.4578289375695,6377172.426293615,400771.953388297,2924.567838715538,1006084.5210898916,3508676.786620666
3492.0,245.33262020911715,16.725484167043064,-0.010236656187204173,0.0,0.0,0.0,5011.867546652719,6377172.426293615,397373.0036546004,2533.2812500529867,1006084.5210898916,3505876.7406581743
3493.0,245.3430083475414,16.710609216290514,-0.01293374913142081,0.0,0.0,0.0,5003.74672449489,6377172.426293615,393975.8245209118,2315.364932506178,1006084.5210898916,3501371.0139515805
3494.0,245.353386245546,16.69252353320521,-0.015618247315047375,0.0,0.0,0.0,4993.5400426800325,6377172.426293615,390065.6336877217,2244.052340258434,1006084.5210898916,3495145.835562161
3495.0,245.36375331424094,16.675753133817256,-0.018317398690864656,0.0,0.0,0.0,4980.411381003388,6377172.426293615,384507.7837851408,2234.6516756402443,1006084.5210898916,3487584.4244527156
3496.0,245.3741092164705,16.656582254395925,-0.021099513596467147,0.0,0.0,0.0,4967.863462178453,6377172.426293615,378955.7334845302,2242.9731476682427,1006084.5210898916,3480580.234456363
3497.0,245.38445225854986,16.63436042561846,-0.024047584951842352,0.0,0.0,0.0,4954.339121833426,6377172.426293615,373409.66334854864,2262.8339504837068,1006084.5210898916,3472582.103444502
3498.0,245.39478039462617,16.608604600473086,-0.02723025655253832,0.0,0.0,0.0,4939.584675143147,6377172.426293615,367870.4804246423,2307.0507613175905,1006084.5210898916,3463322.622867295
3499.0,245.40509139802913,16.579215832569727,-0.030683550087480985,0.0,0.0,0.0,4923.45161509932,6377172.426293615,362339.2803627383,2421.764498377598,1006084.5210898916,3452606.0491483123
3500.0,245.41538294957593,16.545995300109176,-0.03440863818006889,0.0,0.0,0.0,4905.902438001149,6377172.426293615,356817.2556489494,2602.508814743298,1006084.5210898916,3440398.152447564
3501.0,245.4256525553132,16.50857929434989,-0.038381679819189364,0.0,0.0,0.0,4886.868133016914,6377172.426293615,351305.6483141697,2853.363997166706,1006084.5210898916,3426624.5996156866
3502.0,245.43589753297735,16.466725413637985,-0.04256797494800483,0.0,0.0,0.0,4866.209283042337,6377172.426293615,345805.79398710956,3174.324676509028,1006084.5210898916,3411144.6432888266
3503.0,245.44611497224062,16.41994199426456,-0.046933625903701016,0.0,0.0,0.0,4843.833411262433,6377172.426293615,340319.1291454209,3559.609734100027,1006084.5210898916,3393870.1512930207
3504.0,245.45630208447125,16.36911240018144,-0.05145167297086923,0.0,0.0,0.0,4819.56087183476,6377172.426293615,334847.21240575536,4016.161388326309,1006084.5210898916,3374612.976950787
3505.0,245.4664561929333,16.31371342444766,-0.056102374162662415,0.0,0.0,0.0,4793.750826749748,6377172.426293615,329391.5372108974,4522.366194130435,1006084.5210898916,3353752.4022548283
3506.0,245.4765743774952,16.253484861355325,-0.060869359421156746,0.0,0.0,0.0,4767.741669507864,6377172.426293615,325510.3023516905,5056.643902619975,1006084.5210898916,3331090.202163662
3507.0,245.48665356722054,16.188201523799624,-0.06573440866808247,0.0,0.0,0.0,4740.789102576995,6377172.426293615,322571.3132243413,5593.752312275752,1006084.5210898916,3306539.515950486
3508.0,245.49669059523953,16.117779820293038,-0.0706737184356727,0.0,0.0,0.0,4711.887896007649,6377172.426293615,319643.6507732433,6128.790740450181,1006084.5210898916,3280030.9334040633
3509.0,245.5066822502614,16.04216036555184,-0.07565719236354869,0.0,0.0,0.0,4681.029856436096,6377172.426293615,316728.2348665573,6661.591078686797,1006084.5210898916,3251555.5094009605
3510.0,245.51662529154106,15.961307740424807,-0.08065115643915002,0.0,0.0,0.0,4648.219072721532,6377172.426293615,313825.99827521876,7191.982860511289,1006084.5210898916,3221116.5704959105
3511.0,245.52651646958122,15.875229193862356,-0.08562208747676323,0.0,0.0,0.0,4613.464011672788,6377172.426293615,310937.8823256798,7712.125970506584,1006084.5210898916,3188729.48228671
3512.0,245.53635265187208,15.7842940221069,-0.09053976485997256,0.0,0.0,0.0,4576.780058383558,6377172.426293615,308064.8308865814,8201.805485407274,1006084.5210898916,3154428.9009216777
3513.0,245.5461308411614,15.688568279644551,-0.0953782941264091,0.0,0.0,0.0,4538.336360093401,6377172.426293615,305207.75384567986,8649.5594766327,1006084.5210898916,3118394.5256811967
3514.0,245.5558480243184,15.587934804180254,-0.10011492649434205,0.0,0.0,0.0,4498.177766765486,6377172.426293615,302367.5218030048,9040.259375664262,1006084.5210898916,3080685.464496926
3515.0,245.56550119836655,15.48254344108144,-0.10472742456495374,0.0,0.0,0.0,4456.286950467923,6377172.426293615,299545.0099707557,9366.981407982716,1006084.5210898916,3041290.4379992927
3516.0,245.57508746491928,15.372580986815777,-0.1091910575393109,0.0,0.0,0.0,4412.775018788034,6377172.426293615,296741.09061168,9644.795348066193,1006084.5210898916,3000304.6117383963
3517.0,245.58460405118777,15.258264903893563,-0.11347629126845789,0.0,0.0,0.0,4367.747771774691,6377172.426293615,293956.605608677,9869.119326645065,1006084.5210898916,2957837.5257494766
3518.0,245.5940483296107,15.139845170398877,-0.1175480259184036,0.0,0.0,0.0,4322.496019675978,6377172.426293615,292356.87271284126,10044.63663138113,1006084.5210898916,2914009.989241863
3519.0,245.60341767621566,15.017083360079877,-0.12136732402633289,0.0,0.0,0.0,4277.3015518182065,6377172.426293615,292099.6937498926,10163.219570348709,1006084.5210898916,2868954.1174080735
3520.0,245.61270952142655,14.89039298325967,-0.12489567229234522,0.0,0.0,0.0,4230.779476092541,6377172.426293615,291844.5552696957,10233.625159022991,1006084.5210898916,2822616.7745739305
3521.0,245.6219216337848,14.760448822000008,-0.1281002733013711,0.0,0.0,0.0,4183.128908300184,6377172.426293615,291591.52724487416,10260.735001522631,1006084.5210898916,2775192.1249638954
3522.0,245.6310521238722,14.627677012478369,-0.1309595050645755,0.0,0.0,0.0,4134.670224284256,6377172.426293615,291340.6704407047,10278.16283018492,1006084.5210898916,2726966.8699234747
3523.0,245.64009943474733,14.492721555115953,-0.13346465536506727,0.0,0.0,0.0,4085.594336717654,6377172.426293615,291092.03630829806,10288.980186641673,1006084.5210898916,2678128.7991328225
3524.0,245.64906221310594,14.355593892132974,-0.135620878260514,0.0,0.0,0.0,4036.16618652656,6377172.426293615,290845.66724502435,10296.256563017118,1006084.5210898916,2628939.7416286273
3525.0,245.65793922314492,14.216660780218657,-0.1374455106819889,0.0,0.0,0.0,3986.411585979093,6377172.426293615,290601.60010297457,10299.52427647356,1006084.5210898916,2579425.940509754
3526.0,245.66672945809327,14.076292643290836,-0.13896630981526586,0.0,0.0,0.0,3936.4867842017056,6377172.426293615,290359.86853453866,10302.108098208191,1006084.5210898916,2529740.2864790675
3527.0,245.67543214062061,13.934857553804068,-0.1402201201195324,0.0,0.0,0.0,3886.5413324971673,6377172.426293615,290120.4999552938,10304.169842782085,1006084.5210898916,2480032.1416092003
3528.0,245.68404672028927,13.792717734168692,-0.14124500013591473,0.0,0.0,0.0,3836.717344559853,6377172.426293615,289883.51553287165,10304.281934659166,1006084.5210898916,2430445.0260024304
3529.0,245.69257286920566,13.650227260009538,-0.14207128422863116,0.0,0.0,0.0,3787.1530690512955,6377172.426293615,289648.93025634537,10304.281934659166,1006084.5210898916,2381115.3357703993
3530.0,245.70101047597532,13.507728897355376,-0.1427154770120383,0.0,0.0,0.0,3737.9771372791556,6377172.426293615,289416.7530546507,10304.281934659166,1006084.5210898916,2332171.5811999543
3531.0,245.7093594392565,13.364912236530586,-0.14318547489178277,0.0,0.0,0.0,3689.3092050795276,6377172.426293615,289186.9869611904,10304.281934659166,1006084.5210898916,2283733.4150937865
3532.0,245.71761856025196,13.218555329078834,-0.1435091873724436,0.0,0.0,0.0,3641.0452093403123,6377172.426293615,288959.6347356206,10303.984187691249,1006084.5210898916,2235697.069327109
3533.0,245.72578747239427,13.074558805148287,-0.14377663182506287,0.0,0.0,0.0,3592.122124646408,6377172.426293615,288734.7290226209,10303.184440424046,1006084.5210898916,2186999.6900934717
3534.0,245.73386487813366,12.924025500077253,-0.1441703379359444,0.0,0.0,0.0,3544.5127263849704,6377172.426293615,288512.27980425884,10304.93267914364,1006084.5210898916,2139610.9928116766
3535.0,245.74185221121024,12.78464372691589,-0.14493948626834943,0.0,0.0,0.0,3495.3100486886265,6377172.426293615,288292.32241436193,10307.203323888429,1006084.5210898916,2090626.0018604845
3536.0,245.7497534923326,12.64705179597702,-0.14630537486037387,0.0,0.0,0.0,3450.243081971513,6377172.426293615,288074.8178104764,10308.140812522466,1006084.5210898916,2045775.6022586224
3537.0,245.7575692655628,12.509421184600656,-0.14832613967050573,0.0,0.0,0.0,3406.230451453601,6377172.426293615,287859.65650391375,10308.140812522466,1006084.5210898916,2001978.1330472731
3538.0,245.7653006078583,12.375295635130833,-0.15079922111211513,0.0,0.0,0.0,3362.6819476053456,6377172.426293615,287646.82367921533,10308.140812522466,1006084.5210898916,1958642.462023716
3539.0,245.77293736292904,12.204975175938609,-0.1532665655911477,0.0,0.0,0.0,3320.695596920624,6377172.426293615,287436.29000954534,10308.140812522466,1006084.5210898916,1916866.645008665
3540.0,245.7804659914055,12.02727072864236,-0.15512617000675125,0.0,0.0,0.0,3268.087285356737,6377172.426293615,287228.3320627937,10308.140812522466,1006084.5210898916,1864466.2913915296
3541.0,245.78789070109724,11.870493861965434,-0.15579289896394818,0.0,0.0,0.0,3213.9837668680852,6377172.426293615,287023.31853213464,10307.641968443835,1006084.5210898916,1810568.285277615
3542.0,245.79521786956732,11.713316749339654,-0.15482659054826442,0.0,0.0,0.0,3166.8854727850157,6377172.426293615,286821.1348338977,10305.82475857451,1006084.5210898916,1763673.9921026516
3543.0,245.80244652077843,11.553398330775105,-0.15199961851530785,0.0,0.0,0.0,3120.288770065233,6377172.426293615,286621.6072994363,10305.021385260665,1006084.5210898916,1717277.6202906442
3544.0,245.80957276211984,11.383692150056223,-0.14732332963417985,0.0,0.0,0.0,3073.521038701188,6377172.426293615,286424.7625074114,10304.998583405231,1006084.5210898916,1670706.7565204797
3545.0,245.81660055074568,11.236510544097984,-0.14106334172253446,0.0,0.0,0.0,3024.6050002823663,6377172.426293615,286230.7064582527,10304.075546550062,1006084.5210898916,1621985.697187672
3546.0,245.82353924353188,11.096921152987717,-0.1337293073654324,0.0,0.0,0.0,2982.7417013101617,6377172.426293615,286039.33139393595,10302.84863716704,1006084.5210898916,1580315.000189167
3547.0,245.83039770536917,10.97827279346352,-0.12599865212463665,0.0,0.0,0.0,2943.532631709015,6377172.426293615,285850.3825155712,10302.84863716704,1006084.5210898916,1541294.8794663849
3548.0,245.83718422773387,10.865371011379304,-0.11856221213978468,0.0,0.0,0.0,2910.562995403552,6377172.426293615,285663.6184216136,10302.84863716704,1006084.5210898916,1508512.00725488
3549.0,245.84390630220105,10.770835634605618,-0.11193394895024633,0.0,0.0,0.0,2879.5103234599524,6377172.426293615,285478.8133252757,10302.84863716704,1006084.5210898916,1477644.140407618
3550.0,245.85057147191276,10.682212813112823,-0.1063161071966977,0.0,0.0,0.0,2853.7263154683747,6377172.426293615,285295.76322203677,10302.84863716704,1006084.5210898916,1452043.1825192792
3551.0,245.85717388979586,10.56885757890671,-0.10158845645188466,0.0,0.0,0.0,2829.747236584411,6377172.426293615,285114.26270314254,10301.892773242627,1006084.5210898916,1428246.560018134
3552.0,245.86370880281396,10.464936254168878,-0.09742097628564758,0.0,0.0,0.0,2799.4137284923213,6377172.426293615,284934.4709913685,10299.273784162286,1006084.5210898916,1398095.4626268994
3553.0,245.8701818730501,10.36980545346136,-0.09344070019059875,0.0,0.0,0.0,2771.8710402066195,6377172.426293615,284756.51751756336,10293.715533848515,1006084.5210898916,1370736.286065316
3554.0,245.87659918546763,10.285469678565857,-0.08935780273718608,0.0,0.0,0.0,2746.9933262190757,6377172.426293615,284696.1822468115,10284.237128627014,1006084.5210898916,1345928.3857537457
3555.0,245.8829623312767,10.195460474268348,-0.08500966000487374,0.0,0.0,0.0,2726.110623950529,6377172.426293615,285630.6323746255,10270.451430303792,1006084.5210898916,1324125.019055708
3556.0,245.8892725159209,10.115004636334,-0.08034481504160063,0.0,0.0,0.0,2704.116051384953,6377172.426293615,286728.04734458035,10252.168798611388,1006084.5210898916,1301051.31415187
3557.0,245.89553444273554,10.040133963360695,-0.07539206061055401,0.0,0.0,0.0,2684.7032103609386,6377172.426293615,287816.3284086139,10204.10077154156,1006084.5210898916,1280598.2600908915
3558.0,245.90174890525515,9.96223225919474,-0.0702509717289536,0.0,0.0,0.0,2666.8139184735555,6377172.426293615,288896.2867237768,10122.515115112625,1006084.5210898916,1261710.595544775
3559.0,245.90791851387883,9.89576362575112,-0.06509225033022895,0.0,0.0,0.0,2648.270582559691,6377172.426293615,289968.05914638465,10010.750194962218,1006084.5210898916,1242207.2521284523
3560.0,245.9140511813974,9.843330662922565,-0.060143396258382324,0.0,0.0,0.0,2632.6760440371563,6377172.426293615,291032.09587688616,9873.044472093028,1006084.5210898916,1225686.3825982856
3561.0,245.92015210186892,9.793580040354271,-0.05563813180671301,0.0,0.0,0.0,2620.621077377779,6377172.426293615,292089.7615885545,9714.66453544223,1006084.5210898916,1212732.1301638908
3562.0,245.92622280566843,9.746072864996275,-0.05175211656180979,0.0,0.0,0.0,2609.2756688785294,6377172.426293615,293141.95207056135,9544.980805767656,1006084.5210898916,1200504.2149123084
3563.0,245.93226466477992,9.700738220034136,-0.04855164239664222,0.0,0.0,0.0,2598.5340083494734,6377172.426293615,294188.9312578381,9375.021051270012,1006084.5210898916,1188885.5349504738
3564.0,245.9382790071864,9.657505396754896,-0.04598437422257047,0.0,0.0,0.0,2588.3721906751543,6377172.426293615,295230.93576853856,9205.86885323544,1006084.5210898916,1177850.8649634884
3565.0,245.94426711723133,9.616304642694496,-0.04391153135380067,0.0,0.0,0.0,2578.765916918878,6377172.426293615,296268.19463220215,9037.487032506466,1006084.5210898916,1167375.7141642778
3566.0,245.95022792773645,9.56963691396364,-0.042158005915313004,0.0,0.0,0.0,2569.6917574525614,6377172.426293615,297300.9293521357,8869.83963168479,1006084.5210898916,1157436.4673788496
3567.0,245.95616212197856,9.53063540924039,-0.04056097683389996,0.0,0.0,0.0,2559.355580984837,6377172.426293615,298328.9558782677,8712.408138925213,1006084.5210898916,1146229.695877753
3568.0,245.96207227634807,9.492260256758398,-0.038996456568163,0.0,0.0,0.0,2550.9117873430996,6377172.426293615,299352.3920513948,8569.165280171037,1006084.5210898916,1136905.7089216425
3569.0,245.96795825062787,9.452807438226388,-0.037385435660996634,0.0,0.0,0.0,2542.669242100895,6377172.426293615,300371.6822066742,8444.410887786373,1006084.5210898916,1127768.6279165435
3570.0,245.97382085823742,9.417050422398608,-0.035685954373089496,0.0,0.0,0.0,2534.2269533802087,6377172.426293615,301386.8021616834,8342.242169650364,1006084.5210898916,1118413.387958983
3571.0,245.97966241924397,9.385065158152663,-0.033885870339159685,0.0,0.0,0.0,2526.714894293868,6377172.426293615,302397.8922021568,8264.306491405465,1006084.5210898916,1109968.1745104145
3572.0,245.98548235355446,9.347441008400136,-0.0319987143094543,0.0,0.0,0.0,2520.141078223597,6377172.426293615,303405.35245669354,8210.29846549787,1006084.5210898916,1102440.906211514
3573.0,245.9912816213701,9.31854632443676,-0.030058812747597974,0.0,0.0,0.0,2512.2921060059703,6377172.426293615,304409.0828799962,8179.113601721706,1006084.5210898916,1093619.3884343612
3574.0,245.9970640826764,9.293346232922644,-0.028112189490900965,0.0,0.0,0.0,2506.284008315768,6377172.426293615,305168.1040161819,8162.707865459414,1006084.5210898916,1086868.6753442355
3575.0,246.00283083243903,9.26797589306933,-0.026203047163632812,0.0,0.0,0.0,2500.872344586608,6377172.426293615,305640.29840666417,8149.326731213107,1006084.5210898916,1080998.1983588394
3576.0,246.00858190722073,9.242893485273784,-0.02436199424593131,0.0,0.0,0.0,2495.333998740225,6377172.426293615,306006.71450891066,8138.643448016558,1006084.5210898916,1075104.1196934066
3577.0,246.0143180432168,9.219892722579552,-0.022603752334038604,0.0,0.0,0.0,2489.880271631954,6377172.426293615,306372.13463150564,8130.842781925525,1006084.5210898916,1069292.7731286313
3578.0,246.02004078483415,9.199781266352518,-0.020933722334562255,0.0,0.0,0.0,2484.924723594452,6377172.426293615,306736.6055518941,8126.031195624773,1006084.5210898916,1063977.5657570418
3579.0,246.02575139748583,9.180853463376394,-0.01935657280139216,0.0,0.0,0.0,2480.649359116344,6377172.426293615,307100.2254008389,8123.716921683465,1006084.5210898916,1059340.8957039302
3580.0,246.0314509111601,9.164057209762134,-0.017880855985338565,0.0,0.0,0.0,2476.9943143754,6377172.426293615,307800.3903118432,8123.038867965908,1006084.5210898916,1054986.3641056994
3581.0,246.03714005995027,9.147492218161796,-0.01651659994403694,0.0,0.0,0.0,2473.8604947390822,6377172.426293615,308523.286620615,8122.959892718876,1006084.5210898916,1051129.7271358566
3582.0,246.04281960383955,9.133142107299408,-0.015271428686352919,0.0,0.0,0.0,2470.7868462189663,6377172.426293615,309246.2573790481,8122.959892718876,1006084.5210898916,1047333.107857308
3583.0,246.04849050019303,9.119658567731769,-0.014146958093089053,0.0,0.0,0.0,2468.225170247052,6377172.426293615,309968.0075572596,8122.959892718876,1006084.5210898916,1044049.6817071824
3584.0,246.054153273805,9.106997601704832,-0.013137720574948778,0.0,0.0,0.0,2465.8653715325017,6377172.426293615,310688.65881615377,8122.959892718876,1006084.5210898916,1040969.2317337376
3585.0,246.05980842305436,9.095118184239748,-0.012232386676791664,0.0,0.0,0.0,2463.6966088967483,6377172.426293615,311408.27784601186,8122.959892718876,1006084.5210898916,1038080.850068126
3586.0,246.06545642126983,9.083980711861484,-0.011416359145942499,0.0,0.0,0.0,2461.7088230895215,6377172.426293615,312126.92798026983,8122.959892718876,1006084.5210898916,1035374.414126641
3587.0,246.07109771761,9.073546992324037,-0.010673299057928241,0.0,0.0,0.0,2459.8923712428873,6377172.426293615,312844.6693690181,8122.959892718876,1006084.5210898916,1032840.2208912584
3588.0,246.07673273808476,9.063780709376925,-0.00998765538081062,0.0,0.0,0.0,2458.238014976784,6377172.426293615,313561.55909084284,8122.959892718876,1006084.5210898916,1030468.9749033308
3589.0,246.0823618864024,9.054646397652096,-0.00934620563898452,0.0,0.0,0.0,2456.737017095924,6377172.426293615,314277.65128260665,8122.959892718876,1006084.5210898916,1028251.8848307068
3590.0,246.0879854228037,9.045717746514851,-0.008739179396819573,0.0,0.0,0.0,2455.380900650194,6377172.426293615,314992.99724711577,8122.959892718876,1006084.5210898916,1026180.422420468
3591.0,246.09360368589998,9.0376733161767,-0.00816087535287968,0.0,0.0,0.0,2454.0727290027367,6377172.426293615,315707.6300554815,8122.959892718876,1006084.5210898916,1024157.6179646445
3592.0,246.0992171485012,9.030266489135986,-0.0076094277067426126,0.0,0.0,0.0,2453.9039671438104,6377172.426293615,317359.64161522634,8122.959892718876,1006084.5210898916,1022336.8445459732
3593.0,246.10482616450875,9.023361154069615,-0.007085664647936729,0.0,0.0,0.0,2454.3670078432497,6377172.426293615,319497.7083952681,8122.959892718876,1006084.5210898916,1020661.818465371
3594.0,246.1104310365671,9.016928442629837,-0.006591304459222233,0.0,0.0,0.0,2455.046818803953,6377172.426293615,321737.8979095652,8122.959892718876,1006084.5210898916,1019101.4399117776
3595.0,246.11603204982526,9.010940911196922,-0.00612760633246151,0.0,0.0,0.0,2455.832846008513,6377172.426293615,323976.4323685722,8122.959892718876,1006084.5210898916,1017648.9326573308
3596.0,246.12162947275854,9.005372335655418,-0.005694577999572164,0.0,0.0,0.0,2456.7187845640833,6377172.426293615,326213.42565821426,8122.959892718876,1006084.5210898916,1016297.8779232586
3597.0,246.12722355791726,9.000197683012335,-0.005291302105776322,0.0,0.0,0.0,2457.6986297992325,6377172.426293615,328448.9850050409,8122.959892718876,1006084.5210898916,1015042.163811581
3598.0,246.13281454265788,8.995393082005037,-0.004916539519282518,0.0,0.0,0.0,2458.7666674143175,6377172.426293615,330683.2112753448,8122.959892718876,1006084.5210898916,1013875.9751563622
3599.0,246.13840264985552,8.990935792822452,-0.004569228326260319,0.0,0.0,0.0,2459.91746377404,6377172.426293615,332916.19926712464,8122.959892718876,1006084.5210898916,1012793.7835243047
3600.0,246.14398808859713,8.986804176059934,-0.004248641294227252,0.0,0.0,0.0,2461.145856338645,6377172.426293615,335148.03799463063,8122.959892718876,1006084.5210898916,1011790.3373614036
3601.0,246.1495710548557,8.982977661024833,-0.00395413880231397,0.0,0.0,0.0,2462.4469442313657,6377172.426293615,337378.8109653011,8122.959892718876,1006084.5210898916,1010860.6522834542
3602.0,246.15515173214405,8.979436713506553,-0.0036847970328107086,0.0,0.0,0.0,2463.8160789408166,6377172.426293615,339608.5964489293,8122.959892718876,1006084.5210898916,1010000.0015092768
3603.0,246.16073029214897,8.97616280312182,-0.0034392096924487224,0.0,0.0,0.0,2465.2488551580363,6377172.426293615,341837.46773887274,8122.959892718876,1006084.5210898916,1009203.9064365532
3604.0,246.16630681326288,8.972874175778388,-0.0032154773173005188,0.0,0.0,0.0,2466.741101749054,6377172.426293615,344065.49340523774,8122.959892718876,1006084.5210898916,1008468.1273612058
3605.0,246.17188140006232,8.969936863845795,-0.0030111635730669588,0.0,0.0,0.0,2468.2294966608806,6377172.426293615,346292.70475724456,8122.959892718876,1006084.5210898916,1007729.3109210256
3606.0,246.1774542681067,8.967342053192358,-0.002823076552088987,0.0,0.0,0.0,2469.7956108990106,6377172.426293615,348519.14356180653,8122.297054390824,1006084.5210898916,1007069.6491929218
3607.0,246.18302550988918,8.964702447276508,-0.002647010038566782,0.0,0.0,0.0,2471.4372632270565,6377172.426293615,350744.8959113683,8120.760127630371,1006084.5210898916,1006487.0860981666
3608.0,246.18859517016037,8.96225167441418,-0.002477955702376105,0.0,0.0,0.0,2473.0680249337706,6377172.426293615,352969.99874686246,8118.866178095405,1006084.5210898916,1005894.6389189212
3609.0,246.19416335575494,8.959955935085583,-0.0023111586230399705,0.0,0.0,0.0,2474.7395091794383,6377172.426293615,355194.4699412603,8115.787567484222,1006084.5210898916,1005344.7305808024
3610.0,246.19973004267223,8.957427911848985,-0.002143676767880441,0.0,0.0,0.0,2476.443665955349,6377172.426293615,357418.3521633436,8111.047398399825,1006084.5210898916,1004829.7453037138
3611.0,246.20529534088678,8.955486145383007,-0.001975456492477288,0.0,0.0,0.0,2478.092665773533,6377172.426293615,359641.6358274793,8103.7026320616915,1006084.5210898916,1004262.8062241006
3612.0,246.21085956194148,8.953960878951188,-0.0018090584807322072,0.0,0.0,0.0,2479.870259146866,6377172.426293615,361864.36485649034,8093.922414749603,1006084.5210898916,1003827.4507857346
3613.0,246.2164228218706,8.952392589644314,-0.0016480964279924667,0.0,0.0,0.0,2481.73849588998,6377172.426293615,364086.6636777372,8081.767834000912,1006084.5210898916,1003485.5432883508
3614.0,246.22198513871717,8.950925398095718,-0.0014954168600273387,0.0,0.0,0.0,2483.5943409685688,6377172.426293615,366308.5786342442,8067.188842963725,1006084.5210898916,1003134.0524014692
3615.0,246.22754655344056,8.949488943819407,-0.001352140574523648,0.0,0.0,0.0,2485.4619378187713,6377172.426293615,368530.1169322463,8042.024129329912,1006084.5210898916,1002805.2756673032
3616.0,246.23310718298958,8.948398173044191,-0.0012179351699687616,0.0,0.0,0.0,2487.3181694950727,6377172.426293615,370751.2949305307,7998.914550982399,1006084.5210898916,1002483.438923668
3617.0,246.2386671334072,8.947303037099884,-0.0010919834707174582,0.0,0.0,0.0,2489.2318430923683,6377172.426293615,372972.15933737776,7936.075794961595,1006084.5210898916,1002239.0868701376
3618.0,246.2442264438957,8.946338446087806,-0.0009738364496527428,0.0,0.0,0.0,2491.124785941244,6377172.426293615,375192.7525053688,7853.725442228131,1006084.5210898916,1001993.7869037556
3619.0,246.2497852008977,8.945521541009516,-0.000863638259505139,0.0,0.0,0.0,2493.027163800043,6377172.426293615,377413.0900915541,7751.799998694188,1006084.5210898916,1001777.7526199032
3620.0,246.25534348944566,8.944830642632951,-0.000761843856157728,0.0,0.0,0.0,2494.939811330231,6377172.426293615,379633.2066202911,7627.270640888004,1006084.5210898916,1001594.8129791602
3621.0,246.26090137454068,8.944222954981525,-0.000668778562751484,0.0,0.0,0.0,2496.86067654618,6377172.426293615,381853.13605280966,7482.91478964304,1006084.5210898916,1001440.104613836
3622.0,246.26645889787372,8.943666246572722,-0.0005843467883092799,0.0,0.0,0.0,2498.7793315730387,6377172.426293615,384072.9043499097,7317.867172843916,1006084.5210898916,1001304.0389603936
3623.0,246.27201609516837,8.943173541834923,-0.000508077083842227,0.0,0.0,0.0,2500.6876107159364,6377172.426293615,386292.5281625952,7131.165422420643,1006084.5210898916,1001179.3960410292
3624.0,246.27757300471418,8.942740075048295,-0.0004393893617276418,0.0,0.0,0.0,2502.591142334123,6377172.426293615,388512.0217585523,6925.509941048114,1006084.5210898916,1001069.0895446308
3625.0,246.2831296788967,8.942415982682396,-0.00037779797308017566,0.0,0.0,0.0,2504.4891190797257,6377172.426293615,390731.4004302533,6701.147322825375,1006084.5210898916,1000972.0502367556
3626.0,246.2886861644393,8.942132903618116,-0.0003230055221695077,0.0,0.0,0.0,2506.3909373035585,6377172.426293615,392950.6851000104,6456.231687690354,1006084.5210898916,1000899.4994259662
3627.0,246.29424248383955,8.94188122358403,-0.00027480924335937496,0.0,0.0,0.0,2508.2824976572006,6377172.426293615,395169.8944287289,6191.950198472833,1006084.5210898916,1000836.1319401074
3628.0,246.29979866275605,8.941680731373648,-0.00023292504575284984,0.0,0.0,0.0,2510.1683319197127,6377172.426293615,397389.03740171314,5914.978590062796,1006084.5210898916,1000779.7948380456
3629.0,246.30535472415724,8.941502979430124,-0.00019690593023484896,0.0,0.0,0.0,2511.8452511987343,6377172.426293615,399399.82927774446,5625.983865776342,1006084.5210898916,1000734.9169653218
3630.0,246.31091068471454,8.941356147113279,-0.00016613158325043926,0.0,0.0,0.0,2511.4180696405974,6377172.426293615,399307.2619087423,5331.156560946347,1006084.5210898916,1000695.1300810168
3631.0,246.31646656220477,8.94123561312408,-0.00013988973032694383,0.0,0.0,0.0,2510.645383584387,6377172.426293615,398862.3709844473,5036.226860784099,1006084.5210898916,1000662.264649264
3632.0,246.32202237113555,8.94113547617363,-0.00011742372011136534,0.0,0.0,0.0,2509.869600104911,6377172.426293615,398408.4914775471,4741.301570110493,1006084.5210898916,1000635.2859673623
3633.0,246.32757811985715,8.941041819049405,-9.798578554068203e-05,0.0,0.0,0.0,2509.098391536829,6377172.426293615,397954.6175715133,4446.379918810909,1006084.5210898916,1000612.872956613
3634.0,246.33313381725807,8.940970291368552,-8.089180120884338e-05,0.0,0.0,0.0,2508.328641648641,6377172.426293615,397500.7485841822,4151.461463623848,1006084.5210898916,1000591.9105109436
3635.0,246.33868947327426,8.940908614846068,-6.55959040581039e-05,0.0,0.0,0.0,2507.563851862751,6377172.426293615,397046.88378941966,3856.545732716104,1006084.5210898916,1000575.9012507236
3636.0,246.34424509366067,8.94085561045477,-5.177195722829962e-05,0.0,0.0,0.0,2506.8012726346747,6377172.426293615,396593.0223755253,3561.6321986536896,1006084.5210898916,1000562.0969706042
3637.0,246.34980068372997,8.940811033766206,-3.934910785614955e-05,0.0,0.0,0.0,2506.040639258785,6377172.426293615,396139.16387235624,3266.72055594486,1006084.5210898916,1000550.2337405928
3638.0,246.35535625652184,8.940800000000007,-2.8460564838240116e-05,0.0,0.0,0.0,2505.282025258046,6377172.426293615,395685.3078459012,2971.939502644466,1006084.5210898916,1000540.2568196089
3639.0,246.36091182588567,8.940800000000007,-1.929661857958946e-05,0.0,0.0,0.0,2504.5345333018176,6377172.426293615,395231.4532308999,2680.7716735038093,1006084.5210898916,1000537.7873075224
3640.0,246.36646739524951,8.940800000000007,-1.1919051748977794e-05,0.0,0.0,0.0,2503.7976903450053,6377172.426293615,394777.5988959483,2397.7830516427885,1006084.5210898916,1000537.7873075224
3641.0,246.37202296461334,8.940800000000007,-6.11645581326842e-06,0.0,0.0,0.0,2503.071239165255,6377172.426293615,394323.7445609963,2125.1862068448545,1006084.5210898916,1000537.7873075224
3642.0,246.37757853397719,8.940800000000007,-1.3716661766029685e-06,0.0,0.0,0.0,2502.357392445243,6377172.426293615,393869.89022604394,1865.193821785036,1006084.5210898916,1000537.7873075224
3643.0,246.383134103341,8.940800000000007,3.0379218916383635e-06,0.0,0.0,0.0,2501.659654274658,6377172.426293615,393416.035891092,1621.309986152047,1006084.5210898916,1000537.7873075224
3644.0,246.38868967270486,8.940800000000007,7.853010834191289e-06,0.0,0.0,0.0,2500.98093963281,6377172.426293615,392962.1815561392,1396.4496792571088,1006084.5210898916,1000537.7873075224
3645.0,246.39424524206868,8.940800000000007,1.3632066805362245e-05,0.0,0.0,0.0,2500.3219385267485,6377172.426293615,392508.3272211864,1191.3029081482805,1006084.5210898916,1000537.7873075224
3646.0,246.39980081143253,8.940800000000007,2.0614715565251827e-05,0.0,0.0,0.0,2499.6811379983674,6377172.426293615,392054.4728862333,1004.3567147200664,1006084.5210898916,1000537.7873075224
3647.0,246.40535639087,8.940832423829981,2.871384013367525e-05,0.0,0.0,0.0,2499.057056289858,6377172.426293615,391600.61855128006,834.1293411636664,1006084.5210898916,1000537.7873075224
3648.0,246.41091199461866,8.94087824991611,3.763857156857355e-05,0.0,0.0,0.0,2498.4581909336734,6377172.426293615,391146.7633933753,681.8622249522948,1006084.5210898916,1000545.0442254544
3649.0,246.41646762706594,8.94092479547237,4.708284718557081e-05,0.0,0.0,0.0,2497.8780278979966,6377172.426293615,390692.90624940296,545.2997533893339,1006084.5210898916,1000555.3008053128
3650.0,246.4220232938429,8.940988746206344,5.689440182452884e-05,0.0,0.0,0.0,2497.3137614515267,6377172.426293615,390239.0467609388,424.4751332774485,1006084.5210898916,1000565.7184674185
3651.0,246.42757899886058,8.941047880064032,6.713248922613993e-05,0.0,0.0,0.0,2496.10015193613,6377172.426293615,389114.271432274,321.32763055555506,1006084.5210898916,1000580.0317834086
3652.0,246.43313474418142,8.941118469259417,7.800605010017409e-05,0.0,0.0,0.0,2494.323164512537,6377172.426293615,387408.9515061586,236.4248288969688,1006084.5210898916,1000593.2670875896
3653.0,246.43869053565976,8.941196446232482,8.974543082050822e-05,0.0,0.0,0.0,2492.354590157328,6377172.426293615,385492.6169548907,168.38567942264504,1006084.5210898916,1000609.0664331235
3654.0,246.44424638162286,8.941293838231953,0.00010249527334155351,0.0,0.0,0.0,2490.404282620302,6377172.426293615,383576.2664825957,116.97558424048708,1006084.5210898916,1000626.5194635744
3655.0,246.4498022951383,8.941413875681809,0.00011628261280179474,0.0,0.0,0.0,2488.475681040804,6377172.426293615,381659.8972169612,82.94449908420523,1006084.5210898916,1000648.3182348672
3656.0,246.4553582831766,8.941533703438903,0.0001310554444185262,0.0,0.0,0.0,2486.566579524019,6377172.426293615,379743.50465059455,63.36783113487611,1006084.5210898916,1000675.1859523978
3657.0,246.4609143567148,8.94168907248908,0.00014674874370823991,0.0,0.0,0.0,2484.6630962395193,6377172.426293615,377827.0863791788,49.48167583469142,1006084.5210898916,1000702.007094614
3658.0,246.46647052611183,8.941842242334687,0.00016333564372621447,0.0,0.0,0.0,2482.769713237129,6377172.426293615,375910.6386164158,37.76952291495819,1006084.5210898916,1000736.7840079068
3659.0,246.47202679302458,8.942002944382365,0.0001808539809916988,0.0,0.0,0.0,2480.878340746185,6377172.426293615,373994.1577892158,28.59261164982409,1006084.5210898916,1000771.069255428
3660.0,246.477583177289,8.942219959883873,0.00019942246071673244,0.0,0.0,0.0,2478.9910853127367,6377172.426293615,372077.6433260724,21.87976868071149,1006084.5210898916,1000807.041128092
3661.0,246.48313969540771,8.942433778374786,0.0002192574511097753,0.0,0.0,0.0,2477.1184879390107,6377172.426293615,370161.08838499326,17.259119538182254,1006084.5210898916,1000855.6193445878
3662.0,246.48869634982347,8.942658656611568,0.00024067448725555027,0.0,0.0,0.0,2475.246784703081,6377172.426293615,368244.4872737764,14.29326576986722,1006084.5210898916,1000903.4830736432
3663.0,246.49425315172417,8.942908485054286,0.0002640618872398017,0.0,0.0,0.0,2473.378518221443,6377172.426293615,366327.8391498169,12.334196347986571,1006084.5210898916,1000953.8237853864
3664.0,246.4998101173935,8.943185775592665,0.00028983011852744554,0.0,0.0,0.0,2471.516129303806,6377172.426293615,364411.1401541224,10.716784013902236,1006084.5210898916,1001009.7512757784
3665.0,246.5053672647454,8.943493262915283,0.0003183599312715078,0.0,0.0,0.0,2469.069040706487,6377172.426293615,361903.5919338072,9.099324011944468,1006084.5210898916,1001071.8283587764
3666.0,246.51092461120666,8.94382664509524,0.00034997946093574253,0.0,0.0,0.0,2465.5018320767176,6377172.426293615,358269.051267126,7.591867772193267,1006084.5210898916,1001140.667851928
3667.0,246.51648217559685,8.944194706328258,0.00038496908077399847,0.0,0.0,0.0,2461.238110446174,6377172.426293615,353930.83370419074,7.4483568875260655,1006084.5210898916,1001215.3072952038
3668.0,246.52203998053548,8.944600893548527,0.0004235823590202455,0.0,0.0,0.0,2456.9821233392263,6377172.426293615,349592.44601995614,7.4421215935213185,1006084.5210898916,1001297.7141077853
3669.0,246.52759805081735,8.945048761293279,0.0004660658987395563,0.0,0.0,0.0,2452.7344948164073,6377172.426293615,345253.8705569884,7.4421215935213185,1006084.5210898916,1001388.6610479336
3670.0,246.5331564135354,8.945542152043855,0.0005126721024370961,0.0,0.0,0.0,2448.4959963827646,6377172.426293615,340915.08795979037,7.4421215935213185,1006084.5210898916,1001488.945211489
3671.0,246.53871509826553,8.946085215111976,0.0005636712347014837,0.0,0.0,0.0,2444.267468747492,6377172.426293615,336576.07707886206,7.4421215935213185,1006084.5210898916,1001599.4284571446
3672.0,246.54427413726333,8.94668242634605,0.0006193567180600254,0.0,0.0,0.0,2440.0498197321112,6377172.426293615,332236.8148264492,7.4421215935213185,1006084.5210898916,1001721.0416941772
3673.0,246.54983356567342,8.947338608655967,0.0006800505904708631,0.0,0.0,0.0,2435.844028598859,6377172.426293615,327897.2760229347,7.4421215935213185,1006084.5210898916,1001854.7893644392
3674.0,246.5553934217517,8.948058953351277,0.0007461059154131555,0.0,0.0,0.0,2431.6511505649564,6377172.426293615,323557.4332334741,7.4421215935213185,1006084.5210898916,1002001.7541199971
3675.0,246.56095374719376,8.948849340495874,0.0008179015302525211,0.0,0.0,0.0,2427.472254260339,6377172.426293615,319217.2565944661,7.374878756594699,1006084.5210898916,1002163.1016972244
3676.0,246.5665145874846,8.949716086846557,0.0008958421331074383,0.0,0.0,0.0,2423.3082355175216,6377172.426293615,314876.7135571709,6.848078760506781,1006084.5210898916,1002340.1527916983
3677.0,246.57207599193094,8.950665176483918,0.000980357806079365,0.0,0.0,0.0,2419.159845944067,6377172.426293615,310535.7686147444,5.229490976625768,1006084.5210898916,1002534.3267484546
3678.0,246.5776380138535,8.951703545171096,0.001071905171703543,0.0,0.0,0.0,2415.0294886654515,6377172.426293615,306194.3832770206,3.614962783280283,1006084.5210898916,1002746.969335756
3679.0,246.58320071106826,8.952838726082252,0.0011709694520737135,0.0,0.0,0.0,2410.920729929994,6377172.426293615,301852.51592037803,4.052284186225051,1006084.5210898916,1002979.6406355384
3680.0,246.5887641461554,8.954078520194079,0.0012780653590638174,0.0,0.0,0.0,2406.8345786125037,6377172.426293615,297510.121412038,5.90020196399971,1006084.5210898916,1003234.03590861
3681.0,246.59432838674846,8.955431391838754,0.001393737501543,0.0,0.0,0.0,2402.773045180438,6377172.426293615,293167.1509002274,9.461222534191355,1006084.5210898916,1003511.911967785
3682.0,246.59989350591727,8.956906374435482,0.0015185595087760916,0.0,0.0,0.0,2398.7378450667575,6377172.426293615,288823.5515883407,14.596300519751948,1006084.5210898916,1003815.1760880052
3683.0,246.60545958253027,8.958513098363813,0.0016531332352540927,0.0,0.0,0.0,2394.731488036092,6377172.426293615,284479.2664360361,21.835306156795163,1006084.5210898916,1004145.8652040072
3684.0,246.6110267016343,8.960261819357568,0.0017980882764924203,0.0,0.0,0.0,2390.7562606169204,6377172.426293615,280134.23387643683,31.353126545685527,1006084.5210898916,1004506.1525240464
3685.0,246.61659495486197,8.962163479490677,0.001954081952222428,0.0,0.0,0.0,2386.814289227689,6377172.426293615,275788.3875196818,43.026302515823886,1006084.5210898916,1004898.3543156
3686.0,246.62216444084316,8.964229658418544,0.0021217996916774256,0.0,0.0,0.0,2382.907961030092,6377172.426293615,271441.65583479416,56.840039992910256,1006084.5210898916,1005324.9440654132
3687.0,246.62773526562376,8.966472646391967,0.0023019556311944917,0.0,0.0,0.0,2379.0398074016143,6377172.426293615,267093.96182859817,72.78238998931326,1006084.5210898916,1005788.542093135
3688.0,246.63330754312207,8.968905491880374,0.0024952931994287548,0.0,0.0,0.0,2375.217408014408,6377172.426293615,262745.2227187399,95.73165321052166,1006084.5210898916,1006291.932552566
3689.0,246.63888139560444,8.971542016069286,0.002702585540219691,0.0,0.0,0.0,2371.4423372848955,6377172.426293615,258395.34957746108,124.39178370747568,1006084.5210898916,1006838.0748338352
3690.0,246.64445695417473,8.974396842979935,0.0029246356949059506,0.0,0.0,0.0,2367.7122024844944,6377172.426293615,254044.24696029027,153.32680207851513,1006084.5210898916,1007430.1076322343
3691.0,246.6500343592826,8.977485429610006,0.003162276566473643,0.0,0.0,0.0,2364.029960923091,6377172.426293615,249691.81252393784,182.27067710408855,1006084.5210898916,1008071.3566321576
3692.0,246.65561376125038,8.98082409600724,0.003416370817384418,0.0,0.0,0.0,2360.3990241768297,6377172.426293615,245337.9366295488,211.22413788731944,1006084.5210898916,1008765.3423195016
3693.0,246.66119532081865,8.984430055183662,0.003687810726962809,0.0,0.0,0.0,2356.82299890258,6377172.426293615,240982.50193137577,240.1879647822276,1006084.5210898916,1009515.7879165304
3694.0,246.66677920971034,8.988321442774776,0.003977518042952922,0.0,0.0,0.0,2353.3056944665072,6377172.426293615,236625.382950886,269.1629922265242,1006084.5210898916,1010326.6274335032
3695.0,246.67236561121317,8.992517346344531,0.004286443817520641,0.0,0.0,0.0,2349.8511306698188,6377172.426293615,232266.445636426,298.1501116694865,1006084.5210898916,1011202.0138318316
3696.0,246.67795472078,8.9970378342337,0.0046155681159614345,0.0,0.0,0.0,2346.4635455671037,6377172.426293615,227905.5469085876,327.1502745952157,1006084.5210898916,1012146.3272940292
3697.0,246.68354674664715,9.001903983846157,0.0049658994571479455,0.0,0.0,0.0,2343.144421421875,6377172.426293615,223539.5522400008,356.1644956400733,1006084.5210898916,1013164.1835963425
3698.0,246.68914191046994,9.0071379092645,0.005338473856512864,0.0,0.0,0.0,2339.8404720627964,6377172.426293615,219110.31453647703,385.1938558015914,1006084.5210898916,1014260.4425806263
3699.0,246.69474044797516,9.012762788083451,0.005734353470764575,0.0,0.0,0.0,2336.582402680212,6377172.426293615,214643.4253618203,414.2395057382568,1006084.5210898916,1015440.216722762
3700.0,246.70034260963007,9.0188028873463,0.006154625036969038,0.0,0.0,0.0,2333.408119923274,6377172.426293615,210171.416368544,443.3026691566613,1006084.5210898916,1016708.8797956816
3701.0,246.70594866136807,9.02528372070037,0.006600398510969977,0.0,0.0,0.0,2330.321011286682,6377172.426293615,205696.5124710297,467.90209993698426,1006084.5210898916,1018072.0756258238
3702.0,246.71155888529083,9.032231814934145,0.007072806007974191,0.0,0.0,0.0,2327.32556233453,6377172.426293615,201218.50124655257,486.7831800398986,1006084.5210898916,1019535.756818046
3703.0,246.71717358032163,9.039674786853778,0.0075730013542925755,0.0,0.0,0.0,2324.4306116174744,6377172.426293615,196737.15735748727,502.7975212419969,1006084.5210898916,1021106.1356488536
3704.0,246.722793062935,9.04764151119072,0.008102159843051893,0.0,0.0,0.0,2321.644583711718,6377172.426293615,192252.24202935855,518.1152898246875,1006084.5210898916,1022789.7053026434
3705.0,246.72841766792115,9.05616206556851,0.008661477994002282,0.0,0.0,0.0,2318.9737391048616,6377172.426293615,187763.5024681571,532.4333685031154,1006084.5210898916,1024593.28217831
3706.0,246.73404774913894,9.065267748554303,0.009252173194907821,0.0,0.0,0.0,2316.4247414226847,6377172.426293615,183270.6712496309,545.5508121906669,1006084.5210898916,1026523.9982709716
3707.0,246.7396836802798,9.07499109589932,0.009875482806592006,0.0,0.0,0.0,2314.004878417753,6377172.426293615,178773.46571776216,557.5810809984375,1006084.5210898916,1028589.3105291008
3708.0,246.74532585564074,9.085365894812892,0.010532837197748827,0.0,0.0,0.0,2311.720638720304,6377172.426293615,174271.58737474153,567.5199430368094,1006084.5210898916,1030797.0103126344
3709.0,246.7509746909058,9.096427196105726,0.011225759940724469,0.0,0.0,0.0,2309.579337985965,6377172.426293615,169764.7212633437,574.8626801499107,1006084.5210898916,1033155.23295258
3710.0,246.75663062393429,9.108211324027533,0.011956638684374936,0.0,0.0,0.0,2307.069170596837,6377172.426293615,164732.2763066818,579.9057887356112,1006084.5210898916,1035672.467411528
3711.0,246.76229411555434,9.120755883612317,0.012729326705716436,0.0,0.0,0.0,2303.794500388253,6377172.426293615,158769.33120303083,583.0820525005682,1006084.5210898916,1038357.56604283
3712.0,246.7679656503602,9.134099765330893,0.013551309701824237,0.0,0.0,0.0,2300.4382607493358,6377172.426293615,152548.97812465407,585.0070907644729,1006084.5210898916,1041219.7544440256
3713.0,246.77364573800355,9.148284730567427,0.014436344719327374,0.0,0.0,0.0,2297.2586106643325,6377172.426293615,146319.79101614747,585.6571610970651,1006084.5210898916,1044268.6413971966
3714.0,246.77933491361236,9.163351018019052,0.015407971895660118,0.0,0.0,0.0,2294.2659799379603,6377172.426293615,140081.2101144602,585.6571610970651,1006084.5210898916,1047514.5915725116
3715.0,246.78503373809082,9.179341354271356,0.016501936226974618,0.0,0.0,0.0,2291.4705570125425,6377172.426293615,133832.64767527493,585.6571610970651,1006084.5210898916,1050967.731086279
3716.0,246.79074279930484,9.196299794138488,0.01776440624202552,0.0,0.0,0.0,2288.8825409303945,6377172.426293615,127573.48764366156,585.6571610970651,1006084.5210898916,1054638.8750357444
3717.0,246.7964627128872,9.214271655132618,0.019245496597371268,0.0,0.0,0.0,2286.5125374965537,6377172.426293615,121303.08435187775,585.6571610970651,1006084.5210898916,1058539.2748936876
3718.0,246.8021941237153,9.233305749048402,0.020986358932573942,0.0,0.0,0.0,2284.3715563785845,6377172.426293615,115020.76163525268,585.6571610970651,1006084.5210898916,1062680.6164923434
3719.0,246.8079377064486,9.25344912295425,0.023005627126006793,0.0,0.0,0.0,2282.4715392100493,6377172.426293615,108725.8112089578,585.6571610970651,1006084.5210898916,1067075.5497501027
3720.0,246.8136953813895,9.278664055796366,0.025291369013765275,0.0,0.0,0.0,2280.8241613636037,6377172.426293615,102417.49207779775,585.6571610970651,1006084.5210898916,1071736.491034817
3721.0,246.81946892521896,9.304525997193902,0.027803694054752488,0.0,0.0,0.0,2280.349120290665,6377172.426293615,96093.69512610296,585.6571610970651,1006084.5210898916,1077585.2469135737
3722.0,246.8252604047366,9.336393296727351,0.030486284403419574,0.0,0.0,0.0,2280.023261116662,6377172.426293615,89752.46898117373,585.6571610970651,1006084.5210898916,1083600.6138844995
3723.0,246.8310719447199,9.369094216625957,0.033282995901646024,0.0,0.0,0.0,2281.097547208034,6377172.426293615,83391.54362578377,585.6571610970651,1006084.5210898916,1091035.8253312616
3724.0,246.83690509403294,9.405946814363048,0.036146187332199924,0.0,0.0,0.0,2282.589615873076,6377172.426293615,77227.47458105466,585.6571610970651,1006084.5210898916,1098691.963041033
3725.0,246.84276157634525,9.444195674592718,0.03903331992126172,0.0,0.0,0.0,2285.362720818567,6377172.426293615,71340.34333913383,585.6571610970651,1006084.5210898916,1107352.1992284448
3726.0,246.84864241490774,9.48434178968242,0.041893447807721425,0.0,0.0,0.0,2288.592624467698,6377172.426293615,65545.93979174734,585.6571610970651,1006084.5210898916,1116376.5064249623
3727.0,246.854550463532,9.531776156251668,0.04465401689809605,0.0,0.0,0.0,2292.285454365926,6377172.426293615,59727.43817065271,585.6571610970651,1006084.5210898916,1125887.8379442843
3728.0,246.8604874768225,9.577569781598813,0.047219831684117065,0.0,0.0,0.0,2297.7300768898995,6377172.426293615,53882.01491467294,585.6571610970651,1006084.5210898916,1137177.883724238
3729.0,246.86645531594607,9.6309946486645,0.049489885194572696,0.0,0.0,0.0,2302.808958079627,6377172.426293615,48007.93401818275,585.6571610970651,1006084.5210898916,1148130.8458104555
3730.0,246.87245735473144,9.687647549049368,0.05138750810044433,0.0,0.0,0.0,2309.7489340283664,6377172.426293615,42103.3540427207,585.6571610970651,1006084.5210898916,1160975.4017346574
3731.0,246.87849373847936,9.741540092721069,0.0528913334297847,0.0,0.0,0.0,2317.509220946574,6377172.426293615,36164.936922174995,585.6571610970651,1006084.5210898916,1174674.1057734103
3732.0,246.88456322722382,9.794201939277093,0.05405324944923336,0.0,0.0,0.0,2324.6426387286583,6377172.426293615,30192.538895991136,585.6571610970651,1006084.5210898916,1187779.9215816783
3733.0,246.89066831832213,9.85613267703618,0.05499453333649001,0.0,0.0,0.0,2331.514250441644,6377172.426293615,24187.38678654006,585.6571610970651,1006084.5210898916,1200656.6854041151
3734.0,246.89680857093234,9.907375594375075,0.05587993977955756,0.0,0.0,0.0,2340.7058736390168,6377172.426293615,18147.00970850044,585.6571610970651,1006084.5210898916,1215888.6856795277
3735.0,246.9029813633699,9.960867968525411,0.056877072779846306,0.0,0.0,0.0,2347.306602430708,6377172.426293615,12071.843830907592,585.6571610970651,1006084.5210898916,1228564.580348812
3736.0,246.90918811196818,10.016669609875072,0.05811638655515808,0.0,0.0,0.0,2354.501705395019,6377172.426293615,5964.48304842702,585.6571610970651,1006084.5210898916,1241867.0440956035
3737.0,246.9154302699445,10.074839425315844,0.05966543625830347,0.0,0.0,0.0,2362.3138149110578,6377172.426293615,-176.47395919869246,585.6571610970651,1006084.5210898916,1255820.110619268
3738.0,246.92170932646385,10.13543421239258,0.061527076992908894,0.0,0.0,0.0,2370.7660268461323,6377172.426293615,-6352.465005105565,585.6571610970651,1006084.5210898916,1270448.3136002494
3739.0,246.9280268054309,10.19850898927398,0.06365748718358599,0.0,0.0,0.0,2379.8816237044953,6377172.426293615,-12564.963469168988,585.6571610970651,1006084.5210898916,1285776.4089226758
3740.0,246.9343842659861,10.264122150575012,0.06599293182102506,0.0,0.0,0.0,2389.684178765497,6377172.426293615,-18815.4771026402,585.6571610970651,1006084.5210898916,1301829.477617149
3741.0,246.94078329960615,10.332319381578134,0.06847254669245141,0.0,0.0,0.0,2400.1989006013596,6377172.426293615,-25105.54851907957,585.6571610970651,1006084.5210898916,1318634.2708694506
3742.0,246.9472255263558,10.40314701297886,0.07104956711462729,0.0,0.0,0.0,2411.568343978473,6377172.426293615,-31316.94710046719,585.6571610970651,1006084.5210898916,1336215.1128279516
3743.0,246.95371259679047,10.476656853680176,0.07369358712710378,0.0,0.0,0.0,2423.9791543724127,6377172.426293615,-37288.32717574425,585.6571610970651,1006084.5210898916,1354597.303297168
3744.0,246.9602461877292,10.552881629016056,0.07638634149148808,0.0,0.0,0.0,2437.2430330220245,6377172.426293615,-43235.56617052781,585.6571610970651,1006084.5210898916,1373808.4209415638
3745.0,246.96682799975116,10.631865089808697,0.07911664749026341,0.0,0.0,0.0,2451.316641725708,6377172.426293615,-49225.45439482665,585.6571610970651,1006084.5210898916,1393871.9178695458
3746.0,246.9734597545937,10.713631586843483,0.08187662136201372,0.0,0.0,0.0,2466.2256068156876,6377172.426293615,-55259.55091150818,585.6571610970651,1006084.5210898916,1414814.9794762072
3747.0,246.98014319050532,10.798209913075215,0.08465988440355206,0.0,0.0,0.0,2481.9912438131405,6377172.426293615,-61339.4341809655,585.6571610970651,1006084.5210898916,1436660.4997431175
3748.0,246.98688006149422,10.885622001553818,0.08745943037626451,0.0,0.0,0.0,2498.6368315181176,6377172.426293615,-67466.69780063065,585.6571610970651,1006084.5210898916,1459433.351067759
3749.0,246.99367213112293,10.975876670952813,0.09026815077843978,0.0,0.0,0.0,2516.184598540613,6377172.426293615,-73642.94981633837,585.6571610970651,1006084.5210898916,1483157.3701059627
3750.0,247.00052116726891,11.068978991356865,0.09307823447604469,0.0,0.0,0.0,2534.653953384261,6377172.426293615,-79869.80703299603,585.6571610970651,1006084.5210898916,1507853.5821662685
3751.0,247.00742893815834,11.16492501502669,0.09588114451171066,0.0,0.0,0.0,2554.0642045667614,6377172.426293615,-86148.89021148512,585.9145605694713,1006084.5210898916,1533542.6591277856
3752.0,247.0143972074105,11.263703861571283,0.09866759931633391,0.0,0.0,0.0,2574.4333093722294,6377172.426293615,-92481.82043235748,587.2007122423651,1006084.5210898916,1560243.408002453
3753.0,247.0214277280896,11.36529243781985,0.10142799270906734,0.0,0.0,0.0,2595.7747582323886,6377172.426293615,-98870.21455264212,587.2007122423651,1006084.5210898916,1587973.250982897
3754.0,247.0285222343014,11.46965281597116,0.10415224854233167,0.0,0.0,0.0,2618.1026742883364,6377172.426293615,-105315.6797526035,587.2007122423651,1006084.5210898916,1616746.6322388058
3755.0,247.03568243611426,11.576745555041956,0.10683076871014878,0.0,0.0,0.0,2641.4266972084047,6377172.426293615,-111819.80583177495,587.8840829675445,1006084.5210898916,1646574.0978673203
3756.0,247.04291001146922,11.68650668849432,0.10945670568310449,0.0,0.0,0.0,2665.7560953975335,6377172.426293615,-118384.16055256996,589.793476604651,1006084.5210898916,1677465.941383607
3757.0,247.05020659822466,11.798871169481547,0.11202851122551523,0.0,0.0,0.0,2691.0909383205085,6377172.426293615,-125010.2822236234,591.2748672957523,1006084.5210898916,1709425.4245869447
3758.0,247.0575737866937,11.91375101201632,0.11455338064983189,0.0,0.0,0.0,2717.4316798328528,6377172.426293615,-131699.67240641147,591.5006047186508,1006084.5210898916,1742455.330544654
3759.0,247.06501310886028,12.031046459174512,0.11704838242123929,0.0,0.0,0.0,2744.7736193758296,6377172.426293615,-138453.78907374156,591.5006047186508,1006084.5210898916,1776551.386754961
3760.0,247.07252603010272,12.150642885375415,0.1195350332039437,0.0,0.0,0.0,2773.1072349285637,6377172.426293615,-145274.03672320812,591.5006047186508,1006084.5210898916,1811705.2499571615
3761.0,247.08011393948968,12.272409300268292,0.12202398990593571,0.0,0.0,0.0,2802.4175961433402,6377172.426293615,-152161.75878937705,591.5006047186508,1006084.5210898916,1847903.3332381072
3762.0,247.087778140851,12.39620233739724,0.12449241519144782,0.0,0.0,0.0,2832.683853607174,6377172.426293615,-159118.228747507,591.5006047186508,1006084.5210898916,1885126.060660071
3763.0,247.09551984159984,12.521855028877743,0.12686572002113128,0.0,0.0,0.0,2863.880166758448,6377172.426293615,-166144.64192722974,591.5006047186508,1006084.5210898916,1923348.7869910677
3764.0,247.1033401419828,12.649189407810924,0.12902011084110324,0.0,0.0,0.0,2895.971931759695,6377172.426293615,-173242.10526497773,591.5006047186508,1006084.5210898916,1962538.0153300625
3765.0,247.11124304094682,12.78771342967314,0.1308144328612969,0.0,0.0,0.0,2928.919335433974,6377172.426293615,-180411.62744867848,591.5006047186508,1006084.5210898916,2002654.9411880423
3766.0,247.11923266783083,12.928338829341804,0.13214039146262244,0.0,0.0,0.0,2965.7772838334863,6377172.426293615,-187656.87464676867,591.5006047186508,1006084.5210898916,2046758.136785645
3767.0,247.12730711819668,13.060733074247656,0.13296362217675675,0.0,0.0,0.0,3003.7160959230287,6377172.426293615,-194981.63256898883,591.5006047186508,1006084.5210898916,2092021.7067974077
3768.0,247.13546407462206,13.193899433001867,0.13333037045449375,0.0,0.0,0.0,3039.3801758234595,6377172.426293615,-202384.1552579149,591.5006047186508,1006084.5210898916,2135088.309386764
3769.0,247.14370387451322,13.32737968061362,0.1333367519032047,0.0,0.0,0.0,3075.662651931759,6377172.426293615,-209862.31813903927,591.747608113015,1006084.5210898916,2178848.701372794
3770.0,247.15202660606593,13.460829913501776,0.13308064300902347,0.0,0.0,0.0,3113.322533632012,6377172.426293615,-216513.3867155406,593.6717468255133,1006084.5210898916,2223157.7275108355
3771.0,247.1604322403254,13.594216964792242,0.13262591680154348,0.0,0.0,0.0,3152.3359062014715,6377172.426293615,-222247.02344649777,595.7586343017697,1006084.5210898916,2267902.6499237763
3772.0,247.16892064530447,13.727242373176056,0.13199217171098876,0.0,0.0,0.0,3191.783703730396,6377172.426293615,-227969.4095435913,596.7111563429673,1006084.5210898916,2313071.881027753
3773.0,247.17749150186035,13.859602206131104,0.13116724409715844,0.0,0.0,0.0,3231.499480176609,6377172.426293615,-233748.1442754593,600.8775147836946,1006084.5210898916,2358562.2258473933
3774.0,247.18614430024093,13.990986885476644,0.1301275113233498,0.0,0.0,0.0,3271.3799933351556,6377172.426293615,-239583.01037616975,613.8602951850676,1006084.5210898916,2404264.622326249
3775.0,247.19487833780886,14.121085153640232,0.12885297238222837,0.0,0.0,0.0,3311.3095868039495,6377172.426293615,-245473.660816758,634.6981117087531,1006084.5210898916,2450064.028419107
3776.0,247.2036927189533,14.24958714833888,0.127331609616302,0.0,0.0,0.0,3351.203408096675,6377172.426293615,-251419.6172558967,697.7098659452395,1006084.5210898916,2495840.794396735
3777.0,247.21258635613927,14.376184989440745,0.12555472104057583,0.0,0.0,0.0,3390.961651602799,6377172.426293615,-257420.2699798209,825.5803279687186,1006084.5210898916,2541471.8201647596
3778.0,247.22155797360747,14.500580723052083,0.12350915657197613,0.0,0.0,0.0,3430.459913980366,6377172.426293615,-263474.8786166762,1019.3705777736568,1006084.5210898916,2586830.900929377
3779.0,247.23060611286164,14.622484131555469,0.12117438815869604,0.0,0.0,0.0,3469.589758545369,6377172.426293615,-269582.5746552614,1296.034584902009,1006084.5210898916,2631791.7775258366
3780.0,247.23972917143573,14.741722039682555,0.118527911926304,0.0,0.0,0.0,3508.27986172456,6377172.426293615,-275676.0266514519,1643.7224354292116,1006084.5210898916,2676227.644850691
3781.0,247.248927044601,14.86328835995624,0.11555868016006594,0.0,0.0,0.0,3547.439697011793,6377172.426293615,-280740.207416141,2043.603961830737,1006084.5210898916,2720051.779376212
3782.0,247.25819756369486,14.97554603711561,0.11228091895215014,0.0,0.0,0.0,3587.8112732154764,6377172.426293615,-285833.0781801149,2461.74062499366,1006084.5210898916,2765098.089680706
3783.0,247.26753676008622,15.084338603773068,0.10873742279758569,0.0,0.0,0.0,3625.03218094947,6377172.426293615,-290966.17306103185,2890.205579377548,1006084.5210898916,2807023.6273412327
3784.0,247.27694242197197,15.189477194634575,0.10499016491932181,0.0,0.0,0.0,3661.225323851913,6377172.426293615,-296137.2946242203,3322.064576333884,1006084.5210898916,2847956.0328099076
3785.0,247.28641222729829,15.290795813129597,0.1011034974891095,0.0,0.0,0.0,3696.293431568027,6377172.426293615,-301345.2181923042,3758.9470171145226,1006084.5210898916,2887795.181653325
3786.0,247.29594376187924,15.388163911855992,0.09712990140435324,0.0,0.0,0.0,3730.1575330929304,6377172.426293615,-306588.65804196807,4212.986383141529,1006084.5210898916,2926448.6836618655
3787.0,247.30553453773132,15.481474507743153,0.09310492945207097,0.0,0.0,0.0,3762.7310557009887,6377172.426293615,-311866.2774362326,4675.627333234339,1006084.5210898916,2963837.184714095
3788.0,247.3151820094883,15.570649887006088,0.08905081826007133,0.0,0.0,0.0,3794.767933039124,6377172.426293615,-316362.82001295,5155.895168315206,1006084.5210898916,2999890.336793867
3789.0,247.32488359384257,15.655645642431985,0.0849838584728847,0.0,0.0,0.0,3826.061167640226,6377172.426293615,-320215.93168892286,5643.16248842795,1006084.5210898916,3034549.4157508295
3790.0,247.33463668926152,15.736447520578984,0.08092044373353707,0.0,0.0,0.0,3855.880902581709,6377172.426293615,-324090.6554396202,6117.712148526283,1006084.5210898916,3067769.324782911
3791.0,247.34443871880237,15.813148922001115,0.0768810542470728,0.0,0.0,0.0,3884.2072928093976,6377172.426293615,-327985.952236773,6590.953713985062,1006084.5210898916,3099517.770242294
3792.0,247.3542871505357,15.8858013294323,0.07289212034080517,0.0,0.0,0.0,3912.9223940157212,6377172.426293615,-330038.6451818002,7070.242519554336,1006084.5210898916,3129806.275588075
3793.0,247.3641794546174,15.954359972251137,0.06898756251722368,0.0,0.0,0.0,3942.6043203170498,6377172.426293615,-329681.06579578767,7569.170679282928,1006084.5210898916,3158631.6943436633
3794.0,247.37411311621784,16.018917947870026,0.06520853531149828,0.0,0.0,0.0,3970.7884094764377,6377172.426293615,-329321.89348129474,8071.727730806171,1006084.5210898916,3185954.054137035
3795.0,247.3840856852986,16.079590700962946,0.061599990678265756,0.0,0.0,0.0,3997.4892968846357,6377172.426293615,-328961.2195474014,8576.385861360697,1006084.5210898916,3211789.6094807847
3796.0,247.39409478946334,16.136512691975803,0.05820030077758145,0.0,0.0,0.0,4023.497997766768,6377172.426293615,-327834.97664136445,9083.020602058215,1006084.5210898916,3236165.432716183
3797.0,247.4041381463414,16.18983922431397,0.05502659976294306,0.0,0.0,0.0,4049.2099715192207,6377172.426293615,-325584.19622837135,9591.511428449288,1006084.5210898916,3259118.1352292513
3798.0,247.4142136357109,16.239936899466926,0.0520596192974906,0.0,0.0,0.0,4073.5724800251965,6377172.426293615,-323305.09136477305,10098.426113965475,1006084.5210898916,3280694.6241861125
3799.0,247.42431960547162,16.28794585002038,0.04923972727689374,0.0,0.0,0.0,4096.667329092565,6377172.426293615,-321018.6947840349,10571.96844204024,1006084.5210898916,3301029.534344668
3800.0,247.4344549852598,16.33459836656491,0.046481954452381465,0.0,0.0,0.0,4118.916958563096,6377172.426293615,-318725.3813916392,10982.246303421443,1006084.5210898916,3320575.5725614224
3801.0,247.44461966583188,16.382255697162524,0.043709308593131053,0.0,0.0,0.0,4140.584060968627,6377172.426293615,-316425.3940816099,11300.297479365769,1006084.5210898916,3339624.6364809796
3802.0,247.45481235506284,16.424749276758877,0.040890537394396215,0.0,0.0,0.0,4162.597298946896,6377172.426293615,-314118.75764421065,11491.295576396766,1006084.5210898916,3359140.239924819
3803.0,247.4650301948104,16.463207161914813,0.0380615646393332,0.0,0.0,0.0,4182.437505082256,6377172.426293615,-311805.7652969831,11569.50559348083,1006084.5210898916,3376589.243695867
3804.0,247.47526994119704,16.49525973788431,0.03531761736535083,0.0,0.0,0.0,4200.579990677443,6377172.426293615,-309487.0656284489,11562.485702908298,1006084.5210898916,3392420.049513091
3805.0,247.4855290007538,16.52537007615813,0.0327800367326083,0.0,0.0,0.0,4217.019545789875,6377172.426293615,-306233.372492157,11525.935990376413,1006084.5210898916,3405642.461201764
3806.0,247.49580622429437,16.553723789461856,0.030556293465626303,0.0,0.0,0.0,4233.6076986798735,6377172.426293615,-302042.8761204762,11478.97015014278,1006084.5210898916,3418087.083560316
3807.0,247.50610057678026,16.580502669807295,0.02871397580217012,0.0,0.0,0.0,4249.494610925802,6377172.426293615,-297844.9603447032,11428.610342460452,1006084.5210898916,3429826.4398381533
3808.0,247.5164111331908,16.605879037620703,0.02727696927297056,0.0,0.0,0.0,4264.754883107351,6377172.426293615,-293640.04794485064,11378.166600592238,1006084.5210898916,3440932.2433617176
3809.0,247.52673768640983,16.631991277451043,0.026235602212670062,0.0,0.0,0.0,4279.456553346585,6377172.426293615,-289428.5167621515,11327.589961771457,1006084.5210898916,3451472.959057073
3810.0,247.53707961468731,16.655366430759887,0.02555627927904975,0.0,0.0,0.0,4294.604949142943,6377172.426293615,-285089.7589626835,11274.02108792471,1006084.5210898916,3462336.1659278106
3811.0,247.54743585415153,16.67805440795287,0.025180804827408695,0.0,0.0,0.0,4308.7030853402985,6377172.426293615,-280677.66468722577,11221.059417963932,1006084.5210898916,3472075.169519669
3812.0,247.5578064696383,16.701638247047295,0.025018836352748278,0.0,0.0,0.0,4322.550454507225,6377172.426293615,-276259.4649444545,11184.449041737513,1006084.5210898916,3481540.9493200504
3813.0,247.56819198324047,16.726006673954835,0.024946609353932576,0.0,0.0,0.0,4336.799304376662,6377172.426293615,-271835.13207397825,11155.759833109078,1006084.5210898916,3491394.1555276397
3814.0,247.57859359705662,16.75345968380071,0.024823574423867303,0.0,0.0,0.0,4351.400290037522,6377172.426293615,-267404.44333950954,11130.428090825966,1006084.5210898916,3501589.7841963144
3815.0,247.58901250720334,16.781678027222863,0.024526944478463892,0.0,0.0,0.0,4367.3212821004245,6377172.426293615,-262966.88589931605,11109.853313641928,1006084.5210898916,3513093.7935962062
3816.0,247.59944813483625,16.807267922262515,0.023989626489775956,0.0,0.0,0.0,4383.900894841825,6377172.426293615,-258218.89457084157,11097.094413171651,1006084.5210898916,3524938.173909603
3817.0,247.60989944676948,16.832160770977826,0.02322298453366963,0.0,0.0,0.0,4401.582813333185,6377172.426293615,-251289.3044797507,11091.074147371251,1006084.5210898916,3535696.5225756736
3818.0,247.62036560680204,16.855059202634497,0.022310929893829937,0.0,0.0,0.0,4419.651771620969,6377172.426293615,-243699.92618014425,11089.624565290853,1006084.5210898916,3546177.552145931
3819.0,247.63084462233198,16.873538503309625,0.02137812478974319,0.0,0.0,0.0,4436.906918028729,6377172.426293615,-236099.76570853597,11089.624565290853,1006084.5210898916,3555832.5380820823
3820.0,247.64133512633788,16.892036930373536,0.02054663283951054,0.0,0.0,0.0,4452.317670123533,6377172.426293615,-228490.27002298043,11089.624565290853,1006084.5210898916,3563633.7944913316
3821.0,247.65183714250514,16.91059246691467,0.019900541092916658,0.0,0.0,0.0,4467.753400797555,6377172.426293615,-220872.4318067876,11089.624565290853,1006084.5210898916,3571451.6869491595
3822.0,247.66235071663695,16.929238319579838,0.019471092439190082,0.0,0.0,0.0,4483.230232832167,6377172.426293615,-213246.23386041535,11089.624565290853,1006084.5210898916,3579302.3210373996
3823.0,247.67287591342892,16.948002090868528,0.019243433735332136,0.0,0.0,0.0,4498.762351618044,6377172.426293615,-205611.64292323103,11089.624565290853,1006084.5210898916,3587199.848886092
3824.0,247.68341281328262,16.96690673017437,0.019175991518480113,0.0,0.0,0.0,4514.361641152721,6377172.426293615,-197968.61201547447,11089.624565290853,1006084.5210898916,3595156.1075130133
3825.0,247.6939615098822,16.985972040935962,0.019220964970182972,0.0,0.0,0.0,4530.038073283838,6377172.426293615,-190317.08275239525,11089.624565290853,1006084.5210898916,3603181.0103810504
3826.0,247.70452210802992,17.005214005217397,0.0193386200638761,0.0,0.0,0.0,4545.800336603636,6377172.426293615,-182656.9871037862,11089.624565290853,1006084.5210898916,3611283.178052241
3827.0,247.71509472143853,17.02464532078283,0.019503379793973787,0.0,0.0,0.0,4561.655540653847,6377172.426293615,-174988.24896589623,11089.624565290853,1006084.5210898916,3619469.6439645607
3828.0,247.72567947110602,17.04427673900383,0.019705328152504822,0.0,0.0,0.0,4577.609434758974,6377172.426293615,-167310.78576452687,11089.624565290853,1006084.5210898916,3627746.0748683186
3829.0,247.7362764835693,17.064115336315744,0.01994955889575521,0.0,0.0,0.0,4593.666970353971,6377172.426293615,-159624.50963512543,11089.624565290853,1006084.5210898916,3636117.3343339143
3830.0,247.7468858893164,17.084166753710768,0.020255740201917765,0.0,0.0,0.0,4609.831557132216,6377172.426293615,-151929.32869101668,11089.624565290853,1006084.5210898916,3644586.740168051
3831.0,247.7575078215454,17.104434073191946,0.020655260691901257,0.0,0.0,0.0,4626.106010974718,6377172.426293615,-144225.1481763512,11089.624565290853,1006084.5210898916,3653157.0134958858
3832.0,247.76814241492897,17.12491895864309,0.021182413508598896,0.0,0.0,0.0,4642.492068707867,6377172.426293615,-136511.87136728808,11089.624565290853,1006084.5210898916,3661829.7944199727
3833.0,247.77878980467597,17.14562147214766,0.02185784434646271,0.0,0.0,0.0,4658.990870023113,6377172.426293615,-128789.40046927011,11089.624565290853,1006084.5210898916,3670606.1248372006
3834.0,247.789450119489,17.16652061026123,0.022668290388457888,0.0,0.0,0.0,4675.601550177468,6377172.426293615,-121058.96157236736,11089.624565290853,1006084.5210898916,3679486.366094653
3835.0,247.8001234858257,17.187630150431218,0.023552036141004252,0.0,0.0,0.0,4691.642548435024,6377172.426293615,-113993.42800507274,11089.624565290853,1006084.5210898916,3688461.830784914
3836.0,247.81081166377507,17.21419445157843,0.024402162588980366,0.0,0.0,0.0,4707.696540189321,6377172.426293615,-107017.86418691206,11091.127952469937,1006084.5210898916,3697538.755333872
3837.0,247.82151681297833,17.24225518601662,0.025092163992005465,0.0,0.0,0.0,4726.125143751812,6377172.426293615,-100032.62025978936,11096.210647773809,1006084.5210898916,3708977.032273936
3838.0,247.83223963994058,17.271093500800813,0.025516099214813792,0.0,0.0,0.0,4745.236055044953,6377172.426293615,-93036.28479312146,11108.977457613611,1006084.5210898916,3721078.841290569
3839.0,247.84297984009308,17.29817392606269,0.02562559261150667,0.0,0.0,0.0,4764.281567349065,6377172.426293615,-86477.715005689,11138.22444745594,1006084.5210898916,3733536.5368174063
3840.0,247.85373715848712,17.326191642451754,0.0254462097833169,0.0,0.0,0.0,4781.305190807483,6377172.426293615,-81297.41836561696,11264.282506179892,1006084.5210898916,3745253.805577029
3841.0,247.8645106977387,17.350383675808853,0.02506570096748386,0.0,0.0,0.0,4798.769611590707,6377172.426293615,-76219.88517675786,11509.0284700989,1006084.5210898916,3757395.947207475
3842.0,247.87529896707798,17.373603081187557,0.024602974520023243,0.0,0.0,0.0,4814.7220563722,6377172.426293615,-71134.69562415747,11876.283496625814,1006084.5210898916,3767895.94740984
3843.0,247.88610156682893,17.39650868515361,0.02417271127281448,0.0,0.0,0.0,4829.4709148727015,6377172.426293615,-66943.28163447084,12342.095878032798,1006084.5210898916,3777987.579539248
3844.0,247.89691842047486,17.41948180796055,0.023861954941740426,0.0,0.0,0.0,4843.07732197155,6377172.426293615,-63805.49312895499,12842.243021811286,1006084.5210898916,3787956.050988802
3845.0,247.9077495870742,17.442577501944324,0.023726784561773098,0.0,0.0,0.0,4856.752584947833,6377172.426293615,-60663.56435082678,13364.529665506643,1006084.5210898916,3797967.0985432626
3846.0,247.91859513930055,17.465784538013597,0.02380290604646011,0.0,0.0,0.0,4870.5020011375445,6377172.426293615,-57517.47814562956,13890.081607432256,1006084.5210898916,3808044.87658585
3847.0,247.9294551428896,17.489091814024036,0.02411825416968175,0.0,0.0,0.0,4884.318327396581,6377172.426293615,-54367.21340413244,14416.331571510907,1006084.5210898916,3818184.688139311
3848.0,247.94032965676837,17.51248851730374,0.024694050299079444,0.0,0.0,0.0,4898.196919512076,6377172.426293615,-51212.75103236137,14943.28274738049,1006084.5210898916,3828381.8667071657
3849.0,247.95121873328623,17.535964289166767,0.025529583607813867,0.0,0.0,0.0,4912.1297125807205,6377172.426293615,-48054.073914019165,15467.417807397796,1006084.5210898916,3838631.8475974505
3850.0,247.96212241848008,17.559509170620085,0.026577837178539496,0.0,0.0,0.0,4926.069233843797,6377172.426293615,-44891.16684339215,15945.638869773846,1006084.5210898916,3848930.240727524
3851.0,247.9730413941639,17.58517948333367,0.027728320466454435,0.0,0.0,0.0,4939.9779946379085,6377172.426293615,-41724.016448310234,16344.68212716512,1006084.5210898916,3859272.8078691615
3852.0,247.98397876001616,17.618701237981828,0.02881471960774394,0.0,0.0,0.0,4954.755947536852,6377172.426293615,-38552.4246849775,16659.02440917496,1006084.5210898916,3870564.8267227625
3853.0,247.99493627605173,17.650036475416485,0.029652022683190078,0.0,0.0,0.0,4972.922750221446,6377172.426293615,-35375.4912020135,16878.297632697337,1006084.5210898916,3885335.4227008703
3854.0,248.00591391013322,17.683454789951842,0.03009161334475157,0.0,0.0,0.0,4990.061334967354,6377172.426293615,-32192.70477484345,17001.501599742944,1006084.5210898916,3899168.017052563
3855.0,248.01691359130558,17.72099900599825,0.03006910172513217,0.0,0.0,0.0,5009.0555439631535,6377172.426293615,-28012.397315859547,17036.172411979172,1006084.5210898916,3913947.2477771426
3856.0,248.02793425324697,17.75098517143676,0.029622335442283543,0.0,0.0,0.0,5030.88929895445,6377172.426293615,-22820.46711784195,17040.742167655208,1006084.5210898916,3930584.502814746
3857.0,248.03897253697195,17.777717888568553,0.02887112018295475,0.0,0.0,0.0,5049.381893276236,6377172.426293615,-17618.633842969728,17018.159334189626,1006084.5210898916,3943897.846695124
3858.0,248.05002724052332,17.8038353380831,0.027971096476364286,0.0,0.0,0.0,5066.376864897738,6377172.426293615,-12408.48295696177,16915.133469136166,1006084.5210898916,3955785.693295672
3859.0,248.06109864420515,17.83147026453189,0.027067122136815478,0.0,0.0,0.0,5083.019914668399,6377172.426293615,-7190.581792476075,16708.763965516286,1006084.5210898916,3967417.211405467
3860.0,248.07218661511695,17.857159949861984,0.02626631225658846,0.0,0.0,0.0,5100.251335637162,6377172.426293615,-1964.7980439084797,16388.475763733,1006084.5210898916,3979743.136827445
3861.0,248.08329015678098,17.881587533346778,0.025635722049143835,0.0,0.0,0.0,5116.286731944888,6377172.426293615,3026.5453959114807,15957.087242901098,1006084.5210898916,3991218.578216184
3862.0,248.09440873085137,17.90554445550638,0.025215875975198195,0.0,0.0,0.0,5131.108617158267,6377172.426293615,7412.001354234264,15466.525903385977,1006084.5210898916,4002145.568810756
3863.0,248.10554220015726,17.92953052997961,0.025034470706337176,0.0,0.0,0.0,5147.279955426981,6377172.426293615,13366.517941931012,14952.38570926059,1006084.5210898916,4012876.5306858984
3864.0,248.11669058421447,17.953550267271417,0.025111030659683082,0.0,0.0,0.0,5163.486033588471,6377172.426293615,19329.01162510472,14437.556736229782,1006084.5210898916,4023634.944137246
3865.0,248.12785389373033,17.97757080525822,0.025449985924933343,0.0,0.0,0.0,5179.72723923217,6377172.426293615,25299.492855382305,13920.336458031616,1006084.5210898916,4034422.888828865
3866.0,248.13903214187886,18.001632945463957,0.02602641849911831,0.0,0.0,0.0,5195.973617888815,6377172.426293615,31277.9673670455,13385.492912759848,1006084.5210898916,4045225.6365191177
3867.0,248.15022577786337,18.02709932517132,0.026771641672084883,0.0,0.0,0.0,5212.2608747878685,6377172.426293615,37264.44221539525,12850.33635310208,1006084.5210898916,4056061.57512948
3868.0,248.16143563499003,18.05384361129527,0.027570530404179738,0.0,0.0,0.0,5227.669963972188,6377172.426293615,41736.17802019998,12303.590770256127,1006084.5210898916,4067545.674091841
3869.0,248.17266346337053,18.084943040430755,0.028278942278506896,0.0,0.0,0.0,5243.551110562859,6377172.426293615,46009.78688913926,11833.278708477474,1006084.5210898916,4079623.523875351
3870.0,248.18391066041278,18.116185135511355,0.028760828025319783,0.0,0.0,0.0,5261.559211015093,6377172.426293615,50290.24705947126,11493.749524417051,1006084.5210898916,4093690.6933413134
3871.0,248.19517750511278,18.148182563460757,0.02893475350135437,0.0,0.0,0.0,5279.774177846411,6377172.426293615,54578.091274372026,11264.792737093652,1006084.5210898916,4107846.772745053
3872.0,248.2064648133403,18.18205068226049,0.028807282219773564,0.0,0.0,0.0,5298.450059919887,6377172.426293615,58873.42589735085,11121.685506139263,1006084.5210898916,4122370.427426506
3873.0,248.2177711210304,18.209335753758833,0.028474329906618478,0.0,0.0,0.0,5318.083926082573,6377172.426293615,63176.561967906186,11051.732100893323,1006084.5210898916,4137771.110923882
3874.0,248.22909361324523,18.234143488243287,0.028085319103592053,0.0,0.0,0.0,5334.770825534614,6377172.426293615,67486.94133076962,11000.160952451535,1006084.5210898916,4150199.2021615007
3875.0,248.24043151252596,18.25892616864845,0.027785694002810696,0.0,0.0,0.0,5348.6864575351,6377172.426293615,70123.571085861,10963.300421204043,1006084.5210898916,4161515.0649381434
3876.0,248.25178530070812,18.285284777540983,0.027665738047147455,0.0,0.0,0.0,5362.14271359945,6377172.426293615,72284.78270407215,10938.527827863783,1006084.5210898916,4172834.8819776224
3877.0,248.2631556223869,18.312142203538407,0.027740225255213465,0.0,0.0,0.0,5376.3621689437905,6377172.426293615,74449.02303840914,10937.2272957677,1006084.5210898916,4184891.397519722
3878.0,248.27454291914657,18.3399221308709,0.027964507836078106,0.0,0.0,0.0,5390.906769736538,6377172.426293615,76616.4149605404,11011.870953587752,1006084.5210898916,4197193.962732518
3879.0,248.2859486156685,18.3713651503006,0.028271511680919143,0.0,0.0,0.0,5406.028225192954,6377172.426293615,78787.04264452729,11218.56615276786,1006084.5210898916,4209938.095305767
3880.0,248.29737298344833,18.40001893523558,0.028605056192721218,0.0,0.0,0.0,5423.006302613726,6377172.426293615,80961.1776607777,11574.613034640372,1006084.5210898916,4224385.990828416
3881.0,248.30881466138277,18.427080998774123,0.028931418189124213,0.0,0.0,0.0,5438.847713177683,6377172.426293615,83138.87176134372,12050.518659665846,1006084.5210898916,4237573.801666782
3882.0,248.32027357145643,18.45548367711116,0.029227972780669024,0.0,0.0,0.0,5450.48645257115,6377172.426293615,81747.57909737685,12606.452340498285,1006084.5210898916,4250047.900043383
3883.0,248.3317507136966,18.485764508544275,0.029463219661815806,0.0,0.0,0.0,5459.895179349727,6377172.426293615,77485.90320279023,13165.09042746817,1006084.5210898916,4263159.664629577
3884.0,248.34324687403137,18.51669683776712,0.029585249354902185,0.0,0.0,0.0,5469.759313328477,6377172.426293615,72797.85917216093,13716.234891394564,1006084.5210898916,4277160.698175031
3885.0,248.35476197424265,18.54672591020876,0.02952919136927012,0.0,0.0,0.0,5479.91862789114,6377172.426293615,68102.04686063809,14245.393902881977,1006084.5210898916,4291486.666037729
3886.0,248.36629608347454,18.577880792291108,0.029240521569318757,0.0,0.0,0.0,5489.597560819857,6377172.426293615,63398.498217800545,14697.328279363448,1006084.5210898916,4305417.213232801
3887.0,248.3778498858808,18.610111936742165,0.02870145438444369,0.0,0.0,0.0,5498.234561064355,6377172.426293615,57211.55890263736,15044.596714918833,1006084.5210898916,4319893.884356908
3888.0,248.38942294940176,18.639876156941774,0.027946731142313167,0.0,0.0,0.0,5505.818392469553,6377172.426293615,49555.71270255525,15281.927573912277,1006084.5210898916,4334896.231103194
3889.0,248.4010131499692,18.665270605396326,0.02705762107858243,0.0,0.0,0.0,5512.150124542909,6377172.426293615,41887.10359320895,15405.083622757962,1006084.5210898916,4348773.41623705
3890.0,248.41261880998746,18.689635182225164,0.026137417873226834,0.0,0.0,0.0,5516.368971697834,6377172.426293615,34207.13903677148,15446.52804143875,1006084.5210898916,4360630.783529732
3891.0,248.42423953872816,18.71377200082828,0.025279756289680537,0.0,0.0,0.0,5520.08965096381,6377172.426293615,26516.93065116433,15465.749424807793,1006084.5210898916,4372022.449797946
3892.0,248.43587518477065,18.737649203271086,0.024545859288644563,0.0,0.0,0.0,5523.695255236026,6377172.426293615,18816.737343095636,15471.716563401613,1006084.5210898916,4383322.280239637
3893.0,248.44752557700903,18.761235286528404,0.023959853614395076,0.0,0.0,0.0,5527.178170541364,6377172.426293615,11106.65944773139,15472.071200301629,1006084.5210898916,4394514.9188034395
3894.0,248.4591905241076,18.78449664071146,0.02351840923884659,0.0,0.0,0.0,5530.528507259972,6377172.426293615,3386.810344272813,15472.071200301629,1006084.5210898916,4405585.104625505
3895.0,248.47086981353644,18.80739865812255,0.023203832976449568,0.0,0.0,0.0,5533.730426767709,6377172.426293615,-4342.683183353598,15472.071200301629,1006084.5210898916,4416516.517660869
3896.0,248.4825632119415,18.82990892028275,0.02298902973877309,0.0,0.0,0.0,5536.767321207808,6377172.426293615,-12081.680307357365,15472.183215451698,1006084.5210898916,4427292.297209823
3897.0,248.4942704658451,18.8519950740676,0.022832519380776267,0.0,0.0,0.0,5539.624157537589,6377172.426293615,-19830.026401353487,15473.118610007305,1006084.5210898916,4437896.544239043
3898.0,248.5059913017591,18.873625065719256,0.02267224043781225,0.0,0.0,0.0,5542.285450554856,6377172.426293615,-27587.553504499905,15475.154566989258,1006084.5210898916,4448313.328402475
3899.0,248.5177256912149,18.89561958787398,0.022430209543579563,0.0,0.0,0.0,5544.743690448026,6377172.426293615,-35354.080396590485,15486.447664086198,1006084.5210898916,4458526.802090639
3900.0,248.52947540086197,18.92293585890151,0.02203337576817514,0.0,0.0,0.0,5547.389573363777,6377172.426293615,-43129.58821354095,15510.227390752403,1006084.5210898916,4468924.413096674
3901.0,248.5412411473393,18.94723701268326,0.021442587218998704,0.0,0.0,0.0,5552.59515615504,6377172.426293615,-50912.03994808059,15568.007080730493,1006084.5210898916,4481854.667932499
3902.0,248.55302070883744,18.96740199018936,0.02067244144160011,0.0,0.0,0.0,5556.954346237118,6377172.426293615,-58235.64859099223,15732.067373340456,1006084.5210898916,4493373.406364879
3903.0,248.56481230859117,18.985984305181933,0.01978899647805009,0.0,0.0,0.0,5559.51002248882,6377172.426293615,-65506.469387130855,15989.149132957877,1006084.5210898916,4502942.821653102
3904.0,248.57661525961362,19.003938091761984,0.018886598411188876,0.0,0.0,0.0,5561.415464639353,6377172.426293615,-72784.72068049715,16345.477596668925,1006084.5210898916,4511770.18663329
3905.0,248.58842916633785,19.021247203382103,0.018056826678594397,0.0,0.0,0.0,5563.124038178703,6377172.426293615,-80069.97843506375,16802.310494354162,1006084.5210898916,4520307.185029521
3906.0,248.60025362411756,19.037898562955252,0.017363760113582042,0.0,0.0,0.0,5564.598049403454,6377172.426293615,-87361.99849095762,17330.245697354556,1006084.5210898916,4528545.281107166
3907.0,248.61208822116205,19.05388225223776,0.01683104626404501,0.0,0.0,0.0,5565.795676853335,6377172.426293615,-94660.53108413766,17894.28218132122,1006084.5210898916,4536477.40466626
3908.0,248.6239325405115,19.06919155147847,0.01643862826266439,0.0,0.0,0.0,5566.685724268272,6377172.426293615,-101965.32204079104,18468.52276765222,1006084.5210898916,4544098.002451519
3909.0,248.63578616709316,19.083839254357446,0.01612650964007213,0.0,0.0,0.0,5567.247376440577,6377172.426293615,-109276.11399647123,19035.90404303708,1006084.5210898916,4551403.06530412
3910.0,248.64764935526713,19.099967257427796,0.015806808449708137,0.0,0.0,0.0,5567.473509922701,6377172.426293615,-116592.65075151729,19583.70987361663,1006084.5210898916,4558397.92971071
3911.0,248.65952338295114,19.118728168586664,0.015385558114567884,0.0,0.0,0.0,5568.396748715307,6377172.426293615,-123915.0893072582,20121.407681948604,1006084.5210898916,4566105.909250725
3912.0,248.6714085955523,19.1359679264959,0.014790223204491042,0.0,0.0,0.0,5570.485717379522,6377172.426293615,-131244.21844610016,20565.000140344564,1006084.5210898916,4575080.414595386
3913.0,248.68330361364872,19.15028892006251,0.013992639448033918,0.0,0.0,0.0,5572.077348752863,6377172.426293615,-138214.13297487292,20871.934238637725,1006084.5210898916,4583335.026399206
3914.0,248.69520724492224,19.16369098744174,0.013017525904708348,0.0,0.0,0.0,5573.313964796929,6377172.426293615,-143926.17354454944,20957.862741667137,1006084.5210898916,4590197.75450992
3915.0,248.70711894481022,19.176259207947197,0.011932767444337813,0.0,0.0,0.0,5573.128433932446,6377172.426293615,-150353.20044816434,20772.336592207605,1006084.5210898916,4596624.776698511
3916.0,248.71903769233288,19.18637506825559,0.01082789999799592,0.0,0.0,0.0,5572.295462146938,6377172.426293615,-156811.86752076406,20366.799371414378,1006084.5210898916,4602656.009206396
3917.0,248.73096213564835,19.194592142421772,0.009789000402486541,0.0,0.0,0.0,5571.675997604895,6377172.426293615,-161769.7862339521,19847.98650718499,1006084.5210898916,4607513.276241771
3918.0,248.74289152620668,19.20229865986317,0.008877709851337092,0.0,0.0,0.0,5570.733606099949,6377172.426293615,-166099.34370537943,19287.72775042669,1006084.5210898916,4611460.70096501
3919.0,248.75482553824523,19.20946720839296,0.008119063272251967,0.0,0.0,0.0,5569.527918125129,6377172.426293615,-170430.69743443045,18709.7006864184,1006084.5210898916,4615164.39378325
3920.0,248.7667638433136,19.216116549092515,0.007500286358451342,0.0,0.0,0.0,5568.06230576846,6377172.426293615,-174763.7291423798,18130.636266689235,1006084.5210898916,4618610.877554259
3921.0,248.7787062600556,19.22270137000023,0.006980082651360549,0.0,0.0,0.0,5566.346452444184,6377172.426293615,-179098.3195746118,17551.363539743925,1006084.5210898916,4621808.887389161
3922.0,248.7906530353363,19.230145290565364,0.006505147359725421,0.0,0.0,0.0,5564.598966589891,6377172.426293615,-183434.4028838446,16971.891305384048,1006084.5210898916,4624976.95707846
3923.0,248.80260437038004,19.237377788005343,0.00602768231541754,0.0,0.0,0.0,5563.313945198171,6377172.426293615,-187772.0687025058,16441.8314628205,1006084.5210898916,4628559.661347965
3924.0,248.81455969380832,19.242982624150397,0.005517195252336831,0.0,0.0,0.0,5562.016679619173,6377172.426293615,-192111.39009161844,16001.610815774904,1006084.5210898916,4632041.9378051255
3925.0,248.82651813315124,19.24740692007565,0.004962907738208198,0.0,0.0,0.0,5560.03944056847,6377172.426293615,-196452.1595936272,15665.644654531932,1006084.5210898916,4634741.434417674
3926.0,248.83847930499482,19.25177766942,0.004368214091124389,0.0,0.0,0.0,5557.607442724565,6377172.426293615,-200794.06042990903,15444.08753752303,1006084.5210898916,4636872.894527059
3927.0,248.85044313598902,19.25596587499707,0.0037429792874172267,0.0,0.0,0.0,5555.189635310265,6377172.426293615,-205212.63038734463,15338.705565303388,1006084.5210898916,4638979.039042414
3928.0,248.8624093344012,19.259397630315863,0.003098068489525984,0.0,0.0,0.0,5551.1120346621565,6377172.426293615,-211277.31367294668,15307.157861567008,1006084.5210898916,4640997.669383644
3929.0,248.87437727188976,19.261563405383747,0.0024432125598684196,0.0,0.0,0.0,5546.235226053567,6377172.426293615,-217794.39070153644,15293.062355458984,1006084.5210898916,4642652.033309754
3930.0,248.8863464212728,19.263298330809494,0.0017864259642207593,0.0,0.0,0.0,5540.758707169224,6377172.426293615,-224312.4148725996,15290.349586226384,1006084.5210898916,4643696.251365706
3931.0,248.89831640656192,19.264253919557294,0.001132360106759623,0.0,0.0,0.0,5535.076493181907,6377172.426293615,-230831.09907029412,15290.24912401766,1006084.5210898916,4644532.822038292
3932.0,248.91028682514838,19.264692976286835,0.00047937168724842893,0.0,0.0,0.0,5529.019478899611,6377172.426293615,-237350.238522372,15291.562930023609,1006084.5210898916,4644993.633402068
3933.0,248.92225732392293,19.26451201942108,-0.00018388895360875305,0.0,0.0,0.0,5522.7122575025505,6377172.426293615,-243869.61395851543,15291.983988180224,1006084.5210898916,4645205.366382994
3934.0,248.9342274838786,19.263602426650746,-0.0008795954694918,0.0,0.0,0.0,5515.767756292594,6377172.426293615,-250729.3969444503,15294.531920650208,1006084.5210898916,4645118.100226502
3935.0,248.94619700492692,19.262455581166467,-0.001638168450341864,0.0,0.0,0.0,5506.52975585292,6377172.426293615,-259530.363626969,15296.135393382056,1006084.5210898916,4644679.462996615
3936.0,248.95816567661595,19.260868610893414,-0.0024928611290745946,0.0,0.0,0.0,5497.178006645568,6377172.426293615,-268330.8605578566,15297.90232780558,1006084.5210898916,4644126.443785727
3937.0,248.9701331345552,19.258548909029937,-0.0034715225942206795,0.0,0.0,0.0,5487.6163563468135,6377172.426293615,-277130.7330039568,15301.321516700407,1006084.5210898916,4643361.246744179
3938.0,248.98209855173565,19.254300061257336,-0.004588918123331427,0.0,0.0,0.0,5477.699133412326,6377172.426293615,-285929.71305000497,15301.466934993632,1006084.5210898916,4642242.858437446
3939.0,248.9940611117534,19.249352616776015,-0.005842565812322638,0.0,0.0,0.0,5466.845697092245,6377172.426293615,-294727.19264405017,15293.64037014216,1006084.5210898916,4640194.728276262
3940.0,249.00602030355108,19.24345883849876,-0.007214921377870279,0.0,0.0,0.0,5455.631110432762,6377172.426293615,-303522.57153156045,15258.747403944984,1006084.5210898916,4637810.413470487
3941.0,249.01797481911066,19.23430130289169,-0.008682370861162528,0.0,0.0,0.0,5443.861827506659,6377172.426293615,-312315.47396151186,15121.94725194036,1006084.5210898916,4634970.833126339
3942.0,249.0299230628105,19.223271728843,-0.010227567709475579,0.0,0.0,0.0,5430.392149286526,6377172.426293615,-321104.9382239346,14852.043467892168,1006084.5210898916,4630560.522952676
3943.0,249.0418638843778,19.21041183338172,-0.0118494144370175,0.0,0.0,0.0,5415.90148404525,6377172.426293615,-329889.7911503976,14455.336576710875,1006084.5210898916,4625251.417529046
3944.0,249.05379736443658,19.199641762243065,-0.013565514849153599,0.0,0.0,0.0,5400.433078055304,6377172.426293615,-338669.187011852,13952.61514444642,1006084.5210898916,4619065.128832818
3945.0,249.06572341582012,19.18650130487704,-0.01540902144780355,0.0,0.0,0.0,5385.931820958805,6377172.426293615,-347443.1850864773,13403.143592098437,1006084.5210898916,4613887.341363292
3946.0,249.07763925119602,19.166759702854037,-0.01742612745851739,0.0,0.0,0.0,5370.293911202859,6377172.426293615,-356211.7212855942,12847.20475415877,1006084.5210898916,4607573.906644403
3947.0,249.0895433647868,19.14877262957845,-0.0196760459125686,0.0,0.0,0.0,5351.545694512498,6377172.426293615,-364904.8746067252,12269.022305938564,1006084.5210898916,4598097.025723393
3948.0,249.10143559138103,19.12849926472455,-0.022236373807567853,0.0,0.0,0.0,5335.23842997145,6377172.426293615,-372008.3934038199,11691.408624422607,1006084.5210898916,4589470.893660956
3949.0,249.11331446799193,19.105803305203715,-0.02521294261896321,0.0,0.0,0.0,5318.5781898997,6377172.426293615,-378377.2371127087,11112.881645184812,1006084.5210898916,4579758.024277332
3950.0,249.12517828743887,19.080035072340184,-0.028741271211596628,0.0,0.0,0.0,5300.753410790792,6377172.426293615,-384738.93128095166,10511.112871216432,1006084.5210898916,4568896.708110636
3951.0,249.13702478984123,19.05006528002101,-0.03299801559710735,0.0,0.0,0.0,5281.481120935352,6377172.426293615,-391092.5616334752,9908.397257965573,1006084.5210898916,4556580.76422097
3952.0,249.148851417649,19.016065112324785,-0.03820007830676006,0.0,0.0,0.0,5260.245817624622,6377172.426293615,-397436.91789844114,9320.624043235446,1006084.5210898916,4542277.590389936
3953.0,249.16065578241538,18.978407673898072,-0.04459432257143287,0.0,0.0,0.0,5240.500822948589,6377172.426293615,-400382.68214944575,8720.853142835374,1006084.5210898916,4526078.1308653075
3954.0,249.1724352514819,18.935933821121267,-0.05241713258393166,0.0,0.0,0.0,5220.613454224394,6377172.426293615,-401775.61883866345,8134.620957806588,1006084.5210898916,4508169.93101536
3955.0,249.1841842469082,18.880322777611276,-0.061813435392290964,0.0,0.0,0.0,5198.497525675907,6377172.426293615,-403165.6177896459,7564.763771773341,1006084.5210898916,4488013.858603888
3956.0,249.19589602942577,18.816157376025053,-0.07271615777246147,0.0,0.0,0.0,5170.249331939116,6377172.426293615,-404552.0207951989,7025.0597662577875,1006084.5210898916,4461691.771878165
3957.0,249.20756769260421,18.75119146325736,-0.08474627041172404,0.0,0.0,0.0,5138.154243275183,6377172.426293615,-405915.65578216256,6568.487618235986,1006084.5210898916,4431416.890349219
3958.0,249.2191893708954,18.655272018999582,-0.0972018252272091,0.0,0.0,0.0,5107.642916229035,6377172.426293615,-405536.8786826875,6225.964632646824,1006084.5210898916,4400869.309189184
3959.0,249.23074243405424,18.53034130904068,-0.10922748421541653,0.0,0.0,0.0,5064.090636369138,6377172.426293615,-403954.51789406704,6000.391713131373,1006084.5210898916,4355960.241460182
3960.0,249.24221585828184,18.398939783878653,-0.1201475199889328,0.0,0.0,0.0,5007.527049045431,6377172.426293615,-402260.2313596894,5889.19373380872,1006084.5210898916,4297813.56558142
3961.0,249.25359011972836,18.211168048834256,-0.12982845943312082,0.0,0.0,0.0,4950.854405660089,6377172.426293615,-398159.7965412073,5852.927782746116,1006084.5210898916,4237076.753328658
3962.0,249.2648675618743,18.087309437469717,-0.13885999952335273,0.0,0.0,0.0,4869.027588947256,6377172.426293615,-393926.75561358896,5835.360511936811,1006084.5210898916,4151034.4629590167
3963.0,249.27606898154156,17.966476017117806,-0.14839370536199453,0.0,0.0,0.0,4816.946906332465,6377172.426293615,-389729.7469210227,5830.057917163996,1006084.5210898916,4094762.074246432
3964.0,249.28719290822437,17.83788431835342,-0.15965202641476278,0.0,0.0,0.0,4766.587413178537,6377172.426293615,-385561.03072597354,5829.736237213151,1006084.5210898916,4040234.1865774062
3965.0,249.29823075698073,17.689418716750765,-0.17331105325948704,0.0,0.0,0.0,4713.099815020232,6377172.426293615,-381421.1542913095,5829.736237213151,1006084.5210898916,3982606.7119844374
3966.0,249.30917176449017,17.526183333727513,-0.18905287753999536,0.0,0.0,0.0,4651.188675546824,6377172.426293615,-377313.3125858823,5829.736237213151,1006084.5210898916,3916587.730805602
3967.0,249.31999408328394,17.307397721364513,-0.20551072662209788,0.0,0.0,0.0,4583.310598210513,6377172.426293615,-373241.5112830448,5829.751067619238,1006084.5210898916,3844637.8373360466
3968.0,249.33067859111853,17.082613955681765,-0.22066149065361818,0.0,0.0,0.0,4491.949086769084,6377172.426293615,-369213.8811286785,5829.460603080173,1006084.5210898916,3749248.9862047904
3969.0,249.3411996390704,16.7812726660569,-0.2325180573768569,0.0,0.0,0.0,4399.168745496689,6377172.426293615,-365237.5386498367,5828.798009463522,1006084.5210898916,3652492.96504717
3970.0,249.351533672237,16.480673206584353,-0.23982206099252745,0.0,0.0,0.0,4275.352636000036,6377172.426293615,-361322.0293404134,5822.2579353905,1006084.5210898916,3524767.886315168
3971.0,249.36169326649758,16.219809648050525,-0.24242198339613427,0.0,0.0,0.0,4154.037084596909,6377172.426293615,-357476.1193842237,5806.6841760826655,1006084.5210898916,3399621.9987151586
3972.0,249.37170035825434,15.98981644766848,-0.2411710181903504,0.0,0.0,0.0,4051.0231795900418,6377172.426293615,-353695.12854669295,5781.560235678788,1006084.5210898916,3292852.226811164
3973.0,249.38156687801828,15.767353386117946,-0.2374306141726808,0.0,0.0,0.0,3961.8755755452203,6377172.426293615,-350049.4071670628,5709.941089649304,1006084.5210898916,3200130.520532742
3974.0,249.3912964954654,15.549171698590232,-0.23247821143879696,0.0,0.0,0.0,3876.5703776609107,6377172.426293615,-346785.28654539783,5566.715530655979,1006084.5210898916,3111704.427585761
3975.0,249.40088756092095,15.321398861841896,-0.22714028826904378,0.0,0.0,0.0,3794.0198156589145,6377172.426293615,-343605.89752755803,5357.730521414472,1006084.5210898916,3026183.4615751663
3976.0,249.41033113145087,15.074432731434529,-0.22177566510302388,0.0,0.0,0.0,3708.8800800904237,6377172.426293615,-340471.78374102566,5092.92893399041,1006084.5210898916,2938174.413807567
3977.0,249.41962933630745,14.853513276265048,-0.21651973296140392,0.0,0.0,0.0,3617.6741802580786,6377172.426293615,-337385.8675068862,4758.766285018073,1006084.5210898916,2844216.7603900554
3978.0,249.42879708760265,14.65454446254713,-0.21155716051784024,0.0,0.0,0.0,3537.5750809284905,6377172.426293615,-334347.4530402126,4375.750820378645,1006084.5210898916,2761462.2620584327
3979.0,249.43784143926976,14.45632936139402,-0.20726573258130948,0.0,0.0,0.0,3466.668574261075,6377172.426293615,-331351.66744590516,3959.756675859625,1006084.5210898916,2687975.9639412286
3980.0,249.44676290633828,14.259018262672184,-0.2041939392580935,0.0,0.0,0.0,3396.971743193721,6377172.426293615,-328396.2056797861,3529.99674400547,1006084.5210898916,2615753.43103961
3981.0,249.4555624657837,14.063947733144266,-0.20295307704580307,0.0,0.0,0.0,3328.5378179002814,6377172.426293615,-325480.89944346464,3097.1076087784672,1006084.5210898916,2544837.088645076
3982.0,249.4642415095613,13.871116892973504,-0.2040637927238636,0.0,0.0,0.0,3261.834515329756,6377172.426293615,-322605.4294864325,2671.3515563673946,1006084.5210898916,2475684.0721699293
3983.0,249.47280148958907,13.680719622813928,-0.2077835851965344,0.0,0.0,0.0,3196.840558578728,6377172.426293615,-319769.34095347236,2264.125619695292,1006084.5210898916,2408261.252822614
3984.0,249.4812442205789,13.493729759488378,-0.213898580704995,0.0,0.0,0.0,3133.598149469679,6377172.426293615,-316972.1593950896,1883.1934548184736,1006084.5210898916,2342602.5943200584
3985.0,249.48956575909284,13.290639824614416,-0.22156629406294248,0.0,0.0,0.0,3072.4148159976626,6377172.426293615,-314213.29181006167,1541.3492314137957,1006084.5210898916,2279002.237486419
3986.0,249.4977501350426,13.05224735731454,-0.22932066139761131,0.0,0.0,0.0,3006.827200082096,6377172.426293615,-311494.02681258635,1319.330764003978,1006084.5210898916,2210917.3750407873
3987.0,249.5057816396837,12.79859600093279,-0.23533555027936348,0.0,0.0,0.0,2930.8208098233345,6377172.426293615,-308819.58301724715,1241.0467089375643,1006084.5210898916,2132314.825041753
3988.0,249.5136417414065,12.500556212151173,-0.23789704967655434,0.0,0.0,0.0,2851.444189531262,6377172.426293615,-306195.0936381502,1311.487911264854,1006084.5210898916,2050243.274168256
3989.0,249.5213201949127,12.213928519229896,-0.23590488098531956,0.0,0.0,0.0,2759.841996006408,6377172.426293615,-303626.614329245,1516.6811328523395,1006084.5210898916,1955867.408112909
3990.0,249.52883876715643,11.985949590184196,-0.22916890139246762,0.0,0.0,0.0,2673.437565250605,6377172.426293615,-301684.65663672425,1834.9303169327732,1006084.5210898916,1867202.7704805047
3991.0,249.5362141351787,11.75299995581072,-0.21837877760027108,0.0,0.0,0.0,2605.16038427608,6377172.426293615,-301317.3273259582,2244.38542336619,1006084.5210898916,1798148.8050887806
3992.0,249.54345296019474,11.546461346751537,-0.2047962433883621,0.0,0.0,0.0,2536.35895600817,6377172.426293615,-301384.274014539,2725.5480983672,1006084.5210898916,1728933.1608344498
3993.0,249.55056870119543,11.356831897350911,-0.18983296421742257,0.0,0.0,0.0,2476.560146401523,6377172.426293615,-301449.9812934954,3224.5260539581286,1006084.5210898916,1668701.0805511689
3994.0,249.5575764831888,11.198975849039956,-0.17468821208027052,0.0,0.0,0.0,2422.6337793182015,6377172.426293615,-301514.57133094966,3723.375445302616,1006084.5210898916,1614340.4541139568
3995.0,249.56448764166566,11.045831717332613,-0.16014939540362308,0.0,0.0,0.0,2378.506870193639,6377172.426293615,-301578.1814175677,4225.736754202641,1006084.5210898916,1569774.793767112
3996.0,249.57130983069015,10.91261165194247,-0.14657300681513455,0.0,0.0,0.0,2336.3055731710074,6377172.426293615,-301640.91444633034,4726.441509544962,1006084.5210898916,1527135.525017901
3997.0,249.57804652313914,10.770645599801778,-0.1340049349094963,0.0,0.0,0.0,2300.333223393415,6377172.426293615,-301486.0159739228,5213.5937337888545,1006084.5210898916,1490521.1245436578
3998.0,249.58470089197567,10.647638286946036,-0.12236353623343477,0.0,0.0,0.0,2263.014816298631,6377172.426293615,-300755.0097352104,5693.360103242907,1006084.5210898916,1451991.9448407071
3999.0,249.59128156131612,10.533430505770172,-0.11159801587641004,0.0,0.0,0.0,2231.419621158264,6377172.426293615,-299848.9777442957,6168.008636766663,1006084.5210898916,1419016.0691759016
4000.0,249.59780026270965,10.448183295584954,-0.10175638337612256,0.0,0.0,0.0,2202.5122377307052,6377172.426293615,-298952.98037917266,6642.426733124049,1006084.5210898916,1388738.270286862
4001.0,249.6042656015802,10.361673620313937,-0.09295223165930154,0.0,0.0,0.0,2181.482236429292,6377172.426293615,-298065.4203194794,7112.0664015692555,1006084.5210898916,1366351.0692573106
4002.0,249.6106790450632,10.28114864946155,-0.08528332402233689,0.0,0.0,0.0,2160.2911701598837,6377172.426293615,-297185.1258854403,7573.471925544512,1006084.5210898916,1343818.3030298883
4003.0,249.61704484086115,10.208310969488894,-0.07875897547700429,0.0,0.0,0.0,2140.816255618249,6377172.426293615,-296311.8973178254,8030.935528602056,1006084.5210898916,1323012.6963175808
4004.0,249.62336639886777,10.138761355274928,-0.07328120796716264,0.0,0.0,0.0,2123.4576155277678,6377172.426293615,-295445.15626660554,8485.144570921038,1006084.5210898916,1304333.1061335609
4005.0,249.629645729795,10.072395513569674,-0.06867835667225693,0.0,0.0,0.0,2107.0610062554165,6377172.426293615,-294584.43845442357,8940.216584840658,1006084.5210898916,1286620.707035108
4006.0,249.6358847770452,10.009101089741351,-0.0647518306416531,0.0,0.0,0.0,2091.589514791157,6377172.426293615,-293729.4701108626,9402.435364057714,1006084.5210898916,1269832.0284480704
4007.0,249.64208541652087,9.948773177787226,-0.061319156866421004,0.0,0.0,0.0,2076.989274492411,6377172.426293615,-292879.9866301013,9861.688879582229,1006084.5210898916,1253923.0511530382
4008.0,249.64824945897197,9.891306978720849,-0.058233908475325905,0.0,0.0,0.0,2063.2202387032917,6377172.426293615,-292035.732596835,10318.40110472592,1006084.5210898916,1238853.0491055094
4009.0,249.65437865055804,9.836599395591351,-0.05538991822563213,0.0,0.0,0.0,2050.2468122641017,6377172.426293615,-291196.46146665583,10776.119434996814,1006084.5210898916,1224582.633205869
4010.0,249.66047467371877,9.784548431345096,-0.05271297774152642,0.0,0.0,0.0,2038.0278336156314,6377172.426293615,-290361.9354895311,11231.181219852431,1006084.5210898916,1211074.0667954185
4011.0,249.66653914958292,9.73505874303758,-0.05015450174050593,0.0,0.0,0.0,2026.5223137916603,6377172.426293615,-289531.92559127434,11678.68491098152,1006084.5210898916,1198291.0333820616
4012.0,249.67257306935784,9.686198158126404,-0.04768452587947298,0.0,0.0,0.0,2015.6890726517067,6377172.426293615,-288706.21104553406,12110.849103937186,1006084.5210898916,1186199.913503412
4013.0,249.67857794940866,9.64158916387576,-0.04529043055084867,0.0,0.0,0.0,2005.0472559560221,6377172.426293615,-287884.65689351654,12524.751007161129,1006084.5210898916,1174322.640752486
4014.0,249.68455581576018,9.599249704355229,-0.04297279316112218,0.0,0.0,0.0,1995.4548960943944,6377172.426293615,-287067.0566730713,12906.377644110304,1006084.5210898916,1163531.0540334638
4015.0,249.69050805037998,9.559088821762368,-0.04074164172080186,0.0,0.0,0.0,1986.4135841765483,6377172.426293615,-286253.13452884846,13247.618317507156,1006084.5210898916,1153334.579297998
4016.0,249.69643598137134,9.521024101527242,-0.03860888935346265,0.0,0.0,0.0,1977.887597268621,6377172.426293615,-285442.702297711,13541.54375316648,1006084.5210898916,1143704.234723274
4017.0,249.7023408816334,9.484960273908817,-0.03658249839340067,0.0,0.0,0.0,1969.8493016965456,6377172.426293615,-284635.579150488,13786.552753563688,1006084.5210898916,1134613.8070035784
4018.0,249.70822397050108,9.450820202752183,-0.03466378492404597,0.0,0.0,0.0,1962.2687991207863,6377172.426293615,-283831.59177437273,13981.186336313176,1006084.5210898916,1126034.6834689544
4019.0,249.7140864160728,9.418516110002455,-0.03284779837277743,0.0,0.0,0.0,1955.1247437913787,6377172.426293615,-283030.57414964,14127.600875594098,1006084.5210898916,1117943.1959755332
4020.0,249.7199292377489,9.38765716237271,-0.031126199198871753,0.0,0.0,0.0,1948.3940030033882,6377172.426293615,-282232.36723273195,14228.132640099537,1006084.5210898916,1110313.716506129
4021.0,249.7257533528696,9.3583056943822,-0.02949047342147948,0.0,0.0,0.0,1941.978727879262,6377172.426293615,-281436.8322262123,14281.095778702334,1006084.5210898916,1103049.9432368802
4022.0,249.7315597465727,9.33061758991615,-0.02793423242014691,0.0,0.0,0.0,1935.905823822766,6377172.426293615,-280643.844228735,14302.017100374496,1006084.5210898916,1096163.1298612352
4023.0,249.73734943302517,9.304530400918413,-0.026453333918433845,0.0,0.0,0.0,1930.228198724641,6377172.426293615,-279853.26910792274,14310.583397498349,1006084.5210898916,1089686.363345174
4024.0,249.7431234757839,9.280265545787543,-0.02504547612663278,0.0,0.0,0.0,1924.9359285015266,6377172.426293615,-279064.9687788941,14314.73659451812,1006084.5210898916,1083601.639596011
4025.0,249.74888287686608,9.257403529373686,-0.023709936790622766,0.0,0.0,0.0,1919.8039123442318,6377172.426293615,-278554.3982747098,14316.529811038265,1006084.5210898916,1077957.2597180116
4026.0,249.75462767362765,9.23325891111945,-0.02244749679511595,0.0,0.0,0.0,1914.5099310182668,6377172.426293615,-278544.04210751207,14316.76485339475,1006084.5210898916,1072652.6871824926
4027.0,249.76035867300575,9.212994167218229,-0.02125829513706173,0.0,0.0,0.0,1908.9212601605482,6377172.426293615,-278544.04210751184,14316.057340989424,1006084.5210898916,1067064.723837179
4028.0,249.76607749325012,9.194058176949776,-0.020136653414878036,0.0,0.0,0.0,1904.2408576100725,6377172.426293615,-278544.04210751184,14314.40670140784,1006084.5210898916,1062385.971926285
4029.0,249.77178487797448,9.17618688761997,-0.01906565637899629,0.0,0.0,0.0,1899.877267789838,6377172.426293615,-278544.0421075114,14313.49331729499,1006084.5210898916,1058023.295490163
4030.0,249.77748101941393,9.157869640711242,-0.018016867221136063,0.0,0.0,0.0,1895.7674191862832,6377172.426293615,-278544.042107511,14312.790702012702,1006084.5210898916,1053914.14950189
4031.0,249.7831656786139,9.139229233077492,-0.016959389829136962,0.0,0.0,0.0,1891.5630893299933,6377172.426293615,-278544.04210751003,14311.84904549661,1006084.5210898916,1049710.7613021152
4032.0,249.7888390629528,9.12157947085668,-0.015874717912922397,0.0,0.0,0.0,1887.2934006283579,6377172.426293615,-278544.0421075092,14311.083875099475,1006084.5210898916,1045441.837770876
4033.0,249.79450284351702,9.108317755595364,-0.014767986980282569,0.0,0.0,0.0,1883.2582030158378,6377172.426293615,-278544.04210750986,14309.920696070192,1006084.5210898916,1041407.803337386
4034.0,249.80015828986618,9.094754299444553,-0.013667475069456798,0.0,0.0,0.0,1880.230606291345,6377172.426293615,-278544.04210751003,14308.29422500276,1006084.5210898916,1038381.8330839608
4035.0,249.80580580791923,9.082799107605672,-0.012611723698637037,0.0,0.0,0.0,1877.1392646308905,6377172.426293615,-278544.04210751125,14307.21804726983,1006084.5210898916,1035291.5676012402
4036.0,249.81144629844192,9.07213492796875,-0.01163251645606467,0.0,0.0,0.0,1874.4188203135288,6377172.426293615,-278544.0421075114,14306.797590714034,1006084.5210898916,1032571.5437404348
4037.0,249.81708038269198,9.062179365968138,-0.010743343308249312,0.0,0.0,0.0,1871.9940166981087,6377172.426293615,-278544.0421075114,14305.269871359043,1006084.5210898916,1030148.2678443696
4038.0,249.82270848859963,9.05289255691856,-0.009939330098858112,0.0,0.0,0.0,1869.7326930809268,6377172.426293615,-278544.0421075116,14303.62996453494,1006084.5210898916,1027888.584134012
4039.0,249.82833032696217,9.042006143809507,-0.00920663882086468,0.0,0.0,0.0,1867.625399440294,6377172.426293615,-278544.04210751224,14301.991797820609,1006084.5210898916,1025782.928660094
4040.0,249.83394633000435,9.03411052797233,-0.008534594706900163,0.0,0.0,0.0,1865.1593593279595,6377172.426293615,-278544.0421075116,14301.54646493348,1006084.5210898916,1023317.3338806458
4041.0,249.83955759733712,9.026763410614992,-0.007921989348421535,0.0,0.0,0.0,1863.3729254851548,6377172.426293615,-278544.04210751125,14301.4845295599,1006084.5210898916,1021530.9619732146
4042.0,249.8451644596394,9.0199321445305,-0.007374779772559675,0.0,0.0,0.0,1861.7120523001324,6377172.426293615,-278544.04210751125,14301.4845295599,1006084.5210898916,1019870.088788192
4043.0,249.85076722777958,9.01358561291835,-0.00689687093127699,0.0,0.0,0.0,1860.1690036148461,6377172.426293615,-278544.04210751184,14301.4845295599,1006084.5210898916,1018327.0401029066
4044.0,249.85636619375265,9.007694185277623,-0.006481106782760361,0.0,0.0,0.0,1858.7364937066213,6377172.426293615,-278544.04210751265,14301.4845295599,1006084.5210898916,1016894.5301946824
4045.0,249.86196160932016,9.002157993521402,-0.0061066188304644085,0.0,0.0,0.0,1857.4075979213412,6377172.426293615,-278544.04210751224,14301.47225523012,1006084.5210898916,1015565.6466837318
4046.0,249.8675531260851,8.995145187485914,-0.005744651156644327,0.0,0.0,0.0,1856.159147213833,6377172.426293615,-278544.04210751085,14300.9854045537,1006084.5210898916,1014317.6828268984
4047.0,249.87314063054038,8.989243652656924,-0.005369309565423506,0.0,0.0,0.0,1854.5780615344881,6377172.426293615,-278544.04210751003,14299.619282951717,1006084.5210898916,1012737.9632691548
4048.0,249.87872464030457,8.983896895119651,-0.00496741858715502,0.0,0.0,0.0,1853.249503899126,6377172.426293615,-278544.04210751026,14299.499963801614,1006084.5210898916,1011409.5249529432
4049.0,249.88430577685446,8.979995695245574,-0.004541627581657978,0.0,0.0,0.0,1852.046698979193,6377172.426293615,-278544.04210750887,14299.499963801614,1006084.5210898916,1010206.7200330088
4050.0,249.8898844002804,8.975807953377435,-0.00410675191540787,0.0,0.0,0.0,1851.1695378332101,6377172.426293615,-278544.0421075084,14299.499963801614,1006084.5210898916,1009329.5588870252
4051.0,249.8954606110166,8.972230019028784,-0.0036822559238016725,0.0,0.0,0.0,1850.2283734434438,6377172.426293615,-278544.04210750724,14299.499963801614,1006084.5210898916,1008388.394497258
4052.0,249.9010347930709,8.969278275444402,-0.003285251727706056,0.0,0.0,0.0,1849.4238751292312,6377172.426293615,-278544.04210750567,14298.768484311318,1006084.5210898916,1007584.627662534
4053.0,249.90660723477907,8.966628401901287,-0.0029268131509039555,0.0,0.0,0.0,1848.7596758534064,6377172.426293615,-278544.0421075034,14297.423867670605,1006084.5210898916,1006921.7730033476
4054.0,249.9121781101408,8.964236707290462,-0.0026111876783093554,0.0,0.0,0.0,1848.1640055577507,6377172.426293615,-278544.04210750223,14296.633368817456,1006084.5210898916,1006326.8932065438
4055.0,249.9177475615515,8.96204515933517,-0.0023374014402968183,0.0,0.0,0.0,1847.6272362149284,6377172.426293615,-278544.042107501,14296.633368817456,1006084.5210898916,1005790.1238637205
4056.0,249.923315716231,8.96006294447628,-0.0021012014179220806,0.0,0.0,0.0,1847.0670595537451,6377172.426293615,-278612.4941703883,14296.633368817456,1006084.5210898916,1005298.3992654246
4057.0,249.92888270114378,8.95828005457331,-0.0018969222053833597,0.0,0.0,0.0,1846.2368914611623,6377172.426293615,-278998.0099507492,14296.633368817456,1006084.5210898916,1004853.7469532026
4058.0,249.93444862456448,8.956646341220118,-0.0017188373920172136,0.0,0.0,0.0,1844.7253345911377,6377172.426293615,-280109.71129114757,14296.633368817456,1006084.5210898916,1004453.8914235764
4059.0,249.9400135757768,8.95515082681175,-0.001561906675545065,0.0,0.0,0.0,1843.247515954546,6377172.426293615,-281221.2006564534,14296.633368817456,1006084.5210898916,1004087.5621522904
4060.0,249.94557763727073,8.953782622520897,-0.0014221317802712151,0.0,0.0,0.0,1841.8009385334133,6377172.426293615,-282332.4958762014,14296.633368817456,1006084.5210898916,1003752.2799509056
4061.0,249.95114088529382,8.952532524436098,-0.0012963907794073493,0.0,0.0,0.0,1840.3831297220934,6377172.426293615,-283443.6134232757,14296.633368817456,1006084.5210898916,1003445.5886866602
4062.0,249.9567033902434,8.951390906624075,-0.0011823860300916621,0.0,0.0,0.0,1838.9919985453387,6377172.426293615,-284554.56852395396,14296.633368817456,1006084.5210898916,1003165.4126105836
4063.0,249.96226521695277,8.95034948633092,-0.001078395850741193,0.0,0.0,0.0,1837.6253628860986,6377172.426293615,-285665.37523625884,14296.633368817456,1006084.5210898916,1002909.5836636483
4064.0,249.9678264251642,8.949400159568452,-0.0009832031231601164,0.0,0.0,0.0,1836.2813447204576,6377172.426293615,-286776.0465071119,14296.633368817456,1006084.5210898916,1002676.2367688606
4065.0,249.97338706983402,8.94853562630414,-0.0008958822960609677,0.0,0.0,0.0,1834.9587165222774,6377172.426293615,-287886.5942667582,14297.241140230864,1006084.5210898916,1002463.5485589132
4066.0,249.97894720157143,8.947749194284198,-0.0008157167896465058,0.0,0.0,0.0,1833.655890296711,6377172.426293615,-288997.0294897365,14298.521491629252,1006084.5210898916,1002269.8772049268
4067.0,249.9845068667667,8.94703397648812,-0.0007421253239787741,0.0,0.0,0.0,1832.3704790650584,6377172.426293615,-290107.36228246527,14299.602040316948,1006084.5210898916,1002093.718217315
4068.0,249.99006610793055,8.946384372720747,-0.0006746011342529858,0.0,0.0,0.0,1831.1001641490889,6377172.426293615,-291217.6019088722,14299.720471108056,1006084.5210898916,1001933.5244969614
4069.0,249.9956249640414,8.94579461412047,-0.0006126857977514306,0.0,0.0,0.0,1829.8445227367317,6377172.426293615,-292327.7568581436,14299.720471108056,1006084.5210898916,1001788.0380338756
4070.0,250.00118347080792,8.945259945166843,-0.0005559554450693641,0.0,0.0,0.0,1828.6023704007437,6377172.426293615,-293437.83491409966,14299.720471108056,1006084.5210898916,1001655.9637538436
4071.0,250.00674166092315,8.944775414887657,-0.000504017163809551,0.0,0.0,0.0,1827.3726324767908,6377172.426293615,-294547.8432075994,14299.720471108056,1006084.5210898916,1001536.2341233908
4072.0,250.01229956429057,8.944336995755588,-0.0004565090471513565,0.0,0.0,0.0,1826.1541916346728,6377172.426293615,-295657.7882672857,14299.720471108056,1006084.5210898916,1001427.7383409586
4073.0,250.01785720833072,8.943940723467168,-0.00041309759974040325,0.0,0.0,0.0,1824.946138304851,6377172.426293615,-296767.6760647527,14299.720471108056,1006084.5210898916,1001329.572808604
4074.0,250.02341461809695,8.943582942885122,-0.0003734748954482018,0.0,0.0,0.0,1823.7475779151641,6377172.426293615,-297877.5120757581,14299.720471108056,1006084.5210898916,1001240.8484299228
4075.0,250.02897181636996,8.943259994504396,-0.00033735445626531687,0.0,0.0,0.0,1822.5576858828776,6377172.426293615,-298987.30130333186,14299.720471108056,1006084.5210898916,1001160.7456252096
4076.0,250.03452882384664,8.942968830540481,-0.0003044673764611997,0.0,0.0,0.0,1821.3756373508295,6377172.426293615,-300097.04829668126,14299.720471108056,1006084.5210898916,1001088.4440865112
4077.0,250.0400856593355,8.942706420651858,-0.0002745597168442155,0.0,0.0,0.0,1820.2007450389517,6377172.426293615,-301206.75718887825,14299.720471108056,1006084.5210898916,1001023.2606668306
4078.0,250.04564233988637,8.94247013489016,-0.00024739156509216015,0.0,0.0,0.0,1819.0323261189042,6377172.426293615,-302316.4317358913,14299.720471108056,1006084.5210898916,1000964.516293796
4079.0,250.05119888098326,8.94225756288713,-0.00022273708165983127,0.0,0.0,0.0,1817.869787890136,6377172.426293615,-303426.0753425091,14299.720471108056,1006084.5210898916,1000911.6216716454
4080.0,250.0567552966763,8.942066499956988,-0.00020038456791034428,0.0,0.0,0.0,1816.7125872349986,6377172.426293615,-304535.69110080454,14299.720471108056,1006084.5210898916,1000864.0367748037
4081.0,250.06231159969965,8.94189491521238,-0.00018013422670635771,0.0,0.0,0.0,1815.5602274598389,6377172.426293615,-305645.2818165231,14299.720471108056,1006084.5210898916,1000821.2677153624
4082.0,250.0678678015821,8.94174095979551,-0.00016179688170597838,0.0,0.0,0.0,1814.4122511164826,6377172.426293615,-306754.8500326213,14299.720471108056,1006084.5210898916,1000782.8595881042
4083.0,250.07342391268264,8.9416027173117,-0.00014518747200636625,0.0,0.0,0.0,1813.2134347584465,6377172.426293615,-307919.20510087075,14299.720471108056,1006084.5210898916,1000748.3982983176
4084.0,250.0789799422878,8.94147865214972,-0.0001301139239762517,0.0,0.0,0.0,1811.565814084675,6377172.426293615,-309535.882164123,14299.720471108056,1006084.5210898916,1000717.4546877984
4085.0,250.08453589887046,8.941367681388169,-0.00011635481179647935,0.0,0.0,0.0,1809.1172872932038,6377172.426293615,-311956.6391439137,14299.720471108056,1006084.5210898916,1000689.684876118
4086.0,250.09009179016547,8.941268511989964,-0.00010362402705172017,0.0,0.0,0.0,1806.6717235960011,6377172.426293615,-314377.3643078864,14299.720471108056,1006084.5210898916,1000664.8463428878
4087.0,250.0956476231406,8.941179968411495,-9.153221539448606e-05,0.0,0.0,0.0,1804.2288300990106,6377172.426293615,-316798.06102607533,14299.720471108056,1006084.5210898916,1000642.6495640863
4088.0,250.10120340406678,8.941100983044244,-7.956135883085792e-05,0.0,0.0,0.0,1801.788340564236,6377172.426293615,-319218.7323343542,14299.720471108056,1006084.5210898916,1000622.8313375908
4089.0,250.10675913858228,8.941030587316734,-6.709526631414986e-05,0.0,0.0,0.0,1799.35001323508,6377172.426293615,-321639.380964949,14299.720471108056,1006084.5210898916,1000605.1526390294
4090.0,250.11231483175175,8.940967903422987,-5.352954627776154e-05,0.0,0.0,0.0,1796.9136288128568,6377172.426293615,-324060.00937445887,14299.720471108056,1006084.5210898916,1000589.396626316
4091.0,250.11787048812022,8.94091213664427,-3.844992931363616e-05,0.0,0.0,0.0,1794.478988576592,6377172.426293615,-326480.619769544,14299.720471108056,1006084.5210898916,1000575.3667851364
4092.0,250.12342611176248,8.940862568231548,-2.181010979318822e-05,0.0,0.0,0.0,1792.0459126383648,6377172.426293615,-328901.21413046186,14299.720471108056,1006084.5210898916,1000562.885207827
4093.0,250.1289817187449,8.940858513996298,-4.009834171142208e-06,0.0,0.0,0.0,1789.6142383266395,6377172.426293615,-331321.7942326011,14299.720471108056,1006084.5210898916,1000551.7909982408
4094.0,250.13453733283234,8.940885436880922,1.4193323405836607e-05,0.0,0.0,0.0,1787.1927580827064,6377172.426293615,-333742.36707607046,14299.720471108056,1006084.5210898916,1000550.8835977772
4095.0,250.14009297130363,8.940936997887476,3.191846688933912e-05,0.0,0.0,0.0,1784.778207908697,6377172.426293615,-336162.94301517087,14299.720471108056,1006084.5210898916,1000556.909362868
4096.0,250.14564864375942,8.940994822154067,4.844071997119365e-05,0.0,0.0,0.0,1782.3691615605649,6377172.426293615,-338583.52957830305,14299.720471108056,1006084.5210898916,1000568.4495778682
4097.0,250.15120435435833,8.9410597683384,6.339651315873504e-05,0.0,0.0,0.0,1779.9615023068525,6377172.426293615,-341004.1309484571,14299.720471108056,1006084.5210898916,1000581.39169431
4098.0,250.1567601153136,8.941156903160268,7.684787973206251e-05,0.0,0.0,0.0,1777.5553041725532,6377172.426293615,-343424.7489375266,14299.60409566813,1006084.5210898916,1000595.9279245202
4099.0,250.16231593357932,8.941244232398654,8.92130163345645e-05,0.0,0.0,0.0,1775.1559379111852,6377172.426293615,-345845.38886681537,14299.1368877453,1006084.5210898916,1000617.6688003638
4100.0,250.1678718085493,8.941339415925784,0.00010111868461863178,0.0,0.0,0.0,1772.7546311951915,6377172.426293615,-348266.0537662236,14298.948695535357,1006084.5210898916,1000637.2151759882
4101.0,250.17342774612544,8.941445741669083,0.0001132388742320325,0.0,0.0,0.0,1770.3552461608444,6377172.426293615,-350686.7433716127,14298.948695535357,1006084.5210898916,1000658.51974703
4102.0,250.17898375365687,8.941564579537808,0.0001261694148605422,0.0,0.0,0.0,1767.9583280375716,6377172.426293615,-353107.46025445673,14298.948695535357,1006084.5210898916,1000682.3185066014
4103.0,250.18453983939932,8.94169747797987,0.0001403643422503559,0.0,0.0,0.0,1765.5641803433216,6377172.426293615,-355528.20761674567,14298.948695535357,1006084.5210898916,1000708.9181746404
4104.0,250.19009601251696,8.941845812310465,0.0001561344188178266,0.0,0.0,0.0,1763.173146191696,6377172.426293615,-357948.9890555119,14298.948695535357,1006084.5210898916,1000738.6654617812
4105.0,250.19565228305132,8.94201103123915,0.0001736869557966326,0.0,0.0,0.0,1760.7855295808934,6377172.426293615,-360369.8085635675,14298.948695535357,1006084.5210898916,1000771.868359034
4106.0,250.2012086620833,8.942195031402482,0.0001931775349631184,0.0,0.0,0.0,1758.4016505930472,6377172.426293615,-362790.6705160001,14298.948695535357,1006084.5210898916,1000808.8513236204
4107.0,250.2067651619511,8.942399963070105,0.00021475358199603552,0.0,0.0,0.0,1756.0219291695905,6377172.426293615,-365211.579740743,14298.948695535357,1006084.5210898916,1000850.0391249068
4108.0,250.2123217963208,8.942627949988347,0.00023857684017452357,0.0,0.0,0.0,1753.6468415406653,6377172.426293615,-367632.5416135388,14298.948695535357,1006084.5210898916,1000895.9133687773
4109.0,250.2178785801299,8.942880960751669,0.0002648327062731652,0.0,0.0,0.0,1751.2768574952381,6377172.426293615,-370053.5620886905,14298.948695535357,1006084.5210898916,1000946.9497985016
4110.0,250.2234355299048,8.943162140714703,0.000293730253136932,0.0,0.0,0.0,1748.9124116211483,6377172.426293615,-372474.647674461,14298.948695535357,1006084.5210898916,1001003.5895101824
4111.0,250.22899266382743,8.943473673356499,0.0003255031376770832,0.0,0.0,0.0,1746.5542013533925,6377172.426293615,-374895.8055713675,14298.948695535357,1006084.5210898916,1001066.5371393332
4112.0,250.2345500018256,8.94381899457713,0.0003604311579950162,0.0,0.0,0.0,1744.2033521535088,6377172.426293615,-377317.04370126873,14299.592645000044,1006084.5210898916,1001136.282119886
4113.0,250.24010756585287,8.944201188794382,0.0003988699938121376,0.0,0.0,0.0,1741.860678661271,6377172.426293615,-379738.3707466956,14300.93389430057,1006084.5210898916,1001213.5944237744
4114.0,250.2456653800675,8.944624267525596,0.0004413540470181468,0.0,0.0,0.0,1739.5264418709498,6377172.426293615,-382159.7962728056,14302.551528465983,1006084.5210898916,1001299.165525398
4115.0,250.25122347095243,8.945091701941516,0.0004888187860915701,0.0,0.0,0.0,1737.2012542204225,6377172.426293615,-384581.3308053043,14304.169235453175,1006084.5210898916,1001393.894700382
4116.0,250.256781867442,8.945607911069496,0.0005431073362965669,0.0,0.0,0.0,1734.8858291427894,6377172.426293615,-387002.9858827951,14305.733418825908,1006084.5210898916,1001498.5605168672
4117.0,250.26234060121396,8.946177306161792,0.0006076844562034272,0.0,0.0,0.0,1732.5807840984605,6377172.426293615,-389424.77411194664,14306.883017129758,1006084.5210898916,1001614.154103386
4118.0,250.26789970679906,8.946804658442051,0.0006884971432332296,0.0,0.0,0.0,1730.2863639977354,6377172.426293615,-391846.7092947435,14306.886958568495,1006084.5210898916,1001741.6652440188
4119.0,250.27345922201368,8.947495772603224,0.0007947359894053302,0.0,0.0,0.0,1728.0050746337831,6377172.426293615,-394268.8064761624,14307.195223808752,1006084.5210898916,1001882.1647962454
4120.0,250.27901918814234,8.948256006401055,0.0009385510673751654,0.0,0.0,0.0,1725.7389051262062,6377172.426293615,-396691.0821328,14308.510534831488,1006084.5210898916,1002036.955634283
4121.0,250.28457965009744,8.949091679221157,0.0011336934400578626,0.0,0.0,0.0,1723.4881550820949,6377172.426293615,-399113.5542522645,14309.947036981412,1006084.5210898916,1002207.2412074864
4122.0,250.2901406568185,8.95000943371141,0.001392634907679466,0.0,0.0,0.0,1721.253300282768,6377172.426293615,-401536.242402847,14310.580455951893,1006084.5210898916,1002394.4411397714
4123.0,250.29570228258132,8.951084176598334,0.0017235915848130817,0.0,0.0,0.0,1719.035806769671,6377172.426293615,-403959.1679074568,14310.40517375064,1006084.5210898916,1002600.0484134856
4124.0,250.30126477352223,8.952794165047713,0.0021288430495745823,0.0,0.0,0.0,1716.8523526747138,6377172.426293615,-406382.3631279993,14309.341644249907,1006084.5210898916,1002840.8530685717
4125.0,250.30682859319785,8.955360948533073,0.002605231750535632,0.0,0.0,0.0,1714.8093201148413,6377172.426293615,-408805.9353058267,14306.685206612272,1006084.5210898916,1003224.049124164
4126.0,250.31239421723103,8.958601814495495,0.003146275606790512,0.0,0.0,0.0,1712.954182176572,6377172.426293615,-411230.086412155,14300.363342696755,1006084.5210898916,1003799.3841561388
4127.0,250.317961828673,8.961757781551945,0.003744698862858442,0.0,0.0,0.0,1711.2449957708618,6377172.426293615,-413655.02367539227,14289.450490225052,1006084.5210898916,1004526.0478661376
4128.0,250.32353165568512,8.965733025847445,0.004393160378821774,0.0,0.0,0.0,1709.5044697479343,6377172.426293615,-416080.82685081975,14266.847195853285,1006084.5210898916,1005233.9283130092
4129.0,250.32910434934266,8.970984595775372,0.005083532407704159,0.0,0.0,0.0,1707.9118275417604,6377172.426293615,-418507.5953481237,14208.975104992169,1006084.5210898916,1006125.9266950004
4130.0,250.3346803721286,8.976448424834947,0.005804331259148117,0.0,0.0,0.0,1706.560154229702,6377172.426293615,-420935.61284018727,14106.321853606592,1006084.5210898916,1007304.9241263912
4131.0,250.34026027851343,8.983484657956145,0.006538473873397479,0.0,0.0,0.0,1705.2110063865418,6377172.426293615,-423365.0808304279,13959.258785358285,1006084.5210898916,1008532.3073417196
4132.0,250.34584434532448,8.989839505430316,0.0072624754109804,0.0,0.0,0.0,1704.170173024066,6377172.426293615,-425796.2409011397,13767.87983203666,1006084.5210898916,1010114.0130032772
4133.0,250.35143297314377,8.9981650839643,0.007949419058476412,0.0,0.0,0.0,1702.932981729111,6377172.426293615,-428229.21366571233,13534.062176880503,1006084.5210898916,1011543.6121280512
4134.0,250.35702723518588,9.007974265766372,0.00857675340417357,0.0,0.0,0.0,1702.0995587286359,6377172.426293615,-430664.1736573746,13261.130668127922,1006084.5210898916,1013418.080627991
4135.0,250.36262766715066,9.018024090674922,0.009136550930570616,0.0,0.0,0.0,1701.5574786024158,6377172.426293615,-433101.588474732,12945.743397263506,1006084.5210898916,1015628.8025899928
4136.0,250.36823435040887,9.02809517883482,0.009641712641550722,0.0,0.0,0.0,1702.0223791580167,6377172.426293615,-434554.1722592286,12595.773359593346,1006084.5210898916,1017896.2569677604
4137.0,250.3738474061666,9.038535127411482,0.010123299355160122,0.0,0.0,0.0,1703.7052783116953,6377172.426293615,-434769.3557090934,12219.067818840962,1006084.5210898916,1020171.0451120562
4138.0,250.37946632133028,9.046954731619264,0.010617417500789452,0.0,0.0,0.0,1705.7224760164693,6377172.426293615,-434718.40564197017,11824.53146061794,1006084.5210898916,1022531.82910793
4139.0,250.38509113291073,9.05751380614303,0.011149621650385428,0.0,0.0,0.0,1707.2789271735367,6377172.426293615,-434667.40238864266,11424.06805094082,1006084.5210898916,1024437.7404213472
4140.0,250.3907225796024,9.068311031417595,0.011727187032998165,0.0,0.0,0.0,1709.3214952639153,6377172.426293615,-434616.34561316215,11022.856661311744,1006084.5210898916,1026830.463125874
4141.0,250.3963619375494,9.082977605388182,0.012344549601591238,0.0,0.0,0.0,1711.4198707216651,6377172.426293615,-434565.22861035226,10620.54048017774,1006084.5210898916,1029280.0377619482
4142.0,250.40201004433825,9.096470753829548,0.012996939066653583,0.0,0.0,0.0,1714.3961680950438,6377172.426293615,-434514.0397965708,10213.55787609843,1006084.5210898916,1032612.1289256248
4143.0,250.40766628243637,9.109149687761928,0.013690451653913454,0.0,0.0,0.0,1717.1037017723393,6377172.426293615,-434462.7715689898,9799.56629885129,1006084.5210898916,1035682.385952586
4144.0,250.4133306301848,9.12257312317358,0.014440330355197976,0.0,0.0,0.0,1719.6107886766808,6377172.426293615,-434436.6922123961,9391.431378959109,1006084.5210898916,1038571.5284202262
4145.0,250.41900349662288,9.136568623699462,0.015260516712742579,0.0,0.0,0.0,1722.031184836313,6377172.426293615,-434675.4418014096,8987.399919595822,1006084.5210898916,1041634.7056282354
4146.0,250.42468534712148,9.151489939211846,0.016153212674051592,0.0,0.0,0.0,1724.0579599672412,6377172.426293615,-435442.55096626293,8582.760831824555,1006084.5210898916,1044833.229011788
4147.0,250.43037798671156,9.171295256585164,0.017110824773700278,0.0,0.0,0.0,1726.2945713808747,6377172.426293615,-436216.1687872492,8177.480921268503,1006084.5210898916,1048248.7381569636
4148.0,250.4360822542362,9.18891653954718,0.018126598287820456,0.0,0.0,0.0,1729.6513838762783,6377172.426293615,-436991.25560736225,7767.308056244557,1006084.5210898916,1052790.8103375044
4149.0,250.44179773785618,9.207396278480456,0.019207902346342592,0.0,0.0,0.0,1732.5129741636679,6377172.426293615,-437767.92564008903,7356.119252697874,1006084.5210898916,1056840.2594611673
4150.0,250.4475250692789,9.227050825120047,0.02038103482378479,0.0,0.0,0.0,1735.5806727829493,6377172.426293615,-438546.1228110735,6946.9387382941695,1006084.5210898916,1061095.335765837
4151.0,250.4532649972511,9.247940540461304,0.02168891990567891,0.0,0.0,0.0,1738.9273028512068,6377172.426293615,-439325.9331310325,6538.414725338061,1006084.5210898916,1065630.3001670097
4152.0,250.45901830758262,9.270124357451508,0.023180156486447733,0.0,0.0,0.0,1742.5669151520074,6377172.426293615,-440107.4585463087,6128.992214883624,1006084.5210898916,1070460.860393541
4153.0,250.4647858836321,9.293857321460909,0.02490266291343562,0.0,0.0,0.0,1746.5137667980616,6377172.426293615,-440890.806049594,5717.421782973365,1006084.5210898916,1075602.6299747906
4154.0,250.47056870556807,9.31919598741171,0.026903633549383615,0.0,0.0,0.0,1750.8254213579273,6377172.426293615,-441676.09591543,5299.895339510194,1006084.5210898916,1081117.1008439555
4155.0,250.4763677505255,9.346074036175391,0.02924251868565425,0.0,0.0,0.0,1755.5155113709413,6377172.426293615,-442463.4615996096,4874.224368087854,1006084.5210898916,1087020.2275125715
4156.0,250.48218399641496,9.374560283328057,0.03201463330560753,0.0,0.0,0.0,1760.5783936225553,6377172.426293615,-443253.0361448839,4447.359227213092,1006084.5210898916,1093299.5494503346
4157.0,250.48802155774356,9.414681613807316,0.03537909184939719,0.0,0.0,0.0,1766.0328316843509,6377172.426293615,-444044.9526996078,4018.9403426056942,1006084.5210898916,1099974.3229514617
4158.0,250.49388214785333,9.448682560680718,0.03956477478009007,0.0,0.0,0.0,1774.2400560787048,6377172.426293615,-444839.7714784536,3585.4748214402157,1006084.5210898916,1109409.8316458266
4159.0,250.49976409421208,9.483420545274653,0.04484410705253294,0.0,0.0,0.0,1781.0344391047538,6377172.426293615,-445637.72576315375,3150.116536562621,1006084.5210898916,1117437.5272414533
4160.0,250.5056685542512,9.521146893459733,0.051472577776503506,0.0,0.0,0.0,1788.0327527600043,6377172.426293615,-446438.58782848023,2717.693094516241,1006084.5210898916,1125669.1264040766
4161.0,250.51160222447987,9.577438798170824,0.059627976296520446,0.0,0.0,0.0,1795.7805487746573,6377172.426293615,-447242.51526561973,2295.4697000427973,1006084.5210898916,1134643.0732503426
4162.0,250.51757139290225,9.635404219582655,0.06935642669870754,0.0,0.0,0.0,1808.0195069435104,6377172.426293615,-448050.4198442201,1885.9634874717003,1006084.5210898916,1148099.4422103672
4163.0,250.5235840960186,9.717563046902752,0.08054435689041056,0.0,0.0,0.0,1820.7612147170744,6377172.426293615,-448863.1577135364,1501.096230898081,1006084.5210898916,1162038.755109821
4164.0,250.5296476973415,9.799229259127408,0.09290118624517843,0.0,0.0,0.0,1839.4932512083692,6377172.426293615,-449681.8230909914,1150.4484964033925,1006084.5210898916,1181940.1047130655
4165.0,250.53576578528785,9.89293805198404,0.10595307694770634,0.0,0.0,0.0,1858.309145599489,6377172.426293615,-450507.4185627311,842.457964269888,1006084.5210898916,1201889.5851080588
4166.0,250.54195215218064,10.018997338537652,0.11905036972761464,0.0,0.0,0.0,1880.3123489804611,6377172.426293615,-451340.4327131023,581.727553248599,1006084.5210898916,1224986.5330504235
4167.0,250.54822645724988,10.175982901742255,0.13139890802159074,0.0,0.0,0.0,1910.6771298846722,6377172.426293615,-452182.74344911886,371.5050662720665,1006084.5210898916,1256403.8471776275
4168.0,250.55459339516094,10.317152813831472,0.14212650139339914,0.0,0.0,0.0,1949.3445267424077,6377172.426293615,-453037.0274921523,212.06948976089484,1006084.5210898916,1296084.9636549074
4169.0,250.56105145056833,10.469260964789846,0.15040059491184474,0.0,0.0,0.0,1984.5790157930655,6377172.426293615,-453903.924048882,103.22408427293506,1006084.5210898916,1332295.194667783
4170.0,250.56761151823304,10.645497626258448,0.15560835473302223,0.0,0.0,0.0,2023.2199570990997,6377172.426293615,-454783.2267959847,49.20926840158368,1006084.5210898916,1371869.4535367913
4171.0,250.57429418603505,10.863871574738226,0.15758672058716106,0.0,0.0,0.0,2068.882522512464,6377172.426293615,-455676.4191201289,28.867847777986057,1006084.5210898916,1418445.5526949237
4172.0,250.5810950938271,11.026074317277118,0.15680031676239228,0.0,0.0,0.0,2126.7537067521266,6377172.426293615,-456586.30418391735,19.155280410273654,1006084.5210898916,1477236.3345657422
4173.0,250.58799324306128,11.176860659833256,0.15435445532615258,0.0,0.0,0.0,2170.2647159759495,6377172.426293615,-457512.2883272989,15.169786531127402,1006084.5210898916,1521677.313426826
4174.0,250.5949788358997,11.3075272973446,0.15176423321392019,0.0,0.0,0.0,2212.144042720399,6377172.426293615,-457536.28374487103,14.7188627071354,1006084.5210898916,1563581.086512671
4175.0,250.60204638046503,11.440637044248414,0.15053777159888992,0.0,0.0,0.0,2248.9168275633688,6377172.426293615,-457536.2837448716,14.7188627071354,1006084.5210898916,1600353.8713556416
4176.0,250.6091937504663,11.564459831348826,0.15173567181732206,0.0,0.0,0.0,2286.8166303282337,6377172.426293615,-457536.2837448722,14.7188627071354,1006084.5210898916,1638253.6741205074
4177.0,250.61641987535398,11.694123822203853,0.1556954472543026,0.0,0.0,0.0,2322.470393612685,6377172.426293615,-457536.2837448726,14.7188627071354,1006084.5210898916,1673907.4374049583
4178.0,250.6237351147747,11.85129099640032,0.1620226516417505,0.0,0.0,0.0,2360.2174755649135,6377172.426293615,-457536.2837448733,14.7188627071354,1006084.5210898916,1711654.519357188
4179.0,250.63115479010716,12.030269602709083,0.16983383727811988,0.0,0.0,0.0,2406.5353825277175,6377172.426293615,-457536.2837448735,14.7188627071354,1006084.5210898916,1757972.4263199924
4180.0,250.63868848880668,12.218295727482417,0.17813071451973952,0.0,0.0,0.0,2460.034246550164,6377172.426293615,-457536.2837448733,14.7188627071354,1006084.5210898916,1811471.2903424385
4181.0,250.64634568753058,12.427776661218958,0.18614058650643367,0.0,0.0,0.0,2517.101238221501,6377172.426293615,-457536.2837448722,14.7188627071354,1006084.5210898916,1868538.2820137744
4182.0,250.65412379271814,12.607454943822331,0.19349706444547551,0.0,0.0,0.0,2581.7221313101445,6377172.426293615,-457536.283744872,14.7188627071354,1006084.5210898916,1933159.1751024176
4183.0,250.66202107322547,12.811363879529276,0.2002276763389428,0.0,0.0,0.0,2638.024664651744,6377172.426293615,-457536.283744872,14.7188627071354,1006084.5210898916,1989461.7084440172
4184.0,250.67004689731368,13.021195596747967,0.2065949871858872,0.0,0.0,0.0,2702.8989159222806,6377172.426293615,-457536.2837448712,14.7188627071354,1006084.5210898916,2054335.9597145529
4185.0,250.67820277457324,13.229963420968604,0.212893859056491,0.0,0.0,0.0,2770.744144170099,6377172.426293615,-457536.2837448716,14.7188627071354,1006084.5210898916,2122181.187962372
4186.0,250.68648846905424,13.439035691170554,0.21928230929250547,0.0,0.0,0.0,2839.3391950940463,6377172.426293615,-457536.2837448714,14.7188627071354,1006084.5210898916,2190776.238886319
4187.0,250.69490861745888,13.662727575915891,0.22570517272656218,0.0,0.0,0.0,2909.1276988097534,6377172.426293615,-457536.2837448704,14.7188627071354,1006084.5210898916,2260564.7426020247
4188.0,250.7034736035689,13.905221916687816,0.23190052521892585,0.0,0.0,0.0,2985.007906555513,6377172.426293615,-457536.2837448698,14.7188627071354,1006084.5210898916,2336444.950347784
4189.0,250.71218885755573,14.146391785651364,0.23747123216668084,0.0,0.0,0.0,3068.681189155248,6377172.426293615,-457536.2837448714,14.7188627071354,1006084.5210898916,2420118.2329475204
4190.0,250.7210569087364,14.397027188519893,0.24198297667383084,0.0,0.0,0.0,3153.3574422061265,6377172.426293615,-457536.283744872,14.7188627071354,1006084.5210898916,2504794.4859984
4191.0,250.73008053424192,14.64713575364112,0.24505625767043662,0.0,0.0,0.0,3242.899927361304,6377172.426293615,-457536.28374487365,14.7188627071354,1006084.5210898916,2594336.9711535787
4192.0,250.73926253339013,14.906781264685456,0.24642449741923064,0.0,0.0,0.0,3333.8217565314767,6377172.426293615,-457536.2837448752,14.7188627071354,1006084.5210898916,2685258.800323753
4193.0,250.74860563692707,15.165679227534016,0.2459596228114207,0.0,0.0,0.0,3429.8671639710683,6377172.426293615,-457536.28374487784,14.7188627071354,1006084.5210898916,2781304.2077633473
4194.0,250.7581069430937,15.415984904912191,0.24365807930535113,0.0,0.0,0.0,3527.316375885414,6377172.426293615,-457536.2837448809,14.7188627071354,1006084.5210898916,2878753.419677696
4195.0,250.767761658388,15.659454118590324,0.2396030263055076,0.0,0.0,0.0,3623.126753021523,6377172.426293615,-457536.28374488343,14.7188627071354,1006084.5210898916,2974563.796813808
4196.0,250.77756579182517,15.89691409292574,0.23391332316462787,0.0,0.0,0.0,3717.8250265085258,6377172.426293615,-457536.2837448854,14.7188627071354,1006084.5210898916,3069262.0703008124
4197.0,250.78751735101608,16.133970443684486,0.2267125013103988,0.0,0.0,0.0,3811.615378670308,6377172.426293615,-457536.2837448871,14.7188627071354,1006084.5210898916,3163052.422462596
4198.0,250.79761321764656,16.36139356246587,0.21811974301230577,0.0,0.0,0.0,3906.6542481537117,6377172.426293615,-457536.2837448871,14.7188627071354,1006084.5210898916,3258091.291946
4199.0,250.80784413439952,16.568653572001217,0.20826717885470236,0.0,0.0,0.0,3999.1531873700515,6377172.426293615,-457536.2837448867,14.7188627071354,1006084.5210898916,3350590.23116234
4200.0,250.81820410839396,16.77678752440555,0.19732389343209059,0.0,0.0,0.0,4084.5783059046657,6377172.426293615,-457536.2837448856,14.126575254072428,1006084.5210898916,3436015.941984406
4201.0,250.82868702723064,16.964373676881344,0.18551154154036273,0.0,0.0,0.0,4171.444013962059,6377172.426293615,-457536.283744885,11.77252236132546,1006084.5210898916,3522884.0040946915
4202.0,250.8392792411509,17.128573423976633,0.1731070896814784,0.0,0.0,0.0,4250.665094917951,6377172.426293615,-457536.28374488425,11.631760416535531,1006084.5210898916,3602105.225812528
4203.0,250.84997769473432,17.30632515586517,0.16043279925564233,0.0,0.0,0.0,4320.732779065107,6377172.426293615,-457536.283744885,11.631760416535531,1006084.5210898916,3672172.909959684
4204.0,250.86077435220204,17.444660302381788,0.14783434029227038,0.0,0.0,0.0,4397.3441764980325,6377172.426293615,-457536.28374488384,11.631760416535531,1006084.5210898916,3748784.307392608
4205.0,250.8716534738563,17.571750983708586,0.13564126820129055,0.0,0.0,0.0,4457.51422951888,6377172.426293615,-457536.283744884,11.631760416535531,1006084.5210898916,3808954.360413456
4206.0,250.8826090787492,17.690835372930486,0.12411995098649597,0.0,0.0,0.0,4513.215625260136,6377172.426293615,-457536.28374488384,11.631760416535531,1006084.5210898916,3864655.756154712
4207.0,250.8936361474787,17.80177020536114,0.11343438171899449,0.0,0.0,0.0,4565.774944480693,6377172.426293615,-457536.28374488425,11.631760416535531,1006084.5210898916,3917215.075375269
4208.0,250.9047281377898,17.89979716916122,0.10363534474347692,0.0,0.0,0.0,4615.056743092905,6377172.426293615,-457536.2837448844,11.631760416535531,1006084.5210898916,3966496.873987481
4209.0,250.91587882026337,17.990681494949722,0.09468201474565244,0.0,0.0,0.0,4658.860722836662,6377172.426293615,-457536.28374488384,11.631760416535531,1006084.5210898916,4010300.8537312383
4210.0,250.92708449401616,18.076796499643276,0.08648260673218121,0.0,0.0,0.0,4699.687864466488,6377172.426293615,-457536.28374488384,11.631760416535531,1006084.5210898916,4051127.995361063
4211.0,250.93834051758688,18.152741446950884,0.07893474993036868,0.0,0.0,0.0,4738.563306496518,6377172.426293615,-457536.28374488384,11.631760416535531,1006084.5210898916,4090003.437391093
4212.0,250.94964175151463,18.222314171641667,0.07195048662674756,0.0,0.0,0.0,4773.001662840814,6377172.426293615,-457536.283744884,11.631760416535531,1006084.5210898916,4124441.79373539
4213.0,250.96098431940993,18.285782261637618,0.06546400662681028,0.0,0.0,0.0,4804.677158041933,6377172.426293615,-457536.28374488367,11.631760416535531,1006084.5210898916,4156117.288936508
4214.0,250.97236452042,18.343443125383544,0.05942935833795249,0.0,0.0,0.0,4833.678984734313,6377172.426293615,-457536.28374488343,11.631760416535531,1006084.5210898916,4185119.115628889
4215.0,250.9837788431783,18.395609250278778,0.05381273323374797,0.0,0.0,0.0,4860.481131072618,6377172.426293615,-457169.76427980274,11.631760416535531,1006084.5210898916,4211554.742502113
4216.0,250.99522397643895,18.442612273129903,0.048587830326409495,0.0,0.0,0.0,4887.78478230731,6377172.426293615,-453854.291007166,11.631760416535531,1006084.5210898916,4235542.920464167
4217.0,251.00669681766485,18.484792323837507,0.043735659809188976,0.0,0.0,0.0,4912.781513744624,6377172.426293615,-450529.8683295337,11.631760416535531,1006084.5210898916,4257215.22922385
4218.0,251.0181944770344,18.522493935818165,0.039240892340924836,0.0,0.0,0.0,4935.609585172229,6377172.426293615,-447197.39742861874,11.631760416535531,1006084.5210898916,4276710.82975054
4219.0,251.02971427827657,18.556059926309224,0.03509310004435531,0.0,0.0,0.0,4956.412628403678,6377172.426293615,-443857.7176994826,11.631760416535531,1006084.5210898916,4294174.193252853
4220.0,251.04125375771522,18.58583175326502,0.03128349060413557,0.0,0.0,0.0,4975.3364271818455,6377172.426293615,-440511.6065080213,11.631760416535531,1006084.5210898916,4309751.880839558
4221.0,251.05281065950362,18.612136895043665,0.027801744578710038,0.0,0.0,0.0,4992.528705161211,6377172.426293615,-437159.77946850786,11.631760416535531,1006084.5210898916,4323592.331779411
4222.0,251.06438292940166,18.63529678038699,0.024633005553924673,0.0,0.0,0.0,5008.586197997635,6377172.426293615,-433349.5936799554,11.631760416535531,1006084.5210898916,4335839.638827283
4223.0,251.07596873296632,18.655697437093345,0.021757160696574653,0.0,0.0,0.0,5025.685990577053,6377172.426293615,-427047.05951468664,11.631760416535531,1006084.5210898916,4346636.897241431
4224.0,251.08756642337687,18.673556733571328,0.01915060098817721,0.0,0.0,0.0,5041.515539923789,6377172.426293615,-420737.15459182614,9.261538246704395,1006084.5210898916,4356158.911887477
4225.0,251.09917485162646,18.690259104809027,0.0167901354104706,0.0,0.0,0.0,5056.1729291558295,6377172.426293615,-414420.7758092004,5.885811011660637,1006084.5210898916,4364503.298064127
4226.0,251.11079269148877,18.703849703141,0.014657685649474025,0.0,0.0,0.0,5070.304025802719,6377172.426293615,-408098.54894336365,3.693497383392691,1006084.5210898916,4372314.360158807
4227.0,251.122418388119,18.71554752667477,0.012742200165562592,0.0,0.0,0.0,5082.99151653435,6377172.426293615,-401771.19628879806,2.8739904213102068,1006084.5210898916,4378675.317742835
4228.0,251.1340507866498,18.72542097645377,0.011038014581067325,0.0,0.0,0.0,5094.799038113867,6377172.426293615,-395439.56465103605,0.0,1006084.5210898916,4384154.081675012
4229.0,251.14568890610278,18.733961344506913,0.009540607893466708,0.0,0.0,0.0,5105.761290269559,6377172.426293615,-389104.28299839894,0.0,1006084.5210898916,4388781.052178067
4230.0,251.15733197354166,18.741346959640197,0.008242405072073904,0.0,0.0,0.0,5116.103907707903,6377172.426293615,-382765.88559510384,0.0,1006084.5210898916,4392785.272213115
4231.0,251.1689793216585,18.74773947709783,0.007130857883161066,0.0,0.0,0.0,5125.909276995736,6377172.426293615,-376424.7934006963,0.0,1006084.5210898916,4396249.549306541
4232.0,251.18063037931628,18.753286784843713,0.00618925005281813,0.0,0.0,0.0,5135.252260284377,6377172.426293615,-370081.3698469759,0.0,1006084.5210898916,4399249.109041462
4233.0,251.19228466233065,18.758120867860956,0.005399069338709095,0.0,0.0,0.0,5144.201495299564,6377172.426293615,-363735.9259887986,0.0,1006084.5210898916,4401852.900198471
4234.0,251.20394176483623,18.762361824786453,0.004742382044744442,0.0,0.0,0.0,5152.818342162885,6377172.426293615,-357388.72552450345,0.0,1006084.5210898916,4404122.546597497
4235.0,251.21560135153987,18.766116706453356,0.004203266525285098,0.0,0.0,0.0,5161.158728156087,6377172.426293615,-351039.9894980605,0.0,1006084.5210898916,4406114.196564256
4236.0,251.22726315059415,18.769482673615208,0.0037682146371002486,0.0,0.0,0.0,5169.272570876583,6377172.426293615,-344689.90051810886,0.0,1006084.5210898916,4407877.9503048
4237.0,251.2389269473166,18.77254656102631,0.0034259000857492475,0.0,0.0,0.0,5177.205236464726,6377172.426293615,-338338.606639229,0.0,1006084.5210898916,4409459.322014064
4238.0,251.25059257827075,18.77538647845116,0.0031667229593508386,0.0,0.0,0.0,5184.969608878253,6377172.426293615,-332013.93182624545,0.0,1006084.5210898916,4410899.019614607
4239.0,251.26225992632135,18.778073345024698,0.00298247741527096,0.0,0.0,0.0,5191.465042062443,6377172.426293615,-326853.1642887991,0.0,1006084.5210898916,4412233.68526135
4240.0,251.27392891618754,18.78067095747946,0.002865973278139632,0.0,0.0,0.0,5197.599607086394,6377172.426293615,-321981.52202627243,0.0,1006084.5210898916,4413496.608022775
4241.0,251.28559951039057,18.783237191961945,0.002810948461971747,0.0,0.0,0.0,5203.693114912147,6377172.426293615,-317109.1942319327,0.0380637616206285,1006084.5210898916,4414717.749990427
4242.0,251.29727170588313,18.78582499600294,0.002811894243299159,0.0,0.0,0.0,5209.059160649941,6377172.426293615,-312953.36309387954,3.695669850298555,1006084.5210898916,4415924.306984079
4243.0,251.3089455311568,18.788482935881355,0.0028639540936771382,0.0,0.0,0.0,5213.361842516967,6377172.426293615,-309880.8343474481,16.983577330155622,1006084.5210898916,4417141.172197194
4244.0,251.32062104373014,18.79125587366913,0.002962803658539328,0.0,0.0,0.0,5217.711315080268,6377172.426293615,-306807.87658581056,43.47861853525902,1006084.5210898916,4418391.191957653
4245.0,251.33229832793745,18.794185258755103,0.0031045564038833765,0.0,0.0,0.0,5222.162996169189,6377172.426293615,-303734.474668085,117.46642654502143,1006084.5210898916,4419695.483320838
4246.0,251.34397749299444,18.797309726848617,0.0032857134800730213,0.0,0.0,0.0,5226.77968907238,6377172.426293615,-300660.6063945355,282.20336697871323,1006084.5210898916,4421073.571010045
4247.0,251.35565867134406,18.80066540352364,0.003503185288406977,0.0,0.0,0.0,5231.569483446435,6377172.426293615,-297586.24301579,527.5358882121438,1006084.5210898916,4422543.669484122
4248.0,251.36734201718724,18.804286194945615,0.003754377334303357,0.0,0.0,0.0,5236.507470319012,6377172.426293615,-294511.3496682375,811.4724467927825,1006084.5210898916,4424122.826450565
4249.0,251.37902770519307,18.808204075641328,0.004037274135182337,0.0,0.0,0.0,5241.58733341763,6377172.426293615,-291435.8857608258,1111.6374360157872,1006084.5210898916,4425827.060652549
4250.0,251.39071592846403,18.812446402166657,0.004350416637732431,0.0,0.0,0.0,5246.8083624669125,6377172.426293615,-288359.8053145553,1412.1481691272395,1006084.5210898916,4427671.498522449
4251.0,251.40240687706353,18.816976036112575,0.004692700669580614,0.0,0.0,0.0,5252.183298166393,6377172.426293615,-285283.05749811884,1712.7240994600752,1006084.5210898916,4429669.11047516
4252.0,251.4141007635761,18.82190260415827,0.00506303005964063,0.0,0.0,0.0,5257.694804996011,6377172.426293615,-282205.5922802048,2013.370114710381,1006084.5210898916,4431802.506071614
4253.0,251.4257978413872,18.827247804904733,0.005459967313478182,0.0,0.0,0.0,5263.394694365683,6377172.426293615,-279127.3537011572,2314.091681730226,1006084.5210898916,4434123.435295219
4254.0,251.4374983770198,18.83303222499682,0.00588154446826769,0.0,0.0,0.0,5269.293412896277,6377172.426293615,-276048.2750610856,2614.895316614842,1006084.5210898916,4436642.2715508565
4255.0,251.44920264911977,18.83927429770072,0.006325378724162876,0.0,0.0,0.0,5275.4009111105215,6377172.426293615,-272968.2862018614,2915.787873304316,1006084.5210898916,4439368.888349187
4256.0,251.46091094736605,18.845991101609616,0.006788954515520749,0.0,0.0,0.0,5281.726153467357,6377172.426293615,-269887.3137741716,3216.7765174939045,1006084.5210898916,4442312.169634143
4257.0,251.4726235716434,18.85319840743467,0.007270029255691453,0.0,0.0,0.0,5445.469719622572,6377172.426293615,-266805.28152442153,160710.0929640926,1006084.5210898916,4445480.387093009
4258.0,251.48434083093528,18.860909730168064,0.007767547693582957,0.0,0.0,0.0,5452.181305740958,6377172.426293615,-263722.1105124864,160937.67199233317,1006084.5210898916,4448881.22317122
4259.0,251.49606304195234,18.869136426197148,0.008282751167375516,0.0,0.0,0.0,5459.05346668834,6377172.426293615,-260637.71940315253,161085.3406404662,1006084.5210898916,4452521.324361135
4260.0,251.50779052778805,18.877887683464472,0.008820981200894943,0.0,0.0,0.0,5466.091871172856,6377172.426293615,-257552.0248271363,161153.02819267524,1006084.5210898916,4456406.346717426
4261.0,251.51952361657735,18.887170540926697,0.00939381474985666,0.0,0.0,0.0,5474.413832004217,6377172.426293615,-253392.2282002467,161180.5885451078,1006084.5210898916,4460540.950569464
4262.0,251.53126263999164,18.89698934216291,0.010020485819705147,0.0,0.0,0.0,5483.717958587712,6377172.426293615,-248493.13622423713,161197.76503993422,1006084.5210898916,4464928.808682123
4263.0,251.54300793188864,18.90734678087611,0.010726466667666142,0.0,0.0,0.0,5493.27004891127,6377172.426293615,-243591.5662755356,161204.74773480007,1006084.5210898916,4469572.346362115
4264.0,251.5547598267433,18.918242149896574,0.011537942226577889,0.0,0.0,0.0,5503.407468278639,6377172.426293615,-238356.25807030505,161205.97151253853,1006084.5210898916,4474473.233746514
4265.0,251.5665186579831,18.929672785062017,0.012471969352101986,0.0,0.0,0.0,5514.963611921019,6377172.426293615,-231958.4355847769,161205.97151253853,1006084.5210898916,4479631.554903366
4266.0,251.5782847564673,18.941633084066055,0.013524958882044488,0.0,0.0,0.0,5526.782684469674,6377172.426293615,-225554.29566361316,161205.97151253853,1006084.5210898916,4485046.487530857
4267.0,251.59005896983052,18.955791983860287,0.014664481400161584,0.0,0.0,0.0,5538.86012947963,6377172.426293615,-219146.19782784051,161205.97151253853,1006084.5210898916,4490715.834705041
4268.0,251.60184287617318,18.972831683146776,0.015828640786755024,0.0,0.0,0.0,5551.988790051806,6377172.426293615,-212733.68043542825,161205.97151253853,1006084.5210898916,4497431.977884804
4269.0,251.61363735263856,18.989813826471178,0.016934582813284853,0.0,0.0,0.0,5566.4958641728035,6377172.426293615,-206315.8840152486,161205.97151253853,1006084.5210898916,4505521.255585622
4270.0,251.62544304193503,19.008922198228134,0.017894224629179726,0.0,0.0,0.0,5580.988602965613,6377172.426293615,-199892.33085415335,161205.97151253853,1006084.5210898916,4513590.441217336
4271.0,251.63726117063203,19.029852276202114,0.01863307007409672,0.0,0.0,0.0,5596.506372749793,6377172.426293615,-193462.67091785945,161205.97151253853,1006084.5210898916,4522678.551065221
4272.0,251.64909236571552,19.050978715158543,0.01910736855572342,0.0,0.0,0.0,5612.907825717438,6377172.426293615,-187026.23618737003,161205.97151253853,1006084.5210898916,4532643.569302378
4273.0,251.66093639496293,19.071161342938183,0.01931515354099867,0.0,0.0,0.0,5629.421005277268,6377172.426293615,-180582.6851911795,161205.97151253853,1006084.5210898916,4542713.197866017
4274.0,251.67279324115066,19.09223234457209,0.019297550337411932,0.0,0.0,0.0,5645.501755196228,6377172.426293615,-174132.14440324457,161205.97151253853,1006084.5210898916,4552343.406997044
4275.0,251.6846626900009,19.11172528070311,0.019128773003890938,0.0,0.0,0.0,5662.024256096378,6377172.426293615,-167674.62320395577,161205.97151253853,1006084.5210898916,4562408.386697903
4276.0,251.69654358602455,19.12907713264382,0.018897012243858733,0.0,0.0,0.0,5677.809723456835,6377172.426293615,-161210.23829411095,161205.97151253853,1006084.5210898916,4571729.469148517
4277.0,251.70843535438692,19.146719859983666,0.01868218243254026,0.0,0.0,0.0,5692.585609122375,6377172.426293615,-154739.61898064017,161205.97151253853,1006084.5210898916,4580034.735500585
4278.0,251.7203381686088,19.164630219693187,0.01853891247735572,0.0,0.0,0.0,5707.514367966851,6377172.426293615,-148263.0783322027,161205.97151253853,1006084.5210898916,4588486.953696624
4279.0,251.73225218811345,19.18278607949121,0.018491158612450702,0.0,0.0,0.0,5722.585329135231,6377172.426293615,-141780.5218452535,161205.97151253853,1006084.5210898916,4597075.3583780555
4280.0,251.74417755871747,19.201165776253564,0.018538755710878856,0.0,0.0,0.0,5737.788311496487,6377172.426293615,-135291.86269408866,161205.97151253853,1006084.5210898916,4605789.681588145
4281.0,251.7561144127418,19.219747534799065,0.018671981244491844,0.0,0.0,0.0,5753.113316588886,6377172.426293615,-128797.02146349862,161205.97151253853,1006084.5210898916,4614619.845449954
4282.0,251.76806286928172,19.238510561182142,0.018886307646685467,0.0,0.0,0.0,5768.550248835791,6377172.426293615,-122295.92608834372,161205.97151253853,1006084.5210898916,4623555.682321705
4283.0,251.7800230351,19.257435954726105,0.01919044893651394,0.0,0.0,0.0,5784.089440798978,6377172.426293615,-115788.51170648808,161205.97151253853,1006084.5210898916,4632587.459903036
4284.0,251.79199500521082,19.27650480159252,0.019604897492182336,0.0,0.0,0.0,5799.72209460985,6377172.426293615,-109274.72017241678,161205.97151253853,1006084.5210898916,4641706.322179836
4285.0,251.80397886355166,19.29570036292179,0.020149686898971227,0.0,0.0,0.0,5815.439365975279,6377172.426293615,-102754.49973909972,161205.97151253853,1006084.5210898916,4650903.373111948
4286.0,251.81597471823318,19.315117183433024,0.020826595929239997,0.0,0.0,0.0,5831.233420718884,6377172.426293615,-96227.80469219794,161205.97151253853,1006084.5210898916,4660170.732808652
4287.0,251.8279827204501,19.33479939215511,0.021603883982744106,0.0,0.0,0.0,5846.932097147746,6377172.426293615,-89912.69287193313,161205.97151253853,1006084.5210898916,4669554.297417249
4288.0,251.84000389357263,19.357510113803297,0.022413146438233864,0.0,0.0,0.0,5861.903418291298,6377172.426293615,-84462.82255726065,161205.97151253853,1006084.5210898916,4679075.748246129
4289.0,251.85204009197113,19.383160947483635,0.023162075486199005,0.0,0.0,0.0,5878.357838781478,6377172.426293615,-79006.97458485544,161205.97151253853,1006084.5210898916,4690074.320763903
4290.0,251.86409215185998,19.40856317552312,0.02375846361130339,0.0,0.0,0.0,5896.2584718445605,6377172.426293615,-73544.30734275354,161205.97151253853,1006084.5210898916,4702512.286584884
4291.0,251.87616036092984,19.435139993482903,0.024133475454499856,0.0,0.0,0.0,5914.061988103036,6377172.426293615,-68074.44131239873,161205.97151253853,1006084.5210898916,4714845.936813004
4292.0,251.8882444579044,19.45970125658801,0.024253533173278375,0.0,0.0,0.0,5932.460427963157,6377172.426293615,-62597.24592444479,161205.97151253853,1006084.5210898916,4727767.181285171
4293.0,251.90034354000596,19.48337232205679,0.024119385130121553,0.0,0.0,0.0,5950.7986468006875,6377172.426293615,-56216.06030352462,161205.97151253853,1006084.5210898916,4739724.214501782
4294.0,251.9124581059869,19.509538909561513,0.023758940695724408,0.0,0.0,0.0,5967.123850385102,6377172.426293615,-51428.80975478364,161205.97151253853,1006084.5210898916,4751262.167537455
4295.0,251.92458840391976,19.53400844088896,0.02322118133191872,0.0,0.0,0.0,5983.853243478624,6377172.426293615,-47470.080827866,161205.97151253853,1006084.5210898916,4764032.83170406
4296.0,251.9367335661336,19.557382273556545,0.02257211632274053,0.0,0.0,0.0,5999.7750335305245,6377172.426293615,-43506.21110324802,161205.97151253853,1006084.5210898916,4775990.752031343
4297.0,251.94889239025474,19.57798174874024,0.021888132451375625,0.0,0.0,0.0,6015.180225037172,6377172.426293615,-39537.48411347432,161205.97151253853,1006084.5210898916,4787427.2165482165
4298.0,251.96106375061697,19.59773242194736,0.021243358002629203,0.0,0.0,0.0,6029.243767272887,6377172.426293615,-35564.292763377045,161205.97151253853,1006084.5210898916,4797517.567433835
4299.0,251.97324737595648,19.61745878582338,0.02069441655537554,0.0,0.0,0.0,6042.905607709349,6377172.426293615,-31587.00489177138,161205.97151253853,1006084.5210898916,4807202.119998691
4300.0,251.98544324921048,19.63715453928102,0.020269802495943703,0.0,0.0,0.0,6056.569283209181,6377172.426293615,-27605.709140688206,161205.97151253853,1006084.5210898916,4816884.499747438
4301.0,251.9976513496399,19.656814150985888,0.01997006207903821,0.0,0.0,0.0,6070.231654730376,6377172.426293615,-23620.41108581766,161205.97151253853,1006084.5210898916,4826561.573213764
4302.0,252.0098716523925,19.676429912635612,0.019779084313633795,0.0,0.0,0.0,6083.889948434227,6377172.426293615,-19631.11750413085,161205.97151253853,1006084.5210898916,4836230.573335928
4303.0,252.02210412822168,19.695995389334183,0.019680191535117922,0.0,0.0,0.0,6097.540306055844,6377172.426293615,-15637.836516740925,161205.97151253853,1006084.5210898916,4845887.649970155
4304.0,252.03434874365664,19.71550341882502,0.019670652202638823,0.0,0.0,0.0,6111.179480732778,6377172.426293615,-11640.57768064257,161205.97151253853,1006084.5210898916,4855529.5658109905
4305.0,252.04660546057102,19.73494617913468,0.01976991922512655,0.0,0.0,0.0,6124.80385281169,6377172.426293615,-7639.351933268226,161205.97151253853,1006084.5210898916,4865152.712142528
4306.0,252.05887423608004,19.75431617630676,0.020017087580370428,0.0,0.0,0.0,6137.118844005087,6377172.426293615,-4924.789169276456,161205.97151253853,1006084.5210898916,4874753.140571933
4307.0,252.07115502265438,19.773605954728417,0.020454972257378943,0.0,0.0,0.0,6148.140491422653,6377172.426293615,-3477.051160788308,161205.97151253853,1006084.5210898916,4884327.049981011
4308.0,252.08344779429208,19.792892260108303,0.02110202596952733,0.0,0.0,0.0,6159.133240845945,6377172.426293615,-2027.895824571284,161205.97151253853,1006084.5210898916,4893870.6440680865
4309.0,252.09575263087385,19.812439148850704,0.021920671066788203,0.0,0.0,0.0,6170.506030798119,6377172.426293615,-206.2937823380395,161205.97151253853,1006084.5210898916,4903421.831978028
4310.0,252.10806970020465,19.832265564900577,0.02280000328813311,0.0,0.0,0.0,6183.1405916715075,6377172.426293615,2738.529236293926,161205.97151253853,1006084.5210898916,4913111.569832784
4311.0,252.12040099721452,19.858233494766033,0.02356908899979683,0.0,0.0,0.0,6195.997343237708,6377172.426293615,5757.205600643024,161205.97151253853,1006084.5210898916,4922949.645034635
4312.0,252.13275021082302,19.889933362664294,0.024044363136183074,0.0,0.0,0.0,6212.041984276166,6377172.426293615,8902.555561703686,161204.8195870284,1006084.5210898916,4935850.088037543
4313.0,252.14511812200192,19.918414990605687,0.024092904683765532,0.0,0.0,0.0,6231.881307578288,6377172.426293615,12980.033812297545,161195.80771501505,1006084.5210898916,4951620.944961084
4314.0,252.1575025860435,19.943211730780636,0.02368129767250259,0.0,0.0,0.0,6248.144335586698,6377172.426293615,15074.475760165216,161173.1747456265,1006084.5210898916,4965812.1639910145
4315.0,252.169902181709,19.96711884584424,0.022885565419070043,0.0,0.0,0.0,6262.483947879985,6377172.426293615,17097.938099749503,161117.5972336026,1006084.5210898916,4978183.891456741
4316.0,252.18231606075224,19.989185353053458,0.021860509431211008,0.0,0.0,0.0,6262.2369229443375,6377172.426293615,5061.11301267221,160964.95287803668,1006084.5210898916,4990126.335963737
4317.0,252.19474247132507,20.0074538295259,0.02078669610567306,0.0,0.0,0.0,6256.853829825212,6377172.426293615,-11110.528540729263,160717.80749985416,1006084.5210898916,5001162.029776196
4318.0,252.20718008675172,20.025250191937435,0.0198214667152385,0.0,0.0,0.0,6249.513767243952,6377172.426293615,-27298.49499983725,160420.23009008676,1006084.5210898916,5010307.511063811
4319.0,252.21962873196392,20.042955179661885,0.019072414289309073,0.0,0.0,0.0,6241.90910660315,6377172.426293615,-43501.05809541243,160100.96550624436,1006084.5210898916,5019224.678102425
4320.0,252.23208835345517,20.06057932176606,0.018597573810344215,0.0,0.0,0.0,6234.25129332189,6377172.426293615,-59717.98976486803,159780.83446243263,1006084.5210898916,5028103.927534434
4321.0,252.2445589045032,20.078133925554713,0.018421928017607732,0.0,0.0,0.0,6226.546147224238,6377172.426293615,-75949.22030494284,159460.42115114452,1006084.5210898916,5036950.425288145
4322.0,252.25704034583657,20.09563166528612,0.018555194835025657,0.0,0.0,0.0,6218.799306575433,6377172.426293615,-92194.6888502656,159139.7267738957,1006084.5210898916,5045769.74756191
4323.0,252.26953264623793,20.113085790599,0.01899735187989948,0.0,0.0,0.0,6211.017107672204,6377172.426293615,-108454.3442416094,158818.75234059687,1006084.5210898916,5054568.178483324
4324.0,252.2820357827389,20.130509602287987,0.019728239146565744,0.0,0.0,0.0,6203.206188298462,6377172.426293615,-124728.14581199246,158497.49865403638,1006084.5210898916,5063352.314366527
4325.0,252.2945498111172,20.148143258414212,0.020689088175823205,0.0,0.0,0.0,6195.373224391531,6377172.426293615,-141016.0636402856,158175.96630487373,1006084.5210898916,5072128.800637051
4326.0,252.30707627420225,20.170532944158374,0.02177171883702256,0.0,0.0,0.0,6070.8224440192525,6377172.426293615,-157318.1703885667,41037.36886137808,1006084.5210898916,5081018.72445655
4327.0,252.31961719365867,20.194673691876655,0.022827470093598506,0.0,0.0,0.0,6025.133981757342,6377172.426293615,-173636.47591077772,368.34249829755896,1006084.5210898916,5092317.59407993
4328.0,252.33217369369547,20.220681846565377,0.023699171855580983,0.0,0.0,0.0,6020.795970313408,6377172.426293615,-189973.61384268972,170.87315075462158,1006084.5210898916,5104514.189915452
4329.0,252.34474698904663,20.248732434239553,0.024263127708908528,0.0,0.0,0.0,6017.49146752777,6377172.426293615,-206331.0486987212,67.41705814755777,1006084.5210898916,5117670.578078452
4330.0,252.35733796264756,20.27758247566028,0.024461167904106157,0.0,0.0,0.0,6014.661058828699,6377172.426293615,-223334.22067690705,31.634970032070218,1006084.5210898916,5131879.123445683
4331.0,252.3699452970508,20.301392621320577,0.02430716968289465,0.0,0.0,0.0,6010.964424725379,6377172.426293615,-241643.88128269688,10.61968261422884,1006084.5210898916,5146513.16523557
4332.0,252.38256723329894,20.32458114188763,0.023866872265189448,0.0,0.0,0.0,6004.679677062748,6377172.426293615,-260012.97731169575,1.6949318023919342,1006084.5210898916,5158606.43835275
4333.0,252.39520356921915,20.347740557738813,0.023224632716699865,0.0,0.0,0.0,5997.77643463972,6377172.426293615,-278705.712704233,0.0,1006084.5210898916,5170397.626254061
4334.0,252.40785427742748,20.370840938226618,0.022457088574827314,0.0,0.0,0.0,5989.591073179354,6377172.426293615,-298680.89757032687,0.0,1006084.5210898916,5182187.449659789
4335.0,252.42051900756928,20.392872674658747,0.021625058242634658,0.0,0.0,0.0,5981.324288160403,6377172.426293615,-318720.82801233133,0.0,1006084.5210898916,5193960.595082843
4336.0,252.4331976901064,20.41574923390902,0.020780087323847438,0.0,0.0,0.0,5972.503100508047,6377172.426293615,-338782.97053665586,0.0,1006084.5210898916,5205201.549954812
4337.0,252.44588899636196,20.43350438473761,0.019972482779417138,0.0,0.0,0.0,5964.103712175833,6377172.426293615,-358867.21498812415,0.0,1006084.5210898916,5216886.406074066
4338.0,252.45859132816918,20.451236956464264,0.019250342849005043,0.0,0.0,0.0,5953.077450655302,6377172.426293615,-378971.4566156716,0.0,1006084.5210898916,5225964.386181083
4339.0,252.47130466706,20.46893266465509,0.018649896215929343,0.0,0.0,0.0,5942.03005565463,6377172.426293615,-399093.16377038806,0.0,1006084.5210898916,5235038.698335127
4340.0,252.4840289858871,20.486577857788504,0.018185250677134647,0.0,0.0,0.0,5930.954207067843,6377172.426293615,-419232.3071971763,0.0,1006084.5210898916,5244101.993175128
4341.0,252.49676424859516,20.504157515357115,0.01784716105677506,0.0,0.0,0.0,5919.842897889533,6377172.426293615,-439388.84389205417,0.0,1006084.5210898916,5253147.220691696
