milepost,loco_shear_kNs,car_shear_kNs,total_shear_kNs,total_vert_GNs
176.925,4057.048841713606,0.0,4057.048841713606,2.0950951121098673
176.97500000000002,6008.365659834057,126.83827524490685,6135.203935078964,1.6288101083549267
177.02500000000003,6453.263951194449,409.69353980170865,6862.9574909961575,1.4266415182363485
177.07500000000005,6453.263953934528,799.4275312345688,7252.691485169097,1.2633925844418823
177.12500000000006,6453.263953934529,1127.308757315583,7580.572711250112,1.18079083345374
177.17500000000007,6453.263953934528,1540.2296079312553,7993.493561865784,1.1094066042047286
177.22500000000008,6105.329113908558,1870.8206480433557,7976.149761951913,1.0659794532165865
177.2750000000001,6453.263953934529,2271.411270625897,8724.675224560426,1.0537074811104314
177.3250000000001,6453.263953934528,2585.033066220775,9038.297020155303,1.0192263489463997
177.3750000000001,6453.263953934529,2953.8237220078167,9407.087675942346,1.013900858827823
177.42500000000013,6453.263953934528,3261.7555800511536,9715.019533985682,1.0014086187092461
177.47500000000014,6105.329113908558,3609.6350589538856,9714.964172862443,1.0026815922270327
177.52500000000015,6453.263953934529,3901.364945548692,10354.628899483221,1.0155155021084554
177.57500000000016,6453.263953934528,4217.007439526595,10670.271393461124,1.0176531067755277
177.62500000000017,6453.263953934529,4442.3789349096405,10895.64288884417,1.027195284358814
177.67500000000018,6453.224850641947,4670.83874971372,11124.063600355668,1.041812055109802
177.7250000000002,6091.289379993888,4818.4606729858715,10909.75005297976,1.0521355291216596
177.7750000000002,6168.009716824167,4961.698610482676,11129.708327306842,1.0832254057550006
177.82500000000022,5506.040436748572,5053.326941695867,10559.36737844444,1.093536461090969
177.87500000000023,4442.346728014528,5151.884580318699,9594.231308333226,1.1145608604460762
177.92500000000024,4101.58039488878,5250.604047459983,9352.184442348764,1.144594970327499
177.97500000000025,3196.7240792230587,5348.554315186431,8545.27839440949,1.1656338936758899
178.02500000000026,2826.5504238561266,5434.977718484829,8261.528142340956,1.1885788245059294
178.07500000000027,3008.918626873667,5523.700327759712,8532.618954633379,1.2173874598814238
178.12500000000028,3000.3148360013283,5236.583919546924,8236.898755548253,1.2079527990118586
178.1750000000003,2527.9715125096127,4985.889341329979,7513.860853839592,1.2232511644268784
178.2250000000003,1660.1678581571955,4626.073568294372,6286.241426451568,1.2117786990118586
178.27500000000032,847.9512991435096,4345.124870812078,5193.076169955588,1.2173874598814238
178.32500000000033,300.9796614526298,4007.658228874864,4308.637890327494,1.2117786990118586
178.37500000000034,558.6834611104206,3766.9962036426728,4325.679664753094,1.2135615598814238
178.42500000000035,1232.6501078611386,3461.9248924767253,4694.5750003378635,1.2176424035573132
178.47500000000036,1883.9710625219848,3210.5594506724588,5094.530513194443,1.2173874598814238
178.52500000000038,2468.4435858082797,2897.0949728512937,5365.538558659573,1.2117786990118586
178.5750000000004,3016.1748147058206,2649.3093483287576,5665.484163034578,1.2173874598814238
178.6250000000004,3249.092968577791,2351.4375950279846,5600.530563605776,1.2079527990118584
178.6750000000004,3799.7696994842936,2133.958119512876,5933.727818997169,1.2232511644268784
178.72500000000042,4140.514061555217,1880.83927749351,6021.353339048727,1.2117786990118586
178.77500000000043,4080.583909137694,1737.8060426950747,5818.389951832769,1.2135615598814236
178.82500000000044,4705.3058605797105,1584.0957115482074,6289.4015721279175,1.2156045990118585
178.87500000000045,4061.288204570842,1512.535904798057,5573.824109368899,1.2133066162055344
178.92500000000047,4153.912183866505,1445.8575006646267,5599.769684531132,1.2173874598814236
178.97500000000048,3737.209402210702,1400.7574633033466,5137.966865514049,1.2171325162055344
179.0250000000005,2937.6089179903615,1345.7348520477558,4283.343770038117,1.207697855335969
179.0750000000005,2633.541324323786,1312.2003396454031,3945.741663969189,1.222996220750989
179.1250000000005,2495.977590846644,1246.4374171673574,3742.4150080140016,1.2115237553359692
179.17500000000052,2816.4236109456215,1209.7488113060535,4026.172422251675,1.2171325162055344
179.22500000000053,3064.873136330665,1155.545331560811,4220.418467891476,1.2115237553359692
179.27500000000055,3125.2018606014385,1113.4149712053334,4238.616831806772,1.2133066162055344
179.32500000000056,3519.7314384677657,1069.3625455274262,4589.093983995192,1.2173874598814238
179.37500000000057,3695.5484613905037,1012.1552168102213,4707.703678200725,1.2171325162055344
179.42500000000058,3716.306066653294,949.8263839744513,4666.132450627745,1.2115237553359692
179.4750000000006,3415.8627788812214,865.7773448540574,4281.640123735278,1.2171325162055344
179.5250000000006,3450.719561761451,781.8433623092906,4232.562924070742,1.207697855335969
179.5750000000006,3818.194616688104,719.0858381498591,4537.280454837963,1.222996220750989
179.62500000000063,4127.48458541206,655.4884782974269,4782.973063709487,1.211523755335969
179.67500000000064,4339.388618584085,611.0206999925219,4950.409318576607,1.2171325162055344
179.72500000000065,4508.855758338614,557.0609154445578,5065.916673783171,1.211523755335969
179.77500000000066,4459.897721714694,513.6257818298751,4973.523503544569,1.2133066162055344
179.82500000000067,4750.96445757909,459.6898466819722,5210.654304261062,1.2173874598814236
179.87500000000068,4999.380707368868,416.25471306728934,5415.635420436157,1.2171325162055344
179.9250000000007,5018.260623161844,362.3187779193865,5380.579401081231,1.207697855335969
179.9750000000007,5486.177325085597,318.88364430470364,5805.060969390301,1.222996220750989
180.02500000000072,5701.631224085142,264.9477091568008,5966.578933241943,1.211523755335969
180.07500000000073,5858.392441585183,221.512575542118,6079.905017127301,1.2173874598814238
180.12500000000074,5988.515727362609,167.5766403942152,6156.092367756824,1.2117786990118586
180.17500000000075,5773.14747495028,124.14157997741532,5897.289054927695,1.2135615598814238
180.22500000000076,6209.482350144331,70.45556451735428,6279.937914661685,1.2176424035573132
180.27500000000077,6334.222137855235,32.153102903912036,6366.375240759147,1.2173874598814238
180.32500000000078,6341.112459473324,5.307467104266104,6346.41992657759,1.2117786990118586
180.3750000000008,6341.112459473324,0.24213183601887905,6341.354591309343,1.2173874598814238
180.4250000000008,5993.177619447353,7.230189931492265e-05,5993.1776917492525,1.2079527990118586
180.47500000000082,6341.112459473325,0.0,6341.112459473325,1.2232511644268784
180.52500000000083,6341.112459473324,0.0,6341.112459473324,1.2117786990118586
180.57500000000084,6341.112459473325,0.0,6341.112459473325,1.2173874598814238
180.62500000000085,6341.112459473324,0.0,6341.112459473324,1.2117786990118586
180.67500000000086,5993.177619447353,0.0,5993.177619447353,1.2135615598814236
180.72500000000088,6341.112459473325,0.0,6341.112459473325,1.2176424035573132
180.7750000000009,6341.112459473324,0.0,6341.112459473324,1.2173874598814238
180.8250000000009,5993.177619145026,0.0,5993.177619145026,1.2079527990118584
180.8750000000009,6631.427366172846,0.0,6631.427366172846,1.2212133598814239
180.92500000000092,5749.058350528072,0.0,5749.058350528072,1.207697855335969
180.97500000000093,5941.772461791017,0.0,5941.772461791017,1.222996220750989
181.02500000000094,5839.637814184737,0.0,5839.637814184737,1.211523755335969
181.07500000000095,5359.521035351236,0.0,5359.521035351236,1.2133066162055344
181.12500000000097,5477.688039679544,0.0,5477.688039679544,1.2173874598814236
181.17500000000098,5229.318310118211,0.0,5229.318310118211,1.2171325162055344
181.225000000001,4985.074817634523,0.0,4985.074817634523,1.2115237553359692
181.275000000001,4779.397170551891,0.0,4779.397170551891,1.2171325162055344
181.325000000001,4279.086061226293,0.0,4279.086061226293,1.2076978553359692
181.37500000000102,4500.603323593295,0.0,4500.603323593295,1.222996220750989
181.42500000000103,4392.7989713973875,0.0,4392.7989713973875,1.2115237553359692
181.47500000000105,4268.618896335511,0.005562218931644426,4268.624458554443,1.2171325162055344
181.52500000000106,4100.074826787705,0.45876165485265963,4100.533588442558,1.2115237553359692
181.57500000000107,3635.9205665267405,5.897781297398675,3641.818347824139,1.2133066162055344
181.62500000000108,3919.2292661130127,14.848299179053114,3934.0775652920656,1.2173874598814238
181.6750000000011,3773.235033246695,29.86003137658133,3803.0950646232764,1.2171325162055344
181.7250000000011,3625.6282059217933,47.27104440759268,3672.899250329386,1.211523755335969
181.7750000000011,3543.4472577704228,75.9677141140727,3619.4149718844956,1.2171325162055344
181.82500000000113,3193.656157672906,102.55866044783882,3296.214818120745,1.207697855335969
181.87500000000114,3543.4393563764447,136.13427127586613,3679.5736276523107,1.222996220750989
181.92500000000115,3494.505118484552,163.23739701488077,3657.7425154994326,1.211523755335969
181.97500000000116,3008.8077044915035,199.38369107285803,3208.1913955643613,1.2133066162055344
182.02500000000117,3227.3184847557172,233.6486875433381,3460.967172299055,1.2173874598814236
182.07500000000118,3415.922713758856,284.2177571574394,3700.1404709162953,1.2171325162055344
182.1250000000012,3738.903887845448,327.56215539814053,4066.4660432435885,1.2117786990118586
182.1750000000012,4085.701096851526,381.497861885038,4467.198958736564,1.2173874598814238
182.22500000000122,4005.1693694562773,424.93299549972085,4430.102364955998,1.2079527990118586
182.27500000000123,4584.498910709068,478.86893064762364,5063.367841356691,1.2232511644268784
182.32500000000124,4804.824569865979,522.3040642623066,5327.128634128286,1.2117786990118586
182.37500000000125,5028.306280337634,576.2399994102096,5604.546279747844,1.2173874598814238
182.42500000000126,5245.7183317042745,619.6751330248924,5865.393464729167,1.2117786990118586
182.47500000000127,5120.56284367763,673.6110681727952,5794.173911850425,1.2135615598814238
182.52500000000128,5684.1839441731145,717.046201787478,6401.230145960592,1.2176424035573132
182.5750000000013,5887.577324853322,770.981947446669,6658.559272299992,1.2173874598814238
182.6250000000013,6042.3175922824375,814.2158973792116,6856.53348966165,1.2117786990118586
182.67500000000132,6172.242178495819,865.5209379810594,7037.763116476878,1.2173874598814238
182.72500000000133,5930.757990376696,899.3165203130679,6830.074510689765,1.2079527990118584
182.77500000000134,6320.411465284955,942.4370931214034,7262.848558406358,1.2232511644268784
182.82500000000135,6329.4988980695525,966.5830092856385,7296.081907355191,1.2117786990118586
182.87500000000136,5988.502443079402,999.1321822615223,6987.634625340925,1.2135615598814236
182.92500000000138,6694.503651941982,1010.4999604406564,7705.0036123826385,1.2156045990118585
182.9750000000014,6010.579370416446,1037.3903021764288,7047.969672592875,1.2133066162055344
183.0250000000014,6363.748262499276,1047.2671057483233,7411.015368247599,1.2173874598814236
183.0750000000014,6360.242205781835,1073.1632872934294,7433.4054930752645,1.2171325162055344
183.12500000000142,6008.480346005252,1076.4468868756028,7084.927232880855,1.207697855335969
183.17500000000143,6359.377436735322,1091.5234015909623,7450.900838326284,1.222996220750989
183.22500000000144,6370.814678428978,1081.5811579041122,7452.39583633309,1.2115237553359692
183.27500000000146,6382.4118365335,1092.083359454882,7474.495195988382,1.2171325162055344
183.32500000000147,6385.612413820328,1081.5825579216619,7467.194971741989,1.2115237553359692
183.37500000000148,6035.415800489096,1092.083359454882,7127.499159943978,1.2133066162055344
183.4250000000015,6380.6879547691005,1081.5825579216619,7462.270512690762,1.2173874598814238
183.4750000000015,6377.935392447895,1092.083359454882,7470.018751902777,1.2171325162055344
183.5250000000015,6375.252386887461,1081.5825579216619,7456.834944809123,1.2115237553359692
183.57500000000152,6372.500068085893,1092.083359454882,7464.583427540775,1.2171325162055344
183.62500000000153,6022.335975695261,1081.5825579216619,7103.918533616923,1.207697855335969
183.67500000000155,6374.199499648337,1092.083359454882,7466.282859103219,1.222996220750989
183.72500000000156,6389.035394820183,1081.5825579216619,7470.617952741844,1.211523755335969
183.77500000000157,6407.597150879082,1092.083359454882,7499.680510333964,1.2171325162055344
183.82500000000158,6426.162521117366,1081.5825579216619,7507.745079039028,1.211523755335969
183.8750000000016,6096.106716099643,1092.0836814939717,7188.190397593615,1.2133066162055344
183.9250000000016,6452.500029346549,1081.6161505792445,7534.116179925793,1.2173874598814236
183.97500000000161,6453.261202709047,1092.6267039859913,7545.8879066950385,1.2171325162055344
184.02500000000163,6105.329113908558,1083.2406983050143,7188.569812213572,1.207697855335969
184.07500000000164,6453.263953934529,1096.047699128478,7549.311653063007,1.222996220750989
184.12500000000165,6453.263953934528,1088.1512450670264,7541.415199001554,1.211523755335969
184.17500000000166,6453.263953934529,1102.805014859131,7556.06896879366,1.2173874598814238
184.22500000000167,6453.263953934528,1096.4010456242684,7549.664999558797,1.2117786990118586
184.27500000000168,6105.329113908558,1112.8958473238679,7218.224961232426,1.2135615598814238
184.3250000000017,6453.263953934529,1107.8026746544085,7561.066628588937,1.2176424035573132
184.3750000000017,6453.263953934528,1125.2583413574916,7578.522295292019,1.2173874598814238
184.42500000000172,6453.263953934529,1120.3726645705583,7573.636618505087,1.2117786990118586
184.47500000000173,6453.263953934528,1137.8484230459455,7591.1123769804735,1.2173874598814238
184.52500000000174,6105.329113908558,1132.966379175848,7238.295493084406,1.2079527990118586
184.57500000000175,6453.263953934529,1150.4444520681593,7603.708406002688,1.2232511644268784
184.62500000000176,6453.263953934528,1145.5621486686637,7598.826102603192,1.2117786990118586
184.67500000000177,6453.263953934529,1162.9837638257509,7616.24771776028,1.2173874598814238
184.72500000000178,6453.263953934528,1157.650910272861,7610.914864207389,1.2117786990118586
184.7750000000018,6105.329113908558,1173.4010061153313,7278.730120023889,1.2135615598814236
184.8250000000018,6453.263953934529,1166.1894121483097,7619.453366082838,1.2176424035573132
184.87500000000182,6453.263953934528,1180.7226668532392,7633.986620787768,1.2173874598814238
184.92500000000183,6105.329113908558,1174.4467940869038,7279.775907995461,1.2079527990118584
184.97500000000184,6801.1987939605,1191.648055437572,7992.846849398072,1.2212133598814239
185.02500000000185,6105.329113908558,1187.2095675939165,7292.538681502474,1.207697855335969
185.07500000000186,6453.263953934529,1203.3353389314525,7656.599292865982,1.222996220750989
185.12500000000188,6453.263953934528,1194.0522786109057,7647.316232545434,1.211523755335969
185.1750000000019,6105.329113908558,1204.8050072721392,7310.134121180697,1.2133066162055344
185.2250000000019,6453.262320560876,1193.0643002174197,7646.326620778296,1.2173874598814236
185.2750000000019,6452.717281179775,1204.3940811558957,7657.1113623356705,1.2171325162055344
185.32500000000192,6445.7168305000105,1294.306708231764,7740.023538731774,1.2115237553359692
185.37500000000193,6429.8192027274235,1972.0438938463583,8401.863096573781,1.2171325162055344
185.42500000000194,6065.053099256749,2502.2736151550935,8567.326714411844,1.219170320750989
185.47500000000196,6395.512686347114,2524.496698820287,8920.009385167401,1.234468686166009
185.52500000000197,6378.3612002466025,2507.0371620866817,8885.398362333284,1.2288599252964436
185.57500000000198,6360.48813678046,2511.9216197129454,8872.409756493405,1.2459411515810286
185.625000000002,6342.286689419197,2494.4442392957917,8836.730928714987,1.240332390711463
185.675000000002,5976.767644737261,2499.3261450222003,8476.093789759461,1.253587716996048
185.725000000002,6319.101899339199,2481.848113396152,8800.950012735351,1.2576685606719376
185.77500000000202,6335.043900275077,2486.7420238074133,8821.785924082491,1.2632773215415027
185.82500000000203,6359.324562546968,2469.584915349841,8828.90947789681,1.2691410260869571
185.87500000000205,6360.754955252984,2475.5270080690307,8836.281963322013,1.2747497869565225
185.92500000000206,5985.597830197199,2460.6063871576043,8446.204217354803,1.2709238869565225
185.97500000000207,6276.485452731575,2468.0127788988293,8744.498231630405,1.2920859569169971
186.02500000000208,6227.262889028996,2452.72343917954,8679.986328208535,1.2864771960474317
186.0750000000021,5845.653596495449,2458.1991831413934,8303.852779636843,1.2997325223320169
186.1250000000021,6190.43489411353,2440.270682114662,8630.705576228193,1.3038133660079059
186.17500000000211,6225.137634426492,2445.364381581112,8670.502016007604,1.3094221268774713
186.22500000000213,6239.088135198011,2431.0759928038888,8670.1641280019,1.315540775098815
186.27500000000214,6223.294706411919,2440.076796241476,8663.371502653396,1.3211495359683805
186.32500000000215,5883.260427705345,2427.5028098774274,8310.763237582772,1.3173236359683806
186.37500000000216,6228.4371950728955,2436.450782926332,8664.887977999228,1.3384857059288546
186.42500000000217,6216.145201557689,2371.4574459227883,8587.602647480477,1.3328769450592894
186.47500000000218,6771.178773256714,1973.9078237733208,8745.086597030035,1.3499581713438746
186.5250000000022,7021.85606250746,1167.2588679460134,8189.114930453473,1.346137505928855
186.5750000000022,7369.251174486082,1086.2971350576286,8455.54830954371,1.3537840713438745
186.62500000000222,8054.272722974445,1045.1922151920858,9099.464938166531,1.3558271104743094
186.67500000000223,9283.23542824584,1002.3966997398164,10285.632127985657,1.3614358713438746
186.72500000000224,7858.698746212118,949.8532506509937,8808.551996863112,1.3614358713438748
186.77500000000225,9046.359358496175,956.3448468330491,10002.704205329224,1.3746964322134398
186.82500000000226,8197.59102985179,959.4968171926361,9157.087847044426,1.3767342367588946
186.87500000000227,7727.673839421466,953.7331028856738,8681.40694230714,1.3843808021739141
186.92500000000229,7700.186733644598,928.888449411414,8629.075183056011,1.3920326021739142
186.9750000000023,7738.841224485209,936.6471386830659,8675.488363168275,1.399679167588934
187.0250000000023,7485.952079621506,934.6379969003814,8420.590076521887,1.407580676679843
187.07500000000232,8352.705266978886,933.7599658070477,9286.465232785935,1.414977533003954
187.12500000000233,7730.746602414018,913.2641487860557,8644.010751200074,1.419053142094863
187.17500000000234,9517.03533232899,921.1846491658688,10438.219981494858,1.4323137029644284
187.22500000000235,8107.246959799637,954.0606432714798,9061.307603071116,1.434351507509883
187.27500000000236,8466.678116181927,1002.8130445278773,9469.491160709804,1.4458239729249025
187.32500000000238,6745.599711801657,1037.9349810744866,7783.534692876143,1.451687677470357
187.3750000000024,9405.969646402636,1085.0866457967556,10491.056292199391,1.4572964383399225
187.4250000000024,8363.735962236628,1098.9833399856357,9462.719302222264,1.4728497474308317
187.4750000000024,8608.85248668032,1086.9517899088823,9695.804276589202,1.478458508300397
187.52500000000242,7742.612814874508,1079.8529672969191,8822.465782171428,1.4766704128458514
187.57500000000243,6893.4361806492325,1075.190718531039,7968.626899180272,1.4955397345849817
187.62500000000244,5404.758442962442,1070.9299831449894,6475.688426107432,1.4917138345849816
187.67500000000246,8161.721705399488,1114.258158041646,9275.979863441135,1.5108381000000015
187.72500000000247,8830.027926071434,1213.0912965263517,10043.119222597787,1.5090500045454562
187.77500000000248,9220.681324949059,1301.210322040068,10521.891646989126,1.528174269960476
187.8250000000025,8585.837848273524,1336.5110702769975,9922.348918550522,1.5263861745059304
187.8750000000025,8629.507173754768,1348.7003401138334,9978.207513868601,1.536075779051385
187.9250000000025,9246.685332162548,1317.3829928766568,10564.068325039205,1.5360757790513848
187.97500000000252,9124.946676859792,1328.9895201636577,10453.93619702345,1.5419394835968394
188.02500000000254,9882.4513479655,1354.7329472743675,11237.184295239867,1.5495912835968397
188.07500000000255,9114.333705746423,1321.6005115052271,10435.93421725165,1.543722344466405
188.12500000000256,11245.95206921325,1296.7733317604743,12542.725400973724,1.5513741444664049
188.17500000000257,10036.949774144647,1352.3306863674409,11389.280460512087,1.5572378490118595
188.22500000000258,10487.854075338204,1423.8578969408563,11911.71197227906,1.5628466098814249
188.2750000000026,8920.061136633143,1419.6451146334873,10339.70625126663,1.5551948098814246
188.3250000000026,10563.500522907483,1382.0977608793207,11945.598283786803,1.5763621144268791
188.37500000000261,9652.91598620562,1314.152489262723,10967.068475468343,1.5666672752964446
188.42500000000263,11672.856532884194,1258.4381660218276,12931.294698906022,1.5819708752964443
188.47500000000264,9069.040264084826,1234.1157120151386,10303.155976099964,1.5781397407114641
188.52500000000265,10835.328183033285,1171.7978050032166,12007.125988036501,1.593443340711464
188.57500000000266,9965.44524086286,1198.7394140385616,11164.184654901423,1.591655245256919
188.62500000000267,9277.904556037862,1232.6746110803986,10510.57916711826,1.593438106126484
188.67500000000268,11280.532847198367,1272.6214462383336,12553.1542934367,1.6069536106719389
188.7250000000027,10753.807203976496,1355.0490998691334,12108.856303845629,1.6130722588932827
188.7750000000027,10502.282176118046,1432.0999920154684,11934.382168133514,1.618681019762848
188.82500000000272,10209.156901450222,1369.5326382771418,11578.689539727364,1.620463880632413
188.87500000000273,11490.16290155282,1330.295988063819,12820.458889616639,1.633724441501978
188.92500000000274,7392.207101786344,1434.8092436909865,8827.01634547733,1.6316814023715434
188.97500000000275,9206.366103449061,1637.6506099211158,10844.016713370178,1.6314264586956542
189.02500000000276,10206.29804773803,1703.2872155794735,11909.585263317504,1.6372901632411083
189.07500000000277,10769.825002888314,1735.9849051986087,12505.809908086923,1.6449419632411084
189.12500000000279,9612.435256338722,1779.8196217898078,11392.25487812853,1.6490175723320175
189.1750000000028,8849.71125324411,1944.4398542897231,10794.151107533833,1.6587071768774724
189.2250000000028,9964.997277547365,2207.1601895857257,12172.15746713309,1.6530984160079072
189.27500000000282,10909.81661510359,2282.0376979793723,13191.854313082962,1.664570881422927
189.32500000000283,8383.551973175148,2329.355885740143,10712.907858915292,1.6622728986166027
189.37500000000284,8244.01754407759,2402.29173341011,10646.309277487699,1.6604900377470375
189.42500000000285,8447.988390332861,2538.3445661635415,10986.332956496402,1.674005542292492
189.47500000000286,7010.699047463378,2660.9132988663887,9671.612346329766,1.6643107031620572
189.52500000000288,8870.058654825943,2778.3629812245917,11648.421636050534,1.674005542292492
189.5750000000029,6959.211237345728,2907.242563761533,9866.45380110726,1.6643107031620572
189.6250000000029,7294.509189497561,3064.451013322904,10358.960202820464,1.674005542292492
189.6750000000029,5586.613893839777,3201.238353537623,8787.8522473774,1.6645656468379464
189.72500000000292,6081.084116242114,3232.326411799979,9313.410528042092,1.6760433468379468
189.77500000000293,4799.560995877374,3263.8121337906377,8063.373129668012,1.6683915468379469
189.82500000000294,7083.922579136191,3298.067669556106,10381.990248692298,1.6722174468379467
189.87500000000296,5881.374477452017,3405.299970986509,9286.674448438527,1.6719625031620575
189.92500000000297,5183.911117202163,3616.6180349154492,8800.529152117611,1.6643107031620574
189.97500000000298,5385.998674494447,3781.04064285643,9167.039317350878,1.6604900377470375
190.025000000003,7949.210900000908,3801.401291809947,11750.612191810855,1.653093181422927
190.075000000003,9661.186472088018,3682.3103608281604,13343.496832916178,1.6607449814229267
190.125000000003,11206.566323729126,3667.2007263516925,14873.76705008082,1.654881276877472
190.17500000000302,9382.590348359088,3719.095555177254,13101.685903536341,1.6469745332015828
190.22500000000304,7802.729065262854,3719.9892398413667,11522.718305104221,1.6428989241106737
190.27500000000305,4756.587347866821,3674.0145183688555,8430.601866235676,1.6352471241106736
190.32500000000306,6408.188229765507,3526.701429141563,9934.88965890707,1.6332093195652193
190.37500000000307,8846.556181439977,3532.623531013327,12379.179712453304,1.6332093195652193
190.42500000000308,7797.614804897816,3459.543093774546,11257.157898672362,1.6235197150197647
190.4750000000031,4676.627103701511,3416.932074356637,8093.559178058148,1.612047249604745
190.5250000000031,4870.801931047462,3338.157344074148,8208.95927512161,1.6021079359683814
190.57500000000312,5875.945333862361,3251.667453076944,9127.612786939306,1.5947110796442705
190.62500000000313,6790.032489212783,3152.377570439512,9942.410059652295,1.5929282187747051
190.67500000000314,7141.266016843293,3014.71025334144,10155.976270184732,1.5832386142292507
190.72500000000315,7495.399756546109,2813.495211565042,10308.894968111152,1.5699832879446656
190.77500000000316,6141.943128557269,2623.0770494244653,8765.020177981734,1.5582558788537566
190.82500000000317,5669.398571704439,2536.095562186827,8205.494133891265,1.550604078853757
190.87500000000318,7501.985600691899,2438.721628070076,9940.707228761974,1.5447456088932823
190.9250000000032,7319.237793700449,2313.7570107040815,9632.99480440453,1.5256213434782624
190.9750000000032,6809.455245915538,2110.9114022863996,8920.366648201938,1.5141488780632428
191.02500000000322,6259.576482218955,1833.0882742692208,8092.664756488176,1.5085401171936774
191.07500000000323,7617.390197737894,1554.508833125179,9171.899030863073,1.4912039472332028
191.12500000000324,7612.4258600503,1398.5144758862211,9010.94033593652,1.4797314818181833
191.17500000000325,8500.309870061024,1298.4443217357825,9798.754191796806,1.4682590164031633
191.22500000000326,7921.872299521781,1164.546512127763,9086.418811649544,1.4570414946640329
191.27500000000327,9178.413956250031,1023.9290112019278,10202.34296745196,1.4399602683794477
191.32500000000329,8327.162743362058,912.7739923317363,9239.936735693795,1.4152272420948628
191.3750000000033,6448.650427386451,825.6736978451024,7274.324125231554,1.405542872134389
191.4250000000033,7024.004751922774,726.3865346316477,7750.391286554422,1.386418606719369
191.47500000000332,9094.278148747513,545.7522054940904,9640.030354241604,1.3767342367588944
191.52500000000333,8354.663657964169,440.7557724356411,8795.41943039981,1.363473675889329
191.57500000000334,8247.801993711773,357.2512352591518,8605.053228970924,1.3560820541501986
191.62500000000335,7114.825907395421,251.52957526493822,7366.3554826603595,1.335429871541503
191.67500000000337,6034.212602164127,188.41590759106566,6222.628509755193,1.3219196015810286
191.72500000000338,4220.407192256736,139.42004519476382,4359.8272374515,1.3063662924901196
191.7750000000034,6191.785827077421,170.54386914614318,6362.3296962235645,1.300502587944665
191.8250000000034,6829.400389325903,258.7576824414348,7088.158071767338,1.284949278853756
191.8750000000034,5028.266312703264,323.93426994848176,5352.200582651745,1.275004730632412
191.92500000000342,4333.926956248092,344.8597985636101,4678.786754811702,1.2558856998023724
191.97500000000343,4850.308096492895,430.6425616462877,5280.950658139182,1.2543577826086965
192.02500000000344,5369.191297747013,557.5443009256352,5926.735598672648,1.2408422780632418
192.07500000000346,5936.235809601006,650.2974206948256,6586.533230295831,1.2352335171936768
192.12500000000347,6084.70707887177,755.8652295834835,6840.572308455254,1.227586951778657
192.17500000000348,6115.765619169211,885.1604288223124,7000.926047991524,1.2201900954545462
192.2250000000035,5106.806959201382,1046.9159319491782,6153.72289115056,1.2125435300395262
192.2750000000035,4940.546453657396,1194.7621771190861,6135.3086307764825,1.2028539254940716
192.3250000000035,4123.028977517141,1361.8727440209461,5484.901721538087,1.196990220948617
192.37500000000352,5637.323859553674,1620.5918564829626,7257.915716036637,1.196990220948617
192.42500000000354,5762.007211510097,1819.310139886421,7581.317351396518,1.1967352772727278
192.47500000000355,4244.338663861425,2003.9920541047127,6248.330717966137,1.1911265164031626
192.52500000000356,4184.965243288962,2242.882714734244,6427.847958023205,1.1967352772727278
192.57500000000357,5219.560750370593,2431.5952558679646,7651.156006238558,1.1908715727272734
192.62500000000358,4157.0833785573395,2667.0429844274418,6824.126362984782,1.1926544335968388
192.6750000000036,5519.313888479553,2894.4997620458753,8413.813650525428,1.1964803335968386
192.7250000000036,5635.547692978749,3030.1431580512135,8665.690851029962,1.1964803335968386
192.77500000000362,4873.610044481809,3125.779803940424,7999.389848422234,1.1944372944664037
192.82500000000363,5728.919248968668,3176.8623012151243,8905.781550183792,1.2079527990118586
192.87500000000364,4547.707711076057,3205.6325257759518,7753.340236852009,1.2155993644268783
192.92500000000365,3433.563153200045,3156.196720027268,6589.759873227313,1.2155993644268783
192.97500000000366,3241.865506266522,3090.6955532612574,6332.561059527779,1.2255439126482222
193.02500000000367,4152.793857685227,3040.8690191420114,7193.6628768272385,1.2275817171936767
193.07500000000368,4751.393238943876,2986.69190791806,7738.085146861937,1.2329355343873527
193.1250000000037,4436.638570603476,2896.1244155497466,7332.762986153222,1.2482338998023723
193.1750000000037,3945.7124919501084,2831.8930819494954,6777.605573899604,1.259706365217392
193.22500000000372,4828.010791495257,2785.421746968851,7613.432538464108,1.2614892260869575
193.27500000000373,4993.371912545454,2722.8610990355182,7716.233011580972,1.2823963523715423
193.32500000000374,5683.582418065631,2568.4339949420055,8252.016413007637,1.293868817786562
193.37500000000375,5421.4296792449495,2418.040275079166,7839.469954324115,1.311459931422926
193.42500000000376,4301.526360316734,2264.9673060792547,6566.493666395989,1.328541157707511
193.47500000000377,5335.053370356621,2069.3256751197937,7404.379045476415,1.3359327794466413
193.52500000000379,5759.655450065455,1881.444971728504,7641.100421793959,1.3647466494071159
193.5750000000038,5280.430006933788,1655.5734745458665,6936.0034814796545,1.368822258498025
193.6250000000038,5797.763712569339,1542.0838613630303,7339.847573932369,1.3955930893280646
193.67500000000382,5763.013462903222,1476.4161046498632,7239.429567553085,1.409103359288539
193.72500000000383,6689.65163149164,1394.3728733242413,8084.024504815881,1.4340913292490132
193.77500000000384,5935.396698243692,1424.770193095366,7360.166891339059,1.453465303754942
193.82500000000385,6928.177298239742,1453.0263786247797,8381.203676864523,1.484316978260871
193.87500000000387,7387.057430820559,1560.5518179690523,8947.609248789611,1.5149084745059302
193.92500000000388,7715.089367228832,1665.9616362407223,9381.051003469554,1.5434621662055352
193.9750000000039,7825.967918611724,1878.778792608977,9704.746711220701,1.5720158579051402
194.0250000000039,6802.385572593736,2067.5720432914063,8869.957615885141,1.6181606632411085
194.0750000000039,9041.567764301348,2265.340039225854,11306.907803527201,1.6643107031620572
194.12500000000392,7559.535481726319,2508.0199426893946,10067.555424415714,1.7160590347826103
194.17500000000393,8626.709751174529,2735.711171960392,11362.420923134921,1.7871918100790536
194.22500000000394,9280.058330305077,2760.4637720923197,12040.522102397397,1.8488899245059311
194.27500000000396,9240.855321068346,2741.339858914566,11982.195179982911,1.906507195256919
194.32500000000397,9655.014871983536,2690.2694634602776,12345.284335443814,1.9490810442687776
194.37500000000398,7842.46917270722,2628.4279636098736,10470.897136317093,1.9875792841897257
194.425000000004,7836.75556960828,2608.4016219433365,10445.157191551616,2.0143501150197656
194.475000000004,8475.728835891005,2608.325763704566,11084.05459959557,2.0240397195652204
194.525000000004,8742.629968631296,2605.2631511597256,11347.89311979102,2.033469145849805
194.57500000000402,8352.661568646072,2602.0884356796,10954.750004325671,2.0528483549407146
194.62500000000404,8912.386528732086,2584.817618374064,11497.20414710615,2.049277398616604
194.67500000000405,10432.315555341622,2571.535273888313,13003.850829229934,2.0607550986166037
194.72500000000406,9783.175569056657,2556.4811662991397,12339.656735355797,2.0490224549407143
194.77500000000407,8198.466660833366,2457.1746207495103,10655.641281582877,2.0472395940711494
194.82500000000408,10079.248182246887,2397.5996272512284,12476.847809498115,2.0492826332015843
194.8750000000041,9163.764225579023,2243.473981050059,11407.238206629083,2.045207024110675
194.9250000000041,7029.279172439572,1998.7421448454688,9028.021317285042,2.0240449541502006
194.97500000000412,11928.34831881358,1836.0033586231243,13764.351677436704,2.019969345059292
195.02500000000413,9410.389799875906,1662.5433622163218,11072.933162092228,1.997024414229252
195.07500000000414,11087.89174251668,1447.4624035309291,12535.35414604761,1.9875949879446673
195.12500000000415,19993.27792468977,1294.6783778810277,21287.956302570798,1.9626122525691727
195.17500000000416,19756.44705944652,1001.6572663123728,20758.104325758894,1.9279451472332045
195.22500000000417,31402.141116699822,869.3505907387143,32271.491707438538,1.895060902766801
195.27500000000418,19063.481778683163,598.1131586061234,19661.594937289286,1.8507094274703582
195.3250000000042,26106.41669810722,495.4877714450796,26601.9044695523,1.78161969130435
195.3750000000042,20726.624122117253,548.2214690726378,21274.845591189893,1.727828320553362
195.42500000000422,22571.686645195365,588.4487755221289,23160.135420717495,1.6566903106719388
195.47500000000423,14358.223360966682,688.1573122855796,15046.38067325226,1.5970247662055352
195.52500000000424,15787.67389933967,840.3130399221675,16627.98693926184,1.5567384308300412
195.57500000000425,16058.154784828977,944.8047111893623,17002.95949601834,1.5223210345849818
195.62500000000426,11703.938084436157,1059.5137432894628,12763.45182772562,1.4914641254940726
195.67500000000427,10541.606917262376,1184.4134512232351,11726.020368485611,1.4741279555335982
195.7250000000043,10639.235334690027,1261.8408491384835,11901.07618382851,1.4455742638339937
195.7750000000043,9773.424693853492,1368.5444514483047,11141.969145301797,1.4261950547430844
195.8250000000043,7570.525225436061,1476.9834772825066,9047.508702718567,1.4070707893280643
195.87500000000432,7619.674965847698,1556.6050305377921,9176.27999638549,1.3976413630434796
195.92500000000433,7448.265100578645,1608.2833817008905,9056.548482279535,1.3741813102766811
195.97500000000434,8708.502829695792,1563.9654489992554,10272.468278695047,1.3685777839920958
196.02500000000435,5623.248490495999,1625.0024527673881,7248.250943263387,1.3550622794466414
196.07500000000437,7655.011487980135,1698.977225837145,9353.98871381728,1.3339002094861672
196.12500000000438,8644.395616995354,1785.9278463232145,10430.32346331857,1.3224277440711474
196.1750000000044,6384.698740058695,1779.54349159216,8164.242231650855,1.3053465177865624
196.2250000000044,7902.41896863507,1771.0207778479084,9673.439746482978,1.2976999523715422
196.2750000000044,6793.949200983855,1808.180015558601,8602.129216542457,1.2803585478260875
196.32500000000442,7093.27541619357,1848.1465225676643,8941.421938761234,1.2706741778656132
196.37500000000443,6447.458789313948,1926.0931470737276,8373.551936387676,1.257158673320159
196.42500000000445,6107.053399258082,1976.6259631826822,8083.679362440765,1.243393459683795
196.47500000000446,6769.837599439646,1989.4027382769532,8759.2403377166,1.222231389723321
196.52500000000447,6025.062052179531,2059.6872035310444,8084.749255710575,1.2222313897233208
196.57500000000448,6419.258208259997,2093.4671403873126,8512.72534864731,1.210758924308301
196.6250000000045,4928.4816009921815,2036.475770094929,6964.95737108711,1.1957155025691706
196.6750000000045,5283.506440943813,1988.5759293017877,7272.0823702456,1.189851798023716
196.7250000000045,5790.759284876583,1966.4011135796482,7757.160398456231,1.182205232608696
196.77500000000452,5706.487197432315,1926.109008167482,7632.596205599797,1.1727705717391308
196.82500000000454,5096.337158921388,1887.0393446605517,6983.37650358194,1.161043162648222
196.87500000000455,4985.414715918912,1893.3093914920014,6878.724107410913,1.1607882189723329
196.92500000000456,5209.812833966307,1813.2704588452216,7023.083292811529,1.1454898535573128
196.97500000000457,4442.534863199828,1767.1765115119304,6209.711374711758,1.1490608098814237
197.02500000000458,4267.10754401944,1739.3383627006588,6006.445906720099,1.1396261490118582
197.0750000000046,4353.636843363507,1696.941401697975,6050.578245061482,1.1337624444664036
197.1250000000046,4345.530848683766,1660.8242384164819,6006.355087100248,1.1296816007905146
197.17500000000462,4520.804986416411,1562.701401077108,6083.5063874935195,1.127898739920949
197.22500000000463,5252.560292696953,1459.385575629882,6711.945868326835,1.1222899790513838
197.27500000000464,4334.372041405311,1435.5023658600126,5769.874407265324,1.1164262745059292
197.32500000000465,3659.7072026700225,1433.6253965226092,5093.332599192632,1.1141282916996054
197.37500000000466,4462.971034958823,1390.2439901177927,5853.215025076615,1.1217800916996052
197.42500000000467,4737.3399916923745,1314.644045629908,6051.984037322282,1.1164262745059295
197.47500000000468,3664.4533550085403,1230.5442345537026,4894.997589562243,1.1240728399209492
197.5250000000047,4596.848877163657,1151.0876141905778,5747.936491354234,1.1243277835968386
197.5750000000047,4561.716723269343,1050.3391180328902,5612.055841302233,1.1225449227272732
197.62500000000472,3637.9299853234766,963.7583020202125,4601.688287343689,1.126110644466404
197.67500000000473,5109.816094453793,854.6696368203415,5964.485731274134,1.1393712053359688
197.72500000000474,3741.9231753910612,732.830492157227,4474.753667548288,1.1335075007905144
197.77500000000475,3412.062820561495,666.32992275842,4078.392743319915,1.1467628270750996
197.82500000000476,2990.4655499198725,574.2964061838949,3564.7619561037673,1.1470177707509888
197.87500000000477,4021.378175633995,502.5805161124797,4523.958691746475,1.1526265316205542
197.9250000000048,5008.6336967731695,439.6349979280267,5448.268694701196,1.1681798407114632
197.9750000000048,3653.2514545073373,347.4910203903271,4000.7424748976646,1.1758264061264831
198.0250000000048,4288.516072925216,293.8210112691424,4582.337084194358,1.1855160106719376
198.07500000000482,4532.089985790521,232.3052491800272,4764.395234970548,1.1931625760869575
198.12500000000483,3820.4793979615515,149.19451914361255,3969.673917105164,1.206678080632412
198.17500000000484,4590.242219755349,106.54795821707071,4696.79017797242,1.2217162677865623
198.22500000000485,3672.0338783804436,76.20947300667578,3748.243351387119,1.2314058723320167
198.27500000000487,4398.611368695197,62.24739853583731,4460.858767231034,1.243133281422926
198.32500000000488,5566.697234188671,46.81936239970298,5613.516596588374,1.2584316468379457
198.3750000000049,5981.1161772563455,29.08625239680442,6010.20242965315,1.2834143822134398
198.4250000000049,5341.618590866734,12.397761354557918,5354.0163522212915,1.2987127476284597
198.4750000000049,5322.003750253185,6.865973005359162,5328.869723258545,1.312223017588934
198.52500000000492,5803.568681453419,3.170144807336921,5806.7388262607565,1.3313472830039537
198.57500000000493,6174.294876748758,0.04256217492090875,6174.337438923679,1.3504663138339934
198.62500000000495,6222.088048983024,0.0,6222.088048983024,1.3680574274703572
198.67500000000496,6011.6545177933,0.0,6011.6545177933,1.3892194974308316
198.72500000000497,7223.374289157883,0.0,7223.374289157883,1.4121644282608712
198.77500000000498,5991.701329408523,0.0,5991.701329408523,1.4238918373517802
198.825000000005,7006.620027571489,0.0,7006.620027571489,1.441482950988144
198.875000000005,7372.516983401787,0.0,7372.516983401787,1.4567813164031636
198.925000000005,6412.5824976707,0.3842070653968792,6412.966704736097,1.4723346254940726
198.97500000000502,7320.458194409952,25.829613793281197,7346.287808203233,1.4855899517786577
199.02500000000504,6826.483275198256,62.9271343166466,6889.410409514902,1.5026711780632427
199.07500000000505,7512.12459199801,63.08515802496451,7575.209750022975,1.5179695434782625
199.12500000000506,7670.763564292335,83.01154539662211,7753.775109688957,1.5276591480237172
199.17500000000507,4172.5830693018515,131.90008901945572,4304.483158321307,1.535305713438737
199.22500000000508,6283.718372335191,181.57593357820758,6465.294305913399,1.5508590225296461
199.2750000000051,2811.7862394500703,231.2518844677472,3043.0381239178173,1.566157387944666
199.3250000000051,6255.598449805809,280.9278353572869,6536.526285163096,1.5681951924901205
199.37500000000512,4726.004411855605,324.56582536522507,5050.570237220831,1.570238231620555
199.42500000000513,11049.360084988994,374.23831718604197,11423.598402175036,1.5817106970355748
199.47500000000514,8646.518911957462,419.49498448473094,9066.013896442193,1.5855365970355748
199.52500000000515,7992.715059039485,456.6364309717547,8449.35149001124,1.5857863061264836
199.57500000000516,9513.236862345493,537.0170526415639,10050.253914987057,1.6028727669960494
199.62500000000517,3474.4947467133493,558.4758995968857,4032.9706463102348,1.5970090624505948
199.67500000000518,6145.034156982741,614.9777808894144,6760.011937872155,1.6005800187747055
199.7250000000052,6567.276445206747,688.3849629535342,7255.661408160281,1.5944613705533612
199.7750000000052,2642.458472871014,771.5866026757817,3414.0450755467955,1.5924183314229265
199.82500000000522,9461.391041841922,825.1451003745079,10286.53614221643,1.5883427223320175
199.87500000000523,8263.486458371668,875.5216209860707,9139.008079357738,1.5829889051383415
199.92500000000524,4654.462045628663,949.0220710310214,5603.484116659684,1.5791630051383416
199.97500000000525,5038.777155909677,1034.0027552033175,6072.779911112995,1.5791630051383416
200.02500000000526,4978.9207695516925,1125.3033573165017,6104.224126868194,1.5735542442687764
200.07500000000528,11496.043261072573,1195.8716375210643,12691.914898593637,1.5755920488142308
200.1250000000053,8174.670654213918,1214.6665134598702,9389.337167673788,1.5735542442687764
200.1750000000053,6297.1946789884305,1256.678651491642,7553.873330480073,1.5715164397233217
200.2250000000053,5542.08658744943,1305.5158745300519,6847.6024619794825,1.565647500592887
200.27500000000532,4157.034690075774,1313.2299009162302,5470.264590992005,1.5618268351778672
200.32500000000533,4610.484331968359,1343.1023239690246,5953.5866559373835,1.5618268351778672
200.37500000000534,5133.705861409414,1386.0802918475465,6519.7861532569605,1.5618268351778672
200.42500000000535,5476.725177474797,1459.8347265147693,6936.559903989567,1.5582558788537564
200.47500000000537,6650.707954031218,1521.812329107917,8172.520283139135,1.5523921743083018
200.52500000000538,7002.431043525622,1590.0447594638931,8592.475802989515,1.5577459915019776
200.5750000000054,8356.206852147188,1628.4135915479592,9984.620443695148,1.551627343280634
200.6250000000054,7926.255473250029,1642.8339896487703,9569.089462898799,1.5495895387351792
200.6750000000054,9090.195008922063,1586.1941951127724,10676.389204034835,1.5457636387351794
200.72500000000542,7651.996253002664,1567.8644286360627,9219.860681638727,1.5478014432806337
200.77500000000543,6143.121600534694,1531.5711677541658,7674.69276828886,1.5495895387351792
200.82500000000545,4933.6229378871285,1473.3442568175008,6406.967194704629,1.5439755432806337
200.87500000000546,4477.7763047245235,1403.4142709764478,5881.190575700972,1.5439807778656138
200.92500000000547,3115.0376250347626,1359.753243783458,4474.790868818221,1.542447626086958
200.97500000000548,4501.333047631587,1321.0194826946636,5822.35253032625,1.5442357215415035
201.0250000000055,4625.483049697014,1264.0585992339236,5889.541648930938,1.5421926824110685
201.0750000000055,6442.744586738079,1172.4254750806047,7615.170061818684,1.5421926824110685
201.1250000000055,10744.575222769801,1080.435637628796,11825.010860398597,1.5498444824110686
201.17500000000553,9857.867333307784,998.589246674335,10856.45657998212,1.5419377387351794
201.22500000000554,8006.750466252515,940.5828742654581,8947.333340517973,1.553410204150199
201.27500000000555,4155.268502545129,886.8813190386944,5042.149821583824,1.553410204150199
201.32500000000556,5509.0499586969145,838.8916645650359,6347.941623261951,1.5613169478260884
201.37500000000557,6025.8232691766225,775.9284098954395,6801.751679072062,1.5539200915019777
201.42500000000558,9746.721753885264,698.6914073091457,10445.41316119441,1.5615718915019778
201.4750000000056,9067.850751378544,615.6963499117163,9683.54710129026,1.5539200915019777
201.5250000000056,11807.067923519362,502.5732188986401,12309.641142418002,1.5653977915019779
201.57500000000562,10832.743811836122,415.07353420122047,11247.817346037344,1.5712562614624521
201.62500000000563,12465.404205910978,304.2782001995296,12769.682406110507,1.5768702569169974
201.67500000000564,10455.98028583702,212.5113887695486,10668.491674606568,1.571256261462452
201.72500000000565,12707.347718923349,143.0030625185505,12850.350781441899,1.5829889051383415
201.77500000000566,11453.084125699299,128.6475637587478,11581.731689458047,1.581200809683796
201.82500000000567,12671.837160378593,113.40129729268153,12785.238457671274,1.5947163142292504
201.87500000000568,11481.247884679347,105.87116386282281,11587.11904854217,1.5987919233201595
201.9250000000057,12287.289614149719,105.34695933950121,12392.63657348922,1.6026178233201598
201.9750000000057,11809.596272582783,106.82220281133566,11916.418475394119,1.6031277106719386
202.02500000000572,11023.075875117354,79.2260276237796,11102.301902741134,1.6087364715415038
202.07500000000573,10626.505336368818,59.46999208376892,10685.975328452587,1.6146001760869586
202.12500000000574,10458.802394053786,76.54924412454841,10535.351638178334,1.6240348369565238
202.17500000000575,9135.316356235813,77.02292484843001,9212.339281084243,1.6222467415019781
202.22500000000576,9869.538531240529,76.96558116197355,9946.504112402503,1.6337244415019783
202.27500000000578,8261.333351961242,76.95696334946379,8338.290315310705,1.637545106916998
202.3250000000058,8375.025887357262,76.95692158074735,8451.98280893801,1.6566693723320178
202.3750000000058,6691.766729797855,76.95692158074735,6768.723651378603,1.6569190814229269
202.4250000000058,7654.151713172618,77.57073890268808,7731.722452075306,1.662788020553362
202.47500000000582,5574.952084485849,99.4114465224969,5674.3635310083455,1.6666086859683817
202.52500000000583,3746.691091201576,101.48476550577139,3848.1758567073475,1.679869246837947
202.57500000000584,6834.35663574208,99.57831547755099,6933.93495121963,1.6778262077075117
202.62500000000585,5340.290789805627,95.5367499911921,5435.827539796819,1.6852230640316224
202.67500000000587,10290.1580544873,130.25710834758598,10420.415162834886,1.688794020355733
202.72500000000588,11016.077474987584,185.95567214953192,11202.033147137116,1.6831800249011877
202.7750000000059,8030.200074049399,236.80242337560264,8267.002497425001,1.6852230640316224
202.8250000000059,10841.215525478709,307.93626699308993,11149.1517924718,1.6737505986166026
202.8750000000059,7392.058375825212,374.56502170788605,7766.623397533099,1.6640609940711484
202.92500000000592,6024.34629169211,464.0208134737328,6488.367105165843,1.6581972895256938
202.97500000000593,6214.7793523126675,548.5048185812045,6763.284170893872,1.656159484980239
203.02500000000595,11430.316006396533,578.9029764845905,12009.218982881124,1.6505507241106736
203.07500000000596,10371.238765787784,601.2913246071312,10972.530090394916,1.639078258695654
203.12500000000597,6892.209756412498,674.3428024365597,7566.552558849057,1.6349974150197646
203.17500000000598,12386.802901233288,781.3169021420355,13168.119803375324,1.6214871450592903
203.225000000006,9346.78925545335,903.5454975012719,10250.334752954623,1.6138405796442707
203.275000000006,6302.512715283614,1036.869177017303,7339.381892300917,1.5947163142292509
203.325000000006,6427.08142771046,1155.5773194969315,7582.658747207392,1.5735542442687764
203.37500000000603,7676.428140687522,1203.1408174443739,8879.568958131895,1.5697335788537568
203.42500000000604,6950.037640755264,1240.2432233677723,8190.280864123037,1.5523974088932826
203.47500000000605,6408.183315788415,1283.6272744975222,7691.810590285937,1.535061238932808
203.52500000000606,5090.863295696543,1349.3744887741898,6440.237784470733,1.5044645081027683
203.57500000000607,5214.248884546956,1404.049218239482,6618.298102786438,1.4909542381422942
203.62500000000608,9794.318448233284,1446.9702540259507,11241.288702259235,1.4720901509881439
203.6750000000061,3901.2752535677473,1482.163876152665,5383.439129720412,1.452965885573124
203.7250000000061,4130.898081405922,1508.5272351688384,5639.4253165747605,1.4358846592885388
203.77500000000612,7020.830116932436,1535.7842548005124,8556.614371732949,1.420586293873519
203.82500000000613,7747.924361220799,1524.6550611059156,9272.579422326715,1.4070760239130444
203.87500000000614,8164.940996434636,1473.203521744052,9638.144518178688,1.3861688976284596
203.92500000000615,8822.188546424615,1405.8250674163644,10228.01361384098,1.3652617713438748
203.97500000000616,9824.502721348224,1326.9298059164685,11151.432527264693,1.353789305928855
204.02500000000617,6012.06468291222,1238.3208584999757,7250.385541412195,1.3384909405138352
204.07500000000618,7608.438234924036,1151.7520327613593,8760.190267685395,1.3326272359683806
204.1250000000062,6253.42309193846,1108.4182492392204,7361.84134117768,1.3191169660079065
204.1750000000062,6801.449083433119,1075.0904665221558,7876.539549955275,1.3035636569169968
204.22500000000622,4894.700624429515,1021.492054522206,5916.192678951721,1.2824015869565224
204.27500000000623,5828.020158292311,929.2210996488991,6757.24125794121,1.2767928260869574
204.32500000000624,5329.431479992934,803.0030163693093,6132.434496362243,1.2635374998023725
204.37500000000625,6318.367621597964,669.8347193638392,6988.202340961803,1.2538478952569179
204.42500000000626,5238.528607552478,592.9360160613137,5831.464623613792,1.2441582907114632
204.47500000000628,5419.801069674568,552.9068190415021,5972.70788871607,1.2380396424901192
204.5250000000063,6961.414408152294,524.4809914596809,7485.895399611974,1.2263122333992102
204.5750000000063,5830.734923201029,485.9834195837306,6316.718342784759,1.2168775725296452
204.6250000000063,5672.799110058482,430.19457335777525,6102.993683416257,1.21509471166008
204.67500000000632,4167.135814760053,347.7737292982834,4514.909544058337,1.209231007114625
204.72500000000633,3455.9066454059957,292.74728510434124,3748.653930510337,1.193677698023716
204.77500000000634,3023.659614759304,296.96987029887964,3320.6294850581835,1.1992864588932812
204.82500000000636,4150.261481861487,299.2539800110375,4449.515461872524,1.1916398934782613
204.87500000000637,4671.147913160585,277.6914409944444,4948.8393541550295,1.1781243889328068
204.92500000000638,5090.418864300446,226.90519912712142,5317.324063427568,1.1819502889328068
204.9750000000064,5191.541250406667,209.1718959246526,5400.71314633132,1.1646141189723327
205.0250000000064,5958.898269367688,208.30157443197956,6167.199843799667,1.1607882189723329
205.0750000000064,6146.322785722808,208.44463895601322,6354.767424678821,1.158750414426878
205.12500000000642,4856.608658419988,216.54071515690688,5073.149373576895,1.154924514426878
205.17500000000643,4839.585969398908,239.77039081084953,5079.356360209757,1.1490608098814237
205.22500000000645,5546.864360870255,268.98468837851055,5815.849049248765,1.1472779490118583
205.27500000000646,5428.062486329676,299.8981557130936,5727.96064204277,1.1434520490118583
205.32500000000647,4185.939736628381,345.1584806009091,4531.09821722929,1.1434520490118583
205.37500000000648,4651.695114449898,394.3936828740243,5046.088797323922,1.1358054835968385
205.4250000000065,6081.431477000845,478.8110457892884,6560.242522790133,1.1355505399209491
205.4750000000065,5089.871683911529,547.2393941585946,5637.111078070123,1.1314696962450599
205.52500000000651,5160.6048223167245,604.1366703592304,5764.741492675955,1.1332525571146248
205.57500000000653,5862.854208146131,605.8990902189387,6468.75329836507,1.1296868353754947
205.62500000000654,5163.077929640984,646.1376475667942,5809.215577207778,1.1278987399209492
205.67500000000655,6247.609233582155,686.5287424388733,6934.137976021028,1.1296868353754947
205.72500000000656,5874.616313155158,749.8776407869998,6624.493953942158,1.125860935375495
205.77500000000657,5505.219765536846,814.973733726563,6320.19349926341,1.1202521745059295
205.82500000000658,5346.405911985059,926.1815210496726,6272.5874330347315,1.1222899790513838
205.8750000000066,5351.236563898441,985.1671734217326,6336.403737320174,1.1202521745059295
205.9250000000066,4910.76548061553,1066.8971712618302,5977.66265187736,1.1205071181818187
205.97500000000662,4885.405143916799,1177.6949782733352,6063.100122190134,1.1222899790513838
206.02500000000663,5170.358206794929,1262.1251269945922,6432.483333789522,1.1222899790513838
206.07500000000664,5159.225825713647,1391.191524824626,6550.417350538273,1.1263708227272733
206.12500000000665,4652.438806989408,1501.6131545095857,6154.0519614989935,1.120507118181819
206.17500000000666,4402.880610782462,1635.8232166692014,6038.7038274516635,1.1225449227272732
206.22500000000667,4834.035640432601,1726.1020786682775,6560.137719100879,1.1261158790513839
206.27500000000668,4283.59707865335,1761.9179006275463,6045.514979280896,1.118464079051384
206.3250000000067,3159.656636889533,1813.7413564562044,4973.397993345738,1.1281536835968384
206.3750000000067,3539.3487099244717,1861.7425223529267,5401.091232277398,1.1281536835968384
206.42500000000672,3529.228258251728,1905.847049892204,5435.0753081439325,1.1281536835968384
206.47500000000673,3618.160553576263,1919.1374729373003,5537.298026513563,1.1227998664031626
206.52500000000674,4683.9393616982015,1896.630555412221,6580.5699171104225,1.134017388142293
206.57500000000675,4520.47842063474,1830.5247598980889,6351.003180532829,1.1225449227272732
206.62500000000676,4187.395009371923,1791.6174091637984,5979.012418535722,1.1243277835968386
206.67500000000678,4246.203237542779,1740.729748233196,5986.932985775975,1.1166812181818186
206.7250000000068,4085.221828150485,1722.3178300405514,5807.539658191036,1.1225449227272732
206.7750000000068,4065.476284939705,1701.0151784867733,5766.491463426478,1.1187190227272734
206.8250000000068,4098.7697827016445,1684.1441640095557,5782.9139467112,1.1146434136363643
206.87500000000682,4427.646266652386,1707.5775550912829,6135.223821743669,1.1067366699604748
206.92500000000683,3929.9003211577815,1654.6309724276869,5584.531293585468,1.1008729654150202
206.97500000000684,4472.970074141565,1647.8865905095015,6120.856664651067,1.1008729654150204
207.02500000000686,4472.893219088599,1600.8107194880267,6073.703938576626,1.0932264000000007
207.07500000000687,4699.170268562361,1583.954648180221,6283.124916742582,1.1008729654150204
207.12500000000688,3904.0458713169974,1522.666961115381,5426.7128324323785,1.0894005000000007
207.1750000000069,5002.934490648489,1493.8298438011282,6496.764334449617,1.0894005000000004
207.2250000000069,3506.6813872802704,1381.2328490191007,4887.914236299372,1.0891455563241113
207.2750000000069,3894.169602150446,1251.51457694857,5145.684179099016,1.0718093863636369
207.32500000000692,2969.304158905752,1195.641680360191,4164.9458392659435,1.0718093863636369
207.37500000000693,2963.457147358373,1128.877121322333,4092.334268680706,1.0662006254940717
207.42500000000695,2696.388780849338,1058.57849386212,3754.9672747114582,1.060336920948617
207.47500000000696,3144.297948551397,1004.6548022839876,4148.952750835385,1.0506473164031624
207.52500000000697,4374.8362930534,943.6723431180912,5318.508636171491,1.0430007509881425
207.57500000000698,4180.680763013939,949.8865483631408,5130.56731137708,1.0373919901185773
207.625000000007,4035.3810141136396,949.9587067524091,4985.339720866049,1.0335660901185775
207.675000000007,3463.725561274198,928.1758485318636,4391.901409806062,1.0317832292490123
207.72500000000701,4232.109706184149,914.0400637156362,5146.1497698997855,1.0223485683794469
207.77500000000703,2946.0544492016247,922.0819734986579,3868.1364227002828,1.0167398075098817
207.82500000000704,4353.131809209495,946.3030790894418,5299.434888298937,1.009093242094862
207.87500000000705,2963.8927930743002,938.3482772679283,3902.2410703422283,1.0050123984189727
207.92500000000706,4046.6000592765386,892.8930772167369,4939.493136493275,0.9994036375494075
207.97500000000707,2653.5140556852134,837.2777517633186,3490.791807448532,0.9994036375494074
208.02500000000708,2801.386028178872,761.556398665978,3562.94242684485,0.9784965112648224
208.0750000000071,3114.613552144918,707.5542673588387,3822.1678195037566,0.976458706719368
208.1250000000071,4295.464422062214,621.1762773244767,4916.64069938669,0.9767136503952573
208.17500000000712,3374.0316095868757,536.265466327091,3910.2970759139666,0.9649862413043482
208.22500000000713,3707.9658622092784,476.99752828606574,4184.963390495344,0.9593774804347829
208.27500000000714,3938.924736157597,407.1406128573289,4346.065349014926,0.9496878758893283
208.32500000000715,3494.833623182871,376.5311248597285,3871.3647480426,0.9537687195652176
208.37500000000716,3571.900373797695,359.56343549106566,3931.463809288761,0.9387252978260872
208.42500000000717,3661.118979444644,340.88881549279535,4002.0077949374395,0.9328615932806328
208.47500000000719,3019.3122952557605,320.5240225287712,3339.8363177845317,0.9252150278656128
208.5250000000072,2582.545143554306,310.4617504565257,2893.0068940108317,0.9211341841897236
208.5750000000072,4051.8199005521597,302.2515996300972,4354.071500182257,0.9211341841897236
208.62500000000722,3516.5457679373667,274.89544937569593,3791.4412173130627,0.9193513233201586
208.67500000000723,2433.6498194887686,191.14564521929023,2624.7954647080587,0.9037980142292494
208.72500000000724,2459.5011845841127,145.0570594470314,2604.558244031144,0.8979343096837948
208.77500000000725,3469.1952300286553,132.0418844981025,3601.237114526758,0.8941084096837948
208.82500000000726,3622.162303705271,123.57806912557409,3745.740372830845,0.8864618442687751
208.87500000000728,3532.148774381075,90.02182953393216,3622.170603915007,0.8902877442687751
208.9250000000073,2205.5850272747693,28.60382526750045,2234.1888525422696,0.8805981397233205
208.9750000000073,3205.7437197697272,9.937221144548628,3215.6809409142757,0.8765172960474312
209.0250000000073,3274.985497083343,6.977348357496378,3281.9628454408394,0.8803431960474312
209.07500000000732,3645.80277635053,6.207673336336669,3652.0104496868667,0.8744794915019766
209.12500000000733,2867.222063641338,3.301638227508288,2870.5237018688463,0.8650448306324114
209.17500000000734,3298.9052455160067,0.5066630625667821,3299.4119085785737,0.8688707306324113
209.22500000000736,3506.542471749117,0.002327592253117472,3506.54479934137,0.8609692215415022
209.27500000000737,3336.392329078103,0.0,3336.392329078103,0.8533174215415025
209.32500000000738,1832.134080508276,0.0,1832.134080508276,0.8571433215415024
209.3750000000074,3407.6981129827286,0.0,3407.6981129827286,0.8533174215415025
209.4250000000074,3128.91866588123,0.0,3128.91866588123,0.8456708561264826
209.4750000000074,3078.3760153949697,0.0006671027217476197,3078.3766824976915,0.8456708561264826
209.52500000000742,3485.2767814732624,0.0857709832982315,3485.3625524565605,0.8474537169960477
209.57500000000744,2939.4944411016663,1.8012724125823587,2941.2957135142487,0.8510246733201584
209.62500000000745,2759.6909607898533,9.80473789187246,2769.4956986817256,0.8471987733201585
209.67500000000746,3097.777795634904,20.717218811862754,3118.495014446767,0.8454159124505932
209.72500000000747,3535.188814010385,25.147505472262512,3560.3363194826475,0.839807151581028
209.77500000000748,3145.3514355560037,25.582529625561133,3170.933965181565,0.839807151581028
209.8250000000075,2947.5439862451776,25.63769918682896,2973.1816854320064,0.8415900124505933
209.8750000000075,2617.875594233715,26.922393111751763,2644.797987345467,0.8415900124505933
209.92500000000751,4027.6935919605244,33.81447843964433,4061.508070400169,0.8492418124505933
209.97500000000753,3173.677501608746,48.56004800218498,3222.2375496109307,0.8454159124505932
210.02500000000754,2992.3807630320234,88.7177826227684,3081.098545654792,0.8528075341897237
210.07500000000755,2940.734129024087,121.14526477272524,3061.879393796812,0.8530624778656131
210.12500000000756,3349.265279573594,157.97230371261705,3507.237583286211,0.8512796169960478
210.17500000000757,3416.25700277692,200.56198818341534,3616.8189909603357,0.8515345606719372
210.22500000000758,3202.8055150375367,239.83448015916423,3442.639995196701,0.8515345606719372
210.2750000000076,3048.8957110140036,255.77008110363653,3304.66579211764,0.8515345606719372
210.3250000000076,2920.641061966931,271.74566636016453,3192.3867283270956,0.8533174215415025
210.37500000000762,3089.840578992725,296.8991708873234,3386.7397498800483,0.8571433215415024
210.42500000000763,3064.7731585241067,322.00052946353185,3386.7736879876384,0.863007026086957
210.47500000000764,3133.9823257853654,330.29970061560454,3464.28202640097,0.8591811260869571
210.52500000000765,3350.656845176656,335.23607877760503,3685.8929239542613,0.863007026086957
210.57500000000766,3053.6648050928748,350.7683251474967,3404.4331302403716,0.8744794915019768
210.62500000000767,3139.9447738626677,355.01904271771747,3494.9638165803854,0.8706535915019767
210.67500000000769,2959.719863059125,354.54434354073,3314.2642065998552,0.874734435177866
210.7250000000077,2944.3722768201224,348.995875206811,3293.3681520269333,0.8805981397233205
210.7750000000077,2595.509283605451,339.0181725175699,2934.527456123021,0.8805981397233205
210.82500000000772,1757.8953443905436,341.6308274102329,2099.5261718007764,0.8823810005928858
210.87500000000773,2051.147183651312,351.4294930250483,2402.5766766763604,0.895641561462451
210.92500000000774,2027.0429205155701,363.6731307201483,2390.7160512357186,0.891815661462451
210.97500000000775,3418.7266857556992,389.05696776771595,3807.783653523415,0.891815661462451
211.02500000000776,2714.203943698369,441.1123185993833,3155.3162622977525,0.8935985223320163
211.07500000000778,3593.5047442020305,532.423397953115,4125.928142155146,0.8974244223320162
211.1250000000078,2807.100386301503,686.4038146871542,3493.5042009886574,0.9032881268774708
211.1750000000078,2940.2687098723495,754.151792747713,3694.4205026200625,0.8979343096837948
211.2250000000078,3634.390396639823,805.4788160471777,4439.869212687001,0.8979343096837948
211.27500000000782,2510.64473345528,865.0241486374501,3375.66888209273,0.8997171705533601
211.32500000000783,3468.684187951494,881.9457558012398,4350.629943752734,0.9132326750988146
211.37500000000784,2797.9226852157267,888.8283143376939,3686.7509995534206,0.9037980142292492
211.42500000000786,3433.776117862207,887.5691919955129,4321.345309857719,0.9111896359683797
211.47500000000787,3355.27233761762,878.0519293854297,4233.3242670030495,0.9132326750988146
211.52500000000788,3073.5077448731486,887.9397700605031,3961.4475149336517,0.9035430705533599
211.5750000000079,3485.5316046950197,926.7464356212162,4412.278040316236,0.9147605922924904
211.6250000000079,3466.2678128504394,944.8953444573315,4411.163157307771,0.9147605922924904
211.6750000000079,2303.5665062074127,940.4170123615501,3243.9835185689626,0.912722787747036
211.72500000000792,3447.0690530623942,935.6264088788445,4382.695461941239,0.9147605922924904
211.77500000000794,3047.795229203931,936.1077977430916,3983.903026947022,0.9185864922924905
211.82500000000795,2462.6687780853163,951.1124856720135,3413.7812637573297,0.9145056486166012
211.87500000000796,2433.854676765387,967.7631321200347,3401.6178088854217,0.9145056486166012
211.92500000000797,3425.703992102687,970.3251407295855,4396.029132832273,0.9183315486166012
211.97500000000798,3533.8921840244575,958.1520427591785,4492.044226783636,0.9147605922924905
212.025000000008,3639.0596971719206,946.2218896646808,4585.2815868366015,0.9129777314229254
212.075000000008,3913.021247634865,932.2810487281998,4845.302296363065,0.9244501968379452
212.12500000000801,2478.0478520205984,883.0308405722428,3361.0786925928414,0.9150155359683798
212.17500000000803,3360.7652743870967,796.7927787379265,4157.558053125023,0.91884143596838
212.22500000000804,3703.9042395686924,638.979335073235,4342.883574641927,0.9129777314229254
212.27500000000805,3958.1449670058983,557.132912752207,4515.277879758105,0.9183315486166012
212.32500000000806,3690.8769379049386,500.00210204878795,4190.8790399537265,0.9145056486166012
212.37500000000807,3043.2010517900017,455.62617295633083,3498.8272247463324,0.9241952531620558
212.42500000000808,3961.4569557115688,432.04604217942097,4393.50299789099,0.9221574486166013
212.4750000000081,2710.303391700629,467.1988166198012,3177.5022083204303,0.9203693531620558
212.5250000000081,4210.54862376358,510.0176294185775,4720.566253182157,0.9298040140316209
212.57500000000812,3739.3913022023216,536.0785352495811,4275.469837451903,0.9241952531620558
212.62500000000813,3635.783300314632,534.5257466595529,4170.309046974185,0.9298040140316209
212.67500000000814,3622.5150637225947,547.0096465302621,4169.5247102528565,0.9259781140316209
212.72500000000815,4343.935587064282,629.3654936887109,4973.301080752993,0.9338848577075103
212.77500000000816,3700.04980295338,674.5621017314024,4374.6119046847825,0.9356677185770754
212.82500000000817,3477.94729839932,714.8473736047649,4192.794672004085,0.9315868749011862
212.87500000000819,3893.3433549495444,751.5114757751061,4644.85483072465,0.9394936185770756
212.9250000000082,3271.946393631903,798.8255231941808,4070.7719168260837,0.9412764794466407
212.9750000000082,2942.2119404760006,850.124979809479,3792.3369202854797,0.93770552312253
213.02500000000822,2794.3134055112346,904.8378363179116,3699.1512418291463,0.9415314231225299
213.07500000000823,2546.9983599970747,1005.6219059372715,3552.620265934346,0.9374505794466406
213.12500000000824,3196.661921547013,1106.2088541003156,4302.870775647329,0.9471401839920952
213.17500000000825,3989.3267776077773,1205.6686193894386,5194.995396997216,0.9468852403162059
213.22500000000827,3558.6348125987042,1309.4034593429433,4868.0382719416475,0.9471401839920953
213.27500000000828,3216.526504015139,1431.3527981536972,4647.879302168836,0.9545318057312258
213.3250000000083,3198.723491671355,1506.5636239735077,4705.287115644863,0.9527489448616605
213.3750000000083,3264.5339508102743,1577.5680141063117,4842.101964916586,0.960140566600791
213.4250000000083,3202.535897916636,1616.8171544434745,4819.35305236011,0.9527489448616605
213.47500000000832,4308.087634097289,1715.8880964566697,6023.975730553959,0.9583577057312257
213.52500000000833,3720.4163712151003,1769.7241154843614,5490.140486699462,0.9545318057312258
213.57500000000834,2457.6648374808838,1787.6812648400908,4245.346102320975,0.9583577057312258
213.62500000000836,2260.3724694234647,1822.9218201690069,4083.2942895924716,0.9583577057312259
213.67500000000837,3749.9891793926345,1948.554116461039,5698.543295853673,0.9601405666007911
213.72500000000838,3852.593828616106,2038.8082661469707,5891.402094763076,0.9583577057312258
213.7750000000084,3270.300498209136,2173.120670943322,5443.421169152458,0.963966466600791
213.8250000000084,2184.005621379194,2223.6397687080034,4407.6453900871975,0.9504509620553364
213.8750000000084,2695.982353249865,2242.3429987677973,4938.325352017662,0.9581027620553365
213.92500000000842,3285.251455709744,2327.027707802536,5612.279163512279,0.9581027620553364
213.97500000000844,3237.5949101965207,2371.517434136163,5609.112344332683,0.948413157509882
214.02500000000845,3817.380095318249,2404.4680238084125,6221.848119126662,0.9522390575098819
214.07500000000846,3242.504452510644,2433.997061535402,5676.5015140460455,0.9481582138339926
214.12500000000847,3151.7060767101143,2480.5015955671424,5632.207672277256,0.9519841138339925
214.17500000000848,2030.0460767793097,2495.780346421461,4525.826423200771,0.9387235529644272
214.2250000000085,1628.1483146996147,2429.1492442432414,4057.297558942856,0.9407665920948619
214.2750000000085,1127.9304133846042,2433.577652383958,3561.508065768562,0.9428043966403166
214.32500000000852,1543.915435625097,2667.51795097574,4211.4333866008365,0.9351578312252967
214.37500000000853,2295.399132326571,3728.97407091892,6024.373203245491,0.9371956357707513
214.42500000000854,2587.409445374471,4824.279590915008,7411.689036289479,0.9318418185770754
214.47500000000855,3039.7057718159626,5187.901985091211,8227.607756907173,0.9471401839920951
214.52500000000856,3032.9450819239864,5099.607510628237,8132.552592552223,0.9433142839920952
214.57500000000857,2823.5798717262687,4973.499945031371,7797.0798167576395,0.9433142839920952
214.62500000000858,2988.5368684508153,4869.7641127267625,7858.300981177577,0.9473951276679845
214.6750000000086,3141.2967507921076,4767.504542715486,7908.801293507594,0.93770552312253
214.7250000000086,3585.290206121526,4669.754687681984,8255.04489380351,0.93770552312253
214.77500000000862,2446.5133444534667,4554.4329406777215,7000.946285131188,0.93770552312253
214.82500000000863,2612.9675475863296,4390.671593457974,7003.639141044304,0.9303139013833996
214.87500000000864,2808.316761375463,4259.624426625628,7067.941188001091,0.9320967622529648
214.92500000000865,3058.2217293357457,4078.434144916782,7136.655874252528,0.920624296837945
214.97500000000866,3187.47197738036,3949.9438799999557,7137.415857380316,0.9262330577075102
215.02500000000867,2545.91942904465,3848.4258038354988,6394.345232880149,0.920624296837945
215.07500000000869,3417.2952707739723,3728.2311487980705,7145.526419572043,0.9150155359683798
215.1250000000087,3535.894916154353,3646.7565612367825,7182.651477391135,0.9132326750988146
215.1750000000087,3030.5693883748604,3573.2929701062167,6603.8623584810775,0.9094067750988146
215.22500000000872,3168.5258895970273,3446.0834694675523,6614.60935906458,0.8981892533596841
215.27500000000873,3385.281337108017,3341.3937907559257,6726.675127863942,0.9037980142292494
215.32500000000874,3231.030935514282,3277.519581875293,6508.550517389575,0.8979343096837948
215.37500000000875,2991.723467516204,3212.333785638565,6204.05725315477,0.8882447051383403
215.42500000000877,2710.7282840700664,2987.3073743951854,5698.035658465252,0.8920706051383402
215.47500000000878,3821.6949437362346,2006.9847417648825,5828.679685501117,0.8900328005928857
215.5250000000088,3334.7659163110693,685.1490269617494,4019.9149432728186,0.8897778569169964
215.5750000000088,4024.1818270548647,75.99892268558987,4100.180749740454,0.8836592086956525
215.6250000000088,3962.4203334395233,1.5113600313710482,3963.9316934708945,0.8818763478260874
215.67500000000882,5244.926765241309,0.0008674042267652264,5244.927632645536,0.8780556824110677
215.72500000000883,5677.246377620598,0.0,5677.246377620598,0.8778007387351783
215.77500000000884,5207.677975235107,0.07493498449559428,5207.752910219602,0.8795835996047435
215.82500000000886,4544.741711427274,47.224972519370716,4591.9666839466445,0.8872301650197632
215.87500000000887,4029.011643291719,655.8409370923296,4684.852580384048,0.8872301650197632
215.92500000000888,3887.7409575428937,2419.0223197903647,6306.763277333259,0.8854420695652178
215.9750000000089,3208.3169601440077,3896.4159351341295,7104.732895278137,0.8910508304347831
216.0250000000089,2753.083300884417,4222.303859612041,6975.387160496459,0.8874798741106722
216.0750000000089,2550.4929876401307,4265.475099527787,6815.9680871679175,0.8874798741106722
216.12500000000892,3263.574515922981,4267.278882143203,7530.853398066184,0.8856970132411071
216.17500000000894,2712.688050400374,4267.898334568924,6980.586384969298,0.8818711132411071
216.22500000000895,3913.006232114225,4270.086197077843,8183.092429192068,0.889522913241107
216.27500000000896,2586.6739676237366,4271.374866688454,6858.048834312191,0.8818711132411071
216.32500000000897,3180.836225124629,4271.49224256394,7452.328467688569,0.8818711132411072
216.37500000000898,2951.742447193786,4271.493658078929,7223.236105272716,0.8874798741106724
216.425000000009,3059.545143995257,4271.493658078929,7331.038802074187,0.8856970132411071
216.475000000009,2839.4895455348524,4271.493658078929,7110.983203613781,0.8856970132411073
216.52500000000902,2636.0727067636717,4271.493658078929,6907.566364842601,0.8874798741106724
216.57500000000903,2981.6096572631177,4271.493658078929,7253.103315342047,0.8910508304347832
216.62500000000904,2963.5551602892842,4271.493658078929,7235.048818368214,0.887224930434783
216.67500000000905,2997.1963049038627,4271.493658078929,7268.689962982791,0.893343578656127
216.72500000000906,3253.0299843074467,4271.493658078929,7524.523642386375,0.8877348177865617
216.77500000000907,2692.4055760966467,4271.493658078929,6963.899234175576,0.8915607177865617
216.82500000000908,2801.3389244569707,4271.493658078929,7072.8325825359,0.8859519569169965
216.8750000000091,2355.129884629926,4271.492716256939,6626.622600886865,0.8821260569169964
216.9250000000091,3133.6225065549806,4265.2129699684065,7398.835476523387,0.8744794915019766
216.97500000000912,2472.244723525129,4048.5042507578587,6520.748974282988,0.8706535915019766
217.02500000000913,2716.0632350385604,2335.4005491183457,5051.463784156906,0.8630070260869569
217.07500000000914,2168.189913633638,945.1419316418527,3113.3318452754907,0.864789886956522
217.12500000000915,3212.4855948437353,102.85213544020979,3315.337730283945,0.863007026086957
217.17500000000916,2355.9940702464282,10.298942779359622,2366.293013025788,0.8591811260869568
217.22500000000917,2786.6425074030703,6.6432672149397805,2793.2857746180102,0.863007026086957
217.2750000000092,2751.006337450486,16.512451772740906,2767.518789223227,0.863007026086957
217.3250000000092,2338.8201426933783,35.90837375784828,2374.728516451227,0.8647898869565223
217.3750000000092,2590.1862924199254,37.921198321275625,2628.107490741201,0.8686157869565222
217.42500000000922,2549.6888106766296,37.77076869499016,2587.45957937162,0.8706535915019767
217.47500000000923,2793.607169537283,37.84800622245015,2831.4551757597333,0.8744794915019768
217.52500000000924,2870.815870306807,38.657156521706966,2909.473026828514,0.8688707306324114
217.57500000000925,2542.517085515325,39.779585114023526,2582.2966706293487,0.8747344351778659
217.62500000000927,2964.6895590544136,40.018786736327705,3004.7083457907415,0.8765172960474312
217.67500000000928,3482.317989465959,40.253541335424316,3522.5715308013832,0.8805981397233205
217.7250000000093,2683.2249530662784,44.04075194224012,2727.2657050085186,0.8808530833992098
217.7750000000093,3550.3296781762137,64.74566779887965,3615.0753459750936,0.8749893788537552
217.8250000000093,3005.077772697914,103.84844637391217,3108.9262190718264,0.8805981397233205
217.87500000000932,3144.103958181746,127.10898404441242,3271.2129422261582,0.882635944268775
217.92500000000933,3951.604359950459,155.84108329558097,4107.44544324604,0.890287744268775
217.97500000000935,3077.476412599977,218.65648082196682,3296.1328934219437,0.8884996488142295
218.02500000000936,3346.617566460627,282.4738260915519,3629.091392552179,0.8905426879446644
218.07500000000937,3002.131953323791,346.00451950324384,3348.136472827035,0.8946182970355735
218.12500000000938,3667.0081189119974,399.62864357972114,4066.6367624917184,0.8966613361660082
218.1750000000094,3445.376951980308,454.8994011667674,3900.2763531470755,0.8948732407114627
218.2250000000094,3335.180962360552,515.769020497582,3850.949982858134,0.9025250407114628
218.2750000000094,3079.140265419533,604.7452169043607,3683.885482323894,0.9045628452569174
218.32500000000942,3703.248975588043,792.9593234304891,4496.208299018532,0.9101716061264826
218.37500000000944,3384.8095163422513,925.9916278470002,4310.801144189251,0.9045628452569174
218.42500000000945,3316.000616179255,1027.6309297700823,4343.631545949337,0.9104265498023718
218.47500000000946,3090.071372343784,1119.3011944407417,4209.372566784526,0.9162902543478264
218.52500000000947,3101.5642815954634,1226.890028488382,4328.4543100838455,0.919861210671937
218.57500000000948,3243.05563758115,1291.6056323069527,4534.661269888103,0.9122094106719372
218.6250000000095,3412.0883616312362,1355.4550838816906,4767.543445512927,0.9257249152173916
218.6750000000095,3755.3295025945426,1400.5124219407273,5155.84192453527,0.927507776086957
218.72500000000952,2806.913706503412,1435.616242910012,4242.529949413424,0.9333714806324113
218.77500000000953,3419.702752190011,1460.3584057664632,4880.061157956474,0.9336264243083007
218.82500000000954,3107.4805592995253,1488.5644452320364,4596.045004531562,0.9374523243083006
218.87500000000955,2535.2697342288457,1495.0580276406279,4030.3277618694738,0.9412729897233203
218.92500000000956,3142.5312566854327,1470.1875183252992,4612.718775010731,0.9509625942687748
218.97500000000957,2784.4706459974077,1439.5940048613152,4224.064650858723,0.9491797333992096
219.02500000000958,2977.079485717967,1415.877557663271,4392.957043381239,0.9512175379446642
219.0750000000096,2633.8353201040595,1366.077692111365,3999.9130122154247,0.9606521988142294
219.1250000000096,1987.8026149941718,1310.9850634770862,3298.787678471258,0.9680438205533598
219.17500000000962,2951.0134180242353,1242.7288773332104,4193.742295357446,0.965751072332016
219.22500000000963,2659.9630728837155,1194.3809632079194,3854.3440360916347,0.9677888768774706
219.27500000000964,2951.411318791518,1135.213300792878,4086.624619584396,0.9716147768774706
219.32500000000965,3130.4122369904826,1124.8676791571947,4255.279916147678,0.9848701031620556
219.37500000000966,3883.445438441461,1064.7127792281083,4948.158217669569,0.9828322986166012
219.42500000000967,2772.7888617781455,978.8319892322277,3751.6208510103734,0.9848701031620558
219.4750000000097,3531.72244016496,819.9709509962026,4351.693391161163,0.9983856077075103
219.5250000000097,3029.236712796606,732.3201323589976,3761.5568451556037,0.9960876249011862
219.5750000000097,3436.642709673185,655.9935662823889,4092.636275955574,0.9999135249011863
219.62500000000972,2044.9464803256599,584.3443972588759,2629.290877584536,1.0057772294466407
219.67500000000973,4208.412876126848,487.2225134839707,4695.6353896108185,1.0096031294466408
219.72500000000974,3931.0237387501256,418.2858711186694,4349.309609868795,1.0131688511857713
219.77500000000975,3652.33321065201,368.0709497646334,4020.4041604166437,1.020565707509882
219.82500000000977,2817.572508373751,331.28027582391326,3148.8527841976643,1.0149569466403165
219.87500000000978,3322.9087579019592,303.97301052976144,3626.8817684317205,1.0223485683794473
219.9250000000098,3892.203273326525,276.3329106324415,4168.536183958967,1.0261744683794471
219.9750000000098,3783.300469009585,253.50073909673955,4036.8012081063243,1.0317832292490123
220.0250000000098,3662.9397313538852,249.3501225648052,3912.2898539186904,1.0335660901185777
220.07500000000982,3835.9844647300133,258.90651936212004,4094.8909840921333,1.0373919901185775
220.12500000000983,3762.91405407902,303.37825647344437,4066.292310552464,1.0430007509881427
220.17500000000985,5029.243915521322,378.3145911994725,5407.558506720795,1.0542182727272733
220.22500000000986,3115.7184522079788,464.3902151031164,3580.1086673110954,1.0600819772727277
220.27500000000987,5307.880955027883,588.7719137704112,5896.652868798294,1.060336920948617
220.32500000000988,4148.292438343891,744.8325453696932,4893.124983713585,1.0700265254940717
220.3750000000099,4846.408313642567,918.6863795593342,5765.0946932019015,1.0718093863636369
220.4250000000099,4757.193450310745,1108.8591800182062,5866.052630328952,1.0868528081027675
220.4750000000099,4666.926764010189,1329.0733152739833,5996.000079284172,1.0891455563241113
220.52500000000992,4959.108101469943,1561.6219280007956,6520.730029470738,1.104188978063242
220.57500000000994,4479.61601760294,1709.63465806945,6189.25067567239,1.105971838932807
220.62500000000995,4411.100887416513,1947.543298049898,6358.644185466411,1.1327426697628467
220.67500000000996,4754.518149818102,2174.6902476436744,6929.208397461776,1.1329976134387356
220.72500000000997,2913.9529146306495,2447.4879952209476,5361.440909851597,1.1518617005928862
220.77500000000998,2651.476411462372,2691.8509504161552,5343.327361878528,1.1730237705533606
220.82500000001,2267.118913297399,2902.807547089581,5169.92646038698,1.1903599405138348
220.87500000001,4675.741898392303,3081.091648983021,7756.833547375323,1.2023422932806331
220.92500000001002,4701.662967972999,3342.3345701148146,8043.997538087813,1.2293680677865622
220.97500000001003,3931.3503541560694,3577.464343383032,7508.814697539101,1.2540958594861669
221.02500000001004,5830.674008537791,3794.5983590748074,9625.272367612599,1.2716869731225307
221.07500000001005,4109.498981479181,3863.9846878050625,7973.483669284244,1.3061043693675902
221.12500000001006,5020.877516709336,3915.1898694579622,8936.067386167299,1.3293042438735192
221.17500000001007,4822.760179115725,3969.0503821402967,8791.810561256021,1.3621937229249026
221.22500000001008,4900.2599372780305,4049.424116607779,8949.684053885809,1.3948230237154167
221.2750000000101,4358.425306009194,4118.819180998188,8477.244487007381,1.4371471636363655
221.3250000000101,4954.061243773185,4301.932093862197,9255.993337635382,1.4759003472332033
221.37500000001012,5718.115363890069,4321.34880406551,10039.464167955579,1.5182192525691718
221.42500000001013,6176.546870212316,4242.818343945562,10419.365214157879,1.5585003533596857
221.47500000001014,5363.837822284381,4092.524120300086,9456.361942584466,1.6049001023715435
221.52500000001015,5804.753999674113,3937.064673182159,9741.818672856272,1.6625173731225318
221.57500000001016,7182.383474456794,3741.8563242408773,10924.239798697672,1.7163139784585004
221.62500000001017,6623.674855369884,3631.8319741017986,10255.506829471684,1.7759690537549433
221.6750000000102,5280.761208527023,3619.200946910878,8899.962155437901,1.8397049727272752
221.7250000000102,7467.459924114843,3668.4967575125165,11135.956681627358,1.9472929488142319
221.7750000000102,8069.959907754591,3646.639724145563,11716.599631900153,2.087770403952572
221.82500000001022,7259.670240234311,3473.7283311082956,10733.398571342606,2.2305353727272763
221.87500000001023,7615.5418142892495,3337.753189104077,10953.295003393327,2.325377909881427
221.92500000001024,8643.194126076361,3215.7499401484656,11858.944066224827,2.37738641976285
221.97500000001025,8189.488351511602,3075.3780036130047,11264.866355124606,2.404157250592889
222.02500000001027,8796.906054310663,2914.7549179790726,11711.660972289736,2.420983533201585
222.07500000001028,7702.649456323929,2699.264500748457,10401.913957072386,2.424809433201585
222.1250000000103,7496.62502027981,2519.178681518777,10015.803701798588,2.4227716286561307
222.1750000000103,11213.79558742016,2462.183876869152,13675.979464289312,2.4110442195652215
222.2250000000103,15355.296436491282,2424.240371726094,17779.536808217377,2.395751088735182
222.27500000001032,15460.000060875333,2387.1249136037304,17847.124974479062,2.3781599750988183
222.32500000001033,16248.695554594933,2337.1360913119474,18585.83164590688,2.3493513397233245
222.37500000001035,10220.671040589334,2212.499520050414,12433.170560639748,2.3281945043478296
222.42500000001036,13286.760842925505,1995.5638218865788,15282.324664812084,2.3011739644268805
222.47500000001037,11120.7189402535,1814.2391287993562,12934.958069052856,2.2568120199604778
222.52500000001038,16923.08200404335,1718.7426977251905,18641.82470176854,2.216536153754944
222.5750000000104,18018.24740022378,1713.531583301538,19731.778983525317,2.1742172484189757
222.6250000000104,15312.448274847104,1688.2300431549265,17000.67831800203,2.1239915994071183
222.6750000000104,17454.226676902737,1631.681913720406,19085.908590623145,2.0719883241106745
222.72500000001043,18384.536668551584,1548.229974153499,19932.766642705083,2.0164140924901215
222.77500000001044,25147.79440510798,1305.0823441232005,26452.87674923118,1.9547212126482243
222.82500000001045,29912.87487709933,997.7019600096698,30910.576837108998,1.8848823492094886
222.87500000001046,31947.074894684098,817.5517389377337,32764.626633621832,1.8012835067193695
222.92500000001047,36588.81816509952,636.0858645673243,37224.90402966684,1.6740875507905157
222.97500000001048,34302.295441563554,542.6082598631248,34844.90370142668,1.5014697438735194
223.0250000000105,23917.99232417121,415.49936162179966,24333.491685793007,1.3499983031620568
223.0750000000105,25609.473994375832,338.0217240057401,25947.49571838157,1.2717183806324124
223.12500000001052,16511.47866866362,284.45052711428656,16795.92919577791,1.2084818798418981
223.17500000001053,10652.226237100913,242.68732138045948,10894.913558481372,1.1625867835968389
223.22500000001054,8624.481367237506,207.5679813510983,8832.049348588604,1.1335179699604752
223.27500000001055,7169.529219451426,137.2067078224919,7306.735927273918,1.10113837826087
223.32500000001056,8673.932921114827,93.55997024539207,8767.49289136022,1.0802312519762851
223.37500000001057,7292.916306748384,69.90674017312571,7362.82304692151,1.064677942885376
223.42500000001058,6393.724713534225,44.0959442422815,6437.820657776507,1.049379577470356
223.4750000000106,5001.662890862923,34.6569667773153,5036.319857640238,1.0358693075098817
223.5250000000106,4818.467270690588,32.385638546619795,4850.852909237207,1.0129191420948622
223.57500000001062,5307.819033656963,29.386210896645004,5337.205244553608,1.0052725766798423
223.62500000001063,5562.677478084799,17.343718116730305,5580.021196201529,1.0017016203557316
223.67500000001064,4799.667283732179,2.567807698030515,4802.23509143021,0.9955829721343876
223.72500000001065,4338.183606293348,0.1487992625280987,4338.332405555876,0.980284606719368
223.77500000001066,4310.467254921198,0.001423395330382854,4310.468678316529,0.9843654503952572
223.82500000001068,4424.019143297621,0.00024317908603628484,4424.019386476707,0.9690670849802375
223.8750000000107,4720.564465462366,0.18510974371744188,4720.749575206083,0.9690670849802375
223.9250000000107,3900.148227296817,2.39232651210101,3902.540553808918,0.9634583241106723
223.9750000000107,4513.90897711536,7.652700706756286,4521.5616778221165,0.9637132677865615
224.02500000001072,4076.6848724735546,8.384702313369182,4085.0695747869236,0.9522408023715417
224.07500000001073,3959.6855218278606,8.40858916950277,3968.0941109973633,0.9522408023715417
224.12500000001074,4403.414222417846,8.40858916950277,4411.822811587349,0.9425511978260872
224.17500000001075,2371.0949490567646,8.40858916950277,2379.503538226267,0.9405133932806328
224.22500000001077,3234.4513581324236,8.40858916950277,3242.8599473019262,0.938470354150198
224.27500000001078,3375.085851201404,8.40858916950277,3383.4944403709064,0.9422962541501979
224.3250000000108,4195.053319234077,8.40858916950277,4203.46190840358,0.9405133932806328
224.3750000000108,3552.0687229083233,8.40858916950277,3560.477312077826,0.9216440715415023
224.4250000000108,3182.296996149018,8.409002514693201,3190.7059986637114,0.9254699715415022
224.47500000001082,2641.6286086142113,8.48981744820223,2650.1184260624136,0.9254699715415022
224.52500000001083,3663.3659179740484,11.694137348273927,3675.0600553223226,0.9196062669960476
224.57500000001085,2896.0506090363133,16.846633986017764,2912.897243022331,0.9160353106719371
224.62500000001086,4679.167082314407,18.263585001598017,4697.4306673160045,0.9139975061264825
224.67500000001087,3225.0370103225832,18.32262237326271,3243.359632695846,0.9196062669960479
224.72500000001088,3007.203503038391,18.322865998075354,3025.5263690364663,0.9040529579051386
224.7750000000109,1999.6258599716036,18.322865998075354,2017.948725969679,0.9040529579051386
224.8250000000109,2110.66553225218,18.322865998075354,2128.9883982502556,0.8984441970355734
224.8750000000109,2946.4778728536185,18.322865998075354,2964.800738851694,0.9022700970355734
224.92500000001093,4071.2261394005895,18.322865998075354,4089.549005398665,0.8964063924901189
224.97500000001094,1554.9473974023829,18.297517861501177,1573.244915263884,0.8923255488142295
225.02500000001095,3258.5883894964963,17.629481089799828,3276.217870586296,0.8979343096837948
225.07500000001096,3148.0169131531466,13.49693334281605,3161.5138464959628,0.8920706051383402
225.12500000001097,2724.99269812128,12.548107400364474,2737.5408055216444,0.8920706051383402
225.17500000001098,3071.4599572995685,12.488283062524316,3083.9482403620927,0.8805981397233205
225.225000000011,2952.797694973475,12.48839084106758,2965.2860858145423,0.8823810005928858
225.275000000011,2889.105539975385,12.48839084106758,2901.5939308164525,0.8862069005928858
225.32500000001102,3777.7741999611762,12.489123635314204,3790.2633235964904,0.8844240397233205
225.37500000001103,2939.0172251838335,12.618299855426939,2951.6355250392603,0.8749893788537553
225.42500000001104,3108.8683724595494,15.209041288823338,3124.0774137483727,0.8693806179841901
225.47500000001105,2656.275202338143,23.50793379338571,2679.783136131529,0.8749893788537553
225.52500000001106,3529.155689262876,28.804401331726996,3557.960090594603,0.8691256743083007
225.57500000001107,3164.1279216703697,29.501438557394106,3193.6293602277638,0.8652997743083009
225.62500000001108,3046.2846287618177,28.733506355788865,3075.0181351176066,0.8691256743083007
225.6750000000111,2970.540551994472,22.459807866800787,2993.000359861273,0.857653208893281
225.7250000000111,3016.292162205437,19.830625549142724,3036.12278775458,0.8594360697628463
225.77500000001112,3212.8454374375888,19.62537155681766,3232.4708089944065,0.8632619697628462
225.82500000001113,3029.3594694305457,19.623195024492738,3048.9826644550385,0.8576532088932809
225.87500000001114,2919.1429152022356,19.623195024492738,2938.7661102267284,0.8538273088932811
225.92500000001115,2902.4472213747003,19.623195024492738,2922.070416399193,0.857653208893281
225.97500000001116,3500.778439869422,19.623195024492738,3520.401634893915,0.8612241652173916
226.02500000001118,2913.7091941997196,19.62567846682532,2933.334872666545,0.859181126086957
226.0750000000112,3286.8202043497054,19.82091985826181,3306.641124207967,0.8627520824110676
226.1250000000112,3118.3908031341343,22.053475670715056,3140.4442788048495,0.8530624778656131
226.1750000000112,3434.8083172426022,31.514715650931656,3466.3230328935338,0.8510246733201584
226.22500000001122,2803.950011316139,47.84097746119777,2851.7909887773367,0.8471987733201585
226.27500000001123,3108.7842280856057,54.51064973608441,3163.29487782169,0.8566334341897236
226.32500000001124,3166.425648269315,55.04278748906405,3221.468435758379,0.8528075341897237
226.37500000001125,2921.6390614082025,56.104212468744464,2977.743273876947,0.8510246733201584
226.42500000001127,2654.087417319395,56.51683937273341,2710.6042566921287,0.8471987733201585
226.47500000001128,2886.166850584641,56.5077033775418,2942.674553962183,0.8566334341897236
226.5250000000113,3254.939718387107,55.294553914138625,3310.2342723012457,0.8528075341897237
226.5750000000113,2353.053764840698,48.43262015537994,2401.486384996078,0.8528075341897237
226.6250000000113,3210.67666687228,41.1959429080859,3251.8726097803656,0.8510246733201584
226.67500000001132,2549.7338712846877,39.560601235681894,2589.2944725203697,0.8528075341897237
226.72500000001133,2966.787656915874,39.490486672123986,3006.278143587998,0.8566334341897238
226.77500000001135,2956.4886932169193,39.490112162145465,2995.978805379065,0.8528075341897238
226.82500000001136,2303.294199135246,39.490112162145465,2342.7843112973915,0.8528075341897239
226.87500000001137,3359.149783363092,39.490112162145465,3398.6398955252375,0.860459334189724
226.92500000001138,3085.3014600147458,39.490112162145465,3124.7915721768913,0.8528075341897239
226.9750000000114,2871.636168930323,39.490129014679084,2911.126297945002,0.8566334341897238
227.0250000000114,2768.355526770087,39.50957447737857,2807.8651012474656,0.8528075341897239
227.0750000000114,2524.6754819542066,40.29838602880134,2564.973867983008,0.8584162950592891
227.12500000001143,3265.5607392455786,46.71355213737528,3312.274291382954,0.8566334341897239
227.17500000001144,2827.1707325965563,66.09207481091946,2893.2628074074755,0.8530624778656132
227.22500000001145,2787.647153289519,97.03562552993279,2884.682778819452,0.8533174215415025
227.27500000001146,2755.776911404602,125.00356195127875,2880.7804733558805,0.8573982652173918
227.32500000001147,2652.0495852094823,138.671424724792,2790.721009934274,0.8538273088932811
227.37500000001148,2854.9552802724793,149.13541861084627,3004.090698883326,0.8538273088932811
227.4250000000115,3389.0702594530035,165.17234084321896,3554.2426002962225,0.8520444480237157
227.4750000000115,2660.5655062458477,182.49197798320137,2843.057484229049,0.8482185480237159
227.52500000001152,2501.4627510015384,194.8447874611907,2696.307538462729,0.8579081525691703
227.57500000001153,2674.547917182002,206.87272806971632,2881.4206452517183,0.8540822525691703
227.62500000001154,2715.778805323493,219.4786634600307,2935.257468783524,0.852299391699605
227.67500000001155,2534.519519698618,229.55669513296016,2764.076214831578,0.8484734916996051
227.72500000001156,2987.714526944471,243.81577868224696,3231.530305626718,0.8579081525691703
227.77500000001157,3402.6075069780336,256.1451333165473,3658.752640294581,0.8579081525691703
227.82500000001158,3259.3096928232435,261.8882866614545,3521.197979484698,0.8579081525691703
227.8750000000116,3128.197035227896,272.757756713501,3400.9547919413967,0.8538273088932811
227.9250000000116,3290.258952505388,288.8132615997038,3579.072214105092,0.8573982652173915
227.97500000001162,2632.4778202215566,295.04891624612117,2927.526736467678,0.8591811260869568
228.02500000001163,3684.4990978550877,295.24380247447425,3979.742900329562,0.8573982652173915
228.07500000001164,2740.8957451814367,295.2540111427706,3036.1497563242074,0.8535723652173917
228.12500000001165,3213.1390891983647,295.6995145406779,3508.838603739043,0.8573982652173915
228.17500000001166,3172.675716995096,303.2934521558223,3475.9691691509183,0.8591811260869568
228.22500000001168,3189.682858742107,312.3395240882986,3502.0223828304056,0.8573982652173915
228.2750000000117,2778.0099776257384,312.4574911784752,3090.4674688042137,0.8535723652173917
228.3250000000117,3137.816103915594,295.97639224701766,3433.7924961626113,0.8573982652173915
228.3750000000117,2860.437561192122,276.4862543883571,3136.9238155804787,0.8573982652173915
228.42500000001172,2847.154392207528,254.11880327539154,3101.2731954829196,0.8571433215415023
228.47500000001173,3228.933561762207,230.76413904126656,3459.6977008034733,0.8533174215415023
228.52500000001174,3487.5364407965085,213.11309698783595,3700.6495377843444,0.8571433215415024
228.57500000001176,2707.7519537337816,194.82348283139726,2902.5754365651787,0.8533174215415025
228.62500000001177,3462.0284814338856,179.4956617146682,3641.524143148554,0.8568883778656132
228.67500000001178,2777.458080939999,168.25610427812575,2945.714185218125,0.8530624778656133
228.7250000000118,3015.529302103195,154.96874093247771,3170.4980430356727,0.8568883778656132
228.7750000000118,3201.5766253019474,144.73079602851536,3346.3074213304626,0.8530624778656133
228.8250000000118,2454.2091909239743,132.3664359553412,2586.5756268793157,0.8586712387351785
228.87500000001182,3078.061031297664,118.31948743440293,3196.3805187320672,0.8568883778656132
228.92500000001183,2781.4539604910146,111.3502041941405,2892.8041646851552,0.8568883778656132
228.97500000001185,2589.281347596441,103.51179428131465,2692.7931418777553,0.8627520824110676
229.02500000001186,2352.51674491713,87.12847333297324,2439.645218250103,0.8645349432806329
229.07500000001187,1959.5999801824307,78.11938083732235,2037.719361019753,0.8624971387351783
229.12500000001188,1891.248635215269,82.55265431066604,1973.8012895259349,0.8530624778656131
229.1750000000119,2354.5995684473414,87.75628738455048,2442.355855831892,0.856888377865613
229.2250000000119,2868.521360785859,89.12951420774337,2957.6508749936024,0.8530624778656131
229.27500000001191,2979.526446533467,86.58612251422345,3066.1125690476906,0.8586712387351783
229.32500000001193,2724.7023086964427,73.19410530117337,2797.896413997616,0.856888377865613
229.37500000001194,2947.7125957925305,64.2576013703166,3011.970197162847,0.856888377865613
229.42500000001195,3179.271375100934,67.04321279533183,3246.314587896266,0.856888377865613
229.47500000001196,3055.4704765862684,64.68216597663424,3120.1526425629027,0.8530624778656131
229.52500000001197,2771.6156217286934,60.32087462563881,2831.936496354332,0.8586712387351783
229.57500000001198,3217.674553482839,60.57947122923984,3278.254024712079,0.856888377865613
229.625000000012,2375.9896174183227,62.35428353001606,2438.3439009483386,0.8530624778656131
229.675000000012,3248.0564864699327,62.54451656382227,3310.6010030337548,0.856888377865613
229.72500000001202,3064.3204397741956,62.5470490580086,3126.8674888322043,0.8568883778656131
229.77500000001203,3068.682556833356,62.5470490580086,3131.229605891365,0.8624971387351784
229.82500000001204,2935.0951437011904,62.54673009409478,2997.6418737952854,0.8586712387351784
229.87500000001205,1820.7388490299516,62.52272225109883,1883.2615712810505,0.8624971387351784
229.92500000001206,3117.7495889267398,62.295212649554806,3180.0448015762945,0.8624971387351784
229.97500000001207,3311.80356846726,61.98603457688982,3373.7896030441498,0.8568883778656132
230.02500000001208,2723.9992446187516,61.92411052830462,2785.923355147056,0.8568883778656131
230.0750000000121,3031.6145767223643,61.92244817492224,3093.5370248972868,0.8624971387351783
230.1250000000121,3221.458754894202,61.91775021911431,3283.376505113316,0.8645349432806329
230.17500000001212,3574.210819263881,61.666865372765486,3635.877684636647,0.8668329260869568
230.22500000001213,2616.823023403684,57.508701688747564,2674.3317250924315,0.8535723652173917
230.27500000001214,3236.4912404660427,51.635106344052275,3288.126346810095,0.8612241652173916
230.32500000001215,2925.8569138536577,49.00067027829297,2974.8575841319507,0.8591811260869568
230.37500000001216,3301.3624115933067,48.71757652788348,3350.07998812119,0.8630070260869569
230.42500000001218,3814.478135039081,48.5972095557895,3863.0753445948703,0.8668329260869568
230.4750000000122,2845.8737196720717,45.60809460413867,2891.4818142762106,0.8647898869565221
230.5250000000122,3929.2831360894543,32.16279981601834,3961.4459359054727,0.872441686956522
230.5750000000122,3436.99481042196,17.93556075621017,3454.9303711781704,0.8686157869565222
230.62500000001222,2496.2874626631487,8.037519528009689,2504.3249821911586,0.8742245478260874
230.67500000001223,3383.922752578965,3.123859188965077,3387.0466117679302,0.8780504478260872
230.72500000001224,3142.5524241712856,0.5058071136866265,3143.0582312849724,0.8798333086956526
230.77500000001226,3160.7511057259107,0.013198672621016495,3160.7643043985317,0.8836592086956525
230.82500000001227,3087.504143239232,0.0,3087.504143239232,0.8854420695652178
230.87500000001228,2936.323749624596,0.0,2936.323749624596,0.8910508304347831
230.9250000000123,4419.41020353077,0.0,4419.41020353077,0.8933488132411072
230.9750000000123,2824.4067914801044,0.0029413560799589956,2824.4097328361845,0.8913057741106722
231.0250000000123,3705.6547915369943,0.1546466157827394,3705.809438152777,0.8951316741106723
231.07500000001232,3095.8394220566574,3.3893141418742854,3099.228736198532,0.9030331832015814
231.12500000001234,4029.2051864472614,10.901756908326632,4040.106943355588,0.9162937440711467
231.17500000001235,3690.2774789002665,19.331813224550135,3709.6092921248164,0.9180766049407119
231.22500000001236,2982.438776281707,24.430864168778225,3006.869640450485,0.9239403094861663
231.27500000001237,3523.4397804267114,30.868408824274372,3554.308189250986,0.9239403094861663
231.32500000001238,2698.8124071420434,54.82925150386478,2753.641658645908,0.9277662094861664
231.3750000000124,2908.1039139384316,108.4331383193281,3016.5370522577596,0.9412764794466407
231.4250000000124,4538.85014827884,142.6672963877154,4681.517444666555,0.9507111403162058
231.47500000001241,3888.8774325168483,173.11173946570315,4061.9891719825514,0.9524940011857711
231.52500000001243,2609.6008650359,217.0884923142672,2826.689357350167,0.9619286620553364
231.57500000001244,3544.213031020001,323.2136880588151,3867.426719078816,0.9675374229249016
231.62500000001245,3233.0417488800294,426.0482810385324,3659.090029918562,0.963966466600791
231.67500000001246,2527.147523874847,527.460086011531,3054.607609886378,0.9792648320158107
231.72500000001247,2821.013797753718,587.8446835228278,3408.8584812765457,0.9945631974308304
231.77500000001248,3979.411977253269,654.9574544425197,4634.369431695789,0.9925201583003959
231.8250000000125,4667.831437688902,693.7811797078044,5361.612617396707,1.000426901976285
231.8750000000125,3353.4280333557185,758.4712742885706,4111.899307644289,1.008073467391305
231.92500000001252,2484.72439557039,809.980284227954,3294.704679798344,1.0136822282608702
231.97500000001253,2371.5942539387142,866.1512393389326,3237.745493277647,1.0195459328063248
232.02500000001254,4551.528150272637,904.7474184775992,5456.275568750236,1.0233718328063248
232.07500000001255,4964.180869487221,947.040650805537,5911.221520292757,1.0310183982213446
232.12500000001256,2836.6035804643957,1013.6236272923612,3850.227207756757,1.0407080027667992
232.17500000001257,3317.9267726266257,1050.6350902026888,4368.561862829314,1.040708002766799
232.22500000001259,2547.7992748881697,1058.6682135260687,3606.4674884142387,1.0483545681818187
232.2750000000126,3251.65856048476,1075.2881777604134,4326.946738245173,1.0580441727272731
232.3250000000126,4288.608238034225,1091.5391773171355,5380.147415351361,1.0636529335968385
232.37500000001262,4788.6681033320665,1102.5302002347578,5891.1983035668245,1.060081977272728
232.42500000001263,3876.7706594538076,1132.1128198574709,5008.883479311278,1.0753803426877477
232.47500000001264,4311.672121421341,1112.01573285297,5423.687854274311,1.073342538142293
232.52500000001265,2864.0612304526203,1088.854405501017,3952.9156359536373,1.0771632035573124
232.57500000001266,3434.118633596361,1079.7119058010353,4513.830539397397,1.081244047233202
232.62500000001268,3359.6651649293503,1077.0700772704167,4436.7352421997675,1.087362695454546
232.6750000000127,4435.989266560608,1030.4000532220061,5466.389319782614,1.0932264000000003
232.7250000000127,3497.219823019529,927.4001493890705,4424.6199724086,1.0916984828063245
232.7750000000127,3933.4442094349142,893.2768469118218,4826.721056346736,1.0934813436758901
232.82500000001272,5006.785194570682,868.0596926972108,5874.844887267893,1.0993450482213443
232.87500000001273,3697.090541871479,861.4912391764921,4558.581781047971,1.1034258918972337
232.92500000001274,3823.8877040264,888.2301191874583,4712.117823213858,1.0998549355731229
232.97500000001276,3610.9744515149778,935.0043993043774,4545.978850819355,1.1054636964426883
233.02500000001277,2500.8371780291204,997.7963750893709,3498.6335531184914,1.1095445401185777
233.07500000001278,3259.6683248222034,1070.4416559894864,4330.10998081169,1.1057186401185775
233.1250000000128,3298.479517791439,1083.7999010687795,4382.279418860218,1.111582344664032
233.1750000000128,3690.816022152013,1077.9721299748385,4768.788152126852,1.109799483794467
233.2250000000128,5423.897700843242,1061.6017081172554,6485.499408960497,1.1156631883399215
233.27500000001282,5249.718155288404,1047.506235512897,6297.224390801301,1.1097994837944671
233.32500000001284,3896.1738687135535,1052.6260674073362,4948.7999361208895,1.1174460492094864
233.37500000001285,3205.0924454445417,1043.4943661615205,4248.586811606062,1.1156631883399215
233.42500000001286,3725.7520497785013,1044.5303194489875,4770.282369227489,1.117700992885376
233.47500000001287,4889.742324951408,1066.8989184947577,5956.641243446165,1.1120922320158109
233.52500000001288,3265.982716898628,1047.0163489506476,4312.999065849275,1.121526892885376
233.5750000000129,4911.539088348944,1011.021067219503,5922.560155568446,1.115918132015811
233.6250000000129,3527.5536704925216,1015.3449687335219,4542.898639226043,1.1233097537549412
233.67500000001291,4803.214163120401,1039.2805034452076,5842.494666565609,1.121526892885376
233.72500000001293,5095.354278701259,1045.4159067474943,6140.770185448753,1.1156631883399215
233.77500000001294,5308.0431591812485,1058.7505084884383,6366.793667669686,1.121526892885376
233.82500000001295,5004.947222837127,1052.7352780434562,6057.682500880583,1.1118372883399215
233.87500000001296,5089.874948641772,1048.4032193966214,6138.278168038393,1.123054810079052
233.92500000001297,4790.795434249818,1039.4620225896983,5830.257456839516,1.1154082446640323
233.97500000001298,4687.303716024757,1076.3912447466396,5763.694960771396,1.1171911055335975
234.025000000013,4812.394780998405,1057.712966085455,5870.10774708386,1.1207620618577083
234.075000000013,4628.395014453509,992.699471895035,5621.094486348544,1.1225449227272735
234.12500000001302,5059.6734776041685,900.474575603989,5960.148053208158,1.1169361618577083
234.17500000001303,4853.878352539698,781.3940101046824,5635.27236264438,1.1263708227272733
234.22500000001304,4958.438664867606,709.8545247478945,5668.2931896155005,1.1166812181818186
234.27500000001305,5532.332173482576,714.8321079964052,6247.164281478981,1.120507118181819
234.32500000001306,4906.376500144907,725.6428072636352,5632.019307408543,1.1202521745059295
234.37500000001307,5305.476282367616,745.0069750629781,6050.483257430594,1.1220350353754946
234.42500000001309,4707.234904667618,764.6775740470596,5471.9124787146775,1.1161713308300405
234.4750000000131,5037.312732778884,789.4264386140165,5826.739171392901,1.1199972308300403
234.5250000000131,3162.4296043373915,791.1895963887737,3953.619200726165,1.119742287154151
234.57500000001312,3367.8585893632116,793.5126285503563,4161.371217913568,1.1179541916996054
234.62500000001313,3321.467422160057,822.2440004952895,4143.711422655347,1.1217800916996052
234.67500000001314,4551.8266764076625,885.8316501066307,5437.658326514294,1.1258609353754947
234.72500000001315,5359.430717252199,918.9468701077874,6278.377587359987,1.1314696962450599
234.77500000001316,4222.361592682898,893.4239362920027,5115.7855289749,1.1220350353754946
234.82500000001318,4969.715941616055,874.5192205127629,5844.235162128818,1.1278987399209492
234.8750000000132,4971.915417671291,856.8659509680766,5828.781368639367,1.1314696962450599
234.9250000000132,5221.053100649454,858.4328568104742,6079.485957459928,1.1276437962450598
234.9750000000132,4079.2767005239907,892.5653953916576,4971.842095915648,1.129426657114625
235.02500000001322,5552.031160922714,871.1463528894518,6423.177513812166,1.1258609353754947
235.07500000001323,3194.5877557775098,834.4324246276575,4029.020180405167,1.1335075007905142
235.12500000001324,4080.4745328522617,790.0338828014444,4870.508415653706,1.1335075007905144
235.17500000001326,4259.030189249626,785.2430733632277,5044.2732626128545,1.1317246399209493
235.22500000001327,3622.134305807713,812.8057551285443,4434.940060936257,1.1281536835968384
235.27500000001328,4214.580682927079,864.5312327245916,5079.111915651671,1.139371205335969
235.3250000000133,4629.80789439834,907.2538164576165,5537.061710855956,1.1319795835968385
235.3750000000133,2360.296480030621,953.9383075083192,3314.23478753894,1.134017388142293
235.4250000000133,2486.497877824425,972.205335246008,3458.703213070433,1.1396261490118582
235.47500000001332,5114.055980682602,967.1620708198608,6081.218051502463,1.137843288142293
235.52500000001334,4063.726274928405,929.005974225391,4992.732249153796,1.1342723318181824
235.57500000001335,4523.805795346513,919.6658544468366,5443.47164979335,1.1398810926877476
235.62500000001336,5632.285199753047,902.8300374008675,6535.115237153915,1.1380982318181825
235.67500000001337,4760.125501255599,898.691395118934,5658.816896374534,1.1342723318181824
235.72500000001338,5096.390067151264,924.4016176179365,6020.7916847692,1.1380982318181825
235.7750000000134,3983.9515909982956,957.1537255051752,4941.105316503471,1.134017388142293
235.8250000000134,3982.4993128124843,988.6165208900012,4971.115833702485,1.1396261490118582
235.87500000001342,5048.586373763408,1014.4117794461008,6062.998153209509,1.1380982318181825
235.92500000001343,4291.353489573546,1019.7540809729595,5311.1075705465055,1.1380982318181825
235.97500000001344,4191.862552973199,1023.0439343391752,5214.906487312374,1.1398810926877476
236.02500000001345,4578.64472658044,1035.3774883158208,5614.02221489626,1.1396261490118582
236.07500000001346,3859.9198154548644,1048.7648845231142,4908.684699977979,1.1396261490118582
236.12500000001347,5209.037841089127,1036.247405953005,6245.285247042132,1.1380982318181825
236.17500000001348,5195.5619150286275,1021.537090741021,6217.099005769648,1.1437069926877477
236.2250000000135,5277.008902010596,1049.752540336717,6326.761442347313,1.145744797233202
236.2750000000135,5661.220567445558,1055.2215077585881,6716.442075204146,1.143961936363637
236.32500000001352,4449.165859511576,1031.2682266540585,5480.434086165635,1.1454898535573128
236.37500000001353,5572.561150409939,996.2112985777953,6568.772448987735,1.1493157535573129
236.42500000001354,4534.576129133481,925.1493634908986,5459.7254926243795,1.145489853557313
236.47500000001355,3512.194372030658,855.675954168386,4367.870326199044,1.1549245144268783
236.52500000001356,3823.5124656669336,841.8797682685243,4665.392233935458,1.1551794581027675
236.57500000001357,4162.886176528505,817.220289598799,4980.106466127304,1.1516085017786568
236.62500000001359,5314.986862110614,807.4511960810128,6122.438058191627,1.161043162648222
236.6750000000136,5434.53134748533,807.2240493227852,6241.755396808116,1.1628260235177872
236.7250000000136,5443.364700380229,802.1167701978253,6245.4814705780545,1.162826023517787
236.77500000001362,6012.106901414983,780.9015335967174,6793.008435011701,1.1704778235177873
236.82500000001363,5437.0190005821605,756.6663478282096,6193.68534841037,1.174298488932807
236.87500000001364,3762.5917460673063,688.7122262093633,4451.30397227667,1.1837331498023724
236.92500000001365,3572.3292119299826,614.5287082549294,4186.857920184912,1.1839880934782614
236.97500000001367,4115.370850689269,570.1381090627071,4685.508959751976,1.1837331498023718
237.02500000001368,5365.54257721037,575.1609298063366,5940.703507016707,1.1949506715415024
237.0750000000137,5844.133330916813,580.5581311551823,6424.691462071995,1.1952056152173918
237.1250000000137,6174.396843708041,563.9733846476933,6738.370228355734,1.2107589243083012
237.1750000000137,4783.811967759465,531.3231022333506,5315.135069992815,1.2089708288537557
237.22500000001372,4984.6121977450875,518.7869448434933,5503.399142588581,1.218405489723321
237.27500000001373,5033.748400347704,556.7400899176564,5590.48849026536,1.2278401505928862
237.32500000001374,5586.044670580472,562.8184469259608,6148.863117506432,1.2334489114624514
237.37500000001376,5942.4034708260015,574.742749548966,6517.146220374967,1.241095476877471
237.42500000001377,5530.137239337492,644.4855846242409,6174.622823961733,1.2584316468379455
237.47500000001378,6000.264919966204,747.4908162965758,6747.7557362627795,1.2681212513834001
237.5250000000138,5960.8506839388165,883.2130443416414,6844.063728280458,1.2852024776679851
237.5750000000138,6495.80473962335,970.010347826394,7465.815087449743,1.289028377667985
237.6250000000138,6077.856191157271,1040.4415079984624,7118.297699155733,1.2966749430830051
237.67500000001382,6655.344468419184,1106.4229210507676,7761.767389469951,1.31375616936759
237.72500000001384,6281.376902838084,1131.0025361162604,7412.379438954345,1.3290545347826097
237.77500000001385,6633.530703116576,1258.8689732143293,7892.399676330905,1.3481735656126492
237.82500000001386,5600.826039456272,1413.9515907684845,7014.777630224757,1.3637268747035587
237.87500000001387,6426.520321787944,1567.6803077470886,7994.200629535033,1.3754542837944679
237.92500000001388,7639.774962536901,1621.5670072595274,9261.341969796427,1.3983992146245074
237.9750000000139,7118.74483183085,1628.6967748595614,8747.44160669041,1.4312886936758908
238.0250000000139,5130.527581222222,1646.1412026040935,6776.668783826315,1.4391902027667998
238.07500000001392,8413.583206521396,1679.8960066909167,10093.479213212313,1.4756506381422938
238.12500000001393,7522.959975791668,1666.7929678139935,9189.752943605661,1.4911987126482231
238.17500000001394,6521.29939364445,1655.3871767846376,8176.686570429088,1.5161866826086976
238.22500000001395,8127.61332024228,1654.529905530667,9782.143225772947,1.5467781788537567
238.27500000001396,9515.701788145547,1661.3799638243518,11177.081751969898,1.571766148814231
238.32500000001397,7348.642038540394,1659.6605893343112,9008.302627874706,1.5834883233201598
238.37500000001398,8387.335289888835,1615.1579851401773,10002.493275029012,1.612302193280634
238.425000000014,9508.126753625425,1566.3917476268111,11074.518501252236,1.6411108286561285
238.475000000014,9675.464490382656,1514.832331277863,11190.296821660519,1.6740003077075118
238.52500000001402,7504.805601407215,1439.7662684686202,8944.571869875836,1.691336477667986
238.57500000001403,7074.069823228545,1332.682550370018,8406.752373598563,1.7107104521739147
238.62500000001404,6885.317935317451,1217.569112701969,8102.88704801942,1.7374812830039545
238.67500000001405,8211.284487102726,1087.6913448914463,9298.975831994172,1.755072396640318
238.72500000001406,9248.858805587224,977.872987028339,10226.731792615563,1.7703707620553382
238.77500000001407,8509.760954480424,869.2432812324445,9379.004235712868,1.7953587320158122
238.8250000000141,8067.066563231216,800.6765269406998,8867.743090171916,1.8050431019762867
238.8750000000141,10206.287132345698,712.9469887103983,10919.234121056097,1.828248211067196
238.9250000000141,4047.4752197898383,517.2302027447429,4564.705422534581,1.8323238201581054
238.97500000001412,7495.765075110145,346.1368781381277,7841.901953248273,1.84966522470356
239.02500000001413,13831.649370881421,242.59637341728842,14074.24574429871,1.8611376901185797
239.07500000001414,15361.282200488164,222.48453841320585,15583.76673890137,1.8664915073122554
239.12500000001415,9681.44038179608,177.0828462432399,9858.52322803932,1.8703174073122553
239.17500000001417,5821.955058590616,127.00930896715924,5948.964367557775,1.8759261681818207
239.22500000001418,8397.710683834819,125.30646642416309,8523.017150258982,1.8779692073122556
239.2750000000142,10675.832833711404,122.32779671162557,10798.16063042303,1.8782241509881448
239.3250000000142,12518.935294015268,105.78662013005042,12624.721914145319,1.874398250988145
239.3750000000142,10390.55143019107,85.62486020181782,10476.176290392888,1.8823049946640344
239.42500000001422,2602.370240335412,78.53515607769185,2680.9053964131035,1.8823049946640344
239.47500000001423,5584.161419308922,93.70830717618705,5677.869726485109,1.8881686992094888
239.52500000001424,2174.3800335072706,143.0977633883991,2317.4777968956696,1.882304994664034
239.57500000001426,1160.3185051430123,191.59222314906515,1351.9107282920775,1.8764412901185799
239.62500000001427,1276.4578932635175,235.17393589299323,1511.6318291565108,1.8649688247035598
239.67500000001428,2287.8930285928236,283.37033717142026,2571.2633657642436,1.8649688247035594
239.7250000000143,12666.487990818005,299.8046206550806,12966.292611473085,1.8649688247035598
239.7750000000143,3253.7179456275144,365.39184542481667,3619.1097910523313,1.85349635928854
239.8250000000143,9475.721949297127,428.74200710453533,9904.463956401662,1.8517082638339946
239.87500000001432,13594.124508212853,441.7624650544834,14035.886973267337,1.84584455928854
239.92500000001434,9178.010657331262,441.9451288103844,9619.955786141647,1.8417689501976309
239.97500000001435,14362.50235141695,441.9451288103844,14804.447480227334,1.8282534456521762
240.02500000001436,11755.455515263566,443.90520516287586,12199.36072042644,1.820346701976287
240.07500000001437,6910.240319026092,467.095053042984,7377.335372069076,1.8162710928853778
240.12500000001438,9880.304683721455,480.6025870413258,10360.90727076278,1.8045384492094885
240.1750000000144,8111.371506417189,497.5821773797869,8608.953683796975,1.7986747446640339
240.2250000000144,7682.340171398961,544.1759362139434,8226.516107612904,1.7989349229249036
240.27500000001442,9955.331189463763,586.4897534125454,10541.820942876308,1.7780225620553385
240.32500000001443,8507.393256288116,585.0532389096921,9092.446495197808,1.7662951529644293
240.37500000001444,8259.49138735754,601.9465872397047,8861.437974597246,1.7525247047430852
240.42500000001445,6915.613424578821,693.7686733982111,7609.382097977032,1.748449095652176
240.47500000001446,4591.931555161984,792.0898225770612,5384.021377739045,1.729069886561267
240.52500000001447,11472.229372889606,870.1080392170492,12342.337412106655,1.7193855166007928
240.57500000001448,8299.925672259571,895.4623811164724,9195.388053376044,1.7000063075098832
240.6250000000145,7864.520905590918,944.6949201968472,8809.215825787765,1.6847079420948636
240.6750000000145,5763.012645822813,977.2630296094118,6740.275675432225,1.6673717721343893
240.72500000001452,10435.158826674164,997.9610340068411,11433.119860681005,1.6502905458498043
240.77500000001453,8740.17250520358,977.3170309590726,9717.489536162653,1.6347372367588953
240.82500000001454,9969.294246266843,948.6652745287647,10917.959520795608,1.619438871343875
240.87500000001455,8642.12974606004,918.801686948798,9560.931433008838,1.6097545013834007
240.92500000001456,7591.936627232268,838.2585103174522,8430.19513754972,1.5829836705533615
240.97500000001457,8548.567501838892,810.4927354817646,9359.060237320657,1.5676853051383417
241.0250000000146,7815.84782925396,809.0626770487687,8624.91050630273,1.556212839723322
241.0750000000146,7792.494607560597,809.0621167164795,8601.556724277076,1.5391316134387367
241.1250000000146,7283.260857633903,808.9820282396505,8092.242885873553,1.5179695434782625
241.17500000001462,6848.5452015074625,795.9027397606119,7644.447941268074,1.5047142171936776
241.22500000001463,7177.164172265579,771.0558767265112,7948.22004899209,1.4932417517786576
241.27500000001464,7345.471272636802,762.8068442699658,8108.2781169067675,1.4779433863636375
241.32500000001465,6223.701655762648,720.4795372684795,6944.181193031128,1.4549984555335982
241.37500000001467,6059.924165453512,683.4534255180929,6743.377590971604,1.443271046442689
241.42500000001468,7005.476334890524,647.3735178823467,7652.849852772872,1.4376622855731238
241.4750000000147,7669.67997353512,635.187019902777,8304.866993437896,1.426189820158104
241.5250000000147,6974.002790170378,549.9780504577454,7523.980840628124,1.410891454743084
241.5750000000147,7440.520603492493,460.1763795301552,7900.696983022648,1.4126795501976295
241.62500000001472,6428.812227924357,361.4848185024068,6790.297046426764,1.3915174802371553
241.67500000001473,5587.109625904463,306.03516688209993,5893.144792786563,1.3874366365612656
241.72500000001475,6613.04152030198,221.17518931870958,6834.2167096206895,1.374181310276681
241.77500000001476,6204.733415016412,132.61524010323546,6337.348655119647,1.3644917057312267
241.82500000001477,6881.196009682265,49.63030314166142,6930.826312823926,1.358628001185772
241.87500000001478,6079.864910382905,25.074578372568144,6104.939488755473,1.3583730575098827
241.9250000000148,6330.00339671513,17.403225313138382,6347.406622028268,1.346900592094863
241.9750000000148,7375.717472940853,20.419129460590458,7396.136602401444,1.3507264920948627
242.0250000000148,4240.995055639025,42.63833700577975,4283.633392644805,1.3410368875494083
242.07500000001482,3906.5097116615534,70.63111356362568,3977.140825225179,1.3295644221343885
242.12500000001484,4388.521078544707,93.42043433193685,4481.941512876644,1.329819365810278
242.17500000001485,6826.438627975448,141.8892811852571,6968.3279091607055,1.3277815612648232
242.22500000001486,6313.144837105263,191.22455463789063,6504.369391743154,1.316303861264823
242.27500000001487,6040.4737008209995,228.89913074758962,6269.372831568589,1.3277815612648232
242.32500000001488,6495.062921753791,258.98878331547695,6754.051705069268,1.3198748175889337
242.3750000000149,4922.934711735395,300.86771379078493,5223.80242552618,1.3124831958498036
242.4250000000149,4659.367292244641,383.7913778496199,5043.158670094261,1.3163090958498036
242.47500000001492,4374.195382817127,456.0614718616581,4830.256854678785,1.3142660567193687
242.52500000001493,4518.788764289417,507.5077169573416,5026.296481246758,1.3025386476284593
242.57500000001494,4924.698424185942,548.7797728142305,5473.478197000172,1.3063645476284595
242.62500000001495,4627.294704558098,600.0189419410564,5227.313646499154,1.3007557867588941
242.67500000001496,4732.711736394671,651.2652244663151,5383.976960860986,1.3007557867588941
242.72500000001497,4789.959105607878,703.4008390856635,5493.359944693541,1.3027935913043487
242.77500000001498,4805.49531964777,754.8719321897308,5560.367251837501,1.2954019695652184
242.825000000015,5118.068026987094,842.6171079992672,5960.685134986361,1.2954019695652184
242.875000000015,4956.106641973603,945.3614528112774,5901.46809478488,1.2971848304347833
242.92500000001502,4904.5436720534435,993.9810980296908,5898.524770083134,1.289793208695653
242.97500000001503,6000.385646558523,1041.3730318254827,7041.758678384006,1.289793208695653
243.02500000001504,5688.884412262279,1084.562884277443,6773.447296539722,1.284184447826088
243.07500000001505,6789.807400618347,1131.951376033098,7921.758776651445,1.284184447826088
243.12500000001506,5538.570672553806,1201.697704347575,6740.26837690138,1.280358547826088
243.17500000001507,5065.766665219754,1246.699747572893,6312.466412792647,1.2785756869565226
243.2250000000151,4233.995680827453,1271.2613196074835,5505.257000434936,1.2783207432806332
243.2750000000151,4509.009327879835,1296.1954987500785,5805.204826629913,1.2801036041501983
243.3250000000151,5183.627195507917,1293.8690666451107,6477.4962621530285,1.2780657996047438
243.37500000001512,4108.014077981404,1294.3342567406994,5402.348334722103,1.2739849559288543
243.42500000001513,3660.9281561396506,1316.6621056742852,4977.590261813935,1.2683761950592893
243.47500000001514,4290.26642119266,1314.065971070685,5604.332392263345,1.270419234189724
243.52500000001515,3968.353606166747,1311.3726767365279,5279.726282903275,1.2739849559288547
243.57500000001517,4602.599189045659,1275.6613635108383,5878.260552556498,1.2683761950592893
243.62500000001518,4528.342922523026,1262.75862766588,5791.101550188906,1.2683761950592896
243.6750000000152,5498.777967907436,1284.8327928178435,6783.610760725279,1.2627674341897244
243.7250000000152,6661.3928413786825,1303.6634157465487,7965.056257125231,1.2704192341897242
243.7750000000152,4783.493433634337,1313.3690366427518,6096.8624702770885,1.2683761950592896
243.82500000001522,2305.953625893442,1296.112448987831,3602.0660748812734,1.2627674341897244
243.87500000001523,4995.3818628604695,1246.260950842776,6241.642813703245,1.2607296296442696
243.92500000001525,5087.395064849226,1233.6902879398026,6321.085352789029,1.2681212513834001
243.97500000001526,6875.933993056508,1209.749865359547,8085.683858416055,1.2604746859683804
244.02500000001527,5605.273956862952,1207.9059495330594,6813.179906396012,1.2566487859683806
244.07500000001528,7331.5148640717,1205.6764772569786,8537.191341328678,1.2604746859683804
244.1250000000153,6162.437178803739,1209.2384158639022,7371.675594667641,1.2566487859683806
244.1750000000153,4819.712512366071,1179.9858364143772,5999.698348780448,1.2622575468379456
244.2250000000153,4513.13505117398,1128.9833282155796,5642.11837938956,1.256393842292491
244.27500000001532,4945.429168290496,1077.0646116963371,6022.493779986833,1.260219742292491
244.32500000001534,5335.144406756155,1068.0119428883274,6403.156349644482,1.2546109814229258
244.37500000001535,5816.895369565476,1107.8061938934654,6924.701563458942,1.2563938422924912
244.42500000001536,6564.603544868045,1133.6055006092554,7698.209045477301,1.2622575468379456
244.47500000001537,6196.801924304337,1149.9149945383758,7346.716918842713,1.2566487859683806
244.52500000001538,6783.840465639388,1142.4949452225048,7926.335410861892,1.2604746859683804
244.5750000000154,6478.084473622104,1126.5235091539066,7604.607982776011,1.2566487859683806
244.6250000000154,5691.95400379313,1137.998057677779,6829.952061470909,1.256393842292491
244.67500000001542,7079.0763279763105,1106.6985639910697,8185.77489196738,1.2584368814229256
244.72500000001543,4380.835501192715,1074.686606587934,5455.522107780649,1.2566487859683804
244.77500000001544,5136.629850771121,1012.9537591448917,6149.583609916012,1.2566487859683804
244.82500000001545,5979.155331840453,931.4716516828063,6910.62698352326,1.2602197422924908
244.87500000001546,4796.417080255454,891.1468658742765,5687.5639461297305,1.256393842292491
244.92500000001547,5907.1094940078565,889.5106988306129,6796.620192838469,1.260219742292491
244.97500000001548,5527.712035858154,946.5806921638464,6474.292728022001,1.2660834468379456
245.0250000000155,5767.032439917098,986.6112517268598,6753.643691643958,1.2563938422924912
245.0750000000155,5757.063867483136,940.4665432085523,6697.530410691688,1.2622575468379456
245.12500000001552,4862.895802582522,889.2280103870593,5752.123812969581,1.2604746859683804
245.17500000001553,5527.9676197113395,840.5194764030549,6368.487096114394,1.2643005859683802
245.22500000001554,6022.016054020143,798.0650719553832,6820.081125975526,1.267866307707511
245.27500000001555,6303.579640697235,777.1008380537727,7080.680478751007,1.2622575468379456
245.32500000001556,5316.210590776362,784.2178469197097,6100.428437696071,1.2701642905138348
245.37500000001558,5679.696575512449,774.80377883748,6454.50035434993,1.2665933341897242
245.4250000000156,6412.812030922105,727.8088696882884,7140.620900610394,1.2665933341897242
245.4750000000156,6239.353441036361,673.3702515168994,6912.723692553261,1.2778108559288546
245.5250000000156,5085.986482512693,604.003583192138,5689.990065704831,1.2722020950592894
245.57500000001562,7089.99383398306,548.4993117207101,7638.49314570377,1.281891699604744
245.62500000001563,6555.1867140897675,513.7416066466999,7068.928320736468,1.2836745604743092
245.67500000001564,5072.557071387524,509.9292667632275,5582.486338150751,1.2778108559288546
245.72500000001565,6620.305982341935,483.4566097699933,7103.762592111929,1.2892833213438744
245.77500000001567,6904.549224546152,467.8863564748054,7372.435581020957,1.2933641650197636
245.82500000001568,7162.211115960224,500.2365433269526,7662.447659287176,1.3030537695652182
245.8750000000157,5287.201860907828,540.6046373223191,5827.806498230147,1.3010107304347833
245.9250000000157,5700.323787852019,603.368851767113,6303.692639619132,1.310700334980238
245.9750000000157,7040.163561541378,695.1303115120547,7735.293873053432,1.3147811786561276
246.02500000001572,7647.26980094167,789.0321827454368,8436.301983687106,1.3127381395256927
246.07500000001573,7069.556751371712,796.213986155798,7865.77073752751,1.3165640395256928
246.12500000001575,7500.012099992971,812.3432835541414,8312.355383547112,1.333900209486167
246.17500000001576,6203.285205328386,870.5237028275378,7073.808908155924,1.3300743094861671
246.22500000001577,6869.051589711549,920.4495015509566,7789.501091262506,1.3359432486166019
246.27500000001578,7297.0472164596,996.0892156085431,8293.136432068144,1.341546774901187
246.3250000000158,5230.918213058723,1040.9215238903876,6271.83973694911,1.345372674901187
246.3750000000158,6675.9535285837155,1038.7653352102705,7714.718863793986,1.3550622794466414
246.4250000000158,5171.111022377814,1016.169169007236,6187.28019138505,1.3530192403162067
246.47500000001583,6353.443250097325,1003.2388330530102,7356.6820831503355,1.3606710403162063
246.52500000001584,5407.8259933708705,991.8802866777139,6399.706280048585,1.3718885620553372
246.57500000001585,6036.179230693808,977.0852298028835,7013.264460496692,1.3777522666007918
246.62500000001586,7026.826102050321,961.7025279169322,7988.528629967253,1.3874418711462462
246.67500000001587,8078.415360660898,957.0269162711265,9035.442276932024,1.389479675691701
246.72500000001588,8816.01250234317,946.2563881283809,9762.26889047155,1.4029951802371554
246.7750000000159,7153.030050840686,907.0368722563821,8060.066923097069,1.4126795501976297
246.8250000000159,8199.253476137857,882.4030071245588,9081.656483262417,1.4261950547430846
246.87500000001592,6551.9175548204585,863.9693710966237,7415.886925917082,1.4300209547430844
246.92500000001593,11522.46244039819,824.782175339521,12347.244615737713,1.4412384764822146
246.97500000001594,11090.868321121392,783.7547044332402,11874.623025554632,1.4621456027667998
247.02500000001595,10910.766261353107,735.3903942558429,11646.15665560895,1.4756558727272742
247.07500000001596,13072.264563397848,637.0828121121408,13709.34737550999,1.487133572727274
247.12500000001597,11243.660341398461,526.9513623199689,11770.61170371843,1.5121163081027684
247.17500000001598,13722.439840946734,436.9513597585917,14159.391200705326,1.5332783780632429
247.225000000016,6895.564078037393,354.8974218802405,7250.461499917634,1.5524026434782627
247.275000000016,6992.455786871506,282.7681467991399,7275.223933670645,1.5812112788537567
247.32500000001602,6777.479807422695,234.5407407677313,7012.020548190426,1.5988023924901205
247.37500000001603,8801.966842605445,212.0777427087203,9014.044585314165,1.6235301841897252
247.42500000001604,12155.413644091845,285.09907150653817,12440.512715598383,1.646730058695654
247.47500000001605,5506.655616000076,335.5099837293941,5842.16559972947,1.6543766241106737
247.52500000001606,9874.633464472445,435.3297753817384,10309.963239854183,1.6814023986166027
247.57500000001608,6426.229817809379,604.9445861539648,7031.174403963343,1.6890489640316224
247.6250000000161,5946.246157234245,720.5151273910988,6666.761284625344,1.7178575994071166
247.6750000000161,5517.325847079697,858.3698687064987,6375.695715786196,1.721423321146247
247.7250000000161,10824.646741289684,1063.5015072824156,11888.148248572099,1.7311129256917015
247.77500000001612,4939.713610394201,1154.9612193338858,6094.6748297280865,1.7425853911067213
247.82500000001613,9734.080941747901,1303.676861197744,11037.757802945645,1.7425801565217414
247.87500000001614,6503.666108745336,1334.4615218959011,7838.1276306412365,1.7560956610671958
247.92500000001615,7683.211209230067,1431.042741177178,9114.253950407245,1.7525247047430852
247.97500000001617,7245.091544445525,1581.9325775049356,8827.02412195046,1.7583884092885398
248.02500000001618,6007.013765252152,1719.3168898941608,7726.330655146312,1.7545625092885397
248.0750000000162,7043.728488209998,1810.4739574848786,8854.202445694877,1.749208692094864
248.1250000000162,6160.198426256322,1914.6617300487933,8074.860156305115,1.7474258312252988
248.1750000000162,6747.127982120064,2012.0100832589299,8759.138065378995,1.7418170703557334
248.22500000001622,5846.15594953387,2097.0686121088,7943.22456164267,1.7242207221343895
248.27500000001623,6781.02076959231,2155.2369264121166,8936.257696004426,1.7068845521739149
248.32500000001625,7777.895504449494,2220.3831088791308,9998.278613328624,1.6936292258893297
248.37500000001626,7108.676005474857,2274.624433769168,9383.300439244025,1.6819018167984205
248.42500000001627,6387.901309871577,2278.3717568398406,8666.273066711417,1.6530931814229268
248.47500000001628,8023.320271221638,2284.7613361459853,10308.081607367623,1.6334590286561284
248.5250000000163,8704.128916584092,2213.887875572696,10918.016792156788,1.604395449604745
248.5750000000163,7468.653256793397,2167.2879426391487,9635.941199432546,1.5908851796442702
248.6250000000163,6578.405125077879,2132.3938050257716,8710.79893010365,1.5600335051383414
248.67500000001633,4415.433162965601,2037.6528951058824,6453.086058071483,1.5447403743083021
248.72500000001634,3748.2660120797595,1970.7913070291709,5719.057319108931,1.5197524043478277
248.77500000001635,6478.603314313779,1967.8533322088683,8446.456646522647,1.5064970780632427
248.82500000001636,7406.029398070545,1858.155006129172,9264.184404199717,1.489415851778658
248.87500000001637,6973.626757903612,1837.1797015941434,8810.806459497755,1.4682537818181836
248.92500000001638,7327.632886591304,1768.1266973726003,9095.759583963903,1.4509176118577092
248.9750000000164,6816.300538310821,1746.5058802486683,8562.806418559489,1.4335814418972348
249.0250000000164,5111.475206374873,1770.0170666906117,6881.492273065484,1.4218540328063256
249.07500000001642,3999.7941593994356,1721.82772421159,5721.621883611026,1.3968660628458514
249.12500000001643,4097.419681490264,1672.159562453965,5769.579243944229,1.3986541583003969
249.17500000001644,2705.7567888705,1589.6598764822131,4295.416665352713,1.3831008492094874
249.22500000001645,4079.36842210282,1508.2410770806139,5587.609499183434,1.3655097355731236
249.27500000001646,2984.729729922806,1426.7302542668424,4411.459984189649,1.363471931027669
249.32500000001647,3843.667887118013,1355.3753447902836,5199.043231908297,1.3479186219367596
249.37500000001648,4350.253758706996,1353.009883824272,5703.2636425312685,1.3461357610671945
249.4250000000165,4458.074213159494,1326.2610471747637,5784.335260334258,1.3305824519762852
249.4750000000165,5594.767978318196,1313.761010005393,6908.528988323589,1.3191099865612654
249.52500000001652,7103.146535289361,1297.8389644746435,8400.985499764005,1.3173271256917003
249.57500000001653,5997.473921075957,1304.9256409246004,7302.399562000557,1.3040665648221352
249.62500000001654,5463.667145821333,1318.8288576888197,6782.496003510153,1.3063645476284595
249.67500000001655,6444.669307311739,1321.7756609124297,7766.444968224169,1.2951470258893292
249.72500000001656,5621.939424573071,1295.5039256391785,6917.443350212249,1.2913211258893293
249.77500000001658,6068.371158378173,1241.3809824090008,7309.752140787174,1.2854574213438748
249.8250000000166,4355.447497938759,1177.8215722246057,5533.269070163365,1.2737300122529656
249.8750000000166,3717.9725626016943,1095.479288090819,4813.451850692513,1.2737300122529656
249.9250000000166,3813.9765981856967,1010.6486387439786,4824.625236929675,1.2660834468379454
249.97500000001662,3216.9166862375864,917.4680932789402,4134.384779516527,1.25282288596838
250.02500000001663,4154.199920735525,842.4761563642153,4996.67607709974,1.2604746859683802
250.07500000001664,3512.8960753368224,784.8641461059508,4297.760221442773,1.2510400250988152
250.12500000001666,4810.155804487114,733.4445807857034,5543.600385272818,1.2510400250988152
250.17500000001667,4589.339696318617,628.8514335078398,5218.191129826457,1.2451763205533606
250.22500000001668,5978.842455870051,542.4038480901353,6521.246303960186,1.244921376877471
250.2750000000167,5561.946255123343,499.8853471363093,6061.831602259652,1.2334489114624514
250.3250000000167,6116.834554671068,490.700546215767,6607.535100886835,1.239312616007906
250.3750000000167,4156.49562553678,473.62877072708017,4630.12439626386,1.229368067786562
250.42500000001672,4410.18552980632,460.7798106204475,4870.965340426767,1.2316660505928863
250.47500000001673,5370.473571125949,418.355894314438,5788.829465440387,1.224014250592886
250.52500000001675,5998.4774877412165,362.8008382376286,6361.278325978845,1.222231389723321
250.57500000001676,5872.152054562209,305.86463896692413,6178.016693529133,1.2166226288537558
250.62500000001677,5316.848159516412,274.85524840206307,5591.703407918475,1.2181505460474313
250.67500000001678,4875.265371569353,210.8344465312765,5086.09981810063,1.2105039806324118
250.7250000000168,5456.778315407146,167.16329505648642,5623.941610463632,1.2066780806324118
250.7750000000168,5099.589145447535,98.51109941612111,5198.100244863656,1.2048952197628466
250.82500000001681,5377.844528518484,67.11881233841378,5444.963340856898,1.2010693197628464
250.87500000001683,6261.8227400750875,63.02991536281494,6324.852655437902,1.2048952197628469
250.92500000001684,3312.506672734079,61.936678458901135,3374.44335119298,1.1954605588932814
250.97500000001685,5527.040139315936,57.547005493092506,5584.587144809029,1.1936776980237163
251.02500000001686,5748.940284248805,45.09863382045632,5794.038918069262,1.188068937154151
251.07500000001687,5340.487693418475,35.7211810265175,5376.208874444992,1.1898517980237162
251.12500000001688,5084.074297294688,28.29558496000861,5112.369882254697,1.1895968543478268
251.1750000000169,5391.576056408948,24.826084302166663,5416.402140711114,1.1873041061264826
251.2250000000169,5145.889847335401,24.710412427635433,5170.600259763037,1.1776145015810282
251.27500000001692,4224.097866063524,23.549422071675977,4247.6472881352,1.1832232624505936
251.32500000001693,3762.43575327026,11.505705830666638,3773.9414591009267,1.177359557905139
251.37500000001694,4546.0779116589565,0.4821592674494312,4546.560070926406,1.1755766970355737
251.42500000001695,3253.0771839053796,0.005953296653109347,3253.0831372020325,1.1676699533596844
251.47500000001696,5484.635166095059,0.0,5484.635166095059,1.1755766970355739
251.52500000001697,5962.334121671311,0.0,5962.334121671311,1.1643591752964435
251.57500000001698,5962.541270682363,0.0,5962.541270682363,1.1661420361660086
251.625000000017,3859.4861123531855,0.0,3859.4861123531855,1.1605332752964432
251.675000000017,6435.554854200478,0.0,6435.554854200478,1.1625763144268781
251.72500000001702,5833.246714205363,0.0,5833.246714205363,1.1569623189723326
251.77500000001703,6383.424982085972,0.0,6383.424982085972,1.1590053581027675
251.82500000001704,5949.255845891237,0.00017415457243073661,5949.256020045809,1.158750414426878
251.87500000001705,6298.843413180902,0.10603793857160312,6298.949451119473,1.1528867098814235
251.92500000001706,6301.303675718336,2.8322599508791466,6304.1359356692155,1.1544146270750995
251.97500000001708,6075.282886103177,13.397378829417987,6088.680264932595,1.1638492879446647
252.0250000000171,5281.739591979309,17.4641621999592,5299.203754179268,1.1541596833992103
252.0750000000171,5742.572367812247,17.661504457405073,5760.233872269652,1.157730639723321
252.1250000000171,6361.387220384869,23.15611740012666,6384.543337784995,1.1574756960474313
252.17500000001712,6212.346145582084,40.53254181030731,6252.878687392392,1.157220752371542
252.22500000001713,5687.350647606362,65.1278807853453,5752.478528391707,1.1666554132411073
252.27500000001714,6092.461837499843,146.6580381696237,6239.119875669467,1.164867317786562
252.32500000001716,6079.335271148167,230.10835265884134,6309.443623807008,1.168693217786562
252.37500000001717,6840.581664778996,284.7500103901412,7125.331675169137,1.1743019786561273
252.42500000001718,6625.743205187441,323.63029037266693,6949.3734955601085,1.1801656832015819
252.4750000000172,6381.342959985225,352.03308855957624,6733.376048544801,1.1801656832015819
252.5250000000172,5559.531308283447,386.57179923789727,5946.103107521345,1.185774444071147
252.5750000000172,7824.7289957568755,461.00588224719974,8285.734878004076,1.1934262440711474
252.62500000001722,6049.870067517301,569.4004693212376,6619.270536838539,1.1855195003952577
252.67500000001723,6294.657827147756,681.61900885094,6976.276835998696,1.1908733175889337
252.72500000001725,5666.172121444315,775.733795752507,6441.905917196822,1.1964820784584989
252.77500000001726,6618.806853552143,837.4785390384584,7456.285392590602,1.2043888221343881
252.82500000001727,5141.554674807506,890.5321646993287,6032.086839506835,1.2082094875494078
252.87500000001728,6826.697864731762,957.9357247571244,7784.633589488886,1.2140731920948624
252.9250000000173,5623.112150328898,1059.9930432116278,6683.105193540526,1.235235262055337
252.9750000000173,4908.161839155202,1131.3990414595748,6039.560880614777,1.235235262055337
253.02500000001731,5414.426526904694,1212.1397626593491,6626.566289564043,1.2467077274703564
253.07500000001733,3994.589085601212,1310.6929893789622,5305.282074980174,1.250788571146246
253.12500000001734,5170.553623184249,1413.582108819213,6584.135732003462,1.2589450239130444
253.17500000001735,6974.6335041997245,1517.3121876294128,8491.945691829138,1.270417489328064
253.22500000001736,5782.672761210931,1605.7927926892023,7388.465553900133,1.274243389328064
253.27500000001737,5197.063718396758,1705.4586565503248,6902.522374947083,1.2859707984189732
253.32500000001738,4741.670147825666,1805.7520680555751,6547.422215881242,1.2900464075098823
253.3750000000174,3918.861746242845,1809.4874932616867,5728.349239504532,1.2994810683794473
253.4250000000174,4446.2954143008565,1772.1789912652448,6218.474405566101,1.3091706729249017
253.47500000001742,5817.1499859134565,1753.0693772156521,7570.219363129108,1.3188602774703566
253.52500000001743,8855.63183629503,1759.7004471956122,10615.332283490641,1.3211530256917006
253.57500000001744,4128.672052252528,1839.3631127826413,5968.0351650351695,1.3328804347826098
253.62500000001745,3137.679687028429,1891.850916286201,5029.53060331463,1.3387441393280644
253.67500000001746,3170.2718494930596,1919.3643803624295,5089.636229855489,1.3504715484189735
253.72500000001747,2734.873486110161,1897.3498566233375,4632.223342733499,1.3563352529644281
253.77500000001749,1802.4872813376348,1868.627081442476,3671.114362780111,1.368062662055337
253.8250000000175,1771.1598183009814,1824.9573874885837,3596.117205789565,1.3739263666007917
253.8750000000175,3488.6901243527423,1801.356238662977,5290.046363015719,1.3777522666007915
253.92500000001752,3270.7374625940283,1785.255263762412,5055.9927263564405,1.3792801837944675
253.97500000001753,3658.5862061077623,1732.3853521795302,5390.971558287292,1.3907526492094873
254.02500000001754,4006.50007560852,1680.761441923286,5687.261517531806,1.390497705533598
254.07500000001755,3316.7420151887536,1652.9822342527173,4969.724249441471,1.4004422537549417
254.12500000001756,3367.234905486488,1627.7295409651956,4994.964446451684,1.4024800583003965
254.17500000001758,4439.987824229105,1561.5505284177702,6001.538352646876,1.406560901976286
254.2250000000176,5088.232490269465,1516.5971628123002,6604.829653081766,1.408343762845851
254.2750000000176,4011.0569147187334,1447.6497111105082,5458.706625829242,1.4180333673913055
254.3250000000176,3877.748043865373,1396.90897115703,5274.657015022403,1.4203261156126497
254.37500000001762,6035.592658559275,1294.4913834112351,7330.08404197051,1.4182883110671949
254.42500000001763,6890.834905512552,1222.18668141282,8113.021586925372,1.4144624110671948
254.47500000001764,6221.570713527468,1170.1341353427897,7391.704848870258,1.4300157201581039
254.52500000001766,4473.277212621245,1143.0827290798322,5616.359941701077,1.4246619029644283
254.57500000001767,5452.933495315548,1163.1033011673849,6616.036796482933,1.4208360029644282
254.62500000001768,4287.518346035234,1214.290836746974,5501.809182782208,1.420581059288539
254.6750000000177,5960.9516629344225,1216.4573398964285,7177.409002830851,1.4147173547430845
254.7250000000177,7332.17940064393,1187.5951369073778,8519.774537551308,1.4244069592885389
254.7750000000177,8473.849801805487,1150.366043629806,9624.215845435294,1.4185432547430843
254.82500000001772,7899.8601160417,1128.1059679421855,9027.966083983885,1.4187981984189735
254.87500000001774,6425.61608967834,1083.111304310457,7508.727393988797,1.4093635375494082
254.92500000001775,6274.293724833877,1075.9527186357373,7350.246443469614,1.4149722984189737
254.97500000001776,6748.521045843852,1046.5184682882095,7795.039514132062,1.4070707893280647
255.02500000001777,6786.959494674247,1047.6076475656614,7834.567142239908,1.407325733003954
255.07500000001778,6835.634309628311,1096.0851600486628,7931.719469676974,1.4017169721343887
255.1250000000178,8292.128866553165,1174.63558471199,9466.764451265155,1.4037547766798435
255.1750000000178,6001.308723515315,1184.8751001001997,7186.1838236155145,1.3976361284584995
255.22500000001781,4973.509281785087,1190.2176136250398,6163.726895410127,1.3953433802371555
255.27500000001783,7075.597575759081,1174.140681926349,8249.73825768543,1.3897346193675901
255.32500000001784,6252.587662442283,1156.2027988021048,7408.790461244387,1.3915174802371557
255.37500000001785,3535.144602505715,1154.1000611633663,4689.244663669081,1.3853988320158115
255.42500000001786,5966.199336613347,1157.5572617213568,7123.756598334704,1.3792801837944673
255.47500000001787,5768.523274971548,1139.8403610885393,6908.363636060087,1.3833610274703567
255.52500000001788,4840.226448003259,1122.4189651050772,5962.6454131083365,1.3701004666007919
255.5750000000179,6207.477755150252,1157.1591682012304,7364.636923351482,1.3774973229249026
255.6250000000179,7636.569066790413,1169.1308779683204,8805.699944758733,1.3678077183794477
255.67500000001792,7753.532929657268,1133.4087258208122,8886.94165547808,1.3695905792490128
255.72500000001793,7897.44026972976,1061.4136631682557,8958.853932898015,1.3716336183794477
255.77500000001794,5488.456238829834,970.696619070572,6459.152857900405,1.3624539011857721
255.82500000001795,4899.386992623924,947.2599911124348,5846.646983736358,1.358373057509883
255.87500000001796,2117.3726628969594,939.0272294176305,3056.39989231459,1.3660248575098826
255.92500000001797,3327.3809744010687,889.5747253272641,4216.955699728333,1.3525093529644279
255.97500000001799,3821.3484920007922,855.7836751160183,4677.132167116811,1.350216604743084
256.02500000001794,3548.99482140426,843.9422138932093,4392.937035297469,1.351999465612649
256.075000000018,3611.2040558993085,829.8344544392771,4441.038510338585,1.350216604743084
256.12500000001796,2254.063313247918,785.7300054603912,3039.793318708309,1.3407819438735187
256.17500000001803,2731.015761507916,739.6944542844846,3470.7102157924005,1.3387441393280644
256.225000000018,4948.980920293641,686.3914081160592,5635.3723284097005,1.3310923393280643
256.27500000001805,7183.139150752363,642.4892302812995,7825.628381033663,1.3428249830039538
256.325000000018,6378.4942439853885,617.5497455916505,6996.043989577039,1.3318571703557323
256.3750000000181,8389.3714303402,605.043557956722,8994.414988296921,1.3318624049407128
256.42500000001803,6195.888466699875,606.4461191187812,6802.334585818656,1.3203847049407125
256.4750000000181,7083.9251403061235,585.8338584267873,7669.758998732911,1.328291448616602
256.52500000001805,6576.423666824826,563.6390088823097,7140.062675707136,1.3249754359683805
256.5750000000181,6664.136168843088,575.8480260556244,7239.984194898712,1.3135029705533607
256.6250000000181,3961.265638305105,611.9898436058875,4573.255481910992,1.3076392660079061
256.67500000001814,5036.165108749112,649.226147954479,5685.39125670359,1.3135029705533605
256.7250000000181,5102.772765540664,671.6465360352722,5774.4193015759365,1.3078942096837953
256.77500000001817,5119.322939161467,705.2193906182155,5824.542329779682,1.30611134881423
256.8250000000181,5490.893020931223,786.025836199598,6276.9188571308205,1.3081491533596847
256.8750000000182,6301.683502703896,878.3503568111303,7180.033859515026,1.2982046051383405
256.92500000001814,7240.540984641832,956.9206425939896,8197.461627235822,1.3017755614624513
256.9750000000182,7628.885632401293,1014.8929356802674,8643.778568081561,1.3017755614624515
257.02500000001817,6548.991916597937,1095.4637685211046,7644.455685119042,1.2959118569169967
257.07500000001824,6837.706373943581,1193.011167926657,8030.717541870237,1.2961668005928864
257.1250000000182,4428.637324948826,1272.3710763359034,5701.008401284729,1.296421744268776
257.17500000001826,4844.289804537033,1336.2821540692346,6180.571958606268,1.29845954881423
257.2250000000182,5068.993062933401,1380.1147738482116,6449.107836781613,1.290558039723321
257.2750000000183,5899.101725393397,1432.957580170426,7332.059305563823,1.2867321397233211
257.32500000001824,6481.765757038072,1470.0302903778206,7951.796047415892,1.2846943351778668
257.3750000000183,6981.122199430572,1498.2501307477296,8479.372330178303,1.2923409005928863
257.42500000001826,6460.143512225285,1519.4482023210792,7979.5917145463645,1.2900481523715426
257.4750000000183,5587.32657959658,1533.393419611467,7120.719999208047,1.2862222523715425
257.5250000000183,5239.908983478845,1588.8009801767782,6828.709963655623,1.285967308695653
257.57500000001835,4682.8959635216615,1632.7492809717987,6315.64524449346,1.2857123650197637
257.6250000000183,5215.286813820806,1670.2153567296746,6885.5021705504805,1.2798486604743093
257.6750000000184,4915.651458625599,1709.1491444161054,6624.800603041705,1.2854574213438748
257.7250000000183,2952.786906096081,1708.5950462451133,4661.381952341195,1.2852024776679851
257.7750000000184,3118.820029610172,1673.5331087847717,4792.353138394943,1.2793387731225307
257.82500000001835,5721.8051678728825,1631.5046328739538,7353.309800746836,1.284947533992096
257.8750000000184,4652.996959841108,1582.7310004101041,6235.727960251212,1.2846925903162065
257.9250000000184,3696.4227982705447,1521.2059399246664,5217.628738195212,1.2750029857707517
257.97500000001844,5776.222083116232,1473.6485844257604,7249.870667541993,1.2885184903162066
258.0250000000184,4222.035958359425,1399.9996293007769,5622.0355876602025,1.2808666903162063
258.07500000001846,5492.611462734588,1346.1401894669436,6838.751652201531,1.273475068577076
258.1250000000184,4917.223159422357,1297.1677041850767,6214.390863607434,1.2737300122529656
258.1750000000185,5309.085966770854,1215.6241060618345,6524.710072832688,1.2737300122529656
258.22500000001844,4421.524897197492,1121.7601198601753,5543.285017057667,1.2637854640316213
258.2750000000185,5206.2865897877755,1051.8419154327419,6258.128505220518,1.2620026031620564
258.32500000001846,5854.8312169653245,999.9017090329855,6854.73292599831,1.2660834468379456
258.37500000001853,4432.9354900422595,961.3484488041674,5394.283938846427,1.2584316468379455
258.4250000000185,5066.3840892021735,936.909361787616,6003.29345098979,1.256393842292491
258.47500000001855,4165.804042502997,934.0516805604755,5099.855723063472,1.2505301377470364
258.5250000000185,4475.3540081992705,924.7778163029191,5400.131824502189,1.2469591814229255
258.5750000000186,3955.012140001074,886.3199990666244,4841.332139067698,1.2451763205533606
258.62500000001853,4575.044868992131,827.5119093451336,5402.556778337265,1.241095476877471
258.6750000000186,4627.577701126896,780.8457101664144,5408.42341129331,1.2395675596837952
258.72500000001855,6066.80738346368,727.7464924923104,6794.55387595599,1.23395879881423
258.7750000000186,5772.3167115230335,710.9271730157305,6483.243884538764,1.23013289881423
258.8250000000186,4328.280508050928,696.8332853717774,5025.113793422705,1.23395879881423
258.87500000001864,4072.315451129971,706.7357310239112,4779.051182153882,1.2224863333992102
258.9250000000186,4153.900733075192,752.3630329710759,4906.263766046268,1.2186604333992102
258.97500000001867,5342.255610573744,800.1252394915768,6142.380850065321,1.2186604333992102
259.0250000000186,5332.387227197942,819.4072194154256,6151.794446613368,1.2110138679841904
259.0750000000187,3398.3923808402715,833.7011300881687,4232.09351092844,1.2071879679841901
259.12500000001864,3354.7275595924975,849.6315330685632,4204.3590926610605,1.2071879679841901
259.1750000000187,4463.200252660683,842.3623886515926,5305.562641312275,1.19979634624506
259.22500000001867,3286.372674471856,865.3198855919832,4151.692560063839,1.2033620679841903
259.27500000001874,4244.335808730557,837.333994756768,5081.669803487325,1.2010693197628464
259.3250000000187,3635.242237314863,816.9885488977264,4452.230786212589,1.195460558893281
259.37500000001876,5019.578858904512,815.7341384301999,5835.312997334712,1.189851798023716
259.4250000000187,5385.20313164178,818.0615925166416,6203.264724158421,1.189851798023716
259.4750000000188,6000.451761412583,794.479404438654,6794.931165851238,1.1954605588932814
259.52500000001874,5252.106089679131,760.2231330582883,6012.3292227374195,1.189851798023716
259.5750000000188,5537.135457613781,706.7312380579419,6243.8666956717225,1.189851798023716
259.62500000001876,5244.401226340462,666.1801865504156,5910.581412890878,1.1804171371541508
259.6750000000188,5629.677562147887,644.0616921812066,6273.7392543290935,1.1842430371541508
259.7250000000188,5475.484264134337,625.7839613844028,6101.268225518739,1.1901067416996054
259.77500000001885,5917.749720073569,604.2842071669709,6522.03392724054,1.188068937154151
259.8250000000188,5157.869266400643,583.4144069894876,5741.28367339013,1.1801621934782616
259.8750000000189,5037.441271022584,562.6484891256553,5600.089760148239,1.1801621934782616
259.9250000000188,5736.722738912114,532.7377068988432,6269.460445810958,1.1842430371541508
259.9750000000189,5305.184436454528,468.9233911593742,5774.1078276139015,1.1883238808300403
260.02500000001885,3292.0647663347413,395.07515090350194,3687.1399172382435,1.1806720808300402
260.0750000000189,3634.0757969101655,332.9631278344251,3967.0389247445905,1.1901067416996052
260.1250000000189,5016.832481776586,295.4506504154132,5312.283132191999,1.1844979808300402
260.17500000001894,5802.629101412437,245.82027600654476,6048.449377418982,1.1844979808300402
260.2250000000189,4938.31396951693,199.16152207302696,5137.4754915899575,1.1844979808300402
260.27500000001896,3464.623540336731,141.7687185577402,3606.392258894471,1.1827151199604748
260.3250000000189,3380.946053517838,80.37912919294865,3461.325182710787,1.1842430371541506
260.375000000019,4646.983972822973,48.98384450473454,4695.967817327707,1.1842430371541506
260.42500000001894,5761.426091386498,44.68386401823379,5806.109955404732,1.1827151199604748
260.475000000019,6052.916615756562,37.25292491337534,6090.169540669937,1.1844979808300402
260.52500000001896,4376.25418043199,10.988063354846068,4387.242243786836,1.1824601762845857
260.57500000001903,4309.580969102328,0.4668186472439015,4310.047787749571,1.1842430371541508
260.625000000019,4996.069434749878,8.576080056566426e-05,4996.069520510679,1.1862860762845855
260.67500000001905,4092.039599968327,0.0,4092.039599968327,1.1786342762845856
260.725000000019,5242.988620748068,0.0,5242.988620748068,1.1824601762845857
260.7750000000191,5265.115869657433,0.0,5265.115869657433,1.1880689371541509
260.82500000001903,5200.94186550142,0.0,5200.94186550142,1.191894837154151
260.8750000000191,4730.096520844539,0.0010082566756221146,4730.097529101215,1.189851798023716
260.92500000001905,6211.520013134111,0.21029124089768514,6211.730304375008,1.1921497808300403
260.9750000000191,5995.151116563559,1.845268655300666,5996.99638521886,1.1939326416996057
261.0250000000191,5930.357488130731,2.062899044726037,5932.420387175457,1.1939326416996057
261.07500000001914,5431.536539486227,4.524371550946014,5436.060911037173,1.2033673025691707
261.1250000000191,6378.772806376359,27.31422866638235,6406.087035042741,1.1995414025691706
261.17500000001917,6441.175142311976,66.20808274060374,6507.383225052579,1.2110138679841906
261.2250000000191,6430.042625671953,71.33302363385334,6501.375649305806,1.220703472529645
261.2750000000192,6783.983441468756,91.02110635923323,6875.004547827989,1.2110138679841902
261.32500000001914,7044.717782803777,177.64836319664633,7222.366146000423,1.22631223339921
261.3750000000192,6994.246190402463,249.87178851282704,7244.11797891529,1.22631223339921
261.42500000001917,6949.9960565556,300.3976521908025,7250.393708746403,1.23395879881423
261.47500000001924,5811.9371267914385,337.2406578147615,6149.1777846062,1.2456862079051394
261.5250000000192,6249.501844750181,384.4060494020283,6633.907894152209,1.2439033470355738
261.57500000001926,5983.028203062018,449.9931499050536,6433.021352967072,1.2551208687747042
261.6250000000192,6796.639062700621,524.5604091942012,7321.199471894823,1.260984573320159
261.6750000000193,5862.966061692307,588.0837215681207,6451.049783260428,1.2627674341897244
261.72500000001924,6007.066834321355,670.6106675417761,6677.677501863131,1.2724570387351788
261.7750000000193,5841.113876584606,820.2759316965659,6661.389808281172,1.2780657996047442
261.82500000001926,5716.222616877403,999.1509897370864,6715.373606614489,1.2836745604743096
261.8750000000193,5649.986475905445,1187.5775496445672,6837.564025550013,1.2892833213438746
261.9250000000193,5401.375988556567,1375.5581893750946,6776.934177931662,1.2910661822134397
261.97500000001935,5390.505168546313,1523.5284190818818,6914.033587628195,1.3063645476284595
262.0250000000193,5660.233986923406,1592.3950548006733,7252.629041724079,1.3063645476284595
262.0750000000194,4902.098810184047,1679.9780609001523,6582.0768710841985,1.3234457739130445
262.1250000000193,4872.061483562934,1804.6653586814557,6676.726842244389,1.3234457739130445
262.1750000000194,4438.457436991832,1931.943282933454,6370.400719925286,1.3290545347826097
262.22500000001935,4019.5438826263844,2071.474542074887,6091.018424701271,1.3405270001976295
262.2750000000194,3281.266672504037,2141.083151986827,5422.349824490864,1.3519994656126495
262.3250000000194,4348.660861387941,2157.365717245573,6506.026578633513,1.3576082264822145
262.37500000001944,4295.440883904714,2177.918681786402,6473.359565691116,1.363471931027669
262.4250000000194,2932.96456485403,2168.021335558173,5100.985900412203,1.374944396442689
262.47500000001946,1856.8726872702414,2150.7781255307336,4007.650812800975,1.3902427618577085
262.5250000000194,5222.3858404666125,2230.259031194083,7452.644871660696,1.397634383596839
262.5750000000195,7236.272363467113,2251.014674894765,9487.287038361877,1.4034980881422936
262.62500000001944,7237.995885597486,2246.7858837203507,9484.781769317837,1.4093617926877484
262.6750000000195,6545.820865386694,2234.0000284636785,8779.820893850372,1.4208342581027682
262.72500000001946,5371.721540048013,2214.171771974926,7585.8933120229385,1.4269529063241118
262.77500000001953,4347.9465921831525,2192.938923038974,6540.885515222126,1.4422512717391318
262.8250000000195,4537.187078621142,2151.2952148088125,6688.482293429955,1.4537237371541516
262.87500000001955,4570.7875728079725,2091.1805634724997,6661.968136280472,1.4613703025691713
262.9250000000195,3830.652037259785,1999.9104749811806,5830.562512240966,1.4766686679841912
262.9750000000196,3868.9571408435995,1899.5951862799698,5768.552327123569,1.484315233399211
263.02500000001953,2825.2719065795395,1761.204772135402,4586.476678714942,1.4901789379446655
263.0750000000196,2393.495743630486,1643.3061601363183,4036.801903766804,1.5095581470355746
263.12500000001955,5020.239738717888,1629.843784990744,6650.083523708632,1.5136337561264837
263.1750000000196,5727.253937957151,1659.6869422193058,7386.940880176457,1.5212855561264838
263.2250000000196,1705.06654423472,1640.5814698715774,3345.6480141062975,1.5289321215415033
263.27500000001965,4396.800767171565,1597.115615487704,5993.9163826592685,1.5404045869565233
263.3250000000196,3191.1751330317575,1479.5689822337597,4670.744115265517,1.5460133478260882
263.37500000001967,2289.3835142768658,1361.494279495758,3650.8777937726236,1.5480563869565234
263.4250000000196,6394.258202718578,1321.0704863313383,7715.328689049917,1.5559578960474325
263.4750000000197,6662.294988322278,1303.460659138174,7965.755647460452,1.557995700592887
263.52500000001965,8938.613140247144,1259.4710416741107,10198.084181921255,1.561821600592887
263.5750000000197,6667.671629253873,1194.6185024254787,7862.290131679352,1.5659024442687766
263.62500000001967,7403.339481378114,1099.5998643418195,8502.939345719933,1.5661573879446657
263.67500000001974,8167.478414694917,989.8519083546212,9157.330323049538,1.5661573879446657
263.7250000000197,8693.400880362811,946.492882612664,9639.893762975475,1.5602936833992112
263.77500000001976,6809.651912293405,905.6305711996712,7715.282483493076,1.5600387397233217
263.8250000000197,6662.282703708945,848.6871413063874,7510.969845015332,1.5483113306324126
263.8750000000198,8735.538484790197,811.1214816238959,9546.659966414092,1.5521372306324124
263.92500000001974,8100.41717361209,768.4642179466595,8868.881391558749,1.5427025697628471
263.9750000000198,6720.865084320889,722.0426935137637,7442.907777834653,1.5350560043478272
264.02500000001976,6766.27308581469,656.4191382788002,7422.69222409349,1.5197576389328076
264.0750000000198,7604.352718070759,566.0814856254685,8170.434203696227,1.5179747780632422
264.1250000000198,8600.084455365904,501.6075752190702,9101.692030584974,1.5065023126482227
264.17500000001985,7891.829238931712,450.50977020308693,8342.3390091348,1.4889111990118589
264.2250000000198,7859.828031612655,385.69117945711184,8245.519211069766,1.47718378992095
264.2750000000199,9773.642158714247,278.0679219095839,10051.71008062383,1.46188542450593
264.3250000000198,9733.86663777027,188.87004106500947,9922.73667883528,1.4598476199604757
264.3750000000199,7800.652247121066,90.52700395493311,7891.179251075999,1.4483751545454557
264.42500000001985,8310.947239768542,43.134640306601156,8354.081880075144,1.4351198282608706
264.4750000000199,10312.07041931833,19.24967826093588,10331.320097579266,1.4198214628458512
264.5250000000199,8667.160755599078,10.304429791945962,8677.465185391024,1.413702814624507
264.57500000001994,9664.251263910004,7.986576664661805,9672.237840574666,1.3927956883399222
264.6250000000199,9376.417105376908,2.921148987202905,9379.338254364111,1.3851491229249024
264.67500000001996,9917.590676682617,0.03248781850071563,9917.623164501118,1.3772476138339933
264.7250000000199,8033.700590892922,0.0,8033.700590892922,1.3655149701581037
264.77500000002,8589.567733267497,0.0,8589.567733267497,1.3522596438735188
264.82500000001994,9634.43625509023,0.0,9634.43625509023,1.3504767830039537
264.87500000002,8739.881399216709,0.0,8739.881399216709,1.3466508830039536
264.92500000001996,8068.539870122563,0.0,8068.539870122563,1.3277815612648232
264.97500000002003,8349.402087922006,0.0,8349.402087922006,1.3295696567193689
265.02500000002,8232.213455163024,0.0,8232.213455163024,1.3293147130434793
265.07500000002005,6021.0408560869055,0.0,6021.0408560869055,1.3216629130434792
265.12500000002,6363.932861542531,0.0,6363.932861542531,1.3196251084980248
265.1750000000201,7534.690910708855,0.0,7534.690910708855,1.3193701648221352
265.22500000002003,6066.589653165607,0.0,6066.589653165607,1.3155442648221352
265.2750000000201,6345.683632646485,0.0,6345.683632646485,1.3193701648221352
265.32500000002005,5627.813005298418,0.14214018501843492,5627.955145483436,1.3193701648221356
265.3750000000201,4357.191531104967,7.486149749983316,4364.67768085495,1.3155442648221354
265.4250000000201,7203.7995531086435,15.795466479302728,7219.595019587946,1.3155442648221354
265.47500000002015,7621.631528643542,23.753556008960867,7645.385084652503,1.3155442648221354
265.5250000000201,5935.908681538773,75.19412932034881,6011.102810859122,1.3214079693675898
265.57500000002017,8212.58609888332,215.81591053763236,8428.402009420952,1.3308426302371552
265.6250000000201,7710.549861679285,362.89404481016874,8073.443906489453,1.3270167302371552
265.6750000000202,7513.848519065445,567.4897325983966,8081.338251663841,1.3270167302371552
265.72500000002015,6303.361287867874,790.86620435269,7094.227492220564,1.3382342519762855
265.7750000000202,7616.889719405239,988.1627667651517,8605.05248617039,1.3479238565217402
265.82500000002017,7537.7468948932765,1140.9063920780213,8678.653286971297,1.3402720565217403
265.87500000002024,7224.236612786046,1320.135948053862,8544.372560839907,1.3499616610671947
265.9250000000202,7191.622452657702,1515.791774991989,8707.414227649691,1.361179182806325
265.97500000002026,7512.029992879325,1675.5175747745704,9187.547567653895,1.3690806918972345
266.0250000000202,8180.813753564535,1731.786476626302,9912.600230190837,1.3767324918972341
266.0750000000203,5628.453269712281,1771.5526121057158,7400.005881817997,1.3746894527667997
266.12500000002024,4136.779205547664,1810.292109996247,5947.071315543911,1.3746894527667997
266.1750000000203,5121.463646718303,1902.0278248452646,7023.491471563568,1.3729065918972343
266.22500000002026,7107.117745271555,2020.7530754104168,9127.870820681972,1.379025240118578
266.2750000000203,6112.156908595671,2144.6919165683403,8256.848825164012,1.3754542837944674
266.3250000000203,7057.194560954349,2292.6851129660117,9349.87967392036,1.3792801837944677
266.37500000002035,6499.668038700143,2459.8384488932243,8959.506487593368,1.3754542837944677
266.4250000000203,5391.857033608412,2601.4143073434007,7993.271340951813,1.3698455229249025
266.4750000000204,5179.596207172795,2701.060269532492,7880.656476705288,1.364236762055337
266.5250000000203,6930.6101920963565,2818.363942756232,9748.97413485259,1.3621989575098825
266.5750000000204,6569.252308680125,3114.9294575660356,9684.18176624616,1.3583730575098825
266.62500000002035,7067.441915106279,3898.6969933969267,10966.138908503206,1.3486834529644278
266.6750000000204,5237.551106598025,4274.981935796916,9512.533042394942,1.3525093529644279
266.7250000000204,4554.238597786056,4270.06283000897,8824.301427795026,1.350981435770752
266.77500000002044,5778.41376315448,4219.201742830985,9997.615505985465,1.3474104794466417
266.8250000000204,5608.083822704906,4055.4322575636106,9663.516080268517,1.347665423122531
266.87500000002046,5498.300347233459,3895.854296710811,9394.15464394427,1.340018857707511
266.9250000000204,5322.359208018883,3832.956406434776,9155.315614453659,1.3400188577075112
266.9750000000205,5846.617225134143,3801.6583871323382,9648.275612266481,1.3341551531620564
267.02500000002044,5024.062583215979,3743.783379310016,8767.845962525995,1.3247204922924911
267.0750000000205,5002.365374888491,3660.202890071616,8662.568264960108,1.3150361223320164
267.12500000002046,3803.4118676819753,3638.2596977842854,7441.67156546626,1.3017755614624515
267.17500000002053,3488.895424779489,3653.4754027439117,7142.3708275234,1.3056014614624514
267.2250000000205,2939.2555405104263,3663.548207620801,6602.803748131228,1.290558039723321
267.27500000002055,1509.8867696932616,3637.5765272737553,5147.4632969670165,1.286732139723321
267.3250000000205,3163.960716683278,3531.01552478682,6694.976241470098,1.2752596743083013
267.3750000000206,3957.290697105538,3416.405337348477,7373.696034454015,1.2750047306324117
267.42500000002053,2779.2214299462175,3302.7402402800094,6081.9616702262265,1.2653151260869575
267.4750000000206,1229.1714682328584,3195.351511769662,4424.522980002521,1.2693959697628467
267.52500000002055,1255.9872182953543,3078.2169948418714,4334.204213137225,1.2637872088932813
267.5750000000206,1862.3073409013234,2960.1380476175977,4822.445388518921,1.259706365217392
267.6250000000206,2733.64281196689,2865.660417235866,5599.3032292027565,1.2637872088932813
267.67500000002065,3607.7399110447977,2624.507057471465,6232.246968516263,1.2581784480237164
267.7250000000206,4752.655543259917,2031.1186939711342,6783.774237231051,1.2581784480237161
267.77500000002067,5141.090619894681,1322.7008767256768,6463.791496620358,1.2561406434782618
267.8250000000206,6670.342275003866,1097.049753075446,7767.392028079312,1.2426303735177875
267.8750000000207,6491.412887720462,996.9694133753574,7488.3823010958195,1.238549529841898
267.92500000002065,7948.547023230201,969.1076545215926,8917.654677751794,1.230902964426878
267.9750000000207,6246.111157665059,1027.169640545885,7273.280798210944,1.2288599252964436
268.02500000002067,8596.58371552104,1072.359385585028,9668.943101106068,1.2400826816205541
268.07500000002074,6112.551415683977,1034.205419011481,7146.756834695458,1.2268221207509888
268.1250000000207,8160.767560825292,942.2696924318113,9103.037253257104,1.2250392598814237
268.17500000002076,7824.785736340608,944.7316781571436,8769.517414497752,1.2306480207509891
268.2250000000207,7387.723330972271,1004.2639842346085,8391.98731520688,1.2265671770750997
268.2750000000208,7533.415128363806,1120.2701137147662,8653.685242078573,1.2303930770750995
268.32500000002074,8270.507342217512,1274.9896791386298,9545.497021356141,1.2400826816205541
268.3750000000208,6390.087751800316,1406.8026263321653,7796.890378132482,1.23395879881423
268.42500000002076,8328.455206331251,1567.8440183700584,9896.29922470131,1.24543649881423
268.4750000000208,6602.2502786914465,1705.9492560711867,8308.199534762633,1.2490022205533604
268.5250000000208,7816.788541195752,1847.006074482981,9663.794615678733,1.2492571642292498
268.57500000002085,6909.461059201294,2005.9830923920692,8915.444151593363,1.258691825098815
268.6250000000208,7737.219802377546,2157.501018580265,9894.720820957811,1.266338390513835
268.6750000000209,6185.227542800061,2305.0895388839663,8490.317081684028,1.2719471513834
268.7250000000208,8235.127409589722,2466.1381651378665,10701.26557472759,1.2795989513834003
268.7750000000209,7210.213688163911,2592.800917860884,9803.014606024795,1.2852024776679851
268.82500000002085,6792.3607990154815,2702.692706021031,9495.053505036512,1.2890283776679854
268.8750000000209,6709.618657183758,2846.39260540452,9556.011262588278,1.3101904476284594
268.9250000000209,6217.832359499323,3008.8329998401327,9226.665359339455,1.308402352173914
268.97500000002094,4997.35825804581,3147.714991841302,8145.073249887111,1.3254888130434794
269.0250000000209,2536.5738966434506,3227.7593107707253,5764.333207414176,1.325483578458499
269.07500000002096,2965.5459002755365,3264.0683045243427,6229.614204799879,1.3367011001976294
269.1250000000209,6134.753955481452,3310.5230256642303,9445.276981145682,1.350216604743084
269.175000000021,3353.4394502206,3372.413224860055,6725.852675080655,1.3522544092885387
269.22500000002094,3382.8908077175847,3504.6142844059236,6887.505092123509,1.3637268747035585
269.275000000021,6150.580471892719,3613.072398330547,9763.652870223266,1.3655097355731236
269.32500000002096,5530.8335734552165,3702.0706717311464,9232.904245186362,1.3751993401185783
269.37500000002103,4725.013566645524,3644.848192847939,8369.861759493464,1.3810630446640328
269.425000000021,4979.664315419779,3596.985501041712,8576.649816461491,1.3769822009881432
269.47500000002105,6907.5029894097925,3569.591590418404,10477.094579828197,1.386671805533598
269.525000000021,6768.76939480614,3587.0462915951653,10355.815686401305,1.3925355100790526
269.5750000000211,6429.297062933687,3644.1135110522337,10073.41057398592,1.3887096100790526
269.62500000002103,5566.502652028481,3615.4272342515947,9181.929886280075,1.3925355100790526
269.6750000000211,5401.304470287889,3699.570906253664,9100.875376541553,1.4001820754940724
269.72500000002105,5624.515794305997,3669.7664124596804,9294.282206765678,1.3925355100790529
269.7750000000211,6016.994450684697,3644.705522286732,9661.69997297143,1.4004370191699618
269.8250000000211,5690.844556428163,3603.018776752013,9293.863333180176,1.4004370191699618
269.87500000002115,5240.694317964954,3593.830365756912,8834.524683721866,1.3966163537549419
269.9250000000211,3551.959202557295,3556.645435515358,7108.604638072653,1.3930453974308312
269.97500000002117,5030.699295391748,3548.5683263137607,8579.267621705509,1.3948282583003964
270.0250000000211,7023.567836723219,3456.933843975373,10480.501680698591,1.3930453974308312
270.0750000000212,4820.125304478245,3365.1368889516825,8185.262193429928,1.3892194974308312
270.12500000002115,6190.374624229753,3276.68053399362,9467.055158223373,1.3853988320158115
270.1750000000212,6357.630010366019,3171.9421461890233,9529.572156555041,1.3777470320158112
270.22500000002117,6077.002152070814,3040.281097287406,9117.283249358221,1.3797900711462463
270.27500000002124,4825.381102385549,2852.6488857353975,7678.029988120947,1.3701004666007917
270.3250000000212,4396.02122931522,2659.9439367125415,7055.965166027761,1.3624539011857717
270.37500000002126,4430.816213891475,2473.4664968505213,6904.282710741996,1.3530192403162065
270.4250000000212,3787.0267415979283,2278.4317409541945,6065.458482552123,1.343329635770752
270.4750000000213,6877.620552216392,2104.2399291688753,8981.860481385267,1.3471607703557322
270.52500000002124,7428.049602376033,1984.5501792102339,9412.599781586267,1.331857170355732
270.5750000000213,7203.555053765142,1858.8538848536004,9062.408938618742,1.3282914486166018
270.62500000002126,5916.610700218269,1654.867233348136,7571.477933566405,1.3224277440711472
270.6750000000213,5117.324457425029,1436.72945744481,6554.053914869839,1.3089122395256925
270.7250000000213,7607.494574278541,1278.1100946124084,8885.60466889095,1.3053465177865622
270.77500000002135,6726.082264659506,1087.8259491801577,7813.908213839664,1.2994828132411076
270.8250000000213,7118.9312818750295,860.7892299645498,7979.72051183958,1.2900481523715426
270.8750000000214,7143.043101091898,730.4755193494311,7873.518620441329,1.2918362478260879
270.9250000000213,6928.832752360167,602.0044881720444,7530.837240532212,1.2744948432806331
270.9750000000214,5402.241271000629,455.9572135104855,5858.198484511115,1.276537882411068
271.02500000002135,5406.8368176494205,370.67319778237504,5777.510015431795,1.2706741778656137
271.0750000000214,5638.245253618036,269.9740934847316,5908.219347102768,1.257158673320159
271.1250000000214,6211.242508992385,183.2965105554994,6394.539019547885,1.2553758124505938
271.17500000002144,7133.71592235352,117.4021916041547,7251.118113957675,1.260984573320159
271.2250000000214,6188.218892112662,68.87409322104281,6257.092985333705,1.2459411515810286
271.27500000002146,3504.092561989903,45.500548729651605,3549.5931107195547,1.2497670515810284
271.3250000000214,5353.0494577659465,36.167658511336526,5389.217116277283,1.2497670515810284
271.3750000000215,6493.633714743536,35.911165159440095,6529.544879902976,1.2456862079051392
271.42500000002144,4497.820049997912,35.91082826365118,4533.730878261564,1.2439033470355738
271.4750000000215,5066.149228346076,35.91082826365118,5102.060056609727,1.240077447035574
271.52500000002146,6364.407409383024,35.91082826365118,6400.318237646676,1.2456862079051392
271.57500000002153,5855.135590604803,35.91082826365118,5891.046418868455,1.2398225033596848
271.6250000000215,4490.442937046954,35.91082826365118,4526.353765310605,1.2398225033596846
271.67500000002156,5283.076474250601,35.91082826365118,5318.9873025142515,1.2380396424901192
271.7250000000215,5777.557687168042,35.91082826365118,5813.468515431694,1.2357416596837951
271.7750000000216,5335.08231977481,35.91082826365118,5370.99314803846,1.2359966033596843
271.82500000002153,5374.89115063481,35.90419855732384,5410.795349192134,1.2380396424901192
271.8750000000216,4482.508380552556,34.75840524607216,4517.266785798629,1.2416053642292497
271.92500000002156,5189.750137745764,22.75309901844211,5212.503236764206,1.2339587988142298
271.9750000000216,5594.486459990536,15.080281285137444,5609.566741275673,1.2337038551383406
272.0250000000216,5152.006122095747,14.03392714275308,5166.0400492385,1.2357416596837951
272.07500000002165,5033.731797256973,4.541077980170542,5038.272875237143,1.2301328988142302
272.1250000000216,5703.442216837779,0.031521359886566236,5703.473738197666,1.23778469881423
272.17500000002167,4727.605533957528,0.0,4727.605533957528,1.2357416596837951
272.2250000000216,5668.499607856788,0.0,5668.499607856788,1.235486716007906
272.2750000000217,6332.643340401028,0.0,6332.643340401028,1.2428835723320166
272.32500000002165,6185.043006683696,0.0,6185.043006683696,1.2331939677865622
272.3750000000217,5305.601371347674,0.0,5305.601371347674,1.2349768286561271
272.42500000002167,5366.09037159676,0.0,5366.09037159676,1.2388027286561274
272.47500000002174,6244.967013221294,0.0,6244.967013221294,1.2352317723320168
272.5250000000217,5897.305349863668,0.0,5897.305349863668,1.243138516007906
272.57500000002176,5602.68774408343,0.0,5602.68774408343,1.2449213768774712
272.6250000000217,3373.49749208755,0.0,3373.49749208755,1.2467042377470363
272.6750000000218,5379.600538352346,0.0,5379.600538352346,1.2563938422924912
272.72500000002174,6208.999055634572,0.0,6208.999055634572,1.2505301377470364
272.7750000000218,6507.8069459937915,0.0,6507.8069459937915,1.2561388986166018
272.82500000002176,5462.144065985883,0.0,5462.144065985883,1.2637854640316213
272.8750000000218,3842.3216877853247,0.0,3842.3216877853247,1.2620026031620564
272.9250000000218,6005.383090120318,0.0,6005.383090120318,1.2640404077075107
272.97500000002185,6211.794415815535,0.0,6211.794415815535,1.2775559122529654
273.0250000000218,5329.9145984320585,0.28615972735010503,5330.200758159409,1.285457421343874
273.0750000000219,6686.863081796412,4.311907690049965,6691.174989486462,1.296929886758894
273.1250000000218,5520.881533571255,5.502423043609237,5526.3839566148645,1.2971848304347837
273.1750000000219,6427.884839286359,36.918166236873155,6464.803005523232,1.3086572958498037
273.22500000002185,5831.8162979625495,77.47763587162032,5909.293933834169,1.3201297612648233
273.2750000000219,6399.733535452458,121.56458754183453,6521.298122994293,1.3351731830039537
273.3250000000219,5234.183319176474,159.19677058038712,5393.380089756861,1.3412918312252975
273.37500000002194,4430.020593239519,219.82094851600846,4649.841541755528,1.3550570448616612
273.4250000000219,6331.599562222569,274.71453797457065,6606.31410019714,1.3762191148221354
273.47500000002196,4823.158396370239,380.35414563797156,5203.51254200821,1.3820828193675898
273.5250000000219,6874.011438988226,491.11889257945785,7365.130331567683,1.3994189893280644
273.575000000022,6983.5125366584725,648.6990135529846,7632.2115502114575,1.4165002156126496
273.62500000002194,7876.847329955049,778.2167999701074,8655.064129925157,1.4356244810276693
273.675000000022,6385.932054371849,802.762437434272,7188.694491806121,1.4470917118577087
273.72500000002196,5964.331350285564,848.8862929283857,6813.21764321395,1.4761605254940724
273.77500000002203,4867.315985658319,856.1007674270904,5723.416753085409,1.4896707954545467
273.825000000022,3348.5440019113203,857.9937269540195,4206.53772886534,1.5149084745059302
273.87500000002206,6095.055928907,867.6148006354518,6962.670729542451,1.5381135835968396
273.925000000022,8444.327113564765,873.4528095385258,9317.779923103291,1.5477979535573139
273.9750000000221,6767.6966508442965,882.0959938258544,7649.792644670151,1.5651341235177882
274.02500000002203,6344.154123879994,890.9941104295727,7235.148234309567,1.5840034452569187
274.0750000000221,5568.677685334376,905.2593796152646,6473.937064949641,1.5916500106719385
274.12500000002206,5695.973160089723,1012.0168117851214,6707.989971874845,1.6125571369565237
274.1750000000221,8682.166894731401,1058.9612362972512,9741.128131028652,1.629893306916998
274.2250000000221,8593.37426489869,1152.0276704627381,9745.401935361428,1.6472294768774725
274.27500000002215,7768.783499228168,1218.715397924607,8987.498897152775,1.6643107031620574
274.3250000000221,10059.980320766439,1284.7974133110467,11344.777734077486,1.6872608685770771
274.37500000002217,9170.307128757224,1366.7575493433267,10537.06467810055,1.6987280994071163
274.4250000000221,9931.972037732734,1368.3531236700128,11300.325161402747,1.7160695039525713
274.4750000000222,9773.323590324138,1365.1678784167443,11138.491468740882,1.7390144347826106
274.52500000002215,10630.04426153033,1400.2980757994237,12030.342337329752,1.7543128001976307
274.5750000000222,9375.954116210414,1403.100191732767,10779.05430794318,1.7680780138339944
274.62500000002217,8206.245590324532,1380.4710685163443,9586.716658840876,1.7907732355731252
274.67500000002224,9521.556681458256,1314.4034316190646,10835.96011307732,1.8098922664031645
274.7250000000222,7772.384502918596,1200.653240038225,8973.037742956822,1.8193269272727295
274.77500000002226,13180.090929600883,1184.667452369501,14364.758381970383,1.8366630972332036
274.8250000000222,16086.70335284804,1253.3114902607774,17340.014843108816,1.8501786017786583
274.8750000000223,9168.028395745965,1278.603239904568,10446.631635650534,1.8675147717391327
274.92500000002224,9047.070034159635,1326.599480150101,10373.669514309735,1.876949432608698
274.9750000000223,16516.893688809603,1375.8728438472515,17892.766532656853,1.878732293478263
275.02500000002226,18208.568564470494,1417.5815568510911,19626.150121321585,1.897856558893283
275.0750000000223,15901.225806895967,1496.9795060449042,17398.20531294087,1.9113668288537573
275.1250000000223,17635.156199052366,1547.7682298317047,19182.92442888407,1.9210564333992122
275.17500000002235,14593.41842127506,1579.1369398904794,16172.55536116554,1.9366097424901212
275.2250000000223,9348.02247183373,1542.3069227495698,10890.3293945833,1.9595546733201608
275.2750000000224,15712.98031267842,1536.4557184962432,17249.436031174664,1.9748530387351806
275.3250000000223,11093.147066124573,1534.3632963746595,12627.510362499233,1.988368543280635
275.3750000000224,10531.386839961408,1567.7354852963424,12099.12232525775,1.9962700523715442
275.42500000002235,15652.579935349164,1472.087554545655,17124.66748989482,2.0079974614624536
275.4750000000224,17026.39330391555,1408.5975018639897,18434.99080577954,2.015644026877473
275.5250000000224,9919.982903297834,1374.7945333485982,11294.777436646433,2.029159531422928
275.57500000002244,1381.51713481747,1405.415564048939,2786.932698866409,2.025333631422928
275.6250000000224,6737.712039863083,1420.337963494008,8158.050003357092,2.0311973359683826
275.67500000002246,5946.984157098951,1460.293689592496,7407.277846691447,2.0350232359683824
275.7250000000224,2671.221876098079,1428.3923831285495,4099.614259226629,2.0253283968379474
275.7750000000225,3817.64696615024,1346.9067754354658,5164.553741585706,2.0350232359683824
275.82500000002244,5025.978065570167,1326.1511358453397,6352.129201415507,2.019719635968382
275.8750000000225,18342.56007448061,1291.3493088149755,19633.909383295588,2.019724870553363
275.92500000002246,11897.76466954139,1217.0709495272718,13114.83561906866,2.0062093660079077
275.97500000002253,5543.009032372171,1177.8691932749587,6720.8782256471295,2.002383466007908
276.0250000000225,15149.365122805675,1141.4948014383801,16290.859924244056,1.9965197614624535
276.07500000002256,14194.045407020258,1103.0506662291973,15297.096073249455,1.983259200592888
276.1250000000225,8577.67315763463,1060.1107300709023,9637.783887705533,1.9794385351778683
276.1750000000226,10622.483771853305,1012.6787821892497,11635.162554042556,1.9659230306324136
276.22500000002253,11661.035083531391,925.3374646460793,12586.37254817747,1.9603142697628484
276.2750000000226,10999.00184668848,922.0179535381384,11921.019800226617,1.9485868606719394
276.32500000002256,8482.95822608783,916.3383297807512,9399.296555868581,1.9292076515810304
276.3750000000226,12890.857623815586,855.9706516852868,13746.828275500873,1.9253869861660105
276.4250000000226,10550.89028078222,839.1219322388378,11390.012213021057,1.8927472162055359
276.47500000002265,9962.990608205826,723.6220184335385,10686.612626639364,1.8828079025691722
276.5250000000226,10738.251154189975,731.8604057260594,11470.111559916035,1.8634286934782631
276.57500000002267,9663.188085302005,694.2895897386359,10357.47767504064,1.847875384387354
276.6250000000226,7419.212936655724,655.5127815404869,8074.72571819621,1.8384459581027692
276.6750000000227,10545.500994762093,586.9283549391556,11132.429349701248,1.8116751272727298
276.72500000002265,9618.483607731601,508.62741452869994,10127.111022260302,1.7961218181818206
276.7750000000227,9451.785577263108,439.8590425395474,9891.644619802655,1.7708789045454565
276.82500000002267,8429.573092089808,381.86423041052,8811.437322500327,1.7670582391304368
276.87500000002274,8884.080807150953,370.6139987431417,9254.694805894094,1.7443682519762869
276.9250000000227,7646.331674536708,369.19850827644507,8015.530182813153,1.7308527474308322
276.97500000002276,7133.78877259131,354.5883971108585,7488.377169702168,1.7155596166007927
277.0250000000227,8147.1456197489315,360.1465262197095,8507.29214596864,1.6926094511857726
277.0750000000228,9288.179263890379,367.5067268888092,9655.685990779188,1.6770613766798437
277.12500000002274,6873.83322604803,391.85756820830943,7265.690794256339,1.657937111264824
277.1750000000228,5745.708300639681,378.7945466803008,6124.502847319982,1.6464646458498042
277.22500000002276,8378.879357969901,375.120243587237,8753.999601557138,1.6332093195652193
277.2750000000228,7539.639014853831,373.8002062591684,7913.439221113,1.6158731496047447
277.3250000000228,6943.227005256882,351.5881771574687,7294.815182414351,1.5967488841897248
277.37500000002285,6065.605248300508,345.51835590552895,6411.123604206036,1.5850214750988159
277.4250000000228,9270.183596611992,318.74760325276003,9588.931199864752,1.5659024442687766
277.4750000000229,7156.925765346683,321.6635087322866,7478.5892740789695,1.5467781788537562
277.5250000000228,5305.37337971532,315.9685167530745,5621.341896468394,1.5332679088932821
277.5750000000229,6310.588429186817,323.8018919115523,6634.390321098369,1.5220503871541518
277.62500000002285,6070.03632430886,307.8817486700982,6377.918072978958,1.5008883171936773
277.6750000000229,5165.539052103186,311.38632381222436,5476.92537591541,1.4876329909090924
277.7250000000229,1906.5537373273748,355.8365204835802,2262.390257810955,1.4761605254940726
277.77500000002294,4730.075957220981,448.4080867025341,5178.484043923515,1.4606072164031634
277.8250000000229,3339.43954253212,539.4655574352779,3878.9050999673977,1.445053907312254
277.87500000002296,4192.422549362146,634.1753475154961,4826.597896877643,1.4335814418972344
277.9250000000229,1529.5863107982427,692.7629484268879,2222.3492592251305,1.4165002156126494
277.975000000023,933.6322971769309,767.0917476387474,1700.7240448156783,1.4085987065217402
278.02500000002294,2171.591158131716,868.1276717258158,3039.718829857532,1.3950832019762858
278.075000000023,5545.451528859402,979.0124665442971,6524.463995403699,1.3818278756917006
278.12500000002296,4771.755411286398,1067.0952634564246,5838.850674742823,1.3741813102766811
278.17500000002303,3428.345889621181,1126.8016476086666,4555.147537229847,1.3606658057312264
278.225000000023,4267.469843451213,1188.9733888800179,5456.44323233123,1.3568451403162067
278.27500000002306,5089.8619368558175,1297.0035788919304,6386.865515747748,1.343329635770752
278.325000000023,5334.625230641213,1372.6527294151956,6707.277960056409,1.333900209486167
278.3750000000231,4966.068804104478,1423.9828820204486,6390.051686124926,1.3259934658102777
278.42500000002303,4720.505502982039,1452.3693501278817,6172.874853109921,1.3145210003952579
278.4750000000231,6117.454617506841,1492.6073578530425,7610.061975359883,1.3124831958498033
278.52500000002306,4910.143448098808,1528.1766521221753,6438.3201002209835,1.301265674110673
278.5750000000231,6125.460899139621,1576.8314085452505,7702.292307684871,1.2915760695652183
278.6250000000231,5543.663025253384,1593.2579342549154,7136.920959508299,1.2857123650197637
278.67500000002315,5312.109482206926,1602.3608882268427,6914.470370433769,1.2780657996047438
278.7250000000231,4796.964664300835,1636.2062137012974,6433.170878002132,1.2739849559288543
278.77500000002317,4980.125996907227,1687.9021909937362,6668.0281879009635,1.2627674341897241
278.8250000000231,5068.424159201738,1711.2239205018134,6779.648079703551,1.2625124905138347
278.8750000000232,5668.402676367734,1661.1353371849307,7329.538013552665,1.2512949687747044
278.92500000002315,6528.481534278,1566.7583939705116,8095.239928248512,1.2571586733201592
278.9750000000232,7133.774373005932,1482.8302987853913,8616.604671791323,1.2459411515810286
279.02500000002317,6197.095793587532,1419.093718706253,7616.189512293785,1.2497670515810286
279.07500000002324,5669.1054802790495,1390.4141976943074,7059.519677973357,1.2359966033596845
279.1250000000232,5726.576507492286,1365.5416245587967,7092.118132051082,1.2286049816205544
279.17500000002326,3375.6500082360008,1311.0466455780715,4686.696653814072,1.2342137424901194
279.2250000000232,3922.71844116584,1240.461664420931,5163.180105586771,1.2286049816205544
279.2750000000233,4873.8751662925215,1190.2118662321175,6064.087032524639,1.2342137424901196
279.32500000002324,3984.0720120980695,1091.6579424992806,5075.72995459735,1.2186604333992102
279.3750000000233,3975.9117756507267,1001.4683713788183,4977.380147029545,1.2224863333992102
279.42500000002326,4488.29387715781,906.1669102198811,5394.460787377691,1.2166226288537556
279.47500000002333,4367.257274740356,852.9791011896,5220.236375929955,1.2127967288537556
279.5250000000233,4039.632167338582,824.1316061380072,4863.763773476589,1.2110138679841904
279.57500000002335,5693.505910627748,792.0361281232321,6485.542038750979,1.2168775725296452
279.6250000000233,4548.031135826951,729.1922364300854,5277.223372257036,1.2071879679841906
279.6750000000234,5276.824573956724,675.8425277811311,5952.667101737855,1.2015792071146252
279.72500000002333,6543.474931135582,648.2920902456489,7191.767021381231,1.213051672529645
279.7750000000234,5339.992990215355,608.2040030135105,5948.196993228866,1.205150163438736
279.82500000002335,5991.720759017738,571.1758455552529,6562.89660457299,1.2015792071146252
279.8750000000234,5222.022542944327,516.2563750598297,5738.278918004156,1.1959704462450598
279.9250000000234,4321.86347196339,458.9308021243164,4780.794274087706,1.1997963462450603
279.97500000002344,4463.3011282161315,418.1222229912238,4881.423351207355,1.1903616853754948
280.0250000000234,4946.396373173981,413.7019820487635,5360.098355222744,1.1957155025691706
280.07500000002346,3580.283208841709,395.288705903394,3975.5719147451027,1.1880689371541509
280.1250000000234,2312.1027017388487,358.37154801647677,2670.4742497553257,1.1804171371541508
280.1750000000235,2961.260456438202,309.6590611282752,3270.919517566477,1.1903616853754948
280.22500000002344,2807.5205101436873,217.44249380111222,3024.9630039447993,1.1791441636363644
280.2750000000235,3524.499432940493,153.17672056126142,3677.6761535017545,1.1791441636363642
280.32500000002346,5777.651328725402,106.05562636436201,5883.706955089764,1.1829700636363643
280.37500000002353,4595.72501217049,85.65448727128108,4681.379499441771,1.1788892199604748
280.4250000000235,5115.754421431277,69.8948087140142,5185.649230145291,1.1791441636363642
280.47500000002356,5200.712039516349,53.463612087310494,5254.175651603659,1.173535402766799
280.5250000000235,4323.449497466514,38.54979611862552,4361.99929358514,1.1737903464426884
280.5750000000236,4950.087403598203,34.60369948782735,4984.691103086031,1.1681815855731232
280.62500000002353,5623.575646039752,34.5142654260336,5658.089911465786,1.1717525418972337
280.6750000000236,6342.098302270411,33.816547904229985,6375.914850174641,1.1679266418972336
280.72500000002356,4492.335381903758,45.49431305698883,4537.8296949607475,1.169709502766799
280.7750000000236,5773.021548583446,61.0014296368978,5834.022978220344,1.1694597936758897
280.8250000000236,4938.0600057833435,56.435233986119016,4994.495239769462,1.1579820936758896
280.87500000002365,5079.112055114058,52.668439512610774,5131.780494626669,1.171752541897234
280.9250000000236,5756.523083369737,49.66121744022575,5806.184300809962,1.1623178810276686
280.97500000002367,5485.162889898937,38.16127443554229,5523.324164334479,1.1714975982213447
281.0250000000236,5167.95120439068,32.969797606488896,5200.921001997169,1.1615530500000006
281.0750000000237,5176.998025288105,31.9204307626769,5208.918456050782,1.1577271500000004
281.12500000002365,6205.505435430076,31.634750181335527,6237.140185611412,1.1712426545454553
281.1750000000237,5719.86965113629,31.631266373786726,5751.500917510076,1.1674167545454552
281.22500000002367,4879.888677417441,31.631266373786726,4911.519943791227,1.1577271500000008
281.27500000002374,4912.170168095219,31.631266373786726,4943.8014344690055,1.1707327671936765
281.3250000000237,5075.270335887243,31.631266373786726,5106.901602261029,1.1610431626482223
281.37500000002376,4847.976200719581,31.631266373786726,4879.607467093368,1.157217262648222
281.4250000000237,5564.057844630444,31.631266373786726,5595.689111004231,1.1666519235177875
281.4750000000238,5626.810255292756,31.631266373786726,5658.441521666542,1.1651240063241113
281.52500000002374,5639.088069835027,31.631266373786726,5670.719336208814,1.172770571739131
281.5750000000238,4671.610841502712,31.631266373786726,4703.242107876498,1.1666519235177875
281.62500000002376,5620.614513787355,31.631266373786726,5652.245780161141,1.161043162648222
281.67500000002383,6058.059687812645,31.631266373786726,6089.690954186432,1.1666519235177875
281.7250000000238,5468.361905223007,31.631266373786726,5499.993171596793,1.1722606843873526
281.77500000002385,5077.732955006723,31.59091668314274,5109.323871689866,1.1702228798418977
281.8250000000238,4798.422896877733,27.41978039310817,4825.842677270842,1.168179840711463
281.8750000000239,4955.77918631861,7.550670981559834,4963.32985730017,1.1722606843873526
281.92500000002383,4362.694468355548,0.05121116138554381,4362.745679516934,1.161043162648222
281.9750000000239,4193.508786945874,0.0,4193.508786945874,1.161043162648222
282.02500000002385,3896.194464566937,0.0,3896.194464566937,1.161043162648222
282.0750000000239,3258.857080878789,0.0,3258.857080878789,1.157217262648222
282.1250000000239,4006.6962808881894,0.0,4006.6962808881894,1.1653789500000007
282.17500000002394,3892.615260006249,0.0,3892.615260006249,1.1559442891304355
282.2250000000239,4155.452884956443,0.00481140927808874,4155.457696365721,1.1612981063241112
282.27500000002397,4907.632357304949,1.0019614007682782,4908.634318705717,1.161043162648222
282.3250000000239,4543.558995152298,10.276916742489462,4553.835911894787,1.155689345454546
282.375000000024,3825.4013404672764,39.95402299156127,3865.355363458838,1.1559442891304352
282.42500000002394,3274.6812286326526,64.38470475178117,3339.0659333844337,1.1505904719367595
282.475000000024,3382.6625954034826,69.66145371275948,3452.324049116242,1.1411558110671942
282.52500000002397,3022.2513865866663,83.07482269735968,3105.326209284026,1.1544163719367595
282.57500000002403,5907.184772193529,93.01147374170793,6000.196245935237,1.1503355282608698
282.625000000024,4682.245507053065,93.23960375517244,4775.485110808238,1.1459997409090912
282.67500000002406,6709.46647626011,94.39258846922992,6803.8590647293395,1.1536515409090913
282.725000000024,4900.407760737114,98.53530001262942,4998.943060749743,1.1380982318181823
282.7750000000241,3861.326121875284,111.08704143737559,3972.41316331266,1.1340173881422928
282.82500000002403,4876.974510009378,122.55167675959771,4999.526186768975,1.1378432881422929
282.8750000000241,4109.118330010503,124.10021697841644,4233.218546988919,1.1304516664031625
282.92500000002406,3720.6513048717043,124.13122223690166,3844.782527108606,1.128663570948617
282.9750000000241,6026.148032869756,124.13122223690166,6150.279255106658,1.130706610079052
283.0250000000241,5951.250181137349,124.13122223690166,6075.38140337425,1.1210170055335975
283.07500000002415,5076.670489413947,124.13122223690166,5200.801711650848,1.1171911055335975
283.1250000000241,5302.841690620591,124.15416136957091,5426.995851990162,1.1248429055335976
283.17500000002417,5150.265467396501,126.9833292229633,5277.248796619464,1.126880710079052
283.2250000000241,5089.883610964067,148.71130175712045,5238.594912721187,1.1210170055335975
283.2750000000242,5063.251159934723,194.2736403976714,5257.524800332394,1.1210170055335975
283.32500000002415,5906.156021781124,279.8559996744391,6186.012021455563,1.1307066100790517
283.3750000000242,5358.567026039997,355.6159909306597,5714.183016970656,1.123309753754941
283.42500000002417,5752.6487883148,430.6632382818445,6183.3120265966445,1.1197440320158107
283.47500000002424,5334.606557589702,473.90220562175824,5808.50876321146,1.1215268928853757
283.5250000000242,4607.298226217519,495.3453136688374,5102.643539886357,1.1174460492094866
283.57500000002426,4724.89587672657,617.8766868428906,5342.7725635694605,1.1268807100790517
283.6250000000242,5159.368831499249,727.0405681180825,5886.4093996173315,1.1322345272727277
283.6750000000243,5100.385670628119,805.64888646917,5906.0345570972895,1.1319795835968383
283.72500000002424,5001.272333501146,905.4339350176466,5906.706268518793,1.132489470948617
283.7750000000243,4974.989888983512,1029.9798309406722,6004.969719924185,1.144216880039526
283.82500000002426,4558.016868797956,1119.6580910231971,5677.674959821153,1.1444718237154152
283.87500000002433,5734.874907814375,1210.065732224772,6944.940640039147,1.1447267673913049
283.9250000000243,6017.075758704295,1317.6619802504997,7334.737738954795,1.1503355282608703
283.97500000002435,4967.00541311087,1379.810502058674,6346.815915169544,1.1521183891304354
284.0250000000243,4966.658858573186,1434.6933925407186,6401.3522511139045,1.1518634454545458
284.0750000000244,4363.007806327455,1507.9182420864754,5870.92604841393,1.1653789500000007
284.12500000002433,4558.051803157625,1594.7849325802395,6152.836735737865,1.1635908545454554
284.1750000000244,4534.071646278871,1715.3585219545469,6249.430168233418,1.1674167545454552
284.22500000002435,3003.7378034427015,1843.7354637324315,4847.4732671751335,1.172770571739131
284.2750000000244,3365.885322585149,1949.7468411593288,5315.632163744478,1.172770571739131
284.3250000000244,3271.8283127993755,2034.4366432142251,5306.264956013601,1.1842430371541508
284.37500000002444,4714.25847584996,2085.106152287033,6799.364628136993,1.1745534326086964
284.4250000000244,4490.713704307363,2123.820438174379,6614.534142481742,1.1839880934782614
284.47500000002447,2952.6237774722235,2194.0707392478275,5146.694516720051,1.1857709543478268
284.5250000000244,3689.366919890357,2257.7578771997405,5947.124797090098,1.1837331498023724
284.5750000000245,2781.6842485713164,2352.3666746569243,5134.05092322824,1.1855160106719373
284.62500000002444,3461.05742348513,2487.885689343735,5948.943112828865,1.1893419106719372
284.6750000000245,5086.937027028331,2592.459061102415,7679.396088130746,1.1855160106719373
284.72500000002447,3936.1824044775544,2599.8898239104356,6536.0722283879895,1.1949506715415028
284.77500000002453,3851.2280355802895,2633.022250599437,6484.250286179727,1.1949506715415028
284.8250000000245,4640.84955620726,2647.1172371720113,7287.966793379272,1.183478206126483
284.87500000002456,4018.24017606782,2640.6878221054662,6658.927998173286,1.1796523061264828
284.9250000000245,3995.6812509212327,2659.2497429526616,6654.930993873894,1.1837331498023724
284.9750000000246,4148.146678828018,2666.5011801082546,6814.647858936272,1.1778694452569178
285.02500000002453,4002.8507824149788,2682.5666765615492,6685.417458976528,1.1740435452569173
285.0750000000246,2093.370220846345,2706.144567603228,4799.514788449573,1.1684347843873524
285.12500000002456,2940.772530333815,2750.2474253465616,5691.019955680376,1.1663969798418978
285.1750000000246,3764.2033702287217,2780.3960462234763,6544.599416452198,1.160278331620554
285.2250000000246,2936.993332456442,2762.8530239934894,5699.846356449932,1.1541596833992103
285.27500000002465,3083.539894914112,2748.614340147591,5832.154235061704,1.1403892351778662
285.3250000000246,4280.110045301902,2697.7084770974493,6977.818522399351,1.1365685697628465
285.37500000002467,4517.974773413822,2602.699092760096,7120.673866173918,1.1215251480237163
285.4250000000246,5146.603500093085,2565.470599880781,7712.074099973866,1.1250961043478267
285.4750000000247,4879.011692988755,2523.35629472512,7402.367987713875,1.115406499802372
285.52500000002465,3074.004868808648,2410.245269601478,5484.250138410126,1.098070329841898
285.5750000000247,3413.5294394296548,2285.150961524064,5698.680400953719,1.098325273517787
285.62500000002467,3848.691301690563,2149.7483548713903,5998.439656561954,1.0924615689723325
285.67500000002474,5755.732094793715,1963.7946373129948,7719.5267321067095,1.0789512990118582
285.7250000000247,4023.288163767324,1787.11532560824,5810.403489375564,1.071299499011858
285.77500000002476,4160.022863689994,1603.7864406713077,5763.809304361302,1.0633979899209491
285.8250000000247,4226.165573465347,1470.8320544035264,5696.997627868874,1.0613601853754944
285.8750000000248,2993.4992154939723,1339.1408272512913,4332.640042745264,1.0483545681818185
285.92500000002474,3568.5412125023813,1194.5704641209277,4763.111676623309,1.046316763636364
285.9750000000248,4667.122529034225,1062.9169518531787,5730.039480887404,1.0251546936758897
286.02500000002476,2737.0534189850932,956.9638930757257,3694.0173120608188,1.0246448063241111
286.07500000002483,4540.72203389359,830.8548044032756,5371.576838296866,1.0169982409090914
286.1250000000248,2566.8202275792264,707.0005759967172,3273.8208035759435,1.0075635800395262
286.17500000002485,4618.605913374798,602.2513552644339,5220.857268639232,1.0016998754940718
286.2250000000248,4523.939974102459,519.0715404443315,5043.011514546791,1.001954819169961
286.2750000000249,4757.46538724617,413.7511685619769,5171.216555808147,0.9907372974308305
286.32500000002483,3316.0702277160603,337.31749175510095,3653.3877194711613,0.9909922411067199
286.3750000000249,4834.400621275791,263.29985228661224,5097.700473562403,0.9797747193675893
286.42500000002485,2990.5135715214406,168.28569512660926,3158.79926664805,0.9705950021739134
286.4750000000249,4419.078393670732,112.06777547661218,4531.146169147344,0.9683022539525695
286.5250000000249,3972.644187940256,80.38662789764814,4053.030815837904,0.9683022539525695
286.57500000002494,4049.999861488369,29.998204351188246,4079.998065839557,0.9588675930830043
286.6250000000249,3773.149979615913,3.6380408979430223,3776.788020513856,0.9535137758893284
286.67500000002497,4519.188554625948,0.5194657747523502,4519.708020400701,0.9512210276679846
286.7250000000249,3184.3863934938227,0.20137160241665436,3184.5877650962393,0.9532588322134391
286.775000000025,4354.969801315832,0.005767264234765987,4354.975568580067,0.9420413104743087
286.82500000002494,3117.17279739749,0.0,3117.17279739749,0.9420413104743087
286.875000000025,2949.3045601984077,0.0,2949.3045601984077,0.9364325496047435
286.92500000002497,3893.8756889367132,0.0,3893.8756889367132,0.9422962541501979
286.97500000002503,3640.061400364292,0.0,3640.061400364292,0.9308237887351782
287.025000000025,3955.911496777401,0.0,3955.911496777401,0.9366874932806326
287.07500000002506,3798.453260287254,0.0,3798.453260287254,0.9254699715415022
287.125000000025,3036.169392770744,0.0,3036.169392770744,0.9313336760869567
287.1750000000251,3374.16231904253,0.0,3374.16231904253,0.9257249152173914
287.22500000002503,4119.320330799003,0.0,4119.320330799003,0.9257249152173914
287.2750000000251,3200.21459810737,0.0,3200.21459810737,0.9218990152173916
287.32500000002506,3452.7562087922024,0.0,3452.7562087922024,0.9201161543478262
287.3750000000251,3535.593936626836,0.0,3535.593936626836,0.9201161543478262
287.4250000000251,3151.0336944173237,0.0,3151.0336944173237,0.9162902543478264
287.47500000002515,3266.913093196386,0.0,3266.913093196386,0.9201161543478262
287.5250000000251,2858.7667720043823,0.0,2858.7667720043823,0.9201161543478262
287.57500000002517,3149.902144005141,0.0,3149.902144005141,0.9162902543478264
287.6250000000251,3647.891398231748,0.0,3647.891398231748,0.914507393478261
287.6750000000252,3660.3378999184447,0.0,3660.3378999184447,0.9106814934782612
287.72500000002515,3410.6933536126157,0.0,3410.6933536126157,0.9201161543478262
287.7750000000252,3409.488807043186,0.0,3409.488807043186,0.9162902543478264
287.82500000002517,3624.834096599365,0.0,3624.834096599365,0.914507393478261
287.87500000002524,3585.210604379079,0.0,3585.210604379079,0.9106814934782612
287.9250000000252,4041.12780962575,0.0,4041.12780962575,0.9183332934782612
287.97500000002526,3536.511851268174,0.0,3536.511851268174,0.9218990152173916
288.0250000000252,3883.0019936707345,0.0002903704790397128,3883.0022840412134,0.9160353106719371
288.0750000000253,2389.0911755467077,0.022356232653845468,2389.1135317793614,0.919861210671937
288.12500000002524,3659.5398427670802,0.2346835008301417,3659.7745262679105,0.9101716061264825
288.1750000000253,1856.9940828487177,0.5292174050361121,1857.5233002537539,0.919861210671937
288.22500000002526,3099.198816848697,0.5905292292200781,3099.789346077917,0.9157803669960478
288.27500000002533,3400.651692175242,0.5908309746593892,3401.242523149901,0.9254699715415022
288.3250000000253,4118.5361239813565,0.5908309746593892,4119.126954956016,0.9196062669960476
288.37500000002535,2960.389798852425,0.5910063297538835,2960.9808051821788,0.9157803669960477
288.4250000000253,3608.804715459127,0.7122650125618845,3609.516980471689,0.9211341841897236
288.4750000000254,4068.744008561189,2.760425400015195,4071.504433961204,0.9249600841897235
288.52500000002533,2832.807762797125,10.780965138054137,2843.588727935179,0.9208792405138343
288.5750000000254,3351.1372364461427,19.912693272757743,3371.0499297189003,0.9208792405138343
288.62500000002535,3532.220296332846,29.33464899453537,3561.554945327381,0.9249600841897236
288.6750000000254,3490.567314960133,40.20281778247843,3530.7701327426116,0.9249600841897238
288.7250000000254,3473.7507566508625,43.5107235087039,3517.2614801595664,0.9249600841897236
288.77500000002544,4261.822632828217,43.666883093166504,4305.489515921384,0.9323517059288541
288.8250000000254,2772.648588208236,43.667702351415066,2816.316290559651,0.9303139013833995
288.87500000002547,2481.5196185590025,43.750871568413764,2525.2704901274165,0.9305688450592889
288.9250000000254,3199.143804733422,46.77295785338003,3245.9167625868017,0.9320967622529648
288.9750000000255,3367.7094285764842,57.18398379510072,3424.893412371585,0.9397485622529648
289.02500000002544,3649.3927994226897,72.2551364920912,3721.6479359147806,0.9320967622529648
289.0750000000255,3557.3214138164476,89.31392706441484,3646.6353408808623,0.9433142839920954
289.12500000002547,3385.752500618396,104.48499185054672,3490.2374924689425,0.9359226622529649
289.17500000002553,3453.1682827113896,114.12835732036173,3567.2966400317514,0.9417863667984195
289.2250000000255,4130.8564672732045,116.07499601548899,4246.9314632886935,0.9473951276679847
289.27500000002556,3512.20167305729,115.7722386876544,3627.9739117449444,0.93770552312253
289.3250000000255,3390.1693778721965,115.859750839468,3506.0291287116643,0.9433142839920953
289.3750000000256,4051.6595843607442,118.74466579859049,4170.404250159335,0.9451023794466409
289.42500000002553,3611.4766793668596,130.01047093562252,3741.487150302482,0.9471401839920953
289.4750000000256,3928.2514037900064,147.82892730322408,4076.0803310932306,0.9471401839920953
289.52500000002556,3747.8561184476093,158.9066295658271,3906.7627480134365,0.954786749407115
289.5750000000256,3610.5465725737604,158.87824158851964,3769.42481416228,0.9473951276679845
289.6250000000256,4331.128674513366,152.98422028193187,4484.1128947952975,0.9624385494071149
289.67500000002565,3482.3639986036283,143.276591114709,3625.640589718337,0.9547867494071149
289.7250000000256,3964.4092765709715,145.71843442582366,4110.127710996795,0.9524940011857711
289.77500000002567,4066.0126214457896,164.13547680222382,4230.148098248013,0.9583577057312257
289.8250000000256,3080.55497393965,182.51818992864506,3263.073163868295,0.9637115229249016
289.8750000000257,3752.9941078581614,188.7783570430238,3941.7724649011852,0.9637115229249016
289.92500000002565,3710.2661483645998,190.34938386410576,3900.6155322287054,0.9639664666007909
289.9750000000257,3499.4593146055718,191.8228179436281,3691.2821325492,0.9637115229249016
290.02500000002567,3966.236138383971,201.59434928193292,4167.830487665904,0.9693202837944669
290.07500000002574,3506.3318463664596,197.75662169509332,3704.0884680615527,0.963966466600791
290.1250000000257,3699.7594197983876,183.46293818792972,3883.2223579863175,0.9693202837944669
290.17500000002576,4158.821746480806,170.39678878070197,4329.218535261508,0.9749290446640322
290.2250000000257,3724.125255715359,154.5004274284351,3878.625683143794,0.9734011274703562
290.2750000000258,3815.811425482199,147.03271509005174,3962.8441405722506,0.9695752274703563
290.32500000002574,3762.3991949201786,144.43864816252346,3906.837843082702,0.9772217928853759
290.3750000000258,4088.953947141707,144.16804692984363,4233.121994071551,0.9792648320158107
290.42500000002576,3963.1511976607717,144.08710806956748,4107.23830573034,0.9851285365612653
290.47500000002583,3695.558327952753,143.17717746807176,3838.735505420825,0.9835953847826091
290.5250000000258,3648.4362547750447,134.8123915079997,3783.2486462830443,0.9871663411067199
290.57500000002585,4201.100955148401,117.37224780333217,4318.473202951734,0.9909922411067197
290.6250000000258,4034.3042153994284,102.06576301767947,4136.369978417108,0.9909922411067197
290.6750000000259,3673.421028037727,100.48109131126229,3773.9021193489893,0.9874212847826089
290.72500000002583,3133.1259061822307,100.9523076523157,3234.078213834546,0.9988937501976289
290.7750000000259,3488.8211002896496,100.94032476770326,3589.761425057353,0.9988937501976288
290.82500000002585,3805.2038343900076,98.61708244844786,3903.8209168384556,0.9971108893280637
290.8750000000259,4415.105599450331,70.74540821084737,4485.851007661178,0.9973658330039531
290.9250000000259,4282.053451661562,48.42182208005517,4330.475273741617,1.0050123984189727
290.97500000002594,4138.757467497486,38.99219347175962,4177.749660969245,1.0088382984189728
291.0250000000259,4115.740264044754,36.44978489480539,4152.19004893956,1.0047574547430835
291.07500000002597,4211.325428316862,35.64126892019534,4246.966697237057,1.0088382984189728
291.1250000000259,4302.271131996145,30.702364261557836,4332.973496257703,1.0147020029644271
291.175000000026,3930.500208634612,24.24243616856282,3954.742644803175,1.009093242094862
291.22500000002594,4012.078055417244,29.859916385200332,4041.9379718024443,1.020820651185771
291.275000000026,4118.782076919782,39.67448797723915,4158.456564897022,1.0172496948616605
291.32500000002597,4042.3279457311396,41.62575723333685,4083.9537029644766,1.0246465511857712
291.37500000002603,3984.0867891980365,36.704285713794484,4020.791074911831,1.0205657075098817
291.425000000026,4249.204060636017,34.16954224823304,4283.37360288425,1.0223485683794469
291.47500000002606,4486.372275396703,34.11996227492008,4520.492237671623,1.0264294120553363
291.525000000026,4632.179773519654,34.119774347236465,4666.299547866891,1.0264294120553363
291.5750000000261,4364.903549741816,34.124515882561205,4399.028065624378,1.0300003683794472
291.62500000002603,3409.6850843997463,34.5020545453792,3444.1871389451253,1.0320381729249015
291.6750000000261,4966.242119842809,44.38775888782756,5010.629878730637,1.0325480602766801
291.72500000002606,4194.328765020563,71.22597306926744,4265.554738089831,1.0384117648221347
291.7750000000261,4529.633836806535,82.04426842677137,4611.678105233306,1.0422376648221348
291.8250000000261,4502.239514326682,81.8059248722708,4584.045439198953,1.0440205256917
291.87500000002615,4479.158114591727,81.6947189321033,4560.852833523831,1.0498842302371545
291.9250000000261,4678.376961067458,81.69160720781643,4760.068568275275,1.0539650739130437
291.97500000002617,4571.414214618641,81.57498612426023,4652.989200742902,1.0442754693675893
292.0250000000261,4532.849228269595,79.93970159708557,4612.7889298666805,1.050139173913044
292.0750000000262,4019.0875663804036,74.58899113194789,4093.6765575123513,1.0600837221343877
292.12500000002615,4031.6929436371292,73.07097184004832,4104.763915477178,1.0567677094861663
292.1750000000262,5005.557137030189,73.76832912418155,5079.325466154371,1.0605936094861663
292.22500000002617,3875.1465907803113,74.25450975156937,3949.4011005318807,1.0623764703557317
292.27500000002624,4200.243593341211,72.32933455216566,4272.572927893377,1.0623764703557317
292.3250000000262,4539.2600382473165,68.6908099878305,4607.950848235147,1.0697733266798426
292.37500000002626,4108.005558674537,64.93155057506567,4172.937109249602,1.0733390484189727
292.4250000000262,4441.7986853908105,56.69481799073252,4498.493503381543,1.0827737092885379
292.4750000000263,5594.401369234017,55.929388996130506,5650.330758230148,1.0809908484189725
292.52500000002624,4472.820214629764,55.92534357585257,4528.745558205617,1.0733390484189727
292.5750000000263,4580.3203379146225,55.92534357585257,4636.245681490475,1.0774198920948619
292.62500000002626,5122.850998811315,55.92534357585257,5178.7763423871675,1.0832835966403163
292.67500000002633,4763.811248345221,55.92530017704954,4819.736548522271,1.0891473011857709
292.7250000000263,4635.911196640508,55.81369709706285,4691.724893737571,1.0891473011857709
292.77500000002635,3440.5607045324255,50.23414529800386,3490.7948498304295,1.0888923575098817
292.8250000000263,2730.0793121655065,25.48058991536495,2755.5599020808713,1.0927182575098817
292.8750000000264,2511.8442826328906,11.061916469045697,2522.906199101936,1.0965389229249014
292.92500000002633,4042.9814098067577,7.86017882051936,4050.841588627277,1.1097994837944667
292.9750000000264,4809.81176895371,7.821359575318692,4817.633128529029,1.1059735837944666
293.02500000002635,4470.051291396181,7.821359575318692,4477.8726509715,1.1097994837944667
293.0750000000264,5082.00247515247,7.821359575318692,5089.823834727788,1.1115823446640316
293.1250000000264,5370.679708016449,7.821359575318692,5378.501067591767,1.1151533009881427
293.17500000002644,4341.415282558125,7.821359575318692,4349.236642133444,1.1205071181818187
293.2250000000264,4419.329365739865,7.805949072173716,4427.135314812039,1.1161713308300398
293.27500000002647,4659.0782753826825,7.521957986881154,4666.600233369563,1.1217800916996052
293.3250000000264,3913.5400692492153,6.6411276142128095,3920.1811968634283,1.1312147525691707
293.3750000000265,4293.4164359043525,6.481869570611039,4299.898305474963,1.1314696962450603
293.42500000002644,5287.688036755626,5.0173805837674434,5292.7054173393935,1.1373334007905147
293.4750000000265,4867.04048607089,1.2487497415567033,4868.289235812447,1.1375883444664041
293.52500000002647,4732.187656159009,0.6124720401667709,4732.800128199176,1.143706992687748
293.57500000002653,5174.676288437866,1.374776171986756,5176.051064609853,1.1498256409090917
293.6250000000265,3818.4326662457634,7.5500156723717735,3825.9826819181353,1.155434401778657
293.67500000002656,3939.688701665189,12.72438945095219,3952.413091116141,1.1551794581027675
293.7250000000265,4592.7015689647915,26.91791841456904,4619.61948737936,1.1551794581027675
293.7750000000266,4772.608771547855,42.19005945878057,4814.798831006636,1.1607882189723329
293.82500000002653,5535.527652059694,55.59730580199723,5591.124957861692,1.170477823517787
293.8750000000266,5238.756068898082,77.02998619327171,5315.786055091354,1.1722606843873524
293.92500000002656,4563.6786203133015,101.44328682703154,4665.121907140333,1.1722606843873524
293.9750000000266,2727.6125516173156,117.44142138486501,2845.0539730021806,1.1816953452569177
294.0250000000266,3403.3167152293063,132.97467108947035,3536.291386318777,1.1873041061264826
294.07500000002665,4909.130489353997,156.8725125043625,5066.00300185836,1.1837331498023724
294.1250000000266,5330.781676168643,186.2729184776683,5517.054594646311,1.1990315152173923
294.17500000002667,6658.242161090919,220.90803036789845,6879.150191458817,1.199031515217392
294.2250000000266,5460.6089399882685,257.44789014783055,5718.056830136099,1.2048952197628464
294.2750000000267,6337.66395046722,310.71552620993305,6648.379476677153,1.2105039806324118
294.32500000002665,5363.10537335773,381.57428510157587,5744.679658459306,1.2184054897233205
294.3750000000267,6211.536680939575,397.49751253730886,6609.034193476883,1.218405489723321
294.42500000002667,5862.17326765215,402.3313424775831,6264.504610129733,1.2280950942687754
294.47500000002674,6127.972443677585,417.1634119446027,6545.135855622188,1.2260572897233208
294.5250000000267,6049.353802095215,455.63438251736403,6504.988184612579,1.2334489114624514
294.57500000002676,5467.0417448686785,476.56592002656333,5943.607664895242,1.2296230114624513
294.6250000000267,4674.363192980855,513.3839154188091,5187.747108399664,1.240840533201582
294.6750000000268,5681.488421090796,531.2589570585757,6212.747378149372,1.244666433201582
294.72500000002674,4127.845529299848,550.0079252715307,4677.853454571378,1.2543560377470366
294.7750000000268,3729.911166163254,583.3524289255491,4313.263595088803,1.252567942292491
294.82500000002676,4081.210504398833,598.6501552740169,4679.86065967285,1.2563938422924912
294.87500000002683,3302.6864738683616,587.9966033925715,3890.6830772609333,1.2563938422924912
294.9250000000268,3969.54814273821,578.5316184876543,4548.079761225865,1.2620026031620564
294.97500000002685,3660.116814924715,562.053007300815,4222.16982222553,1.273475068577076
295.0250000000268,3665.554886862917,531.1716323203676,4196.726519183285,1.273475068577076
295.0750000000269,3985.400914411564,514.3413542912375,4499.742268702801,1.267866307707511
295.12500000002683,5927.473308867426,507.06124373061635,6434.534552598042,1.2831646731225306
295.1750000000269,3451.298853824822,481.9341002519961,3933.232954076818,1.2793387731225305
295.22500000002685,2871.9811943585864,462.38499416729763,3334.366188525884,1.2811216339920959
295.2750000000269,3358.116755118136,428.50611070124506,3786.6228658193813,1.28341961679842
295.3250000000269,3987.0782383857827,391.88201004476366,4378.960248430546,1.2852024776679851
295.37500000002694,4898.305785523186,355.2680818530522,5253.573867376239,1.2948920822134395
295.4250000000269,3324.099096162393,270.3680851361791,3594.467181298572,1.2910661822134397
295.47500000002697,4040.459522320449,241.54731131859964,4282.006833639049,1.2892833213438746
295.5250000000269,3969.9333690159474,233.420040381824,4203.353409397771,1.285457421343874
295.575000000027,3621.503523633977,226.793658431119,3848.297182065096,1.296929886758894
295.62500000002694,2746.2937504275706,191.1576470250306,2937.451397452601,1.2951470258893287
295.675000000027,2274.217738268053,163.06367041058482,2437.281408678638,1.2931092213438742
295.72500000002697,2389.9951660016022,133.6722446132456,2523.667410614848,1.2910661822134393
295.77500000002703,3066.5920823906704,107.54629935276611,3174.1383817434366,1.2910661822134397
295.825000000027,3784.686372632148,99.93650149423428,3884.622874126382,1.2931092213438742
295.87500000002706,3693.520998305218,77.75022270793981,3771.271221013158,1.2948920822134395
295.925000000027,3288.029864264533,44.08976283628601,3332.119627100819,1.2910661822134397
295.9750000000271,4075.5319784290004,33.761631643152974,4109.293610072154,1.2892833213438746
296.02500000002703,3892.75531507253,43.58507033913163,3936.3403854116614,1.2948920822134398
296.0750000000271,4380.180380920544,57.41676530501327,4437.5971462255575,1.2987179822134396
296.12500000002706,4131.344253455304,73.08726774670598,4204.43152120201,1.2910661822134397
296.1750000000271,4869.943419679408,83.62552567378599,4953.568945353194,1.2892833213438746
296.2250000000271,5389.824387817819,90.03674114804795,5479.8611289658675,1.2948920822134395
296.27500000002715,5645.683716014361,87.32660064833682,5733.010316662699,1.2948920822134395
296.3250000000271,5358.150062002103,87.02383217482586,5445.173894176929,1.2948920822134395
296.37500000002717,5418.38293941462,87.02369188704574,5505.406631301666,1.2892833213438744
296.4250000000271,5975.548224558497,87.02369188704574,6062.571916445543,1.2948920822134395
296.4750000000272,6013.426212079127,87.02369188704574,6100.449903966173,1.2951470258893287
296.52500000002715,6652.17623600042,87.02369188704574,6739.199927887466,1.2989729258893288
296.5750000000272,6141.995009560397,87.02774429026863,6229.022753850666,1.2954019695652184
296.62500000002717,5140.645350180703,89.09926108408796,5229.74461126479,1.2971848304347833
296.67500000002724,5246.870974043944,118.74490784039277,5365.615881884337,1.2954019695652184
296.7250000000272,6286.365818317058,140.13452972586865,6426.500348042927,1.2994828132411078
296.77500000002726,6132.91937896889,143.76855539229285,6276.687934361183,1.297694717786562
296.8250000000272,6586.080908688186,144.2758499489168,6730.356758637103,1.297694717786562
296.8750000000273,7157.438230769064,147.15069133130345,7304.588922100367,1.2997377569169968
296.92500000002724,5259.397126541613,150.51929737710475,5409.916423918718,1.299737756916997
296.9750000000273,5563.576933026657,138.0806765710631,5701.65760959772,1.3033034786561273
297.02500000002726,4128.737640507396,135.66070082414453,4264.39834133154,1.297694717786562
297.07500000002733,4347.343652270249,132.58013648484976,4479.923788755098,1.295911856916997
297.1250000000273,3948.56509320939,127.3714313947609,4075.9365246041507,1.297694717786562
297.17500000002735,3753.257583953744,116.5995120618689,3869.857096015613,1.305346517786562
297.2250000000273,2681.4064058381,131.66112734198677,2813.0675331800867,1.2882600569169969
297.2750000000274,3729.842987348793,154.16959395357165,3884.0125813023647,1.2903030960474318
297.32500000002733,3833.4095416947175,162.12550097093796,3995.5350426656555,1.2920859569169967
297.3750000000274,3720.430384959971,158.90007691973545,3879.3304618797065,1.2864771960474317
297.42500000002735,3675.532267178819,165.6361975405182,3841.168464719337,1.2903030960474318
297.4750000000274,2947.657174658307,189.23135027915356,3136.8885249374607,1.2846943351778668
297.5250000000274,3260.9445167895688,218.73861346030742,3479.6831302498763,1.2806134915019771
297.57500000002744,4217.70437676585,248.1876208514645,4465.891997617314,1.270668943280633
297.6250000000274,4078.9178640665336,265.57800334302516,4344.495867409559,1.2724570387351788
297.67500000002747,3486.8426040051904,303.1387550405477,3789.981359045738,1.2630223778656133
297.7250000000274,4138.214083510892,353.1229534743861,4491.337036985278,1.2627674341897244
297.7750000000275,3887.7829674719183,351.6404266736611,4239.42339414558,1.2474690687747043
297.82500000002744,4258.983038825845,317.95309355339776,4576.936132379243,1.2436484033596846
297.8750000000275,5601.246158570166,324.33901409153043,5925.585172661697,1.2398225033596846
297.92500000002747,5507.437638743999,341.4092056316555,5848.846844375655,1.2301328988142302
297.97500000002753,6999.007010925152,343.9602372715235,7342.967248196675,1.2263122333992105
298.0250000000275,5773.774288023916,334.8744266318753,6108.648714655791,1.2130516725296452
298.07500000002756,5859.0353757207695,331.61595355509985,6190.651329275869,1.2056600507905149
298.1250000000275,5723.575271936332,331.9755570175492,6055.550828953881,1.194442529051384
298.1750000000276,5211.085788310554,338.4114973899787,5549.497285700532,1.188833768181819
298.22500000002753,6466.375158515247,343.0336922497828,6809.4088507650295,1.1888337681818189
298.2750000000276,4324.286803158673,341.6380556728616,4665.924858831535,1.173535402766799
298.32500000002756,3852.56328477212,329.97904727858753,4182.542332050707,1.1714975982213445
298.3750000000276,4526.502874601376,286.31015923127393,4812.81303383265,1.1615530500000004
298.4250000000276,4854.254239404537,267.105918624695,5121.360158029232,1.1554344017786564
298.47500000002765,5793.458716035511,263.20797102537153,6056.666687060882,1.1419241318181823
298.5250000000276,5907.330600193074,261.1111120593734,6168.441712252447,1.137843288142293
298.57500000002767,5292.674723704425,238.67154928598282,5531.346272990408,1.1263708227272733
298.6250000000276,5841.596747443869,215.07511062512782,6056.671858068998,1.1261158790513837
298.6750000000277,5952.83702875657,186.73420775818653,6139.5712365147565,1.114643413636364
298.72500000002765,5434.237246296827,159.84762554256955,5594.084871839396,1.109034652766799
298.7750000000277,5940.063764115601,139.39071314468816,6079.454477260289,1.102916004545455
298.82500000002767,5016.403081321201,89.58147468102906,5105.98455600223,1.0932264000000003
298.87500000002774,5538.856029866019,55.4418918680024,5594.297921734021,1.0914435391304353
298.9250000000277,5480.190729504604,53.974228146549514,5534.164957651154,1.0853248909090913
298.97500000002776,5476.8762373201835,49.46844865100597,5526.344685971189,1.0753803426877475
299.0250000000277,4685.249329734752,30.076713119798722,4715.326042854551,1.0753803426877475
299.0750000000278,5433.662085909228,20.213973583837898,5453.876059493066,1.0751253990118583
299.12500000002774,4875.505488697797,19.704850767171344,4895.2103394649685,1.0633979899209491
299.1750000000278,5350.752347681323,19.704727799560544,5370.457075480884,1.0628881025691705
299.22500000002776,4584.282889014024,19.592299884403857,4603.875188898427,1.0567694543478268
299.27500000002783,5526.593694375068,15.215066929005738,5541.808761304073,1.0565145106719374
299.3250000000278,5027.214383192582,7.40263422657561,5034.6170174191575,1.059830523320159
299.37500000002785,4455.674526115223,6.630763666969812,4462.305289782193,1.0501409187747042
299.4250000000278,4652.377074040328,6.007094634230353,4658.384168674558,1.0501409187747044
299.4750000000279,3338.6315202851024,1.8661059783906804,3340.497626263493,1.0465699624505935
299.52500000002783,4764.588448024162,0.03965374942623197,4764.628101773588,1.0509057498023722
299.5750000000279,3932.034770319025,0.0,3932.034770319025,1.0473347934782615
299.62500000002785,4353.403906971732,0.0,4353.403906971732,1.0455519326086964
299.6750000000279,4267.998333440761,0.0,4267.998333440761,1.0455519326086964
299.7250000000279,3686.9090049013566,0.0,3686.9090049013566,1.0419809762845857
299.77500000002794,4177.645024708282,0.0,4177.645024708282,1.0463167636363642
299.8250000000279,3614.7110222931815,0.0022751800855676536,3614.713297473267,1.0519255245059296
299.87500000002797,3725.6052138593195,0.26839644323570794,3725.8736103025553,1.0480996245059295
299.9250000000279,3692.5871350072234,8.603563855861589,3701.190698863085,1.0519255245059296
299.975000000028,3458.0316182008,22.096583101041,3480.128201301841,1.0460618199604748
300.02500000002794,2912.8416538161355,27.895844474478025,2940.7374982906135,1.0480996245059293
300.075000000028,2469.49676836266,32.260807417012046,2501.757575779672,1.0483545681818187
300.12500000002797,3082.8683814671876,42.35892683325483,3125.2273083004425,1.0465717073122534
300.17500000002804,2364.7959065517216,66.66742781146249,2431.463334363184,1.048864455533597
300.225000000028,1804.1970271841355,104.71857515828395,1908.9156023424196,1.0491193992094863
300.27500000002806,2111.275819036469,152.8091413010468,2264.0849603375154,1.0493743428853757
300.325000000028,2124.4030822513655,217.78437685816058,2342.187459109526,1.057281086561265
300.3750000000281,2774.7378571903773,310.4489016208456,3085.1867588112227,1.049629286561265
300.42500000002804,3907.611166444557,415.72450702683824,4323.335673471395,1.0554929911067197
300.4750000000281,4239.7699973094595,508.22033651798023,4747.99033382744,1.0554929911067197
300.52500000002806,3585.963172515851,551.4839216511904,4137.4470941670415,1.0496292865612653
300.5750000000281,4290.246014341736,590.6118472314791,4880.857861573215,1.0534551865612654
300.6250000000281,5398.7921666127695,623.7229024534906,6022.51506906626,1.0491193992094865
300.67500000002815,3612.7988373493226,671.2747316258782,4284.073568975201,1.0526903555335974
300.7250000000281,2622.463430037057,735.9767226592155,3358.440152696273,1.048609511857708
300.7750000000282,2578.1357987099436,832.3962493738715,3410.532048083815,1.0483545681818185
300.8250000000281,3513.889947795551,928.6866764368755,4442.576624232426,1.0483545681818185
300.8750000000282,4534.996726750301,981.4042236922813,5516.400950442582,1.0478446808300397
300.92500000002815,4057.794508938587,1012.6599337048995,5070.454442643487,1.0475897371541505
300.9750000000282,3912.9936976260537,1043.3811291756815,4956.374826801735,1.0475897371541505
301.0250000000282,2871.7202008017025,1102.6093655176019,3974.3295663193044,1.0475897371541505
301.07500000002824,2292.531466591953,1164.2264787663112,3456.7579453582644,1.05167058083004
301.1250000000282,1526.9019251385664,1224.369039283921,2751.2709644224874,1.0419809762845855
301.17500000002826,2009.0771172742989,1279.7343256187842,3288.811442893083,1.0381550762845855
301.2250000000282,2220.108397661002,1318.8969014807958,3539.005299141798,1.036117271739131
301.2750000000283,4580.155429288732,1376.001579079642,5956.157008368375,1.0340794671936764
301.32500000002824,4146.257927397388,1398.3326933155986,5544.5906207129865,1.0358623280632417
301.3750000000283,3909.388115147285,1401.8132008216867,5311.201315968972,1.0302535671936766
301.42500000002826,3290.4272702078815,1415.7541509630562,4706.181421170938,1.0320364280632417
301.47500000002833,4420.672596212169,1427.2990380287679,5847.971634240937,1.0338245235177872
301.5250000000283,3512.275823765935,1386.7926655595707,4899.068489325506,1.026172723517787
301.57500000002835,3742.842369061337,1303.3534952571815,5046.195864318519,1.024389862648222
301.6250000000283,4296.199423460946,1253.701862326653,5549.901285787599,1.0287256500000006
301.6750000000284,3741.850501204228,1243.7588896586926,4985.609390862921,1.0154650891304353
301.72500000002833,2652.6036253212815,1270.8025264535393,3923.4061517748205,1.02515469367589
301.7750000000284,2260.298310302149,1290.3314163596606,3550.6297266618094,1.0157200328063245
301.82500000002835,3123.529830159502,1267.8080514967403,4391.337881656243,1.0195459328063248
301.8750000000284,2442.9370401338456,1219.2312826064997,3662.1683227403455,1.0141921156126488
301.9250000000284,3154.2527249620416,1155.2799297671002,4309.5326547291415,1.0101112719367593
301.97500000002844,3479.619685020127,1101.6393289549967,4581.259013975124,1.0045025110671941
302.0250000000284,3110.302481154245,1076.6118787656278,4186.914359919872,1.002974593873518
302.07500000002847,3424.425624155319,1051.8637320821967,4476.289356237516,1.0047574547430835
302.1250000000284,3508.943447504723,1023.1323968183776,4532.075844323101,0.9935399330039529
302.1750000000285,4105.886301144895,975.3541390022287,5081.240440147123,0.9917570721343878
302.22500000002844,4253.440856295466,918.1567603675617,5171.597616663028,0.9917570721343877
302.2750000000285,3913.536713860066,863.7895664696894,4777.326280329755,0.9823224112648226
302.32500000002847,3331.427438452771,806.0859173324545,4137.513355785226,0.9823224112648226
302.37500000002854,3855.932088900824,730.7316650291517,4586.663753929975,0.9708499458498028
302.4250000000285,2515.7850966688165,670.6043598934252,3186.389456562242,0.976458706719368
302.47500000002856,4199.441200943,622.040688618962,4821.481889561962,0.9649862413043482
302.5250000000285,3164.1269474211113,555.6052586564916,3719.7322060776028,0.9649862413043482
302.5750000000286,3931.03605529816,492.0062728614606,4423.04232815962,0.9632033804347829
302.62500000002854,4079.131392416982,414.97677682341646,4494.108169240399,0.9593774804347829
302.6750000000286,4028.6199052761012,379.48303720827283,4408.102942484374,0.9537687195652178
302.72500000002856,3116.2106827940693,363.4327733053449,3479.643456099414,0.9479050150197631
302.7750000000286,2485.2767370875167,341.4414226298507,2826.7181597173676,0.9420413104743087
302.8250000000286,3555.394142172604,305.6104441571447,3861.0045863297487,0.9420413104743085
302.87500000002865,3221.846805435796,233.00067754553282,3454.8474829813285,0.9420413104743085
302.9250000000286,3438.4563072032543,188.47853143085146,3626.9348386341057,0.938470354150198
302.9750000000287,3258.5578286172226,152.2836641055392,3410.841492722762,0.9308237887351782
303.0250000000286,3628.915665651806,125.69699481552463,3754.612660467331,0.9366874932806327
303.0750000000287,3892.251965307145,90.12988894162427,3982.3818542487693,0.9254699715415022
303.12500000002865,3903.9337721473785,73.52782546343323,3977.4615976108116,0.9254699715415022
303.1750000000287,3361.380496526768,70.97794400198096,3432.3584405287493,0.9216440715415024
303.2250000000287,3579.2535342382016,60.10904038940605,3639.3625746276075,0.9257249152173916
303.27500000002874,3693.201361345501,33.89057936555039,3727.0919407110514,0.919861210671937
303.3250000000287,3545.6500998108663,13.853760701686882,3559.5038605125533,0.9218990152173917
303.37500000002876,3393.2089254085645,1.0675858743247062,3394.2765112828893,0.9142524498023717
303.4250000000287,3361.8797874736765,0.023215569998184773,3361.9030030436747,0.9201161543478262
303.4750000000288,3636.8468354254373,0.0,3636.8468354254373,0.9106814934782612
303.52500000002874,3460.4154884729483,0.0,3460.4154884729483,0.9142524498023719
303.5750000000288,3555.7576879254134,0.0,3555.7576879254134,0.9048177889328066
303.62500000002876,3460.033201657639,0.0,3460.033201657639,0.9139975061264825
303.67500000002883,3226.7403376018333,0.0,3226.7403376018333,0.9101716061264825
303.7250000000288,3667.7632926301403,0.0,3667.7632926301403,0.9099166624505932
303.77500000002885,4014.003706298378,0.0,4014.003706298378,0.908133801581028
303.8250000000288,2729.7896246328355,0.0,2729.7896246328355,0.9040529579051386
303.8750000000289,3794.659838948472,0.0,3794.659838948472,0.9078788579051386
303.92500000002883,3483.0410052847537,0.0,3483.0410052847537,0.9037980142292492
303.9750000000289,2794.4504143616523,0.0,2794.4504143616523,0.9037980142292492
304.02500000002885,3844.282279037093,0.0,3844.282279037093,0.9017602096837947
304.0750000000289,3096.924928269822,0.0,3096.924928269822,0.8979343096837946
304.1250000000289,3446.879678395835,0.0,3446.879678395835,0.8976793660079053
304.17500000002894,3741.9800846416338,0.0,3741.9800846416338,0.9015052660079054
304.2250000000289,3234.5483858271523,0.0,3234.5483858271523,0.9030331832015812
304.27500000002897,2932.357505696382,0.0,2932.357505696382,0.902778239525692
304.3250000000289,3483.021101371939,0.0,3483.021101371939,0.9025232958498026
304.375000000029,3618.1808147492043,0.0,3618.1808147492043,0.9007404349802375
304.42500000002894,3067.6792929625585,0.0,3067.6792929625585,0.8966595913043484
304.475000000029,3006.0359252183475,0.0,3006.0359252183475,0.8966595913043484
304.52500000002897,3650.4624435810024,0.0,3650.4624435810024,0.9002305476284589
304.57500000002904,3541.116535512518,0.0,3541.116535512518,0.896404647628459
304.625000000029,3432.106694224747,0.0,3432.106694224747,0.9020134084980242
304.67500000002906,3434.184560127348,0.0,3434.184560127348,0.896404647628459
304.725000000029,3443.632430519366,0.0,3443.632430519366,0.9020134084980241
304.7750000000291,3700.632650232165,0.0,3700.632650232165,0.8946217867588936
304.82500000002904,3598.8289040717,0.0,3598.8289040717,0.9020134084980241
304.8750000000291,3025.33852452119,0.0,3025.33852452119,0.8961497039525697
304.92500000002906,3348.001068981403,0.0,3348.001068981403,0.9020134084980242
304.9750000000291,2844.406400592105,0.0,2844.406400592105,0.9002305476284591
305.0250000000291,2434.3682365807176,0.0,2434.3682365807176,0.9060942521739135
305.07500000002915,3440.6793009149724,0.0,3440.6793009149724,0.9022683521739135
305.1250000000291,2613.225958733442,0.0,2613.225958733442,0.9022683521739135
305.1750000000292,3238.7073383894776,0.0,3238.7073383894776,0.9022683521739135
305.2250000000291,3203.4754134297646,0.0,3203.4754134297646,0.9022683521739135
305.2750000000292,3841.346736149778,0.0,3841.346736149778,0.9025232958498028
305.32500000002915,3507.0741530738123,0.0,3507.0741530738123,0.9063491958498028
305.3750000000292,2876.9062510459707,0.0,2876.9062510459707,0.9030331832015814
305.4250000000292,4097.032390712586,0.0,4097.032390712586,0.9068590832015814
305.47500000002924,3837.044620782612,0.0,3837.044620782612,0.9030331832015814
305.5250000000292,3001.1346914612186,0.0,3001.1346914612186,0.9124678440711468
305.57500000002926,3263.6695639007753,0.0,3263.6695639007753,0.9086419440711466
305.6250000000292,3221.9801229287727,0.0,3221.9801229287727,0.9086419440711466
305.6750000000293,3718.0763604934,0.0,3718.0763604934,0.9124678440711466
305.72500000002924,3674.3341185544923,0.0,3674.3341185544923,0.9124678440711467
305.7750000000293,3553.5119489664453,0.0017085845292115793,3553.5136575509746,0.908896887747036
305.82500000002926,3185.9064732648467,0.13580791183529003,3186.042281176682,0.9145056486166012
305.87500000002933,3929.710964524234,1.4960960383607778,3931.207060562595,0.912722787747036
305.9250000000293,2732.792375594422,3.559824792847727,2736.35220038727,0.9147605922924904
305.97500000002935,2846.251986867712,4.050031459921665,2850.3020183276335,0.9150155359683797
306.0250000000293,3306.2475182736634,4.067279109516237,3310.3147973831797,0.9168036314229253
306.0750000000294,3161.1303356059366,4.067279109516237,3165.197614715453,0.9147605922924904
306.12500000002933,3241.0016572958284,4.067279109516237,3245.0689364053446,0.9185864922924906
306.1750000000294,3809.824513040669,4.067279109516237,3813.891792150185,0.9203693531620558
306.22500000002935,3296.0738181540933,4.067279109516237,3300.1410972636095,0.9185864922924906
306.2750000000294,3905.0866769206705,4.067279109516237,3909.1539560301867,0.924450196837945
306.3250000000294,3680.983463905781,4.067279109516237,3685.050743015297,0.9244501968379452
306.37500000002944,3582.572651914119,4.067279109516237,3586.639931023635,0.9203693531620558
306.4250000000294,3278.5330057577767,4.067279109516237,3282.600284867293,0.9241952531620558
306.47500000002947,3426.9235937510603,4.070313541185938,3430.993907292246,0.9203693531620557
306.5250000000294,3963.055686584806,4.317234251892075,3967.372920836698,0.9354127749011861
306.5750000000295,2434.0034698234745,4.946467390668789,2438.949937214143,0.9315868749011861
306.62500000002944,3462.311576762879,5.191233862897765,3467.502810625777,0.9298040140316209
306.6750000000295,4219.759156199067,5.204419881606237,4224.963576080673,0.9338848577075103
306.72500000002947,3547.893941627854,5.204497297551118,3553.098438925405,0.9264880013833996
306.77500000002954,3912.1834641085616,5.204497297551118,3917.3879614061125,0.9359226622529648
306.8250000000295,3466.189541412809,5.204497297551118,3471.39403871036,0.9320967622529648
306.87500000002956,4084.5222824776997,5.204267322639287,4089.726549800339,0.9300589577075103
306.9250000000295,3713.552744249172,5.163221249032154,3718.7159654982042,0.94535732312253
306.9750000000296,2855.5828681661283,4.366979061002375,2859.9498472271307,0.9417863667984193
307.02500000002954,3361.6152655503447,2.1586376673691072,3363.7739032177137,0.9379604667984193
307.0750000000296,3942.5877083765754,1.201102869992431,3943.788811246568,0.9473951276679845
307.12500000002956,3681.395727314382,1.137770478149977,3682.5334977925318,0.9473951276679846
307.1750000000296,3875.9278653232777,1.142704865919566,3877.0705701891975,0.9473951276679846
307.2250000000296,3767.15282195058,1.4043537959515104,3768.5571757465314,0.94153142312253
307.27500000002965,3867.5521237536614,4.070460951095232,3871.6225847047567,0.9471401839920953
307.3250000000296,4223.598140808342,5.489437066277371,4229.0875778746195,0.9473951276679847
307.3750000000297,3424.021175938249,5.622842304750341,3429.6440182429997,0.9473951276679847
307.4250000000296,3646.9002871992684,5.700782056156459,3652.601069255425,0.957084732213439
307.4750000000297,4275.178831146385,6.208498474790584,4281.387329621176,0.9535137758893283
307.52500000002965,3503.3841538785928,6.3773554625572455,3509.76150934115,0.9593774804347828
307.5750000000297,3765.660321826201,6.378849691801223,3772.0391715180026,0.959377480434783
307.6250000000297,3737.8183943646245,6.335026182383668,3744.153420547008,0.9652411849802374
307.67500000002974,4167.99642025778,5.69504604441813,4173.691466302198,0.9637132677865616
307.7250000000297,3533.703016230881,5.285351085707358,3538.988367316588,0.960142311462451
307.77500000002976,4089.0764464964464,5.2427740179088005,4094.319220514355,0.9657510723320162
307.8250000000297,3163.2509468980497,5.242213735084825,3168.4931606331347,0.9657510723320162
307.8750000000298,3035.647264152932,5.242213735084825,3040.889477888017,0.9754406768774707
307.92500000002974,3305.4782637636863,5.242213735084825,3310.7204774987713,0.9774784814229253
307.9750000000298,3738.626123304784,5.242213735084825,3743.868337039869,0.9777334250988147
308.02500000002976,3674.080061424296,5.242213735084825,3679.322275159381,0.9815593250988147
308.07500000002983,3668.6004204562287,5.242213735084825,3673.8426341913137,0.9815593250988147
308.1250000000298,2392.2226051720268,5.242213735084825,2397.4648189071117,0.9830872422924906
308.17500000002985,3285.5893913522773,5.242213735084825,3290.8316050873623,0.9886960031620557
308.2250000000298,3920.1662109231206,5.242213735084825,3925.4084246582056,0.9925219031620556
308.2750000000299,3704.501421748199,5.2412403590389065,3709.7426621072377,0.9983856077075102
308.32500000002983,3653.1325915800107,5.148915684815755,3658.2815072648264,0.9948146513833995
308.3750000000299,3729.98579362966,4.158691108990418,3734.14448473865,1.004504255928854
308.42500000002985,4299.5921823307,3.3000175960679314,4302.892199926768,1.004504255928854
308.4750000000299,4141.8522081352885,6.2512556783742905,4148.1034638136625,1.0042493122529645
308.5250000000299,3090.068698145888,10.767697117108872,3100.836395262997,1.00603217312253
308.57500000002995,4124.258273788284,12.004565805819032,4136.262839594103,1.01368397312253
308.6250000000299,5046.869167845532,22.313317675318203,5069.18248552085,1.0213305385375497
308.67500000002997,4036.381972663986,48.590231730392496,4084.9722043943784,1.0154668339920951
308.7250000000299,3631.086627822175,102.49711046745776,3733.583738289633,1.0213305385375497
308.77500000003,4640.686792562113,150.5168557281174,4791.20364829023,1.030765199407115
308.82500000002995,3302.8474092214506,223.1124659778033,3525.959875199254,1.0328030039525695
308.87500000003,4859.637451098171,313.29261837105963,5172.930069469231,1.0440205256917001
308.92500000002997,4990.523168493672,377.5435641565196,5368.066732650192,1.0419827211462456
308.97500000003004,3896.3962783219504,450.32405163374517,4346.720329955696,1.0534551865612656
309.02500000003,3549.173248467791,524.4558011528926,4073.6290496206834,1.0549831037549413
309.07500000003006,4269.107111516359,602.2611579594462,4871.3682694758045,1.0588090037549414
309.12500000003,4787.370993994902,705.5219590229224,5492.892953017825,1.0605918646245063
309.1750000000301,4243.528825932992,818.6742990491151,5062.203124982107,1.0758902300395263
309.22500000003004,3610.4536423002187,921.6418888481837,4532.095531148402,1.0776730909090912
309.2750000000301,5158.803261150101,1003.143912752654,6161.947173902755,1.087362695454546
309.32500000003006,3697.289176719236,1080.3399054876704,4777.629082206906,1.0932264000000007
309.3750000000301,4865.519847225021,1140.3251081139797,6005.844955339001,1.0988351608695661
309.4250000000301,3852.3581692496605,1194.4595844294247,5046.817753679085,1.098835160869566
309.47500000003015,3429.940967236887,1253.9281580723105,4683.869125309197,1.1100526826086963
309.5250000000301,3810.711469000499,1303.3716265405392,5114.083095541038,1.1156614434782617
309.5750000000302,4568.768750272523,1356.9598119627144,5925.728562235237,1.125351048023716
309.6250000000301,4227.99130227493,1396.7793855211228,5624.770687796053,1.1271339088932815
309.6750000000302,4793.3830407473315,1419.243721424035,6212.626762171367,1.1329976134387363
309.72500000003015,4519.143954626763,1426.4068976842736,5945.550852311037,1.1365685697628467
309.7750000000302,3353.0912977344387,1418.6853887205793,4771.776686455018,1.150078839723321
309.8250000000302,4575.57236503328,1380.9119147924896,5956.48427982577,1.1498238960474314
309.87500000003024,3877.8728983203746,1339.8331118343642,5217.706010154739,1.1592585569169969
309.9250000000302,3095.0039274128526,1274.0203221920876,4369.02424960494,1.1610414177865618
309.97500000003026,2979.3700739724886,1215.4447906138573,4194.814864586346,1.1722589395256922
310.0250000000302,2831.822409461739,1135.6144648307843,3967.4368742925235,1.176594726877471
310.0750000000303,2962.3527771634317,1088.316546716547,4050.669323879979,1.186029387747036
310.12500000003024,2822.4128858026074,1045.1138148442706,3867.526700646878,1.1901049968379451
310.1750000000303,2868.6965073004885,957.6395372974322,3826.3360445979206,1.1997946013833998
310.22500000003026,2442.4118530135847,872.5337898361105,3314.945642849695,1.2056583059288544
310.27500000003033,2872.4391863469536,779.8355009348545,3652.274687281808,1.2094842059288544
310.3250000000303,1673.3602576902017,708.3388249679524,2381.699082658154,1.219168575889329
310.37500000003035,2909.972448895751,638.8288418712796,3548.8012907670304,1.2288581804347836
310.4250000000303,1662.3512150033057,580.6390316606396,2242.990246663945,1.227075319565218
310.4750000000304,2326.985770624435,543.4016630209212,2870.3874336453564,1.234721884980238
310.52500000003033,4139.864629360037,494.8650822125389,4634.729711572576,1.2444114895256926
310.5750000000304,5179.21789812174,438.964130800248,5618.182028921989,1.2464492940711471
310.62500000003035,5503.213274285183,385.0127668304434,5888.226041115626,1.2505301377470364
310.6750000000304,3631.088926043409,361.462069387366,3992.5509954307754,1.256393842292491
310.7250000000304,3950.4330019583595,362.8755690432863,4313.308571001646,1.2640404077075105
310.77500000003045,3125.136301030414,359.5519933961698,3484.6882944265835,1.2678663077075105
310.8250000000304,4138.179111072664,346.0895642018671,4484.268675274531,1.2681212513834001
310.87500000003047,4127.4731119051485,335.4980230861563,4462.971134991305,1.2737300122529653
310.9250000000304,4593.234087355468,323.33013372848507,4916.564221083952,1.2795937167984202
310.9750000000305,4990.68721233998,314.0940816192603,5304.78129395924,1.2854574213438748
311.02500000003045,5602.159165486334,310.45847600619976,5912.617641492534,1.2854574213438745
311.0750000000305,5219.564671124675,307.27728767291677,5526.841958797592,1.2857123650197637
311.12500000003047,5745.247844537902,296.71042990382824,6041.95827444173,1.2895382650197638
311.17500000003054,5581.614704402833,277.1465720993737,5858.761276502207,1.296929886758894
311.2250000000305,5344.163519134451,257.3985081063997,5601.5620272408505,1.295147025889329
311.27500000003056,6220.847858248293,255.7009999461111,6476.548858194405,1.291321125889329
311.3250000000305,5869.771299909803,243.4628198770982,6113.234119786901,1.2951470258893292
311.3750000000306,6860.007845966118,221.239521935596,7081.247367901714,1.3007557867588941
311.42500000003054,5010.392584929348,210.05994896673366,5220.452533896082,1.3007557867588941
311.4750000000306,4210.070965086351,192.91885102332225,4402.9898161096735,1.2951470258893292
311.52500000003056,5971.764516632412,166.93925622215468,6138.7037728545665,1.2971848304347835
311.5750000000306,4939.772570349661,142.4097070735333,5082.182277423194,1.3066194913043487
311.6250000000306,5396.950020167422,125.65602779748961,5522.606047964911,1.3066194913043487
311.67500000003065,7412.763929340085,123.48415774599067,7536.248087086076,1.2992278695652182
311.7250000000306,6981.9275402953035,121.98408530822721,7103.91162560353,1.3010107304347838
311.7750000000307,7616.16641310348,110.66666985614872,7726.833082959629,1.3104453913043488
311.8250000000306,6714.833248032623,60.63305804086406,6775.4663060734865,1.3066194913043487
311.8750000000307,5448.7774846898155,8.332198669580958,5457.1096833593965,1.3010107304347838
311.92500000003065,6035.485608369657,0.07719465625300875,6035.5628030259095,1.3048366304347836
311.9750000000307,4480.420781582884,5.367575870873169e-05,4480.420835258643,1.3122282521739141
312.0250000000307,5774.4723669665,0.0,5774.4723669665,1.316054152173914
312.07500000003074,6870.701835639451,0.0,6870.701835639451,1.3066194913043487
312.1250000000307,7223.179389159829,0.016775089856189827,7223.196164249685,1.3142712913043488
312.17500000003076,4597.788049115232,2.5412261409910135,4600.329275256223,1.316054152173914
312.2250000000307,6464.753494785557,21.531617891820563,6486.285112677378,1.3178370130434793
312.2750000000308,5706.065707998057,53.24739507781502,5759.313103075872,1.3122282521739141
312.32500000003074,8708.614650133672,103.3830669018759,8811.997717035547,1.3237059521739138
312.3750000000308,7847.9902942994795,158.70636859656105,8006.696662896041,1.3275266175889335
312.42500000003076,8186.514932848913,227.0585547232353,8413.573487572148,1.327526617588934
312.47500000003083,8358.226490566098,328.25088505207685,8686.477375618175,1.3333903221343886
312.5250000000308,5038.308788567912,422.90842188529314,5461.217210453206,1.3372162221343886
312.57500000003085,8003.3911540169875,509.9845204263705,8513.375674443358,1.348688687549408
312.6250000000308,6594.126398187807,606.5477164362178,7200.674114624026,1.3542974484189734
312.6750000000309,7719.117618062901,676.66052181395,8395.778139876851,1.3507264920948627
312.72500000003083,6641.01165955159,757.4315333037493,7398.4431928553395,1.3604160966403172
312.7750000000309,5018.115844404995,812.5709599324704,5830.686804337465,1.3642419966403174
312.82500000003085,7018.040122747886,882.506828091853,7900.546950839739,1.3736714229249023
312.8750000000309,8281.627602445127,987.5362047141886,9269.163807159315,1.379535127470357
312.9250000000309,6430.628963166937,1140.080880991959,7570.709844158896,1.3871869274703568
312.97500000003095,4451.2932603495365,1278.902137118853,5730.195397468389,1.3930506320158114
313.0250000000309,3872.5657245374787,1386.4154725662017,5258.981197103681,1.4006971974308309
313.07500000003097,4378.545750183628,1435.8348487870162,5814.380598970644,1.4027350019762856
313.1250000000309,7675.186509454021,1512.1317825235287,9187.31829197755,1.4065609019762857
313.175000000031,5605.27058735012,1564.4459123236202,7169.71649967374,1.410386801976286
313.22500000003095,5712.631167543226,1621.695937953938,7334.327105497165,1.4124246065217405
313.275000000031,2174.466928710742,1746.19658353545,3920.663512246192,1.4106365110671948
313.32500000003097,1716.418984198664,1859.7626676972725,3576.1816518959367,1.4162505065217406
313.37500000003104,1554.8894020588516,1934.2499224639837,3489.1393245228355,1.4126795501976297
313.425000000031,3179.319945906854,2044.9891866599637,5224.309132566817,1.4200711719367602
313.47500000003106,4567.847435340031,2118.7046203414093,6686.55205568144,1.4085987065217402
313.525000000031,4205.541212883954,2241.2935293910195,6446.834742274974,1.4182883110671949
313.5750000000311,3513.441540701704,2624.5053841700596,6137.946924871763,1.408343762845851
313.62500000003104,6291.734647406252,3600.450999695552,9892.185647101804,1.4180333673913055
313.6750000000311,6717.7838153330495,4057.3825839131005,10775.16639924615,1.4045178628458508
313.72500000003106,6650.825829962049,4096.741049735998,10747.566879698046,1.415995562845851
313.7750000000311,7799.025659362202,4152.591053809096,11951.616713171297,1.4142074673913057
313.8250000000311,7528.559349334952,4202.87491674869,11731.434266083641,1.4139525237154165
313.87500000003115,5524.003026760818,4293.5379620365875,9817.540988797406,1.4101266237154166
313.9250000000311,6622.5035184596,4374.35629058966,10996.85980904926,1.4121696628458509
313.9750000000312,6779.593123716368,4427.675435765708,11207.268559482076,1.404517862845851
314.0250000000311,6125.987410885667,4426.753136719535,10552.7405476052,1.4142074673913057
314.0750000000312,8163.937438749084,4434.308114898425,12598.24555364751,1.408343762845851
314.12500000003115,7398.737417295692,4408.706224738777,11807.443642034468,1.4024800583003965
314.1750000000312,5170.54653684026,4397.718560302865,9568.265097143125,1.392790453754942
314.2250000000312,4092.0452522878286,4404.630008554737,8496.675260842567,1.3910075928853767
314.27500000003124,5293.31760863012,4442.779760204454,9736.097368834573,1.3871816928853768
314.3250000000312,4904.367002088758,4431.4445188631635,9335.811520951922,1.3813179883399223
314.37500000003126,3781.2879020481414,4385.209501167754,8166.497403215895,1.373411244664033
314.4250000000312,2854.190589376187,4410.627244346178,7264.817833722364,1.3831008492094872
314.4750000000313,2941.665962258868,4514.260432646851,7455.926394905719,1.3754542837944674
314.52500000003124,2616.830251063612,4553.310656044625,7170.140907108237,1.3734112446640325
314.5750000000313,3395.3309117928934,4398.567438742042,7793.898350534935,1.3698455229249022
314.62500000003126,2952.5308800897715,4259.412181354616,7211.943061444388,1.3581128792490131
314.67500000003133,3655.2886564969704,3986.856789632353,7642.145446129323,1.364236762055337
314.7250000000313,3550.9457375484944,3030.3651439111477,6581.310881459642,1.3507212575098826
314.77500000003135,5522.513540364797,2211.7411281428404,7734.254668507638,1.3565901966403173
314.8250000000313,4891.802544476388,1991.028124389834,6882.8306688662215,1.3527642966403175
314.8750000000314,7604.925696338807,1857.8569409635431,9462.78263730235,1.343079926679843
314.92500000003133,6804.078552958586,1718.7780597322335,8522.856612690819,1.3259934658102779
314.9750000000314,7528.199394409539,1583.796451119995,9111.995845529535,1.3280365049407123
315.02500000003135,6489.839480699076,1414.670373896915,7904.509854595992,1.3221728003952578
315.0750000000314,7856.531193594162,1291.732712695083,9148.263906289245,1.3219178567193686
315.1250000000314,6659.337413237318,1165.5470586292809,7824.884471866599,1.3104453913043488
315.17500000003145,3989.7351920434794,1013.2559743641475,5002.991166407627,1.3048366304347836
315.2250000000314,6102.828639496252,885.4055205322269,6988.234160028479,1.3010107304347838
315.27500000003147,7134.892067471707,815.5420111858991,7950.434078657607,1.3010107304347838
315.3250000000314,6869.566941247574,755.4823610717398,7625.049302319313,1.2936191086956532
315.3750000000315,6757.971016759621,667.4165258925046,7425.387542652126,1.2954019695652184
315.42500000003145,6822.778131957844,609.5029750026096,7432.281106960454,1.2954019695652184
315.4750000000315,7631.518574220316,579.091970936635,8210.610545156951,1.2936191086956532
315.52500000003147,6932.95491653517,492.72776287071605,7425.682679405886,1.284184447826088
315.57500000003154,6223.887238157545,232.31621329695474,6456.203451454499,1.284184447826088
315.6250000000315,6168.462680080882,62.88483643721855,6231.347516518101,1.2880103478260878
315.67500000003156,7498.95322996347,27.882448681147704,7526.8356786446175,1.284184447826088
315.7250000000315,6458.775042360311,44.99152495732604,6503.766567317637,1.2897932086956532
315.7750000000316,5259.161033221579,72.69289945722616,5331.853932678805,1.2824015869565224
315.82500000003154,5549.705440371772,83.68672097700345,5633.3921613487755,1.2862222523715425
315.8750000000316,6344.796840079049,83.8563135643874,6428.653153643436,1.2900481523715426
315.92500000003156,6449.61093164333,84.04233933039984,6533.65327097373,1.2900481523715426
315.9750000000316,6957.6975424139355,88.436772403579,7046.134314817515,1.2938740523715424
316.0250000000316,6639.81238600775,95.98872038571562,6735.801106393466,1.2956569132411075
316.07500000003165,5857.272996278185,96.94661739537437,5954.219613673559,1.2974397741106727
316.1250000000316,5393.902727442633,96.94753556690556,5490.850263009538,1.3012656741106727
316.1750000000317,5325.066367827215,96.94753556690556,5422.0139033941205,1.3050915741106728
316.2250000000316,4764.969478510365,96.94753556690556,4861.91701407727,1.301265674110673
316.2750000000317,4340.530633846347,96.94753556690556,4437.4781694132525,1.3030485349802379
316.32500000003165,5275.0272815435765,96.94753556690556,5371.974817110482,1.306874434980238
316.3750000000317,4809.072046831285,96.94753556690556,4906.01958239819,1.3109552786561274
316.4250000000317,4705.2386821658965,96.94753556690556,4802.186217732802,1.3129930832015821
316.47500000003174,5346.957362256089,96.90530715538789,5443.862669411477,1.3203847049407125
316.5250000000317,5333.9065692206295,90.68542035787657,5424.591989578506,1.3186018440711476
316.57500000003176,6504.532363473535,72.15251124854841,6576.684874722084,1.3226826877470366
316.6250000000317,7423.016594573076,69.99356056330919,7493.010155136385,1.3282914486166018
316.6750000000318,5278.914952885653,69.9759967227105,5348.890949608363,1.326248409486167
316.72500000003174,4830.256997389779,69.96840540857781,4900.225402798356,1.3359380140316217
316.7750000000318,5304.030810522079,69.91510547433423,5373.9459159964135,1.341546774901187
316.82500000003176,5056.13469859171,62.802055436171635,5118.936754027882,1.3397639140316215
316.87500000003183,5224.920682311871,30.09758951617523,5255.018271828047,1.340018857707511
316.9250000000318,4502.083788031555,13.618424575495888,4515.702212607051,1.3456276185770761
316.97500000003186,4977.796873577832,13.092593530834243,4990.889467108666,1.353274183992096
317.0250000000318,7441.968964796682,13.077557801496242,7455.046522598178,1.3571000839920961
317.0750000000319,5084.178884958798,10.99968730654579,5095.178572265344,1.362708844861661
317.12500000003183,5853.465524910321,3.4323456571684985,5856.897870567489,1.368572549407116
317.1750000000319,7560.185530623155,0.02859890958471819,7560.214129532739,1.368572549407116
317.22500000003186,8141.934646851209,0.0,8141.934646851209,1.3685725494071157
317.2750000000319,7890.466676704439,0.0,7890.466676704439,1.3453726749011867
317.3250000000319,5391.663556230319,0.0,5391.663556230319,1.3170739268774712
317.37500000003195,7483.985605186542,0.0,7483.985605186542,1.293997198983626
317.4250000000319,7210.126012354269,0.0,7210.126012354269,1.2750803782326379
317.47500000003197,7448.094463621921,0.0,7448.094463621921,1.251155926963655
317.5250000000319,6352.9902709543685,0.0,6352.9902709543685,1.2252915625367775
317.575000000032,6162.458164760981,0.0,6162.458164760981,1.2094418094328483
317.62500000003195,7409.904737070286,0.0,7409.904737070286,1.2002001011818602
317.675000000032,7575.926484505203,0.0,7575.926484505203,1.1815024867549828
317.72500000003197,7228.674838376169,0.0,7228.674838376169,1.1870436411592742
317.77500000003204,5912.306994742806,0.0,5912.306994742806,1.1774878242544398
317.825000000032,7432.679222176744,0.0,7432.679222176744,1.179235173957997
317.87500000003206,7806.917764870945,0.0,7806.917764870945,1.1805046577524634
317.925000000032,9224.997653827275,0.0,9224.997653827275,1.1950399370014746
317.9750000000321,9141.738990885207,0.0,9141.738990885207,1.2193428225745973
318.02500000003204,8086.232517767204,0.0,8086.232517767204,1.24974834564772
318.0750000000321,6860.912998262442,0.0,6860.912998262442,1.2986229455065565
318.12500000003206,7814.911123327746,0.0,7814.911123327746,1.3700071747555682
318.1750000000321,8954.938461245638,0.0,8954.938461245638,1.4710176040045801
318.2250000000321,7951.763039835663,0.0,7951.763039835663,1.601038878708138
318.27500000003215,7909.294852301657,0.0,7909.294852301657,1.79759870795715
318.3250000000321,10518.585365349285,0.0,10518.585365349285,2.130811837206162
318.3750000000322,4587.776928196765,0.0,4587.776928196765,2.8418392800915386
