milepost,peak_loco_kN,peak_air_kN,total_peak_kN
176.925,738.1889763779528,794.5390999469375,1532.7280763248905
176.97500000000002,738.1889763779528,1064.3623973169445,1802.5513736948974
177.02500000000003,738.1889763779528,1390.1795717687246,2128.3685481466773
177.07500000000005,738.1889763779528,1604.1441230637076,2342.3330994416606
177.12500000000006,738.1889763779528,1696.9154591958036,2435.1044355737563
177.17500000000007,738.1889763779528,1725.6593031370785,2463.848279515031
177.22500000000008,738.1889763779528,1732.2305157065518,2470.419492084505
177.2750000000001,738.1889763779528,1733.323640767826,2471.5126171457787
177.3250000000001,738.1889763779528,1733.4446585475512,2471.633634925504
177.3750000000001,738.1889763779528,1733.4536849745205,2471.642661352473
177.42500000000013,738.1889763779528,1733.4536849745205,2471.642661352473
177.47500000000014,738.1889763779528,1733.4536849745205,2471.642661352473
177.52500000000015,738.1852006051107,1733.4536849745205,2471.6388855796313
177.57500000000016,738.141688049439,1733.4536849745205,2471.5953730239594
177.62500000000017,737.8201713345734,1733.4536849745205,2471.273856309094
177.67500000000018,736.2956723703519,1733.4536849745205,2469.7493573448724
177.7250000000002,731.6452663649845,1733.4536849745205,2465.098951339505
177.7750000000002,722.4139967110856,1733.4536849745205,2455.867681685606
177.82500000000022,709.7749790776965,1733.4536849745205,2443.228664052217
177.87500000000023,694.6975946762749,1733.4527617267113,2428.1503564029863
177.92500000000024,671.503616372187,1733.437492503436,2404.9411088756233
177.97500000000025,629.8970811367402,1733.3018160395563,2363.1988971762967
178.02500000000026,567.3708657103001,1732.487740252717,2299.858605963017
178.07500000000027,494.4622349316111,1729.1153939738424,2223.5776289054534
178.12500000000028,421.9363635901202,1719.2974378871183,2141.2338014772386
178.1750000000003,348.91298141542273,1698.69371603182,2047.6066974472428
178.2250000000003,272.17237877064,1666.1710673861633,1938.3434461568033
178.27500000000032,202.28895149463958,1624.9652075206695,1827.2541590153091
178.32500000000033,160.99376560833142,1579.5720261791498,1740.5657917874812
178.37500000000034,161.65189197334297,1532.829267456776,1694.481159430119
178.42500000000035,197.6352937604152,1485.7640554755883,1683.3993492360034
178.47500000000036,251.08244576873824,1438.2474322378753,1689.3298780066134
178.52500000000038,307.79633849685166,1387.8395331173397,1695.6358716141913
178.5750000000004,362.3220696184838,1325.8642972429843,1688.186366861468
178.6250000000004,414.4569504981286,1235.4394929617292,1649.896443459858
178.6750000000004,464.91206156222734,1101.1841910419369,1566.0962526041642
178.72500000000042,512.4809767847776,926.2625692043607,1438.7435459891383
178.77500000000043,553.2117774785384,734.8073114222149,1288.019088900753
178.82500000000044,582.2837288931769,556.6587078892784,1138.9424367824554
178.87500000000045,596.6923809300202,414.89628863628076,1011.588669566301
178.92500000000047,596.4562147792152,321.22029031594485,917.6765050951601
178.97500000000048,584.1108671623163,272.5519625166796,856.6628296789959
179.0250000000005,563.270202419301,253.77652618832462,817.0467286076256
179.0750000000005,537.2568004378403,248.6449242511914,785.9017246890317
179.1250000000005,509.3586573950895,247.68488859921962,757.0435459943092
179.17500000000052,485.65098234391655,247.56496726550182,733.2159496094184
179.22500000000053,477.9096810169742,247.5496492216223,725.4593302385965
179.27500000000055,499.17416081126265,247.50377640435747,746.6779372156201
179.32500000000056,550.4351325156465,247.28644393872966,797.7215764543762
179.37500000000057,614.1089158793478,246.62624620160585,860.7351620809536
179.42500000000058,666.7075422037329,245.34035659518256,912.0478987989155
179.4750000000006,696.9965224538115,243.73447481453985,940.7309972683513
179.5250000000006,709.1754793762756,242.44858520811658,951.6240645843922
179.5750000000006,712.5490842675391,241.78838747099277,954.3374717385319
179.62500000000063,713.1818423839779,241.57105500536497,954.7528973893429
179.67500000000064,713.2604981985652,241.52518218810013,954.7856803866653
179.72500000000065,713.266422053241,241.51897397738273,954.7853960306237
179.77500000000066,713.266422053241,241.51843526406049,954.7848573173014
179.82500000000067,713.266422053241,241.51843526406049,954.7848573173014
179.87500000000068,713.266422053241,241.51843526406049,954.7848573173014
179.9250000000007,713.266422053241,241.51843526406049,954.7848573173014
179.9750000000007,713.266422053241,241.5055210890212,954.7719431422621
180.02500000000072,713.266422053241,241.34806189878626,954.6144839520272
180.07500000000073,713.266422053241,240.14888326707,953.415305320311
180.12500000000074,713.266422053241,234.2036955568392,947.4701176100801
180.17500000000075,713.266422053241,214.8939161452891,928.1603381985301
180.22500000000076,713.266422053241,173.48675940346888,886.7531814567099
180.27500000000077,713.266422053241,114.38024001555323,827.6466620687942
180.32500000000078,713.266422053241,57.81590392082708,771.082325974068
180.3750000000008,713.266422053241,21.379566920763427,734.6459889740044
180.4250000000008,713.266422053241,5.588138222249335,718.8545602754903
180.47500000000082,713.266422053241,1.0051146167741893,714.2715366700152
180.52500000000083,713.266422053241,0.12105212920060808,713.3874741824416
180.57500000000084,713.2664221038028,0.008634357850148988,713.275056461653
180.62500000000085,713.2648704800106,0.0,713.2648704800106
180.67500000000086,713.2469869321977,0.0,713.2469869321977
180.72500000000088,713.1148329789089,0.0,713.1148329789089
180.7750000000009,712.4886901577438,0.0,712.4886901577438
180.8250000000009,710.5865686721662,0.0,710.5865686721662
180.8750000000009,706.8816575566855,0.0,706.8816575566855
180.92500000000092,702.2547159599416,0.0,702.2547159599416
180.97500000000093,698.5497160859119,0.0,698.5497160859119
181.02500000000094,696.647494309343,0.0,696.647494309343
181.07500000000095,696.021293829805,0.0,696.021293829805
181.12500000000097,695.8891200611315,0.0,695.8891200611315
181.17500000000098,695.8712322584162,0.0,695.8712322584162
181.225000000001,695.8696800519423,0.0,695.8696800519423
181.275000000001,695.8696800519423,0.0,695.8696800519423
181.325000000001,695.8696800519423,0.0,695.8696800519423
181.37500000000102,695.8696800519423,0.0,695.8696800519423
181.42500000000103,695.8696800519423,0.0,695.8696800519423
181.47500000000105,695.8696800519423,0.00403903193686323,695.8737190838791
181.52500000000106,695.8696800519423,0.051969745074565116,695.9216497970168
181.57500000000107,695.8696800519423,0.41185676587382486,696.2815368178161
181.62500000000108,695.8696800519423,2.159197050643125,698.0288771025854
181.6750000000011,695.8696800519423,7.671127839896304,703.5408078918385
181.7250000000011,695.8696800519423,19.055219464915456,714.9248995168577
181.7750000000011,695.8696800519423,34.77272908111704,730.6424091330593
181.82500000000113,695.8696800519423,50.51669829179152,746.3863783437338
181.87500000000114,695.8696800519423,65.89713657875123,761.7668166306935
181.92500000000115,695.8696800519423,87.13714522142462,783.0068252733669
181.97500000000116,695.8696800519423,120.16330779364212,816.0329878455844
182.02500000000117,695.8696800519423,161.91916983376717,857.7888498857094
182.07500000000118,695.8696800519423,200.60812481868044,896.4778048706228
182.1250000000012,695.8696800519423,225.91918931575785,921.7888693677002
182.1750000000012,695.8696800519423,237.29726098466497,933.1669410366072
182.22500000000122,695.8696800519423,240.73482032326308,936.6045003752054
182.27500000000123,695.8696800519423,241.4215829959386,937.2912630478809
182.32500000000124,695.8696800519423,241.51111889054167,937.3807989424839
182.37500000000125,695.8696800519423,241.5184352640604,937.3881153160027
182.42500000000126,695.8707369016298,241.51843526406043,937.3891721656903
182.47500000000127,695.8831249644719,241.51843526406043,937.4015602285324
182.52500000000128,695.9756318365859,241.51843526406046,937.4940671006464
182.5750000000013,696.4211729226812,241.51843526406054,937.9396081867417
182.6250000000013,697.811808766948,241.51843526406063,939.3302440310086
182.67500000000132,700.6502255765005,241.51843526406068,942.1686608405612
182.72500000000133,704.5175900463886,241.5184352640607,946.0360253104493
182.77500000000134,708.2281166892184,241.5184352640607,949.7465519532791
182.82500000000135,711.1029856577474,241.5184352640607,952.6214209218081
182.87500000000136,713.3697355855212,241.5184352640607,954.8881708495819
182.92500000000138,715.3356558942492,241.5184352640607,956.8540911583099
182.9750000000014,716.8658174392507,241.5184352640607,958.3842527033114
183.0250000000014,717.7151747807217,241.5184352640607,959.2336100447824
183.0750000000014,718.0479070266234,241.5184352640607,959.5663422906841
183.12500000000142,718.4483595863692,241.5184352640607,959.9667948504299
183.17500000000143,719.392281663755,241.5184352640607,960.9107169278158
183.22500000000144,720.7727720724891,241.5184352640607,962.2912073365499
183.27500000000146,722.0206791580107,241.5184352640607,963.5391144220714
183.32500000000147,722.6607668264284,241.5184352640607,964.1792020904891
183.37500000000148,722.6575254271866,241.5184352640607,964.1759606912473
183.4250000000015,722.2649081183305,241.5184352640607,963.7833433823912
183.4750000000015,721.7377859059775,241.5184352640607,963.2562211700382
183.5250000000015,721.2743088843631,241.5184352640607,962.7927441484238
183.57500000000152,721.1499445036648,241.5184352640607,962.6683797677255
183.62500000000153,721.7810759989986,241.5184352640607,963.2995112630593
183.67500000000155,723.5226990573403,241.51878518300137,965.0414842403417
183.72500000000156,726.3545711972072,241.5231446681949,967.877715865402
183.77500000000157,729.8091208211654,241.55712064989916,971.3662414710645
183.82500000000158,733.1732932243299,241.73119944172396,974.9044926660538
183.8750000000016,735.7763051814734,242.33115713662323,978.1074623180966
183.9250000000016,737.3074665243139,243.7660410421378,981.0735075664517
183.97500000000161,737.9565706409317,246.26509855248545,984.2216691934171
184.02500000000163,738.1465184215444,249.657045226452,987.8035636479965
184.07500000000164,738.1837885368208,253.54793001538204,991.7317185522028
184.12500000000165,738.1885890029464,257.615224752788,995.8038137557344
184.17500000000166,738.1889763779528,261.66006422588754,999.8490406038404
184.22500000000167,738.1889763779528,265.45918231020414,1003.648158688157
184.27500000000168,738.1889763779528,268.6562189678942,1006.8451953458471
184.3250000000017,738.1889763779528,270.8922242834445,1009.0812006613974
184.3750000000017,738.1889763779528,272.1029226784366,1010.2918990563894
184.42500000000172,738.1889763779528,272.5855897214241,1010.7745660993769
184.47500000000173,738.1889763779528,272.72506787991256,1010.9140442578654
184.52500000000174,738.1889763779528,272.7562489819448,1010.9452253598977
184.57500000000175,738.1889763779528,272.7630665541735,1010.9520429321263
184.62500000000176,738.1889763779528,272.7648310156673,1010.9538073936201
184.67500000000177,738.1889763779528,272.76543018135163,1010.9544065593045
184.72500000000178,738.1889763779528,272.767665578884,1010.9566419568368
184.7750000000018,738.1889763779528,272.7846669260316,1010.9736433039844
184.8250000000018,738.1889763779528,272.8732066576865,1011.0621830356394
184.87500000000182,738.1889763779528,273.1802618378353,1011.3692382157881
184.92500000000183,738.1889763779528,273.8940543142896,1012.0830306922423
184.97500000000184,738.1889763779528,275.0108857670234,1013.1998621449762
185.02500000000185,738.1889763779528,276.1866806619004,1014.3756570398532
185.07500000000186,738.1886445025142,277.63215091831677,1015.820795420831
185.12500000000188,738.1845217371516,285.1241154923987,1023.3086372295503
185.1750000000019,738.1524460973558,337.73096543676627,1075.883411534122
185.2250000000019,737.9884910248214,586.4225214455278,1324.4110124703493
185.2750000000019,737.4252849108004,1341.8101451456737,2079.235430056474
185.32500000000192,736.0839714995677,2813.0983705639214,3549.182342063489
185.37500000000193,733.7583745427805,4650.514678178661,5384.273052721441
185.42500000000194,730.6116477407165,6121.802640415079,6852.4142881557955
185.47500000000196,726.9995523658345,6877.187067253833,7604.186619619668
185.52500000000197,723.202933518831,7125.854323668445,7849.057257187276
185.57500000000198,719.4209666622859,7178.341040645159,7897.762007307445
185.625000000002,716.0261684602093,7185.444345353363,7901.470513813572
185.675000000002,713.7792227203022,7186.060729856466,7899.839952576769
185.725000000002,713.4358568277581,7186.060729856466,7899.496586684225
185.77500000000202,714.7247720939318,7186.060729856466,7900.785501950399
185.82500000000203,715.9828357617007,7186.060729856466,7902.043565618167
185.87500000000205,715.2309803701427,7186.060729856466,7901.291710226609
185.92500000000206,711.630658756153,7186.060729856466,7897.691388612619
185.97500000000207,706.1753619548346,7186.060729856466,7892.236091811301
186.02500000000208,701.0319668103456,7186.060729856466,7887.092696666812
186.0750000000021,697.7693641324877,7186.060729856466,7883.830093988954
186.1250000000021,696.3656375196124,7186.060729856466,7882.426367376079
186.17500000000211,695.9589469307433,7186.060729856466,7882.019676787209
186.22500000000213,695.8981858928527,7185.441130371759,7881.339316264612
186.27500000000214,696.0900168275491,7178.300775747718,7874.390792575267
186.32500000000215,697.5693436255117,7125.540294864422,7823.109638489934
186.37500000000216,704.5042944175287,6875.576022300271,7580.080316717799
186.42500000000217,725.2231828309125,6116.251608288106,6841.474791119018
186.47500000000218,764.7066015549638,4637.312194938191,5402.018796493155
186.5250000000022,813.1903992424262,2790.577967261419,3603.7683665038453
186.5750000000022,853.6072001678257,1313.602356897707,2167.209557065533
186.62500000000222,880.6058469668031,563.8540918859757,1444.4599388527788
186.67500000000223,898.2825514520235,343.76202994041824,1242.0445813924418
186.72500000000224,907.2202081699807,351.5615088368841,1258.7817170068647
186.77500000000225,905.2183348892843,424.6808403115575,1329.899175200842
186.82500000000226,893.5123069295961,494.10965535662314,1387.6219622862193
186.87500000000227,878.8590273175142,534.7031593582703,1413.5621866757847
186.92500000000229,870.6020760076339,550.4604917859518,1421.0625677935857
186.9750000000023,874.0173778290259,554.7656800779652,1428.783057906991
187.0250000000023,887.8404958290316,556.9677648494547,1444.8082606784865
187.07500000000232,907.2589708054418,564.0753302929519,1471.3343010983936
187.12500000000233,925.9794441534798,585.448672078073,1511.4281162315528
187.17500000000234,938.3697256088184,627.3257491693748,1565.6954747781933
187.22500000000235,942.8899367845124,680.8463131503365,1623.736249934849
187.27500000000236,940.8311778301919,727.4156256262748,1668.2468034564668
187.32500000000238,931.7684253217025,758.5578138610218,1690.3262391827243
187.3750000000024,914.4936968140937,777.8421605458576,1692.3358573599512
187.4250000000024,893.1871961135363,789.169906425352,1682.3571025388883
187.4750000000024,877.1109871519616,794.697108692204,1671.8080958441656
187.52500000000242,872.9129058092146,798.4737288231386,1671.3866346323532
187.57500000000243,882.9235941228918,808.7696656132387,1691.6932597361306
187.62500000000244,905.6253139253388,839.0290235359448,1744.6543374612836
187.67500000000246,929.880465205879,897.8779610444207,1827.7584262502996
187.72500000000247,938.8912028551589,971.3662514412308,1910.2574542963898
187.77500000000248,929.5464781064048,1030.2110742383688,1959.7575523447736
187.8250000000025,919.6170522177312,1060.4230136288588,1980.04006584659
187.8750000000025,926.8890338889225,1070.3685722242856,1997.257606113208
187.9250000000025,946.5501681177691,1072.467802041271,2019.01797015904
187.97500000000252,963.2490962070867,1072.7519019031315,2036.0009981102182
188.02500000000254,977.8569183160807,1072.776554478148,2050.6334727942285
188.07500000000255,997.4948222245657,1072.776554478148,2070.2713767027135
188.12500000000256,1011.44553184353,1072.776554478148,2084.222086321678
188.17500000000257,1002.458030337395,1072.776554478148,2075.234584815543
188.22500000000258,972.5719682661717,1072.776554478148,2045.3485227443198
188.2750000000026,946.8908447041548,1072.776554478148,2019.6673991823027
188.3250000000026,947.9786257220507,1072.776554478148,2020.7551802001985
188.37500000000261,964.4842764977269,1072.776554478148,2037.2608309758748
188.42500000000263,962.6005002741036,1072.776554478148,2035.3770547522518
188.47500000000264,933.8156467936091,1072.776554478148,2006.592201271757
188.52500000000265,906.9220952174111,1072.776554478148,1979.6986496955592
188.57500000000266,912.2625479261866,1072.7223975130078,1984.9849454391942
188.62500000000267,951.3881335271359,1072.12545994473,2023.513593471866
188.67500000000268,992.5765580246135,1067.8356445080553,2060.4122025326687
188.7250000000027,1001.4379184256668,1048.4005158757138,2049.8384343013804
188.7750000000027,987.6377881807124,993.7277865653296,1981.365574746042
188.82500000000272,988.7980455174575,901.2371705820175,1890.0352160994748
188.87500000000273,1003.8322831691557,815.2250904912322,1819.0573736603878
188.92500000000274,994.0181798025781,787.5427458427149,1781.560925645293
188.97500000000275,950.3641214254623,811.8395731311132,1762.2036945565756
189.02500000000276,909.4681192121755,844.6833219173091,1754.1514411294845
189.07500000000277,908.5915543257645,865.472159279381,1774.0637136051455
189.12500000000279,955.0927135925283,882.4125209764534,1837.5052345689817
189.1750000000028,1022.6911183646398,906.3375567127551,1929.0286750773948
189.2250000000028,1067.8993638836466,935.1041727811702,2003.0035366648167
189.27500000000282,1061.4196850100088,958.0555972062187,2019.4752822162277
189.32500000000283,1006.082866273296,969.8802428023744,1975.9631090756702
189.37500000000284,937.2696905906076,973.91079481982,1911.1804854104275
189.42500000000285,903.8471512559258,975.030244361324,1878.87739561725
189.47500000000286,927.2374539904079,975.5173266990788,1902.7547806894868
189.52500000000288,977.8882503705976,975.828305454567,1953.7165558251645
189.5750000000029,1002.2490966367478,975.9830347683095,1978.2321314050573
189.6250000000029,977.6627526631302,976.0663010644046,1953.7290537275348
189.6750000000029,937.365086493331,976.4496334740805,1913.8147199674115
189.72500000000292,930.3054648508303,979.2041124820043,1909.5095773328346
189.77500000000293,957.2007819108802,992.2472897174852,1949.4480716283654
189.82500000000294,970.2939505845244,1031.8685801498746,2002.1625307343988
189.87500000000296,936.5310175401266,1109.0403162755538,2045.5713338156804
189.92500000000297,877.1613542704018,1205.4161516550043,2082.577505925406
189.97500000000298,843.7366821347737,1282.5878877806836,2126.3245699154572
190.025000000003,865.0782927379744,1322.209178213073,2187.2874709510475
190.075000000003,921.1839441558634,1335.2522291913162,2256.4361733471796
190.125000000003,968.7272050022063,1338.0052531924596,2306.732458194666
190.17500000000302,984.2484582184126,1338.3778344754116,2322.6262926938243
190.22500000000304,975.8617556421693,1338.4101649664142,2314.2719206085835
190.27500000000305,964.3604443382733,1338.4101649664142,2302.7706093046872
190.32500000000306,960.7290323522261,1338.4101649664142,2299.13919731864
190.37500000000307,959.2946096953509,1338.4101649664142,2297.704774661765
190.42500000000308,951.5410745628044,1338.4101649664142,2289.9512395292186
190.4750000000031,939.2337712033569,1338.4101649664142,2277.643936169771
190.5250000000031,930.6047011724689,1338.4101649664142,2269.014866138883
190.57500000000312,929.8510634808181,1338.4101649664142,2268.2612284472325
190.62500000000313,933.0095405342463,1338.4101649664142,2271.4197055006607
190.67500000000314,929.7043200437237,1338.4101649664142,2268.1144850101377
190.72500000000315,907.6157724621826,1338.4101649664142,2246.025937428597
190.77500000000316,865.3276825709063,1338.3608814359202,2203.6885640068267
190.82500000000317,826.4096388663472,1337.792930858914,2164.202569725261
190.87500000000318,821.9804008501432,1333.5963121839948,2155.576713034138
190.9250000000032,851.4162771239273,1313.713916937718,2165.1301940616454
190.9750000000032,884.4697315843359,1253.3165330849408,2137.7862646692765
191.02500000000322,899.4603904917035,1135.6784925642405,2035.138883055944
191.07500000000323,896.0191755409933,988.7663587083899,1884.785534249383
191.12500000000324,883.614413002685,871.1283181876896,1754.7427311903746
191.17500000000325,874.7882020017712,810.726351173536,1685.5145531753074
191.22500000000326,877.9475268459363,790.7911389086306,1668.738665754567
191.27500000000327,888.9746311730007,786.2042523200857,1675.1788834930865
191.32500000000329,895.7129478018406,783.7873224786497,1679.5002702804904
191.3750000000033,892.107646381734,778.1213358806265,1670.2289822623604
191.4250000000033,884.3275610338853,767.1621766606175,1651.4897376945028
191.47500000000332,880.564064873194,753.2864024560855,1633.8504673292796
191.52500000000333,879.4315912793106,740.8058777872614,1620.237469066572
191.57500000000334,873.9052515770879,728.1756986501501,1602.0809502272382
191.62500000000335,861.7989547256608,706.4129235193407,1568.2118782450016
191.67500000000337,847.5559101899671,671.8271873753694,1519.3830975653364
191.72500000000338,835.4413821128411,639.7875519101535,1475.2289340229945
191.7750000000034,824.3876578823509,633.2456242309701,1457.633282113321
191.8250000000034,811.6304049409468,658.6541911176595,1470.2845960586064
191.8750000000034,797.754049814555,710.0013127254018,1507.7553625399569
191.92500000000342,784.5218869133115,792.1111044798861,1576.6329913931977
191.97500000000343,772.1645819786135,914.8495392447934,1687.0141212234068
192.02500000000344,761.6970056030387,1056.3927525123524,1818.0897581153913
192.07500000000346,754.57843226867,1167.3451899343045,1921.9236222029745
192.12500000000347,748.9314115148561,1224.2499109555422,1973.1813224703983
192.17500000000348,741.744741589457,1244.8961948282517,1986.6409364177089
192.2250000000035,733.7944659460594,1258.455419047838,1992.2498849938975
192.2750000000035,727.9519516975159,1288.3006578962654,2016.2526095937815
192.3250000000035,725.191326460576,1345.8369409296959,2071.028267390272
192.37500000000352,723.9511397163919,1419.5034608313292,2143.4546005477214
192.42500000000354,722.1503801287674,1484.171527049118,2206.3219071778854
192.47500000000355,719.7588292451936,1528.4373778161246,2248.196207061318
192.52500000000356,717.9833474377951,1556.8268473372118,2274.810194775007
192.57500000000357,716.0364088442262,1573.8832304563696,2289.919639300596
192.62500000000358,712.0893395926494,1581.8720892866286,2293.961428879278
192.6750000000036,706.6707670051168,1584.435307267864,2291.1060742729805
192.7250000000036,701.9846390558514,1584.9712947520582,2286.95593380791
192.77500000000362,700.0489027751714,1585.043832770043,2285.0927355452145
192.82500000000363,702.1793012491798,1585.050127207915,2287.229428457095
192.87500000000364,707.2818924038386,1585.050127207915,2292.332019611754
192.92500000000365,711.9682505918302,1585.050127207915,2297.0183777997454
192.97500000000366,714.2513093696974,1585.050127207915,2299.3014365776125
193.02500000000367,714.9030197373605,1585.050127207915,2299.9531469452754
193.07500000000368,715.2367249670781,1585.050127207915,2300.2868521749933
193.1250000000037,715.6584024712452,1585.050127207915,2300.70852967916
193.1750000000037,715.6638606131503,1585.050127207915,2300.7139878210655
193.22500000000372,714.3312502806048,1585.050127207915,2299.38137748852
193.27500000000373,711.8103571038631,1585.050127207915,2296.8604843117782
193.32500000000374,710.3807918164147,1585.0043216838428,2295.3851135002574
193.37500000000375,712.0066279941797,1584.4764521589518,2296.4830801531316
193.42500000000376,715.4182988698237,1580.566479896648,2295.9847787664717
193.47500000000377,718.4970334497906,1561.9661687211722,2280.4632021709626
193.52500000000379,721.6933073948427,1504.9421437851443,2226.635451179987
193.5750000000038,727.3481502393578,1391.4027770970702,2118.750927336428
193.6250000000038,737.7327564678465,1243.0759189050514,1980.8086753728978
193.67500000000382,753.4177942389761,1118.2645728839577,1871.6823671229338
193.72500000000383,772.8431953843211,1070.9690546882307,1843.8122500725517
193.77500000000384,793.5358046422241,1121.2479879047664,1914.7837925469905
193.82500000000385,813.3737826158798,1235.1398577975503,2048.51364041343
193.87500000000387,831.6037897359638,1342.2458711239497,2173.8496608599135
193.92500000000388,849.2433703715068,1401.1942681801415,2250.4376385516484
193.9750000000039,867.6227526817443,1421.3148075589427,2288.937560240687
194.0250000000039,886.8084613830683,1425.6488076559274,2312.457269038996
194.0750000000039,906.6335174830299,1426.2430152245167,2332.8765327075466
194.12500000000392,928.1395674322622,1426.2955659579952,2354.4351333902573
194.17500000000393,952.6061709214198,1426.2955659579952,2378.901736879415
194.22500000000394,980.2153098949236,1426.2955659579952,2406.5108758529186
194.27500000000396,1009.7753634114383,1426.2955659579952,2436.0709293694335
194.32500000000397,1038.9289117744624,1426.2955659579952,2465.2244777324577
194.37500000000398,1065.2344990564409,1426.2955659579952,2491.5300650144363
194.425000000004,1087.3571655947233,1426.2955659579952,2513.6527315527183
194.475000000004,1105.8392871665883,1426.2955659579952,2532.1348531245835
194.525000000004,1123.5063677084895,1426.2955659579952,2549.8019336664847
194.57500000000402,1143.6380794445442,1426.2955659579952,2569.9336454025397
194.62500000000404,1167.6023862452969,1426.2822055929057,2593.8845918382026
194.67500000000405,1196.6282887159705,1426.1282388014533,2622.756527517424
194.72500000000406,1234.3067682680842,1424.9826426756322,2659.2894109437166
194.77500000000407,1284.2471921574956,1419.5013363449748,2703.7485285024704
194.82500000000408,1346.4458871895256,1402.453102870252,2748.8989900597776
194.8750000000041,1417.2719230793007,1367.3527273788739,2784.6246504581745
194.9250000000041,1493.0554727620884,1317.6764040256194,2810.7318767877077
194.97500000000412,1575.9477905679057,1265.8560642175014,2841.803854785407
195.02500000000413,1677.9547276116666,1220.9815291080852,2898.936256719752
195.07500000000414,1816.1708968048347,1181.1466865208936,2997.3175833257283
195.12500000000415,1998.5360606402849,1135.966187326751,3134.502247967036
195.17500000000416,2210.878711484066,1074.1974861704234,3285.0761976544895
195.22500000000417,2417.147250718285,987.0034536018255,3404.1507043201104
195.27500000000418,2568.5864259325103,874.5653647350199,3443.1517906675303
195.3250000000042,2617.586532656901,760.9850358253989,3378.5715684823
195.3750000000042,2539.2890949307684,683.1574808821118,3222.4465758128804
195.42500000000422,2348.011916655721,657.2648351236728,3005.2767517793936
195.47500000000423,2097.5040852633656,671.716173759948,2769.2202590233137
195.52500000000424,1854.0126056003776,703.0399054725674,2557.052511072945
195.57500000000425,1652.2763199399462,730.7941903434099,2383.0705102833563
195.62500000000426,1490.8711412773105,749.6383128120931,2240.5094540894033
195.67500000000427,1361.5716906210725,769.3572196525909,2130.9289102736634
195.7250000000043,1260.6046791317817,799.8253010978916,2060.429980229673
195.7750000000043,1184.4903884818323,836.8008891736569,2021.291277655489
195.8250000000043,1127.9460471350242,866.3153916453546,1994.2614387803787
195.87500000000432,1082.9402161735331,881.4628246619437,1964.403040835477
195.92500000000433,1042.3579327091613,886.4492533942947,1928.807186103456
195.97500000000434,1006.5662425678701,887.5017493174536,1894.0679918853236
196.02500000000435,984.1689898647485,887.6441891513197,1871.8131790160683
196.07500000000437,979.2263497592288,887.6565492723937,1866.8828990316224
196.12500000000438,980.2790703372584,887.6565492723937,1867.9356196096521
196.1750000000044,973.8855947590836,887.6565492723937,1861.5421440314772
196.2250000000044,958.7131291740138,887.6565492723937,1846.3696784464075
196.2750000000044,938.8577261754955,887.6615061365527,1826.5192323120482
196.32500000000442,916.9094569849734,887.7186297604288,1804.6280867454022
196.37500000000443,896.065054981381,888.1407194218233,1784.2057744032043
196.42500000000445,879.2764187779194,890.1404611489826,1769.4168799269019
196.47500000000446,865.8705448072653,896.2151401404024,1762.0856849476677
196.52500000000447,853.0351932719324,908.0469992004703,1761.0821924724028
196.57500000000448,839.0377515901326,922.8232030058234,1761.8609545959562
196.6250000000045,824.3687676428675,934.6550620658913,1759.023829708759
196.6750000000045,810.9285940637428,940.7297410573111,1751.6583351210538
196.7250000000045,799.4389991750342,942.7294827844704,1742.1684819595046
196.77500000000452,788.4651446925494,943.151572445865,1731.6167171384145
196.82500000000454,777.2089827948898,943.208696069741,1720.417678864631
196.87500000000455,767.2396866108801,943.2136529339,1710.4533395447802
196.92500000000456,759.8252230128652,943.2136529339,1703.038875946765
196.97500000000457,753.8970461468189,943.2136529339,1697.1106990807189
197.02500000000458,748.8742458627063,943.2136529339,1692.0878987966062
197.0750000000046,745.0736954120287,943.2136529339,1688.2873483459286
197.1250000000046,740.669393278857,943.2136529339,1683.883046212757
197.17500000000462,732.461750667595,943.2136529339,1675.675403601495
197.22500000000463,718.1417581712985,943.2136529339,1661.3554111051985
197.27500000000464,700.1119368757962,943.2136529339,1643.3255898096963
197.32500000000465,688.7415469806754,943.2136529339,1631.9551999145754
197.37500000000466,691.7926611538344,943.2136529339,1635.0063140877344
197.42500000000467,702.9985939165085,943.2053359719037,1646.2039298884122
197.47500000000468,711.860646533591,943.1094900915974,1654.9701366251884
197.5250000000047,715.5221053911138,942.4012795051635,1657.9233848962772
197.5750000000047,715.2085412916674,939.0459775614278,1654.2545188530953
197.62500000000472,708.793937452927,928.8534702237753,1637.6474076767022
197.67500000000473,689.5538822123123,908.958704720452,1598.5125869327644
197.72500000000474,656.603812167037,883.6767369430888,1540.2805491101258
197.77500000000475,629.2940296454161,860.2078441701394,1489.5018738155554
197.82500000000476,633.9398680502519,832.8763063076776,1466.8161743579294
197.87500000000477,669.3220886003356,777.4181587925559,1446.7402473928914
197.9250000000048,708.5281111784589,674.91014696868,1383.4382581471389
197.9750000000048,733.7855385070989,546.0197862445204,1279.8053247516193
198.0250000000048,746.9346246672101,436.5517903359189,1183.486415003129
198.07500000000482,754.9113351853829,361.9590854500325,1116.8704206354155
198.12500000000483,761.698677807456,296.0026393744028,1057.7013171818587
198.17500000000484,768.907420353959,213.03406685303918,981.9414872069981
198.22500000000485,776.5267630165665,121.52734895231795,898.0541119688845
198.27500000000487,783.6047467824551,51.26427529227695,834.869022074732
198.32500000000488,790.4102118246374,15.77333690940019,806.1835487340376
198.3750000000049,799.8383696699719,4.165962415069711,804.0043320850416
198.4250000000049,813.9813365921159,1.722563936300506,815.7039005284164
198.4750000000049,830.6671483976057,1.3925089383304936,832.0596573359362
198.52500000000492,846.4916898476586,1.3638686371921267,847.8555584848507
198.57500000000493,860.0894536498462,1.3638686371921267,861.4533222870383
198.62500000000495,871.3534073111731,1.3638686371921267,872.7172759483652
198.67500000000496,881.4193782858215,1.3638686371921267,882.7832469230136
198.72500000000497,893.6871042284943,1.3818666609715085,895.0689708894657
198.77500000000498,911.1777013944655,1.5892785060240144,912.7669799004896
198.825000000005,932.8775918940108,3.1218562646996935,935.9994481587105
198.875000000005,955.2346158635811,10.38277728326922,965.6173931468503
198.925000000005,975.0069061249632,32.43950779542247,1007.4464139203857
198.97500000000502,991.4608048557665,75.4001526483127,1066.8609575040791
199.02500000000504,1008.1236179810945,129.0515053844276,1137.175123365522
199.07500000000505,1025.2264580424976,172.01215023731783,1197.2386082798155
199.12500000000506,1030.7548525466843,194.06888074947108,1224.8237332961553
199.17500000000507,1011.4061982883147,201.3298017680406,1212.7360000563554
199.22500000000508,978.7049039301133,202.86237952671627,1181.5672834568295
199.2750000000051,974.9317497947999,203.08912376115896,1178.0208735559588
199.3250000000051,1026.573544712692,203.32991105346272,1229.9034557661546
199.37500000000512,1103.162668265629,204.97611345682904,1308.1387817224581
199.42500000000513,1156.3863067463765,212.77535598384492,1369.1616627302215
199.47500000000514,1174.5871567554384,236.46736284872682,1411.0545196041653
199.52500000000515,1173.6119719877163,282.6130911203584,1456.2250631080747
199.57500000000516,1150.0698871738355,340.2421316816445,1490.31201885548
199.62500000000517,1081.089163221815,386.38785995327606,1467.477023175091
199.67500000000518,986.0056881700106,410.0847211171139,1396.0904092871244
199.7250000000052,936.7542192800807,417.9680489888816,1354.7222682689624
199.7750000000052,969.8707391601437,420.3519394261997,1390.2226785863434
199.82500000000522,1019.2570053137931,424.9296004660505,1444.1866057798436
199.87500000000523,996.9902654771448,442.2518951284272,1439.242160605572
199.92500000000524,937.7347454252277,488.32927386727204,1426.0640192924998
199.97500000000525,959.1638031428829,569.9777428261145,1529.1415459689974
200.02500000000526,1082.1949584002928,665.4599613380915,1747.6549197383843
200.07500000000528,1211.1576583285362,738.5869535196251,1949.7446118481612
200.1250000000053,1262.0706275064347,775.036342051308,2037.1069695577426
200.1750000000053,1210.729083065094,786.8115742181744,1997.5406572832685
200.2250000000053,1068.1678727946905,789.3281674910783,1857.4960402857687
200.27500000000532,886.7016918334721,790.0032720624956,1676.7049638959677
200.32500000000533,743.0620221262283,791.3957851609093,1534.4578072871377
200.37500000000534,674.3616820476284,795.6013916407104,1469.9630736883387
200.42500000000535,665.0745982513953,805.8531184435805,1470.9277166949757
200.47500000000537,689.3831034989456,824.7008976798437,1514.0840011787893
200.52500000000538,736.9785281220851,849.4189284718435,1586.3974565939286
200.5750000000054,812.9043421689449,871.7917054050849,1684.6960475740298
200.6250000000054,912.7997338489691,885.5778217822518,1798.377555631221
200.6750000000054,984.9532152071241,891.3283499519571,1876.2815651590813
200.72500000000542,960.9179366008113,892.9439279976299,1853.8618645984411
200.77500000000543,849.1517953789714,893.2474963742045,1742.399291753176
200.82500000000545,733.0763762038027,893.2853440378001,1626.3617202416028
200.87500000000546,670.7832563255903,893.2881264978887,1564.0713828234789
200.92500000000547,664.8669086865614,893.2881264978887,1558.15503518445
200.97500000000548,711.5501496222003,893.2881264978887,1604.838276120089
201.0250000000055,815.5396853655034,893.2881264978887,1708.827811863392
201.0750000000055,954.414133700423,893.2881264978887,1847.7022601983117
201.1250000000055,1065.9804523742725,893.2881264978887,1959.2685788721612
201.17500000000553,1087.7426243417856,893.2881264978887,1981.0307508396743
201.22500000000554,1005.646373703617,893.2881264978887,1898.9345002015057
201.27500000000555,876.3771052209187,893.2881264978887,1769.6652317188073
201.32500000000556,793.013082683448,893.2881264978887,1686.3012091813366
201.37500000000557,807.5227088385236,893.2530049429521,1700.7757137814756
201.42500000000558,898.2049589050375,892.8201250250795,1791.025083930117
201.4750000000056,1008.998705739581,889.5052143890533,1898.5039201286345
201.5250000000056,1098.084054908641,872.9404851154338,1971.024540024075
201.57500000000562,1152.242035389344,818.5486532998658,1970.7906886892097
201.62500000000563,1177.4674905524378,700.2362815042376,1877.7037720566755
201.67500000000564,1186.1955719804969,528.382522459631,1714.5780944401279
201.72500000000565,1188.3535159399312,360.64540819655014,1548.9989241364813
201.77500000000566,1188.6521504120738,250.1663225273476,1438.8184729394213
201.82500000000567,1188.1105253636274,200.11298399587818,1388.2235093595057
201.87500000000568,1185.0231885526111,181.19594164580562,1366.2191301984167
201.9250000000057,1173.9540253034954,168.7005937827818,1342.6546190862773
201.9750000000057,1146.3142574538872,155.4092783537799,1301.723535807667
202.02500000000572,1096.3325597913574,146.1159225565187,1242.448482347876
202.07500000000573,1027.617060369531,146.36003631238827,1173.9770966819192
202.12500000000574,952.1016189821125,154.16366160839175,1106.2652805905043
202.17500000000575,883.6299396323154,162.48155278692732,1046.1114924192427
202.22500000000576,832.3117140820137,167.13481866104638,999.4465327430601
202.27500000000578,801.049174169035,168.7137471480417,969.7629213170767
202.3250000000058,785.5798989648877,169.05100844993518,954.6309074148228
202.3750000000058,775.1408560756187,169.09696930114126,944.2378253767599
202.4250000000058,755.2239421248464,169.1009575231867,924.3248996480331
202.47500000000582,728.2536426067676,169.1009575231867,897.3546001299543
202.52500000000583,731.8786787711418,169.1009575231867,900.9796362943285
202.57500000000584,804.3432722293915,169.1009575231867,973.4442297525782
202.62500000000585,930.1556785282555,169.1692084899069,1099.3248870181624
202.67500000000587,1045.039343026207,169.95574256206814,1214.995085588275
202.72500000000588,1100.1002604334988,175.767486944988,1275.8677473784867
202.7750000000059,1106.9809165453948,203.30189210362764,1310.2828086490224
202.8250000000059,1093.2772043519205,286.94402962906867,1380.2212339809892
202.8750000000059,1058.1637021454487,449.8566681539468,1508.0203702993956
202.92500000000592,1020.4574906082564,653.3099325218208,1673.767423130077
202.97500000000593,1026.9847505179926,816.2225710466989,1843.2073215646915
203.02500000000595,1073.2974598706983,899.86470857214,1973.1621684428383
203.07500000000596,1106.6966029809648,927.3991137307796,2034.0957167117444
203.12500000000597,1111.52898181443,933.2108581136995,2044.7398399281294
203.17500000000598,1099.3611128635011,933.9973921858607,2033.3585050493618
203.225000000006,1053.2156900693246,934.0656431525808,1987.2813332219055
203.275000000006,968.15714907038,934.0656431525808,1902.2227922229608
203.325000000006,884.9245158040865,934.0656431525808,1818.9901589566673
203.37500000000603,836.6774677017344,934.0656431525808,1770.743110854315
203.42500000000604,823.8889756775583,934.0656431525808,1757.9546188301392
203.47500000000605,851.4788083878751,934.0656431525808,1785.544451540456
203.52500000000606,936.1233844842469,934.0656431525808,1870.1890276368276
203.57500000000607,1058.2779342466608,934.0656431525808,1992.3435773992417
203.62500000000608,1156.7285411334733,934.0656431525808,2090.794184286054
203.6750000000061,1195.8360815738642,934.0656431525808,2129.901724726445
203.7250000000061,1190.0174030260653,934.0656431525808,2124.0830461786463
203.77500000000612,1163.7456999990861,934.0493806653982,2097.7950806644844
203.82500000000613,1129.9066950528677,933.8619693966355,2063.7686644495034
203.87500000000614,1095.517131411991,932.4771770181761,2027.9943084301672
203.92500000000615,1064.5620179720331,925.9164214348518,1990.478439406885
203.97500000000616,1036.7283955771138,905.9866057148622,1942.715001291976
204.02500000000617,1009.6050374413037,867.168625205092,1876.7736626463957
204.07500000000618,983.029794510967,818.690834148536,1801.720628659503
204.1250000000062,958.7473983246929,779.8728536387657,1738.6202519634585
204.1750000000062,936.3714467888344,759.9430379187762,1696.3144847076105
204.22500000000622,913.2210776207519,753.3822823354518,1666.6033599562038
204.27500000000623,888.3267939552622,751.9974899569926,1640.324283912255
204.32500000000624,864.2657700880159,751.8100786882299,1616.0758487762457
204.37500000000625,844.3165630436181,751.7748620144047,1596.0914250580227
204.42500000000626,828.4157012498271,751.5564312093801,1579.9721324592072
204.47500000000628,813.47265034933,749.9424337373194,1563.4150840866496
204.5250000000063,797.7746419326874,742.2957690885187,1540.070411021206
204.5750000000063,782.4442878288719,719.067252892837,1501.511540721709
204.6250000000063,768.8022329764921,673.8242811753181,1442.6265141518102
204.67500000000632,756.7897319864365,617.3226471156194,1374.112379102056
204.72500000000633,745.364463110396,572.0796753981004,1317.4441385084965
204.77500000000634,733.6082327248464,548.8511592024188,1282.4593919272652
204.82500000000636,722.0469255175295,541.204494553618,1263.2514200711475
204.87500000000637,712.6936567360918,539.5904970815574,1252.2841538176492
204.92500000000638,708.741127300335,539.3720662765329,1248.113193576868
204.9750000000064,713.2131045062604,539.3531120898904,1252.5662165961508
205.0250000000064,724.6415955370845,539.3531120898904,1263.994707626975
205.0750000000064,736.0030605541347,539.3531120898904,1275.356172644025
205.12500000000642,741.7372508730691,539.3608818415778,1281.098132714647
205.17500000000643,743.148473594791,539.4639524603145,1282.6124260551055
205.22500000000645,744.0013064325917,540.2814984002633,1284.2828048328552
205.27500000000646,745.3420659335108,544.5682281089701,1289.910294042481
205.32500000000647,746.6277623999362,559.5488670022812,1306.1766294022173
205.37500000000648,747.8377145498248,594.6771842155102,1342.5148987653351
205.4250000000065,749.0851758080614,650.1361938669596,1399.221369675021
205.4750000000065,750.0769797242555,709.0172697456289,1459.0942494698843
205.52500000000651,750.5934854170115,750.8420001011763,1501.4354855181878
205.57500000000653,750.7617579374573,770.617827979016,1521.3795859164734
205.62500000000654,750.7565791941663,777.1748114038502,1527.9313905980166
205.67500000000655,750.4353639908533,780.4851537767304,1530.9205177675835
205.72500000000656,748.7612983522097,786.9327511322829,1535.6940494844926
205.77500000000657,743.021901644754,799.1856399430374,1542.2075415877914
205.82500000000658,729.8718934578029,814.4957163347667,1544.3676097925695
205.8750000000066,710.3150032403403,827.0459077087346,1537.3609109490749
205.9250000000066,694.1411856107104,835.7220805962274,1529.8632662069379
205.97500000000662,693.5952592876325,849.830367016352,1543.4256263039847
206.02500000000663,708.7492930716562,890.1838778424332,1598.9331709140893
206.07500000000664,726.5259319233022,978.1473722060886,1704.6733041293908
206.12500000000665,736.9833455481956,1107.714811788713,1844.6981573369085
206.17500000000666,741.0565615206862,1236.1661748055376,1977.2227363262236
206.22500000000667,743.2434861186157,1321.8983008306063,2065.141786949222
206.27500000000668,744.8605103550963,1360.2776450219535,2105.1381553770498
206.3250000000067,744.4204115176615,1371.7220432889842,2116.1424548066457
206.3750000000067,741.2730634826618,1373.9766126836078,2115.2496761662696
206.42500000000672,736.7158865015576,1374.2677627527187,2110.9836492542763
206.47500000000673,731.9764580849563,1374.2908605172368,2106.267318602193
206.52500000000674,727.0085011210409,1374.2908605172368,2101.299361638278
206.57500000000675,721.7953896430224,1374.2908605172368,2096.086250160259
206.62500000000676,717.196176509144,1374.2908605172368,2091.4870370263807
206.67500000000678,713.2962992577128,1374.2908605172368,2087.5871597749497
206.7250000000068,708.8871401394897,1374.2908605172368,2083.1780006567265
206.7750000000068,703.5631150653537,1374.2908605172368,2077.8539755825905
206.8250000000068,698.1676627734515,1374.2908605172368,2072.4585232906884
206.87500000000682,692.9447122662251,1374.2908605172368,2067.235572783462
206.92500000000683,687.3437054524685,1374.2908605172368,2061.6345659697054
206.97500000000684,681.1154131264486,1374.233267631688,2055.3486807581367
207.02500000000686,674.0508760376504,1373.569558837877,2047.6204348755273
207.07500000000687,665.577187691698,1368.6653773270543,2034.2425650187524
207.12500000000688,656.1149456830732,1345.430748996299,2001.545694679372
207.1750000000069,648.005863793187,1274.8501801771547,1922.8560439703417
207.2250000000069,642.8519183247096,1137.3952710936458,1780.2471894183554
207.2750000000069,639.1686701819483,965.912291440431,1605.0809616223792
207.32500000000692,634.6956447742118,829.9104818119287,1464.6061265861404
207.37500000000693,628.9292712513121,766.2960965035205,1395.2253677548326
207.42500000000695,622.6833947758231,764.2228651913462,1386.9062599671693
207.47500000000696,616.8206607564349,800.5354570098871,1417.3561177663219
207.52500000000697,611.7304248002628,851.3452689723505,1463.0756937726132
207.57500000000698,607.3563718566064,892.5044494161651,1499.8608212727715
207.625000000007,603.2407923826736,913.6658464347463,1516.90663881742
207.675000000007,598.3466152885691,920.6320299454823,1518.9786452340513
207.72500000000701,591.5153411420422,922.1023968430292,1513.6177379850715
207.77500000000703,583.4648584204053,922.3013893635705,1505.7662477839758
207.82500000000704,577.7798408048287,922.3186568061108,1500.0984976109394
207.87500000000705,577.3935898862743,922.3186568061108,1499.7122466923852
207.92500000000706,580.7665433878468,922.3186568061108,1503.0852001939575
207.97500000000707,584.1842388723353,922.3186568061108,1506.502895678446
208.02500000000708,585.9770806052092,922.3186568061108,1508.2957374113198
208.0750000000071,586.5925943961998,922.3186568061108,1508.9112512023107
208.1250000000071,586.7519746923705,922.3186568061108,1509.0706314984814
208.17500000000712,586.7654318226057,922.3186568061108,1509.0840886287165
208.22500000000713,586.2262677809845,922.3186568061108,1508.5449245870952
208.27500000000714,583.6846816692621,922.3186568061108,1506.0033384753729
208.32500000000715,578.1254792374036,922.3186568061108,1500.4441360435144
208.37500000000716,571.5932419046517,922.2923986948349,1493.8856405994866
208.42500000000717,567.7997322587073,921.9897963994899,1489.7895286581972
208.47500000000719,567.0910127990301,919.7538510635206,1486.8448638625507
208.5250000000072,566.5254064010026,909.1605729121137,1475.6859793131161
208.5750000000072,565.0061240529678,876.9810352435029,1441.9871592964707
208.62500000000722,563.6261631540684,814.2678398117234,1377.894002965792
208.67500000000723,561.8745946238582,735.5584594091666,1297.4330540330247
208.72500000000724,558.1211077067326,669.5838662172122,1227.7049739239446
208.77500000000725,553.2508113417014,621.1704920314315,1174.421303373133
208.82500000000726,550.3564441183606,558.3654537572173,1108.721897875578
208.87500000000728,550.3015568980724,445.63239260493003,995.9339495030024
208.9250000000073,550.1959127813118,290.19067638341795,840.3865891647297
208.9750000000073,547.2727363161725,144.52731837637876,691.8000546925513
209.0250000000073,542.6169335470744,52.60982231262365,595.2267558596981
209.07500000000732,539.7375567332696,13.548733869829364,553.2862906030989
209.12500000000733,539.6753409836359,2.406309317239587,542.0816503008755
209.17500000000734,539.6384799383721,0.2867185218910714,539.9251984602632
209.22500000000736,537.0920761257426,0.02001765568158294,537.1120937814242
209.27500000000737,532.8573169594421,0.0,532.8573169594421
209.32500000000738,529.3778764393657,0.0,529.3778764393657
209.3750000000074,527.668597476502,0.002463944228919446,527.6710614207309
209.4250000000074,526.5320462651739,0.03224022077691301,526.5642864859508
209.4750000000074,524.4087132321697,0.2579711132996184,524.6666843454693
209.52500000000742,522.0754357629098,1.369629007993821,523.4450647709036
209.57500000000744,521.5300744936555,4.946520023468641,526.4765945171242
209.62500000000745,522.701080296531,12.520815242547844,535.2218955390789
209.67500000000746,524.1769334788419,23.163141287390467,547.3400747662323
209.72500000000747,525.2137572715216,33.203592911254766,558.4173501827763
209.77500000000748,525.5656619696459,39.99463568626835,565.5602976559143
209.8250000000075,525.5834551822155,46.18436519755009,571.7678203797656
209.8750000000075,526.2150651163281,63.54655151318462,589.7616166295127
209.92500000000751,527.8514714824536,114.10394562829998,641.9554171107536
209.97500000000753,529.710985495671,212.31026568431403,742.021251179985
210.02500000000754,530.2643496075939,334.93354039733833,865.1978900049322
210.07500000000755,528.9563842538167,433.1277028629215,962.0840871167383
210.12500000000756,527.6011160831837,483.6108206825281,1011.2119367657117
210.17500000000757,528.4735231835001,500.7360570984342,1029.2095802819342
210.22500000000758,531.3514308765511,506.7505981369942,1038.1020290135452
210.2750000000076,534.3681864315034,514.8547744548971,1049.2229608864004
210.3250000000076,536.0996788954508,529.7573732050664,1065.8570521005172
210.37500000000762,535.8395448408905,548.3170953230457,1084.1566401639361
210.42500000000763,534.8842298289986,563.178559010654,1098.0627888396525
210.47500000000764,536.366648328287,570.8086888817534,1107.1753372100404
210.52500000000765,541.5047493533895,573.320474131383,1114.8252234847723
210.57500000000766,547.9420334505842,573.8506418881051,1121.7926753386892
210.62500000000767,552.5030501646354,573.9223922916241,1126.4254424562596
210.67500000000769,554.1962928787619,573.9286183847789,1128.124911263541
210.7250000000077,554.1863852146191,573.9286183847789,1128.115003599398
210.7750000000077,553.8875865619056,573.9874260774336,1127.8750126393393
210.82500000000772,553.7820318806295,574.6914807019068,1128.4735125825364
210.87500000000773,553.662233843456,580.0027237811429,1133.6649576245989
210.92500000000774,553.3273953712098,605.9708880235655,1159.2982833947754
210.97500000000775,552.7008481124543,688.669035691797,1241.3698838042515
211.02500000000776,551.4664131991923,861.3284254560542,1412.7948386552466
211.07500000000778,549.33578130186,1099.5191722785003,1648.8549535803604
211.1250000000078,546.808239186145,1318.4280157050152,1865.2362548911601
211.1750000000078,544.8985657548993,1453.384826620646,1998.2833923755452
211.2250000000078,544.1899648728001,1509.3970548496652,2053.5870197224654
211.27500000000782,544.6180431749336,1525.0335027490266,2069.6515459239604
211.32500000000783,545.8083904180179,1527.9546589033214,2073.763049321339
211.37500000000784,547.4744532109737,1528.3170842321915,2075.791537443165
211.42500000000786,549.4230224910841,1528.3434304489906,2077.7664529400745
211.47500000000787,550.8631029024464,1528.3434304489906,2079.206533351437
211.52500000000788,550.4751167812619,1528.3434304489906,2078.8185472302525
211.5750000000079,548.2740688240455,1528.3434304489906,2076.617499273036
211.6250000000079,546.9120164640624,1528.3434304489906,2075.2554469130528
211.6750000000079,549.1336085059993,1528.3434304489906,2077.47703895499
211.72500000000792,553.6755625882968,1528.3434304489906,2082.018993037287
211.77500000000794,556.7534306486992,1528.3434304489906,2085.0968610976897
211.82500000000795,557.232362929805,1528.3434304489906,2085.5757933787954
211.87500000000796,556.1734509558642,1528.3434304489906,2084.5168814048548
211.92500000000797,553.7092134608775,1528.2834463999898,2081.992659860867
211.97500000000798,550.8492468302352,1527.5803143930339,2078.429561223269
212.025000000008,550.7557628484985,1522.3357610391047,2073.091523887603
212.075000000008,554.5217499599928,1497.1259548112012,2051.647704771194
212.12500000000801,558.8994005832266,1418.827466083739,1977.7268666669656
212.17500000000803,560.999492369696,1261.1189758767728,1822.1184682464686
212.22500000000804,562.1748800673049,1054.150234183665,1616.3251142509698
212.27500000000805,565.1909962880719,876.8330012779741,1442.023997566046
212.32500000000806,570.1816029232535,780.8604514579312,1351.0420543811847
212.37500000000807,574.6576325788466,759.9334719191136,1334.5911044979603
212.42500000000808,576.5516861909246,784.7481756513959,1361.2998618423203
212.4750000000081,575.9271706196041,826.4976651438091,1402.4248357634133
212.5250000000081,574.0419732874906,861.8601436462523,1435.902116933743
212.57500000000812,572.5349478245704,883.7348634155592,1456.2698112401295
212.62500000000813,572.9969461449266,901.9663585891108,1474.9633047340374
212.67500000000814,576.5165158836109,927.291371839087,1503.8078877226978
212.72500000000815,582.7701403481294,957.5400838836098,1540.310224231739
212.77500000000816,588.3557463790765,981.6417490888646,1569.997495467941
212.82500000000817,587.4408941513025,994.0084929216417,1581.4493870729443
212.87500000000819,576.4680468808389,998.0795382734087,1574.5475851542476
212.9250000000082,558.8643073607989,998.9388223152984,1557.8031296760973
212.9750000000082,543.8680629051473,999.0551137644882,1542.9231766696355
213.02500000000822,539.8814088266201,999.0652048770152,1538.9466137036352
213.07500000000823,548.7315080835116,999.0652048770152,1547.7967129605267
213.12500000000824,564.3068895439817,999.0652048770152,1563.3720944209967
213.17500000000825,577.4334802649007,999.0745146879281,1576.5079949528288
213.22500000000827,583.7476167858716,999.1818023036243,1582.929419089496
213.27500000000828,585.0917196680639,999.9745565147241,1585.066276182788
213.3250000000083,584.7613511483579,1003.7304022989591,1588.491753447317
213.3750000000083,584.0711062504014,1015.1396543891849,1599.2107606395862
213.4250000000083,582.5314599163802,1037.3618430682918,1619.8933029846721
213.47500000000832,579.6570093857066,1065.1139982669365,1644.7710076526432
213.52500000000833,575.7010029972346,1087.3651944812398,1663.0661974784744
213.57500000000834,571.2683941100726,1099.10873362816,1670.3771277382325
213.62500000000836,567.4221181356389,1105.334645227457,1672.756763363096
213.67500000000837,565.0052440124697,1117.8298743650694,1682.835118377539
213.72500000000838,563.5139896575749,1153.4861419406345,1717.0001315982095
213.7750000000084,562.3025637316778,1222.7354101441545,1785.0379738758322
213.8250000000084,561.8451427414801,1309.2212248088272,1871.0663675503074
213.8750000000084,562.5247940777846,1378.6406249376744,1941.165419015459
213.92500000000842,563.6453253953597,1415.5155099531112,1979.1608353484708
213.97500000000844,564.2830474677065,1433.4997489415791,1997.7827964092858
214.02500000000845,563.7112291489894,1455.0521290665106,2018.7633582155
214.07500000000846,560.6752035020801,1493.5552075495814,2054.2304110516616
214.12500000000847,554.158832491943,1551.574551374637,2105.73338386658
214.17500000000848,545.7814363699083,1674.3968991410832,2220.1783355109915
214.2250000000085,539.597256104091,2100.278356860923,2639.8756129650137
214.2750000000085,538.9393528997003,3346.9950937268304,3885.9344466265306
214.32500000000852,543.7231348437851,5778.600181861397,6322.323316705182
214.37500000000853,549.3725583210837,8841.570195125136,9390.94275344622
214.42500000000854,551.61328178414,11328.718755551012,11880.332037335153
214.47500000000855,553.4948584929276,12633.394572046605,13186.889430539533
214.52500000000856,560.0543108047816,13077.126463033519,13637.180773838301
214.57500000000857,568.9794671292873,13175.474167484208,13744.453634613496
214.62500000000858,574.6965683721568,13189.77364861595,13764.470216988107
214.6750000000086,574.8224270571236,13191.148399791828,13765.970826848952
214.7250000000086,569.0771017616819,13191.180786827585,13760.257888589267
214.77500000000862,559.9857150803233,13191.180786827585,13751.166501907908
214.82500000000863,554.8631082192995,13191.180786827585,13746.043895046883
214.87500000000864,558.502707428336,13191.180786827585,13749.68349425592
214.92500000000865,566.3318412955764,13191.180786827585,13757.51262812316
214.97500000000866,571.3971646423659,13191.180786827585,13762.57795146995
215.02500000000867,571.5298291167095,13191.180786827585,13762.710615944294
215.07500000000869,568.0000085770907,13191.180786827585,13759.180795404674
215.1250000000087,563.5351129302771,13191.180786827585,13754.715899757863
215.1750000000087,560.072707248533,13191.180786827585,13751.253494076118
215.22500000000872,556.4839871800261,13190.312367169327,13746.796354349353
215.27500000000873,551.6621925611747,13179.996061069602,13731.658253630776
215.32500000000874,548.9123138083221,13102.492573561667,13651.404887369989
215.37500000000875,553.7666315518621,12725.876527772383,13279.643159324245
215.42500000000877,568.5018239674347,11537.15842680406,12105.660250771496
215.47500000000878,588.0975120295774,9086.18791908887,9674.285431118447
215.5250000000088,602.2506398211191,5761.0591765466215,6363.3098163677405
215.5750000000088,611.2070471114414,2768.6609141800523,3379.867961291494
215.6250000000088,629.723092462778,971.3833654206501,1601.106457883428
215.67500000000882,661.3345052389725,274.8665595175387,936.2010647565112
215.72500000000883,689.9216868095655,278.6709713975225,968.592658207088
215.77500000000884,700.9065331534347,1098.403895931301,1799.3104290847355
215.82500000000886,688.5548151756128,3495.592362693277,4184.14717786889
215.87500000000887,651.4726167562086,7924.813954533015,8576.286571289224
215.92500000000888,599.8065836978437,13257.907196902215,13857.71378060006
215.9750000000089,554.3487346811975,17426.28796506145,17980.636699742645
216.0250000000089,527.5614229435824,19532.819613479132,20060.381036422714
216.0750000000089,516.7037837435912,20219.185909881606,20735.8896936252
216.12500000000892,513.9533413768961,20363.099264814242,20877.052606191137
216.17500000000894,513.197095991572,20382.492567111898,20895.68966310347
216.22500000000895,511.5293326517016,20384.162498937512,20895.691831589214
216.27500000000896,509.38808837639226,20384.162498937512,20893.550587313905
216.32500000000897,508.097174157729,20384.162498937512,20892.259673095243
216.37500000000898,507.60167227095667,20384.162498937512,20891.76417120847
216.425000000009,507.00889420250803,20384.162498937512,20891.17139314002
216.475000000009,505.925605315663,20384.162498937512,20890.088104253176
216.52500000000902,504.1236420750398,20384.162498937512,20888.28614101255
216.57500000000903,501.33456408139944,20384.162498937512,20885.497063018913
216.62500000000904,498.6443907360952,20384.162498937512,20882.806889673608
216.67500000000905,498.36482929482816,20384.162498937512,20882.52732823234
216.72500000000906,501.71093705607933,20384.162498937512,20885.87343599359
216.77500000000907,506.98303093995236,20382.82663778308,20889.80966872303
216.82500000000908,510.7804096886316,20366.973244195528,20877.75365388416
216.8750000000091,511.3217300720987,20247.93471832702,20759.256448399115
216.9250000000091,509.68067501053486,19669.947384385272,20179.628059395807
216.97500000000912,508.1467756806307,17847.77122050536,18355.91799618599
217.02500000000913,508.1176793177128,14096.9389923934,14605.056671711112
217.07500000000914,509.61967839671314,9019.865116615661,9529.484795012375
217.12500000000915,512.010017629378,4464.161754284632,4976.17177191401
217.17500000000916,514.1146127263828,1734.0594672440134,2248.174079970396
217.22500000000917,514.6548626207284,639.0007986052512,1153.6556612259797
217.2750000000092,513.0859121972699,351.96582283197307,865.051735029243
217.3250000000092,510.14355167327767,312.2251544764788,822.3687061497565
217.3750000000092,507.9303230588269,317.3867895678914,825.3171126267183
217.42500000000922,508.42047961635245,322.9781760511334,831.3986556674859
217.47500000000923,511.38427416880745,324.96983370219147,836.3541078709989
217.52500000000924,515.042774786021,325.3902170407654,840.4329918267864
217.57500000000925,518.8901262629503,325.4471097389592,844.3372360019096
217.62500000000927,523.7159266471932,325.45204656469696,849.1679732118902
217.67500000000928,528.8967401154808,325.4962575484304,854.3929976639113
217.7250000000093,532.668947167184,326.0057513584255,858.6746985256095
217.7750000000093,534.472302355923,329.7704297025373,864.2427320584603
217.8250000000093,534.9826967377359,347.6064135292473,882.5891102669832
217.87500000000932,534.9387777485298,401.78734838293207,936.7261261314618
217.92500000000933,534.7662327174014,507.31739957361964,1042.083632291021
217.97500000000935,534.636076549814,639.1162660096775,1173.7523425594914
218.02500000000936,534.5918694424835,744.7807821873957,1279.3726516298793
218.07500000000937,534.6841751838638,800.1405030325737,1334.8246782164374
218.12500000000938,535.0613369408912,824.92981858755,1359.9911555284411
218.1750000000094,536.1167447642569,856.300781983674,1392.4175267479309
218.2250000000094,538.1127665329454,930.276411980952,1468.3891785138976
218.2750000000094,540.322320519317,1060.4321410755358,1600.7544615948527
218.32500000000942,541.4681848986556,1212.5274101379425,1753.9955950365982
218.37500000000944,541.3928260889912,1328.9791420218887,1870.37196811088
218.42500000000945,541.1756423007455,1387.01067062059,1928.1863129213355
218.47500000000946,541.236876086124,1405.743434821063,1946.9803109071868
218.52500000000947,540.9249387639591,1409.6472150536106,1950.5721538175696
218.57500000000948,540.6327151929368,1410.1711796246852,1950.803894817622
218.6250000000095,541.901786607355,1410.2159710766357,1952.1177576839907
218.6750000000095,544.635011009114,1410.2159710766357,1954.8509820857498
218.72500000000952,546.7587185679764,1410.2159710766357,1956.9746896446122
218.77500000000953,547.4276094671603,1410.2159710766357,1957.643580543796
218.82500000000954,548.5596454244761,1410.2159710766357,1958.775616501112
218.87500000000955,552.0584727471677,1410.2159710766357,1962.2744438238033
218.92500000000956,557.2143057693739,1410.2159710766357,1967.4302768460097
218.97500000000957,562.131458451918,1410.2159710766357,1972.3474295285537
219.02500000000958,565.7473915511276,1410.2159710766357,1975.9633626277632
219.0750000000096,567.7562138853127,1410.2159710766357,1977.9721849619484
219.1250000000096,568.7279248436856,1410.2125996689695,1978.940524512655
219.17500000000962,570.7430114242624,1410.1430228647148,1980.886034288977
219.22500000000963,575.3205090227103,1409.5018685921716,1984.822377614882
219.27500000000964,581.039321189548,1405.5164446214908,1986.5557658110388
219.32500000000965,585.9456936176844,1388.863310702151,1974.8090043198354
219.37500000000966,590.5028035384756,1342.1359598966733,1932.638763435149
219.42500000000967,596.080549709,1253.1911727857268,1849.2717224947269
219.4750000000097,602.6770990837178,1133.3518862985266,1736.0289853822444
219.5250000000097,609.4595602416032,1006.1009194703836,1615.5604797119868
219.5750000000097,616.0342316770607,883.2415309994915,1499.2757626765522
219.62500000000972,622.4848175455954,772.2051613778732,1394.6899789234685
219.67500000000973,628.9672075265692,684.1757699977682,1313.1429775243373
219.72500000000974,635.51737770367,618.4911878136944,1254.0085655173643
219.77500000000975,641.8586270738862,562.6101113036291,1204.4687383775154
219.82500000000977,647.322215434614,512.7100272974413,1160.0322427320552
219.87500000000978,651.2279733125768,477.04012216752847,1128.2680954801053
219.9250000000098,653.463176045357,459.44414471774365,1112.9073207631006
219.9750000000098,655.1823814463112,453.8913708982189,1109.07375234453
220.0250000000098,658.932159466014,453.9204700572097,1112.8526295232236
220.07500000000982,665.8537365130812,459.9622980911854,1125.8160346042666
220.12500000000983,673.3552295204239,480.69660031663346,1154.0518298370573
220.17500000000985,678.3315921595005,527.6458397721626,1205.977431931663
220.22500000000986,681.1696494529522,602.8494123461634,1284.0190617991157
220.27500000000987,684.7809521991494,696.5703576654917,1381.351309864641
220.32500000000988,689.9511199166603,800.3853196916778,1490.336439608338
220.3750000000099,693.5812853545528,908.8165815398919,1602.3978668944446
220.4250000000099,693.5314002699248,1010.8122493100068,1704.3436495799315
220.4750000000099,692.6072887710668,1096.3549953821296,1788.9622841531964
220.52500000000992,694.5825698773853,1162.8298470535965,1857.4124169309816
220.57500000000994,697.4509585954846,1209.738936224998,1907.1898948204826
220.62500000000995,694.3226219805857,1238.103230820255,1932.4258528008409
220.67500000000996,681.8945570514442,1252.4114883623968,1934.3060454138408
220.72500000000997,667.3062282370089,1259.171590831605,1926.4778190686138
220.77500000000998,665.2447500427922,1266.4451151828198,1931.689865225612
220.82500000001,682.1671542850485,1283.978477960669,1966.1456322457175
220.87500000001,706.6667551921342,1317.5469424997887,2024.2136976919228
220.92500000001002,723.9788556449566,1359.4206502185361,2083.399505863493
220.97500000001003,731.8301269598845,1392.9476103158886,2124.7777372757732
221.02500000001004,737.1780098554268,1410.160925578992,2147.338935434419
221.07500000001005,745.3375151692584,1415.8274282605323,2161.1649434297906
221.12500000001006,755.9618707699219,1417.023468811999,2172.985339581921
221.17500000001007,766.8536320799276,1417.1853352987941,2184.0389673787217
221.22500000001008,777.72787983327,1417.1993811546502,2194.92726098792
221.2750000000101,789.8954368392673,1417.1993811546502,2207.0948179939173
221.3250000000101,804.3926408903425,1417.1993811546502,2221.5920220449925
221.37500000001012,821.5230361382899,1417.1993811546502,2238.72241729294
221.42500000001013,841.3563910622121,1417.1993811546502,2258.5557722168624
221.47500000001014,863.924253410559,1417.1993811546502,2281.123634565209
221.52500000001015,889.2606564469907,1417.1993811546502,2306.4600376016406
221.57500000001016,917.0887359800477,1417.1993811546502,2334.288117134698
221.62500000001017,946.89157964359,1417.1993811546502,2364.0909607982403
221.6750000000102,978.654633911945,1417.1993811546502,2395.854015066595
221.7250000000102,1013.2879536509139,1417.183643578901,2430.471597229815
221.7750000000102,1052.570744415907,1417.0022814658817,2469.5730258817885
221.82500000001022,1097.6675181299522,1415.6512156592685,2513.3187337892205
221.87500000001023,1146.8216358242287,1409.1757933004135,2555.997429124642
221.92500000001024,1196.5746181835734,1388.9550540385262,2585.5296722220996
221.97500000001025,1246.0825977694033,1346.964009575926,2593.046607345329
222.02500000001027,1297.8527089919123,1286.6059294447223,2584.458638436635
222.07500000001028,1354.642235593062,1222.8535551941004,2577.495790787162
222.1250000000103,1417.3475569904313,1170.8629945270013,2588.2105515174326
222.1750000000103,1484.2281217454763,1138.3266646018737,2622.5547863473503
222.2250000000103,1552.3283239738041,1123.541541769631,2675.869865743435
222.27500000001032,1621.3344361019076,1118.9341707165102,2740.2686068184175
222.32500000001033,1695.7877178923,1117.9842261931917,2813.7719440854917
222.37500000001035,1778.5815284782025,1117.8577950313409,2896.439323509543
222.42500000001036,1858.3811629333009,1117.8468240520465,2976.2279869853473
222.47500000001037,1916.7212606797973,1117.8468240520465,3034.5680847318436
222.52500000001038,1955.8876426874629,1117.8259651906017,3073.7136078780645
222.5750000000104,2004.5788080035122,1117.5855846359905,3122.1643926395027
222.6250000000104,2096.6571482763493,1115.8093992328768,3212.466547509226
222.6750000000104,2270.7051236488232,1107.3939498359873,3378.0990734848106
222.72500000001043,2589.074736392591,1081.8268122298916,3670.9015486224826
222.77500000001044,3104.2975119076805,1031.9780697929477,4136.275581700628
222.82500000001045,3755.8098441491284,969.3363413447456,4725.146185493874
222.87500000001046,4297.999535254607,916.8049824005578,5214.804517655164
222.92500000001047,4416.385307588009,879.5647304189658,5295.950038006975
222.97500000001048,4017.5395236086474,837.290360991978,4854.8298846006255
223.0250000000105,3330.8690487434237,770.6087599272563,4101.47780867068
223.0750000000105,2652.1616052461704,687.9360675784873,3340.097672824658
223.12500000001052,2115.4480854325066,611.8866371098821,2727.3347225423886
223.17500000001053,1725.5276669165335,539.2384835252707,2264.7661504418043
223.22500000001054,1452.9093247135334,441.91690091698507,1894.8262256305184
223.27500000001055,1266.740189696116,313.73730064810036,1580.4774903442162
223.32500000001056,1139.6676502240923,187.9769384106835,1327.6445886347758
223.37500000001057,1049.2835210994356,98.30610753841927,1147.5896286378547
223.42500000001058,980.9833260247821,47.29333191650374,1028.2766579412857
223.4750000000106,928.210462131291,20.522536319020524,948.7329984503116
223.5250000000106,886.8064901578039,7.272891194712513,894.0793813525164
223.57500000001062,850.232555716953,1.9076809097927583,852.1402366267457
223.62500000001063,812.9521955663818,0.34838403533725626,813.300579601719
223.67500000001064,775.7995799746233,0.04705844496777637,775.846638419591
223.72500000001065,744.8260739714735,0.05599862353357736,744.8820725950071
223.77500000001066,725.0798307662272,0.4119389366660649,725.4917697028933
223.82500000001068,715.0785259448044,2.1133480005321514,717.1918739453365
223.8750000000107,708.1002101118797,7.281772380394433,715.3819824922741
223.9250000000107,699.1680822873682,17.348488483669104,716.5165707710373
223.9750000000107,688.1377321313707,29.92029550380469,718.0580276351754
224.02500000001072,676.3184265895403,39.98701160707936,716.3054381966197
224.07500000001073,664.3256687975664,45.15543598694165,709.481104784508
224.12500000001074,653.3492634604851,46.856845050807735,700.2061085112928
224.17500000001075,644.5290645675784,47.21596501410463,691.7450295816831
224.22500000001077,637.4053037798831,47.26456661605334,684.6698703959364
224.27500000001078,630.8136194250447,47.268783987473796,678.0824034125185
224.3250000000108,623.51146256979,47.268783987473796,670.7802465572638
224.3750000000108,613.6223134914798,47.268783987473796,660.8910974789535
224.4250000000108,601.3249282847961,47.268783987473796,648.5937122722698
224.47500000001082,592.4946833083009,47.268783987473796,639.7634672957747
224.52500000001083,591.8092160119241,47.268783987473796,639.0779999993979
224.57500000001085,594.4589276652595,47.268783987473796,641.7277116527332
224.62500000001086,593.4488501514886,47.268783987473796,640.7176341389625
224.67500000001087,587.9865955703721,47.268783987473796,635.2553795578458
224.72500000001088,581.1049720909072,47.28042288548951,628.3853949763967
224.7750000000109,576.2037643299683,47.4145512398804,623.6183155698487
224.8250000000109,575.0027566080669,48.405633174931964,623.4083897829988
224.8750000000109,575.3405527004272,53.10109975899539,628.4416524594226
224.92500000001093,573.4053836499238,67.36466781167633,640.7700514616001
224.97500000001094,569.3433025826895,95.14630485478294,664.4896074374724
225.02500000001095,566.4415185862803,129.84137085508186,696.2828894413622
225.07500000001096,564.1260160598457,157.62300789818846,721.7490239580342
225.12500000001097,557.8931457928235,171.8865759508694,729.7797217436929
225.17500000001098,548.2418226880924,176.58204253493284,724.8238652230252
225.225000000011,543.0026719446053,177.5731244699844,720.5757964145896
225.275000000011,546.2080376424119,177.7072528243753,723.9152904667872
225.32500000001102,552.0628528354006,177.718891722391,729.7817445577916
225.37500000001103,554.4024454266979,177.718891722391,732.121337149089
225.42500000001104,553.3358373478154,177.718891722391,731.0547290702063
225.47500000001105,550.8784381497352,177.718891722391,728.5973298721262
225.52500000001106,548.1901629072341,177.718891722391,725.9090546296252
225.57500000001107,547.1120800001885,177.718891722391,724.8309717225795
225.62500000001108,548.5786851941546,177.718891722391,726.2975769165455
225.6750000000111,550.5859688778153,177.718891722391,728.3048606002062
225.7250000000111,550.3719022571167,177.718891722391,728.0907939795077
225.77500000001112,547.4321145180734,177.718891722391,725.1510062404643
225.82500000001113,544.0899323311,177.718891722391,721.808824053491
225.87500000001114,542.7044136605832,177.71721380344147,720.4216274640247
225.92500000001115,542.5137848253232,177.69787722130127,720.2116620466245
225.97500000001116,540.7804414373069,177.55499813110575,718.3354395684127
226.02500000001118,536.1348312328952,176.8780773137169,713.012908546612
226.0750000000112,530.1406484629654,174.82177343587162,704.962421898837
226.1250000000112,526.1030412113766,170.81664037423965,696.9196815856163
226.1750000000112,525.6998936157787,165.81483448001936,691.5147280957981
226.22500000001122,527.1259437662334,161.8097014183874,688.9356451846207
226.27500000001123,527.8425246850791,159.75339754054212,687.5959222256212
226.32500000001124,527.9788444901578,159.07647672315326,687.0553212133111
226.37500000001125,528.5434951023797,158.93359763295774,687.4770927353375
226.42500000001127,528.3070556846445,158.91426105081754,687.2213167354621
226.47500000001128,525.9041328286694,158.91258313186802,684.8167159605374
226.5250000000113,522.9564498436454,158.91258313186802,681.8690329755134
226.5750000000113,522.022550925354,158.91258313186802,680.9351340572221
226.6250000000113,523.1096470120232,158.91258313186802,682.0222301438912
226.67500000001132,524.4547289124794,158.91258313186802,683.3673120443474
226.72500000001133,525.0496656000615,158.91258313186802,683.9622487319295
226.77500000001135,525.0775895614775,158.91258313186802,683.9901726933455
226.82500000001136,524.9705981507196,158.91258313186802,683.8831812825877
226.87500000001137,524.8317756307773,158.91258313186802,683.7443587626453
226.92500000001138,524.6500892255343,158.91258313186802,683.5626723574023
226.9750000000114,524.5336242619845,158.9307285049927,683.4643527669772
227.0250000000114,524.5461073272893,159.13983842534228,683.6859457526316
227.0750000000114,524.5955481207556,160.68496335764831,685.2805114784039
227.12500000001143,524.5639580338378,168.00532934481433,692.5692873786521
227.17500000001144,524.3531091078344,190.24263772708665,714.595746834921
227.22500000001145,523.7099615220596,233.55500024466897,757.2649617667287
227.27500000001146,522.1034452621058,287.6455951885425,809.7490404506482
227.32500000001147,519.0166538976762,330.9579577061248,849.9746116038009
227.37500000001148,514.7564247854941,353.1952660883971,867.9516908738913
227.4250000000115,510.6461582390229,360.51563207556313,871.161790314586
227.4750000000115,508.40285565776327,362.06075700786914,870.4636126656324
227.52500000001152,509.95101847975985,362.26986692821873,872.2208854079786
227.57500000001153,515.9913982910737,362.2880123013434,878.279410592417
227.62500000001154,523.8828770112689,362.2880123013434,886.1708893126122
227.67500000001155,529.3459460346066,362.2880123013434,891.63395833595
227.72500000001156,530.1891926419831,362.2880123013434,892.4772049433266
227.77500000001157,527.4643127585812,362.2880123013434,889.7523250599245
227.82500000001158,524.5085808913992,362.2880123013434,886.7965931927426
227.8750000000116,524.274035234421,362.2880123013434,886.5620475357643
227.9250000000116,526.161620602765,362.2880123013434,888.4496329041083
227.97500000001162,527.5300456402898,362.2880123013434,889.8180579416332
228.02500000001163,528.1416693124772,362.2880123013434,890.4296816138205
228.07500000001164,529.5493000973584,362.28453889532614,891.8338389926845
228.12500000001165,531.5974902299778,362.2358797462979,893.8333699762757
228.17500000001166,532.7779807864665,361.84064414183354,894.6186249283
228.22500000001168,532.1844460218277,359.7042849520553,891.888730973883
228.2750000000117,530.3269324891545,351.964106530053,882.2910390192076
228.3250000000117,529.2473934250932,333.08498943362565,862.3323828587188
228.3750000000117,530.4135737270334,302.0779711848984,832.4915449119318
228.42500000001172,532.7505850023136,267.9038312942232,800.6544162965369
228.47500000001173,534.4945573583483,242.74452800500106,777.2390853633493
228.52500000001174,535.1672397299368,230.39053170292797,765.5577714328648
228.57500000001176,534.9440518416561,226.31226809699817,761.2563199386543
228.62500000001177,533.7280415547415,225.38302008537107,759.1110616401126
228.67500000001178,530.7689626367105,225.2292996128915,755.998262249602
228.7250000000118,525.0136967450567,225.20995007634164,750.2236468213983
228.7750000000118,516.4356421880689,225.19878802525434,741.6344302133232
228.8250000000118,505.5521438130528,225.07645184234897,730.6285956554018
228.87500000001182,490.5244505685651,224.13086675107306,714.6553173196381
228.92500000001183,468.0849263175681,219.3364269161202,687.4213532336883
228.97500000001185,441.21083966786324,203.28207652169127,644.4929161895545
229.02500000001186,422.57679994528263,167.48586211033285,590.0626620556154
229.07500000001187,424.36150766711194,113.96516853961062,538.3266762067226
229.12500000001188,446.63008957027864,60.11106680643286,506.7411563767115
229.1750000000119,477.59569001554075,23.78311157376288,501.37880158930363
229.2250000000119,503.13915714610596,8.319457527523946,511.4586146736299
229.27500000001191,516.8628259136169,8.408683123490514,525.2715090371074
229.32500000001193,520.9822845320497,22.83556010604265,543.8178446380923
229.37500000001194,520.2169696003622,52.85747177121819,573.0744413715804
229.42500000001195,518.7281800304531,91.09371565099002,609.8218956814432
229.47500000001196,519.4031581907825,123.52183032679488,642.9249885175774
229.52500000001197,522.3386967739477,143.68212333454784,666.0208201084956
229.57500000001198,525.9739396249315,154.70363838244398,680.6775780073755
229.625000000012,529.2734339635497,160.54111636946703,689.8145503330168
229.675000000012,531.0939321305043,163.13381443809098,694.2277465685953
229.72500000001202,530.0986441089076,163.95222412822557,694.0508682371332
229.77500000001203,526.656217037328,164.12231651498277,690.7785335523108
229.82500000001204,523.5017263972404,164.14533601632095,687.6470624135613
229.87500000001205,523.3262065211311,164.1473335181144,687.4735400392456
229.92500000001206,525.8578444014261,164.1473335181144,690.0051779195405
229.97500000001207,528.9310234347842,164.1473335181144,693.0783569528985
230.02500000001208,531.3218613894473,164.1473335181144,695.4691949075618
230.0750000000121,532.854522896294,164.1473335181144,697.0018564144084
230.1250000000121,533.4861222343379,164.1473335181144,697.6334557524524
230.17500000001212,533.1555039588382,164.1473335181144,697.3028374769526
230.22500000001213,531.6485939274579,164.1473335181144,695.7959274455723
230.27500000001214,529.0415842915492,164.1473335181144,693.1889178096635
230.32500000001215,526.688577792769,164.1473335181144,690.8359113108834
230.37500000001216,526.6471835530353,164.13268811760426,690.7798716706396
230.42500000001218,529.872833532786,163.9639123909703,693.8367459237563
230.4750000000122,536.0408984938342,162.71681907873426,698.7577175725685
230.5250000000122,544.3933566557918,156.8084428207121,701.2017994765039
230.5750000000122,553.8707395124983,138.86038050818826,692.7311200206866
230.62500000001222,563.5166961658587,103.90232857111512,667.4190247369738
230.67500000001223,572.3873221282887,60.24500494699928,632.632327075288
230.72500000001224,578.8245488812075,25.286953009926137,604.1115018911337
230.77500000001226,582.1122006868055,7.338890697402322,589.4510913842079
230.82500000001227,584.0918144483156,1.430514439380139,585.5223288876957
230.87500000001228,587.2017506247205,0.1834211271440878,587.3851717518646
230.9250000000123,592.9842167605908,0.014645400510136318,592.998862161101
230.9750000000123,602.3057197184495,0.0,602.3057197184495
231.0250000000123,613.855760816378,0.0,613.855760816378
231.07500000001232,624.4054509654842,0.08110819997155415,624.4865591654558
231.12500000001234,632.1379096835745,1.0158108990678643,633.1537205826424
231.17500000001235,637.4095076720047,7.922381578512394,645.3318892505171
231.22500000001236,641.3192659339659,40.64376483540398,681.9630307693699
231.27500000001237,645.3270627481484,140.05616700059042,785.3832297487388
231.32500000001238,650.2434642973982,333.8154834464111,984.0589477438093
231.3750000000124,653.6599535165684,576.7550947782775,1230.4150482948457
231.4250000000124,649.5533919391685,775.8507578970173,1425.4041498361858
231.47500000001241,636.4175951685262,891.9366078307629,1528.354202999289
231.52500000001243,624.5527383551918,957.159954094654,1581.7126924498457
231.57500000001244,620.258013033241,1004.6565645157245,1624.9145775489656
231.62500000001245,614.3766250500807,1038.0932302218205,1652.4698552719012
231.67500000001246,607.5692899602276,1054.8614026317496,1662.4306925919773
231.72500000001247,617.5940075509129,1060.3546671567678,1677.9486747076808
231.77500000001248,643.2807257281235,1061.5141419688523,1704.7948676969759
231.8250000000125,656.6435081516576,1061.6710598209513,1718.314567972609
231.8750000000125,643.0734280299475,1061.6846762623497,1704.7581042922973
231.92500000001252,624.5877313259248,1061.6846762623497,1686.2724075882745
231.97500000001253,632.091555145005,1061.6846762623497,1693.7762314073548
232.02500000001254,664.9333095741922,1061.6846762623497,1726.617985836542
232.07500000001255,692.6473125285521,1061.6846762623497,1754.331988790902
232.12500000001256,690.6713488010987,1061.6846762623497,1752.3560250634484
232.17500000001257,662.2757325462103,1061.6846762623497,1723.96040880856
232.22500000001259,636.1459342702632,1061.6846762623497,1697.8306105326128
232.2750000000126,642.2713821466842,1061.6846762623497,1703.956058409034
232.3250000000126,678.4662538966884,1061.6846762623497,1740.1509301590381
232.37500000001262,711.8870966515295,1061.6846762623497,1773.5717729138792
232.42500000001263,714.4215433646206,1061.6655343041791,1776.0870776687998
232.47500000001264,682.8654777063746,1061.422604010557,1744.2880817169316
232.52500000001265,636.4922473793797,1059.5352188133193,1696.027466192699
232.57500000001266,604.237770482647,1049.9108697724391,1654.148640255086
232.62500000001268,606.302489242944,1017.4540464847265,1623.7565357276706
232.6750000000127,643.648943330583,944.5359235678309,1588.184866898414
232.7250000000127,697.0779805131103,835.2825139485974,1532.3604944617077
232.7750000000127,739.6301219938897,728.6463450773961,1468.2764670712859
232.82500000001272,758.9960253330258,671.3580451491591,1430.3540704821849
232.87500000001273,762.3257084989335,685.4072150319286,1447.732923530862
232.92500000001274,762.0049006329897,770.1420085811654,1532.1469092141551
232.97500000001276,764.1403114192119,910.6173928906002,1674.7577043098122
233.02500000001277,767.7629485384497,1066.26070368426,1834.0236522227096
233.07500000001278,770.6515719537161,1183.7931927467946,1954.4447647005109
233.1250000000128,772.479937712832,1242.6078634143707,2015.0878011272027
233.1750000000128,772.6658304452758,1261.7608257674265,2034.4266562127023
233.2250000000128,768.1264056357302,1265.7853964631981,2033.9118020989283
233.27500000001282,754.6039732512269,1266.3283542056306,2020.9323274568574
233.32500000001284,734.9491979370298,1266.3754689996629,2001.3246669366927
233.37500000001285,723.9858326137878,1266.3754689996629,1990.3613016134507
233.42500000001286,730.2569309045772,1266.3754689996629,1996.6323999042402
233.47500000001287,739.0869618343085,1266.3754689996629,2005.4624308339712
233.52500000001288,730.462200658544,1266.3754689996629,1996.8376696582068
233.5750000000129,703.566870930343,1266.3754689996629,1969.9423399300058
233.6250000000129,678.337263452345,1266.3754689996629,1944.712732452008
233.67500000001291,676.1644710604382,1266.3754689996629,1942.5399400601011
233.72500000001293,697.2743565784804,1266.3754689996629,1963.6498255781432
233.77500000001294,723.6180164423619,1266.3754689996629,1989.9934854420248
233.82500000001295,741.0054714064876,1266.3754689996629,2007.3809404061503
233.87500000001296,748.3219252013332,1266.3514619271607,2014.673387128494
233.92500000001297,750.3708566361059,1266.0748009302076,2016.4456575663135
233.97500000001298,750.7556136250063,1264.0305373033352,2014.7861509283416
234.025000000013,750.8032301544998,1254.345393008483,2005.1486231629829
234.075000000013,750.8067600560429,1224.9245224141685,1975.7312824702112
234.12500000001302,750.8067600560429,1167.6204912401574,1918.4272512962002
234.17500000001303,750.8106167806708,1096.0564167192567,1846.8670334999274
234.22500000001304,750.8550622365017,1038.7523855452457,1789.6074477817474
234.27500000001305,751.1754072224586,1009.3315149509309,1760.5069221733895
234.32500000001306,752.6356093605168,999.6463706560787,1752.2819800165955
234.37500000001307,756.6412056033264,997.6021070292063,1754.2433126325327
234.42500000001309,762.3312266883283,997.3254460322532,1759.6566727205816
234.4750000000131,762.6264736948401,997.3014389597511,1759.9279126545912
234.5250000000131,748.2094673455236,997.3014389597511,1745.5109063052746
234.57500000001312,719.2180470418157,997.3014389597511,1716.5194860015667
234.62500000001313,687.4458915233657,997.3014389597511,1684.747330483117
234.67500000001314,666.4657220855712,997.3014389597511,1663.7671610453222
234.72500000001315,665.8032511001313,997.3014389597511,1663.1046900598824
234.77500000001316,688.1355156007412,997.2995415445549,1685.435057145296
234.82500000001318,723.0502916910119,997.2445219148227,1720.2948136058346
234.8750000000132,752.1957398647038,996.7008859280221,1748.896625792726
234.9250000000132,766.0166961218351,993.1123051992288,1759.129001321064
234.9750000000132,766.9790054058745,977.4119138056346,1744.3909192115093
235.02500000001322,760.280592266958,932.2674390554785,1692.5480313224366
235.07500000001323,750.7413947944281,847.6424788814771,1598.3838736759053
235.12500000001324,743.6730255517689,745.5216365075387,1489.1946620593076
235.17500000001326,742.6825561419752,669.9230932820036,1412.6056494239788
235.22500000001327,747.4350218673281,646.3381475108635,1393.7731693781916
235.27500000001328,753.1658261894779,667.4915458045617,1420.6573719940397
235.3250000000133,753.6857272706119,707.9692144280593,1461.6549416986713
235.3750000000133,747.6925527609021,742.2753118409684,1489.9678646018706
235.4250000000133,739.8207086555603,760.0526295074731,1499.8733381630334
235.47500000001332,734.5101544868457,765.9218345379951,1500.4319890248407
235.52500000001334,732.287769492237,767.2299275776643,1499.5176970699013
235.57500000001335,731.6800725333836,767.9187814945508,1499.5988540279345
235.62500000001336,731.5695722389563,770.4034282327342,1501.9730004716905
235.67500000001337,731.5562049954875,777.9069708409467,1509.4631758364342
235.72500000001338,731.5553046699905,792.5218762074661,1524.0771808774566
235.7750000000134,731.5553046699905,810.7736842450107,1542.3289889150012
235.8250000000134,731.5553046706402,825.3885896115303,1556.9438942821705
235.87500000001342,731.5575853102272,832.8921322197427,1564.4497175299698
235.92500000001343,731.5815870689871,835.3622458300841,1566.9438328990714
235.97500000001344,731.7495066438929,835.8836178669001,1567.633124510793
236.02500000001345,732.475378384497,835.9541778991742,1568.4295562836712
236.07500000001346,734.3502409622384,835.9603006986624,1570.310541660901
236.12500000001347,736.9990961450211,835.9603006986624,1572.9593968436834
236.17500000001348,738.3537766286962,835.9603006986624,1574.3140773273585
236.2250000000135,736.9990950043781,835.9603006986624,1572.9593957030406
236.2750000000135,734.3502396733912,835.9603006986624,1570.3105403720538
236.32500000001352,732.475377643525,835.9603006986624,1568.4356783421874
236.37500000001353,731.7495063892441,835.9603006986624,1567.7098070879065
236.42500000001354,731.581587014307,835.9603006986624,1567.5418877129696
236.47500000001355,731.5580423875855,835.9603006986624,1567.518343086248
236.52500000001356,731.5618120963887,835.9603006986624,1567.5221127950513
236.57500000001357,731.612488137138,835.9578458085507,1567.5703339456886
236.62500000001359,731.8917094587109,835.9295552976748,1567.8212647563857
236.6750000000136,732.9620603950825,835.6922042161515,1568.6542646112339
236.7250000000136,735.832465922896,834.3755718183382,1570.2080377412342
236.77500000001362,741.0799542879338,828.9563368401755,1570.0362911281093
236.82500000001363,747.0153730615792,811.6751650525737,1558.6905381141528
236.87500000001364,749.9427188966066,769.6619813802658,1519.6047002768723
236.92500000001365,748.6043719037204,696.2251079226716,1444.829479826392
236.97500000001367,746.3847827458679,608.8229872330843,1355.2077699789522
237.02500000001368,746.8957596229714,540.2554761069683,1287.1512357299398
237.0750000000137,750.8980104903495,505.3511765486027,1256.2491870389522
237.1250000000137,758.158652586965,493.9079640307916,1252.0666166177566
237.1750000000137,767.7320013014288,491.5698321360333,1259.3018334374622
237.22500000001372,776.0196189500351,491.7992988871082,1267.8189178371433
237.27500000001373,779.3272892866738,494.41087777561796,1273.7381670622917
237.32500000001374,779.1752262011402,502.4874984607811,1281.6627246619214
237.37500000001376,781.2300055209046,518.5168435174461,1299.7468490383508
237.42500000001377,788.4935443098092,539.6697509332064,1328.1632952430155
237.47500000001378,797.825495032236,559.9414119449265,1357.7669069771623
237.5250000000138,804.7868222905927,578.1955876374659,1382.9824099280586
237.5750000000138,810.2620491068523,599.8070960862668,1410.069145193119
237.6250000000138,817.8556918256078,634.1641001792094,1452.0197920048172
237.67500000001382,827.1544467837423,696.8878697941291,1524.0423165778714
237.72500000001384,835.5073144346089,799.4012228562483,1634.908537290857
237.77500000001385,842.7057718246298,921.1326381247746,1763.8384099494044
237.82500000001386,848.6251407499024,1017.2933175393337,1865.918458289236
237.87500000001387,851.5869432320642,1066.4866170310684,1918.0735602631325
237.92500000001388,852.4831509169842,1082.6653725025583,1935.1485234195425
237.9750000000139,854.6265673766615,1086.079097674077,1940.7056650507384
238.0250000000139,858.877840452999,1086.5410951370566,1945.4189355900555
238.07500000001392,863.9869038819144,1086.5811846571253,1950.5680885390398
238.12500000001393,870.5899927469649,1086.5811846571253,1957.17117740409
238.17500000001394,880.8335362671132,1086.5811846571253,1967.4147209242385
238.22500000001395,895.0088492035669,1086.5811846571253,1981.590033860692
238.27500000001396,911.2180733340301,1086.5811846571253,1997.7992579911554
238.32500000001397,926.8937291202013,1086.5811846571253,2013.4749137773265
238.37500000001398,940.4989587823255,1086.5811846571253,2027.0801434394507
238.425000000014,953.6158146518056,1086.5811846571253,2040.196999308931
238.475000000014,968.3160754322957,1086.5811846571253,2054.8972600894213
238.52500000001402,983.2916155863046,1086.5811846571253,2069.87280024343
238.57500000001403,996.2402739691762,1086.5811846571253,2082.8214586263016
238.62500000001404,1007.561339994679,1086.5484926826368,2094.109832677316
238.67500000001405,1019.2543824921698,1086.1494073675815,2105.403789859751
238.72500000001406,1031.2231663338487,1083.0981327539366,2114.3212990877855
238.77500000001407,1042.7076996075025,1067.891385644321,2110.5990852518235
238.8250000000141,1056.8574455558567,1017.960254949559,2074.817700505416
238.8750000000141,1077.7845284028765,908.4994591538779,1986.2839875567543
238.9250000000141,1105.625768604228,745.4211142306243,1851.046882834852
238.97500000001412,1138.0382567633308,576.8315695424021,1714.8698263057329
239.02500000001413,1171.8654265080575,453.51727685419576,1625.3827033622533
239.07500000001414,1203.2660900123774,388.9870921372593,1592.2531821496368
239.12500000001415,1229.3491527591614,364.88704992281515,1594.2362026819765
239.17500000001417,1248.4056660326848,358.5392117580355,1606.9448777907203
239.22500000001418,1257.4053515279704,357.1817751847302,1614.5871267127006
239.2750000000142,1245.008629791637,355.47454067754603,1600.483170469183
239.3250000000142,1188.6314821859985,348.0301135351953,1536.6615957211939
239.3750000000142,1091.5554886765428,325.4464400644382,1417.001928740981
239.42500000001422,1006.8948646131307,281.4594504733811,1288.3543150865119
239.47500000001423,942.8647291302879,226.57911062194538,1169.4438397522333
239.52500000001424,832.5941529168352,183.2001620317767,1015.7943149486119
239.57500000001426,710.068683626558,165.109337627034,875.1780212535921
239.62500000001427,725.2495672897677,178.96080194225465,904.2103692320223
239.67500000001428,899.8810826720552,242.05231715446996,1141.9333998265251
239.7250000000143,1082.4247379116111,367.78180989458394,1450.206547806195
239.7750000000143,1167.604506576878,525.0457309708423,1692.6502375477203
239.8250000000143,1190.4238697182564,650.9875906970811,1841.4114604153374
239.87500000001432,1213.3897462320876,715.6482974833335,1929.0380437154213
239.92500000001434,1240.9414370170973,736.9341487440709,1977.8755857611682
239.97500000001435,1250.0819639579388,741.4269978100853,1991.5089617680242
240.02500000001436,1236.14248075311,742.0350388109737,1978.1775195640837
240.07500000001437,1214.7295936094793,742.0878011611185,1956.8173947705977
240.12500000001438,1199.8671432836256,742.0878011611185,1941.9549444447441
240.1750000000144,1189.1169448493092,742.0878011611185,1931.2047460104277
240.2250000000144,1173.3151361381654,742.0878011611185,1915.4029372992838
240.27500000001442,1150.744317966059,742.0878011611185,1892.8321191271775
240.32500000001443,1125.3012833768973,742.0878011611185,1867.3890845380158
240.37500000001444,1098.4195351204974,742.0878011611185,1840.5073362816158
240.42500000001445,1069.9084967052343,742.0878011611185,1811.9962978663527
240.47500000001446,1045.1691980208755,742.0878011611185,1787.256999181994
240.52500000001447,1029.9013244777807,742.0878011611185,1771.9891256388992
240.57500000001448,1020.0772665122179,742.0834983050263,1762.1607648172442
240.6250000000145,1008.4357766271129,742.0339115652811,1750.469688192394
240.6750000000145,993.7423060179323,741.6675123635408,1735.409818381473
240.72500000001452,977.9767977279715,739.9316163216969,1717.9084140496684
240.77500000001453,961.6731181197551,734.6584297529208,1696.3315478726759
240.82500000001454,944.6476388078598,724.3876647680834,1669.035303575943
240.87500000001455,926.4402642329512,711.561031532987,1638.0012957659383
240.92500000001456,906.1123949960164,701.2902665481496,1607.402661544166
240.97500000001457,885.8934950037648,696.0170799793735,1581.9105749831383
241.0250000000146,871.1944730102842,694.2811839375296,1565.4756569478138
241.0750000000146,862.5196370065195,693.9147847357893,1556.4344217423088
241.1250000000146,854.995678755158,693.8651979960441,1548.860876751202
241.17500000001462,848.7225089506259,693.8608951399519,1542.583404090578
241.22500000001463,846.7493289139029,693.8608951399519,1540.6102240538548
241.27500000001464,844.0327615821597,693.8608951399519,1537.8936567221117
241.32500000001465,833.3279056211633,693.8608951399519,1527.188800761115
241.37500000001467,819.0295284102416,693.8608951399519,1512.8904235501936
241.42500000001468,813.0736364418364,693.8608951399519,1506.9345315817882
241.4750000000147,817.7611028457177,693.8322809937423,1511.5933838394599
241.5250000000147,822.646175966229,693.482403968897,1516.1285799351258
241.5750000000147,819.031788699812,690.8139307804574,1509.8457194802695
241.62500000001472,809.6138772675921,677.5565979053919,1487.170475172984
241.67500000001473,803.2013409730872,634.371344326916,1437.5726853000033
241.72500000001475,804.2157440271723,541.408945320674,1345.6246893478462
241.77500000001476,809.3150621124114,408.0823409610527,1217.3974030734641
241.82500000001477,812.6712050155631,279.85074496176463,1092.5219499773277
241.87500000001478,811.0608564626044,197.1784518973023,1008.2393083599068
241.9250000000148,803.1366605722026,163.0942744341956,966.2309350063981
241.9750000000148,788.6278251196503,159.67018922911447,948.2980143487648
242.0250000000148,772.0425065737651,175.11586426031485,947.15837083408
242.07500000001482,762.4316893590284,209.25991921961295,971.6916085786413
242.12500000001484,764.8908254111523,266.2750850818915,1031.1659104930438
242.17500000001485,775.0495345294731,342.74247918183465,1117.7920137113078
242.22500000001486,784.2842880528352,421.97568526699683,1206.2599733198322
242.27500000001487,787.3574975229623,492.0476073249955,1279.4051048479578
242.32500000001488,782.5413911434697,564.0375509213513,1346.5789420648211
242.3750000000149,769.9505389282007,652.302323436857,1422.2528623650578
242.4250000000149,754.0817437573801,743.9721924587757,1498.0539362161558
242.47500000001492,742.786107045148,810.7054638294866,1553.4915708746346
242.52500000001493,741.0835483640113,843.0047967053679,1584.088345069379
242.57500000001494,748.2307882089503,853.2352172229406,1601.466005431891
242.62500000001495,758.925572494298,855.3408057338954,1614.2663782281934
242.67500000001496,767.1399275079476,855.6211004947115,1622.7610280026593
242.72500000001497,770.9032913107641,855.6446994353302,1626.5479907460942
242.77500000001498,771.7924759612924,855.6446994353302,1627.4371753966225
242.825000000015,771.0827441198152,855.6446994353302,1626.7274435551453
242.875000000015,769.2936988491772,855.6446994353302,1624.9383982845075
242.92500000001502,767.4421766176841,855.6446994353302,1623.0868760530143
242.97500000001503,766.469274681438,855.6446994353302,1622.113974116768
243.02500000001504,765.7841322834057,855.6446994353302,1621.4288317187359
243.07500000001505,763.4619827411481,855.6446994353302,1619.1066821764782
243.12500000001506,758.9635601936483,855.6446994353302,1614.6082596289784
243.17500000001507,754.9449429086416,855.6446994353302,1610.5896423439717
243.2250000000151,753.8180551010688,855.6411799739535,1609.4592350750222
243.2750000000151,753.5671631851399,855.6006211889079,1609.1677843740476
243.3250000000151,751.2547069321303,855.3009300509016,1606.555636983032
243.37500000001512,748.8502248126425,853.8810779939921,1602.7313028066346
243.42500000001513,750.2438103938715,849.5679482813445,1599.811758675216
243.47500000001514,754.0716503539593,841.1671187165363,1595.2387690704954
243.52500000001515,754.8939872542436,830.6757522158496,1585.5697394700933
243.57500000001517,751.4897403678413,822.2749226510414,1573.7646630188826
243.62500000001518,748.4031013005726,817.9617929383937,1566.3648942389664
243.6750000000152,748.5379658308166,816.5433644405865,1565.0813302714032
243.7250000000152,750.00057639793,816.2600786048279,1566.2606550027579
243.7750000000152,750.6284083416672,816.340739518411,1566.9691478600782
243.82500000001522,750.7707626490181,816.9115247881682,1567.6822874371865
243.87500000001523,751.4201927366644,818.656108519912,1570.0763012565762
243.92500000001525,752.4159697267391,822.0540936416995,1574.4700633684388
243.97500000001526,753.0286444152507,826.2976635179284,1579.3263079331791
244.02500000001527,752.8103734557742,829.6956486397158,1582.5060220954902
244.07500000001528,750.9615990630925,831.4402323714596,1582.4018314345522
244.1250000000153,746.6760409374865,832.0145371025934,1578.6905780400798
244.1750000000153,741.4461357388933,832.1357568012221,1573.5818925401154
244.2250000000153,738.8989659617692,832.1521621034699,1571.051128065239
244.27500000001532,740.8421216408182,832.1535856625723,1572.9957073033904
244.32500000001534,745.0635431885798,832.1535856625723,1577.2171288511522
244.37500000001535,748.305649035307,832.1535856625723,1580.4592346978793
244.42500000001536,749.8989701210185,832.1535856625723,1582.0525557835908
244.47500000001537,750.7644628776637,832.1535856625723,1582.918048540236
244.52500000001538,750.7859026197015,832.1535856625723,1582.9394882822737
244.5750000000154,748.9077871834799,832.1535856625723,1581.061372846052
244.6250000000154,744.7244273553843,832.1535856625723,1576.8780130179566
244.67500000001542,739.6964122216809,832.1535856625723,1571.8499978842533
244.72500000001543,736.5742368698959,832.1535856625723,1568.727822532468
244.77500000001544,737.1631626543829,832.1420009780867,1569.3051636324694
244.82500000001545,741.7518540105694,832.0084973883064,1573.7603513988759
244.87500000001546,749.884480491406,831.0220318740107,1580.9065123654168
244.92500000001547,759.1671444723606,826.3484365890106,1585.5155810613712
244.97500000001548,765.0964625102415,812.1513076765095,1577.247770186751
245.0250000000155,764.9210363727694,784.4990764083898,1549.4201127811593
245.0750000000155,760.8652646578965,749.9656186638252,1510.8308833217218
245.12500000001552,759.1617174748595,722.3133873957054,1481.4751048705648
245.17500000001553,763.9372751663736,708.1131849053838,1472.0504600717575
245.22500000001554,771.4490431068563,703.4041692623232,1474.8532123691793
245.27500000001555,776.150013519979,702.1559807352753,1478.3059942552543
245.32500000001556,780.259493954571,700.782507353699,1481.0420013082698
245.37500000001558,787.6122854485396,697.004227029513,1484.6165124780528
245.4250000000156,794.0207565758539,689.6677057097762,1483.68846228563
245.4750000000156,795.362714582295,680.5054993572162,1475.8682139395112
245.5250000000156,796.3635559453442,673.1689780374793,1469.5325339828235
245.57500000001562,800.8934371226901,669.4022823977789,1470.295719520469
245.62500000001563,806.3583803047218,668.1623126059828,1474.5206929107046
245.67500000001564,813.7750442664473,667.9053425550045,1481.6803868214517
245.72500000001565,824.0014255832914,667.9355155127772,1491.9369410960685
245.77500000001567,827.2518441819863,668.4618541951868,1495.713698377173
245.82500000001568,817.2280302945833,671.3006433068695,1488.5286736014527
245.8750000000157,806.9171495189412,681.4903330905112,1488.4074826094525
245.9250000000157,815.1912137762896,706.0948643012266,1521.2860780775163
245.9750000000157,842.0393428133856,746.0889892903658,1588.1283321037513
246.02500000001572,869.2327414623553,789.6865938016664,1658.9193352640218
246.07500000001573,883.9100246656209,821.3371343209011,1705.247158986522
246.12500000001575,887.8779077217868,836.513995871493,1724.3919035932797
246.17500000001576,887.3347100335318,841.2836176145049,1728.6183276480367
246.22500000001577,885.5380772387683,842.2596989153043,1727.7977761540726
246.27500000001578,884.651879178357,842.389137285518,1727.0410164638752
246.3250000000158,888.3066517039335,842.3999567782305,1730.706608482164
246.3750000000158,898.5388453608725,842.3999567782305,1740.938802139103
246.4250000000158,912.9518867842984,842.3999567782305,1755.3518435625288
246.47500000001583,929.2399757617201,842.3999567782305,1771.6399325399507
246.52500000001584,949.3946092370118,842.3999567782305,1791.7945660152423
246.57500000001585,975.772799681718,842.3999567782305,1818.1727564599485
246.62500000001586,1005.883468324119,842.3999567782305,1848.2834251023496
246.67500000001587,1035.244091683359,842.3999567782305,1877.6440484615896
246.72500000001588,1063.7816459486342,842.3999567782305,1906.1816027268646
246.7750000000159,1095.555915276176,842.3999567782305,1937.9558720544064
246.8250000000159,1133.147923558257,842.3999567782305,1975.5478803364874
246.87500000001592,1176.1791681793868,842.380567235665,2018.5597354150518
246.92500000001593,1224.1905130680402,842.157119325632,2066.347632393672
246.97500000001594,1276.755051591721,840.5060501832095,2117.2611017749305
247.02500000001595,1328.8873164861477,832.6837504196483,2161.571066905796
247.07500000001596,1361.606279525089,808.921701854611,2170.5279813796997
247.12500000001597,1336.1403568586252,762.6644454941165,2098.8048023527417
247.17500000001598,1226.2969501257205,705.1519217299093,1931.44887185563
247.225000000016,1081.418477608072,660.9896024649258,1742.4080800729978
247.275000000016,1012.405094370866,647.2707179796046,1659.6758123504706
247.32500000001602,1070.8604262642634,669.956856887819,1740.8172831520824
247.37500000001603,1178.3560409278325,727.7281122858425,1906.084153213675
247.42500000001604,1224.0779746066005,801.727104289941,2025.8050788965415
247.47500000001605,1199.4089328950995,861.2791285221953,2060.6880614172946
247.52500000001606,1172.6832358631461,892.8891959105042,2065.5724317736504
247.57500000001608,1189.5439314325115,908.1515660352364,2097.695497467748
247.6250000000161,1245.089557083642,926.1259457019278,2171.2155027855697
247.6750000000161,1298.5503781380805,957.2932766682302,2255.843654806311
247.7250000000161,1316.6419431496145,995.8831774415563,2312.525120591171
247.77500000001612,1303.872698981093,1026.7636203964603,2330.6363193775533
247.82500000001613,1279.4254076745374,1042.6181684528174,2322.0435761273548
247.87500000001614,1252.504063996979,1047.8373744978337,2300.341438494813
247.92500000001615,1224.1695672229696,1048.9390032143672,2273.1085704373368
247.97500000001617,1195.390261919708,1049.0880924487408,2244.478354368449
248.02500000001618,1166.167716594874,1049.1010295670853,2215.2687461619594
248.0750000000162,1130.88897058926,1049.1010295670853,2179.9900001563456
248.1250000000162,1081.4159455600582,1049.1010295670853,2130.5169751271433
248.1750000000162,1022.9147832953734,1049.1010295670853,2072.015812862459
248.22500000001622,982.8979745647279,1049.1010295670853,2031.9990041318133
248.27500000001623,980.3199015590616,1049.1010295670853,2029.420931126147
248.32500000001625,995.988361081308,1049.1010295670853,2045.0893906483934
248.37500000001626,1001.1750957562219,1049.1010295670853,2050.2761253233075
248.42500000001627,990.6222842375087,1049.1010295670853,2039.723313804594
248.47500000001628,973.1427161158996,1049.1010295670853,2022.2437456829848
248.5250000000163,954.9911055862827,1049.0683828338058,2004.0594884200887
248.5750000000163,938.0657728878991,1048.6921571288376,1986.7579300167367
248.6250000000163,922.3338815850302,1045.9122042889667,1968.246085873997
248.67500000001633,906.7684696338905,1032.7415720705446,1939.510041704435
248.72500000001634,890.2119309116147,992.732724050649,1882.9446549622637
248.77500000001635,872.3278108938663,914.8146198229075,1787.1424307167738
248.82500000001636,853.1048948017317,817.5939310681973,1670.698825869929
248.87500000001637,833.164680764875,740.3903665439947,1573.5550473088697
248.92500000001638,816.3424786926383,703.8070340202394,1520.1495127128778
248.9750000000164,807.5611299011188,701.0421990788219,1508.6033289799407
249.0250000000164,805.7360649991946,718.5299718196866,1524.2660368188813
249.07500000001642,804.1761324550774,743.4650722834564,1547.6412047385338
249.12500000001643,798.7288391827931,763.7001511309124,1562.4289903137055
249.17500000001644,791.236435762379,774.1059484079168,1565.3423841702956
249.22500000001645,786.2884860561048,777.5314639040573,1563.8199499601621
249.27500000001646,786.1177633620442,778.2544946115884,1564.3722579736327
249.32500000001647,787.6533986826568,778.3523461771808,1566.0057448598377
249.37500000001648,785.5340443900457,778.3608371811731,1563.8948815712188
249.4250000000165,777.9659161210981,778.3608371811731,1556.3267533022713
249.4750000000165,768.7485877956941,778.3608371811731,1547.109424976867
249.52500000001652,762.9488851636893,778.3608371811731,1541.3097223448624
249.57500000001653,761.4998836930355,778.3608371811731,1539.8607208742087
249.62500000001654,762.0681322869436,778.3608371811731,1540.4289694681167
249.67500000001655,761.8640931056381,778.3608371811731,1540.2249302868113
249.72500000001656,758.4748371180608,778.3608371811731,1536.835674299234
249.77500000001658,752.7418225931755,778.3608371811731,1531.1026597743485
249.8250000000166,748.3839441721567,778.3608371811731,1526.74478135333
249.8750000000166,746.0043550128214,778.3595466306257,1524.3639016434472
249.9250000000166,742.7671896412502,778.3319536290161,1521.0991432702663
249.97500000001662,738.2981194386765,778.0754669487693,1516.3735863874458
250.02500000001663,734.7221581283922,776.4716377957777,1511.19379592417
250.07500000001664,732.1906446779828,769.7582374530548,1501.9488821310376
250.12500000001666,730.79460704063,751.0886471943732,1481.8832542350033
250.17500000001667,732.9293204761404,716.8781653800602,1449.8074858562006
250.22500000001668,737.8949662060731,675.8783631558578,1413.7733293619308
250.2750000000167,740.7327186137127,643.9333776819681,1384.6660962956807
250.3250000000167,739.5825394892188,627.8236405884063,1367.406180077625
250.3750000000167,737.4446650459229,622.5819271873308,1360.0265922332537
250.42500000001672,736.6033646655927,621.4838707923255,1358.0872354579183
250.47500000001673,736.4215099818332,621.2957753081106,1357.717285289944
250.52500000001675,735.7883305521262,620.819646626804,1356.6079771789302
250.57500000001676,734.800705523735,617.3954976471731,1352.1962031709081
250.62500000001677,734.1260849237606,601.1728458722972,1335.298930796058
250.67500000001678,733.8559500397915,551.8927810601565,1285.7487310999481
250.7250000000168,733.3315376835915,455.9083212801691,1189.2398589637605
250.7750000000168,731.543719732652,336.0382372421944,1067.5819569748464
250.82500000001681,727.8608020653347,240.05377746220702,967.9145795275417
250.87500000001683,723.249374126868,190.77371265006622,914.0230867769342
250.92500000001684,719.7544144999298,174.55106087519036,894.3054753751202
250.97500000001685,718.061725398567,171.12691189555946,889.1886372941265
251.02500000001686,717.2479619577826,170.66350372355677,887.9114656813395
251.07500000001687,716.6425095274527,170.61737387187065,887.2598833993234
251.12500000001688,716.3127891323892,170.54081405915596,886.8536031915452
251.1750000000169,716.1763541199745,169.94053639937636,886.1168905193508
251.2250000000169,715.5268421871085,166.84112904795438,882.3679712350629
251.27500000001692,713.5359659518587,156.21565793570304,869.7516238875617
251.32500000001693,710.6073364040934,131.84349053992656,842.45082694402
251.37500000001694,708.995061511126,94.24534538598617,803.2404068971122
251.42500000001695,710.2399531336258,55.19610818693003,765.4360613205558
251.47500000001696,712.9820007987104,27.986569857165023,740.9685706558754
251.52500000001697,715.4796790672688,15.362742016467179,730.842421083736
251.57500000001698,717.7419763112115,11.600319274174065,729.3422955853855
251.625000000017,719.9418429282322,11.666331478149957,731.6081744063821
251.675000000017,721.7885566153901,15.583510416524994,737.3720670319151
251.72500000001702,724.6329837895814,27.874958791439056,752.5079425810205
251.77500000001703,730.4830913235132,52.49527076838969,782.9783620919029
251.82500000001704,737.4311650068929,86.38605510079181,823.8172201076848
251.87500000001705,741.1875228367634,123.07349915742128,864.2610219941846
251.92500000001706,741.7911898759966,160.5110608855299,902.3022507615265
251.97500000001708,743.4804657185389,196.10217210049962,939.5826378190385
252.0250000000171,748.3291403275374,222.6215937607748,970.9507340883122
252.0750000000171,754.3033480620411,238.6387063486796,992.9420544107206
252.1250000000171,759.5396164109225,256.92449957438237,1016.4641159853048
252.17500000001712,765.11703217832,302.9358032906979,1068.0528354690177
252.22500000001713,772.8900856510141,401.2813193182169,1174.171404969231
252.27500000001714,782.7523737612775,546.204634334747,1328.9570080960243
252.32500000001716,792.5075064446428,691.0848068245929,1483.5923132692355
252.37500000001717,801.2192228939463,788.9256969069273,1590.1449198008736
252.42500000001718,811.1109604452276,833.3787486527997,1644.4897090980273
252.4750000000172,822.957299876673,847.7466103449084,1670.7039102215813
252.5250000000172,834.1133439128048,855.2178887677371,1689.331232680542
252.5750000000172,842.8589770407217,870.2041441170422,1713.0631211577638
252.62500000001722,848.9467843715549,898.7503669941772,1747.6971513657322
252.67500000001723,852.3435673282801,934.3657445159885,1786.7093118442685
252.72500000001725,855.6408693276544,962.8843094167053,1818.5251787443597
252.77500000001726,862.2158594042579,977.5262288469753,1839.7420882512333
252.82500000001727,871.1429309685798,982.3462460514685,1853.4891770200484
252.87500000001728,878.5324722196086,983.3636171460098,1861.8960893656185
252.9250000000173,879.2726294664519,983.5013033512463,1862.773932817698
252.9750000000173,866.7094540021875,983.5132509793835,1850.222704981571
253.02500000001731,844.8435587794586,983.5132509793835,1828.3568097588422
253.07500000001733,837.1057888455549,983.5132509793835,1820.6190398249385
253.12500000001734,857.6600720121683,983.5132509793835,1841.1733229915517
253.17500000001735,882.9918866508028,983.5132509793835,1866.5051376301863
253.22500000001736,877.4362542732465,983.5132509793835,1860.94950525263
253.27500000001737,837.2599727720938,983.5132509793835,1820.7732237514774
253.32500000001738,801.219444404766,983.5132509793835,1784.7326953841496
253.3750000000174,812.7478336628504,983.5132509793835,1796.261084642234
253.4250000000174,866.0518456539756,983.5132509793835,1849.5650966333592
253.47500000001742,910.337673129227,983.5096611157765,1893.8473342450034
253.52500000001743,904.547666274832,983.4682910051816,1888.0159572800135
253.57500000001744,846.2686661688533,983.162604937178,1829.4312711060313
253.62500000001745,763.6709611755848,981.7143505933533,1745.3853117689382
253.67500000001746,687.5830417261861,977.314942351189,1664.897984077375
253.72500000001747,624.0078855186601,968.746065157429,1592.753950676089
253.77500000001749,571.008673881206,958.0448325653878,1529.053506446594
253.8250000000175,550.4095094363119,949.475955371628,1499.8854648079398
253.8750000000175,577.2359450294812,945.0765471294636,1522.3124921589447
253.92500000001752,618.0278975430058,943.6282927856389,1561.6561903286447
253.97500000001753,625.5557912562635,943.3226067176353,1568.8783979738987
254.02500000001754,592.2526397879697,943.2812366070405,1535.53387639501
254.07500000001755,555.1301223273554,943.2776467434334,1498.4077690707886
254.12500000001756,554.028007282394,943.2776467434334,1497.3056540258274
254.17500000001758,582.2839383837216,943.2776467434334,1525.561585127155
254.2250000000176,606.5313890083488,943.2776467434334,1549.8090357517822
254.2750000000176,633.73773455199,943.2776467434334,1577.0153812954234
254.3250000000176,703.0396824295776,943.2792743905724,1646.31895682015
254.37500000001762,810.7829488009637,943.2980316330519,1754.0809804340156
254.42500000001763,905.4659015530099,943.4366299499945,1848.9025315030044
254.47500000001764,955.146819555223,944.0932696714901,1899.2400892267133
254.52500000001766,968.9012644114918,946.0879650198575,1914.9892294313493
254.57500000001767,965.7306815323587,949.973101051406,1915.7037825837647
254.62500000001768,956.0488259695562,954.8250487903232,1910.8738747598795
254.6750000000177,943.4706375719746,958.7101848218718,1902.1808223938465
254.7250000000177,930.9457642118997,960.7048801702392,1891.650644382139
254.7750000000177,922.7455802260453,961.3615198917348,1884.1071001177802
254.82500000001772,919.9938955260974,961.5001182086775,1881.4940137347749
254.87500000001774,919.9328131312568,961.518875451157,1881.4516885824137
254.92500000001775,920.2173444347357,961.520503098296,1881.7378475330315
254.97500000001776,920.2990747128121,961.520503098296,1881.819577811108
255.02500000001777,920.1462647484908,961.520503098296,1881.6667678467868
255.07500000001778,919.3611855242123,961.520503098296,1880.8816886225081
255.1250000000178,917.1349698268965,961.520503098296,1878.6554729251925
255.1750000000178,913.3459818995449,961.520503098296,1874.8664849978409
255.22500000001781,909.67405796525,961.520503098296,1871.194561063546
255.27500000001783,908.1515652137913,961.520503098296,1869.6720683120873
255.32500000001784,908.3391654279795,961.520503098296,1869.8596685262755
255.37500000001785,905.1486036418094,961.520503098296,1866.6691067401052
255.42500000001786,889.8390780659273,961.520503098296,1851.3595811642233
255.47500000001787,862.7760177109741,961.4984337438215,1824.2744514547956
255.52500000001788,843.6823432103059,961.2441032913904,1804.9264465016963
255.5750000000179,849.1733318990107,959.3648413107109,1808.5381732097217
255.6250000000179,868.8907352471526,950.4614282618973,1819.35216350905
255.67500000001792,883.9675140988168,923.4152475151524,1807.3827616139693
255.72500000001793,889.7367375185265,870.7364805941996,1760.473218112726
255.77500000001794,890.4189134678655,804.9486621045646,1695.3675755724303
255.82500000001795,889.1508763203781,752.2698951836119,1641.42077150399
255.87500000001796,886.9994890238526,725.2237144368669,1612.2232034607196
255.92500000001797,884.206856542996,716.3203013880533,1600.5271579310493
255.97500000001799,880.5314981696479,714.4025913244642,1594.934089494112
256.02500000001794,876.1134788162918,713.7120451265004,1589.8255239427922
256.075000000018,871.9588869844931,710.4951428481825,1582.4540298326756
256.12500000001796,868.8484453478662,695.5686988667446,1564.4171442146107
256.17500000001803,866.6129535882167,651.2200110443617,1517.8329646325783
256.225000000018,864.1478906075895,567.8595978056634,1432.0074884132528
256.27500000001805,858.0260328787131,469.635318634705,1327.6613515134181
256.325000000018,841.9838502128205,398.32704373410485,1240.3108939469253
256.3750000000181,815.0694388370425,367.62700881081815,1182.6964476478606
256.42500000001803,793.3405509604646,360.8820997664443,1154.2226507269088
256.4750000000181,798.2177024144735,362.9814939827516,1161.199196397225
256.52500000001805,826.2869003135038,375.45807659950617,1201.7449769130099
256.5750000000181,851.9027163802087,412.9809724256086,1264.8836888058174
256.6250000000181,861.4234388614598,486.11416487259976,1347.5376037340595
256.67500000001814,862.1024624773077,578.3578982678642,1440.4603607451718
256.7250000000181,861.8859333049118,656.8297278552585,1518.7156611601704
256.77500000001817,859.547502992626,712.3038175229718,1571.8513205155978
256.8250000000181,853.0686634976809,763.741983316522,1616.8106468142028
256.8750000000182,845.7398888522215,823.0425084270107,1668.782397279232
256.92500000001814,841.4320755274133,878.613990993396,1720.0460665208093
256.9750000000182,840.7351020241737,914.8580634231669,1755.5931654473407
257.02500000001817,843.1416547064285,930.8163183816127,1773.9579730880414
257.07500000001824,848.1902245021566,935.5136211288478,1783.7038456310045
257.1250000000182,853.7414243813694,936.4298384056667,1790.171262787036
257.17500000001826,856.1557665622462,936.5473049693103,1792.7030715315564
257.2250000000182,852.7303719981027,936.5564855262359,1789.2868575243385
257.2750000000183,843.2928164036937,936.5564855262359,1779.8493019299294
257.32500000001824,831.0087247491817,936.5564855262359,1767.5652102754175
257.3750000000183,820.9252692034366,936.5564855262359,1757.4817547296725
257.42500000001826,816.5402650900705,936.5564855262359,1753.0967506163065
257.4750000000183,818.5024197484463,936.5564855262359,1755.0589052746823
257.5250000000183,823.7378692361731,936.5564855262359,1760.294354762409
257.57500000001835,825.6239565193562,936.5564855262359,1762.180442045592
257.6250000000183,819.5839726472756,936.5564855262359,1756.1404581735114
257.6750000000184,808.3734814154056,936.5564855262359,1744.9299669416414
257.7250000000183,799.3591134313359,936.5518279173841,1735.91094134872
257.7750000000184,796.729349662405,936.4981529552147,1733.2275026176196
257.82500000001835,797.1937675752979,936.1015456486372,1733.295313223935
257.8750000000184,794.4449941841709,934.2225321289997,1728.6675263131706
257.9250000000184,787.6699710097222,928.514593050012,1716.1845640597342
257.97500000001844,781.3147094801874,917.3866524744789,1698.7013619546663
258.0250000000184,777.2973854104536,903.382741953062,1680.6801273635156
258.07500000001846,773.6002682920723,891.3801763169696,1664.980444609042
258.1250000000184,768.6960385250723,881.4792698165492,1650.1753083416215
258.1750000000185,763.5284957650113,866.8631459187299,1630.391641683741
258.22500000001844,759.8418661508507,841.6580351438967,1601.4999012947474
258.2750000000185,757.3094947607381,810.6222886837719,1567.93178344451
258.32500000001846,754.3437216230021,785.8091276066644,1540.1528492296666
258.37500000001853,750.6644438327411,773.0275897505846,1523.6920335833256
258.4250000000185,746.8295700065064,768.3226336089001,1515.1522036154065
258.47500000001855,743.0571923019296,763.6545018452589,1506.7116941471886
258.5250000000185,738.8089906376434,745.6114038247551,1484.4203944623987
258.5750000000186,733.0846563519636,691.1880065894286,1424.2726629413924
258.62500000001853,726.2781832718564,585.5243275880221,1311.8025108598786
258.6750000000186,721.1294605569301,455.9188965436991,1177.0483571006291
258.72500000001855,719.5132170471122,363.284627233561,1082.7978442806732
258.7750000000186,719.852017048945,349.58209347621863,1069.4341105251635
258.8250000000186,719.7313531806927,411.0166933103619,1130.7480464910545
258.87500000001864,718.731199132822,506.3396331191385,1225.0708322519604
258.9250000000186,717.1981391648151,585.1861269749076,1302.3842661397225
258.97500000001867,714.5604701998042,625.8918572794138,1340.452327479218
259.0250000000186,709.718124132729,639.3519978484838,1349.0701219812129
259.0750000000187,702.4225844572796,642.4085025791265,1344.8310870364062
259.12500000001864,694.7497214355362,643.47661890257,1338.2263403381062
259.1750000000187,689.7491290211069,644.844024603679,1334.5931536247858
259.22500000001867,688.1179214406948,646.510187966608,1334.6281094073029
259.27500000001874,689.014241687239,647.8443472906749,1336.8585889779138
259.3250000000187,692.0664127936396,648.5293275271678,1340.5957403208074
259.37500000001876,696.0659920159226,648.7548182178082,1344.8208102337308
259.4250000000187,699.066074781223,648.8024130086592,1347.8684877898822
259.4750000000188,700.3583753524363,648.8088542631596,1349.1672296155957
259.52500000001874,700.6193359017,648.8094131986998,1349.4287491003997
259.5750000000188,700.5786545542256,648.8094131986998,1349.3880677529255
259.62500000001876,700.1994031307192,648.8094131986998,1349.008816329419
259.6750000000188,699.312297699003,648.8094131986998,1348.1217108977028
259.7250000000188,698.5002552147757,648.8094131986998,1347.3096684134755
259.77500000001885,698.4498158059328,648.8094131986998,1347.2592290046325
259.8250000000188,699.0045257471426,648.8094131986998,1347.8139389458424
259.8750000000189,699.5683400481951,648.8094131986998,1348.3777532468948
259.9250000000188,699.4564820311623,648.8094131986998,1348.265895229862
259.9750000000189,697.9206676237206,648.8094131986998,1346.7300808224204
260.02500000001885,695.8339493032935,648.8030469868313,1344.636996290125
260.0750000000189,696.5849852244826,648.6824989120772,1345.2674841365597
260.1250000000189,701.2748543596766,647.5966568203609,1348.8715111800375
260.17500000001894,705.1201952700778,641.0105970910383,1346.1307923611162
260.2250000000189,704.3634696866912,614.1694626012455,1318.5329322879368
260.27500000001896,703.3221261059265,541.1004735850696,1244.422599690996
260.3250000000189,708.3562657024297,409.12967880536087,1117.4859445077905
260.375000000019,718.0943006847712,251.53323710923357,969.6275377940048
260.42500000001894,725.5895028547451,125.7907604936687,851.3802633484138
260.475000000019,726.5708071674017,55.04392523863479,781.6147324060364
260.52500000001896,721.9784931055344,22.534483437482155,744.5129765430166
260.57500000001903,716.4941698531121,8.08792097453729,724.5820908276494
260.625000000019,714.6054895668872,2.2211462016705057,716.8266357685577
260.67500000001905,716.1062410890099,0.42375421427417664,716.5299953032841
260.725000000019,718.5638097711989,0.05433393293667575,718.6181437041355
260.7750000000191,722.3187148706149,0.0043383345285159134,722.3230532051434
260.82500000001903,728.4156499766599,0.005279808716739797,728.4209297853766
260.8750000000191,735.3551922512398,0.1090069144651633,735.4641991657049
260.92500000001905,741.8025851773812,1.0527724853517113,742.8553576627329
260.9750000000191,748.3240069224432,6.834296151220925,755.1583030736641
261.0250000000191,754.6828095888385,30.609283007472516,785.292092596311
261.07500000001914,760.7270551627389,95.82447006654841,856.5515252292873
261.1250000000191,768.3472043212328,214.3896678674494,982.7368721886821
261.17500000001917,777.167081994873,357.2081464275176,1134.3752284223906
261.2250000000191,782.9459738706945,474.0694527742614,1257.0154266449558
261.2750000000192,783.7118816934467,546.7766545969899,1330.4885362904365
261.32500000001914,783.0811904774324,591.6685507067854,1374.7497411842178
261.3750000000192,786.1919526809363,622.8994501272562,1409.0914028081925
261.42500000001917,794.1427674766927,642.1592751292793,1436.302042605972
261.47500000001924,802.6769174933739,650.7680584837848,1453.4449759771587
261.5250000000192,805.1646154014302,653.5191229512714,1458.6837383527015
261.57500000001926,795.4706008643743,655.3380594366052,1450.8086603009797
261.6250000000192,771.3297212991462,662.3436607190565,1433.6733820182026
261.6750000000193,739.9103054763202,687.1421529188965,1427.0524583952167
261.72500000001924,714.4721063139273,747.5436547127744,1462.0157610267015
261.7750000000193,701.6037324429592,850.2237707943096,1551.827503237269
261.82500000001926,698.627556454569,977.1103891317468,1675.7379455863158
261.8750000000193,701.848606023322,1098.1503775480444,1799.9989835713664
261.9250000000193,709.6706144359341,1191.3546963707267,1901.0253108066609
261.97500000001935,718.7906230048953,1248.096644198914,1966.8872672038092
262.0250000000193,722.03145754126,1273.5333978114886,1995.5648553527485
262.0750000000194,710.7429739922957,1281.3969153363203,1992.139889328616
262.1250000000193,682.9181141605786,1283.008906324262,1965.9270204848406
262.1750000000194,655.077382458865,1283.2228751886753,1938.3002576475403
262.22500000001935,653.7937037003222,1283.2412962023554,1937.0349999026776
262.2750000000194,680.6723400208543,1283.2412962023554,1963.9136362232098
262.3250000000194,701.6928591259536,1283.2412962023554,1984.934155328309
262.37500000001944,683.7056814377662,1283.2412962023554,1966.9469776401215
262.4250000000194,638.1356838528152,1283.2412962023554,1921.3769800551706
262.47500000001946,622.2375206993382,1283.2412962023554,1905.4788169016938
262.5250000000194,669.9475307874218,1283.2412962023554,1953.1888269897772
262.5750000000195,743.5550951043654,1283.2412962023554,2026.7963913067208
262.62500000001944,792.9992548741819,1283.2412962023554,2076.2405510765375
262.6750000000195,811.7220645751765,1283.2412962023554,2094.963360777532
262.72500000001946,815.6444805997987,1283.228416539894,2098.8728971396927
262.77500000001953,815.2765283894836,1283.0796295078248,2098.3561578973085
262.8250000000195,813.8597822336537,1281.9787454480509,2095.8385276817044
262.87500000001955,812.7588037320266,1276.7520700004611,2089.5108737324877
262.9250000000195,814.3989488078372,1260.8227294369065,2075.2216782447435
262.9750000000196,820.9982026915233,1229.638337254154,2050.636539945677
263.02500000001953,832.0806752525508,1190.3635094861354,2022.444184738686
263.0750000000196,845.3045021824587,1158.294206072351,2003.5987082548097
263.12500000001955,858.881687048358,1139.7809403673034,1998.6626274156615
263.1750000000196,872.5179843992028,1125.2843069269652,1997.802291326168
263.2250000000196,887.0024165316444,1097.1295432916618,1984.1319598233063
263.27500000001965,903.2261420995009,1044.5314473783394,1947.7575894778402
263.3250000000196,921.0694743545065,979.0509859551464,1900.120460309653
263.37500000001967,939.2422597467888,926.6316059787114,1865.8738657255003
263.4250000000196,956.7807057334916,899.7187837227534,1856.499489456245
263.4750000000197,973.5800997662703,890.8592713539715,1864.439371120242
263.52500000001965,989.630188607618,888.9892755814816,1878.6194641890997
263.5750000000197,1005.2176261327838,888.7361991739605,1893.9538253067444
263.62500000001967,1020.8277326263313,888.7142386383921,1909.5419712647235
263.67500000001974,1036.145711524363,888.7142386383921,1924.859950162755
263.7250000000197,1050.0906796636896,888.7142386383921,1938.8049183020817
263.77500000001976,1060.5276624759574,888.7142386383921,1949.2419011143495
263.8250000000197,1059.5642974004866,888.7142386383921,1948.2785360388787
263.8750000000198,1031.811151260222,888.7142386383921,1920.525389898614
263.92500000001974,974.0893001702831,888.7142386383921,1862.803538808675
263.9750000000198,922.6913839285825,888.7142386383921,1811.4056225669747
264.02500000001976,927.9778155774924,888.7142386383921,1816.6920542158846
264.0750000000198,987.7663503519482,888.6494087567357,1876.415759108684
264.1250000000198,1049.963234097617,887.8908051810226,1937.8540392786397
264.17500000001985,1081.4185702185114,882.2349420969551,1963.6535123154665
264.2250000000198,1085.6379480181176,855.067709118433,1940.7056571365506
264.2750000000199,1068.0210021235744,770.7281975786971,1838.7491997022714
264.3250000000198,1033.971593818611,600.6976539330102,1634.6692477516212
264.3750000000199,1010.9948689083307,376.3685536576903,1387.363422566021
264.42500000001985,1022.7987224044124,180.2735703075402,1203.0722927119525
264.4750000000199,1050.4914634302836,64.54064106724101,1115.0321044975246
264.5250000000199,1058.4943537433548,17.216211390363004,1075.7105651337179
264.57500000001994,1040.6137238135327,3.421756125272703,1044.0354799388053
264.6250000000199,1020.0412567240463,0.4986518840585996,1020.539908608105
264.67500000001996,1013.2455614518672,0.0486608237507394,1013.2942222756179
264.7250000000199,1011.4204841941906,0.002967566773066731,1011.4234517609638
264.77500000002,1002.4278895626069,0.0,1002.4278895626069
264.82500000001994,987.6353585932715,0.0,987.6353585932715
264.87500000002,972.4562461409495,0.0,972.4562461409495
264.92500000001996,956.7223739878536,0.0,956.7223739878536
264.97500000002003,937.7778443798983,0.0,937.7778443798983
265.02500000002,917.0798961072908,0.0,917.0798961072908
265.07500000002005,898.3308415260339,0.017668733174007464,898.3485102592078
265.12500000002,881.9345446563814,0.2215034344355649,882.156048090817
265.1750000000201,865.5966302101983,1.7285494753023187,867.3251796855006
265.22500000002003,849.0470335459939,8.876467396182523,857.9235009421765
265.2750000000201,836.719941527759,30.681700757035177,867.4016422847942
265.32500000002005,833.9081395429339,73.81801459307508,907.726154136009
265.3750000000201,840.5448808126749,131.97783370003822,972.5227145127132
265.4250000000201,850.8332563416768,198.3843871807468,1049.2176435224237
265.47500000002015,858.7103557137377,295.95986441116133,1154.670220124899
265.5250000000201,862.2817793310277,469.9809967284934,1332.262776059521
265.57500000002017,863.0897548100016,736.4597990781834,1599.549553888185
265.6250000000201,863.0919120709161,1051.7758344658098,1914.867746536726
265.6750000000202,863.1485954225974,1334.8943817512345,2198.042977173832
265.72500000002015,863.1589879373684,1521.2424193117104,2384.4014072490786
265.7750000000202,862.8510502835538,1607.053215868454,2469.904266152008
265.82500000002017,862.5078154906504,1633.6790434185616,2496.186858909212
265.87500000002024,862.5240022672539,1639.1190608410236,2501.6430631082776
265.9250000000202,862.124333108626,1639.8391533054858,2501.9634864141117
265.97500000002026,858.8478198854979,1639.9001688203934,2498.747988705891
266.0250000000202,849.5816964895843,1639.9001688203934,2489.481865309978
266.0750000000203,835.2320777717553,1639.9001688203934,2475.1322465921485
266.12500000002024,824.4537192212479,1639.9001688203934,2464.3538880416413
266.1750000000203,824.2689072552621,1639.9001688203934,2464.1690760756555
266.22500000002026,829.2839651554451,1639.9001688203934,2469.1841339758384
266.2750000000203,829.5814982757357,1639.9001688203934,2469.481667096129
266.3250000000203,822.1205761503128,1640.3106403657998,2462.4312165161127
266.37500000002035,809.4299516315459,1645.040974185662,2454.470925817208
266.4250000000203,795.6447185428608,1679.9936761472911,2475.638394690152
266.4750000000204,786.6695927560954,1845.5897164736837,2632.2593092297793
266.5250000000203,786.4416245779545,2348.626070404233,3135.0676949821873
266.5750000000204,792.0076146246695,3328.4071008427914,4120.414715467461
266.62500000002035,798.5962190001036,4552.005532575287,5350.601751575391
266.6750000000204,805.7400460521947,5531.786563013846,6337.526609066041
266.7250000000204,815.0589405720336,6034.822916944395,6849.881857516429
266.77500000002044,826.4873047521975,6200.418957270787,7026.906262022985
266.8250000000204,836.9211260762789,6235.371659232416,7072.292785308695
266.87500000002046,841.2816156664463,6240.101993052279,7081.383608718726
266.9250000000204,838.0455594482263,6240.512464597685,7078.558024045911
266.9750000000205,829.1199739978168,6240.512464597685,7069.632438595501
267.02500000002044,804.7987818246081,6240.512464597685,7045.311246422293
267.0750000000205,746.948588629162,6240.512464597685,6987.461053226847
267.12500000002046,664.4864044054111,6240.512464597685,6904.998869003096
267.17500000002053,593.8968460835864,6240.512464597685,6834.409310681272
267.2250000000205,560.4319895954561,6240.512464597685,6800.944454193141
267.27500000002055,571.0297483799901,6240.512464597685,6811.542212977675
267.3250000000205,608.7990125330135,6240.512464597685,6849.311477130698
267.3750000000206,617.3905828925673,6240.512464597685,6857.903047490252
267.42500000002053,552.7886344152197,6240.512464597685,6793.301099012904
267.4750000000206,448.01490787255767,6240.055018104802,6688.06992597736
267.52500000002055,377.91502618747575,6234.783338154562,6612.698364342038
267.5750000000206,376.4900201328603,6195.8305992666355,6572.320619399496
267.6250000000206,427.58646623231266,6011.28351255529,6438.869978787603
267.67500000002065,510.6166087750544,5450.6789628039605,5961.295571579015
267.7250000000206,613.5722808240896,4358.770397683168,4972.342678507258
267.77500000002067,713.5398226318125,2995.1416210788157,3708.681443710628
267.8250000000206,781.1718794795246,1903.197130880386,2684.3690103599106
267.8750000000207,809.372373585431,1342.1785753066645,2151.550948892095
267.92500000002065,816.2067294324293,1154.6158266677355,1970.8225561001648
267.9750000000207,820.2105172496052,1101.6706048558847,1921.8811221054898
268.02500000002067,825.758442782747,1056.0723439492058,1881.8307867319527
268.07500000002074,829.6624417542837,987.3921203563808,1817.0545621106644
268.1250000000207,831.6053511274639,933.5497074663498,1765.1550585938137
268.17500000002076,833.8539367940676,951.5121927436389,1785.3661295377065
268.2250000000207,836.5639307372404,1037.0092824984029,1873.5732132356434
268.2750000000208,838.7405190750133,1126.2304440652813,1964.9709631402945
268.32500000002074,841.3132847292115,1176.429871615391,2017.7431563446025
268.3750000000208,847.1037823823665,1193.6603045726924,2040.764086955059
268.42500000002076,857.7789242172581,1198.186083366736,2055.965007583994
268.4750000000208,870.6253542743643,1202.8408986850757,2073.4662529594398
268.5250000000208,880.8183777846122,1215.840353769805,2096.658731554417
268.57500000002085,886.848848224541,1242.0989242794155,2128.9477725039565
268.6250000000208,890.1416424840203,1276.8858426912072,2167.0274851752274
268.6750000000209,891.6746527380609,1307.231149530011,2198.905802268072
268.7250000000208,891.9716607763916,1324.8048818726131,2216.7765426490046
268.7750000000209,891.5577046641347,1331.613750321447,2223.1714549855815
268.82500000002085,888.5790863655021,1333.3879135141015,2221.9669998796035
268.8750000000209,875.0666302498925,1333.6991519209364,2208.765782170829
268.9250000000209,839.513839688454,1333.7357860305729,2173.249625719027
268.97500000002094,787.028185068368,1333.7381140589666,2120.7662991273346
269.0250000000209,750.7206573908153,1333.7381140589666,2084.458771449782
269.07500000002096,749.4574321172022,1333.7381140589666,2083.195546176169
269.1250000000209,756.3706180473936,1333.7381140589666,2090.10873210636
269.175000000021,750.3273375684955,1333.7381140589666,2084.065451627462
269.22500000002094,748.6664177570368,1333.7381140589666,2082.4045318160033
269.275000000021,761.1123648490244,1333.7381140589666,2094.850478907991
269.32500000002096,769.4552544086541,1333.7381140589666,2103.1933684676205
269.37500000002103,766.367308757228,1333.7458644887652,2100.113173245993
269.425000000021,766.4733685256899,1333.8351815695805,2100.30855009527
269.47500000002105,775.0494415331223,1334.4951504903192,2109.5445920234415
269.525000000021,781.5402139507894,1337.621897032912,2119.1621109837015
269.5750000000211,781.6692969100347,1347.1201143655894,2128.789411275624
269.62500000002103,780.0106901991983,1365.6201155937804,2145.6308057929787
269.6750000000211,777.6631827064828,1388.7238212041364,2166.387003910619
269.72500000002105,772.9371276749117,1407.2238224323276,2180.1609501072394
269.7750000000211,763.4251626100149,1416.7220397650049,2180.14720237502
269.8250000000211,743.6354688475764,1419.8487863075977,2163.484255155174
269.87500000002115,717.2807399047515,1420.5087552283362,2137.7894951330877
269.9250000000211,707.798447115504,1420.5980723091518,2128.3965194246557
269.97500000002117,731.3140349251842,1420.60582273895,2151.9198576641343
270.0250000000211,771.1281092093193,1420.60582273895,2191.7339319482694
270.0750000000212,802.9898441546904,1420.60582273895,2223.5956668936406
270.12500000002115,822.0288051774791,1420.60582273895,2242.634627916429
270.1750000000212,834.2050145229824,1420.60582273895,2254.8108372619326
270.22500000002117,842.90651589126,1420.60582273895,2263.5123386302103
270.27500000002124,846.5867618597946,1420.60582273895,2267.192584598745
270.3250000000212,841.495326327395,1420.60582273895,2262.101149066345
270.37500000002126,830.4853203054465,1420.60582273895,2251.0911430443966
270.4250000000212,828.1516679449516,1420.60582273895,2248.757490683902
270.4750000000213,843.8524044811545,1420.60582273895,2264.4582272201046
270.52500000002124,866.4735148772993,1420.5764327258064,2287.0499476031055
270.5750000000213,881.0079476669094,1420.2377379375916,2301.245685604501
270.62500000002126,885.8434452295904,1417.7351031470573,2303.5785483766476
270.6750000000213,886.7077229403094,1405.838104595913,2292.5458275362225
270.7250000000213,887.3175102850022,1369.3568819262555,2256.674392211258
270.77500000002135,888.1181707649879,1295.7790405362773,2183.897211301265
270.8250000000213,887.2065504507549,1191.9149878070427,2079.1215382577975
270.8750000000214,881.1128361800902,1072.155747406487,1953.2685835865773
270.9250000000213,868.9755402623625,937.8033666671741,1806.7789069295368
270.9750000000214,856.5140698802145,795.0174386897986,1651.531508570013
271.02500000002135,849.5935647892431,662.9963787507593,1512.5899435400024
271.0750000000214,845.5129808477092,548.0934411943359,1393.606422042045
271.1250000000214,837.2030001280757,450.32155494481856,1287.5245550728941
271.17500000002144,820.5490626007753,381.6235761314696,1202.1726387322449
271.2250000000214,797.7825315154489,347.6477584471799,1145.4302899626289
271.27500000002146,780.224987617201,336.57552164883765,1116.8005092660387
271.3250000000214,777.5143029412602,334.2469710433974,1111.7612739846577
271.3750000000215,783.6740123455503,333.9318359876794,1117.6058483332297
271.42500000002144,787.4382208160257,333.90449035452576,1121.3427111705514
271.4750000000215,785.6530040449538,333.90449035452576,1119.5574943994795
271.52500000002146,777.9793162752975,333.90449035452576,1111.8838066298233
271.57500000002153,764.5925232110709,333.90449035452576,1098.4970135655967
271.6250000000215,752.269293780404,333.90449035452576,1086.1737841349297
271.67500000002156,747.928855453954,333.90449035452576,1081.8333458084799
271.7250000000215,747.1166226220108,333.90449035452576,1081.0211129765366
271.7750000000216,739.4617821291791,333.8746990390742,1073.3364811682534
271.82500000002153,723.1412836011257,333.5313795846664,1056.672663185792
271.8750000000216,709.8767502459021,330.9945728761934,1040.8713231220954
271.92500000002156,712.3033192304341,318.97589842699824,1031.2792176574324
271.9750000000216,726.6396382447651,282.4663891290407,1009.1060273738058
272.0250000000216,736.1695468384694,211.35557504720657,947.525121885676
272.07500000002165,730.8368028852706,122.54891530731918,853.3857181925897
272.1250000000216,717.4837195044639,51.43810122548508,768.921820729949
272.17500000002167,712.9421963560599,14.928591927527533,727.8707882835874
272.2250000000216,727.0513495296382,2.9099174783323787,729.9612670079706
272.2750000000217,752.2497173555279,0.37311076985932656,752.6228281253872
272.32500000002165,772.7320552696178,0.029791315451586833,772.7618465850694
272.3750000000217,780.5232095327119,0.0,780.5232095327119
272.42500000002167,777.6813335443853,0.0,777.6813335443853
272.47500000002174,768.3155832818642,0.0,768.3155832818642
272.5250000000217,754.4555039167192,0.0,754.4555039167192
272.57500000002176,739.4840847848417,0.0,739.4840847848417
272.6250000000217,731.6725554112812,0.0022335205341907334,731.6747889318154
272.6750000000218,735.7405669934457,0.027972936185472485,735.7685399296312
272.72500000002174,745.0159855522828,0.21816292238648693,745.2341484746693
272.7750000000218,751.9029292295819,1.119229416736304,753.0221586463182
272.82500000002176,757.4367081892469,3.8564277402790195,761.293135929526
272.8750000000218,765.094909879301,9.203790150896651,774.2987000301977
272.9250000000218,773.1569901479746,16.046530707739826,789.2035208557145
272.97500000002185,777.2701891858176,22.74269525621331,800.0128844420309
273.0250000000218,777.3989991580597,31.94607397752798,809.3450731355877
273.0750000000219,777.0034627748533,52.48966214535029,829.4931249202036
273.1250000000218,777.0023079129091,90.9423690128775,867.9446769257867
273.1750000000219,776.1913388907104,138.8522570113246,915.043595902035
273.22500000002185,775.4342975989204,178.12919879766798,953.5634963965883
273.2750000000219,776.90988764589,204.3535905137287,981.2634781596187
273.3250000000219,781.5596049158805,239.1849267368487,1020.7445316527292
273.37500000002194,789.344422138823,321.22699689627296,1110.571419035096
273.4250000000219,799.8053362039446,471.69521209089703,1271.5005482948418
273.47500000002196,812.0845029805529,653.9041307775863,1465.9886337581393
273.5250000000219,825.2306740813581,796.9749054236479,1622.205579505006
273.575000000022,837.1550071390953,869.5022615793583,1706.6572687184537
273.62500000002194,844.0028004498635,893.1819621065996,1737.184762556463
273.675000000022,842.3563984197872,898.1535877544856,1740.5099861742729
273.72500000002196,832.2860545587971,898.824124757829,1731.1101793166263
273.77500000002203,822.4624654638061,898.8819536212887,1721.3444190850948
273.825000000022,830.0464745150068,898.8819536212887,1728.9284281362957
273.87500000002206,860.5961677966675,898.8819536212887,1759.4781214179561
273.925000000022,895.8620882833519,898.8819536212887,1794.7440419046407
273.9750000000221,917.7770725925825,898.8819536212887,1816.6590262138711
274.02500000002203,929.170016641585,898.8819536212887,1828.0519702628737
274.0750000000221,943.0557653533925,898.8819536212887,1841.9377189746813
274.12500000002206,965.3426008191442,898.8819536212887,1864.224554440433
274.1750000000221,992.3566325288128,898.8819536212887,1891.2385861501016
274.2250000000221,1019.117846204042,898.8819536212887,1917.9997998253307
274.27500000002215,1044.8443217269703,898.8819536212887,1943.7262753482592
274.3250000000221,1070.6867654144294,898.8654565112708,1969.5522219257002
274.37500000002217,1096.816171082961,898.675341414814,1995.4915124977751
274.4250000000221,1122.7567285462844,897.2705703018413,2020.0272988481256
274.4750000000222,1148.4166731123973,890.6151611111999,2039.0318342235973
274.52500000002215,1175.003678854133,870.3978131204067,2045.4014919745398
274.5750000000222,1205.0616879624627,831.0197962188904,2036.081484181353
274.62500000002217,1239.837407171628,781.8426043479027,2021.6800115195306
274.67500000002224,1274.9090008132096,742.4645874463865,2017.373588259596
274.7250000000222,1298.721061336231,722.2472394555933,2020.9683007918243
274.77500000002226,1298.4796953421494,715.591830264952,2014.0715256071014
274.8250000000222,1274.1829485993173,714.1870591519793,1988.3700077512967
274.8750000000223,1248.8203330199594,713.9969440555226,1962.817277075482
274.92500000002224,1250.3777857498362,713.9766107187102,1964.3543964685464
274.9750000000223,1279.6415677674913,713.932401482894,1993.5739692503853
275.02500000002226,1315.245613676658,713.6212131918033,2028.8668268684614
275.0750000000223,1347.2801579293898,712.2519191992936,2059.5320771286833
275.1250000000223,1382.947772340888,708.8684315618823,2091.81620390277
275.17500000002235,1422.499713067287,705.9550519551575,2128.4547650224445
275.2250000000223,1451.1602520825618,713.485674935371,2164.645927017933
275.2750000000224,1460.2913998829308,741.2699558652018,2201.561355748133
275.3250000000223,1460.9308058380973,782.7026261696185,2243.633432007716
275.3750000000224,1459.916833469855,818.0962001422984,2278.0130336121533
275.42500000002235,1430.9285666414737,836.7357895021446,2267.6643561436185
275.4750000000224,1335.1547773570837,842.9351380497225,2178.089915406806
275.5250000000224,1187.3436118750785,844.2491425995132,2031.5927544745919
275.57500000002244,1070.823769721877,844.4274929542731,1915.25126267615
275.6250000000224,1012.8594140368737,844.4429691867189,1857.3023832235926
275.67500000002246,933.4286255492987,844.4429691867189,1777.8715947360174
275.7250000000224,836.2094010926511,844.4429691867189,1680.65237027937
275.7750000000225,854.1557279566256,844.4429691867189,1698.5986971433445
275.82500000002244,1017.6686150141444,844.4429691867189,1862.1115842008633
275.8750000000225,1197.5294774968884,844.4429691867189,2041.9724466836074
275.92500000002246,1292.418349614328,844.4429691867189,2136.8613188010468
275.97500000002253,1313.649021465646,844.4429691867189,2158.091990652365
276.0250000000225,1308.3788998250275,844.4429691867189,2152.8218690117465
276.07500000002256,1299.9633365677348,844.4429691867189,2144.4063057544536
276.1250000000225,1296.2423257826997,844.4429691867189,2140.6852949694185
276.1750000000226,1296.566644931835,844.4230302895861,2140.9896752214213
276.22500000002253,1287.056691754772,844.1932515375789,2131.249943292351
276.2750000000226,1260.694087112167,842.4954034486555,2103.1894905608224
276.32500000002256,1231.9149132647958,834.4514782348017,2066.3663914995977
276.3750000000226,1210.7593061178147,810.0161909967043,2020.775497114519
276.4250000000226,1188.9319275549633,762.4227502401129,1951.3546777950762
276.47500000002265,1165.1309732841407,702.9577310639904,1868.0887043481312
276.5250000000226,1145.0749547940998,655.0415621973154,1800.1165169914152
276.57500000002267,1124.4344877071835,628.2216188491076,1752.656106556291
276.6250000000226,1106.684399270761,608.8798657932765,1715.5642650640375
276.6750000000227,1101.5399411561236,572.8622470518567,1674.4021882079803
276.72500000002265,1095.568942700407,505.78668271879314,1601.3556254192001
276.7750000000227,1070.098948721755,422.28646010122924,1492.3854088229843
276.82500000002267,1032.3252346010943,355.4406745201729,1387.7659091212672
276.87500000002274,992.8768146533007,321.1209038676766,1313.9977185209773
276.9250000000227,951.8300704833035,309.82307602569927,1261.653146509003
276.97500000002276,928.2563308947165,307.4384199155888,1235.6947508103053
277.0250000000227,942.3226880857226,307.1156918055051,1249.4383798912277
277.0750000000228,972.7448919065968,307.08768729015014,1279.8325791967468
277.12500000002274,986.0358483701958,307.0755723557813,1293.111420725977
277.1750000000228,975.9579804293647,306.9359580891846,1282.8939385185495
277.22500000002276,954.891961073252,305.90434044109094,1260.796301514343
277.2750000000228,937.6043898158686,301.0168270853944,1238.6212169012629
277.3250000000228,931.0142254872522,286.1698724517542,1217.1840979390065
277.37500000002285,929.0732313207637,257.2633276826461,1186.3365590034098
277.4250000000228,923.3131334695729,221.28029498202739,1144.5934284516002
277.4750000000229,912.4498122522466,193.33860023822942,1105.788412490476
277.5250000000228,896.6634520206371,183.1864585149827,1079.8499105356198
277.5750000000229,866.9001184816275,193.12319633495557,1060.023314816583
277.62500000002285,806.846545571009,224.16266130571822,1031.0092068767271
277.6750000000229,725.1117066213012,276.83255231876745,1001.9442589400687
277.7250000000229,675.7457694473961,355.1927108971501,1030.9384803445462
277.77500000002294,693.9019629089265,468.4229219061056,1162.3248848150322
277.8250000000229,733.5776201093895,610.7852375294846,1344.3628576388742
277.87500000002296,727.4527924227137,746.8247228192806,1474.2775152419945
277.9250000000229,674.9111055745585,838.6070953908519,1513.5182009654104
277.975000000023,640.1730612938604,880.7649683151254,1520.9380296089857
278.02500000002294,666.3532984963296,893.6741641490895,1560.027462645419
278.075000000023,718.4534802333121,896.274477712168,1614.7279579454803
278.12500000002296,740.9005740563143,896.615507369524,1637.5160814258384
278.17500000002303,727.7790283054479,896.6435735005465,1624.4226018059944
278.225000000023,713.8860993874739,896.6435735005465,1610.5296728880203
278.27500000002306,723.5788269532018,896.6435735005465,1620.2224004537484
278.325000000023,745.7339978782182,896.6435735005465,1642.3775713787647
278.3750000000231,760.7289909087702,896.6435735005465,1657.3725644093167
278.42500000002303,765.9833885943539,896.6435735005465,1662.6269620949004
278.4750000000231,767.0469892939875,896.6435735005465,1663.690562794534
278.52500000002306,765.6714566571903,896.6435735005465,1662.3150301577368
278.5750000000231,760.7867643022498,896.6435735005465,1657.4303378027962
278.6250000000231,751.5477837733193,896.6435735005465,1648.1913572738658
278.67500000002315,739.5285979687596,896.6422667915082,1636.1708647602677
278.7250000000231,730.1487025511121,896.627208086402,1626.7759106375142
278.77500000002317,728.4632114494394,896.5141810395162,1624.9773924889555
278.8250000000231,733.7167694388392,895.9667641087656,1629.6835335476048
278.8750000000232,740.9531522095294,894.2139197998257,1635.1670720093553
278.92500000002315,746.40456729122,890.3649759824733,1636.7695432736932
278.9750000000232,748.7655454421101,884.1617188552875,1632.9272642973976
279.02500000002317,746.8831197233459,876.1168541381539,1622.9999738614997
279.07500000002324,740.0012697899051,867.0564490322025,1607.0577188221077
279.1250000000232,731.1948180448125,858.0100086201359,1589.2048266649483
279.17500000002326,726.1799608341078,850.3445301461028,1576.5244909802104
279.2250000000232,725.5396244028914,845.2961204936871,1570.8357448965785
279.2750000000233,724.0711815330533,842.924967233397,1566.9961487664502
279.32500000002324,720.0550591304856,842.1738411073378,1562.2289002378234
279.3750000000233,716.820554489771,842.0178167352959,1558.838371225067
279.42500000002326,715.8085185303984,841.9969389750114,1557.8054575054098
279.47500000002333,715.8334620247894,841.9951273213618,1557.8285893461511
279.5250000000233,716.9407015774037,841.9951273213618,1558.9358288987655
279.57500000002335,720.3863931490052,841.9951273213618,1562.381520470367
279.6250000000233,725.7202843247998,841.9951273213618,1567.7154116461616
279.6750000000234,730.529528548389,841.9951273213618,1572.5246558697509
279.72500000002333,733.3567136303811,841.9951273213618,1575.3518409517428
279.7750000000234,734.3940675716187,841.9951273213618,1576.3891948929804
279.82500000002335,733.2540402973721,841.9951273213618,1575.2491676187337
279.8750000000234,727.9524016442299,841.9951273213618,1569.9475289655916
279.9250000000234,717.0548542320421,841.9951273213618,1559.049981553404
279.97500000002344,703.1401682759729,841.9433020093979,1545.0834702853708
280.0250000000234,691.711426858737,841.3460595728615,1533.0574864315986
280.07500000002346,685.8285047852455,836.9330017046314,1522.7615064898769
280.1250000000234,685.2438034866225,816.0251786266789,1501.2689821133013
280.1750000000235,690.0057881166997,752.5128200640694,1442.5186081807692
280.22500000002344,700.5560728816712,628.8026096109115,1329.3586824925828
280.2750000000235,714.1225799031268,474.2472510694769,1188.3698309726037
280.32500000002346,725.2566711217202,350.0178220193922,1075.2744931411123
280.37500000002353,731.1312833536284,283.7668628579048,1014.8981462115332
280.4250000000235,732.7178069383197,253.33240461897387,986.0502115572936
280.47500000002356,731.5699468156954,226.6959307007817,958.2658775164771
280.5250000000235,729.1439339304341,191.20058627042846,920.3445202008625
280.5750000000236,727.7884461264714,154.28225206453902,882.0706981910105
280.62500000002353,728.8376349817277,128.20994128496244,857.0475762666902
280.6750000000236,730.5343356919152,115.95905495016156,846.4933906420767
280.72500000002356,730.1905478400834,112.16573369834529,842.3562815384287
280.7750000000236,727.4408425762447,111.395260184739,838.8361027609836
280.8250000000236,724.3479760369428,111.26836427389694,835.6163403108397
280.87500000002365,722.1111836860917,111.0698319521133,833.181015638205
280.9250000000236,719.4437697753847,110.16876152778906,829.6125313031737
280.97500000002367,716.0447902061169,107.43155126603813,823.476341472155
281.0250000000236,713.7892175527226,102.10019366170168,815.8894112144243
281.0750000000237,713.2903781610529,95.4421337472826,808.7325119083355
281.12500000002365,712.9119666227452,90.11077614294615,803.0227427656914
281.1750000000237,710.6173399005631,87.37356588119523,797.9909057817583
281.22500000002367,705.9673722983683,86.47249545687099,792.4398677552393
281.27500000002374,701.7172570533257,86.28230464116207,787.9995616944879
281.3250000000237,701.7124039373759,86.2565651132491,787.968969050625
281.37500000002376,706.0134598592235,86.25433158297346,792.267791442197
281.4250000000237,710.9184989311757,86.25433158297346,797.1728305141492
281.4750000000238,713.6995732931875,86.25433158297346,799.953904876161
281.52500000002374,714.284778254272,86.25433158297346,800.5391098372455
281.5750000000238,712.8841420078305,86.25369902859539,799.1378410364259
281.62500000002376,709.2273899481654,86.24640937989497,795.4737993280604
281.67500000002383,705.174858556416,86.19254575670611,791.367404313122
281.7250000000238,704.2839648160929,85.93735510713915,790.221319923232
281.77500000002385,705.9205910924765,85.16215436162426,791.0827454541007
281.8250000000238,703.3444929601553,83.65226948093394,786.9967624410892
281.8750000000239,690.9417213573696,81.76665145536109,772.7083728127307
281.92500000002383,671.794373169956,80.25676657467078,752.0511397446268
281.9750000000239,655.7519461358959,79.48156582915588,735.2335119650518
282.02500000002385,650.7922146263752,79.22637517958893,730.0185898059641
282.0750000000239,657.3627262431961,79.18926231807673,736.5519885612729
282.1250000000239,669.5348841570731,79.37501088445939,748.9098950415324
282.17500000002394,681.4456506325506,80.80074853056746,762.2463991631181
282.2250000000239,691.4610892486854,87.55848810387346,779.0195773525588
282.27500000002397,699.7020536834334,108.0866883498925,807.7887420333259
282.3250000000239,706.1047320743323,148.07016277065074,854.1748948449831
282.375000000024,710.7698384161338,198.00347957977237,908.7733179959062
282.42500000002394,712.9230894246275,237.98695400053063,950.9100434251582
282.475000000024,711.2784232469947,258.5151542465496,969.7935774935444
282.52500000002397,706.2371372413706,265.2770815373417,971.5142187787123
282.57500000002403,700.9630852953533,266.7517116035212,967.7147968988745
282.625000000024,699.4424044177566,267.30134467353923,966.7437490912959
282.67500000002406,702.729650144314,269.00754124809816,971.7371913924121
282.725000000024,708.2878501540614,274.1396244802845,982.4274746343459
282.7750000000241,712.9431028258756,284.1355576931398,997.0786605190153
282.82500000002403,715.1914187663684,296.61896758063045,1011.8103863469989
282.8750000000241,714.6881855735816,306.61490079348573,1021.3030863670673
282.92500000002406,711.37502057831,311.7469840256721,1023.1220046039821
282.9750000000241,706.0711332988119,313.4364298385544,1019.5075631373663
283.0250000000241,700.1104506601116,313.7961867120985,1013.9066373722101
283.07500000002415,694.2507994869493,313.9029544773329,1008.1537539642823
283.1250000000241,689.7095459812735,314.43080814190125,1004.1403541231748
283.17500000002417,688.5466525094673,317.58670744050823,1006.1333599499756
283.2250000000241,691.5698745541196,330.37273091845213,1021.9426054725717
283.2750000000242,697.628498502651,365.01911267404995,1062.647611176701
283.32500000002415,704.0029102961215,427.46279046819416,1131.4657007643157
283.3750000000242,706.9104659513665,502.8641745808875,1209.7746405322541
283.42500000002417,704.3451218314011,569.6786437114284,1274.0237655428296
283.47500000002424,697.8003495529433,634.4162476548433,1332.2165972077867
283.5250000000242,689.371748135714,732.0084546345533,1421.3802027702673
283.57500000002426,680.2114534725208,878.9284110184275,1559.1398644909482
283.6250000000242,674.5916170400501,1038.5920325714426,1713.1836496114927
283.6750000000243,679.6308398998383,1155.1392220931657,1834.770061993004
283.72500000002424,696.1512588161405,1211.3067452141129,1907.4580040302535
283.7750000000243,715.4907510140494,1229.024565375149,1944.5153163891982
283.82500000002426,728.6985329270957,1232.6598097681701,1961.358342695266
283.87500000002433,734.1575552360869,1233.1427192964472,1967.300274532534
283.9250000000243,735.2090161879051,1233.1832174856438,1968.392233673549
283.97500000002435,734.8696577318652,1233.1832174856438,1968.0528752175092
284.0250000000243,733.8719452297685,1233.1832174856438,1967.0551627154123
284.0750000000244,730.543189105392,1233.1832174856438,1963.7264065910358
284.12500000002433,721.492898019781,1233.1832174856438,1954.6761155054248
284.1750000000244,706.0247433185423,1233.1832174856438,1939.207960804186
284.22500000002435,691.6247504806782,1233.1832174856438,1924.807967966322
284.2750000000244,688.5643992477216,1233.1832174856438,1921.7476167333652
284.3250000000244,696.1077702155127,1233.1832174856438,1929.2909877011566
284.37500000002444,702.7518997886722,1233.1832174856438,1935.9351172743159
284.4250000000244,701.4838061353574,1233.1542111861618,1934.6380173215193
284.47500000002447,696.1021136192783,1232.819938370021,1928.9220519892992
284.5250000000244,692.105622675388,1230.349977779209,1922.455600454597
284.5750000000245,689.7059488270779,1218.6480013755042,1908.3539502025822
284.62500000002444,687.9791097667788,1183.1005357942106,1871.0796455609893
284.6750000000245,688.0694370163902,1113.886197732612,1801.955634749002
284.72500000002447,690.1332467025366,1027.6808983431608,1717.8141450456974
284.77500000002453,692.2595186291388,960.3743597172755,1652.6338783464143
284.8250000000245,693.3275622921622,933.9729170906166,1627.3004793827788
284.87500000002456,693.5326950872319,950.0541052541105,1643.5868003413425
284.9250000000245,688.0321502300382,1001.6983600590553,1689.7305102890934
284.9750000000246,664.4833937430446,1068.9445639368187,1733.4279576798633
285.02500000002453,621.9674635814773,1123.0297730330935,1744.9972366145707
285.0750000000246,587.8149448805949,1150.8129376002921,1738.627882480887
285.12500000002456,587.8093599854055,1159.958960554927,1747.7683205403325
285.1750000000246,611.9142469377921,1161.889430714947,1773.803677652739
285.2250000000246,638.7708351328508,1162.150691440833,1800.9215265736839
285.27500000002465,665.0165286983585,1162.1733621651397,1827.189890863498
285.3250000000246,691.8497326917643,1162.1733621651397,1854.023094856904
285.37500000002467,710.648852890478,1162.1733621651397,1872.8222150556176
285.4250000000246,710.7148629515702,1162.1733621651397,1872.88822511671
285.4750000000247,690.7710349591341,1162.1733621651397,1852.9443971242738
285.52500000002465,664.0735971451438,1162.1733621651397,1826.2469593102835
285.5750000000247,650.7736274957641,1162.1733621651397,1812.946989660904
285.62500000002467,659.5238090007184,1162.1733621651397,1821.697171165858
285.67500000002474,680.4587231279083,1162.1733621651397,1842.632085293048
285.7250000000247,697.6682100983639,1162.1733621651397,1859.8415722635036
285.77500000002476,703.9629479279295,1162.1509430767069,1866.1138910046363
285.8250000000247,702.7514924640104,1161.8925822392478,1864.6440747032582
285.8750000000248,699.4560280422916,1159.983539517496,1859.4395675597875
285.92500000002474,694.9027419919377,1150.9260653262418,1845.8288073181793
285.9750000000248,687.5571176079126,1123.2982253963298,1810.8553430042425
286.02500000002476,678.4209674327882,1068.6387895036012,1747.0597569363895
286.07500000002483,670.3483140742801,996.2584653062388,1666.606779380519
286.1250000000248,664.7407975897304,925.2449764051036,1589.9857739948338
286.17500000002485,660.7464391390229,861.1680106311363,1521.914449770159
286.2250000000248,656.3361011961097,798.2662199832575,1454.6023211793672
286.2750000000249,650.7817471937535,730.9420572225998,1381.7238044163532
286.32500000002483,645.0962702509779,648.7858563630928,1293.8821266140708
286.3750000000249,639.7573573979889,545.5789679098142,1185.3363253078032
286.42500000002485,634.4295481905444,440.83102400547887,1075.2605721960233
286.4750000000249,628.9500210575618,366.0450205620608,994.9950416196226
286.5250000000249,623.2472430855593,330.20254635994274,953.449789445502
286.57500000002494,617.0768791860745,318.2249115492093,935.3017907352838
286.6250000000249,610.1575371265633,312.38352644794276,922.5410635745061
286.67500000002497,602.3159574209126,301.31766082992647,903.633618250839
286.7250000000249,593.9797269122846,280.3290775719043,874.3088044841888
286.775000000025,586.7115606492183,254.09485711732128,840.8064177665397
286.82500000002494,581.9580141246122,232.6330296870996,814.5910438117118
286.875000000025,579.3918554495167,219.01239194039783,798.4042473899145
286.92500000002497,577.892813338182,204.51394944996918,782.4067627881511
286.97500000002503,576.9082057609999,175.53480038059303,752.4430061415928
287.025000000025,575.8951008228291,126.75303997262867,702.6481407954578
287.07500000002506,573.652250569124,70.99966035891512,644.6519109280391
287.125000000025,569.352946587721,28.955670456977764,598.3086170446987
287.1750000000251,564.4021422962202,8.223096365522581,572.6252386617427
287.22500000002503,561.8656795199997,1.5782347306750695,563.4439142506748
287.2750000000251,562.9703650573503,0.20007142639858216,563.1704364837489
287.32500000002506,565.1809208854515,0.015672994803321683,565.1965938802549
287.3750000000251,565.0952695635791,0.0,565.0952695635791
287.4250000000251,562.8767561065005,0.0,562.8767561065005
287.47500000002515,561.8080116069362,0.0,561.8080116069362
287.5250000000251,563.5210947935429,0.0,563.5210947935429
287.57500000002517,565.6754847819758,0.0,565.6754847819758
287.6250000000251,564.963622796506,0.0,564.963622796506
287.6750000000252,561.5405736898965,0.0,561.5405736898965
287.72500000002515,558.6054009518804,0.0,558.6054009518804
287.7750000000252,558.1525061609947,0.0,558.1525061609947
287.82500000002517,559.6655497743718,0.0,559.6655497743718
287.87500000002524,562.085568349032,0.0,562.085568349032
287.9250000000252,565.0898059688078,0.0,565.0898059688078
287.97500000002526,568.833663405921,0.0,568.833663405921
288.0250000000252,572.9710711996797,0.0,572.9710711996797
288.0750000000253,576.2717015402575,0.0,576.2717015402575
288.12500000002524,578.0016955333555,0.0,578.0016955333555
288.1750000000253,578.9442095279288,0.0,578.9442095279288
288.22500000002526,580.2618943757166,0.0,580.2618943757166
288.27500000002533,581.7411296371401,0.0,581.7411296371401
288.3250000000253,581.328211113246,0.0,581.328211113246
288.37500000002535,577.5475964227495,0.0,577.5475964227495
288.4250000000253,572.135720026298,0.00972008746891322,572.145440113767
288.4750000000254,568.4829001971575,0.1217357898988992,568.6046359870564
288.52500000002533,568.0268839469717,0.9494260991151878,568.9763100460868
288.5750000000254,569.8124340091476,4.870789259342701,574.6832232684903
288.62500000002535,572.597976717081,16.782838742352197,589.3808154594332
288.6750000000254,576.075276534917,39.98434301913755,616.0596195540545
288.7250000000254,580.7341380299117,68.95951539433862,649.6936534242503
288.77500000002544,586.8188138906226,92.16101967112397,678.9798335617465
288.8250000000254,593.0933009002356,104.07306915413346,697.166370054369
288.87500000002547,597.5366617428938,107.99443231436098,705.5310940572548
288.9250000000254,599.4705025765029,108.82212262357727,708.2926252000801
288.9750000000255,599.8301536000604,108.93413832600726,708.7642919260677
289.02500000002544,599.6749096830978,108.94385841347616,708.618768096574
289.0750000000255,599.3404396495948,108.94385841347616,708.284298063071
289.12500000002547,598.5573072232273,108.94385841347616,707.5011656367035
289.17500000002553,596.6613201474202,108.94385841347616,705.6051785608963
289.2250000000255,593.1115677624729,108.94385841347616,702.055426175949
289.27500000002556,588.6206735186479,108.94385841347616,697.564531932124
289.3250000000255,584.9559923284835,108.94385841347616,693.8998507419597
289.3750000000256,583.0472304778684,108.94385841347616,691.9910888913446
289.42500000002553,582.4131271920346,108.94385841347616,691.3569856055108
289.4750000000256,582.2838462271646,108.94385841347616,691.2277046406408
289.52500000002556,582.3137078797185,108.94225302813821,691.2559609078568
289.5750000000256,582.604901293945,108.92375233389279,691.5286536278378
289.6250000000256,583.7659469566228,108.78704966624422,692.552996622867
289.67500000002565,586.7285057672925,108.1393909962647,694.8678967635572
289.7250000000256,591.5489655693299,106.17197767348317,697.7209432428131
289.77500000002567,596.733744413968,102.33997977187713,699.0737241858451
289.8250000000256,601.154327511606,97.55439352643961,698.7087210380456
289.8750000000257,605.0665121846388,93.72239562483357,698.7889078094723
289.92500000002565,608.3034970245697,91.75498230205206,700.0584793266218
289.9750000000257,610.1722437201192,91.12927688153155,701.3015206016507
290.02500000002567,610.5581177531924,91.24556665522049,701.8036844084129
290.07500000002574,609.4387678610515,93.09644130262329,702.5352091636747
290.1250000000257,607.1028438558777,101.95140885978854,709.0542527156663
290.17500000002576,605.1044307530509,128.85530192713202,733.9597326801829
290.2250000000257,604.3480081877044,181.25693029129184,785.6049384789962
290.2750000000258,603.1867797868167,246.69864460771927,849.885424394536
290.32500000002574,600.3602612273168,299.10027297187906,899.4605341991958
290.3750000000258,597.4204132015708,326.0041660392226,923.4245792407934
290.42500000002576,596.6389198896441,334.8607389817258,931.4996588713698
290.47500000002583,599.3509028219814,336.730114323374,936.0810171453554
290.5250000000258,605.733913101323,336.98310676471147,942.7170198660344
290.57500000002585,613.7672444142788,337.0050600141705,950.7723044284494
290.6250000000258,620.1358489446006,337.0050600141705,957.1409089587712
290.6750000000259,623.3567922001796,337.0050600141705,960.3618522143502
290.72500000002583,624.2283993951426,337.0050600141705,961.2334594093131
290.7750000000259,623.5774462138273,337.0050600141705,960.5825062279978
290.82500000002585,621.2079497787267,337.0050600141705,958.2130097928973
290.8750000000259,617.3834681634712,337.0050600141705,954.3885281776418
290.9250000000259,614.5483432852527,337.0168462753406,951.5651895605934
290.97500000002594,615.9118902617762,337.152672864166,953.0645631259422
291.0250000000259,621.9703358400967,338.1563031487233,960.12663898882
291.07500000002597,629.563177819727,342.9112202723493,972.4743980920763
291.1250000000259,634.9540431905235,357.35538311824985,992.3094263087734
291.175000000026,637.0743376513857,385.4887707877476,1022.5631084391333
291.22500000002594,636.7517962665663,420.6231201599858,1057.374916426552
291.275000000026,634.253353126213,448.7565078294836,1083.0098609556967
291.32500000002597,629.7466049118798,463.20067067538423,1092.947275587264
291.37500000002603,625.3832809140464,467.9555877990102,1093.3388687130566
291.425000000026,624.4519170808577,468.9592180835675,1093.411135164425
291.47500000002606,628.2698903807511,469.09504467239293,1097.364935053144
291.525000000026,635.0444605881544,469.10683093356295,1104.1512915217172
291.5750000000261,641.1120255897738,469.10683093356295,1110.2188565233369
291.62500000002603,643.8841698675424,469.10683093356295,1112.9910008011052
291.6750000000261,644.0835013274677,469.10683093356295,1113.1903322610306
291.72500000002606,642.6700619828741,469.10683093356295,1111.7768929164372
291.7750000000261,637.7291887330301,469.10683093356295,1106.836019666593
291.8250000000261,629.1208381903491,469.10683093356295,1098.2276691239122
291.87500000002615,623.3775825069241,469.10683093356295,1092.484413440487
291.9250000000261,628.2219234735618,469.10683093356295,1097.3287544071247
291.97500000002617,642.3780607694865,469.10683093356295,1111.4848917030495
292.0250000000261,656.2687550198126,469.10683093356295,1125.3755859533755
292.0750000000262,662.4576686377438,469.0884676184211,1131.546136256165
292.12500000002615,659.3070627767922,468.8768461025511,1128.1839088793433
292.1750000000262,648.4803637762404,467.3131628500472,1115.7935266262875
292.22500000002617,636.1391332447159,459.9048727778345,1096.0440060225505
292.27500000002624,631.9632696952556,437.4004746084066,1069.3637443036623
292.3250000000262,640.6545329032825,393.56789222036343,1034.222425123646
292.37500000002626,656.1469059949917,338.82762127963264,994.9745272746243
292.4250000000262,667.7251037532475,294.99503889158945,962.7201426448369
292.4750000000263,671.1771268400249,272.4906407221616,943.6677675621866
292.52500000002624,671.0266330815142,265.08160790499556,936.1082409865098
292.5750000000263,673.2866740006905,263.5078432563415,936.794517257032
292.62500000002626,677.8047776323605,263.2154365659194,941.0202141982799
292.67500000002633,674.0235810724706,262.767835279326,936.7914163517967
292.7250000000263,644.1157719799468,261.24361869620316,905.3593906761499
292.77500000002635,584.5390679845452,257.6056173343871,842.1446853189323
292.8250000000263,531.4987133845138,251.75881587038072,783.2575292548945
292.8750000000264,534.6910304517337,245.44920426333422,780.1402347150679
292.92500000002633,592.5971244495115,240.906254071954,833.5033785214655
292.9750000000264,655.0704583682556,238.74151388806334,893.8119722563189
293.02500000002635,689.1021900540263,238.06429090079686,927.1664809548232
293.0750000000264,699.6841269501383,237.92613812881945,937.6102650789578
293.1250000000264,701.9756806598729,237.90785684182256,939.8835375016954
293.17500000002644,704.3920746534473,237.90058438052282,942.29265903397
293.2250000000264,707.2395284975204,237.83431402028103,945.0738425178014
293.27500000002647,705.5433505614503,237.34463861075812,942.8879891722084
293.3250000000264,699.0376786740733,235.02469467763345,934.0623733517067
293.3750000000265,698.1692414800879,227.9773272699217,926.1465687500096
293.42500000002644,710.5537848345382,214.25092987010223,924.8047147046404
293.4750000000265,726.7261681486939,197.1087340018701,923.834902150564
293.52500000002647,729.5797257334028,183.38233660205066,912.9620623354535
293.57500000002653,712.7649881359858,176.3349691943389,889.0999573303247
293.6250000000265,687.6696116424525,174.0262296597517,861.6958413022043
293.67500000002656,674.8202735373271,173.66567536940525,848.4859489067323
293.7250000000265,685.0163517535624,174.55348820231495,859.5698399558773
293.7750000000266,708.5835490266742,179.06791462002016,887.6514636466943
293.82500000002653,723.5299809258549,192.79899988364934,916.3289808095043
293.8750000000266,712.8109003776533,219.54350207224405,932.3544024498974
293.92500000002656,680.269303985019,252.94334338248362,933.2126473675025
293.9750000000266,654.6958056236971,279.71502703346226,934.4108326571593
294.0250000000266,662.9076694699244,293.7593554249694,956.6670248948938
294.07500000002665,698.5702955731957,300.59410345324335,999.164399026439
294.1250000000266,736.7181143161093,312.51397122131044,1049.2320855374198
294.17500000002667,764.0587758646153,345.95420460911896,1110.0129804737344
294.2250000000266,780.5794709531355,410.84659631866515,1191.4260672718005
294.2750000000267,789.0817323338368,491.8733937115047,1280.9551260453416
294.32500000002665,792.3895133782585,556.7545810225134,1349.1440944007718
294.3750000000267,793.1496246953959,590.0656932911455,1383.2153179865413
294.42500000002667,792.7676277710406,601.0314778660611,1393.7991056371015
294.47500000002674,791.8525937741214,603.346048910556,1395.1986426846775
294.5250000000267,790.5312190348604,603.6592920384339,1394.1905110732944
294.57500000002676,786.2737254774031,603.6864735008178,1389.960198978221
294.6250000000267,771.7989733240506,603.6864735008178,1375.4854468248684
294.6750000000268,739.6554772763814,603.6864735008178,1343.3419507771991
294.72500000002674,694.4875948828924,603.6864735008178,1298.1740683837102
294.7750000000268,657.2165678618785,603.6864735008178,1260.9030413626963
294.82500000002676,647.4074587745438,603.6864735008178,1251.0939322753616
294.87500000002683,662.6992533881846,603.6864735008178,1266.3857268890024
294.9250000000268,684.7284413018381,603.6864735008178,1288.4149148026559
294.97500000002685,701.3335699781645,603.6864735008178,1305.0200434789822
295.0250000000268,711.2755238230989,603.6864735008178,1314.9619973239166
295.0750000000269,709.0498619323128,603.6864735008178,1312.7363354331305
295.12500000002683,676.8496645123008,603.6579056768414,1280.5075701891424
295.1750000000269,608.8828696492792,603.3286859162326,1212.2115555655118
295.22500000002685,545.4819194338008,600.8960626362175,1146.3779820700183
295.2750000000269,544.6377962449485,589.3709798767063,1134.0087761216548
295.3250000000269,607.8225282422095,554.3534686338496,1162.1759968760591
295.37500000002694,679.7797427969862,486.07779391888397,1165.85753671587
295.4250000000269,717.4889704235746,400.2880877777123,1117.777058201287
295.47500000002697,712.7696094953802,329.11188531099344,1041.8814948063737
295.5250000000269,667.4552507033238,285.0316573942856,952.4869080976094
295.575000000027,587.8541276672936,255.8374429778229,843.6915706451165
295.62500000002694,499.67961285334013,231.30040579817833,730.9800186515184
295.675000000027,452.81033252081005,212.9614578270439,665.771790347854
295.72500000002697,487.888214868889,201.99128672202147,689.8795015909104
295.77500000002703,584.3241386634344,192.16516313427016,776.4893017977046
295.825000000027,676.4141472806859,174.7025569626725,851.1167042433584
295.87500000002706,723.1862687979291,146.7610006901278,869.9472694880569
295.925000000027,722.6263322058369,115.91196173594001,838.5382939417769
295.9750000000271,685.7314521341747,93.2421746115499,778.9736267457246
296.02500000002703,638.0098042622836,82.27015033226058,720.2799545945443
296.0750000000271,617.4407603107478,78.79902882306767,696.2397891338155
296.12500000002706,643.0102402672385,78.08542607698195,721.0956663442205
296.1750000000271,697.528552824544,77.99050385552097,775.519056680065
296.2250000000271,748.360811067564,77.98252341826266,826.3433344858266
296.27500000002715,777.7775780093735,77.98252341826266,855.7601014276362
296.3250000000271,789.1493229765705,77.98252341826266,867.1318463948331
296.37500000002717,792.1503337230891,77.98252341826266,870.1328571413518
296.4250000000271,792.0393702846135,77.99670183095756,870.0360721155711
296.4750000000272,790.1898505186839,78.16009592205408,868.349946440738
296.52500000002715,786.8819579623871,79.36742402740008,866.2493819897871
296.5750000000272,781.913053846916,85.08740395454687,867.0004578014629
296.62500000002717,775.0894793922045,102.46316874600284,877.5526481382072
296.67500000002724,767.1219681376305,136.3065373196809,903.4285054573113
296.7250000000272,760.5129932399303,178.57178988612583,939.0847831260562
296.77500000002726,758.3103942082233,212.41515845980388,970.7255526680271
296.8250000000272,760.4793946493533,229.79092325125984,990.2703179006131
296.8750000000273,764.4984823098071,235.51090317840664,1000.0093854882136
296.92500000002724,768.0674407759032,236.71823128375266,1004.7856720596558
296.9750000000273,768.8027647816863,236.88162537484916,1005.6843901565354
297.02500000002726,765.2827109082516,236.89580378754408,1002.1785146957957
297.07500000002733,758.8635184407325,236.89580378754408,995.7593222282766
297.1250000000273,751.8925749254003,236.89580378754408,988.7883787129443
297.17500000002735,745.3238176206195,236.89580378754408,982.2196214081636
297.2250000000273,739.1990334643956,236.89580378754408,976.0948372519397
297.2750000000274,732.5264664969425,236.89580378754408,969.4222702844866
297.32500000002733,719.431050606076,236.89580378754408,956.3268543936201
297.3750000000274,689.7086491981124,236.89580378754408,926.6044529856565
297.42500000002735,647.2248681983298,236.89580378754408,884.1206719858739
297.4750000000274,622.8371980987441,236.89580378754408,859.7330018862882
297.5250000000274,638.8076055998132,236.89487398256642,875.7024795823796
297.57500000002744,674.3146110999709,236.8847086400828,911.1993197400536
297.6250000000274,698.0537755866045,236.8123453539209,934.8661209405254
297.67500000002747,705.8117578211878,236.48953463029247,942.3012924514803
297.7250000000274,711.73716429739,235.61235165157564,947.3495159489656
297.7750000000275,727.6909154794472,234.25853724196978,961.949452721417
297.82500000002744,752.5519708000314,233.38176855982172,985.9337393598531
297.8750000000275,774.9376747735861,233.93590471413395,1008.87357948772
297.92500000002747,787.1657713336973,235.52565175080008,1022.6914230844974
297.97500000002753,791.241641378333,236.95882841108264,1028.2004697894156
298.0250000000275,792.0935672281512,237.68391638287596,1029.777483611027
298.07500000002756,791.5398448331607,237.9117560555699,1029.4516008887306
298.1250000000275,787.2876750843888,237.9576323450243,1025.245307429413
298.1750000000276,773.8456499960382,237.96365914348365,1011.8093091395219
298.22500000002753,747.3523689622266,237.9641344006791,985.3165033629057
298.2750000000276,714.6530413716998,237.9641344006791,952.6171757723789
298.32500000002756,693.1461331480959,237.9641344006791,931.110267548775
298.3750000000276,695.1928449844313,237.9641344006791,933.1569793851104
298.4250000000276,715.2084400327159,237.9641344006791,953.172574433395
298.47500000002765,736.0303811678499,237.9641344006791,973.994515568529
298.5250000000276,746.7499257578306,237.9641344006791,984.7140601585097
298.57500000002767,748.3325194315375,237.9641344006791,986.2966538322166
298.6250000000276,744.7713998752025,237.9641344006791,982.7355342758816
298.6750000000277,738.2336223204763,237.9641344006791,976.1977567211554
298.72500000002765,730.0995962821994,237.96236768553035,968.0619639677298
298.7750000000277,720.6363642670285,237.93923450054743,958.5755987675759
298.82500000002767,708.9893498493852,237.7568342450511,946.7461840944363
298.87500000002774,695.4051862263055,236.80793668110138,932.213122907407
298.9250000000277,682.7756021380237,233.52398221905648,916.2995843570802
298.97500000002776,673.8656197770359,225.90819005810954,899.7738098351455
299.0250000000277,667.8520017078295,214.02191160014667,881.8739133079762
299.0750000000278,662.5991212597245,201.53772685560787,864.1368481153323
299.12500000002774,658.2294648273544,192.75282765938374,850.9822924867381
299.1750000000278,656.0220668991402,188.62468678274112,844.6467536818814
299.22500000002776,656.1523134516171,187.16306229430938,843.3153757459265
299.27500000002783,657.3768080663871,185.4852334881144,842.8620415545015
299.3250000000278,657.7063582400452,178.7177167996977,836.424075039743
299.37500000002785,655.5021238100858,158.25949553552573,813.7616193456115
299.4250000000278,650.931417084217,118.41772321559702,769.3491402998139
299.4750000000279,645.3804178918414,68.66137091483152,714.0417888066729
299.52500000002783,639.0933794313598,28.81959859490282,667.9129780262626
299.5750000000279,631.1042209112893,8.364150633252557,639.4683715445418
299.62500000002785,621.7196483442339,1.630360601807773,623.3500089460416
299.6750000000279,613.7271164878609,0.20904548112389146,613.9361619689848
299.7250000000279,609.3154676066413,0.03120358991032892,609.3466711965516
299.77500000002794,606.7599579704221,0.18175281956670147,606.9417107899887
299.8250000000279,602.8814651038431,1.4175031897169326,604.29896829356
299.87500000002797,597.7336133946569,7.272139788438229,605.0057531830952
299.9250000000279,594.0613007666733,25.056955430190776,619.1182561968641
299.975000000028,592.3621619396549,59.70119234869481,652.0633542883497
300.02500000002794,590.2989389116278,103.01425574908987,693.3131946607177
300.075000000028,587.8116932531107,138.074861827793,725.8865550809037
300.12500000002797,587.8447181820749,158.103172354584,745.9478905366589
300.17500000002804,591.0941920531513,172.257525880348,763.3517179334993
300.225000000028,595.6596615609675,196.210878585466,791.8705401464335
300.27500000002806,602.9258211585836,245.83441472878215,848.7602358873658
300.325000000028,617.3943465916957,334.4367545703409,951.8311011620366
300.3750000000281,637.7124336650869,459.98079739875016,1097.6932310638372
300.42500000002804,655.063343760071,590.7841848413365,1245.8475286014075
300.4750000000281,663.5041500809983,685.268429948547,1348.7725800295452
300.52500000002806,664.3547651821257,731.2374431788298,1395.5922083609555
300.5750000000281,661.3190485117788,747.320898850848,1408.6399473626268
300.6250000000281,656.692717424301,755.2164608342524,1411.9091782585533
300.67500000002815,649.895920823569,765.4962175400738,1415.3921383636427
300.7250000000281,640.7464434045414,779.4040531944635,1420.1504965990048
300.7750000000282,634.8189437860559,795.1732407729339,1429.9921845589897
300.8250000000281,637.1294952458131,812.3452855247245,1449.4747807705376
300.8750000000282,642.7079332593049,829.3325970932691,1472.040530352574
300.92500000002815,641.2126895868031,841.9940183077673,1483.2067078945704
300.9750000000282,625.5469987591779,848.3672643622776,1473.9142631214554
301.0250000000282,598.7097906219706,850.4542420525612,1449.1640326745319
301.07500000002824,577.5369681008982,850.8939099052222,1428.4308780061206
301.1250000000282,576.9406097278174,850.9534124785922,1427.8940222064098
301.17500000002826,592.3337195575901,850.969761800931,1443.3034813585211
301.2250000000282,610.4967832625158,851.0986711972977,1461.5954544598135
301.2750000000283,624.4838239045679,852.0511899587308,1476.5350138632987
301.32500000002824,632.189236268353,856.5639551064172,1488.7531913747703
301.3750000000283,633.7197833482967,870.2725252000179,1503.9923085483147
301.42500000002826,631.5491666289049,896.9731738255081,1528.522340454413
301.47500000002833,628.6788251182576,930.3182486630628,1558.9970737813205
301.5250000000283,626.6397560921758,957.018897288553,1583.658653380729
301.57500000002835,625.2434480872697,970.7274673821537,1595.9709154694233
301.6250000000283,623.5010025376716,975.2402325298402,1598.7412350675118
301.6750000000284,620.8121520652993,976.1927512912733,1597.0049033565726
301.72500000002833,617.6007039160901,976.32166068764,1593.92236460373
301.7750000000284,614.4936108338221,976.3328467140726,1590.8264575478947
301.82500000002835,611.2493406694208,976.3328467140726,1587.5821873834934
301.8750000000284,607.4686685707103,976.3328467140726,1583.801515284783
301.9250000000284,603.7087756025098,976.3328467140726,1580.0416223165826
301.97500000002844,600.8272570150351,976.3328467140726,1577.1601037291077
302.0250000000284,598.7353488690244,976.3328467140726,1575.068195583097
302.07500000002847,596.5323440436916,976.3328467140726,1572.8651907577641
302.1250000000284,593.7801618452085,976.3328467140726,1570.113008559281
302.1750000000285,591.0178177953497,976.3328467140726,1567.3506645094224
302.22500000002844,588.6344751219077,976.3328467140726,1564.9673218359803
302.2750000000285,586.1368103871602,976.3276425036615,1562.4644528908216
302.32500000002847,583.4364848961411,976.2512430377894,1559.6877279339305
302.37500000002854,581.9552351154663,975.6188026512793,1557.5740377667457
302.4250000000285,582.7549231079804,972.1206105419341,1554.8755336499144
302.47500000002856,584.2210428087437,959.1163322443408,1543.3373750530845
302.5250000000285,583.4103893399734,926.5646146496476,1509.9750039896212
302.5750000000286,579.2279068044652,871.8418328217688,1451.069739626234
302.62500000002854,573.9329484648866,810.4281638575688,1384.3611123224555
302.6750000000286,571.1862342328513,764.6365574791074,1335.8227917119589
302.72500000002856,571.9785354804543,741.3982033349183,1313.3767388153726
302.7750000000286,574.0258940711961,731.0031775036872,1305.0290715748833
302.8250000000286,575.2194293293325,721.1189546545982,1296.3383839839307
302.87500000002865,575.2593703987045,700.7825359154654,1276.0419063141699
302.9250000000286,573.968950291111,653.5687606053666,1227.5377108964776
302.9750000000287,570.4274880728705,563.1430327496143,1133.570520822485
303.0250000000286,564.7567894614358,439.0785432598024,1003.8353327212383
303.0750000000287,559.0885004672391,319.96135035762615,879.0498508248652
303.12500000002865,555.5889760810653,232.42377893537756,788.0127550164428
303.1750000000287,554.7368842356394,167.26534900658245,722.0022332422219
303.2250000000287,556.0502944150089,107.331951490584,663.382245905593
303.27500000002874,558.9205965699941,54.849716553252414,613.7703131232465
303.3250000000287,562.4036166891553,20.72785768602038,583.1314743751757
303.37500000002876,565.8530739324729,5.53773345062497,571.3908073830978
303.4250000000287,569.2708135968477,1.0148217332186782,570.2856353300664
303.4750000000288,572.0319090612843,0.1241130704492047,572.1560221317335
303.52500000002874,572.8697055542317,0.009118132065190358,572.8788236862969
303.5750000000288,571.1159360710068,0.0,571.1159360710068
303.62500000002876,567.4826804594574,0.0,567.4826804594574
303.67500000002883,564.6468838026834,0.0,564.6468838026834
303.7250000000288,565.4574072434448,0.0,565.4574072434448
303.77500000002885,569.2342869982755,0.0,569.2342869982755
303.8250000000288,572.262215957219,0.0,572.262215957219
303.8750000000289,571.7539898135768,0.0,571.7539898135768
303.92500000002883,567.6353126875213,0.0,567.6353126875213
303.9750000000289,562.086633615369,0.0,562.086633615369
304.02500000002885,557.8077619668281,0.0,557.8077619668281
304.0750000000289,555.7909067385987,0.0,555.7909067385987
304.1250000000289,555.3090255646922,0.0,555.3090255646922
304.17500000002894,555.5341878382787,0.0,555.5341878382787
304.2250000000289,556.4114357862096,0.0,556.4114357862096
304.27500000002897,558.6188227605177,0.0,558.6188227605177
304.3250000000289,562.557139870414,0.0,562.557139870414
304.375000000029,566.79035514616,0.0,566.79035514616
304.42500000002894,568.4758184691026,0.0,568.4758184691026
304.475000000029,566.2850317655337,0.0,566.2850317655337
304.52500000002897,562.157318187254,0.005105318660405133,562.1624235059144
304.57500000002904,559.339352797274,0.06393975381370692,559.4032925510877
304.625000000029,559.2227952890925,0.4986706957103512,559.7214659848028
304.67500000002906,561.1025106804399,2.558303243273541,563.6608139237134
304.725000000029,564.1893154843033,8.81491448301553,573.0042299673188
304.7750000000291,568.5353523059213,21.001129176306296,589.5364814822276
304.82500000002904,573.7572993302963,36.21986961343415,609.9771689437305
304.8750000000291,577.1469241562645,48.40608430672492,625.5530084629894
304.92500000002906,574.9826756418886,54.66269554646691,629.6453711883555
304.9750000000291,568.1551012809947,56.7223280940301,624.8774293750248
305.0250000000291,564.2339981100969,57.15705903592674,621.3910571460236
305.07500000002915,568.5953399461657,57.21589347108005,625.8112334172458
305.1250000000291,576.7396219769932,57.220998789740456,633.9606207667337
305.1750000000292,581.0128280341014,57.220998789740456,638.2338268238418
305.2250000000291,579.393350180905,57.220998789740456,636.6143489706454
305.2750000000292,575.2687024813287,57.220998789740456,632.4897012710691
305.32500000002915,572.9924844254122,57.220998789740456,630.2134832151526
305.3750000000292,574.4662420748468,57.220998789740456,631.6872408645872
305.4250000000292,579.1729890856707,57.220998789740456,636.3939878754111
305.47500000002924,585.7060380631349,57.220998789740456,642.9270368528753
305.5250000000292,592.0268688218545,57.220998789740456,649.2478676115949
305.57500000002926,596.2382203793761,57.220998789740456,653.4592191691165
305.6250000000292,598.031510758552,57.21589347108005,655.2474042296321
305.6750000000293,598.0952917096937,57.15705903592674,655.2523507456204
305.72500000002924,596.5531141051486,56.7223280940301,653.2754421991787
305.7750000000293,593.3290374441204,54.66269554646691,647.9917329905874
305.82500000002926,589.9647432294381,48.40608430672492,638.370827536163
305.87500000002933,589.5883267093055,36.21986961343415,625.8081963227397
305.9250000000293,593.9669470021257,21.001129176306296,614.968076178432
305.97500000002935,601.2371978135543,8.81491448301553,610.0521122965698
306.0250000000293,607.6114451238744,2.558303243273541,610.1697483671479
306.0750000000294,610.9144284297739,0.4986706957103512,611.4130991254842
306.12500000002933,611.295354709334,0.06393975381370692,611.3592944631476
306.1750000000294,609.3982788349593,0.005105318660405133,609.4033841536198
306.22500000002935,605.8299423023121,0.0,605.8299423023121
306.2750000000294,602.532632123458,0.00832541284673565,602.5409575363047
306.3250000000294,602.7501473877583,0.10426868198184276,602.8544160697401
306.37500000002944,607.9994794719706,0.8131988799359506,608.8126783519066
306.4250000000294,615.7363786642303,4.171910140023431,619.9082888042537
306.47500000002947,621.679445931812,14.374774066296956,636.0542199981089
306.5250000000294,624.0403266076987,34.24723945174866,658.2875660594474
306.5750000000295,623.7493578495576,59.06494537264511,682.8143032222026
306.62500000002944,621.6258603785773,78.93741075809682,700.5632711366741
306.6750000000295,617.7615194218364,89.14027468437034,706.9017941062067
306.72500000002947,613.4140680872355,92.49898594445783,705.9130540316933
306.77500000002954,611.2142957507991,93.20791614241193,704.422211893211
306.8250000000295,612.823313032288,93.30385941154705,706.127172443835
306.87500000002956,617.2546529214327,93.31218482439378,710.5668377458264
306.9250000000295,621.7691069963801,93.31218482439378,715.0812918207738
306.9750000000296,624.5691666294089,93.31218482439378,717.8813514538026
307.02500000002954,625.6369516661669,93.31218482439378,718.9491364905606
307.0750000000296,624.8714243006172,93.31218482439378,718.1836091250109
307.12500000002956,621.5084167109067,93.31218482439378,714.8206015353004
307.1750000000296,616.6002105818021,93.31218482439378,709.9123954061959
307.2250000000296,614.9450146898553,93.31218482439378,708.257199514249
307.27500000002965,620.5714648094096,93.31218482439378,713.8836496338033
307.3250000000296,630.8692844091707,93.31218482439378,724.1814692335645
307.3750000000297,638.5067098409364,93.31218482439378,731.8188946653302
307.4250000000296,637.5587747363724,93.30385941154705,730.8626341479194
307.4750000000297,626.7787915524148,93.20791614241193,719.9867076948267
307.52500000002965,609.4333557812821,92.49898594445783,701.9323417257399
307.5750000000297,593.0588811542133,89.14027468437034,682.1991558385836
307.6250000000297,587.8045874669123,78.94481177168683,666.7493992385992
307.67500000002974,599.3241457636273,59.15763674381987,658.4817825074472
307.7250000000297,621.9848235372311,34.97014605981502,656.9549695970461
307.77500000002976,642.5554492878065,18.083462657603828,660.6389119454103
307.8250000000297,652.0722847633558,16.95060354255918,669.022888305915
307.8750000000298,650.6273666322953,31.25784940583187,681.8852160381272
307.92500000002974,641.3901190799214,52.61102978121832,694.0011488611398
307.9750000000298,629.4316318943904,70.18104363544339,699.6126755298338
308.02500000002976,625.8084260950477,79.26611793894281,705.0745440339905
308.07500000002983,637.557818332799,82.52150621311206,720.079324545911
308.1250000000298,655.2357785734926,85.14385745830073,740.3796360317933
308.17500000002985,662.7121435007001,94.66732616123258,757.3794696619327
308.2250000000298,653.2784402685464,123.34538145636085,776.6238217249073
308.2750000000299,635.0041550696659,179.1881907798229,814.1923458494888
308.32500000002983,625.8992262629464,248.92742004530507,874.8266463082515
308.3750000000299,633.6075364620242,304.78231563755895,938.3898520995831
308.42500000002985,643.701736340352,333.59225383941236,977.2939901797644
308.4750000000299,644.7432726934487,344.05960888564704,988.8028815790958
308.5250000000299,647.8086394277185,350.92769373046787,998.7363331581864
308.57500000002995,661.4300223316109,366.0091247476542,1027.439147079265
308.6250000000299,671.4312222365116,394.8957480362458,1066.3269702727575
308.67500000002997,667.8032570997722,431.08267039002027,1098.8859274897925
308.7250000000299,666.4929097263396,461.1015788087162,1127.594488535056
308.77500000003,681.4495452639175,481.45375328688505,1162.9032985508024
308.82500000002995,697.2793493570916,503.1597986233506,1200.4391479804422
308.87500000003,689.4101645396416,536.9856841774788,1226.3958487171203
308.92500000002997,655.9184191025154,578.250446289453,1234.1688653919682
308.97500000003004,624.264879110722,612.4341926679276,1236.6990717786496
309.02500000003,627.0394266427904,635.8955318250268,1262.934958467817
309.07500000003006,665.2748591495509,661.7720002912894,1327.0468594408403
309.12500000003,709.0419630045558,703.1345620491063,1412.176525053662
309.1750000000301,734.3296142798014,754.625076060896,1488.9546903406974
309.22500000003004,739.7388650909869,797.162507521286,1536.901372612273
309.2750000000301,731.5895585279422,820.1319852114669,1551.7215437394093
309.32500000003006,709.2802963364353,828.2771740864017,1537.557470422837
309.3750000000301,670.8399115173211,830.188578277962,1501.0284897952831
309.4250000000301,630.0053971530715,830.4878229975227,1460.4932201505942
309.47500000003015,614.4710315795621,830.519279537347,1444.9903111169092
309.5250000000301,639.0638321305737,830.5206071458654,1469.584439276439
309.5750000000302,687.4429496069423,830.5206071458654,1517.9635567528076
309.6250000000301,728.7269219823601,830.5206071458654,1559.2475291282253
309.6750000000302,748.6745569007844,830.5206071458654,1579.1951640466498
309.72500000003015,753.1986303727788,830.5206071458654,1583.7192375186441
309.7750000000302,748.4803278605942,830.5206071458654,1579.0009350064597
309.8250000000302,730.6916661121805,830.5206071458654,1561.212273258046
309.87500000003024,695.2718340552713,830.5206071458654,1525.7924412011366
309.9250000000302,651.8708571408526,830.5206071458654,1482.391464286718
309.97500000003026,619.5217091003515,830.5206071458654,1450.0423162462168
310.0250000000302,606.4617045105448,830.5145630683708,1436.9762675789157
310.0750000000303,606.4690016543477,830.4449102398063,1436.913911894154
310.12500000003024,611.1758883330889,829.9302415820941,1441.106129915183
310.1750000000303,616.7505149438869,827.4918866906529,1444.2424016345399
310.22500000003026,622.1260706867562,820.0848185520566,1442.2108892388128
310.27500000003033,626.5486538481013,805.6578197941011,1432.2064736422024
310.3250000000303,630.530898916732,787.6406787121398,1418.1715776288718
310.37500000003035,638.7824060961221,773.1689902632622,1411.9513963593845
310.4250000000303,658.8827227384538,765.2671820506583,1424.149904789112
310.4750000000304,692.8581325703158,759.2569850273642,1452.11511759768
310.52500000003033,730.7219240616565,742.4392870090383,1473.1612110706947
310.5750000000304,757.1429511518439,695.7797136388965,1452.9226647907403
310.62500000003035,762.972653319055,613.9425415285992,1376.9151948476542
310.6750000000304,748.5911448451336,529.1092419227306,1277.700386767864
310.7250000000304,724.2518709806011,482.86182576462176,1207.1136967452228
310.77500000003045,704.8991058205124,476.4790226850529,1181.3781285055652
310.8250000000304,697.7038477132402,483.29149484476005,1180.9953425580002
310.87500000003047,699.5063904468274,487.6637273834878,1187.1701178303151
310.9250000000304,704.9874155827127,488.8747956117844,1193.8622111944971
310.9750000000305,711.3423907725129,489.0637052746205,1200.4060960471334
311.02500000003045,717.851101636649,489.0839757019084,1206.9350773385574
311.0750000000305,724.5583808211484,489.0839757019084,1213.6423565230568
311.12500000003047,730.9915043929896,489.0839757019084,1220.075480094898
311.17500000003054,736.0200154211362,489.0839757019084,1225.1039911230446
311.2250000000305,739.7290308787694,489.0839757019084,1228.813006580678
311.27500000003056,744.8182517702273,489.0839757019084,1233.9022274721358
311.3250000000305,753.4941951237596,489.0839757019084,1242.578170825668
311.3750000000306,763.2048161313687,489.0839757019084,1252.2887918332772
311.42500000003054,769.3836352105085,489.0839757019084,1258.4676109124168
311.4750000000306,772.2720627343608,489.0839757019084,1261.3560384362693
311.52500000003056,776.4269054585197,489.0839757019084,1265.5108811604282
311.5750000000306,783.2134411572217,489.0403391069438,1272.2537802641655
311.6250000000306,789.6629814721599,488.54801201773415,1278.210993489894
311.67500000003065,794.7124701815737,484.9537939002246,1279.6662640817983
311.7250000000306,800.1553415477573,468.2476715134274,1268.4030130611848
311.7750000000307,805.3501997743879,419.025772162021,1224.3759719364089
311.8250000000306,806.3952623936947,327.79267134987157,1134.1879337435662
311.8750000000307,801.9741178007758,222.89003974706296,1024.8641575478389
311.92500000003065,796.8494566647029,150.17233391198025,947.0217905766831
311.9750000000307,797.3351756682812,121.87850733039215,919.2136829986733
312.0250000000307,804.396451890292,117.28338065693556,921.6798325472276
312.07500000003074,813.6183967184845,118.4500271265532,932.0684238450377
312.1250000000307,821.9484358932564,121.92213621265287,943.8705721059092
312.17500000003076,830.7174215323646,131.9268720224689,962.6442935548334
312.2250000000307,841.6423151385133,153.74832084218212,995.3906359806954
312.2750000000308,854.937719789589,189.80228288989005,1044.740002679479
312.32500000003074,869.267609549393,244.40383605595977,1113.6714456053528
312.3750000000308,881.23840246061,329.64328113545093,1210.881683596061
312.42500000003076,889.3806394369676,448.25843570789755,1337.6390751448653
312.47500000003083,895.9001677748086,571.4415807197603,1467.341748494569
312.5250000000308,902.5815683204676,659.4097395190082,1561.9913078394757
312.57500000003085,909.6663019425387,701.3013772945943,1610.9676792371329
312.6250000000308,917.2927126335579,714.4488472083399,1631.741559841898
312.6750000000309,924.6307355956974,717.4269261571128,1642.0576617528102
312.72500000003083,929.3309810137606,719.7338489351523,1649.064829948913
312.7750000000309,929.3679177923512,728.2140590851054,1657.5819768774568
312.82500000003085,923.3718750251487,752.32957133347,1675.7014463586188
312.8750000000309,905.849493508337,797.3578973310953,1703.2073908394323
312.9250000000309,871.3471857416832,852.0362165839248,1723.3834023256081
312.97500000003095,832.3673704109569,895.0206975291159,1727.3880679400727
313.0250000000309,816.8089711784808,916.8268071388028,1733.6357783172834
313.07500000003097,834.4236504856648,923.9497433663506,1758.3733938520154
313.1250000000309,854.1417633834843,925.4456876949782,1779.5874510784624
313.175000000031,820.4463700843215,925.647490182675,1746.0938602669967
313.22500000003095,703.3314494484077,925.6649004281064,1628.9963498765142
313.275000000031,549.0853911797421,925.8420015226334,1474.9273927023755
313.32500000003097,464.3388274765079,928.3007507518627,1392.6395782283705
313.37500000003104,517.1206388408841,948.1962702883911,1465.3169091292752
313.425000000031,661.9607602944604,1055.2215791849226,1717.182339479383
313.47500000003106,791.7796159491451,1440.8172334625776,2232.596849411723
313.525000000031,851.9740115309946,2375.5815061762155,3227.55551770721
313.5750000000311,866.0906484410406,3900.811151301398,4766.901799742438
313.62500000003104,871.7361720878957,5569.020569025579,6440.756741113475
313.6750000000311,878.0860000834244,6783.358182580141,7661.444182663566
313.72500000003106,878.8590624685556,7366.836100587989,8245.695163056544
313.7750000000311,872.6335373536363,7550.47347536594,8423.107012719576
313.8250000000311,862.8677283678479,7588.092042155785,8450.959770523632
313.87500000003115,851.6600023042564,7593.084051613294,8444.74405391755
313.9250000000311,840.2116662942781,7593.50186205797,8433.713528352248
313.9750000000312,831.0844694600687,7593.50186205797,8424.58633151804
314.0250000000311,825.0305609469051,7593.50186205797,8418.532423004875
314.0750000000312,817.9725683690614,7593.50186205797,8411.474430427032
314.12500000003115,805.0082478054297,7593.50186205797,8398.5101098634
314.1750000000312,787.7109481357727,7593.50186205797,8381.212810193743
314.2250000000312,775.6577836582044,7593.50186205797,8369.159645716174
314.27500000003124,773.7141351818574,7593.50186205797,8367.215997239828
314.3250000000312,768.9354953185276,7593.50186205797,8362.437357376499
314.37500000003126,739.6270385538028,7593.50186205797,8333.128900611773
314.4250000000312,681.5145172696543,7593.493200184113,8275.007717453767
314.4750000000313,624.7111031111651,7592.912615845672,8217.623718956836
314.52500000003124,609.110458248331,7586.634644943244,8195.745103191575
314.5750000000313,640.8641607363674,7542.201941708127,8183.066102444494
314.62500000003126,696.0077068772932,7337.63284524671,8033.640552124003
314.67500000003133,753.889208628559,6727.777343919489,7481.666552548048
314.7250000000313,802.8877167016469,5554.390884263066,6357.278600964713
314.77500000003135,834.1385772761545,4100.579074910922,4934.717652187076
314.8250000000313,848.5272764278515,2942.398097568315,3790.9253739961664
314.8750000000314,855.1625052093298,2349.7237328131014,3204.886238022431
314.92500000003133,859.2051246324013,2155.0322553808605,3014.237380013262
314.9750000000314,860.1832140964493,2113.9941807704504,2974.1773948668997
315.02500000003135,856.2619114038899,2108.445128707709,2964.707040111599
315.0750000000314,845.2889071498662,2107.9643650640446,2953.253272213911
315.1250000000314,829.0625333776129,2107.9643650640446,2937.0268984416575
315.17500000003145,817.451679438185,2107.9643650640446,2925.41604450223
315.2250000000314,818.4271084612392,2107.9643650640446,2926.391473525284
315.27500000003147,826.5086582261401,2107.938780911647,2934.447439137787
315.3250000000314,830.3498413983481,2107.4894490805173,2937.839290478865
315.3750000000315,825.1224537657276,2103.530454809263,2928.6529085749908
315.42500000003145,814.1382571512283,2080.063825225514,2894.2020823767425
315.4750000000315,804.6278543494839,1986.5031685165688,2791.1310228660527
315.52500000003147,801.4333275587343,1736.9940194519418,2538.427347010676
315.57500000003154,802.0879901839031,1296.1978451077268,2098.28583529163
315.6250000000315,799.5057860230771,787.4908860432826,1586.9966720663597
315.67500000003156,790.460128419078,412.53048706320186,1202.99061548228
315.7250000000315,779.4015744304016,244.36113090168686,1023.7627053320884
315.7750000000316,773.7185238778592,205.13643359075158,978.8549574686108
315.82500000003154,776.3723000387007,204.72059449823448,981.0928945369352
315.8750000000316,783.3074002744368,207.23349114581384,990.5408914202505
315.92500000003156,788.0131208838792,207.99980535520774,996.0129262390869
315.9750000000316,786.0384358479084,208.12636691159395,994.1648027595024
316.0250000000316,774.8621387023844,208.1376122164331,982.9997509188175
316.07500000003165,753.4950498557707,208.13767582101815,961.6327256767888
316.1250000000316,723.3728004563584,208.13767582101815,931.5104762773765
316.1750000000317,691.0453558665727,208.13767582101815,899.1830316875908
316.2250000000316,671.7212357577251,208.13767582101815,879.8589115787433
316.2750000000317,681.3387608025422,208.13767582101815,889.4764366235604
316.32500000003165,716.9807168988488,208.13767582101815,925.118392719867
316.3750000000317,755.9389518395675,208.13767582101815,964.0766276605857
316.4250000000317,780.5229544365877,208.13767582101815,988.6606302576058
316.47500000003174,790.7149583676943,208.13767582101815,998.8526341887125
316.5250000000317,793.3836749943878,208.13767582101815,1001.5213508154059
316.57500000003176,793.0179759810602,208.13733336164984,1001.1553093427101
316.6250000000317,792.1025944962806,208.11515900356386,1000.2177534998445
316.6750000000318,792.4635063251183,207.87914862453795,1000.3426549496562
316.72500000003174,795.1621039298198,206.2258481125208,1001.3879520423405
316.7750000000318,800.4613847664095,198.72594766802067,999.1873324344302
316.82500000003176,807.11735138372,176.86550994211484,983.9828613258348
316.87500000003183,812.3266630374952,136.2703955415038,948.597058578999
316.9250000000318,813.776060364914,88.78071329580173,902.5567736607157
316.97500000003186,811.4592445587199,54.42317788135698,865.8824224400769
317.0250000000318,808.3365449607898,39.61077021646628,847.9473151772561
317.0750000000319,809.4374710674873,36.162857575981334,845.6003286434686
317.12500000003183,816.9788309313341,35.90209849989543,852.8809294312296
317.1750000000319,826.6036043407571,35.96510453766012,862.5687088784172
317.22500000003186,832.2876617882864,35.98387853328482,868.2715403215713
317.2750000000319,833.5130904813811,35.9870893398528,869.5001798212339
317.3250000000319,835.0286391098675,35.9870893398528,871.0157284497203
317.37500000003195,839.8351609863903,35.9870893398528,875.8222503262431
317.4250000000319,844.4885527733949,35.9870893398528,880.4756421132477
317.47500000003197,844.3098938037147,35.9870893398528,880.2969831435674
317.5250000000319,841.5690345493563,35.9870893398528,877.5561238892091
317.575000000032,843.3823576728902,35.9870893398528,879.369447012743
317.62500000003195,850.9828915905658,35.9870893398528,886.9699809304186
317.675000000032,857.7509227125362,35.9870893398528,893.738012052389
317.72500000003197,861.3500596448271,35.9870893398528,897.3371489846799
317.77500000003204,868.573861192947,35.9870893398528,904.5609505327998
317.825000000032,882.3753634024074,35.98387853328482,918.3592419356922
317.87500000003206,896.1929292690351,35.94687673116841,932.1398060002035
317.925000000032,905.7500517077001,35.67346833956868,941.4235200472688
317.9750000000321,913.3179493648535,34.37813651971036,947.6960858845638
318.02500000003204,920.957373921882,30.443265888097198,951.4006398099792
318.0750000000321,930.0209290873098,22.779184411757925,952.8001134990677
318.12500000003206,942.1593587723947,13.207904928094878,955.3672637004896
318.1750000000321,956.3513358909914,5.543823451755605,961.8951593427471
318.2250000000321,970.4015847585587,1.6089528201424408,972.0105375787011
318.27500000003215,982.3261626527086,0.3136210002841225,982.6397836529927
318.3250000000321,989.0813975928502,0.040212608684394864,989.1216102015346
318.3750000000322,990.6257562127727,0.0032108065679790016,990.6289670193406
