ReportDate,Subdivision,LineCode,TrackNumber,beg_mp,end_mp,length_ft,length_m,grade_to_next,speed,curvature_deg
2022-12-28,HENDERSON,00H,SG,250.36988636363637,250.37007575757576,0.99999999999909051,0.30479999999972279,-0.61,40,-4
2022-12-28,HENDERSON,00H,SG,250.38030303030303,250.38049242424242,0.99999999999909051,0.30479999999972279,-0.61,40,-4
2022-12-28,HENDERSON,00H,SG,250.39337121212122,250.39356060606062,0.99999999999909051,0.30479999999972279,-0.61,41,-4
2022-12-28,HENDERSON,00H,SG,250.36780303030304,250.36799242424243,0.99999999999909051,0.30479999999972279,-0.61,41,-4
2022-12-28,HENDERSON,00H,SG,250.38162878787878,250.38181818181818,0.99999999999909051,0.30479999999972279,-0.61,40,-4
2022-12-28,HENDERSON,00H,SG,250.36174242424244,250.36193181818183,0.99999999999909051,0.30479999999972279,-0.61,41,-3.7
2022-12-28,HENDERSON,00H,SG,250.3689393939394,250.36912878787879,0.99999999999909051,0.30479999999972279,-0.61,41,-4
2022-12-28,HENDERSON,00H,SG,250.36231060606062,250.3625,0.99999999999909051,0.30479999999972279,-0.61,41,-3.7
2022-12-28,HENDERSON,00H,SG,250.39526515151516,250.39545454545456,0.99999999999909051,0.30479999999972279,-0.61,41,-4
2022-12-28,HENDERSON,00H,SG,250.36515151515152,250.36534090909092,0.99999999999909051,0.30479999999972279,-0.61,41,-3.9
2022-12-28,HENDERSON,00H,SG,250.36534090909092,250.36553030303031,0.99999999999909051,0.30479999999972279,-0.61,41,-3.8
2022-12-28,HENDERSON,00H,SG,250.38541666666666,250.38560606060605,0.99999999999909051,0.30479999999972279,-0.61,40,-4
2022-12-28,HENDERSON,00H,SG,250.36003787878789,250.36022727272729,0.99999999999909051,0.30479999999972279,-0.61,41,-3.6
2022-12-28,HENDERSON,00H,SG,250.39393939393941,250.3941287878788,0.99999999999909051,0.30479999999972279,-0.61,40,-4.1
2022-12-28,HENDERSON,00H,SG,250.36155303030304,250.36174242424244,0.99999999999909051,0.30479999999972279,-0.61,41,-3.8
2022-12-28,HENDERSON,00H,SG,250.39204545454547,250.39242424242425,1.999999999998181,0.60959999999944559,-0.61,40,-4
2022-12-28,HENDERSON,00H,SG,250.39545454545456,250.39583333333334,1.999999999998181,0.60959999999944559,-0.61,40,-4.1
2022-12-28,HENDERSON,00H,SG,250.39356060606062,250.39393939393941,1.999999999998181,0.60959999999944559,-0.61,41,-4.1
2022-12-28,HENDERSON,00H,SG,250.36912878787879,250.36950757575758,1.999999999998181,0.60959999999944559,-0.61,41,-3.9
2022-12-28,HENDERSON,00H,SG,250.36950757575758,250.36988636363637,1.999999999998181,0.60959999999944559,-0.61,41,-4
2022-12-28,HENDERSON,00H,SG,250.36193181818183,250.36231060606062,1.999999999998181,0.60959999999944559,-0.61,41,-3.8
2022-12-28,HENDERSON,00H,SG,250.39242424242425,250.39280303030304,1.999999999998181,0.60959999999944559,-0.61,41,-4
2022-12-28,HENDERSON,00H,SG,250.39867424242425,250.39924242424243,2.9999999999972715,0.91439999999916843,-0.61,40,-4.1
2022-12-28,HENDERSON,00H,SG,250.39280303030304,250.39337121212122,2.9999999999972715,0.91439999999916843,-0.61,41,-4.1
2022-12-28,HENDERSON,00H,SG,250.36799242424243,250.3689393939394,4.9999999999954525,1.523999999998614,-0.61,41,-3.9
2022-12-28,HENDERSON,00H,SG,250.38049242424242,250.38162878787878,5.999999999994543,1.8287999999983369,-0.61,41,-4
2022-12-28,HENDERSON,00H,SG,250.39393939393941,250.39526515151516,6.9999999999936335,2.1335999999980597,-0.61,41,-4.1
2022-12-28,HENDERSON,00H,SG,250.36022727272729,250.36155303030304,6.9999999999936335,2.1335999999980597,-0.61,41,-3.7
2022-12-28,HENDERSON,00H,SG,250.36553030303031,250.36780303030304,11.999999999989086,3.6575999999966737,-0.61,41,-3.9
2022-12-28,HENDERSON,00H,SG,250.3625,250.36515151515152,13.999999999987267,4.2671999999961194,-0.61,41,-3.8
2022-12-28,HENDERSON,00H,SG,250.39583333333334,250.39867424242425,14.999999999986358,4.5719999999958416,-0.61,41,-4.1
2022-12-28,HENDERSON,00H,SG,250.39924242424243,250.40227272727273,15.999999999985448,4.8767999999955647,-0.61,41,-4.1
2022-12-28,HENDERSON,00H,SG,250.38181818181818,250.38541666666666,18.99999999998272,5.791199999994733,-0.61,41,-4
2022-12-28,HENDERSON,00H,SG,250.38560606060605,250.39204545454547,34.000000000119144,10.363200000036315,-0.61,41,-4
2022-12-28,HENDERSON,00H,SG,250.40227272727273,250.41003787878788,40.999999999962711,12.496799999988635,-0.61,41,-4
2022-12-28,HENDERSON,00H,SG,250.37007575757576,250.38030303030303,53.999999999950887,16.459199999985032,-0.61,41,-4
2022-12-28,HENDERSON,00H,SG,250.61931818181819,250.61950757575758,0.99999999999909051,0.30479999999972279,-0.6,42,0
2022-12-28,HENDERSON,00H,SG,249.53920454545454,249.53939393939393,0.99999999999909051,0.30479999999972279,-0.6,41,-0.8
2022-12-28,HENDERSON,00H,SG,249.78390151515151,249.78409090909091,0.99999999999909051,0.30479999999972279,-0.6,41,0
2022-12-28,HENDERSON,00H,SG,250.91685606060605,250.91704545454544,0.99999999999909051,0.30479999999972279,-0.6,41,0
2022-12-28,HENDERSON,00H,SG,251.57954545454547,251.57973484848486,0.99999999999909051,0.30479999999972279,-0.6,43,0
2022-12-28,HENDERSON,00H,SG,250.84261363636364,250.84280303030303,0.99999999999909051,0.30479999999972279,-0.6,41,0
2022-12-28,HENDERSON,00H,SG,250.87689393939394,250.87708333333333,0.99999999999909051,0.30479999999972279,-0.6,41,0
2022-12-28,HENDERSON,00H,SG,250.66003787878788,250.66022727272727,0.99999999999909051,0.30479999999972279,-0.6,42,0
2022-12-28,HENDERSON,00H,SG,250.64318181818183,250.64337121212122,0.99999999999909051,0.30479999999972279,-0.6,41,0
2022-12-28,HENDERSON,00H,SG,249.56060606060606,249.56079545454546,0.99999999999909051,0.30479999999972279,-0.6,41,-0.1
2022-12-28,HENDERSON,00H,SG,250.63958333333332,250.63977272727271,0.99999999999909051,0.30479999999972279,-0.6,42,0
2022-12-28,HENDERSON,00H,SG,251.60833333333332,251.60852272727271,0.99999999999909051,0.30479999999972279,-0.6,43,0
2022-12-28,HENDERSON,00H,SG,251.59034090909091,251.59053030303031,0.99999999999909051,0.30479999999972279,-0.6,43,0
2022-12-28,HENDERSON,00H,SG,249.53484848484848,249.53503787878788,0.99999999999909051,0.30479999999972279,-0.6,42,-0.9
2022-12-28,HENDERSON,00H,SG,250.83901515151516,250.83920454545455,0.99999999999909051,0.30479999999972279,-0.6,41,0
2022-12-28,HENDERSON,00H,SG,251.60303030303029,251.60321969696969,0.99999999999909051,0.30479999999972279,-0.6,43,0
2022-12-28,HENDERSON,00H,SG,249.53882575757575,249.53901515151514,0.99999999999909051,0.30479999999972279,-0.6,42,-0.7
2022-12-28,HENDERSON,00H,SG,249.54621212121211,249.5464015151515,0.99999999999909051,0.30479999999972279,-0.6,41,-0.5
2022-12-28,HENDERSON,00H,SG,249.82329545454544,249.82348484848484,0.99999999999909051,0.30479999999972279,-0.6,41,0
2022-12-28,HENDERSON,00H,SG,249.82405303030302,249.82424242424241,0.99999999999909051,0.30479999999972279,-0.6,41,0.1
2022-12-28,HENDERSON,00H,SG,250.58200757575759,250.58219696969698,0.99999999999909051,0.30479999999972279,-0.6,42,-0.1
2022-12-28,HENDERSON,00H,SG,250.81685606060606,250.81704545454545,0.99999999999909051,0.30479999999972279,-0.6,42,0
2022-12-28,HENDERSON,00H,SG,249.55890151515152,249.55909090909091,0.99999999999909051,0.30479999999972279,-0.6,41,-0.1
2022-12-28,HENDERSON,00H,SG,249.88352272727272,249.88371212121211,0.99999999999909051,0.30479999999972279,-0.6,41,0
2022-12-28,HENDERSON,00H,SG,250.58068181818183,250.58087121212122,0.99999999999909051,0.30479999999972279,-0.6,41,0
2022-12-28,HENDERSON,00H,SG,249.88371212121211,249.88390151515151,0.99999999999909051,0.30479999999972279,-0.6,40,0
2022-12-28,HENDERSON,00H,SG,249.79696969696971,249.7971590909091,0.99999999999909051,0.30479999999972279,-0.6,41,0
2022-12-28,HENDERSON,00H,SG,249.8659090909091,249.86609848484849,0.99999999999909051,0.30479999999972279,-0.6,40,0
2022-12-28,HENDERSON,00H,SG,249.58617424242425,249.58636363636364,0.99999999999909051,0.30479999999972279,-0.6,42,0
2022-12-28,HENDERSON,00H,SG,249.525,249.5251893939394,0.99999999999909051,0.30479999999972279,-0.6,41,-1.3
2022-12-28,HENDERSON,00H,SG,251.67272727272729,251.67291666666668,0.99999999999909051,0.30479999999972279,-0.6,42,0
2022-12-28,HENDERSON,00H,SG,249.52556818181819,249.52575757575758,0.99999999999909051,0.30479999999972279,-0.6,41,-1.3
2022-12-28,HENDERSON,00H,SG,249.53465909090909,249.53484848484848,0.99999999999909051,0.30479999999972279,-0.6,42,-1
2022-12-28,HENDERSON,00H,SG,250.60056818181818,250.60075757575757,0.99999999999909051,0.30479999999972279,-0.6,42,0
2022-12-28,HENDERSON,00H,SG,249.78238636363636,249.78257575757576,0.99999999999909051,0.30479999999972279,-0.6,41,-0.1
2022-12-28,HENDERSON,00H,SG,249.54166666666666,249.54185606060605,0.99999999999909051,0.30479999999972279,-0.6,41,-0.6
2022-12-28,HENDERSON,00H,SG,249.89431818181819,249.89450757575759,0.99999999999909051,0.30479999999972279,-0.6,40,-0.1
2022-12-28,HENDERSON,00H,SG,250.58087121212122,250.58106060606062,0.99999999999909051,0.30479999999972279,-0.6,41,-0.1
2022-12-28,HENDERSON,00H,SG,250.58181818181819,250.58200757575759,0.99999999999909051,0.30479999999972279,-0.6,42,0
2022-12-28,HENDERSON,00H,SG,250.8840909090909,250.88428030303029,0.99999999999909051,0.30479999999972279,-0.6,41,0
2022-12-28,HENDERSON,00H,SG,249.87310606060606,249.87329545454546,0.99999999999909051,0.30479999999972279,-0.6,40,0
2022-12-28,HENDERSON,00H,SG,250.63617424242423,250.63636363636363,0.99999999999909051,0.30479999999972279,-0.6,42,0
2022-12-28,HENDERSON,00H,SG,249.75208333333333,249.75227272727273,0.99999999999909051,0.30479999999972279,-0.6,41,0
2022-12-28,HENDERSON,00H,SG,251.59204545454546,251.59223484848485,0.99999999999909051,0.30479999999972279,-0.6,43,0
2022-12-28,HENDERSON,00H,SG,249.52878787878788,249.52897727272727,0.99999999999909051,0.30479999999972279,-0.6,41,-1.3
2022-12-28,HENDERSON,00H,SG,249.57253787878787,249.57272727272726,0.99999999999909051,0.30479999999972279,-0.6,42,0
2022-12-28,HENDERSON,00H,SG,250.62784090909091,250.6280303030303,0.99999999999909051,0.30479999999972279,-0.6,42,0
2022-12-28,HENDERSON,00H,SG,250.65814393939394,250.65833333333333,0.99999999999909051,0.30479999999972279,-0.6,42,0
2022-12-28,HENDERSON,00H,SG,251.67973484848486,251.67992424242425,0.99999999999909051,0.30479999999972279,-0.6,42,0
2022-12-28,HENDERSON,00H,SG,250.81458333333333,250.81477272727273,0.99999999999909051,0.30479999999972279,-0.6,42,0
2022-12-28,HENDERSON,00H,SG,247.60435606060605,247.60454545454544,0.99999999999909051,0.30479999999972279,-0.6,38,0
2022-12-28,HENDERSON,00H,SG,249.52253787878789,249.52272727272728,0.99999999999909051,0.30479999999972279,-0.6,42,-1.4
2022-12-28,HENDERSON,00H,SG,249.77765151515152,249.77784090909091,0.99999999999909051,0.30479999999972279,-0.6,41,0.1
2022-12-28,HENDERSON,00H,SG,249.52310606060607,249.52329545454546,0.99999999999909051,0.30479999999972279,-0.6,42,-1.4
2022-12-28,HENDERSON,00H,SG,251.09337121212121,251.09356060606061,0.99999999999909051,0.30479999999972279,-0.6,42,0
2022-12-28,HENDERSON,00H,SG,249.53503787878788,249.53522727272727,0.99999999999909051,0.30479999999972279,-0.6,42,-1
2022-12-28,HENDERSON,00H,SG,249.88352272727272,249.88371212121211,0.99999999999909051,0.30479999999972279,-0.6,40,0
2022-12-28,HENDERSON,00H,SG,250.64299242424244,250.64318181818183,0.99999999999909051,0.30479999999972279,-0.6,42,0
2022-12-28,HENDERSON,00H,SG,250.8590909090909,250.85928030303029,0.99999999999909051,0.30479999999972279,-0.6,41,0
2022-12-28,HENDERSON,00H,SG,249.53901515151514,249.53920454545454,0.99999999999909051,0.30479999999972279,-0.6,42,-0.8
2022-12-28,HENDERSON,00H,SG,249.55189393939395,249.55208333333334,0.99999999999909051,0.30479999999972279,-0.6,41,-0.3
2022-12-28,HENDERSON,00H,SG,249.86628787878789,249.86647727272728,0.99999999999909051,0.30479999999972279,-0.6,41,-0.1
2022-12-28,HENDERSON,00H,SG,250.64318181818183,250.64337121212122,0.99999999999909051,0.30479999999972279,-0.6,42,0
2022-12-28,HENDERSON,00H,SG,249.52007575757577,249.52026515151516,0.99999999999909051,0.30479999999972279,-0.6,41,-1.6
2022-12-28,HENDERSON,00H,SG,249.86609848484849,249.86628787878789,0.99999999999909051,0.30479999999972279,-0.6,40,-0.1
2022-12-28,HENDERSON,00H,SG,249.53049242424242,249.53068181818182,0.99999999999909051,0.30479999999972279,-0.6,42,-1.2
2022-12-28,HENDERSON,00H,SG,249.82348484848484,249.82367424242423,0.99999999999909051,0.30479999999972279,-0.6,41,0.1
2022-12-28,HENDERSON,00H,SG,249.57746212121211,249.5776515151515,0.99999999999909051,0.30479999999972279,-0.6,42,0
2022-12-28,HENDERSON,00H,SG,249.58806818181819,249.58825757575758,0.99999999999909051,0.30479999999972279,-0.6,42,0
2022-12-28,HENDERSON,00H,SG,250.62443181818182,250.62462121212121,0.99999999999909051,0.30479999999972279,-0.6,42,0
2022-12-28,HENDERSON,00H,SG,249.78257575757576,249.78276515151515,0.99999999999909051,0.30479999999972279,-0.6,41,0
2022-12-28,HENDERSON,00H,SG,249.52026515151516,249.52045454545456,0.99999999999909051,0.30479999999972279,-0.6,41,-1.5
2022-12-28,HENDERSON,00H,SG,249.54602272727271,249.54621212121211,0.99999999999909051,0.30479999999972279,-0.6,42,-0.4
2022-12-28,HENDERSON,00H,SG,251.09356060606061,251.09375,0.99999999999909051,0.30479999999972279,-0.6,42,-0.1
2022-12-28,HENDERSON,00H,SG,247.59621212121212,247.59640151515151,0.99999999999909051,0.30479999999972279,-0.6,38,-0.2
2022-12-28,HENDERSON,00H,SG,251.61363636363637,251.61382575757577,0.99999999999909051,0.30479999999972279,-0.6,43,0
2022-12-28,HENDERSON,00H,SG,251.58106060606062,251.58143939393941,1.999999999998181,0.60959999999944559,-0.6,43,0
2022-12-28,HENDERSON,00H,SG,249.56590909090909,249.56628787878788,1.999999999998181,0.60959999999944559,-0.6,41,-0.1
2022-12-28,HENDERSON,00H,SG,247.59924242424242,247.59962121212121,1.999999999998181,0.60959999999944559,-0.6,37,-0.1
2022-12-28,HENDERSON,00H,SG,249.59867424242424,249.59905303030303,1.999999999998181,0.60959999999944559,-0.6,42,0
2022-12-28,HENDERSON,00H,SG,250.6784090909091,250.67878787878789,1.999999999998181,0.60959999999944559,-0.6,42,0
2022-12-28,HENDERSON,00H,SG,250.66666666666666,250.66704545454544,1.999999999998181,0.60959999999944559,-0.6,42,0
2022-12-28,HENDERSON,00H,SG,250.67348484848486,250.67386363636365,1.999999999998181,0.60959999999944559,-0.6,42,0
2022-12-28,HENDERSON,00H,SG,250.78825757575757,250.78863636363636,1.999999999998181,0.60959999999944559,-0.6,41,0
2022-12-28,HENDERSON,00H,SG,250.69034090909091,250.69071969696969,1.999999999998181,0.60959999999944559,-0.6,42,0
2022-12-28,HENDERSON,00H,SG,250.83712121212122,250.8375,1.999999999998181,0.60959999999944559,-0.6,41,0
2022-12-28,HENDERSON,00H,SG,251.59905303030303,251.59943181818181,1.999999999998181,0.60959999999944559,-0.6,43,0
2022-12-28,HENDERSON,00H,SG,249.5433712121212,249.54375,1.999999999998181,0.60959999999944559,-0.6,42,-0.6
2022-12-28,HENDERSON,00H,SG,249.56231060606061,249.56268939393939,1.999999999998181,0.60959999999944559,-0.6,41,-0.1
2022-12-28,HENDERSON,00H,SG,250.61761363636364,250.61799242424243,1.999999999998181,0.60959999999944559,-0.6,42,0
2022-12-28,HENDERSON,00H,SG,250.86609848484849,250.86647727272728,1.999999999998181,0.60959999999944559,-0.6,41,0
2022-12-28,HENDERSON,00H,SG,251.66704545454544,251.66742424242423,1.999999999998181,0.60959999999944559,-0.6,42,0
2022-12-28,HENDERSON,00H,SG,247.60814393939393,247.60852272727271,1.999999999998181,0.60959999999944559,-0.6,37,0
2022-12-28,HENDERSON,00H,SG,249.82367424242423,249.82405303030302,1.999999999998181,0.60959999999944559,-0.6,41,0
2022-12-28,HENDERSON,00H,SG,249.5221590909091,249.52253787878789,1.999999999998181,0.60959999999944559,-0.6,42,-1.5
2022-12-28,HENDERSON,00H,SG,250.8407196969697,250.84109848484849,1.999999999998181,0.60959999999944559,-0.6,41,0
2022-12-28,HENDERSON,00H,SG,250.63276515151514,250.63314393939393,1.999999999998181,0.60959999999944559,-0.6,42,0
2022-12-28,HENDERSON,00H,SG,249.5251893939394,249.52556818181819,1.999999999998181,0.60959999999944559,-0.6,41,-1.4
2022-12-28,HENDERSON,00H,SG,249.53939393939393,249.53977272727272,1.999999999998181,0.60959999999944559,-0.6,41,-0.7
2022-12-28,HENDERSON,00H,SG,250.65473484848485,250.65511363636364,1.999999999998181,0.60959999999944559,-0.6,42,0
2022-12-28,HENDERSON,00H,SG,250.80814393939394,250.80852272727273,1.999999999998181,0.60959999999944559,-0.6,41,0.1
2022-12-28,HENDERSON,00H,SG,247.61515151515152,247.61553030303031,1.999999999998181,0.60959999999944559,-0.6,37,0
2022-12-28,HENDERSON,00H,SG,250.63125,250.63162878787878,1.999999999998181,0.60959999999944559,-0.6,42,0
2022-12-28,HENDERSON,00H,SG,250.81534090909091,250.81571969696969,1.999999999998181,0.60959999999944559,-0.6,41,0
2022-12-28,HENDERSON,00H,SG,250.84791666666666,250.84829545454545,1.999999999998181,0.60959999999944559,-0.6,41,0
2022-12-28,HENDERSON,00H,SG,251.62272727272727,251.62310606060606,1.999999999998181,0.60959999999944559,-0.6,43,0
2022-12-28,HENDERSON,00H,SG,251.66893939393938,251.66931818181817,1.999999999998181,0.60959999999944559,-0.6,42,0
2022-12-28,HENDERSON,00H,SG,249.53352272727273,249.53390151515151,1.999999999998181,0.60959999999944559,-0.6,42,-1
2022-12-28,HENDERSON,00H,SG,249.54469696969696,249.54507575757575,1.999999999998181,0.60959999999944559,-0.6,41,-0.5
2022-12-28,HENDERSON,00H,SG,249.86553030303031,249.8659090909091,1.999999999998181,0.60959999999944559,-0.6,40,-0.1
2022-12-28,HENDERSON,00H,SG,250.58522727272728,250.58560606060607,1.999999999998181,0.60959999999944559,-0.6,42,0
2022-12-28,HENDERSON,00H,SG,247.61875,247.61912878787879,1.999999999998181,0.60959999999944559,-0.6,37,0
2022-12-28,HENDERSON,00H,SG,249.87481060606061,249.87518939393939,1.999999999998181,0.60959999999944559,-0.6,40,0
2022-12-28,HENDERSON,00H,SG,250.58106060606062,250.58143939393941,1.999999999998181,0.60959999999944559,-0.6,41,0
2022-12-28,HENDERSON,00H,SG,250.83352272727274,250.83390151515152,1.999999999998181,0.60959999999944559,-0.6,41,0
2022-12-28,HENDERSON,00H,SG,249.57556818181817,249.57594696969696,1.999999999998181,0.60959999999944559,-0.6,42,0
2022-12-28,HENDERSON,00H,SG,250.59034090909091,250.5907196969697,1.999999999998181,0.60959999999944559,-0.6,42,0
2022-12-28,HENDERSON,00H,SG,249.52272727272728,249.52310606060607,1.999999999998181,0.60959999999944559,-0.6,42,-1.5
2022-12-28,HENDERSON,00H,SG,249.53068181818182,249.53106060606061,1.999999999998181,0.60959999999944559,-0.6,41,-1.2
2022-12-28,HENDERSON,00H,SG,251.62443181818182,251.62481060606061,1.999999999998181,0.60959999999944559,-0.6,43,0
2022-12-28,HENDERSON,00H,SG,249.52045454545456,249.52083333333334,1.999999999998181,0.60959999999944559,-0.6,42,-1.6
2022-12-28,HENDERSON,00H,SG,249.52897727272727,249.52935606060606,1.999999999998181,0.60959999999944559,-0.6,41,-1.2
2022-12-28,HENDERSON,00H,SG,249.53011363636364,249.53049242424242,1.999999999998181,0.60959999999944559,-0.6,42,-1.1
2022-12-28,HENDERSON,00H,SG,250.64981060606061,250.6501893939394,1.999999999998181,0.60959999999944559,-0.6,42,0
2022-12-28,HENDERSON,00H,SG,250.68352272727273,250.68390151515152,1.999999999998181,0.60959999999944559,-0.6,42,0
2022-12-28,HENDERSON,00H,SG,250.68863636363636,250.68901515151515,1.999999999998181,0.60959999999944559,-0.6,42,0
2022-12-28,HENDERSON,00H,SG,250.80075757575759,250.80113636363637,1.999999999998181,0.60959999999944559,-0.6,41,0
2022-12-28,HENDERSON,00H,SG,250.85681818181817,250.85719696969696,1.999999999998181,0.60959999999944559,-0.6,41,0
2022-12-28,HENDERSON,00H,SG,250.65662878787879,250.65700757575758,1.999999999998181,0.60959999999944559,-0.6,42,0
2022-12-28,HENDERSON,00H,SG,251.6371212121212,251.6375,1.999999999998181,0.60959999999944559,-0.6,43,0
2022-12-28,HENDERSON,00H,SG,249.5471590909091,249.54753787878789,1.999999999998181,0.60959999999944559,-0.6,42,-0.4
2022-12-28,HENDERSON,00H,SG,249.86420454545456,249.86458333333334,1.999999999998181,0.60959999999944559,-0.6,40,-0.1
2022-12-28,HENDERSON,00H,SG,250.63446969696969,250.63484848484848,1.999999999998181,0.60959999999944559,-0.6,42,0
2022-12-28,HENDERSON,00H,SG,251.63371212121211,251.6340909090909,1.999999999998181,0.60959999999944559,-0.6,43,0
2022-12-28,HENDERSON,00H,SG,249.58257575757577,249.58295454545456,1.999999999998181,0.60959999999944559,-0.6,42,0
2022-12-28,HENDERSON,00H,SG,251.59734848484848,251.59772727272727,1.999999999998181,0.60959999999944559,-0.6,43,0
2022-12-28,HENDERSON,00H,SG,249.5375,249.53787878787878,1.999999999998181,0.60959999999944559,-0.6,41,-0.8
2022-12-28,HENDERSON,00H,SG,250.79375,250.79412878787878,1.999999999998181,0.60959999999944559,-0.6,41,0
2022-12-28,HENDERSON,00H,SG,247.61685606060607,247.61723484848486,1.999999999998181,0.60959999999944559,-0.6,37,0
2022-12-28,HENDERSON,00H,SG,250.58143939393941,250.58181818181819,1.999999999998181,0.60959999999944559,-0.6,41,-0.1
2022-12-28,HENDERSON,00H,SG,250.8064393939394,250.80681818181819,1.999999999998181,0.60959999999944559,-0.6,41,0.1
2022-12-28,HENDERSON,00H,SG,249.67083333333332,249.67121212121211,1.999999999998181,0.60959999999944559,-0.6,42,0
2022-12-28,HENDERSON,00H,SG,250.64128787878789,250.64166666666668,1.999999999998181,0.60959999999944559,-0.6,42,0
2022-12-28,HENDERSON,00H,SG,249.53522727272727,249.53560606060606,1.999999999998181,0.60959999999944559,-0.6,42,-0.9
2022-12-28,HENDERSON,00H,SG,251.63181818181818,251.63219696969696,1.999999999998181,0.60959999999944559,-0.6,43,0
2022-12-28,HENDERSON,00H,SG,249.87121212121212,249.87159090909091,1.999999999998181,0.60959999999944559,-0.6,40,0
2022-12-28,HENDERSON,00H,SG,250.70397727272729,250.70435606060607,1.999999999998181,0.60959999999944559,-0.6,42,0
2022-12-28,HENDERSON,00H,SG,249.60549242424241,249.6058712121212,1.999999999998181,0.60959999999944559,-0.6,42,0
2022-12-28,HENDERSON,00H,SG,249.52689393939394,249.52746212121212,2.9999999999972715,0.91439999999916843,-0.6,41,-1.3
2022-12-28,HENDERSON,00H,SG,250.80435606060607,250.80492424242425,2.9999999999972715,0.91439999999916843,-0.6,41,0
2022-12-28,HENDERSON,00H,SG,251.61534090909092,251.6159090909091,2.9999999999972715,0.91439999999916843,-0.6,43,0
2022-12-28,HENDERSON,00H,SG,247.60454545454544,247.60511363636363,2.9999999999972715,0.91439999999916843,-0.6,37,0
2022-12-28,HENDERSON,00H,SG,249.53560606060606,249.53617424242424,2.9999999999972715,0.91439999999916843,-0.6,41,-0.9
2022-12-28,HENDERSON,00H,SG,249.56761363636363,249.56818181818181,2.9999999999972715,0.91439999999916843,-0.6,41,-0.1
2022-12-28,HENDERSON,00H,SG,249.52159090909092,249.5221590909091,2.9999999999972715,0.91439999999916843,-0.6,41,-1.5
2022-12-28,HENDERSON,00H,SG,250.77916666666667,250.77973484848485,2.9999999999972715,0.91439999999916843,-0.6,41,0
2022-12-28,HENDERSON,00H,SG,250.81477272727273,250.81534090909091,2.9999999999972715,0.91439999999916843,-0.6,42,0.1
2022-12-28,HENDERSON,00H,SG,250.81344696969697,250.81401515151515,2.9999999999972715,0.91439999999916843,-0.6,41,0.1
2022-12-28,HENDERSON,00H,SG,250.68011363636364,250.68068181818182,2.9999999999972715,0.91439999999916843,-0.6,42,0
2022-12-28,HENDERSON,00H,SG,251.65984848484848,251.66041666666666,2.9999999999972715,0.91439999999916843,-0.6,42,0
2022-12-28,HENDERSON,00H,SG,250.67670454545456,250.67727272727274,2.9999999999972715,0.91439999999916843,-0.6,42,0
2022-12-28,HENDERSON,00H,SG,250.80984848484849,250.81041666666667,2.9999999999972715,0.91439999999916843,-0.6,41,0.1
2022-12-28,HENDERSON,00H,SG,251.64791666666667,251.64848484848486,2.9999999999972715,0.91439999999916843,-0.6,43,0
2022-12-28,HENDERSON,00H,SG,249.55530303030304,249.55587121212122,2.9999999999972715,0.91439999999916843,-0.6,41,-0.2
2022-12-28,HENDERSON,00H,SG,250.81571969696969,250.81628787878788,2.9999999999972715,0.91439999999916843,-0.6,42,0
2022-12-28,HENDERSON,00H,SG,250.81628787878788,250.81685606060606,2.9999999999972715,0.91439999999916843,-0.6,42,0.1
2022-12-28,HENDERSON,00H,SG,250.66325757575757,250.66382575757575,2.9999999999972715,0.91439999999916843,-0.6,42,0
2022-12-28,HENDERSON,00H,SG,250.61420454545456,250.61477272727274,2.9999999999972715,0.91439999999916843,-0.6,42,0
2022-12-28,HENDERSON,00H,SG,250.81155303030303,250.81212121212121,2.9999999999972715,0.91439999999916843,-0.6,41,0.1
2022-12-28,HENDERSON,00H,SG,250.62594696969697,250.62651515151515,2.9999999999972715,0.91439999999916843,-0.6,42,0
2022-12-28,HENDERSON,00H,SG,250.66155303030303,250.66212121212121,2.9999999999972715,0.91439999999916843,-0.6,42,0
2022-12-28,HENDERSON,00H,SG,250.7971590909091,250.79772727272729,2.9999999999972715,0.91439999999916843,-0.6,41,0
2022-12-28,HENDERSON,00H,SG,251.67784090909092,251.6784090909091,2.9999999999972715,0.91439999999916843,-0.6,42,0
2022-12-28,HENDERSON,00H,SG,249.7971590909091,249.79772727272729,2.9999999999972715,0.91439999999916843,-0.6,41,-0.1
2022-12-28,HENDERSON,00H,SG,250.78636363636363,250.78693181818181,2.9999999999972715,0.91439999999916843,-0.6,41,0
2022-12-28,HENDERSON,00H,SG,251.61174242424244,251.61231060606062,2.9999999999972715,0.91439999999916843,-0.6,43,0
2022-12-28,HENDERSON,00H,SG,247.59375,247.59431818181818,2.9999999999972715,0.91439999999916843,-0.6,37,-0.2
2022-12-28,HENDERSON,00H,SG,247.60094696969696,247.60151515151514,2.9999999999972715,0.91439999999916843,-0.6,37,-0.1
2022-12-28,HENDERSON,00H,SG,249.58068181818183,249.58125,2.9999999999972715,0.91439999999916843,-0.6,42,0
2022-12-28,HENDERSON,00H,SG,250.79185606060605,250.79242424242423,2.9999999999972715,0.91439999999916843,-0.6,41,0
2022-12-28,HENDERSON,00H,SG,251.67064393939393,251.67121212121211,2.9999999999972715,0.91439999999916843,-0.6,42,0
2022-12-28,HENDERSON,00H,SG,249.58958333333334,249.59015151515152,2.9999999999972715,0.91439999999916843,-0.6,42,0
2022-12-28,HENDERSON,00H,SG,250.59715909090909,250.59772727272727,2.9999999999972715,0.91439999999916843,-0.6,42,0
2022-12-28,HENDERSON,00H,SG,250.70757575757577,250.70814393939395,2.9999999999972715,0.91439999999916843,-0.6,42,0
2022-12-28,HENDERSON,00H,SG,250.58011363636365,250.58068181818183,2.9999999999972715,0.91439999999916843,-0.6,41,-0.1
2022-12-28,HENDERSON,00H,SG,250.82424242424241,250.82481060606059,2.9999999999972715,0.91439999999916843,-0.6,41,0
2022-12-28,HENDERSON,00H,SG,250.82613636363635,250.82670454545453,2.9999999999972715,0.91439999999916843,-0.6,41,0
2022-12-28,HENDERSON,00H,SG,251.65075757575758,251.65132575757576,2.9999999999972715,0.91439999999916843,-0.6,42,0
2022-12-28,HENDERSON,00H,SG,251.66515151515151,251.66571969696969,2.9999999999972715,0.91439999999916843,-0.6,42,0
2022-12-28,HENDERSON,00H,SG,250.675,250.67556818181819,2.9999999999972715,0.91439999999916843,-0.6,42,0
2022-12-28,HENDERSON,00H,SG,250.79545454545453,250.79602272727271,2.9999999999972715,0.91439999999916843,-0.6,41,0
2022-12-28,HENDERSON,00H,SG,247.6098484848485,247.61041666666668,2.9999999999972715,0.91439999999916843,-0.6,37,0
2022-12-28,HENDERSON,00H,SG,250.76098484848484,250.76155303030302,2.9999999999972715,0.91439999999916843,-0.6,41,0
2022-12-28,HENDERSON,00H,SG,251.60454545454544,251.60511363636363,2.9999999999972715,0.91439999999916843,-0.6,43,0
2022-12-28,HENDERSON,00H,SG,250.81704545454545,250.81761363636363,2.9999999999972715,0.91439999999916843,-0.6,41,0
2022-12-28,HENDERSON,00H,SG,250.68181818181819,250.68238636363637,2.9999999999972715,0.91439999999916843,-0.6,42,0
2022-12-28,HENDERSON,00H,SG,251.59545454545454,251.59602272727273,2.9999999999972715,0.91439999999916843,-0.6,43,0
2022-12-28,HENDERSON,00H,SG,250.65132575757576,250.65189393939394,2.9999999999972715,0.91439999999916843,-0.6,42,0
2022-12-28,HENDERSON,00H,SG,247.59109848484849,247.59166666666667,2.9999999999972715,0.91439999999916843,-0.6,38,-0.2
2022-12-28,HENDERSON,00H,SG,249.86931818181819,249.86988636363637,2.9999999999972715,0.91439999999916843,-0.6,40,0
2022-12-28,HENDERSON,00H,SG,249.87651515151515,249.87708333333333,2.9999999999972715,0.91439999999916843,-0.6,40,0
2022-12-28,HENDERSON,00H,SG,251.6189393939394,251.61950757575758,2.9999999999972715,0.91439999999916843,-0.6,43,0
2022-12-28,HENDERSON,00H,SG,250.67007575757575,250.67064393939393,2.9999999999972715,0.91439999999916843,-0.6,42,0
2022-12-28,HENDERSON,00H,SG,250.68693181818182,250.6875,2.9999999999972715,0.91439999999916843,-0.6,42,0
2022-12-28,HENDERSON,00H,SG,247.60625,247.60681818181817,2.9999999999972715,0.91439999999916843,-0.6,37,0
2022-12-28,HENDERSON,00H,SG,250.69204545454545,250.69261363636363,2.9999999999972715,0.91439999999916843,-0.6,42,0
2022-12-28,HENDERSON,00H,SG,251.64431818181819,251.64488636363637,2.9999999999972715,0.91439999999916843,-0.6,43,0
2022-12-28,HENDERSON,00H,SG,250.81401515151515,250.81458333333333,2.9999999999972715,0.91439999999916843,-0.6,42,0.1
2022-12-28,HENDERSON,00H,SG,249.53295454545454,249.53352272727273,2.9999999999972715,0.91439999999916843,-0.6,42,-1.1
2022-12-28,HENDERSON,00H,SG,250.66818181818181,250.66875,2.9999999999972715,0.91439999999916843,-0.6,42,0
2022-12-28,HENDERSON,00H,SG,250.84602272727273,250.84659090909091,2.9999999999972715,0.91439999999916843,-0.6,41,0
2022-12-28,HENDERSON,00H,SG,250.68522727272727,250.68579545454546,2.9999999999972715,0.91439999999916843,-0.6,42,0
2022-12-28,HENDERSON,00H,SG,250.69545454545454,250.69602272727272,2.9999999999972715,0.91439999999916843,-0.6,42,0
2022-12-28,HENDERSON,00H,SG,250.79905303030304,250.79962121212122,2.9999999999972715,0.91439999999916843,-0.6,41,0
2022-12-28,HENDERSON,00H,SG,250.77007575757577,250.77064393939395,2.9999999999972715,0.91439999999916843,-0.6,41,0
2022-12-28,HENDERSON,00H,SG,250.81893939393939,250.81950757575757,2.9999999999972715,0.91439999999916843,-0.6,41,0
2022-12-28,HENDERSON,00H,SG,247.59564393939394,247.59621212121212,2.9999999999972715,0.91439999999916843,-0.6,37,-0.2
2022-12-28,HENDERSON,00H,SG,250.6715909090909,250.6721590909091,3.0000000001473381,0.91440000004490873,-0.6,42,0
2022-12-28,HENDERSON,00H,SG,250.8278409090909,250.8284090909091,3.0000000001473381,0.91440000004490873,-0.6,41,0
2022-12-28,HENDERSON,00H,SG,249.89053030303029,249.8910984848485,3.0000000001473381,0.91440000004490873,-0.6,40,0
2022-12-28,HENDERSON,00H,SG,250.73276515151514,250.73352272727271,3.999999999996362,1.2191999999988912,-0.6,42,0
2022-12-28,HENDERSON,00H,SG,247.59640151515151,247.59715909090909,3.999999999996362,1.2191999999988912,-0.6,38,-0.1
2022-12-28,HENDERSON,00H,SG,249.55587121212122,249.55662878787879,3.999999999996362,1.2191999999988912,-0.6,42,-0.2
2022-12-28,HENDERSON,00H,SG,249.86742424242425,249.86818181818182,3.999999999996362,1.2191999999988912,-0.6,40,0
2022-12-28,HENDERSON,00H,SG,250.71837121212121,250.71912878787879,3.999999999996362,1.2191999999988912,-0.6,42,0
2022-12-28,HENDERSON,00H,SG,250.72291666666666,250.72367424242424,3.999999999996362,1.2191999999988912,-0.6,41,0
2022-12-28,HENDERSON,00H,SG,250.7590909090909,250.75984848484848,3.999999999996362,1.2191999999988912,-0.6,41,0
2022-12-28,HENDERSON,00H,SG,250.77178030303031,250.77253787878789,3.999999999996362,1.2191999999988912,-0.6,41,0
2022-12-28,HENDERSON,00H,SG,249.57102272727272,249.57178030303029,3.999999999996362,1.2191999999988912,-0.6,41,-0.1
2022-12-28,HENDERSON,00H,SG,250.75,250.75075757575758,3.999999999996362,1.2191999999988912,-0.6,41,0
2022-12-28,HENDERSON,00H,SG,250.70928030303031,250.71003787878789,3.999999999996362,1.2191999999988912,-0.6,42,0
2022-12-28,HENDERSON,00H,SG,250.71477272727273,250.71553030303031,3.999999999996362,1.2191999999988912,-0.6,42,0
2022-12-28,HENDERSON,00H,SG,250.78087121212121,250.78162878787879,3.999999999996362,1.2191999999988912,-0.6,41,0
2022-12-28,HENDERSON,00H,SG,250.58674242424243,250.5875,3.999999999996362,1.2191999999988912,-0.6,42,0
2022-12-28,HENDERSON,00H,SG,250.65303030303031,250.65378787878788,3.999999999996362,1.2191999999988912,-0.6,42,0
2022-12-28,HENDERSON,00H,SG,250.78446969696969,250.78522727272727,3.999999999996362,1.2191999999988912,-0.6,41,0
2022-12-28,HENDERSON,00H,SG,251.63882575757575,251.63958333333332,3.999999999996362,1.2191999999988912,-0.6,43,0
2022-12-28,HENDERSON,00H,SG,249.57367424242423,249.57443181818181,3.999999999996362,1.2191999999988912,-0.6,42,0
2022-12-28,HENDERSON,00H,SG,250.73011363636363,250.7308712121212,3.999999999996362,1.2191999999988912,-0.6,41,0
2022-12-28,HENDERSON,00H,SG,250.74109848484849,250.74185606060607,3.999999999996362,1.2191999999988912,-0.6,41,0
2022-12-28,HENDERSON,00H,SG,250.75549242424242,250.75625,3.999999999996362,1.2191999999988912,-0.6,41,0
2022-12-28,HENDERSON,00H,SG,250.72840909090908,250.72916666666666,3.999999999996362,1.2191999999988912,-0.6,41,0
2022-12-28,HENDERSON,00H,SG,250.77708333333334,250.77784090909091,3.999999999996362,1.2191999999988912,-0.6,41,0
2022-12-28,HENDERSON,00H,SG,250.76268939393938,250.76344696969696,3.999999999996362,1.2191999999988912,-0.6,41,0
2022-12-28,HENDERSON,00H,SG,251.63522727272726,251.63598484848484,3.999999999996362,1.2191999999988912,-0.6,43,0
2022-12-28,HENDERSON,00H,SG,251.65246212121212,251.6532196969697,3.999999999996362,1.2191999999988912,-0.6,42,0
2022-12-28,HENDERSON,00H,SG,249.54261363636363,249.5433712121212,3.999999999996362,1.2191999999988912,-0.6,41,-0.6
2022-12-28,HENDERSON,00H,SG,247.59715909090909,247.59791666666666,3.999999999996362,1.2191999999988912,-0.6,37,-0.1
2022-12-28,HENDERSON,00H,SG,251.65416666666667,251.65492424242424,3.999999999996362,1.2191999999988912,-0.6,42,0
2022-12-28,HENDERSON,00H,SG,249.53219696969697,249.53295454545454,3.999999999996362,1.2191999999988912,-0.6,41,-1.1
2022-12-28,HENDERSON,00H,SG,251.6623106060606,251.66306818181818,3.999999999996362,1.2191999999988912,-0.6,43,0
2022-12-28,HENDERSON,00H,SG,250.70037878787878,250.70113636363635,3.999999999996362,1.2191999999988912,-0.6,42,0
2022-12-28,HENDERSON,00H,SG,250.71647727272727,250.71723484848485,3.999999999996362,1.2191999999988912,-0.6,42,0
2022-12-28,HENDERSON,00H,SG,249.56931818181818,249.57007575757575,3.999999999996362,1.2191999999988912,-0.6,41,-0.1
2022-12-28,HENDERSON,00H,SG,250.80246212121213,250.80321969696971,3.999999999996362,1.2191999999988912,-0.6,41,0
2022-12-28,HENDERSON,00H,SG,249.57178030303029,249.57253787878787,3.999999999996362,1.2191999999988912,-0.6,42,-0.1
2022-12-28,HENDERSON,00H,SG,250.7346590909091,250.73541666666668,3.999999999996362,1.2191999999988912,-0.6,42,0
2022-12-28,HENDERSON,00H,SG,249.54981060606062,249.55056818181819,3.999999999996362,1.2191999999988912,-0.6,41,-0.3
2022-12-28,HENDERSON,00H,SG,251.61723484848486,251.61799242424243,3.999999999996362,1.2191999999988912,-0.6,43,0
2022-12-28,HENDERSON,00H,SG,250.66477272727272,250.66553030303029,3.999999999996362,1.2191999999988912,-0.6,42,0
2022-12-28,HENDERSON,00H,SG,250.74545454545455,250.74621212121212,3.999999999996362,1.2191999999988912,-0.6,42,0
2022-12-28,HENDERSON,00H,SG,250.69696969696969,250.69772727272726,3.999999999996362,1.2191999999988912,-0.6,42,0
2022-12-28,HENDERSON,00H,SG,250.77348484848486,250.77424242424243,3.999999999996362,1.2191999999988912,-0.6,41,0
2022-12-28,HENDERSON,00H,SG,249.52935606060606,249.53011363636364,3.999999999996362,1.2191999999988912,-0.6,42,-1.2
2022-12-28,HENDERSON,00H,SG,250.6935606060606,250.69431818181818,3.999999999996362,1.2191999999988912,-0.6,42,0
2022-12-28,HENDERSON,00H,SG,247.61155303030304,247.61231060606062,3.999999999996362,1.2191999999988912,-0.6,37,0
2022-12-28,HENDERSON,00H,SG,250.70568181818183,250.70643939393941,3.999999999996362,1.2191999999988912,-0.6,42,0
2022-12-28,HENDERSON,00H,SG,250.72102272727273,250.7217803030303,3.999999999996362,1.2191999999988912,-0.6,41,0
2022-12-28,HENDERSON,00H,SG,249.54185606060605,249.54261363636363,3.999999999996362,1.2191999999988912,-0.6,42,-0.6
2022-12-28,HENDERSON,00H,SG,250.82064393939393,250.82140151515151,3.999999999996362,1.2191999999988912,-0.6,41,0
2022-12-28,HENDERSON,00H,SG,251.65795454545454,251.65871212121212,3.999999999996362,1.2191999999988912,-0.6,42,0
2022-12-28,HENDERSON,00H,SG,250.64791666666667,250.64867424242425,3.999999999996362,1.2191999999988912,-0.6,42,0
2022-12-28,HENDERSON,00H,SG,250.70208333333332,250.7028409090909,3.999999999996362,1.2191999999988912,-0.6,42,0
2022-12-28,HENDERSON,00H,SG,250.76818181818183,250.76893939393941,3.999999999996362,1.2191999999988912,-0.6,41,0
2022-12-28,HENDERSON,00H,SG,249.52329545454546,249.52405303030304,3.999999999996362,1.2191999999988912,-0.6,41,-1.4
2022-12-28,HENDERSON,00H,SG,249.53390151515151,249.53465909090909,3.999999999996362,1.2191999999988912,-0.6,41,-1
2022-12-28,HENDERSON,00H,SG,249.54905303030304,249.54981060606062,3.999999999996362,1.2191999999988912,-0.6,42,-0.3
2022-12-28,HENDERSON,00H,SG,250.75189393939394,250.75265151515151,3.999999999996362,1.2191999999988912,-0.6,41,0
2022-12-28,HENDERSON,00H,SG,250.74280303030304,250.74356060606061,3.999999999996362,1.2191999999988912,-0.6,41,0
2022-12-28,HENDERSON,00H,SG,251.64621212121213,251.64696969696971,3.999999999996362,1.2191999999988912,-0.6,43,0
2022-12-28,HENDERSON,00H,SG,250.76458333333332,250.7653409090909,3.999999999996362,1.2191999999988912,-0.6,41,0
2022-12-28,HENDERSON,00H,SG,250.78257575757576,250.78333333333333,3.999999999996362,1.2191999999988912,-0.6,41,0
2022-12-28,HENDERSON,00H,SG,247.60265151515151,247.60340909090908,3.999999999996362,1.2191999999988912,-0.6,37,-0.1
2022-12-28,HENDERSON,00H,SG,250.69867424242423,250.69943181818181,3.999999999996362,1.2191999999988912,-0.6,42,0
2022-12-28,HENDERSON,00H,SG,250.78977272727272,250.79053030303029,3.999999999996362,1.2191999999988912,-0.6,41,0
2022-12-28,HENDERSON,00H,SG,249.57878787878789,249.57954545454547,3.999999999996362,1.2191999999988912,-0.6,42,0
2022-12-28,HENDERSON,00H,SG,251.62613636363636,251.62689393939394,3.999999999996362,1.2191999999988912,-0.6,43,0
2022-12-28,HENDERSON,00H,SG,249.52083333333334,249.52159090909092,3.999999999996362,1.2191999999988912,-0.6,42,-1.5
2022-12-28,HENDERSON,00H,SG,250.71212121212122,250.71287878787879,3.999999999996362,1.2191999999988912,-0.6,41,0
2022-12-28,HENDERSON,00H,SG,251.62784090909091,251.62859848484848,3.999999999996362,1.2191999999988912,-0.6,43,0
2022-12-28,HENDERSON,00H,SG,251.62992424242424,251.63068181818181,3.999999999996362,1.2191999999988912,-0.6,43,0
2022-12-28,HENDERSON,00H,SG,249.5464015151515,249.5471590909091,4.0000000001464286,1.2192000000446315,-0.6,41,-0.4
2022-12-28,HENDERSON,00H,SG,251.64053030303029,251.64128787878789,4.0000000001464286,1.2192000000446315,-0.6,43,0
2022-12-28,HENDERSON,00H,SG,247.60340909090908,247.60435606060605,4.9999999999954525,1.523999999998614,-0.6,38,-0.1
2022-12-28,HENDERSON,00H,SG,247.59280303030303,247.59375,4.9999999999954525,1.523999999998614,-0.6,38,-0.2
2022-12-28,HENDERSON,00H,SG,250.69261363636363,250.6935606060606,4.9999999999954525,1.523999999998614,-0.6,41,0
2022-12-28,HENDERSON,00H,SG,250.71553030303031,250.71647727272727,4.9999999999954525,1.523999999998614,-0.6,41,0
2022-12-28,HENDERSON,00H,SG,249.54375,249.54469696969696,4.9999999999954525,1.523999999998614,-0.6,42,-0.5
2022-12-28,HENDERSON,00H,SG,250.73181818181817,250.73276515151514,4.9999999999954525,1.523999999998614,-0.6,41,0
2022-12-28,HENDERSON,00H,SG,250.66382575757575,250.66477272727272,4.9999999999954525,1.523999999998614,-0.6,41,0
2022-12-28,HENDERSON,00H,SG,250.71117424242425,250.71212121212122,4.9999999999954525,1.523999999998614,-0.6,42,0
2022-12-28,HENDERSON,00H,SG,250.74015151515152,250.74109848484849,4.9999999999954525,1.523999999998614,-0.6,42,0
2022-12-28,HENDERSON,00H,SG,250.76628787878789,250.76723484848486,4.9999999999954525,1.523999999998614,-0.6,41,0
2022-12-28,HENDERSON,00H,SG,250.69772727272726,250.69867424242423,4.9999999999954525,1.523999999998614,-0.6,41,0
2022-12-28,HENDERSON,00H,SG,250.76344696969696,250.76439393939393,4.9999999999954525,1.523999999998614,-0.6,42,0
2022-12-28,HENDERSON,00H,SG,250.74905303030303,250.75,4.9999999999954525,1.523999999998614,-0.6,42,0
2022-12-28,HENDERSON,00H,SG,250.72556818181818,250.72651515151514,4.9999999999954525,1.523999999998614,-0.6,42,0
2022-12-28,HENDERSON,00H,SG,249.54071969696969,249.54166666666666,4.9999999999954525,1.523999999998614,-0.6,41,-0.7
2022-12-28,HENDERSON,00H,SG,250.73825757575759,250.73920454545456,4.9999999999954525,1.523999999998614,-0.6,42,0
2022-12-28,HENDERSON,00H,SG,250.74621212121212,250.74715909090909,4.9999999999954525,1.523999999998614,-0.6,41,0
2022-12-28,HENDERSON,00H,SG,250.73731060606062,250.73825757575759,4.9999999999954525,1.523999999998614,-0.6,41,0
2022-12-28,HENDERSON,00H,SG,250.7751893939394,250.77613636363637,4.9999999999954525,1.523999999998614,-0.6,41,0
2022-12-28,HENDERSON,00H,SG,250.72916666666666,250.73011363636363,4.9999999999954525,1.523999999998614,-0.6,42,0
2022-12-28,HENDERSON,00H,SG,249.53977272727272,249.54071969696969,4.9999999999954525,1.523999999998614,-0.6,42,-0.7
2022-12-28,HENDERSON,00H,SG,249.86458333333334,249.86553030303031,4.9999999999954525,1.523999999998614,-0.6,41,-0.1
2022-12-28,HENDERSON,00H,SG,250.75265151515151,250.75359848484848,4.9999999999954525,1.523999999998614,-0.6,42,0
2022-12-28,HENDERSON,00H,SG,250.73636363636365,250.73731060606062,4.9999999999954525,1.523999999998614,-0.6,42,0
2022-12-28,HENDERSON,00H,SG,250.78162878787879,250.78257575757576,4.9999999999954525,1.523999999998614,-0.6,42,0
2022-12-28,HENDERSON,00H,SG,251.64128787878789,251.64223484848486,4.9999999999954525,1.523999999998614,-0.6,42,0
2022-12-28,HENDERSON,00H,SG,249.53787878787878,249.53882575757575,4.9999999999954525,1.523999999998614,-0.6,42,-0.8
2022-12-28,HENDERSON,00H,SG,250.76723484848486,250.76818181818183,4.9999999999954525,1.523999999998614,-0.6,42,0
2022-12-28,HENDERSON,00H,SG,250.72651515151514,250.72746212121211,4.9999999999954525,1.523999999998614,-0.6,41,0
2022-12-28,HENDERSON,00H,SG,251.61799242424243,251.6189393939394,4.9999999999954525,1.523999999998614,-0.6,42,0
2022-12-28,HENDERSON,00H,SG,249.55662878787879,249.55757575757576,4.9999999999954525,1.523999999998614,-0.6,41,-0.2
2022-12-28,HENDERSON,00H,SG,251.63958333333332,251.64053030303029,4.9999999999954525,1.523999999998614,-0.6,42,0
2022-12-28,HENDERSON,00H,SG,249.57007575757575,249.57102272727272,4.9999999999954525,1.523999999998614,-0.6,42,-0.1
2022-12-28,HENDERSON,00H,SG,250.72007575757576,250.72102272727273,4.9999999999954525,1.523999999998614,-0.6,42,0
2022-12-28,HENDERSON,00H,SG,251.64337121212122,251.64431818181819,4.9999999999954525,1.523999999998614,-0.6,42,0
2022-12-28,HENDERSON,00H,SG,251.62689393939394,251.62784090909091,4.9999999999954525,1.523999999998614,-0.6,42,0
2022-12-28,HENDERSON,00H,SG,251.66306818181818,251.66401515151514,4.9999999999954525,1.523999999998614,-0.6,42,0
2022-12-28,HENDERSON,00H,SG,247.59015151515152,247.59109848484849,4.9999999999954525,1.523999999998614,-0.6,37,-0.3
2022-12-28,HENDERSON,00H,SG,249.52405303030304,249.525,4.9999999999954525,1.523999999998614,-0.6,42,-1.4
2022-12-28,HENDERSON,00H,SG,250.71912878787879,250.72007575757576,4.9999999999954525,1.523999999998614,-0.6,41,0
2022-12-28,HENDERSON,00H,SG,251.6532196969697,251.65416666666667,4.9999999999954525,1.523999999998614,-0.6,43,0
2022-12-28,HENDERSON,00H,SG,250.72462121212121,250.72556818181818,4.9999999999954525,1.523999999998614,-0.6,41,0
2022-12-28,HENDERSON,00H,SG,251.65492424242424,251.65587121212121,4.9999999999954525,1.523999999998614,-0.6,43,0
2022-12-28,HENDERSON,00H,SG,250.77424242424243,250.7751893939394,4.9999999999954525,1.523999999998614,-0.6,42,0
2022-12-28,HENDERSON,00H,SG,250.71382575757576,250.71477272727273,4.9999999999954525,1.523999999998614,-0.6,41,0
2022-12-28,HENDERSON,00H,SG,250.7308712121212,250.73181818181817,4.9999999999954525,1.523999999998614,-0.6,42,0
2022-12-28,HENDERSON,00H,SG,251.66136363636363,251.6623106060606,4.9999999999954525,1.523999999998614,-0.6,42,0
2022-12-28,HENDERSON,00H,SG,250.67064393939393,250.6715909090909,4.9999999999954525,1.523999999998614,-0.6,41,0
2022-12-28,HENDERSON,00H,SG,250.73920454545456,250.74015151515152,4.9999999999954525,1.523999999998614,-0.6,41,0
2022-12-28,HENDERSON,00H,SG,250.75814393939393,250.7590909090909,4.9999999999954525,1.523999999998614,-0.6,42,0
2022-12-28,HENDERSON,00H,SG,250.77613636363637,250.77708333333334,4.9999999999954525,1.523999999998614,-0.6,42,0
2022-12-28,HENDERSON,00H,SG,250.75719696969696,250.75814393939393,4.9999999999954525,1.523999999998614,-0.6,41,0
2022-12-28,HENDERSON,00H,SG,249.75113636363636,249.75208333333333,4.9999999999954525,1.523999999998614,-0.6,41,-0.1
2022-12-28,HENDERSON,00H,SG,249.86647727272728,249.86742424242425,4.9999999999954525,1.523999999998614,-0.6,41,0
2022-12-28,HENDERSON,00H,SG,250.74715909090909,250.74810606060606,4.9999999999954525,1.523999999998614,-0.6,42,0
2022-12-28,HENDERSON,00H,SG,250.74810606060606,250.74905303030303,4.9999999999954525,1.523999999998614,-0.6,41,0
2022-12-28,HENDERSON,00H,SG,249.57272727272726,249.57367424242423,4.9999999999954525,1.523999999998614,-0.6,41,0
2022-12-28,HENDERSON,00H,SG,250.72746212121211,250.72840909090908,4.9999999999954525,1.523999999998614,-0.6,42,0
2022-12-28,HENDERSON,00H,SG,250.75625,250.75719696969696,4.9999999999954525,1.523999999998614,-0.6,42,0
2022-12-28,HENDERSON,00H,SG,250.77253787878789,250.77348484848486,4.9999999999954525,1.523999999998614,-0.6,42,0
2022-12-28,HENDERSON,00H,SG,251.64696969696971,251.64791666666667,4.9999999999954525,1.523999999998614,-0.6,42,0
2022-12-28,HENDERSON,00H,SG,251.66041666666666,251.66136363636363,4.9999999999954525,1.523999999998614,-0.6,43,0
2022-12-28,HENDERSON,00H,SG,250.75454545454545,250.75549242424242,4.9999999999954525,1.523999999998614,-0.6,42,0
2022-12-28,HENDERSON,00H,SG,250.72367424242424,250.72462121212121,4.9999999999954525,1.523999999998614,-0.6,42,0
2022-12-28,HENDERSON,00H,SG,250.74185606060607,250.74280303030304,4.9999999999954525,1.523999999998614,-0.6,42,0
2022-12-28,HENDERSON,00H,SG,249.54507575757575,249.54602272727271,4.9999999999954525,1.523999999998614,-0.6,42,-0.5
2022-12-28,HENDERSON,00H,SG,250.69943181818181,250.70037878787878,4.9999999999954525,1.523999999998614,-0.6,41,0
2022-12-28,HENDERSON,00H,SG,250.70113636363635,250.70208333333332,4.9999999999954525,1.523999999998614,-0.6,41,0
2022-12-28,HENDERSON,00H,SG,251.65587121212121,251.65681818181818,4.9999999999954525,1.523999999998614,-0.6,42,0
2022-12-28,HENDERSON,00H,SG,250.71287878787879,250.71382575757576,4.9999999999954525,1.523999999998614,-0.6,42,0
2022-12-28,HENDERSON,00H,SG,250.75359848484848,250.75454545454545,4.9999999999954525,1.523999999998614,-0.6,41,0
2022-12-28,HENDERSON,00H,SG,250.73541666666668,250.73636363636365,4.9999999999954525,1.523999999998614,-0.6,41,0
2022-12-28,HENDERSON,00H,SG,250.74356060606061,250.74450757575758,4.9999999999954525,1.523999999998614,-0.6,42,0
2022-12-28,HENDERSON,00H,SG,250.74450757575758,250.74545454545455,4.9999999999954525,1.523999999998614,-0.6,41,0
2022-12-28,HENDERSON,00H,SG,250.7653409090909,250.76628787878789,5.0000000001455192,1.5240000000443543,-0.6,42,0
2022-12-28,HENDERSON,00H,SG,251.65681818181818,251.65795454545454,5.999999999994543,1.8287999999983369,-0.6,43,0
2022-12-28,HENDERSON,00H,SG,247.60151515151514,247.60265151515151,5.999999999994543,1.8287999999983369,-0.6,38,-0.1
2022-12-28,HENDERSON,00H,SG,250.69431818181818,250.69545454545454,5.999999999994543,1.8287999999983369,-0.6,41,0
2022-12-28,HENDERSON,00H,SG,249.57954545454547,249.58068181818183,5.999999999994543,1.8287999999983369,-0.6,41,0
2022-12-28,HENDERSON,00H,SG,250.68238636363637,250.68352272727273,5.999999999994543,1.8287999999983369,-0.6,41,0
2022-12-28,HENDERSON,00H,SG,250.75075757575758,250.75189393939394,5.999999999994543,1.8287999999983369,-0.6,42,0
2022-12-28,HENDERSON,00H,SG,247.59166666666667,247.59280303030303,5.999999999994543,1.8287999999983369,-0.6,37,-0.2
2022-12-28,HENDERSON,00H,SG,250.69583333333333,250.69696969696969,5.999999999994543,1.8287999999983369,-0.6,41,0
2022-12-28,HENDERSON,00H,SG,250.82670454545453,250.8278409090909,5.999999999994543,1.8287999999983369,-0.6,42,0
2022-12-28,HENDERSON,00H,SG,250.71003787878789,250.71117424242425,5.999999999994543,1.8287999999983369,-0.6,41,0
2022-12-28,HENDERSON,00H,SG,250.65700757575758,250.65814393939394,5.999999999994543,1.8287999999983369,-0.6,41,0
2022-12-28,HENDERSON,00H,SG,250.68579545454546,250.68693181818182,5.999999999994543,1.8287999999983369,-0.6,41,0
2022-12-28,HENDERSON,00H,SG,249.56818181818181,249.56931818181818,5.999999999994543,1.8287999999983369,-0.6,42,-0.1
2022-12-28,HENDERSON,00H,SG,250.66553030303029,250.66666666666666,5.999999999994543,1.8287999999983369,-0.6,41,0
2022-12-28,HENDERSON,00H,SG,251.63598484848484,251.6371212121212,5.999999999994543,1.8287999999983369,-0.6,42,0
2022-12-28,HENDERSON,00H,SG,251.64962121212122,251.65075757575758,5.999999999994543,1.8287999999983369,-0.6,43,0
2022-12-28,HENDERSON,00H,SG,250.77973484848485,250.78087121212121,5.999999999994543,1.8287999999983369,-0.6,42,0
2022-12-28,HENDERSON,00H,SG,249.78276515151515,249.78390151515151,5.999999999994543,1.8287999999983369,-0.6,41,-0.1
2022-12-28,HENDERSON,00H,SG,250.67727272727274,250.6784090909091,5.999999999994543,1.8287999999983369,-0.6,41,0
2022-12-28,HENDERSON,00H,SG,250.76155303030302,250.76268939393938,5.999999999994543,1.8287999999983369,-0.6,42,0
2022-12-28,HENDERSON,00H,SG,250.63162878787878,250.63276515151514,5.999999999994543,1.8287999999983369,-0.6,41,0
2022-12-28,HENDERSON,00H,SG,250.66704545454544,250.66818181818181,5.999999999994543,1.8287999999983369,-0.6,41,0
2022-12-28,HENDERSON,00H,SG,250.70643939393941,250.70757575757577,5.999999999994543,1.8287999999983369,-0.6,41,0
2022-12-28,HENDERSON,00H,SG,250.77064393939395,250.77178030303031,5.999999999994543,1.8287999999983369,-0.6,42,0
2022-12-28,HENDERSON,00H,SG,250.76893939393941,250.77007575757577,5.999999999994543,1.8287999999983369,-0.6,42,0
2022-12-28,HENDERSON,00H,SG,250.78522727272727,250.78636363636363,5.999999999994543,1.8287999999983369,-0.6,42,0
2022-12-28,HENDERSON,00H,SG,251.64223484848486,251.64337121212122,5.999999999994543,1.8287999999983369,-0.6,43,0
2022-12-28,HENDERSON,00H,SG,250.65189393939394,250.65303030303031,5.999999999994543,1.8287999999983369,-0.6,41,0
2022-12-28,HENDERSON,00H,SG,250.68068181818182,250.68181818181819,5.999999999994543,1.8287999999983369,-0.6,41,0
2022-12-28,HENDERSON,00H,SG,251.66950757575756,251.67064393939393,5.999999999994543,1.8287999999983369,-0.6,43,0
2022-12-28,HENDERSON,00H,SG,249.53106060606061,249.53219696969697,5.999999999994543,1.8287999999983369,-0.6,42,-1.1
2022-12-28,HENDERSON,00H,SG,250.64867424242425,250.64981060606061,5.999999999994543,1.8287999999983369,-0.6,41,0
2022-12-28,HENDERSON,00H,SG,251.65132575757576,251.65246212121212,5.999999999994543,1.8287999999983369,-0.6,43,0
2022-12-28,HENDERSON,00H,SG,251.65871212121212,251.65984848484848,5.999999999994543,1.8287999999983369,-0.6,43,0
2022-12-28,HENDERSON,00H,SG,250.81950757575757,250.82064393939393,5.999999999994543,1.8287999999983369,-0.6,42,0
2022-12-28,HENDERSON,00H,SG,251.66401515151514,251.66515151515151,5.999999999994543,1.8287999999983369,-0.6,43,0
2022-12-28,HENDERSON,00H,SG,250.67556818181819,250.67670454545456,5.999999999994543,1.8287999999983369,-0.6,41,0
2022-12-28,HENDERSON,00H,SG,249.52575757575758,249.52689393939394,5.999999999994543,1.8287999999983369,-0.6,42,-1.3
2022-12-28,HENDERSON,00H,SG,251.63068181818181,251.63181818181818,5.999999999994543,1.8287999999983369,-0.6,42,0
2022-12-28,HENDERSON,00H,SG,249.57443181818181,249.57556818181817,5.999999999994543,1.8287999999983369,-0.6,41,0
2022-12-28,HENDERSON,00H,SG,250.66212121212121,250.66325757575757,5.999999999994543,1.8287999999983369,-0.6,41,0
2022-12-28,HENDERSON,00H,SG,250.67386363636365,250.675,5.999999999994543,1.8287999999983369,-0.6,41,0
2022-12-28,HENDERSON,00H,SG,250.7217803030303,250.72291666666666,5.999999999994543,1.8287999999983369,-0.6,42,0
2022-12-28,HENDERSON,00H,SG,250.75984848484848,250.76098484848484,5.999999999994543,1.8287999999983369,-0.6,42,0
2022-12-28,HENDERSON,00H,SG,250.81041666666667,250.81155303030303,5.999999999994543,1.8287999999983369,-0.6,42,0.1
2022-12-28,HENDERSON,00H,SG,250.80321969696971,250.80435606060607,5.999999999994543,1.8287999999983369,-0.6,42,0
2022-12-28,HENDERSON,00H,SG,250.65359848484849,250.65473484848485,5.999999999994543,1.8287999999983369,-0.6,41,0
2022-12-28,HENDERSON,00H,SG,250.71723484848485,250.71837121212121,5.999999999994543,1.8287999999983369,-0.6,41,0
2022-12-28,HENDERSON,00H,SG,250.79962121212122,250.80075757575759,5.999999999994543,1.8287999999983369,-0.6,42,0
2022-12-28,HENDERSON,00H,SG,247.60511363636363,247.60625,5.999999999994543,1.8287999999983369,-0.6,38,0
2022-12-28,HENDERSON,00H,SG,251.64848484848486,251.64962121212122,5.999999999994543,1.8287999999983369,-0.6,42,0
2022-12-28,HENDERSON,00H,SG,249.86818181818182,249.86931818181819,5.999999999994543,1.8287999999983369,-0.6,41,0
2022-12-28,HENDERSON,00H,SG,251.6340909090909,251.63522727272726,5.999999999994543,1.8287999999983369,-0.6,42,0
2022-12-28,HENDERSON,00H,SG,250.78863636363636,250.78977272727272,5.999999999994543,1.8287999999983369,-0.6,42,0
2022-12-28,HENDERSON,00H,SG,250.70814393939395,250.70928030303031,5.999999999994543,1.8287999999983369,-0.6,41,0
2022-12-28,HENDERSON,00H,SG,247.61041666666668,247.61155303030304,5.999999999994543,1.8287999999983369,-0.6,38,0
2022-12-28,HENDERSON,00H,SG,250.58560606060607,250.58674242424243,5.999999999994543,1.8287999999983369,-0.6,41,0
2022-12-28,HENDERSON,00H,SG,250.6875,250.68863636363636,5.999999999994543,1.8287999999983369,-0.6,41,0
2022-12-28,HENDERSON,00H,SG,250.78333333333333,250.78446969696969,5.999999999994543,1.8287999999983369,-0.6,42,0
2022-12-28,HENDERSON,00H,SG,250.6501893939394,250.65132575757576,5.999999999994543,1.8287999999983369,-0.6,41,0
2022-12-28,HENDERSON,00H,SG,250.7028409090909,250.70397727272729,6.00000000014461,1.8288000000440772,-0.6,41,0
2022-12-28,HENDERSON,00H,SG,249.5776515151515,249.57878787878789,6.00000000014461,1.8288000000440772,-0.6,41,0
2022-12-28,HENDERSON,00H,SG,250.73352272727271,250.7346590909091,6.00000000014461,1.8288000000440772,-0.6,41,0
2022-12-28,HENDERSON,00H,SG,250.79602272727271,250.7971590909091,6.00000000014461,1.8288000000440772,-0.6,42,0
2022-12-28,HENDERSON,00H,SG,250.68901515151515,250.69034090909091,6.9999999999936335,2.1335999999980597,-0.6,41,0
2022-12-28,HENDERSON,00H,SG,251.6784090909091,251.67973484848486,6.9999999999936335,2.1335999999980597,-0.6,43,0
2022-12-28,HENDERSON,00H,SG,249.58125,249.58257575757577,6.9999999999936335,2.1335999999980597,-0.6,41,0
2022-12-28,HENDERSON,00H,SG,251.61231060606062,251.61363636363637,6.9999999999936335,2.1335999999980597,-0.6,42,0
2022-12-28,HENDERSON,00H,SG,250.63314393939393,250.63446969696969,6.9999999999936335,2.1335999999980597,-0.6,41,0
2022-12-28,HENDERSON,00H,SG,250.80852272727273,250.80984848484849,6.9999999999936335,2.1335999999980597,-0.6,42,0.1
2022-12-28,HENDERSON,00H,SG,251.62310606060606,251.62443181818182,6.9999999999936335,2.1335999999980597,-0.6,42,0
2022-12-28,HENDERSON,00H,SG,249.52746212121212,249.52878787878788,6.9999999999936335,2.1335999999980597,-0.6,42,-1.3
2022-12-28,HENDERSON,00H,SG,250.80511363636364,250.8064393939394,6.9999999999936335,2.1335999999980597,-0.6,42,0.1
2022-12-28,HENDERSON,00H,SG,250.6721590909091,250.67348484848486,6.9999999999936335,2.1335999999980597,-0.6,41,0
2022-12-28,HENDERSON,00H,SG,250.66875,250.67007575757575,6.9999999999936335,2.1335999999980597,-0.6,41,0
2022-12-28,HENDERSON,00H,SG,247.59431818181818,247.59564393939394,6.9999999999936335,2.1335999999980597,-0.6,38,-0.2
2022-12-28,HENDERSON,00H,SG,250.79772727272729,250.79905303030304,6.9999999999936335,2.1335999999980597,-0.6,42,0
2022-12-28,HENDERSON,00H,SG,250.82481060606059,250.82613636363635,6.9999999999936335,2.1335999999980597,-0.6,42,0
2022-12-28,HENDERSON,00H,SG,250.67878787878789,250.68011363636364,6.9999999999936335,2.1335999999980597,-0.6,41,0
2022-12-28,HENDERSON,00H,SG,247.59962121212121,247.60094696969696,6.9999999999936335,2.1335999999980597,-0.6,38,-0.1
2022-12-28,HENDERSON,00H,SG,251.62859848484848,251.62992424242424,6.9999999999936335,2.1335999999980597,-0.6,42,0
2022-12-28,HENDERSON,00H,SG,249.77632575757576,249.77765151515152,6.9999999999936335,2.1335999999980597,-0.6,41,0
2022-12-28,HENDERSON,00H,SG,249.86988636363637,249.87121212121212,6.9999999999936335,2.1335999999980597,-0.6,41,0
2022-12-28,HENDERSON,00H,SG,247.61553030303031,247.61685606060607,6.9999999999936335,2.1335999999980597,-0.6,38,0
2022-12-28,HENDERSON,00H,SG,251.60321969696969,251.60454545454544,6.9999999999936335,2.1335999999980597,-0.6,42,0
2022-12-28,HENDERSON,00H,SG,251.62481060606061,251.62613636363636,6.9999999999936335,2.1335999999980597,-0.6,42,0
2022-12-28,HENDERSON,00H,SG,249.53617424242424,249.5375,6.9999999999936335,2.1335999999980597,-0.6,42,-0.9
2022-12-28,HENDERSON,00H,SG,250.81212121212121,250.81344696969697,6.9999999999936335,2.1335999999980597,-0.6,42,0.1
2022-12-28,HENDERSON,00H,SG,250.69071969696969,250.69204545454545,6.9999999999936335,2.1335999999980597,-0.6,41,0
2022-12-28,HENDERSON,00H,SG,251.59772727272727,251.59905303030303,6.9999999999936335,2.1335999999980597,-0.6,42,0
2022-12-28,HENDERSON,00H,SG,250.62651515151515,250.62784090909091,6.9999999999936335,2.1335999999980597,-0.6,41,0
2022-12-28,HENDERSON,00H,SG,251.6375,251.63882575757575,6.9999999999936335,2.1335999999980597,-0.6,42,0
2022-12-28,HENDERSON,00H,SG,249.56628787878788,249.56761363636363,6.9999999999936335,2.1335999999980597,-0.6,42,-0.1
2022-12-28,HENDERSON,00H,SG,251.6159090909091,251.61723484848486,6.9999999999936335,2.1335999999980597,-0.6,42,0
2022-12-28,HENDERSON,00H,SG,250.77784090909091,250.77916666666667,6.9999999999936335,2.1335999999980597,-0.6,42,0
2022-12-28,HENDERSON,00H,SG,250.78693181818181,250.78825757575757,6.9999999999936335,2.1335999999980597,-0.6,42,0
2022-12-28,HENDERSON,00H,SG,247.59791666666666,247.59924242424242,6.9999999999936335,2.1335999999980597,-0.6,38,-0.1
2022-12-28,HENDERSON,00H,SG,250.79053030303029,250.79185606060605,6.9999999999936335,2.1335999999980597,-0.6,42,0
2022-12-28,HENDERSON,00H,SG,250.61799242424243,250.61931818181819,6.9999999999936335,2.1335999999980597,-0.6,41,0
2022-12-28,HENDERSON,00H,SG,250.84659090909091,250.84791666666666,6.9999999999936335,2.1335999999980597,-0.6,42,0
2022-12-28,HENDERSON,00H,SG,251.57973484848486,251.58106060606062,6.9999999999936335,2.1335999999980597,-0.6,42,0
2022-12-28,HENDERSON,00H,SG,250.80681818181819,250.80814393939394,6.9999999999936335,2.1335999999980597,-0.6,42,0.1
2022-12-28,HENDERSON,00H,SG,250.79242424242423,250.79375,6.9999999999936335,2.1335999999980597,-0.6,42,0
2022-12-28,HENDERSON,00H,SG,250.62462121212121,250.62594696969697,6.9999999999936335,2.1335999999980597,-0.6,41,0
2022-12-28,HENDERSON,00H,SG,251.64488636363637,251.64621212121213,6.9999999999936335,2.1335999999980597,-0.6,42,0
2022-12-28,HENDERSON,00H,SG,250.66022727272727,250.66155303030303,6.9999999999936335,2.1335999999980597,-0.6,41,0
2022-12-28,HENDERSON,00H,SG,250.80113636363637,250.80246212121213,6.9999999999936335,2.1335999999980597,-0.6,42,0
2022-12-28,HENDERSON,00H,SG,250.81761363636363,250.81893939393939,6.9999999999936335,2.1335999999980597,-0.6,42,0
2022-12-28,HENDERSON,00H,SG,251.59602272727273,251.59734848484848,6.9999999999936335,2.1335999999980597,-0.6,42,0
2022-12-28,HENDERSON,00H,SG,250.68390151515152,250.68522727272727,6.9999999999936335,2.1335999999980597,-0.6,41,0
2022-12-28,HENDERSON,00H,SG,250.70435606060607,250.70568181818183,6.9999999999936335,2.1335999999980597,-0.6,41,0
2022-12-28,HENDERSON,00H,SG,249.58825757575758,249.58958333333334,6.9999999999936335,2.1335999999980597,-0.6,41,0
2022-12-28,HENDERSON,00H,SG,250.79412878787878,250.79545454545453,6.9999999999936335,2.1335999999980597,-0.6,42,0
2022-12-28,HENDERSON,00H,SG,247.60681818181817,247.60814393939393,6.9999999999936335,2.1335999999980597,-0.6,38,0
2022-12-28,HENDERSON,00H,SG,249.55056818181819,249.55189393939395,6.9999999999936335,2.1335999999980597,-0.6,42,-0.3
2022-12-28,HENDERSON,00H,SG,249.55757575757576,249.55890151515152,6.9999999999936335,2.1335999999980597,-0.6,42,-0.2
2022-12-28,HENDERSON,00H,SG,249.87518939393939,249.87651515151515,6.9999999999936335,2.1335999999980597,-0.6,41,0
2022-12-28,HENDERSON,00H,SG,250.64166666666668,250.64299242424244,6.9999999999936335,2.1335999999980597,-0.6,41,0
2022-12-28,HENDERSON,00H,SG,251.66571969696969,251.66704545454544,6.9999999999936335,2.1335999999980597,-0.6,43,0
2022-12-28,HENDERSON,00H,SG,247.60852272727271,247.6098484848485,7.0000000001437,2.1336000000438,-0.6,38,0
2022-12-28,HENDERSON,00H,SG,249.87159090909091,249.87310606060606,7.999999999992724,2.4383999999977823,-0.6,41,0
2022-12-28,HENDERSON,00H,SG,249.56079545454546,249.56231060606061,7.999999999992724,2.4383999999977823,-0.6,42,-0.1
2022-12-28,HENDERSON,00H,SG,250.83920454545455,250.8407196969697,7.999999999992724,2.4383999999977823,-0.6,42,0
2022-12-28,HENDERSON,00H,SG,249.87329545454546,249.87481060606061,7.999999999992724,2.4383999999977823,-0.6,41,0
2022-12-28,HENDERSON,00H,SG,249.55378787878789,249.55530303030304,7.999999999992724,2.4383999999977823,-0.6,42,-0.2
2022-12-28,HENDERSON,00H,SG,247.61723484848486,247.61875,7.999999999992724,2.4383999999977823,-0.6,38,0
2022-12-28,HENDERSON,00H,SG,249.55909090909091,249.56060606060606,7.999999999992724,2.4383999999977823,-0.6,42,-0.1
2022-12-28,HENDERSON,00H,SG,251.59053030303031,251.59204545454546,7.999999999992724,2.4383999999977823,-0.6,42,0
2022-12-28,HENDERSON,00H,SG,250.63484848484848,250.63636363636363,7.999999999992724,2.4383999999977823,-0.6,41,0
2022-12-28,HENDERSON,00H,SG,250.8375,250.83901515151516,7.999999999992724,2.4383999999977823,-0.6,42,0
2022-12-28,HENDERSON,00H,SG,250.65511363636364,250.65662878787879,7.999999999992724,2.4383999999977823,-0.6,41,0
2022-12-28,HENDERSON,00H,SG,249.54753787878789,249.54905303030304,7.999999999992724,2.4383999999977823,-0.6,41,-0.4
2022-12-28,HENDERSON,00H,SG,249.57594696969696,249.57746212121211,7.999999999992724,2.4383999999977823,-0.6,41,0
2022-12-28,HENDERSON,00H,SG,249.89280303030304,249.89431818181819,7.999999999992724,2.4383999999977823,-0.6,41,-0.1
2022-12-28,HENDERSON,00H,SG,251.61382575757577,251.61534090909092,7.999999999992724,2.4383999999977823,-0.6,42,0
2022-12-28,HENDERSON,00H,SG,251.66742424242423,251.66893939393938,7.999999999992724,2.4383999999977823,-0.6,43,0
2022-12-28,HENDERSON,00H,SG,250.84109848484849,250.84261363636364,7.999999999992724,2.4383999999977823,-0.6,42,0
2022-12-28,HENDERSON,00H,SG,251.63219696969696,251.63371212121211,7.999999999992724,2.4383999999977823,-0.6,42,0
2022-12-28,HENDERSON,00H,SG,250.63977272727271,250.64128787878789,8.00000000014279,2.4384000000435226,-0.6,41,0
2022-12-28,HENDERSON,00H,SG,251.67121212121211,251.67272727272729,8.00000000014279,2.4384000000435226,-0.6,43,0
2022-12-28,HENDERSON,00H,SG,249.58636363636364,249.58806818181819,8.9999999999918145,2.743199999997505,-0.6,41,0
2022-12-28,HENDERSON,00H,SG,250.65833333333333,250.66003787878788,8.9999999999918145,2.743199999997505,-0.6,41,0
2022-12-28,HENDERSON,00H,SG,249.8910984848485,249.89280303030304,8.9999999999918145,2.743199999997505,-0.6,41,0
2022-12-28,HENDERSON,00H,SG,249.55208333333334,249.55378787878789,8.9999999999918145,2.743199999997505,-0.6,42,-0.3
2022-12-28,HENDERSON,00H,SG,250.85719696969696,250.8590909090909,9.9999999999909051,3.047999999997228,-0.6,42,0
2022-12-28,HENDERSON,00H,SG,250.61477272727274,250.61761363636364,14.999999999986358,4.5719999999958416,-0.6,41,0
2022-12-28,HENDERSON,00H,SG,250.82140151515151,250.82424242424241,14.999999999986358,4.5719999999958416,-0.6,42,0
2022-12-28,HENDERSON,00H,SG,247.61231060606062,247.61515151515152,14.999999999986358,4.5719999999958416,-0.6,38,0
2022-12-28,HENDERSON,00H,SG,250.5875,250.59034090909091,14.999999999986358,4.5719999999958416,-0.6,41,0
2022-12-28,HENDERSON,00H,SG,250.59772727272727,250.60056818181818,14.999999999986358,4.5719999999958416,-0.6,41,0
2022-12-28,HENDERSON,00H,SG,250.58219696969698,250.58522727272728,15.999999999985448,4.8767999999955647,-0.6,41,0
2022-12-28,HENDERSON,00H,SG,251.60511363636363,251.60833333333332,16.999999999984539,5.1815999999952878,-0.6,42,0
2022-12-28,HENDERSON,00H,SG,249.58295454545456,249.58617424242425,16.999999999984539,5.1815999999952878,-0.6,41,0
2022-12-28,HENDERSON,00H,SG,251.59223484848485,251.59545454545454,16.999999999984539,5.1815999999952878,-0.6,42,0
2022-12-28,HENDERSON,00H,SG,250.6280303030303,250.63125,16.999999999984539,5.1815999999952878,-0.6,41,0
2022-12-28,HENDERSON,00H,SG,250.84280303030303,250.84602272727273,16.999999999984539,5.1815999999952878,-0.6,42,0
2022-12-28,HENDERSON,00H,SG,251.61950757575758,251.62272727272727,16.999999999984539,5.1815999999952878,-0.6,42,0
2022-12-28,HENDERSON,00H,SG,249.56268939393939,249.56590909090909,16.999999999984539,5.1815999999952878,-0.6,42,-0.1
2022-12-28,HENDERSON,00H,SG,250.83390151515152,250.83712121212122,16.999999999984539,5.1815999999952878,-0.6,42,0
2022-12-28,HENDERSON,00H,SG,251.60852272727271,251.61174242424244,17.000000000134605,5.1816000000410281,-0.6,42,0
2022-12-28,HENDERSON,00H,SG,251.59943181818181,251.6028409090909,17.999999999983629,5.48639999999501,-0.6,42,0
2022-12-28,HENDERSON,00H,SG,250.63636363636363,250.63977272727271,17.999999999983629,5.48639999999501,-0.6,41,0
2022-12-28,HENDERSON,00H,SG,249.77784090909091,249.78238636363636,23.999999999978172,7.3151999999933475,-0.6,41,0
2022-12-28,HENDERSON,00H,SG,250.64337121212122,250.64791666666667,23.999999999978172,7.3151999999933475,-0.6,41,0
2022-12-28,HENDERSON,00H,SG,249.85946969696971,249.86420454545456,24.999999999977263,7.61999999999307,-0.6,41,-0.1
2022-12-28,HENDERSON,00H,SG,251.67291666666668,251.67784090909092,25.999999999976353,7.9247999999927927,-0.6,43,0
2022-12-28,HENDERSON,00H,SG,250.61950757575758,250.62443181818182,25.999999999976353,7.9247999999927927,-0.6,41,0
2022-12-28,HENDERSON,00H,SG,250.8284090909091,250.83352272727274,26.999999999975444,8.2295999999925158,-0.6,42,0
2022-12-28,HENDERSON,00H,SG,249.77007575757577,249.77632575757576,32.999999999969987,10.058399999990852,-0.6,41,0.1
2022-12-28,HENDERSON,00H,SG,249.79772727272729,249.80416666666667,33.999999999969077,10.363199999990576,-0.6,41,0
2022-12-28,HENDERSON,00H,SG,249.59905303030303,249.60549242424241,33.999999999969077,10.363199999990576,-0.6,41,0
2022-12-28,HENDERSON,00H,SG,250.5907196969697,250.59715909090909,33.999999999969077,10.363199999990576,-0.6,41,0
2022-12-28,HENDERSON,00H,SG,249.87708333333333,249.88352272727272,33.999999999969077,10.363199999990576,-0.6,41,0
2022-12-28,HENDERSON,00H,SG,249.88390151515151,249.89053030303029,34.999999999968168,10.667999999990299,-0.6,41,0
2022-12-28,HENDERSON,00H,SG,249.76325757575756,249.77007575757577,36.000000000117325,10.972800000035761,-0.6,41,0
2022-12-28,HENDERSON,00H,SG,250.85928030303029,250.86609848484849,36.000000000117325,10.972800000035761,-0.6,42,0
2022-12-28,HENDERSON,00H,SG,250.87708333333333,250.8840909090909,36.999999999966349,11.277599999989743,-0.6,42,0
2022-12-28,HENDERSON,00H,SG,249.89450757575759,249.90265151515152,42.999999999960892,13.10639999998808,-0.6,41,-0.1
2022-12-28,HENDERSON,00H,SG,250.84829545454545,250.85681818181817,44.999999999959073,13.715999999987526,-0.6,42,0
2022-12-28,HENDERSON,00H,SG,249.59015151515152,249.59867424242424,44.999999999959073,13.715999999987526,-0.6,41,0
2022-12-28,HENDERSON,00H,SG,251.58143939393941,251.59034090909091,46.999999999957254,14.325599999986972,-0.6,42,0
2022-12-28,HENDERSON,00H,SG,250.86647727272728,250.87689393939394,54.999999999949978,16.763999999984755,-0.6,42,0
2022-12-28,HENDERSON,00H,SG,249.75227272727273,249.76325757575756,57.999999999947249,17.678399999983924,-0.6,41,-0.1
2022-12-28,HENDERSON,00H,SG,251.09375,251.10643939393938,66.999999999939064,20.421599999981428,-0.6,42,0
2022-12-28,HENDERSON,00H,SG,251.10643939393938,251.11912878787879,67.00000000008913,20.421600000027169,-0.6,42,0.1
2022-12-28,HENDERSON,00H,SG,249.78409090909091,249.79696969696968,67.999999999938154,20.726399999981151,-0.6,41,-0.1
2022-12-28,HENDERSON,00H,SG,250.60075757575757,250.61420454545456,71.000000000085493,21.640800000026058,-0.6,41,0
2022-12-28,HENDERSON,00H,SG,249.73636363636365,249.75113636363636,77.999999999929059,23.774399999978378,-0.6,41,0
2022-12-28,HENDERSON,00H,SG,249.90265151515152,249.92007575757575,91.999999999916326,28.041599999974498,-0.6,41,0
2022-12-28,HENDERSON,00H,SG,249.80416666666667,249.82329545454544,100.99999999990814,30.784799999972,-0.6,41,0.1
2022-12-28,HENDERSON,00H,SG,249.7157196969697,249.73636363636365,109.00000000005093,33.223200000015524,-0.6,41,0.1
2022-12-28,HENDERSON,00H,SG,251.06628787878788,251.09337121212121,143.00000000002,43.5864000000061,-0.6,42,-0.1
2022-12-28,HENDERSON,00H,SG,250.88446969696969,250.91685606060605,170.99999999999454,52.12079999999834,-0.6,42,0
2022-12-28,HENDERSON,00H,SG,249.82424242424241,249.85946969696968,185.9999999999809,56.692799999994179,-0.6,41,0
2022-12-28,HENDERSON,00H,SG,249.67121212121211,249.7157196969697,235.0000000000864,71.628000000026333,-0.6,41,0
2022-12-28,HENDERSON,00H,SG,249.6058712121212,249.67083333333332,342.99999999998818,104.5463999999964,-0.6,41,0
2022-12-28,HENDERSON,00H,SG,251.67992424242425,251.81003787878788,686.99999999997544,209.39759999999251,-0.6,43,0
2022-12-28,HENDERSON,00H,SG,250.91704545454544,251.06628787878788,788.00000000003365,240.18240000001026,-0.6,42,0
2022-12-28,HENDERSON,00H,SG,247.61912878787879,247.78011363636364,849.99999999997726,259.07999999999311,-0.6,38,0
2022-12-28,HENDERSON,00H,SG,251.11912878787879,251.57954545454547,2431.00000000004,740.96880000001227,-0.6,42,0
2022-12-28,HENDERSON,00H,SG,249.34375,249.34393939393939,0.99999999999909051,0.30479999999972279,-0.53,42,-0.5
2022-12-28,HENDERSON,00H,SG,249.22878787878787,249.22897727272726,0.99999999999909051,0.30479999999972279,-0.53,43,1.2
2022-12-28,HENDERSON,00H,SG,249.29583333333332,249.29602272727271,0.99999999999909051,0.30479999999972279,-0.53,42,0
2022-12-28,HENDERSON,00H,SG,249.21912878787879,249.21931818181818,0.99999999999909051,0.30479999999972279,-0.53,43,1.4
2022-12-28,HENDERSON,00H,SG,249.33125,249.33143939393941,0.99999999999909051,0.30479999999972279,-0.53,42,-0.1
2022-12-28,HENDERSON,00H,SG,249.23522727272729,249.23541666666668,0.99999999999909051,0.30479999999972279,-0.53,43,1
2022-12-28,HENDERSON,00H,SG,249.30984848484849,249.31003787878788,0.99999999999909051,0.30479999999972279,-0.53,42,0
2022-12-28,HENDERSON,00H,SG,249.33125,249.33143939393941,0.99999999999909051,0.30479999999972279,-0.53,43,-0.1
2022-12-28,HENDERSON,00H,SG,249.21022727272728,249.21041666666667,0.99999999999909051,0.30479999999972279,-0.53,43,1.9
2022-12-28,HENDERSON,00H,SG,249.21515151515152,249.21534090909091,0.99999999999909051,0.30479999999972279,-0.53,43,1.7
2022-12-28,HENDERSON,00H,SG,249.24621212121212,249.24640151515152,0.99999999999909051,0.30479999999972279,-0.53,43,0.6
2022-12-28,HENDERSON,00H,SG,249.24450757575758,249.24469696969697,0.99999999999909051,0.30479999999972279,-0.53,43,0.6
2022-12-28,HENDERSON,00H,SG,249.35246212121211,249.35265151515151,0.99999999999909051,0.30479999999972279,-0.53,42,-0.8
2022-12-28,HENDERSON,00H,SG,249.32935606060607,249.32954545454547,0.99999999999909051,0.30479999999972279,-0.53,42,0
2022-12-28,HENDERSON,00H,SG,249.22064393939394,249.22083333333333,0.99999999999909051,0.30479999999972279,-0.53,43,1.5
2022-12-28,HENDERSON,00H,SG,249.25,249.25018939393939,0.99999999999909051,0.30479999999972279,-0.53,43,0.5
2022-12-28,HENDERSON,00H,SG,249.33674242424243,249.33693181818182,0.99999999999909051,0.30479999999972279,-0.53,43,-0.2
2022-12-28,HENDERSON,00H,SG,249.24640151515152,249.24659090909091,0.99999999999909051,0.30479999999972279,-0.53,43,0.5
2022-12-28,HENDERSON,00H,SG,249.21931818181818,249.21950757575758,0.99999999999909051,0.30479999999972279,-0.53,43,1.5
2022-12-28,HENDERSON,00H,SG,249.33068181818183,249.33087121212122,0.99999999999909051,0.30479999999972279,-0.53,42,-0.1
2022-12-28,HENDERSON,00H,SG,249.24810606060606,249.24829545454546,0.99999999999909051,0.30479999999972279,-0.53,43,0.6
2022-12-28,HENDERSON,00H,SG,249.21003787878789,249.21022727272728,0.99999999999909051,0.30479999999972279,-0.53,43,1.8
2022-12-28,HENDERSON,00H,SG,249.25265151515151,249.25284090909091,0.99999999999909051,0.30479999999972279,-0.53,43,0.4
2022-12-28,HENDERSON,00H,SG,249.2409090909091,249.24109848484849,0.99999999999909051,0.30479999999972279,-0.53,43,0.8
2022-12-28,HENDERSON,00H,SG,249.33655303030304,249.33674242424243,0.99999999999909051,0.30479999999972279,-0.53,42,-0.3
2022-12-28,HENDERSON,00H,SG,249.34621212121212,249.34640151515151,0.99999999999909051,0.30479999999972279,-0.53,43,-0.6
2022-12-28,HENDERSON,00H,SG,249.34583333333333,249.34602272727273,0.99999999999909051,0.30479999999972279,-0.53,43,-0.6
2022-12-28,HENDERSON,00H,SG,249.35265151515151,249.3528409090909,0.99999999999909051,0.30479999999972279,-0.53,43,-0.7
2022-12-28,HENDERSON,00H,SG,249.24734848484849,249.24753787878788,0.99999999999909051,0.30479999999972279,-0.53,43,0.6
2022-12-28,HENDERSON,00H,SG,249.34431818181818,249.34450757575758,0.99999999999909051,0.30479999999972279,-0.53,43,-0.5
2022-12-28,HENDERSON,00H,SG,249.35833333333332,249.35852272727271,0.99999999999909051,0.30479999999972279,-0.53,43,-0.9
2022-12-28,HENDERSON,00H,SG,249.21837121212121,249.21856060606061,0.99999999999909051,0.30479999999972279,-0.53,43,1.6
2022-12-28,HENDERSON,00H,SG,249.33087121212122,249.33106060606062,0.99999999999909051,0.30479999999972279,-0.53,42,0
2022-12-28,HENDERSON,00H,SG,249.24753787878788,249.24772727272727,0.99999999999909051,0.30479999999972279,-0.53,43,0.5
2022-12-28,HENDERSON,00H,SG,249.33617424242425,249.33636363636364,0.99999999999909051,0.30479999999972279,-0.53,42,-0.3
2022-12-28,HENDERSON,00H,SG,249.23617424242425,249.23636363636365,0.99999999999909051,0.30479999999972279,-0.53,43,1
2022-12-28,HENDERSON,00H,SG,249.24602272727273,249.24621212121212,0.99999999999909051,0.30479999999972279,-0.53,43,0.5
2022-12-28,HENDERSON,00H,SG,249.33522727272728,249.33541666666667,0.99999999999909051,0.30479999999972279,-0.53,43,-0.1
2022-12-28,HENDERSON,00H,SG,249.22670454545454,249.22689393939393,0.99999999999909051,0.30479999999972279,-0.53,43,1.3
2022-12-28,HENDERSON,00H,SG,249.23011363636363,249.23030303030302,0.99999999999909051,0.30479999999972279,-0.53,43,1.2
2022-12-28,HENDERSON,00H,SG,249.25511363636363,249.25530303030303,0.99999999999909051,0.30479999999972279,-0.53,43,0.3
2022-12-28,HENDERSON,00H,SG,249.33106060606062,249.33125,0.99999999999909051,0.30479999999972279,-0.53,42,-0.1
2022-12-28,HENDERSON,00H,SG,249.24924242424242,249.24943181818182,0.99999999999909051,0.30479999999972279,-0.53,43,0.5
2022-12-28,HENDERSON,00H,SG,249.31609848484848,249.31628787878788,0.99999999999909051,0.30479999999972279,-0.53,43,0.1
2022-12-28,HENDERSON,00H,SG,249.24337121212122,249.24356060606061,0.99999999999909051,0.30479999999972279,-0.53,43,0.7
2022-12-28,HENDERSON,00H,SG,249.34356060606061,249.34375,0.99999999999909051,0.30479999999972279,-0.53,42,-0.4
2022-12-28,HENDERSON,00H,SG,249.24318181818182,249.24337121212122,0.99999999999909051,0.30479999999972279,-0.53,43,0.6
2022-12-28,HENDERSON,00H,SG,249.25018939393939,249.25037878787879,0.99999999999909051,0.30479999999972279,-0.53,43,0.4
2022-12-28,HENDERSON,00H,SG,249.25587121212121,249.2560606060606,0.99999999999909051,0.30479999999972279,-0.53,43,0.3
2022-12-28,HENDERSON,00H,SG,249.3155303030303,249.31571969696969,0.99999999999909051,0.30479999999972279,-0.53,43,0.1
2022-12-28,HENDERSON,00H,SG,249.24109848484849,249.24128787878789,0.99999999999909051,0.30479999999972279,-0.53,43,0.7
2022-12-28,HENDERSON,00H,SG,249.24772727272727,249.24791666666667,0.99999999999909051,0.30479999999972279,-0.53,43,0.6
2022-12-28,HENDERSON,00H,SG,249.21723484848485,249.21742424242424,0.99999999999909051,0.30479999999972279,-0.53,43,1.6
2022-12-28,HENDERSON,00H,SG,249.3346590909091,249.33484848484849,0.99999999999909051,0.30479999999972279,-0.53,42,-0.1
2022-12-28,HENDERSON,00H,SG,249.34393939393939,249.34412878787879,0.99999999999909051,0.30479999999972279,-0.53,43,-0.5
2022-12-28,HENDERSON,00H,SG,249.34412878787879,249.34431818181818,0.99999999999909051,0.30479999999972279,-0.53,43,-0.4
2022-12-28,HENDERSON,00H,SG,249.32954545454547,249.32973484848486,0.99999999999909051,0.30479999999972279,-0.53,42,-0.1
2022-12-28,HENDERSON,00H,SG,249.24507575757576,249.24526515151516,0.99999999999909051,0.30479999999972279,-0.53,43,0.6
2022-12-28,HENDERSON,00H,SG,249.24791666666667,249.24810606060606,0.99999999999909051,0.30479999999972279,-0.53,43,0.5
2022-12-28,HENDERSON,00H,SG,249.34602272727273,249.34621212121212,0.99999999999909051,0.30479999999972279,-0.53,43,-0.5
2022-12-28,HENDERSON,00H,SG,249.22121212121212,249.22140151515151,0.99999999999909051,0.30479999999972279,-0.53,43,1.5
2022-12-28,HENDERSON,00H,SG,249.22291666666666,249.22310606060606,0.99999999999909051,0.30479999999972279,-0.53,43,1.4
2022-12-28,HENDERSON,00H,SG,249.35321969696969,249.35340909090908,0.99999999999909051,0.30479999999972279,-0.53,43,-0.7
2022-12-28,HENDERSON,00H,SG,249.24526515151516,249.24545454545455,0.99999999999909051,0.30479999999972279,-0.53,43,0.7
2022-12-28,HENDERSON,00H,SG,249.25037878787879,249.25056818181818,0.99999999999909051,0.30479999999972279,-0.53,43,0.5
2022-12-28,HENDERSON,00H,SG,249.30454545454546,249.30473484848486,0.99999999999909051,0.30479999999972279,-0.53,42,0
2022-12-28,HENDERSON,00H,SG,249.33636363636364,249.33655303030304,0.99999999999909051,0.30479999999972279,-0.53,42,-0.2
2022-12-28,HENDERSON,00H,SG,249.34053030303031,249.34090909090909,1.999999999998181,0.60959999999944559,-0.53,43,-0.3
2022-12-28,HENDERSON,00H,SG,249.24469696969697,249.24507575757576,1.999999999998181,0.60959999999944559,-0.53,43,0.7
2022-12-28,HENDERSON,00H,SG,249.21401515151516,249.21439393939394,1.999999999998181,0.60959999999944559,-0.53,43,1.6
2022-12-28,HENDERSON,00H,SG,249.36174242424244,249.36212121212122,1.999999999998181,0.60959999999944559,-0.53,43,-1
2022-12-28,HENDERSON,00H,SG,249.24659090909091,249.2469696969697,1.999999999998181,0.60959999999944559,-0.53,43,0.6
2022-12-28,HENDERSON,00H,SG,249.31193181818182,249.31231060606061,1.999999999998181,0.60959999999944559,-0.53,43,0
2022-12-28,HENDERSON,00H,SG,249.31571969696969,249.31609848484848,1.999999999998181,0.60959999999944559,-0.53,43,0
2022-12-28,HENDERSON,00H,SG,249.24128787878789,249.24166666666667,1.999999999998181,0.60959999999944559,-0.53,43,0.8
2022-12-28,HENDERSON,00H,SG,249.22253787878788,249.22291666666666,1.999999999998181,0.60959999999944559,-0.53,43,1.3
2022-12-28,HENDERSON,00H,SG,249.34090909090909,249.34128787878788,1.999999999998181,0.60959999999944559,-0.53,43,-0.4
2022-12-28,HENDERSON,00H,SG,249.22897727272726,249.22935606060605,1.999999999998181,0.60959999999944559,-0.53,43,1.1
2022-12-28,HENDERSON,00H,SG,249.31155303030303,249.31193181818182,1.999999999998181,0.60959999999944559,-0.53,42,0
2022-12-28,HENDERSON,00H,SG,249.22973484848484,249.23011363636363,1.999999999998181,0.60959999999944559,-0.53,43,1.1
2022-12-28,HENDERSON,00H,SG,249.33579545454546,249.33617424242425,1.999999999998181,0.60959999999944559,-0.53,42,-0.2
2022-12-28,HENDERSON,00H,SG,249.22935606060605,249.22973484848484,1.999999999998181,0.60959999999944559,-0.53,43,1.2
2022-12-28,HENDERSON,00H,SG,249.23333333333332,249.23371212121211,1.999999999998181,0.60959999999944559,-0.53,43,1.1
2022-12-28,HENDERSON,00H,SG,249.33276515151516,249.33314393939395,1.999999999998181,0.60959999999944559,-0.53,42,-0.2
2022-12-28,HENDERSON,00H,SG,249.22083333333333,249.22121212121212,1.999999999998181,0.60959999999944559,-0.53,43,1.4
2022-12-28,HENDERSON,00H,SG,249.34261363636364,249.34299242424242,1.999999999998181,0.60959999999944559,-0.53,43,-0.5
2022-12-28,HENDERSON,00H,SG,249.24829545454546,249.24867424242424,1.999999999998181,0.60959999999944559,-0.53,43,0.5
2022-12-28,HENDERSON,00H,SG,249.32897727272729,249.32935606060607,1.999999999998181,0.60959999999944559,-0.53,42,-0.1
2022-12-28,HENDERSON,00H,SG,249.34015151515152,249.34053030303031,1.999999999998181,0.60959999999944559,-0.53,43,-0.4
2022-12-28,HENDERSON,00H,SG,249.35643939393938,249.35681818181817,1.999999999998181,0.60959999999944559,-0.53,43,-0.9
2022-12-28,HENDERSON,00H,SG,249.35606060606059,249.35643939393938,1.999999999998181,0.60959999999944559,-0.53,42,-0.9
2022-12-28,HENDERSON,00H,SG,249.24412878787879,249.24450757575758,1.999999999998181,0.60959999999944559,-0.53,43,0.7
2022-12-28,HENDERSON,00H,SG,249.33541666666667,249.33579545454546,1.999999999998181,0.60959999999944559,-0.53,43,-0.2
2022-12-28,HENDERSON,00H,SG,249.22727272727272,249.22765151515151,1.999999999998181,0.60959999999944559,-0.53,43,1.3
2022-12-28,HENDERSON,00H,SG,249.21439393939394,249.21477272727273,1.999999999998181,0.60959999999944559,-0.53,43,1.7
2022-12-28,HENDERSON,00H,SG,249.23806818181819,249.23844696969698,1.999999999998181,0.60959999999944559,-0.53,43,0.9
2022-12-28,HENDERSON,00H,SG,249.22689393939393,249.22727272727272,1.999999999998181,0.60959999999944559,-0.53,43,1.2
2022-12-28,HENDERSON,00H,SG,249.33484848484849,249.33522727272728,1.999999999998181,0.60959999999944559,-0.53,43,-0.2
2022-12-28,HENDERSON,00H,SG,249.31344696969697,249.31382575757576,1.999999999998181,0.60959999999944559,-0.53,42,0.1
2022-12-28,HENDERSON,00H,SG,249.33371212121213,249.33409090909092,1.999999999998181,0.60959999999944559,-0.53,43,-0.1
2022-12-28,HENDERSON,00H,SG,249.22405303030303,249.22443181818181,1.999999999998181,0.60959999999944559,-0.53,43,1.4
2022-12-28,HENDERSON,00H,SG,249.21477272727273,249.21515151515152,1.999999999998181,0.60959999999944559,-0.53,43,1.6
2022-12-28,HENDERSON,00H,SG,249.3278409090909,249.32821969696968,1.999999999998181,0.60959999999944559,-0.53,43,0
2022-12-28,HENDERSON,00H,SG,249.35454545454544,249.35492424242423,1.999999999998181,0.60959999999944559,-0.53,43,-0.8
2022-12-28,HENDERSON,00H,SG,249.22765151515151,249.22803030303029,1.999999999998181,0.60959999999944559,-0.53,43,1.2
2022-12-28,HENDERSON,00H,SG,249.30625,249.30662878787879,1.999999999998181,0.60959999999944559,-0.53,42,0
2022-12-28,HENDERSON,00H,SG,249.31628787878788,249.31666666666666,1.999999999998181,0.60959999999944559,-0.53,43,0
2022-12-28,HENDERSON,00H,SG,249.31666666666666,249.31704545454545,1.999999999998181,0.60959999999944559,-0.53,42,0
2022-12-28,HENDERSON,00H,SG,249.2469696969697,249.24734848484849,1.999999999998181,0.60959999999944559,-0.53,43,0.5
2022-12-28,HENDERSON,00H,SG,249.34696969696969,249.34734848484848,1.999999999998181,0.60959999999944559,-0.53,42,-0.5
2022-12-28,HENDERSON,00H,SG,249.24053030303031,249.2409090909091,1.999999999998181,0.60959999999944559,-0.53,43,0.7
2022-12-28,HENDERSON,00H,SG,249.32196969696969,249.32234848484848,1.999999999998181,0.60959999999944559,-0.53,42,0
2022-12-28,HENDERSON,00H,SG,249.3528409090909,249.35321969696969,1.999999999998181,0.60959999999944559,-0.53,43,-0.8
2022-12-28,HENDERSON,00H,SG,249.34299242424242,249.34356060606061,2.9999999999972715,0.91439999999916843,-0.53,42,-0.5
2022-12-28,HENDERSON,00H,SG,249.34640151515151,249.34696969696969,2.9999999999972715,0.91439999999916843,-0.53,42,-0.6
2022-12-28,HENDERSON,00H,SG,249.31496212121212,249.3155303030303,2.9999999999972715,0.91439999999916843,-0.53,42,0.1
2022-12-28,HENDERSON,00H,SG,249.24545454545455,249.24602272727273,2.9999999999972715,0.91439999999916843,-0.53,43,0.6
2022-12-28,HENDERSON,00H,SG,249.34204545454546,249.34261363636364,2.9999999999972715,0.91439999999916843,-0.53,43,-0.4
2022-12-28,HENDERSON,00H,SG,249.24356060606061,249.24412878787879,2.9999999999972715,0.91439999999916843,-0.53,43,0.6
2022-12-28,HENDERSON,00H,SG,249.23371212121211,249.23428030303029,2.9999999999972715,0.91439999999916843,-0.53,43,1
2022-12-28,HENDERSON,00H,SG,249.21856060606061,249.21912878787879,2.9999999999972715,0.91439999999916843,-0.53,43,1.5
2022-12-28,HENDERSON,00H,SG,249.33409090909092,249.3346590909091,2.9999999999972715,0.91439999999916843,-0.53,42,-0.2
2022-12-28,HENDERSON,00H,SG,249.25530303030303,249.25587121212121,2.9999999999972715,0.91439999999916843,-0.53,43,0.2
2022-12-28,HENDERSON,00H,SG,249.24867424242424,249.24924242424242,2.9999999999972715,0.91439999999916843,-0.53,43,0.4
2022-12-28,HENDERSON,00H,SG,249.2973484848485,249.29791666666668,2.9999999999972715,0.91439999999916843,-0.53,42,0
2022-12-28,HENDERSON,00H,SG,249.33693181818182,249.3375,2.9999999999972715,0.91439999999916843,-0.53,43,-0.3
2022-12-28,HENDERSON,00H,SG,249.25454545454545,249.25511363636363,2.9999999999972715,0.91439999999916843,-0.53,43,0.2
2022-12-28,HENDERSON,00H,SG,249.32556818181817,249.32613636363635,2.9999999999972715,0.91439999999916843,-0.53,42,0
2022-12-28,HENDERSON,00H,SG,249.24943181818182,249.25,2.9999999999972715,0.91439999999916843,-0.53,43,0.4
2022-12-28,HENDERSON,00H,SG,249.35094696969696,249.35151515151514,2.9999999999972715,0.91439999999916843,-0.53,43,-0.7
2022-12-28,HENDERSON,00H,SG,249.32727272727271,249.3278409090909,2.9999999999972715,0.91439999999916843,-0.53,42,0
2022-12-28,HENDERSON,00H,SG,249.33219696969698,249.33276515151516,2.9999999999972715,0.91439999999916843,-0.53,42,-0.1
2022-12-28,HENDERSON,00H,SG,249.33314393939395,249.33371212121213,2.9999999999972715,0.91439999999916843,-0.53,43,-0.2
2022-12-28,HENDERSON,00H,SG,249.25056818181818,249.25113636363636,2.9999999999972715,0.91439999999916843,-0.53,43,0.4
2022-12-28,HENDERSON,00H,SG,249.22803030303029,249.22878787878787,3.999999999996362,1.2191999999988912,-0.53,43,1.1
2022-12-28,HENDERSON,00H,SG,249.22443181818181,249.22518939393939,3.999999999996362,1.2191999999988912,-0.53,43,1.3
2022-12-28,HENDERSON,00H,SG,249.32821969696971,249.32897727272729,3.999999999996362,1.2191999999988912,-0.53,43,-0.1
2022-12-28,HENDERSON,00H,SG,249.33143939393941,249.33219696969698,3.999999999996362,1.2191999999988912,-0.53,43,-0.1
2022-12-28,HENDERSON,00H,SG,249.23731060606062,249.23806818181819,3.999999999996362,1.2191999999988912,-0.53,43,0.8
2022-12-28,HENDERSON,00H,SG,249.31912878787878,249.31988636363636,3.999999999996362,1.2191999999988912,-0.53,43,0
2022-12-28,HENDERSON,00H,SG,249.31837121212121,249.31912878787878,3.999999999996362,1.2191999999988912,-0.53,42,0
2022-12-28,HENDERSON,00H,SG,249.34905303030303,249.3498106060606,3.999999999996362,1.2191999999988912,-0.53,43,-0.7
2022-12-28,HENDERSON,00H,SG,249.34734848484848,249.34810606060606,3.999999999996362,1.2191999999988912,-0.53,43,-0.6
2022-12-28,HENDERSON,00H,SG,249.23541666666668,249.23617424242425,3.999999999996362,1.2191999999988912,-0.53,43,0.9
2022-12-28,HENDERSON,00H,SG,249.32367424242423,249.32443181818181,3.999999999996362,1.2191999999988912,-0.53,42,0
2022-12-28,HENDERSON,00H,SG,249.33939393939394,249.34015151515152,3.999999999996362,1.2191999999988912,-0.53,42,-0.3
2022-12-28,HENDERSON,00H,SG,249.33863636363637,249.33939393939394,3.999999999996362,1.2191999999988912,-0.53,43,-0.3
2022-12-28,HENDERSON,00H,SG,249.34128787878788,249.34204545454546,3.999999999996362,1.2191999999988912,-0.53,42,-0.4
2022-12-28,HENDERSON,00H,SG,249.35852272727271,249.35928030303029,3.999999999996362,1.2191999999988912,-0.53,42,-0.9
2022-12-28,HENDERSON,00H,SG,249.31988636363636,249.32083333333333,4.9999999999954525,1.523999999998614,-0.53,42,0
2022-12-28,HENDERSON,00H,SG,249.21742424242424,249.21837121212121,4.9999999999954525,1.523999999998614,-0.53,43,1.5
2022-12-28,HENDERSON,00H,SG,249.23636363636365,249.23731060606062,4.9999999999954525,1.523999999998614,-0.53,43,0.9
2022-12-28,HENDERSON,00H,SG,249.35151515151514,249.35246212121211,4.9999999999954525,1.523999999998614,-0.53,42,-0.7
2022-12-28,HENDERSON,00H,SG,249.21534090909091,249.21628787878788,4.9999999999954525,1.523999999998614,-0.53,43,1.6
2022-12-28,HENDERSON,00H,SG,249.34810606060606,249.34905303030303,4.9999999999954525,1.523999999998614,-0.53,42,-0.6
2022-12-28,HENDERSON,00H,SG,249.32973484848486,249.33068181818183,4.9999999999954525,1.523999999998614,-0.53,43,-0.1
2022-12-28,HENDERSON,00H,SG,249.22310606060606,249.22405303030303,4.9999999999954525,1.523999999998614,-0.53,43,1.3
2022-12-28,HENDERSON,00H,SG,249.21306818181819,249.21401515151516,4.9999999999954525,1.523999999998614,-0.53,43,1.7
2022-12-28,HENDERSON,00H,SG,249.21628787878788,249.21723484848485,4.9999999999954525,1.523999999998614,-0.53,43,1.5
2022-12-28,HENDERSON,00H,SG,249.23428030303029,249.23522727272729,5.0000000001455192,1.5240000000443543,-0.53,43,0.9
2022-12-28,HENDERSON,00H,SG,249.3498106060606,249.35094696969696,5.999999999994543,1.8287999999983369,-0.53,42,-0.7
2022-12-28,HENDERSON,00H,SG,249.2,249.20113636363635,5.999999999994543,1.8287999999983369,-0.53,43,2.2
2022-12-28,HENDERSON,00H,SG,249.32613636363635,249.32727272727271,5.999999999994543,1.8287999999983369,-0.53,43,0
2022-12-28,HENDERSON,00H,SG,249.31382575757576,249.31496212121212,5.999999999994543,1.8287999999983369,-0.53,43,0.1
2022-12-28,HENDERSON,00H,SG,249.32443181818181,249.32556818181817,5.999999999994543,1.8287999999983369,-0.53,43,0
2022-12-28,HENDERSON,00H,SG,249.31231060606061,249.31344696969697,5.999999999994543,1.8287999999983369,-0.53,43,0.1
2022-12-28,HENDERSON,00H,SG,249.35340909090908,249.35454545454544,5.999999999994543,1.8287999999983369,-0.53,42,-0.8
2022-12-28,HENDERSON,00H,SG,249.22140151515151,249.22253787878788,5.999999999994543,1.8287999999983369,-0.53,43,1.4
2022-12-28,HENDERSON,00H,SG,249.23030303030302,249.23143939393938,5.999999999994543,1.8287999999983369,-0.53,43,1.1
2022-12-28,HENDERSON,00H,SG,249.35492424242423,249.35606060606059,5.999999999994543,1.8287999999983369,-0.53,42,-0.8
2022-12-28,HENDERSON,00H,SG,249.32083333333333,249.32196969696969,5.999999999994543,1.8287999999983369,-0.53,43,0
2022-12-28,HENDERSON,00H,SG,249.3375,249.33863636363637,5.999999999994543,1.8287999999983369,-0.53,42,-0.3
2022-12-28,HENDERSON,00H,SG,249.21950757575758,249.22064393939394,5.999999999994543,1.8287999999983369,-0.53,43,1.4
2022-12-28,HENDERSON,00H,SG,249.31704545454545,249.31837121212121,6.9999999999936335,2.1335999999980597,-0.53,43,0
2022-12-28,HENDERSON,00H,SG,249.32234848484848,249.32367424242423,6.9999999999936335,2.1335999999980597,-0.53,43,0
2022-12-28,HENDERSON,00H,SG,249.34450757575758,249.34583333333333,6.9999999999936335,2.1335999999980597,-0.53,42,-0.5
2022-12-28,HENDERSON,00H,SG,249.29602272727271,249.2973484848485,7.0000000001437,2.1336000000438,-0.53,43,0
2022-12-28,HENDERSON,00H,SG,249.30473484848486,249.30625,7.999999999992724,2.4383999999977823,-0.53,43,0
2022-12-28,HENDERSON,00H,SG,249.31003787878788,249.31155303030303,7.999999999992724,2.4383999999977823,-0.53,43,0
2022-12-28,HENDERSON,00H,SG,249.35681818181817,249.35833333333332,7.999999999992724,2.4383999999977823,-0.53,42,-0.9
2022-12-28,HENDERSON,00H,SG,249.24166666666667,249.24318181818182,7.999999999992724,2.4383999999977823,-0.53,43,0.7
2022-12-28,HENDERSON,00H,SG,249.22518939393939,249.22670454545454,7.999999999992724,2.4383999999977823,-0.53,43,1.2
2022-12-28,HENDERSON,00H,SG,249.25113636363636,249.25265151515151,7.999999999992724,2.4383999999977823,-0.53,43,0.3
2022-12-28,HENDERSON,00H,SG,249.2560606060606,249.25776515151514,8.9999999999918145,2.743199999997505,-0.53,43,0.2
2022-12-28,HENDERSON,00H,SG,249.25284090909091,249.25454545454545,8.9999999999918145,2.743199999997505,-0.53,43,0.3
2022-12-28,HENDERSON,00H,SG,249.23143939393938,249.23333333333332,9.9999999999909051,3.047999999997228,-0.53,43,1
2022-12-28,HENDERSON,00H,SG,249.36799242424243,249.37007575757576,10.999999999989996,3.3527999999969507,-0.53,42,-1.3
2022-12-28,HENDERSON,00H,SG,249.23844696969698,249.24053030303031,10.999999999989996,3.3527999999969507,-0.53,43,0.8
2022-12-28,HENDERSON,00H,SG,249.35928030303029,249.36174242424244,13.000000000138243,3.9624000000421367,-0.53,42,-1
2022-12-28,HENDERSON,00H,SG,249.36534090909092,249.36799242424243,13.999999999987267,4.2671999999961194,-0.53,42,-1.2
2022-12-28,HENDERSON,00H,SG,249.21041666666667,249.21306818181819,13.999999999987267,4.2671999999961194,-0.53,43,1.8
2022-12-28,HENDERSON,00H,SG,249.20397727272729,249.20681818181819,14.999999999986358,4.5719999999958416,-0.53,43,2
2022-12-28,HENDERSON,00H,SG,249.20113636363635,249.20397727272729,15.000000000136424,4.5720000000415819,-0.53,43,2.1
2022-12-28,HENDERSON,00H,SG,249.36212121212122,249.36534090909092,16.999999999984539,5.1815999999952878,-0.53,42,-1.1
2022-12-28,HENDERSON,00H,SG,249.30662878787879,249.30984848484849,16.999999999984539,5.1815999999952878,-0.53,43,0
2022-12-28,HENDERSON,00H,SG,249.20681818181819,249.21003787878789,16.999999999984539,5.1815999999952878,-0.53,43,1.9
2022-12-28,HENDERSON,00H,SG,249.29791666666668,249.30454545454546,34.999999999968168,10.667999999990299,-0.53,43,0
2022-12-28,HENDERSON,00H,SG,249.25776515151514,249.26458333333332,35.999999999967258,10.97279999999002,-0.53,43,0.1
2022-12-28,HENDERSON,00H,SG,249.26458333333332,249.29583333333332,165,50.292,-0.53,43,0
2022-12-28,HENDERSON,00H,SG,248.05738636363637,248.05757575757576,0.99999999999909051,0.30479999999972279,-0.52,40,2.3
2022-12-28,HENDERSON,00H,SG,248.03787878787878,248.03806818181818,0.99999999999909051,0.30479999999972279,-0.52,40,1.4
2022-12-28,HENDERSON,00H,SG,248.00587121212121,248.0060606060606,0.99999999999909051,0.30479999999972279,-0.52,39,0.2
2022-12-28,HENDERSON,00H,SG,247.97632575757575,247.97651515151514,0.99999999999909051,0.30479999999972279,-0.52,39,-0.1
2022-12-28,HENDERSON,00H,SG,248.00397727272727,248.00416666666666,0.99999999999909051,0.30479999999972279,-0.52,39,0.1
2022-12-28,HENDERSON,00H,SG,247.96761363636364,247.96780303030303,0.99999999999909051,0.30479999999972279,-0.52,40,0
2022-12-28,HENDERSON,00H,SG,248.00416666666666,248.00435606060606,0.99999999999909051,0.30479999999972279,-0.52,39,0.2
2022-12-28,HENDERSON,00H,SG,248.00018939393939,248.00037878787879,0.99999999999909051,0.30479999999972279,-0.52,40,0.1
2022-12-28,HENDERSON,00H,SG,247.80246212121213,247.80265151515152,0.99999999999909051,0.30479999999972279,-0.52,39,0
2022-12-28,HENDERSON,00H,SG,248.03768939393939,248.03787878787878,0.99999999999909051,0.30479999999972279,-0.52,40,1.5
2022-12-28,HENDERSON,00H,SG,248.01344696969696,248.01363636363635,0.99999999999909051,0.30479999999972279,-0.52,40,0.6
2022-12-28,HENDERSON,00H,SG,248.01079545454544,248.01098484848484,0.99999999999909051,0.30479999999972279,-0.52,40,0.4
2022-12-28,HENDERSON,00H,SG,248.00890151515151,248.0090909090909,0.99999999999909051,0.30479999999972279,-0.52,40,0.4
2022-12-28,HENDERSON,00H,SG,248.01060606060605,248.01079545454544,0.99999999999909051,0.30479999999972279,-0.52,40,0.5
2022-12-28,HENDERSON,00H,SG,248.01875,248.01893939393941,0.99999999999909051,0.30479999999972279,-0.52,40,0.8
2022-12-28,HENDERSON,00H,SG,247.84791666666666,247.84810606060606,0.99999999999909051,0.30479999999972279,-0.52,38,0
2022-12-28,HENDERSON,00H,SG,248.00643939393939,248.00662878787878,0.99999999999909051,0.30479999999972279,-0.52,40,0.3
2022-12-28,HENDERSON,00H,SG,248.00776515151514,248.00795454545454,0.99999999999909051,0.30479999999972279,-0.52,39,0.3
2022-12-28,HENDERSON,00H,SG,247.86212121212122,247.86231060606062,0.99999999999909051,0.30479999999972279,-0.52,38,0
2022-12-28,HENDERSON,00H,SG,247.84242424242424,247.84280303030303,1.999999999998181,0.60959999999944559,-0.52,38,0.1
2022-12-28,HENDERSON,00H,SG,248.00662878787878,248.00700757575757,1.999999999998181,0.60959999999944559,-0.52,40,0.2
2022-12-28,HENDERSON,00H,SG,247.82196969696969,247.82234848484848,1.999999999998181,0.60959999999944559,-0.52,39,0
2022-12-28,HENDERSON,00H,SG,247.81136363636364,247.81174242424242,1.999999999998181,0.60959999999944559,-0.52,39,0
2022-12-28,HENDERSON,00H,SG,247.97651515151514,247.97689393939393,1.999999999998181,0.60959999999944559,-0.52,40,-0.1
2022-12-28,HENDERSON,00H,SG,247.98011363636363,247.98049242424241,1.999999999998181,0.60959999999944559,-0.52,40,-0.1
2022-12-28,HENDERSON,00H,SG,247.80056818181819,247.80094696969698,1.999999999998181,0.60959999999944559,-0.52,39,0
2022-12-28,HENDERSON,00H,SG,248.02064393939395,248.02102272727274,1.999999999998181,0.60959999999944559,-0.52,40,0.9
2022-12-28,HENDERSON,00H,SG,248.0060606060606,248.00643939393939,1.999999999998181,0.60959999999944559,-0.52,40,0.2
2022-12-28,HENDERSON,00H,SG,247.84602272727273,247.84640151515151,1.999999999998181,0.60959999999944559,-0.52,38,0
2022-12-28,HENDERSON,00H,SG,247.81306818181818,247.81344696969697,1.999999999998181,0.60959999999944559,-0.52,39,0
2022-12-28,HENDERSON,00H,SG,247.84431818181818,247.84469696969697,1.999999999998181,0.60959999999944559,-0.52,38,0.1
2022-12-28,HENDERSON,00H,SG,248.05757575757576,248.05795454545455,1.999999999998181,0.60959999999944559,-0.52,40,2.2
2022-12-28,HENDERSON,00H,SG,248.01893939393941,248.01931818181819,1.999999999998181,0.60959999999944559,-0.52,40,0.7
2022-12-28,HENDERSON,00H,SG,247.99867424242424,247.99905303030303,1.999999999998181,0.60959999999944559,-0.52,39,0
2022-12-28,HENDERSON,00H,SG,248.00037878787879,248.00075757575758,1.999999999998181,0.60959999999944559,-0.52,39,0.1
2022-12-28,HENDERSON,00H,SG,247.97291666666666,247.97329545454545,1.999999999998181,0.60959999999944559,-0.52,40,0
2022-12-28,HENDERSON,00H,SG,247.97462121212121,247.975,1.999999999998181,0.60959999999944559,-0.52,40,0
2022-12-28,HENDERSON,00H,SG,248.01155303030302,248.01193181818181,1.999999999998181,0.60959999999944559,-0.52,40,0.4
2022-12-28,HENDERSON,00H,SG,248.00227272727273,248.00265151515151,1.999999999998181,0.60959999999944559,-0.52,39,0.1
2022-12-28,HENDERSON,00H,SG,247.84943181818181,247.85,2.9999999999972715,0.91439999999916843,-0.52,38,0
2022-12-28,HENDERSON,00H,SG,247.8094696969697,247.81003787878788,2.9999999999972715,0.91439999999916843,-0.52,39,0
2022-12-28,HENDERSON,00H,SG,247.83522727272728,247.83579545454546,2.9999999999972715,0.91439999999916843,-0.52,38,0
2022-12-28,HENDERSON,00H,SG,247.99678030303031,247.99734848484849,2.9999999999972715,0.91439999999916843,-0.52,39,0
2022-12-28,HENDERSON,00H,SG,247.99488636363637,247.99545454545455,2.9999999999972715,0.91439999999916843,-0.52,39,0
2022-12-28,HENDERSON,00H,SG,247.83333333333334,247.83390151515152,2.9999999999972715,0.91439999999916843,-0.52,38,0
2022-12-28,HENDERSON,00H,SG,247.97821969696969,247.97878787878787,2.9999999999972715,0.91439999999916843,-0.52,40,-0.1
2022-12-28,HENDERSON,00H,SG,247.99318181818182,247.99375,2.9999999999972715,0.91439999999916843,-0.52,39,0
2022-12-28,HENDERSON,00H,SG,247.83996212121212,247.84053030303031,2.9999999999972715,0.91439999999916843,-0.52,39,0.1
2022-12-28,HENDERSON,00H,SG,247.99204545454546,247.99261363636364,2.9999999999972715,0.91439999999916843,-0.52,40,-0.1
2022-12-28,HENDERSON,00H,SG,247.83939393939394,247.83996212121212,2.9999999999972715,0.91439999999916843,-0.52,39,0
2022-12-28,HENDERSON,00H,SG,248.01363636363635,248.01420454545453,2.9999999999972715,0.91439999999916843,-0.52,40,0.5
2022-12-28,HENDERSON,00H,SG,247.80416666666667,247.80473484848486,2.9999999999972715,0.91439999999916843,-0.52,39,0
2022-12-28,HENDERSON,00H,SG,247.80776515151516,247.80833333333334,2.9999999999972715,0.91439999999916843,-0.52,39,0
2022-12-28,HENDERSON,00H,SG,247.99261363636364,247.99318181818182,2.9999999999972715,0.91439999999916843,-0.52,40,0
2022-12-28,HENDERSON,00H,SG,247.83882575757576,247.83939393939394,2.9999999999972715,0.91439999999916843,-0.52,38,0
2022-12-28,HENDERSON,00H,SG,247.81496212121212,247.8155303030303,2.9999999999972715,0.91439999999916843,-0.52,39,0
2022-12-28,HENDERSON,00H,SG,247.8316287878788,247.83219696969698,2.9999999999972715,0.91439999999916843,-0.52,38,0
2022-12-28,HENDERSON,00H,SG,247.81837121212121,247.81893939393939,2.9999999999972715,0.91439999999916843,-0.52,39,0
2022-12-28,HENDERSON,00H,SG,247.84469696969697,247.84526515151515,2.9999999999972715,0.91439999999916843,-0.52,39,0.1
2022-12-28,HENDERSON,00H,SG,247.84053030303031,247.84109848484849,2.9999999999972715,0.91439999999916843,-0.52,38,0.1
2022-12-28,HENDERSON,00H,SG,248.01098484848484,248.01155303030302,2.9999999999972715,0.91439999999916843,-0.52,39,0.4
2022-12-28,HENDERSON,00H,SG,247.80587121212122,247.8064393939394,2.9999999999972715,0.91439999999916843,-0.52,39,0
2022-12-28,HENDERSON,00H,SG,247.84526515151515,247.84602272727273,3.999999999996362,1.2191999999988912,-0.52,39,0
2022-12-28,HENDERSON,00H,SG,247.83693181818182,247.8376893939394,3.999999999996362,1.2191999999988912,-0.52,38,0
2022-12-28,HENDERSON,00H,SG,247.99128787878789,247.99204545454546,3.999999999996362,1.2191999999988912,-0.52,39,-0.1
2022-12-28,HENDERSON,00H,SG,247.98768939393941,247.98844696969698,3.999999999996362,1.2191999999988912,-0.52,39,-0.1
2022-12-28,HENDERSON,00H,SG,247.98598484848486,247.98674242424244,3.999999999996362,1.2191999999988912,-0.52,39,-0.1
2022-12-28,HENDERSON,00H,SG,248.00984848484848,248.01060606060605,3.999999999996362,1.2191999999988912,-0.52,40,0.4
2022-12-28,HENDERSON,00H,SG,248.00700757575757,248.00776515151514,3.999999999996362,1.2191999999988912,-0.52,40,0.3
2022-12-28,HENDERSON,00H,SG,247.98958333333334,247.99034090909092,3.999999999996362,1.2191999999988912,-0.52,39,-0.1
2022-12-28,HENDERSON,00H,SG,248.0090909090909,248.00984848484848,3.999999999996362,1.2191999999988912,-0.52,40,0.3
2022-12-28,HENDERSON,00H,SG,247.82007575757575,247.82083333333333,3.999999999996362,1.2191999999988912,-0.52,39,0
2022-12-28,HENDERSON,00H,SG,247.98143939393938,247.98219696969696,3.999999999996362,1.2191999999988912,-0.52,40,-0.1
2022-12-28,HENDERSON,00H,SG,247.82973484848486,247.83049242424244,3.999999999996362,1.2191999999988912,-0.52,38,0
2022-12-28,HENDERSON,00H,SG,247.82348484848484,247.82424242424241,3.999999999996362,1.2191999999988912,-0.52,39,0
2022-12-28,HENDERSON,00H,SG,247.82708333333332,247.8278409090909,3.999999999996362,1.2191999999988912,-0.52,39,0
2022-12-28,HENDERSON,00H,SG,247.9840909090909,247.9848484848485,4.0000000001464286,1.2192000000446315,-0.52,39,-0.1
2022-12-28,HENDERSON,00H,SG,247.82518939393938,247.82613636363635,4.9999999999954525,1.523999999998614,-0.52,39,0
2022-12-28,HENDERSON,00H,SG,247.82424242424241,247.82518939393938,4.9999999999954525,1.523999999998614,-0.52,38,0
2022-12-28,HENDERSON,00H,SG,247.8155303030303,247.81647727272727,4.9999999999954525,1.523999999998614,-0.52,38,0
2022-12-28,HENDERSON,00H,SG,247.81742424242424,247.81837121212121,4.9999999999954525,1.523999999998614,-0.52,38,0
2022-12-28,HENDERSON,00H,SG,247.82878787878789,247.82973484848486,4.9999999999954525,1.523999999998614,-0.52,39,0
2022-12-28,HENDERSON,00H,SG,247.81647727272727,247.81742424242424,4.9999999999954525,1.523999999998614,-0.52,39,0
2022-12-28,HENDERSON,00H,SG,248.00795454545454,248.00890151515151,4.9999999999954525,1.523999999998614,-0.52,40,0.3
2022-12-28,HENDERSON,00H,SG,247.82613636363635,247.82708333333332,4.9999999999954525,1.523999999998614,-0.52,38,0
2022-12-28,HENDERSON,00H,SG,247.98219696969696,247.98314393939393,4.9999999999954525,1.523999999998614,-0.52,39,-0.1
2022-12-28,HENDERSON,00H,SG,247.98674242424244,247.98768939393941,4.9999999999954525,1.523999999998614,-0.52,40,-0.1
2022-12-28,HENDERSON,00H,SG,247.99034090909092,247.99128787878789,4.9999999999954525,1.523999999998614,-0.52,40,-0.1
2022-12-28,HENDERSON,00H,SG,247.98314393939393,247.9840909090909,4.9999999999954525,1.523999999998614,-0.52,40,-0.1
2022-12-28,HENDERSON,00H,SG,247.8278409090909,247.82878787878789,5.0000000001455192,1.5240000000443543,-0.52,38,0
2022-12-28,HENDERSON,00H,SG,247.80473484848486,247.80587121212122,5.999999999994543,1.8287999999983369,-0.52,38,0
2022-12-28,HENDERSON,00H,SG,247.98844696969698,247.98958333333334,5.999999999994543,1.8287999999983369,-0.52,40,-0.1
2022-12-28,HENDERSON,00H,SG,247.81893939393939,247.82007575757575,5.999999999994543,1.8287999999983369,-0.52,38,0
2022-12-28,HENDERSON,00H,SG,247.82083333333333,247.82196969696969,5.999999999994543,1.8287999999983369,-0.52,38,0
2022-12-28,HENDERSON,00H,SG,247.9848484848485,247.98598484848486,5.999999999994543,1.8287999999983369,-0.52,40,-0.1
2022-12-28,HENDERSON,00H,SG,247.8376893939394,247.83882575757576,5.999999999994543,1.8287999999983369,-0.52,39,0
2022-12-28,HENDERSON,00H,SG,247.83579545454546,247.83693181818182,5.999999999994543,1.8287999999983369,-0.52,39,0
2022-12-28,HENDERSON,00H,SG,247.83049242424244,247.8316287878788,5.999999999994543,1.8287999999983369,-0.52,39,0
2022-12-28,HENDERSON,00H,SG,247.83219696969698,247.83333333333334,5.999999999994543,1.8287999999983369,-0.52,39,0
2022-12-28,HENDERSON,00H,SG,247.99375,247.99488636363637,5.999999999994543,1.8287999999983369,-0.52,40,0
2022-12-28,HENDERSON,00H,SG,247.98049242424241,247.98162878787878,5.999999999994543,1.8287999999983369,-0.52,39,-0.1
2022-12-28,HENDERSON,00H,SG,247.99905303030303,248.00018939393939,5.999999999994543,1.8287999999983369,-0.52,40,0
2022-12-28,HENDERSON,00H,SG,247.80833333333334,247.8094696969697,5.999999999994543,1.8287999999983369,-0.52,38,0
2022-12-28,HENDERSON,00H,SG,247.82234848484848,247.82348484848484,5.999999999994543,1.8287999999983369,-0.52,38,0
2022-12-28,HENDERSON,00H,SG,247.84109848484849,247.84242424242424,6.9999999999936335,2.1335999999980597,-0.52,39,0.1
2022-12-28,HENDERSON,00H,SG,247.81003787878788,247.81136363636364,6.9999999999936335,2.1335999999980597,-0.52,38,0
2022-12-28,HENDERSON,00H,SG,247.8064393939394,247.80776515151516,6.9999999999936335,2.1335999999980597,-0.52,38,0
2022-12-28,HENDERSON,00H,SG,247.81174242424242,247.81306818181818,6.9999999999936335,2.1335999999980597,-0.52,38,0
2022-12-28,HENDERSON,00H,SG,247.83390151515152,247.83522727272728,6.9999999999936335,2.1335999999980597,-0.52,39,0
2022-12-28,HENDERSON,00H,SG,248.01931818181819,248.02064393939395,6.9999999999936335,2.1335999999980597,-0.52,40,0.8
2022-12-28,HENDERSON,00H,SG,247.97689393939393,247.97821969696969,6.9999999999936335,2.1335999999980597,-0.52,39,-0.1
2022-12-28,HENDERSON,00H,SG,247.84810606060606,247.84943181818181,6.9999999999936335,2.1335999999980597,-0.52,39,0
2022-12-28,HENDERSON,00H,SG,247.99545454545455,247.99678030303031,6.9999999999936335,2.1335999999980597,-0.52,40,0
2022-12-28,HENDERSON,00H,SG,248.02102272727274,248.02234848484849,6.9999999999936335,2.1335999999980597,-0.52,40,0.8
2022-12-28,HENDERSON,00H,SG,247.975,247.97632575757575,6.9999999999936335,2.1335999999980597,-0.52,39,0
2022-12-28,HENDERSON,00H,SG,248.00265151515151,248.00397727272727,6.9999999999936335,2.1335999999980597,-0.52,40,0.1
2022-12-28,HENDERSON,00H,SG,247.97878787878787,247.98011363636363,6.9999999999936335,2.1335999999980597,-0.52,39,-0.1
2022-12-28,HENDERSON,00H,SG,247.97329545454545,247.97462121212121,6.9999999999936335,2.1335999999980597,-0.52,39,0
2022-12-28,HENDERSON,00H,SG,247.99734848484849,247.99867424242424,6.9999999999936335,2.1335999999980597,-0.52,40,0
2022-12-28,HENDERSON,00H,SG,248.00075757575758,248.00227272727273,7.999999999992724,2.4383999999977823,-0.52,40,0.1
2022-12-28,HENDERSON,00H,SG,247.84640151515151,247.84791666666666,7.999999999992724,2.4383999999977823,-0.52,39,0
2022-12-28,HENDERSON,00H,SG,247.81344696969697,247.81496212121212,7.999999999992724,2.4383999999977823,-0.52,38,0
2022-12-28,HENDERSON,00H,SG,248.00435606060606,248.00587121212121,7.999999999992724,2.4383999999977823,-0.52,40,0.2
2022-12-28,HENDERSON,00H,SG,247.80265151515152,247.80416666666667,7.999999999992724,2.4383999999977823,-0.52,38,0
2022-12-28,HENDERSON,00H,SG,247.84280303030303,247.84431818181818,7.999999999992724,2.4383999999977823,-0.52,39,0.1
2022-12-28,HENDERSON,00H,SG,248.01193181818181,248.01344696969696,7.999999999992724,2.4383999999977823,-0.52,40,0.5
2022-12-28,HENDERSON,00H,SG,247.80094696969698,247.80246212121213,7.999999999992724,2.4383999999977823,-0.52,38,0
2022-12-28,HENDERSON,00H,SG,248.05568181818182,248.05738636363637,8.9999999999918145,2.743199999997505,-0.52,40,2.2
2022-12-28,HENDERSON,00H,SG,248.01685606060607,248.01875,9.9999999999909051,3.047999999997228,-0.52,40,0.7
2022-12-28,HENDERSON,00H,SG,248.06799242424242,248.07007575757575,10.999999999989996,3.3527999999969507,-0.52,40,2.7
2022-12-28,HENDERSON,00H,SG,248.05795454545455,248.06003787878788,10.999999999989996,3.3527999999969507,-0.52,40,2.3
2022-12-28,HENDERSON,00H,SG,248.0534090909091,248.05568181818182,11.999999999989086,3.6575999999966737,-0.52,40,2.1
2022-12-28,HENDERSON,00H,SG,248.02992424242424,248.03219696969697,11.999999999989086,3.6575999999966737,-0.52,40,1.2
2022-12-28,HENDERSON,00H,SG,248.04318181818181,248.04545454545453,11.999999999989086,3.6575999999966737,-0.52,40,1.7
2022-12-28,HENDERSON,00H,SG,248.05113636363637,248.0534090909091,11.999999999989086,3.6575999999966737,-0.52,40,2
2022-12-28,HENDERSON,00H,SG,248.02481060606061,248.02708333333334,11.999999999989086,3.6575999999966737,-0.52,40,1
2022-12-28,HENDERSON,00H,SG,248.03219696969697,248.03465909090909,12.999999999988177,3.9623999999963964,-0.52,40,1.3
2022-12-28,HENDERSON,00H,SG,248.02234848484849,248.02481060606061,12.999999999988177,3.9623999999963964,-0.52,40,0.9
2022-12-28,HENDERSON,00H,SG,248.0625,248.06496212121212,12.999999999988177,3.9623999999963964,-0.52,40,2.5
2022-12-28,HENDERSON,00H,SG,248.06003787878788,248.0625,12.999999999988177,3.9623999999963964,-0.52,40,2.4
2022-12-28,HENDERSON,00H,SG,248.03806818181818,248.04053030303029,12.999999999988177,3.9623999999963964,-0.52,40,1.5
2022-12-28,HENDERSON,00H,SG,248.04053030303029,248.04318181818181,13.999999999987267,4.2671999999961194,-0.52,40,1.6
2022-12-28,HENDERSON,00H,SG,248.01420454545453,248.01685606060607,14.000000000137334,4.26720000004186,-0.52,40,0.6
2022-12-28,HENDERSON,00H,SG,248.04829545454547,248.05113636363637,14.999999999986358,4.5719999999958416,-0.52,40,1.9
2022-12-28,HENDERSON,00H,SG,248.02708333333334,248.02992424242424,14.999999999986358,4.5719999999958416,-0.52,40,1.1
2022-12-28,HENDERSON,00H,SG,248.04545454545453,248.04829545454547,15.000000000136424,4.5720000000415819,-0.52,40,1.8
2022-12-28,HENDERSON,00H,SG,248.03465909090909,248.03768939393939,15.999999999985448,4.8767999999955647,-0.52,40,1.4
2022-12-28,HENDERSON,00H,SG,248.06496212121212,248.06799242424242,15.999999999985448,4.8767999999955647,-0.52,40,2.6
2022-12-28,HENDERSON,00H,SG,247.86231060606062,247.86685606060607,23.999999999978172,7.3151999999933475,-0.52,39,0
2022-12-28,HENDERSON,00H,SG,247.96780303030303,247.97291666666666,26.999999999975444,8.2295999999925158,-0.52,39,0
2022-12-28,HENDERSON,00H,SG,247.85,247.86212121212122,64.000000000091859,19.507200000028,-0.52,39,0
2022-12-28,HENDERSON,00H,SG,247.86685606060607,247.88162878787878,77.999999999929059,23.774399999978378,-0.52,39,-0.1
2022-12-28,HENDERSON,00H,SG,247.78011363636364,247.80056818181819,108.00000000005184,32.9184000000158,-0.52,38,0
2022-12-28,HENDERSON,00H,SG,247.88162878787878,247.96761363636364,454.00000000003729,138.37920000001137,-0.52,39,0
2022-12-28,HENDERSON,00H,SG,249.50890151515151,249.5090909090909,0.99999999999909051,0.30479999999972279,-0.48,42,-1.9
2022-12-28,HENDERSON,00H,SG,249.50928030303029,249.50946969696969,0.99999999999909051,0.30479999999972279,-0.48,42,-1.9
2022-12-28,HENDERSON,00H,SG,249.40284090909091,249.40303030303031,0.99999999999909051,0.30479999999972279,-0.48,42,-2.3
2022-12-28,HENDERSON,00H,SG,249.5090909090909,249.50928030303029,0.99999999999909051,0.30479999999972279,-0.48,42,-2
2022-12-28,HENDERSON,00H,SG,249.51439393939393,249.51458333333332,0.99999999999909051,0.30479999999972279,-0.48,42,-1.7
2022-12-28,HENDERSON,00H,SG,249.40265151515152,249.40284090909091,0.99999999999909051,0.30479999999972279,-0.48,42,-2.4
2022-12-28,HENDERSON,00H,SG,249.37405303030303,249.37424242424242,0.99999999999909051,0.30479999999972279,-0.48,42,-1.4
2022-12-28,HENDERSON,00H,SG,249.50246212121212,249.50265151515151,0.99999999999909051,0.30479999999972279,-0.48,42,-2.2
2022-12-28,HENDERSON,00H,SG,249.40568181818182,249.40587121212121,0.99999999999909051,0.30479999999972279,-0.48,42,-2.5
2022-12-28,HENDERSON,00H,SG,249.50492424242424,249.50511363636363,0.99999999999909051,0.30479999999972279,-0.48,42,-2
2022-12-28,HENDERSON,00H,SG,249.5121212121212,249.51231060606059,0.99999999999909051,0.30479999999972279,-0.48,42,-1.8
2022-12-28,HENDERSON,00H,SG,249.48731060606062,249.4875,0.99999999999909051,0.30479999999972279,-0.48,42,-2.7
2022-12-28,HENDERSON,00H,SG,249.39431818181819,249.39450757575759,0.99999999999909051,0.30479999999972279,-0.48,42,-2
2022-12-28,HENDERSON,00H,SG,249.5153409090909,249.51553030303029,0.99999999999909051,0.30479999999972279,-0.48,42,-1.8
2022-12-28,HENDERSON,00H,SG,249.51477272727271,249.51496212121211,0.99999999999909051,0.30479999999972279,-0.48,41,-1.8
2022-12-28,HENDERSON,00H,SG,249.50946969696969,249.50965909090908,0.99999999999909051,0.30479999999972279,-0.48,41,-2
2022-12-28,HENDERSON,00H,SG,249.50965909090908,249.50984848484848,0.99999999999909051,0.30479999999972279,-0.48,42,-2
2022-12-28,HENDERSON,00H,SG,249.51628787878789,249.51647727272729,0.99999999999909051,0.30479999999972279,-0.48,41,-1.7
2022-12-28,HENDERSON,00H,SG,249.49507575757576,249.49526515151516,0.99999999999909051,0.30479999999972279,-0.48,41,-2.5
2022-12-28,HENDERSON,00H,SG,249.50416666666666,249.50435606060606,0.99999999999909051,0.30479999999972279,-0.48,41,-2.1
2022-12-28,HENDERSON,00H,SG,249.37386363636364,249.37405303030303,0.99999999999909051,0.30479999999972279,-0.48,42,-1.5
2022-12-28,HENDERSON,00H,SG,249.50397727272727,249.50416666666666,0.99999999999909051,0.30479999999972279,-0.48,42,-2.1
2022-12-28,HENDERSON,00H,SG,249.50511363636363,249.50530303030303,0.99999999999909051,0.30479999999972279,-0.48,42,-2.1
2022-12-28,HENDERSON,00H,SG,249.51780303030304,249.51799242424244,0.99999999999909051,0.30479999999972279,-0.48,42,-1.6
2022-12-28,HENDERSON,00H,SG,249.51458333333332,249.51477272727271,0.99999999999909051,0.30479999999972279,-0.48,41,-1.7
2022-12-28,HENDERSON,00H,SG,249.41647727272726,249.41666666666666,0.99999999999909051,0.30479999999972279,-0.48,42,-2.7
2022-12-28,HENDERSON,00H,SG,249.51268939393938,249.51287878787878,0.99999999999909051,0.30479999999972279,-0.48,41,-1.9
2022-12-28,HENDERSON,00H,SG,249.50530303030303,249.50549242424242,0.99999999999909051,0.30479999999972279,-0.48,42,-2
2022-12-28,HENDERSON,00H,SG,249.5151515151515,249.5153409090909,0.99999999999909051,0.30479999999972279,-0.48,42,-1.7
2022-12-28,HENDERSON,00H,SG,249.5160984848485,249.51628787878789,0.99999999999909051,0.30479999999972279,-0.48,42,-1.6
2022-12-28,HENDERSON,00H,SG,249.49223484848486,249.49242424242425,0.99999999999909051,0.30479999999972279,-0.48,42,-2.5
2022-12-28,HENDERSON,00H,SG,249.48977272727274,249.48996212121213,0.99999999999909051,0.30479999999972279,-0.48,42,-2.6
2022-12-28,HENDERSON,00H,SG,249.51325757575756,249.51344696969696,0.99999999999909051,0.30479999999972279,-0.48,42,-1.7
2022-12-28,HENDERSON,00H,SG,249.50227272727273,249.50246212121212,0.99999999999909051,0.30479999999972279,-0.48,42,-2.1
2022-12-28,HENDERSON,00H,SG,249.51496212121211,249.5151515151515,0.99999999999909051,0.30479999999972279,-0.48,42,-1.8
2022-12-28,HENDERSON,00H,SG,249.40587121212121,249.40606060606061,0.99999999999909051,0.30479999999972279,-0.48,42,-2.4
2022-12-28,HENDERSON,00H,SG,249.50265151515151,249.50284090909091,0.99999999999909051,0.30479999999972279,-0.48,42,-2.1
2022-12-28,HENDERSON,00H,SG,249.50056818181818,249.50075757575758,0.99999999999909051,0.30479999999972279,-0.48,42,-2.2
2022-12-28,HENDERSON,00H,SG,249.3941287878788,249.39431818181819,0.99999999999909051,0.30479999999972279,-0.48,42,-2.1
2022-12-28,HENDERSON,00H,SG,249.50549242424242,249.50587121212121,1.999999999998181,0.60959999999944559,-0.48,42,-2.1
2022-12-28,HENDERSON,00H,SG,249.4875,249.4878787878788,1.999999999998181,0.60959999999944559,-0.48,42,-2.8
2022-12-28,HENDERSON,00H,SG,249.50587121212121,249.50625,1.999999999998181,0.60959999999944559,-0.48,41,-2.1
2022-12-28,HENDERSON,00H,SG,249.50719696969696,249.50757575757575,1.999999999998181,0.60959999999944559,-0.48,42,-2
2022-12-28,HENDERSON,00H,SG,249.41609848484848,249.41647727272726,1.999999999998181,0.60959999999944559,-0.48,42,-2.8
2022-12-28,HENDERSON,00H,SG,249.51969696969698,249.52007575757577,1.999999999998181,0.60959999999944559,-0.48,41,-1.6
2022-12-28,HENDERSON,00H,SG,249.48996212121213,249.49034090909092,1.999999999998181,0.60959999999944559,-0.48,42,-2.7
2022-12-28,HENDERSON,00H,SG,249.51647727272729,249.51685606060607,1.999999999998181,0.60959999999944559,-0.48,41,-1.6
2022-12-28,HENDERSON,00H,SG,249.51231060606059,249.51268939393938,1.999999999998181,0.60959999999944559,-0.48,42,-1.9
2022-12-28,HENDERSON,00H,SG,249.51287878787878,249.51325757575756,1.999999999998181,0.60959999999944559,-0.48,41,-1.8
2022-12-28,HENDERSON,00H,SG,249.51117424242423,249.51155303030302,1.999999999998181,0.60959999999944559,-0.48,41,-1.9
2022-12-28,HENDERSON,00H,SG,249.51155303030302,249.5121212121212,2.9999999999972715,0.91439999999916843,-0.48,42,-1.9
2022-12-28,HENDERSON,00H,SG,249.51799242424244,249.51856060606062,2.9999999999972715,0.91439999999916843,-0.48,41,-1.6
2022-12-28,HENDERSON,00H,SG,249.50757575757575,249.50814393939393,2.9999999999972715,0.91439999999916843,-0.48,41,-2
2022-12-28,HENDERSON,00H,SG,249.49526515151516,249.49583333333334,2.9999999999972715,0.91439999999916843,-0.48,42,-2.5
2022-12-28,HENDERSON,00H,SG,249.49242424242425,249.49299242424243,2.9999999999972715,0.91439999999916843,-0.48,42,-2.6
2022-12-28,HENDERSON,00H,SG,249.50435606060606,249.50492424242424,2.9999999999972715,0.91439999999916843,-0.48,42,-2.1
2022-12-28,HENDERSON,00H,SG,249.50075757575758,249.50132575757576,2.9999999999972715,0.91439999999916843,-0.48,42,-2.3
2022-12-28,HENDERSON,00H,SG,249.51553030303029,249.5160984848485,3.0000000001473381,0.91440000004490873,-0.48,42,-1.7
2022-12-28,HENDERSON,00H,SG,249.50814393939393,249.50890151515151,3.999999999996362,1.2191999999988912,-0.48,42,-2
2022-12-28,HENDERSON,00H,SG,249.37007575757576,249.37083333333334,3.999999999996362,1.2191999999988912,-0.48,42,-1.3
2022-12-28,HENDERSON,00H,SG,249.50132575757576,249.50227272727273,4.9999999999954525,1.523999999998614,-0.48,42,-2.2
2022-12-28,HENDERSON,00H,SG,249.51685606060607,249.51780303030304,4.9999999999954525,1.523999999998614,-0.48,42,-1.7
2022-12-28,HENDERSON,00H,SG,249.50625,249.50719696969696,4.9999999999954525,1.523999999998614,-0.48,42,-2.1
2022-12-28,HENDERSON,00H,SG,249.51344696969696,249.51439393939393,4.9999999999954525,1.523999999998614,-0.48,42,-1.8
2022-12-28,HENDERSON,00H,SG,249.50284090909091,249.50397727272727,5.999999999994543,1.8287999999983369,-0.48,42,-2.2
2022-12-28,HENDERSON,00H,SG,249.51856060606062,249.51969696969698,5.999999999994543,1.8287999999983369,-0.48,42,-1.6
2022-12-28,HENDERSON,00H,SG,249.50984848484848,249.51117424242423,6.9999999999936335,2.1335999999980597,-0.48,42,-1.9
2022-12-28,HENDERSON,00H,SG,249.4878787878788,249.48977272727274,9.9999999999909051,3.047999999997228,-0.48,42,-2.7
2022-12-28,HENDERSON,00H,SG,249.49867424242424,249.50056818181818,9.9999999999909051,3.047999999997228,-0.48,42,-2.3
2022-12-28,HENDERSON,00H,SG,249.49034090909092,249.49223484848486,9.9999999999909051,3.047999999997228,-0.48,42,-2.6
2022-12-28,HENDERSON,00H,SG,249.37424242424242,249.37632575757576,10.999999999989996,3.3527999999969507,-0.48,42,-1.5
2022-12-28,HENDERSON,00H,SG,249.49299242424243,249.49507575757576,10.999999999989996,3.3527999999969507,-0.48,42,-2.5
2022-12-28,HENDERSON,00H,SG,249.39450757575759,249.39678030303031,11.999999999989086,3.6575999999966737,-0.48,42,-2.1
2022-12-28,HENDERSON,00H,SG,249.40303030303031,249.40568181818182,13.999999999987267,4.2671999999961194,-0.48,42,-2.4
2022-12-28,HENDERSON,00H,SG,249.49583333333334,249.49867424242424,14.999999999986358,4.5719999999958416,-0.48,42,-2.4
2022-12-28,HENDERSON,00H,SG,249.39678030303031,249.39962121212122,14.999999999986358,4.5719999999958416,-0.48,42,-2.2
2022-12-28,HENDERSON,00H,SG,249.37083333333334,249.37386363636364,15.999999999985448,4.8767999999955647,-0.48,42,-1.4
2022-12-28,HENDERSON,00H,SG,249.40965909090909,249.41268939393939,15.999999999985448,4.8767999999955647,-0.48,42,-2.6
2022-12-28,HENDERSON,00H,SG,249.3910984848485,249.3941287878788,15.999999999985448,4.8767999999955647,-0.48,42,-2
2022-12-28,HENDERSON,00H,SG,249.39962121212122,249.40265151515152,15.999999999985448,4.8767999999955647,-0.48,42,-2.3
2022-12-28,HENDERSON,00H,SG,249.48428030303029,249.48731060606062,16.000000000135515,4.876800000041305,-0.48,42,-2.8
2022-12-28,HENDERSON,00H,SG,249.41268939393939,249.41609848484848,17.999999999983629,5.48639999999501,-0.48,42,-2.7
2022-12-28,HENDERSON,00H,SG,249.40606060606061,249.40965909090909,18.99999999998272,5.791199999994733,-0.48,42,-2.5
2022-12-28,HENDERSON,00H,SG,249.37992424242424,249.38352272727272,18.99999999998272,5.791199999994733,-0.48,42,-1.7
2022-12-28,HENDERSON,00H,SG,249.37632575757576,249.37992424242424,18.99999999998272,5.791199999994733,-0.48,42,-1.6
2022-12-28,HENDERSON,00H,SG,249.38352272727272,249.38731060606059,19.99999999998181,6.0959999999944561,-0.48,42,-1.8
2022-12-28,HENDERSON,00H,SG,249.38731060606059,249.3910984848485,20.000000000131877,6.0960000000401964,-0.48,42,-1.9
2022-12-28,HENDERSON,00H,SG,249.41666666666666,249.4221590909091,29.000000000123691,8.8392000000377013,-0.48,42,-2.8
2022-12-28,HENDERSON,00H,SG,249.4221590909091,249.43200757575758,51.999999999952706,15.849599999985585,-0.48,42,-2.9
2022-12-28,HENDERSON,00H,SG,249.46003787878789,249.48428030303029,127.99999999988358,39.014399999964517,-0.48,42,-2.9
2022-12-28,HENDERSON,00H,SG,249.43200757575758,249.46003787878789,148.00000000001546,45.110400000004717,-0.48,42,-3
2022-12-28,HENDERSON,00H,SG,250.55227272727274,250.55246212121213,0.99999999999909051,0.30479999999972279,-0.45,41,-1.4
2022-12-28,HENDERSON,00H,SG,250.52405303030304,250.52424242424243,0.99999999999909051,0.30479999999972279,-0.45,41,-3.1
2022-12-28,HENDERSON,00H,SG,250.54753787878789,250.54772727272729,0.99999999999909051,0.30479999999972279,-0.45,41,-1.7
2022-12-28,HENDERSON,00H,SG,250.55435606060607,250.55454545454546,0.99999999999909051,0.30479999999972279,-0.45,41,-1.5
2022-12-28,HENDERSON,00H,SG,250.56685606060606,250.56704545454545,0.99999999999909051,0.30479999999972279,-0.45,41,-0.6
2022-12-28,HENDERSON,00H,SG,250.42897727272728,250.42916666666667,0.99999999999909051,0.30479999999972279,-0.45,41,-4
2022-12-28,HENDERSON,00H,SG,250.51496212121211,250.5151515151515,0.99999999999909051,0.30479999999972279,-0.45,41,-3.7
2022-12-28,HENDERSON,00H,SG,250.52102272727274,250.52121212121213,0.99999999999909051,0.30479999999972279,-0.45,41,-3.3
2022-12-28,HENDERSON,00H,SG,250.55208333333334,250.55227272727274,0.99999999999909051,0.30479999999972279,-0.45,41,-1.5
2022-12-28,HENDERSON,00H,SG,250.52992424242424,250.53011363636364,0.99999999999909051,0.30479999999972279,-0.45,41,-2.8
2022-12-28,HENDERSON,00H,SG,250.54261363636363,250.54280303030302,0.99999999999909051,0.30479999999972279,-0.45,41,-2.1
2022-12-28,HENDERSON,00H,SG,250.55265151515152,250.55284090909092,0.99999999999909051,0.30479999999972279,-0.45,41,-1.6
2022-12-28,HENDERSON,00H,SG,250.56837121212121,250.5685606060606,0.99999999999909051,0.30479999999972279,-0.45,41,-0.6
2022-12-28,HENDERSON,00H,SG,250.5473484848485,250.54753787878789,0.99999999999909051,0.30479999999972279,-0.45,41,-1.8
2022-12-28,HENDERSON,00H,SG,250.57348484848484,250.57367424242423,0.99999999999909051,0.30479999999972279,-0.45,41,-0.4
2022-12-28,HENDERSON,00H,SG,250.4848484848485,250.48503787878789,0.99999999999909051,0.30479999999972279,-0.45,41,-4.1
2022-12-28,HENDERSON,00H,SG,250.53674242424242,250.53693181818181,0.99999999999909051,0.30479999999972279,-0.45,41,-2.5
2022-12-28,HENDERSON,00H,SG,250.55625,250.5564393939394,0.99999999999909051,0.30479999999972279,-0.45,41,-1.4
2022-12-28,HENDERSON,00H,SG,250.53503787878788,250.53522727272727,0.99999999999909051,0.30479999999972279,-0.45,41,-2.4
2022-12-28,HENDERSON,00H,SG,250.53901515151514,250.53920454545454,0.99999999999909051,0.30479999999972279,-0.45,41,-2.2
2022-12-28,HENDERSON,00H,SG,250.54431818181817,250.54450757575756,0.99999999999909051,0.30479999999972279,-0.45,41,-2
2022-12-28,HENDERSON,00H,SG,250.5403409090909,250.54053030303029,0.99999999999909051,0.30479999999972279,-0.45,41,-2.1
2022-12-28,HENDERSON,00H,SG,250.53409090909091,250.5342803030303,0.99999999999909051,0.30479999999972279,-0.45,41,-2.6
2022-12-28,HENDERSON,00H,SG,250.57140151515151,250.5715909090909,0.99999999999909051,0.30479999999972279,-0.45,41,-0.3
2022-12-28,HENDERSON,00H,SG,250.57291666666666,250.57310606060605,0.99999999999909051,0.30479999999972279,-0.45,41,-0.4
2022-12-28,HENDERSON,00H,SG,250.4846590909091,250.4848484848485,0.99999999999909051,0.30479999999972279,-0.45,41,-4.2
2022-12-28,HENDERSON,00H,SG,250.52121212121213,250.52140151515152,0.99999999999909051,0.30479999999972279,-0.45,41,-3.4
2022-12-28,HENDERSON,00H,SG,250.56496212121212,250.56515151515151,0.99999999999909051,0.30479999999972279,-0.45,41,-0.7
2022-12-28,HENDERSON,00H,SG,250.57253787878787,250.57272727272726,0.99999999999909051,0.30479999999972279,-0.45,41,-0.4
2022-12-28,HENDERSON,00H,SG,250.53238636363636,250.53257575757576,0.99999999999909051,0.30479999999972279,-0.45,41,-2.6
2022-12-28,HENDERSON,00H,SG,250.54564393939393,250.54583333333332,0.99999999999909051,0.30479999999972279,-0.45,41,-1.8
2022-12-28,HENDERSON,00H,SG,250.56590909090909,250.56609848484848,0.99999999999909051,0.30479999999972279,-0.45,41,-0.6
2022-12-28,HENDERSON,00H,SG,250.54280303030302,250.54299242424241,0.99999999999909051,0.30479999999972279,-0.45,41,-2
2022-12-28,HENDERSON,00H,SG,250.54318181818181,250.5433712121212,0.99999999999909051,0.30479999999972279,-0.45,41,-2
2022-12-28,HENDERSON,00H,SG,250.52386363636364,250.52405303030304,0.99999999999909051,0.30479999999972279,-0.45,41,-3.3
2022-12-28,HENDERSON,00H,SG,250.56136363636364,250.56155303030303,0.99999999999909051,0.30479999999972279,-0.45,41,-1.1
2022-12-28,HENDERSON,00H,SG,250.53768939393939,250.53787878787878,0.99999999999909051,0.30479999999972279,-0.45,41,-2.4
2022-12-28,HENDERSON,00H,SG,250.56022727272727,250.56041666666667,0.99999999999909051,0.30479999999972279,-0.45,41,-1.1
2022-12-28,HENDERSON,00H,SG,250.56818181818181,250.56837121212121,0.99999999999909051,0.30479999999972279,-0.45,41,-0.5
2022-12-28,HENDERSON,00H,SG,250.52537878787879,250.52556818181819,0.99999999999909051,0.30479999999972279,-0.45,41,-3.1
2022-12-28,HENDERSON,00H,SG,250.53333333333333,250.53352272727273,0.99999999999909051,0.30479999999972279,-0.45,41,-2.5
2022-12-28,HENDERSON,00H,SG,250.56268939393939,250.56287878787879,0.99999999999909051,0.30479999999972279,-0.45,41,-0.9
2022-12-28,HENDERSON,00H,SG,250.42821969696971,250.4284090909091,0.99999999999909051,0.30479999999972279,-0.45,41,-4
2022-12-28,HENDERSON,00H,SG,250.54147727272726,250.54166666666666,0.99999999999909051,0.30479999999972279,-0.45,41,-2
2022-12-28,HENDERSON,00H,SG,250.54185606060605,250.54204545454544,0.99999999999909051,0.30479999999972279,-0.45,41,-2.2
2022-12-28,HENDERSON,00H,SG,250.54943181818183,250.54962121212122,0.99999999999909051,0.30479999999972279,-0.45,41,-1.6
2022-12-28,HENDERSON,00H,SG,250.51477272727271,250.51496212121211,0.99999999999909051,0.30479999999972279,-0.45,41,-3.6
2022-12-28,HENDERSON,00H,SG,250.53049242424242,250.53068181818182,0.99999999999909051,0.30479999999972279,-0.45,41,-2.8
2022-12-28,HENDERSON,00H,SG,250.53655303030303,250.53674242424242,0.99999999999909051,0.30479999999972279,-0.45,41,-2.4
2022-12-28,HENDERSON,00H,SG,250.55795454545455,250.55814393939394,0.99999999999909051,0.30479999999972279,-0.45,41,-1.1
2022-12-28,HENDERSON,00H,SG,250.55549242424243,250.55568181818182,0.99999999999909051,0.30479999999972279,-0.45,41,-1.4
2022-12-28,HENDERSON,00H,SG,250.57215909090908,250.57234848484848,0.99999999999909051,0.30479999999972279,-0.45,41,-0.4
2022-12-28,HENDERSON,00H,SG,250.55454545454546,250.55473484848486,0.99999999999909051,0.30479999999972279,-0.45,41,-1.4
2022-12-28,HENDERSON,00H,SG,250.54412878787878,250.54431818181817,0.99999999999909051,0.30479999999972279,-0.45,41,-2.1
2022-12-28,HENDERSON,00H,SG,250.55473484848486,250.55492424242425,0.99999999999909051,0.30479999999972279,-0.45,41,-1.3
2022-12-28,HENDERSON,00H,SG,250.56401515151515,250.56420454545454,0.99999999999909051,0.30479999999972279,-0.45,41,-0.8
2022-12-28,HENDERSON,00H,SG,250.56363636363636,250.56382575757576,0.99999999999909051,0.30479999999972279,-0.45,41,-0.8
2022-12-28,HENDERSON,00H,SG,250.55492424242425,250.55511363636364,0.99999999999909051,0.30479999999972279,-0.45,41,-1.4
2022-12-28,HENDERSON,00H,SG,250.56931818181818,250.56950757575757,0.99999999999909051,0.30479999999972279,-0.45,41,-0.6
2022-12-28,HENDERSON,00H,SG,250.57102272727272,250.57121212121211,0.99999999999909051,0.30479999999972279,-0.45,41,-0.3
2022-12-28,HENDERSON,00H,SG,250.53219696969697,250.53238636363636,0.99999999999909051,0.30479999999972279,-0.45,41,-2.7
2022-12-28,HENDERSON,00H,SG,250.56344696969697,250.56363636363636,0.99999999999909051,0.30479999999972279,-0.45,41,-0.9
2022-12-28,HENDERSON,00H,SG,250.5433712121212,250.54356060606059,0.99999999999909051,0.30479999999972279,-0.45,41,-1.9
2022-12-28,HENDERSON,00H,SG,250.53693181818181,250.53712121212121,0.99999999999909051,0.30479999999972279,-0.45,41,-2.3
2022-12-28,HENDERSON,00H,SG,250.54583333333332,250.54602272727271,0.99999999999909051,0.30479999999972279,-0.45,41,-1.9
2022-12-28,HENDERSON,00H,SG,250.54962121212122,250.54981060606062,0.99999999999909051,0.30479999999972279,-0.45,41,-1.7
2022-12-28,HENDERSON,00H,SG,250.57121212121211,250.57140151515151,0.99999999999909051,0.30479999999972279,-0.45,41,-0.4
2022-12-28,HENDERSON,00H,SG,250.48522727272729,250.48541666666668,0.99999999999909051,0.30479999999972279,-0.45,41,-4.1
2022-12-28,HENDERSON,00H,SG,250.51685606060607,250.51704545454547,0.99999999999909051,0.30479999999972279,-0.45,41,-3.6
2022-12-28,HENDERSON,00H,SG,250.53390151515151,250.53409090909091,0.99999999999909051,0.30479999999972279,-0.45,41,-2.5
2022-12-28,HENDERSON,00H,SG,250.54053030303029,250.54071969696969,0.99999999999909051,0.30479999999972279,-0.45,41,-2.2
2022-12-28,HENDERSON,00H,SG,250.54526515151514,250.54545454545453,0.99999999999909051,0.30479999999972279,-0.45,41,-2
2022-12-28,HENDERSON,00H,SG,250.54128787878787,250.54147727272726,0.99999999999909051,0.30479999999972279,-0.45,41,-2.1
2022-12-28,HENDERSON,00H,SG,250.56723484848484,250.56742424242424,0.99999999999909051,0.30479999999972279,-0.45,41,-0.6
2022-12-28,HENDERSON,00H,SG,250.50530303030303,250.50549242424242,0.99999999999909051,0.30479999999972279,-0.45,41,-3.9
2022-12-28,HENDERSON,00H,SG,250.50852272727272,250.50871212121211,0.99999999999909051,0.30479999999972279,-0.45,41,-3.8
2022-12-28,HENDERSON,00H,SG,250.54204545454544,250.54223484848484,0.99999999999909051,0.30479999999972279,-0.45,41,-2.1
2022-12-28,HENDERSON,00H,SG,250.54545454545453,250.54564393939393,0.99999999999909051,0.30479999999972279,-0.45,41,-1.9
2022-12-28,HENDERSON,00H,SG,250.5465909090909,250.54678030303029,0.99999999999909051,0.30479999999972279,-0.45,41,-1.9
2022-12-28,HENDERSON,00H,SG,250.52708333333334,250.52727272727273,0.99999999999909051,0.30479999999972279,-0.45,41,-2.9
2022-12-28,HENDERSON,00H,SG,250.5375,250.53768939393939,0.99999999999909051,0.30479999999972279,-0.45,41,-2.3
2022-12-28,HENDERSON,00H,SG,250.51723484848486,250.51742424242425,0.99999999999909051,0.30479999999972279,-0.45,41,-3.6
2022-12-28,HENDERSON,00H,SG,250.42803030303031,250.42821969696971,0.99999999999909051,0.30479999999972279,-0.45,41,-4.1
2022-12-28,HENDERSON,00H,SG,250.52651515151516,250.52670454545455,0.99999999999909051,0.30479999999972279,-0.45,41,-3
2022-12-28,HENDERSON,00H,SG,250.5471590909091,250.5473484848485,0.99999999999909051,0.30479999999972279,-0.45,41,-1.7
2022-12-28,HENDERSON,00H,SG,250.55776515151516,250.55795454545455,0.99999999999909051,0.30479999999972279,-0.45,41,-1.3
2022-12-28,HENDERSON,00H,SG,250.56382575757576,250.56401515151515,0.99999999999909051,0.30479999999972279,-0.45,41,-0.7
2022-12-28,HENDERSON,00H,SG,250.54166666666666,250.54185606060605,0.99999999999909051,0.30479999999972279,-0.45,41,-2.1
2022-12-28,HENDERSON,00H,SG,250.55246212121213,250.55265151515152,0.99999999999909051,0.30479999999972279,-0.45,41,-1.5
2022-12-28,HENDERSON,00H,SG,250.57272727272726,250.57291666666666,0.99999999999909051,0.30479999999972279,-0.45,41,-0.3
2022-12-28,HENDERSON,00H,SG,250.57196969696969,250.57215909090908,0.99999999999909051,0.30479999999972279,-0.45,41,-0.3
2022-12-28,HENDERSON,00H,SG,250.5160984848485,250.51628787878789,0.99999999999909051,0.30479999999972279,-0.45,41,-3.5
2022-12-28,HENDERSON,00H,SG,250.53787878787878,250.53806818181818,0.99999999999909051,0.30479999999972279,-0.45,41,-2.3
2022-12-28,HENDERSON,00H,SG,250.56287878787879,250.56306818181818,0.99999999999909051,0.30479999999972279,-0.45,41,-1
2022-12-28,HENDERSON,00H,SG,250.56704545454545,250.56723484848484,0.99999999999909051,0.30479999999972279,-0.45,41,-0.7
2022-12-28,HENDERSON,00H,SG,250.54015151515151,250.5403409090909,0.99999999999909051,0.30479999999972279,-0.45,41,-2.2
2022-12-28,HENDERSON,00H,SG,250.57803030303029,250.57821969696968,0.99999999999909051,0.30479999999972279,-0.45,41,-0.2
2022-12-28,HENDERSON,00H,SG,250.52140151515152,250.52159090909092,0.99999999999909051,0.30479999999972279,-0.45,41,-3.3
2022-12-28,HENDERSON,00H,SG,250.52424242424243,250.52443181818182,0.99999999999909051,0.30479999999972279,-0.45,41,-3.2
2022-12-28,HENDERSON,00H,SG,250.57689393939393,250.57708333333332,0.99999999999909051,0.30479999999972279,-0.45,41,-0.1
2022-12-28,HENDERSON,00H,SG,250.53314393939394,250.53333333333333,0.99999999999909051,0.30479999999972279,-0.45,41,-2.6
2022-12-28,HENDERSON,00H,SG,250.56515151515151,250.56534090909091,0.99999999999909051,0.30479999999972279,-0.45,41,-0.8
2022-12-28,HENDERSON,00H,SG,250.5090909090909,250.50928030303029,0.99999999999909051,0.30479999999972279,-0.45,41,-3.8
2022-12-28,HENDERSON,00H,SG,250.51704545454547,250.51723484848486,0.99999999999909051,0.30479999999972279,-0.45,41,-3.5
2022-12-28,HENDERSON,00H,SG,250.53806818181818,250.53825757575757,0.99999999999909051,0.30479999999972279,-0.45,41,-2.4
2022-12-28,HENDERSON,00H,SG,250.55890151515152,250.55909090909091,0.99999999999909051,0.30479999999972279,-0.45,41,-1
2022-12-28,HENDERSON,00H,SG,250.51666666666668,250.51685606060607,0.99999999999909051,0.30479999999972279,-0.45,41,-3.5
2022-12-28,HENDERSON,00H,SG,250.54299242424241,250.54318181818181,0.99999999999909051,0.30479999999972279,-0.45,41,-2.1
2022-12-28,HENDERSON,00H,SG,250.55284090909092,250.55303030303031,0.99999999999909051,0.30479999999972279,-0.45,41,-1.5
2022-12-28,HENDERSON,00H,SG,250.48503787878789,250.48522727272729,0.99999999999909051,0.30479999999972279,-0.45,41,-4.2
2022-12-28,HENDERSON,00H,SG,250.54071969696969,250.54090909090908,0.99999999999909051,0.30479999999972279,-0.45,41,-2.1
2022-12-28,HENDERSON,00H,SG,250.55094696969698,250.55113636363637,0.99999999999909051,0.30479999999972279,-0.45,41,-1.5
2022-12-28,HENDERSON,00H,SG,250.55189393939395,250.55208333333334,0.99999999999909051,0.30479999999972279,-0.45,41,-1.6
2022-12-28,HENDERSON,00H,SG,250.57234848484848,250.57253787878787,0.99999999999909051,0.30479999999972279,-0.45,41,-0.3
2022-12-28,HENDERSON,00H,SG,250.57537878787878,250.57556818181817,0.99999999999909051,0.30479999999972279,-0.45,41,-0.3
2022-12-28,HENDERSON,00H,SG,250.55909090909091,250.5594696969697,1.999999999998181,0.60959999999944559,-0.45,41,-1.2
2022-12-28,HENDERSON,00H,SG,250.56742424242424,250.56780303030303,1.999999999998181,0.60959999999944559,-0.45,41,-0.5
2022-12-28,HENDERSON,00H,SG,250.50871212121211,250.5090909090909,1.999999999998181,0.60959999999944559,-0.45,41,-3.9
2022-12-28,HENDERSON,00H,SG,250.56780303030303,250.56818181818181,1.999999999998181,0.60959999999944559,-0.45,41,-0.6
2022-12-28,HENDERSON,00H,SG,250.5342803030303,250.53465909090909,1.999999999998181,0.60959999999944559,-0.45,41,-2.5
2022-12-28,HENDERSON,00H,SG,250.575,250.57537878787878,1.999999999998181,0.60959999999944559,-0.45,41,-0.2
2022-12-28,HENDERSON,00H,SG,250.52064393939395,250.52102272727274,1.999999999998181,0.60959999999944559,-0.45,41,-3.4
2022-12-28,HENDERSON,00H,SG,250.56041666666667,250.56079545454546,1.999999999998181,0.60959999999944559,-0.45,41,-0.9
2022-12-28,HENDERSON,00H,SG,250.54090909090908,250.54128787878787,1.999999999998181,0.60959999999944559,-0.45,41,-2.2
2022-12-28,HENDERSON,00H,SG,250.53011363636364,250.53049242424242,1.999999999998181,0.60959999999944559,-0.45,41,-2.9
2022-12-28,HENDERSON,00H,SG,250.5564393939394,250.55681818181819,1.999999999998181,0.60959999999944559,-0.45,41,-1.3
2022-12-28,HENDERSON,00H,SG,250.56306818181818,250.56344696969697,1.999999999998181,0.60959999999944559,-0.45,41,-0.8
2022-12-28,HENDERSON,00H,SG,250.52348484848486,250.52386363636364,1.999999999998181,0.60959999999944559,-0.45,41,-3.2
2022-12-28,HENDERSON,00H,SG,250.53068181818182,250.53106060606061,1.999999999998181,0.60959999999944559,-0.45,41,-2.7
2022-12-28,HENDERSON,00H,SG,250.56458333333333,250.56496212121212,1.999999999998181,0.60959999999944559,-0.45,41,-0.8
2022-12-28,HENDERSON,00H,SG,250.57367424242423,250.57405303030302,1.999999999998181,0.60959999999944559,-0.45,41,-0.3
2022-12-28,HENDERSON,00H,SG,250.525,250.52537878787879,1.999999999998181,0.60959999999944559,-0.45,41,-3.2
2022-12-28,HENDERSON,00H,SG,250.56950757575757,250.56988636363636,1.999999999998181,0.60959999999944559,-0.45,41,-0.5
2022-12-28,HENDERSON,00H,SG,250.56988636363636,250.57026515151514,1.999999999998181,0.60959999999944559,-0.45,41,-0.4
2022-12-28,HENDERSON,00H,SG,250.5715909090909,250.57196969696969,1.999999999998181,0.60959999999944559,-0.45,41,-0.5
2022-12-28,HENDERSON,00H,SG,250.52670454545455,250.52708333333334,1.999999999998181,0.60959999999944559,-0.45,41,-3.1
2022-12-28,HENDERSON,00H,SG,250.55113636363637,250.55151515151516,1.999999999998181,0.60959999999944559,-0.45,41,-1.6
2022-12-28,HENDERSON,00H,SG,250.55814393939394,250.55852272727273,1.999999999998181,0.60959999999944559,-0.45,41,-1.2
2022-12-28,HENDERSON,00H,SG,250.55852272727273,250.55890151515152,1.999999999998181,0.60959999999944559,-0.45,41,-1.1
2022-12-28,HENDERSON,00H,SG,250.52159090909092,250.52196969696971,1.999999999998181,0.60959999999944559,-0.45,41,-3.4
2022-12-28,HENDERSON,00H,SG,250.57310606060605,250.57348484848484,1.999999999998181,0.60959999999944559,-0.45,41,-0.3
2022-12-28,HENDERSON,00H,SG,250.56420454545454,250.56458333333333,1.999999999998181,0.60959999999944559,-0.45,41,-0.7
2022-12-28,HENDERSON,00H,SG,250.52026515151516,250.52064393939395,1.999999999998181,0.60959999999944559,-0.45,41,-3.3
2022-12-28,HENDERSON,00H,SG,250.52556818181819,250.52594696969697,1.999999999998181,0.60959999999944559,-0.45,41,-3
2022-12-28,HENDERSON,00H,SG,250.55151515151516,250.55189393939395,1.999999999998181,0.60959999999944559,-0.45,41,-1.5
2022-12-28,HENDERSON,00H,SG,250.5746212121212,250.575,1.999999999998181,0.60959999999944559,-0.45,41,-0.3
2022-12-28,HENDERSON,00H,SG,250.53352272727273,250.53390151515151,1.999999999998181,0.60959999999944559,-0.45,41,-2.6
2022-12-28,HENDERSON,00H,SG,250.52784090909091,250.5282196969697,1.999999999998181,0.60959999999944559,-0.45,41,-2.9
2022-12-28,HENDERSON,00H,SG,250.53465909090909,250.53503787878788,1.999999999998181,0.60959999999944559,-0.45,41,-2.6
2022-12-28,HENDERSON,00H,SG,250.56231060606061,250.56268939393939,1.999999999998181,0.60959999999944559,-0.45,41,-0.8
2022-12-28,HENDERSON,00H,SG,250.54223484848484,250.54261363636363,1.999999999998181,0.60959999999944559,-0.45,41,-2
2022-12-28,HENDERSON,00H,SG,250.55681818181819,250.55719696969697,1.999999999998181,0.60959999999944559,-0.45,41,-1.2
2022-12-28,HENDERSON,00H,SG,250.51628787878789,250.51666666666668,1.999999999998181,0.60959999999944559,-0.45,41,-3.6
2022-12-28,HENDERSON,00H,SG,250.52196969696971,250.52234848484849,1.999999999998181,0.60959999999944559,-0.45,41,-3.2
2022-12-28,HENDERSON,00H,SG,250.53712121212121,250.5375,1.999999999998181,0.60959999999944559,-0.45,41,-2.4
2022-12-28,HENDERSON,00H,SG,250.55511363636364,250.55549242424243,1.999999999998181,0.60959999999944559,-0.45,41,-1.3
2022-12-28,HENDERSON,00H,SG,250.5776515151515,250.57803030303029,1.999999999998181,0.60959999999944559,-0.45,41,-0.1
2022-12-28,HENDERSON,00H,SG,250.54678030303029,250.5471590909091,2.0000000001482476,0.60960000004518589,-0.45,41,-1.8
2022-12-28,HENDERSON,00H,SG,250.55719696969697,250.55776515151516,2.9999999999972715,0.91439999999916843,-0.45,41,-1.1
2022-12-28,HENDERSON,00H,SG,250.5282196969697,250.52878787878788,2.9999999999972715,0.91439999999916843,-0.45,41,-3
2022-12-28,HENDERSON,00H,SG,250.52935606060606,250.52992424242424,2.9999999999972715,0.91439999999916843,-0.45,41,-2.9
2022-12-28,HENDERSON,00H,SG,250.56079545454546,250.56136363636364,2.9999999999972715,0.91439999999916843,-0.45,41,-1
2022-12-28,HENDERSON,00H,SG,250.52727272727273,250.52784090909091,2.9999999999972715,0.91439999999916843,-0.45,41,-3
2022-12-28,HENDERSON,00H,SG,250.56534090909091,250.56590909090909,2.9999999999972715,0.91439999999916843,-0.45,41,-0.7
2022-12-28,HENDERSON,00H,SG,250.54602272727271,250.5465909090909,2.9999999999972715,0.91439999999916843,-0.45,41,-1.8
2022-12-28,HENDERSON,00H,SG,250.51893939393941,250.51950757575759,2.9999999999972715,0.91439999999916843,-0.45,41,-3.5
2022-12-28,HENDERSON,00H,SG,250.57708333333332,250.5776515151515,2.9999999999972715,0.91439999999916843,-0.45,41,-0.2
2022-12-28,HENDERSON,00H,SG,250.4284090909091,250.42897727272728,2.9999999999972715,0.91439999999916843,-0.45,41,-4.1
2022-12-28,HENDERSON,00H,SG,250.55568181818182,250.55625,2.9999999999972715,0.91439999999916843,-0.45,41,-1.2
2022-12-28,HENDERSON,00H,SG,250.52443181818182,250.525,2.9999999999972715,0.91439999999916843,-0.45,41,-3.1
2022-12-28,HENDERSON,00H,SG,250.52878787878788,250.52935606060606,2.9999999999972715,0.91439999999916843,-0.45,41,-2.8
2022-12-28,HENDERSON,00H,SG,250.57405303030302,250.5746212121212,2.9999999999972715,0.91439999999916843,-0.45,41,-0.2
2022-12-28,HENDERSON,00H,SG,250.54356060606059,250.54412878787878,2.9999999999972715,0.91439999999916843,-0.45,41,-2
2022-12-28,HENDERSON,00H,SG,250.53257575757576,250.53314393939394,2.9999999999972715,0.91439999999916843,-0.45,41,-2.7
2022-12-28,HENDERSON,00H,SG,250.51837121212122,250.51893939393941,2.9999999999972715,0.91439999999916843,-0.45,41,-3.4
2022-12-28,HENDERSON,00H,SG,250.52594696969697,250.52651515151516,2.9999999999972715,0.91439999999916843,-0.45,41,-3.1
2022-12-28,HENDERSON,00H,SG,250.54772727272729,250.54829545454547,2.9999999999972715,0.91439999999916843,-0.45,41,-1.8
2022-12-28,HENDERSON,00H,SG,250.56609848484848,250.56685606060606,3.999999999996362,1.2191999999988912,-0.45,41,-0.7
2022-12-28,HENDERSON,00H,SG,250.56155303030303,250.56231060606061,3.999999999996362,1.2191999999988912,-0.45,41,-0.9
2022-12-28,HENDERSON,00H,SG,250.53825757575757,250.53901515151514,3.999999999996362,1.2191999999988912,-0.45,41,-2.3
2022-12-28,HENDERSON,00H,SG,250.50928030303029,250.51003787878787,3.999999999996362,1.2191999999988912,-0.45,41,-3.9
2022-12-28,HENDERSON,00H,SG,250.51950757575759,250.52026515151516,3.999999999996362,1.2191999999988912,-0.45,41,-3.4
2022-12-28,HENDERSON,00H,SG,250.5685606060606,250.56931818181818,3.999999999996362,1.2191999999988912,-0.45,41,-0.5
2022-12-28,HENDERSON,00H,SG,250.50549242424242,250.50625,3.999999999996362,1.2191999999988912,-0.45,41,-4
2022-12-28,HENDERSON,00H,SG,250.57026515151514,250.57102272727272,3.999999999996362,1.2191999999988912,-0.45,41,-0.5
2022-12-28,HENDERSON,00H,SG,250.54450757575756,250.54526515151514,3.999999999996362,1.2191999999988912,-0.45,41,-1.9
2022-12-28,HENDERSON,00H,SG,250.5594696969697,250.56022727272727,3.999999999996362,1.2191999999988912,-0.45,41,-1
2022-12-28,HENDERSON,00H,SG,250.51742424242425,250.51837121212122,4.9999999999954525,1.523999999998614,-0.45,41,-3.5
2022-12-28,HENDERSON,00H,SG,250.53920454545454,250.54015151515151,4.9999999999954525,1.523999999998614,-0.45,41,-2.3
2022-12-28,HENDERSON,00H,SG,250.5151515151515,250.5160984848485,5.0000000001455192,1.5240000000443543,-0.45,41,-3.6
2022-12-28,HENDERSON,00H,SG,250.52234848484849,250.52348484848486,5.999999999994543,1.8287999999983369,-0.45,41,-3.3
2022-12-28,HENDERSON,00H,SG,250.54981060606062,250.55094696969698,5.999999999994543,1.8287999999983369,-0.45,41,-1.6
2022-12-28,HENDERSON,00H,SG,250.53106060606061,250.53219696969697,5.999999999994543,1.8287999999983369,-0.45,41,-2.8
2022-12-28,HENDERSON,00H,SG,250.54829545454547,250.54943181818183,5.999999999994543,1.8287999999983369,-0.45,41,-1.7
2022-12-28,HENDERSON,00H,SG,250.57556818181817,250.57689393939393,6.9999999999936335,2.1335999999980597,-0.45,41,-0.2
2022-12-28,HENDERSON,00H,SG,250.55303030303031,250.55435606060607,6.9999999999936335,2.1335999999980597,-0.45,41,-1.4
2022-12-28,HENDERSON,00H,SG,250.53522727272727,250.53655303030303,6.9999999999936335,2.1335999999980597,-0.45,41,-2.5
2022-12-28,HENDERSON,00H,SG,250.57821969696971,250.58011363636365,9.9999999999909051,3.047999999997228,-0.45,41,-0.1
2022-12-28,HENDERSON,00H,SG,250.51268939393938,250.51477272727271,10.999999999989996,3.3527999999969507,-0.45,41,-3.7
2022-12-28,HENDERSON,00H,SG,250.50625,250.50852272727272,11.999999999989086,3.6575999999966737,-0.45,41,-3.9
2022-12-28,HENDERSON,00H,SG,250.51003787878787,250.51268939393938,13.999999999987267,4.2671999999961194,-0.45,41,-3.8
2022-12-28,HENDERSON,00H,SG,250.48541666666668,250.48863636363637,16.999999999984539,5.1815999999952878,-0.45,41,-4.2
2022-12-28,HENDERSON,00H,SG,250.42916666666667,250.43276515151516,18.99999999998272,5.791199999994733,-0.45,41,-4.1
2022-12-28,HENDERSON,00H,SG,250.49886363636364,250.50530303030303,33.999999999969077,10.363199999990576,-0.45,41,-4
2022-12-28,HENDERSON,00H,SG,250.48863636363637,250.49886363636364,53.999999999950887,16.459199999985032,-0.45,41,-4.1
2022-12-28,HENDERSON,00H,SG,250.41003787878788,250.42803030303031,95.000000000063665,28.956000000019404,-0.45,41,-4
2022-12-28,HENDERSON,00H,SG,250.46041666666667,250.4846590909091,128.00000000003365,39.014400000010255,-0.45,41,-4.1
2022-12-28,HENDERSON,00H,SG,250.43276515151516,250.46041666666667,146.00000000001728,44.50080000000527,-0.45,41,-4
2022-12-28,HENDERSON,00H,SG,248.13882575757575,248.1401515151515,6.9999999999936335,2.1335999999980597,-0.38,40,3.1
2022-12-28,HENDERSON,00H,SG,248.07007575757575,248.0715909090909,7.999999999992724,2.4383999999977823,-0.38,40,2.7
2022-12-28,HENDERSON,00H,SG,248.0715909090909,248.08125,51.000000000103682,15.544800000031604,-0.38,40,2.8
2022-12-28,HENDERSON,00H,SG,248.11837121212122,248.13882575757575,107.99999999990177,32.918399999970063,-0.38,40,3
2022-12-28,HENDERSON,00H,SG,248.08125,248.11837121212122,195.99999999997181,59.74079999999141,-0.38,40,2.9
2022-12-28,HENDERSON,00H,SG,249.92007575757575,250.07007575757575,792.00000000003,241.40160000000915,-0.38,41,0
2022-12-28,HENDERSON,00H,SG,252.30568181818182,252.30587121212122,0.99999999999909051,0.30479999999972279,-0.31,45,1.8
2022-12-28,HENDERSON,00H,SG,252.33977272727273,252.33996212121212,0.99999999999909051,0.30479999999972279,-0.31,45,0.9
2022-12-28,HENDERSON,00H,SG,252.13882575757575,252.13901515151514,0.99999999999909051,0.30479999999972279,-0.31,45,0.7
2022-12-28,HENDERSON,00H,SG,252.32613636363635,252.32632575757575,0.99999999999909051,0.30479999999972279,-0.31,45,1.3
2022-12-28,HENDERSON,00H,SG,252.12916666666666,252.12935606060606,0.99999999999909051,0.30479999999972279,-0.31,45,0.4
2022-12-28,HENDERSON,00H,SG,252.16041666666666,252.16060606060606,0.99999999999909051,0.30479999999972279,-0.31,45,1.4
2022-12-28,HENDERSON,00H,SG,252.16193181818181,252.16212121212121,0.99999999999909051,0.30479999999972279,-0.31,45,1.3
2022-12-28,HENDERSON,00H,SG,252.16382575757575,252.16401515151514,0.99999999999909051,0.30479999999972279,-0.31,45,1.5
2022-12-28,HENDERSON,00H,SG,252.17443181818183,252.17462121212122,0.99999999999909051,0.30479999999972279,-0.31,45,1.8
2022-12-28,HENDERSON,00H,SG,252.12935606060606,252.12954545454545,0.99999999999909051,0.30479999999972279,-0.31,45,0.3
2022-12-28,HENDERSON,00H,SG,252.16060606060606,252.16079545454545,0.99999999999909051,0.30479999999972279,-0.31,45,1.3
2022-12-28,HENDERSON,00H,SG,252.33901515151516,252.33920454545455,0.99999999999909051,0.30479999999972279,-0.31,45,0.8
2022-12-28,HENDERSON,00H,SG,252.32935606060607,252.32954545454547,0.99999999999909051,0.30479999999972279,-0.31,45,1.1
2022-12-28,HENDERSON,00H,SG,252.14791666666667,252.14810606060607,0.99999999999909051,0.30479999999972279,-0.31,45,0.9
2022-12-28,HENDERSON,00H,SG,252.33655303030304,252.33674242424243,0.99999999999909051,0.30479999999972279,-0.31,45,1
2022-12-28,HENDERSON,00H,SG,252.30625,252.3064393939394,0.99999999999909051,0.30479999999972279,-0.31,45,1.7
2022-12-28,HENDERSON,00H,SG,252.13863636363635,252.13882575757575,0.99999999999909051,0.30479999999972279,-0.31,45,0.6
2022-12-28,HENDERSON,00H,SG,252.17954545454546,252.17973484848486,0.99999999999909051,0.30479999999972279,-0.31,45,1.9
2022-12-28,HENDERSON,00H,SG,252.30549242424243,252.30568181818182,0.99999999999909051,0.30479999999972279,-0.31,45,1.7
2022-12-28,HENDERSON,00H,SG,252.31704545454545,252.31723484848484,0.99999999999909051,0.30479999999972279,-0.31,45,1.4
2022-12-28,HENDERSON,00H,SG,252.14810606060607,252.14829545454546,0.99999999999909051,0.30479999999972279,-0.31,44,0.9
2022-12-28,HENDERSON,00H,SG,252.32083333333333,252.32102272727272,0.99999999999909051,0.30479999999972279,-0.31,45,1.3
2022-12-28,HENDERSON,00H,SG,252.13030303030303,252.13049242424242,0.99999999999909051,0.30479999999972279,-0.31,44,0.3
2022-12-28,HENDERSON,00H,SG,252.12007575757576,252.12026515151516,0.99999999999909051,0.30479999999972279,-0.31,45,0.2
2022-12-28,HENDERSON,00H,SG,252.1532196969697,252.15340909090909,0.99999999999909051,0.30479999999972279,-0.31,45,1.2
2022-12-28,HENDERSON,00H,SG,252.30587121212122,252.30606060606061,0.99999999999909051,0.30479999999972279,-0.31,45,1.7
2022-12-28,HENDERSON,00H,SG,252.12954545454545,252.12973484848484,0.99999999999909051,0.30479999999972279,-0.31,45,0.4
2022-12-28,HENDERSON,00H,SG,252.12897727272727,252.12916666666666,0.99999999999909051,0.30479999999972279,-0.31,45,0.3
2022-12-28,HENDERSON,00H,SG,252.32897727272729,252.32916666666668,0.99999999999909051,0.30479999999972279,-0.31,45,1.1
2022-12-28,HENDERSON,00H,SG,252.13636363636363,252.13655303030302,0.99999999999909051,0.30479999999972279,-0.31,45,0.5
2022-12-28,HENDERSON,00H,SG,252.14734848484849,252.14753787878789,0.99999999999909051,0.30479999999972279,-0.31,45,0.9
2022-12-28,HENDERSON,00H,SG,252.32954545454547,252.32973484848486,0.99999999999909051,0.30479999999972279,-0.31,45,1.2
2022-12-28,HENDERSON,00H,SG,252.16685606060605,252.16704545454544,0.99999999999909051,0.30479999999972279,-0.31,45,1.6
2022-12-28,HENDERSON,00H,SG,252.33200757575759,252.33219696969698,0.99999999999909051,0.30479999999972279,-0.31,45,1.1
2022-12-28,HENDERSON,00H,SG,252.12083333333334,252.12102272727273,0.99999999999909051,0.30479999999972279,-0.31,44,0.1
2022-12-28,HENDERSON,00H,SG,252.15776515151515,252.15795454545454,0.99999999999909051,0.30479999999972279,-0.31,45,1.2
2022-12-28,HENDERSON,00H,SG,252.33674242424243,252.33693181818182,0.99999999999909051,0.30479999999972279,-0.31,45,0.9
2022-12-28,HENDERSON,00H,SG,252.14431818181819,252.14450757575759,0.99999999999909051,0.30479999999972279,-0.31,45,0.9
2022-12-28,HENDERSON,00H,SG,252.32443181818181,252.3246212121212,0.99999999999909051,0.30479999999972279,-0.31,45,1.3
2022-12-28,HENDERSON,00H,SG,252.32878787878789,252.32897727272729,0.99999999999909051,0.30479999999972279,-0.31,45,1.2
2022-12-28,HENDERSON,00H,SG,252.33920454545455,252.33939393939394,0.99999999999909051,0.30479999999972279,-0.31,45,0.9
2022-12-28,HENDERSON,00H,SG,252.30208333333334,252.30227272727274,0.99999999999909051,0.30479999999972279,-0.31,45,1.9
2022-12-28,HENDERSON,00H,SG,252.13219696969696,252.13238636363636,0.99999999999909051,0.30479999999972279,-0.31,44,0.5
2022-12-28,HENDERSON,00H,SG,252.1410984848485,252.14128787878789,0.99999999999909051,0.30479999999972279,-0.31,44,0.8
2022-12-28,HENDERSON,00H,SG,252.12973484848484,252.12992424242424,0.99999999999909051,0.30479999999972279,-0.31,44,0.3
2022-12-28,HENDERSON,00H,SG,252.1409090909091,252.1410984848485,0.99999999999909051,0.30479999999972279,-0.31,44,0.7
2022-12-28,HENDERSON,00H,SG,252.12878787878788,252.12897727272727,0.99999999999909051,0.30479999999972279,-0.31,45,0.4
2022-12-28,HENDERSON,00H,SG,252.12102272727273,252.12121212121212,0.99999999999909051,0.30479999999972279,-0.31,44,0.2
2022-12-28,HENDERSON,00H,SG,252.13503787878787,252.13522727272726,0.99999999999909051,0.30479999999972279,-0.31,45,0.6
2022-12-28,HENDERSON,00H,SG,252.31723484848484,252.31742424242424,0.99999999999909051,0.30479999999972279,-0.31,45,1.5
2022-12-28,HENDERSON,00H,SG,252.33333333333334,252.33352272727274,0.99999999999909051,0.30479999999972279,-0.31,45,1.1
2022-12-28,HENDERSON,00H,SG,252.33560606060607,252.33579545454546,0.99999999999909051,0.30479999999972279,-0.31,45,1
2022-12-28,HENDERSON,00H,SG,252.31685606060606,252.31704545454545,0.99999999999909051,0.30479999999972279,-0.31,45,1.5
2022-12-28,HENDERSON,00H,SG,252.12064393939394,252.12083333333334,0.99999999999909051,0.30479999999972279,-0.31,44,0.2
2022-12-28,HENDERSON,00H,SG,252.30606060606061,252.30625,0.99999999999909051,0.30479999999972279,-0.31,45,1.8
2022-12-28,HENDERSON,00H,SG,252.14261363636365,252.14280303030304,0.99999999999909051,0.30479999999972279,-0.31,45,0.7
2022-12-28,HENDERSON,00H,SG,252.15,252.1501893939394,0.99999999999909051,0.30479999999972279,-0.31,45,1.1
2022-12-28,HENDERSON,00H,SG,252.31022727272727,252.31041666666667,0.99999999999909051,0.30479999999972279,-0.31,45,1.7
2022-12-28,HENDERSON,00H,SG,252.32026515151514,252.32045454545454,0.99999999999909051,0.30479999999972279,-0.31,45,1.3
2022-12-28,HENDERSON,00H,SG,252.3064393939394,252.30662878787879,0.99999999999909051,0.30479999999972279,-0.31,45,1.8
2022-12-28,HENDERSON,00H,SG,252.31799242424242,252.31818181818181,0.99999999999909051,0.30479999999972279,-0.31,45,1.5
2022-12-28,HENDERSON,00H,SG,252.32916666666668,252.32935606060607,0.99999999999909051,0.30479999999972279,-0.31,45,1.2
2022-12-28,HENDERSON,00H,SG,252.33996212121212,252.34015151515152,0.99999999999909051,0.30479999999972279,-0.31,45,0.8
2022-12-28,HENDERSON,00H,SG,252.12159090909091,252.1219696969697,1.999999999998181,0.60959999999944559,-0.31,45,0.1
2022-12-28,HENDERSON,00H,SG,252.12026515151516,252.12064393939394,1.999999999998181,0.60959999999944559,-0.31,45,0.1
2022-12-28,HENDERSON,00H,SG,252.13238636363636,252.13276515151514,1.999999999998181,0.60959999999944559,-0.31,45,0.4
2022-12-28,HENDERSON,00H,SG,252.32518939393938,252.32556818181817,1.999999999998181,0.60959999999944559,-0.31,45,1.3
2022-12-28,HENDERSON,00H,SG,252.13825757575756,252.13863636363635,1.999999999998181,0.60959999999944559,-0.31,45,0.7
2022-12-28,HENDERSON,00H,SG,252.14753787878789,252.14791666666667,1.999999999998181,0.60959999999944559,-0.31,45,1
2022-12-28,HENDERSON,00H,SG,252.16401515151514,252.16439393939393,1.999999999998181,0.60959999999944559,-0.31,45,1.4
2022-12-28,HENDERSON,00H,SG,252.17045454545453,252.17083333333332,1.999999999998181,0.60959999999944559,-0.31,45,1.7
2022-12-28,HENDERSON,00H,SG,252.30170454545456,252.30208333333334,1.999999999998181,0.60959999999944559,-0.31,45,1.8
2022-12-28,HENDERSON,00H,SG,252.12121212121212,252.12159090909091,1.999999999998181,0.60959999999944559,-0.31,44,0.1
2022-12-28,HENDERSON,00H,SG,252.33693181818182,252.33731060606061,1.999999999998181,0.60959999999944559,-0.31,45,1
2022-12-28,HENDERSON,00H,SG,252.30132575757577,252.30170454545456,1.999999999998181,0.60959999999944559,-0.31,45,1.9
2022-12-28,HENDERSON,00H,SG,252.32102272727272,252.32140151515151,1.999999999998181,0.60959999999944559,-0.31,45,1.4
2022-12-28,HENDERSON,00H,SG,252.33939393939394,252.33977272727273,1.999999999998181,0.60959999999944559,-0.31,45,0.8
2022-12-28,HENDERSON,00H,SG,252.30511363636364,252.30549242424243,1.999999999998181,0.60959999999944559,-0.31,45,1.8
2022-12-28,HENDERSON,00H,SG,252.14696969696971,252.14734848484849,1.999999999998181,0.60959999999944559,-0.31,45,1
2022-12-28,HENDERSON,00H,SG,252.12992424242424,252.13030303030303,1.999999999998181,0.60959999999944559,-0.31,44,0.4
2022-12-28,HENDERSON,00H,SG,252.17462121212122,252.175,1.999999999998181,0.60959999999944559,-0.31,45,1.7
2022-12-28,HENDERSON,00H,SG,252.30473484848486,252.30511363636364,1.999999999998181,0.60959999999944559,-0.31,45,1.7
2022-12-28,HENDERSON,00H,SG,252.32045454545454,252.32083333333333,1.999999999998181,0.60959999999944559,-0.31,45,1.4
2022-12-28,HENDERSON,00H,SG,252.13768939393938,252.13806818181817,1.999999999998181,0.60959999999944559,-0.31,45,0.6
2022-12-28,HENDERSON,00H,SG,252.33522727272728,252.33560606060607,1.999999999998181,0.60959999999944559,-0.31,45,0.9
2022-12-28,HENDERSON,00H,SG,252.3316287878788,252.33200757575759,1.999999999998181,0.60959999999944559,-0.31,45,1
2022-12-28,HENDERSON,00H,SG,252.13276515151514,252.13333333333333,2.9999999999972715,0.91439999999916843,-0.31,45,0.5
2022-12-28,HENDERSON,00H,SG,252.14128787878789,252.14185606060607,2.9999999999972715,0.91439999999916843,-0.31,45,0.7
2022-12-28,HENDERSON,00H,SG,252.1371212121212,252.13768939393938,2.9999999999972715,0.91439999999916843,-0.31,44,0.6
2022-12-28,HENDERSON,00H,SG,252.15719696969697,252.15776515151515,2.9999999999972715,0.91439999999916843,-0.31,45,1.3
2022-12-28,HENDERSON,00H,SG,252.31742424242424,252.31799242424242,2.9999999999972715,0.91439999999916843,-0.31,45,1.4
2022-12-28,HENDERSON,00H,SG,252.13162878787878,252.13219696969696,2.9999999999972715,0.91439999999916843,-0.31,44,0.4
2022-12-28,HENDERSON,00H,SG,252.32556818181817,252.32613636363635,2.9999999999972715,0.91439999999916843,-0.31,45,1.2
2022-12-28,HENDERSON,00H,SG,252.13522727272726,252.13579545454544,2.9999999999972715,0.91439999999916843,-0.31,44,0.5
2022-12-28,HENDERSON,00H,SG,252.13901515151514,252.13958333333332,2.9999999999972715,0.91439999999916843,-0.31,44,0.7
2022-12-28,HENDERSON,00H,SG,252.17973484848486,252.18030303030304,2.9999999999972715,0.91439999999916843,-0.31,45,1.8
2022-12-28,HENDERSON,00H,SG,252.1501893939394,252.15075757575758,2.9999999999972715,0.91439999999916843,-0.31,45,1
2022-12-28,HENDERSON,00H,SG,252.1219696969697,252.12253787878788,2.9999999999972715,0.91439999999916843,-0.31,45,0.2
2022-12-28,HENDERSON,00H,SG,252.13655303030302,252.1371212121212,2.9999999999972715,0.91439999999916843,-0.31,45,0.6
2022-12-28,HENDERSON,00H,SG,252.13579545454544,252.13636363636363,2.9999999999972715,0.91439999999916843,-0.31,45,0.6
2022-12-28,HENDERSON,00H,SG,252.15340909090909,252.15397727272727,2.9999999999972715,0.91439999999916843,-0.31,45,1.1
2022-12-28,HENDERSON,00H,SG,252.3246212121212,252.32518939393938,2.9999999999972715,0.91439999999916843,-0.31,45,1.2
2022-12-28,HENDERSON,00H,SG,252.32386363636363,252.32443181818181,2.9999999999972715,0.91439999999916843,-0.31,45,1.2
2022-12-28,HENDERSON,00H,SG,252.12632575757576,252.12708333333333,3.999999999996362,1.2191999999988912,-0.31,44,0.3
2022-12-28,HENDERSON,00H,SG,252.12253787878788,252.12329545454546,3.999999999996362,1.2191999999988912,-0.31,44,0.2
2022-12-28,HENDERSON,00H,SG,252.33579545454546,252.33655303030304,3.999999999996362,1.2191999999988912,-0.31,45,0.9
2022-12-28,HENDERSON,00H,SG,252.31609848484848,252.31685606060606,3.999999999996362,1.2191999999988912,-0.31,45,1.4
2022-12-28,HENDERSON,00H,SG,252.12708333333333,252.12784090909091,3.999999999996362,1.2191999999988912,-0.31,45,0.3
2022-12-28,HENDERSON,00H,SG,252.14450757575759,252.14526515151516,3.999999999996362,1.2191999999988912,-0.31,45,0.8
2022-12-28,HENDERSON,00H,SG,252.13333333333333,252.1340909090909,3.999999999996362,1.2191999999988912,-0.31,44,0.5
2022-12-28,HENDERSON,00H,SG,252.14185606060607,252.14261363636365,3.999999999996362,1.2191999999988912,-0.31,45,0.8
2022-12-28,HENDERSON,00H,SG,252.16704545454544,252.16780303030302,3.999999999996362,1.2191999999988912,-0.31,45,1.5
2022-12-28,HENDERSON,00H,SG,252.17083333333332,252.17178030303029,4.9999999999954525,1.523999999998614,-0.31,45,1.6
2022-12-28,HENDERSON,00H,SG,252.1340909090909,252.13503787878787,4.9999999999954525,1.523999999998614,-0.31,45,0.5
2022-12-28,HENDERSON,00H,SG,252.12329545454546,252.12424242424242,4.9999999999954525,1.523999999998614,-0.31,45,0.2
2022-12-28,HENDERSON,00H,SG,252.12784090909091,252.12878787878788,4.9999999999954525,1.523999999998614,-0.31,44,0.3
2022-12-28,HENDERSON,00H,SG,252.12424242424242,252.12518939393939,4.9999999999954525,1.523999999998614,-0.31,44,0.2
2022-12-28,HENDERSON,00H,SG,252.32632575757575,252.32746212121211,5.999999999994543,1.8287999999983369,-0.31,45,1.2
2022-12-28,HENDERSON,00H,SG,252.33219696969698,252.33333333333334,5.999999999994543,1.8287999999983369,-0.31,45,1
2022-12-28,HENDERSON,00H,SG,252.16079545454545,252.16193181818181,5.999999999994543,1.8287999999983369,-0.31,45,1.4
2022-12-28,HENDERSON,00H,SG,252.12518939393939,252.12632575757576,5.999999999994543,1.8287999999983369,-0.31,45,0.2
2022-12-28,HENDERSON,00H,SG,252.13049242424242,252.13162878787878,5.999999999994543,1.8287999999983369,-0.31,45,0.4
2022-12-28,HENDERSON,00H,SG,252.32746212121211,252.32878787878789,7.0000000001437,2.1336000000438,-0.31,45,1.1
2022-12-28,HENDERSON,00H,SG,252.13958333333332,252.1409090909091,7.0000000001437,2.1336000000438,-0.31,45,0.7
2022-12-28,HENDERSON,00H,SG,252.14280303030304,252.14431818181819,7.999999999992724,2.4383999999977823,-0.31,45,0.8
2022-12-28,HENDERSON,00H,SG,252.16212121212121,252.16382575757575,8.9999999999918145,2.743199999997505,-0.31,45,1.4
2022-12-28,HENDERSON,00H,SG,252.33731060606061,252.33901515151516,8.9999999999918145,2.743199999997505,-0.31,45,0.9
2022-12-28,HENDERSON,00H,SG,252.30852272727273,252.31022727272727,8.9999999999918145,2.743199999997505,-0.31,45,1.6
2022-12-28,HENDERSON,00H,SG,252.14829545454546,252.15,8.9999999999918145,2.743199999997505,-0.31,45,1
2022-12-28,HENDERSON,00H,SG,252.29962121212122,252.30132575757577,8.9999999999918145,2.743199999997505,-0.31,45,1.8
2022-12-28,HENDERSON,00H,SG,252.14526515151516,252.14696969696971,8.9999999999918145,2.743199999997505,-0.31,45,0.9
2022-12-28,HENDERSON,00H,SG,252.33352272727274,252.33522727272728,8.9999999999918145,2.743199999997505,-0.31,45,1
2022-12-28,HENDERSON,00H,SG,252.32973484848486,252.3316287878788,9.9999999999909051,3.047999999997228,-0.31,45,1.1
2022-12-28,HENDERSON,00H,SG,252.30662878787879,252.30852272727273,9.9999999999909051,3.047999999997228,-0.31,45,1.7
2022-12-28,HENDERSON,00H,SG,252.31818181818181,252.32026515151514,10.999999999989996,3.3527999999969507,-0.31,45,1.4
2022-12-28,HENDERSON,00H,SG,252.15795454545454,252.16041666666666,12.999999999988177,3.9623999999963964,-0.31,45,1.3
2022-12-28,HENDERSON,00H,SG,252.16439393939393,252.16685606060605,12.999999999988177,3.9623999999963964,-0.31,45,1.5
2022-12-28,HENDERSON,00H,SG,252.15075757575758,252.1532196969697,12.999999999988177,3.9623999999963964,-0.31,45,1.1
2022-12-28,HENDERSON,00H,SG,252.32140151515151,252.32386363636363,12.999999999988177,3.9623999999963964,-0.31,45,1.3
2022-12-28,HENDERSON,00H,SG,252.30227272727274,252.30473484848486,12.999999999988177,3.9623999999963964,-0.31,45,1.8
2022-12-28,HENDERSON,00H,SG,252.31344696969697,252.31609848484848,13.999999999987267,4.2671999999961194,-0.31,45,1.5
2022-12-28,HENDERSON,00H,SG,252.16780303030302,252.17045454545453,13.999999999987267,4.2671999999961194,-0.31,45,1.6
2022-12-28,HENDERSON,00H,SG,252.17178030303029,252.17443181818183,14.000000000137334,4.26720000004186,-0.31,45,1.7
2022-12-28,HENDERSON,00H,SG,252.31041666666667,252.31344696969697,15.999999999985448,4.8767999999955647,-0.31,45,1.6
2022-12-28,HENDERSON,00H,SG,252.15397727272727,252.15719696969697,16.999999999984539,5.1815999999952878,-0.31,45,1.2
2022-12-28,HENDERSON,00H,SG,252.175,252.17954545454546,23.999999999978172,7.3151999999933475,-0.31,45,1.8
2022-12-28,HENDERSON,00H,SG,252.29015151515151,252.29962121212122,50.000000000104592,15.24000000003188,-0.31,45,1.9
2022-12-28,HENDERSON,00H,SG,252.18030303030304,252.1905303030303,53.999999999950887,16.459199999985032,-0.31,45,1.9
2022-12-28,HENDERSON,00H,SG,252.1905303030303,252.29015151515151,525.99999999997181,160.3247999999914,-0.31,45,2
2022-12-28,HENDERSON,00H,SG,251.83806818181819,251.83825757575758,0.99999999999909051,0.30479999999972279,-0.28,44,0
2022-12-28,HENDERSON,00H,SG,251.88352272727272,251.88371212121211,0.99999999999909051,0.30479999999972279,-0.28,44,0
2022-12-28,HENDERSON,00H,SG,251.84337121212121,251.84356060606061,0.99999999999909051,0.30479999999972279,-0.28,44,0
2022-12-28,HENDERSON,00H,SG,251.84147727272727,251.84185606060606,1.999999999998181,0.60959999999944559,-0.28,44,0
2022-12-28,HENDERSON,00H,SG,251.84886363636363,251.84924242424242,1.999999999998181,0.60959999999944559,-0.28,44,0
2022-12-28,HENDERSON,00H,SG,251.83446969696971,251.83484848484849,1.999999999998181,0.60959999999944559,-0.28,44,0
2022-12-28,HENDERSON,00H,SG,251.84507575757576,251.84545454545454,1.999999999998181,0.60959999999944559,-0.28,44,0
2022-12-28,HENDERSON,00H,SG,251.83617424242425,251.83655303030304,1.999999999998181,0.60959999999944559,-0.28,44,0
2022-12-28,HENDERSON,00H,SG,251.85776515151514,251.85833333333332,2.9999999999972715,0.91439999999916843,-0.28,44,0
2022-12-28,HENDERSON,00H,SG,251.84696969696969,251.84753787878788,2.9999999999972715,0.91439999999916843,-0.28,44,0
2022-12-28,HENDERSON,00H,SG,251.85056818181818,251.85113636363636,2.9999999999972715,0.91439999999916843,-0.28,44,0
2022-12-28,HENDERSON,00H,SG,251.86856060606061,251.86912878787879,2.9999999999972715,0.91439999999916843,-0.28,44,0
2022-12-28,HENDERSON,00H,SG,251.8558712121212,251.85643939393938,2.9999999999972715,0.91439999999916843,-0.28,44,0
2022-12-28,HENDERSON,00H,SG,251.88579545454544,251.88636363636363,2.9999999999972715,0.91439999999916843,-0.28,43,0
2022-12-28,HENDERSON,00H,SG,251.8875,251.88806818181817,2.9999999999972715,0.91439999999916843,-0.28,43,0
2022-12-28,HENDERSON,00H,SG,251.87859848484848,251.87916666666666,2.9999999999972715,0.91439999999916843,-0.28,43,0
2022-12-28,HENDERSON,00H,SG,251.875,251.87556818181818,2.9999999999972715,0.91439999999916843,-0.28,43,0
2022-12-28,HENDERSON,00H,SG,251.86496212121213,251.86571969696971,3.999999999996362,1.2191999999988912,-0.28,44,0
2022-12-28,HENDERSON,00H,SG,251.86666666666667,251.86742424242425,3.999999999996362,1.2191999999988912,-0.28,44,0
2022-12-28,HENDERSON,00H,SG,251.87026515151516,251.87102272727273,3.999999999996362,1.2191999999988912,-0.28,44,0
2022-12-28,HENDERSON,00H,SG,251.85227272727272,251.85303030303029,3.999999999996362,1.2191999999988912,-0.28,44,0
2022-12-28,HENDERSON,00H,SG,251.85397727272726,251.85473484848484,3.999999999996362,1.2191999999988912,-0.28,44,0
2022-12-28,HENDERSON,00H,SG,251.85946969696971,251.86022727272729,3.999999999996362,1.2191999999988912,-0.28,44,0
2022-12-28,HENDERSON,00H,SG,251.8810606060606,251.88181818181818,3.999999999996362,1.2191999999988912,-0.28,44,0
2022-12-28,HENDERSON,00H,SG,251.86136363636365,251.86212121212122,3.999999999996362,1.2191999999988912,-0.28,44,0
2022-12-28,HENDERSON,00H,SG,251.87291666666667,251.87367424242424,3.999999999996362,1.2191999999988912,-0.28,43,0
2022-12-28,HENDERSON,00H,SG,251.88030303030303,251.8810606060606,3.999999999996362,1.2191999999988912,-0.28,43,0
2022-12-28,HENDERSON,00H,SG,251.87670454545454,251.87746212121212,3.999999999996362,1.2191999999988912,-0.28,43,0
2022-12-28,HENDERSON,00H,SG,251.88939393939393,251.8901515151515,3.999999999996362,1.2191999999988912,-0.28,43,0
2022-12-28,HENDERSON,00H,SG,251.86401515151516,251.86496212121213,4.9999999999954525,1.523999999998614,-0.28,43,0
2022-12-28,HENDERSON,00H,SG,251.86571969696971,251.86666666666667,4.9999999999954525,1.523999999998614,-0.28,43,0
2022-12-28,HENDERSON,00H,SG,251.88371212121211,251.88465909090908,4.9999999999954525,1.523999999998614,-0.28,43,0
2022-12-28,HENDERSON,00H,SG,251.86212121212122,251.86306818181819,4.9999999999954525,1.523999999998614,-0.28,43,0
2022-12-28,HENDERSON,00H,SG,251.87102272727273,251.8719696969697,4.9999999999954525,1.523999999998614,-0.28,43,0
2022-12-28,HENDERSON,00H,SG,251.86306818181819,251.86401515151516,4.9999999999954525,1.523999999998614,-0.28,44,0
2022-12-28,HENDERSON,00H,SG,251.85303030303029,251.85397727272726,4.9999999999954525,1.523999999998614,-0.28,43,0
2022-12-28,HENDERSON,00H,SG,251.8719696969697,251.87291666666667,4.9999999999954525,1.523999999998614,-0.28,44,0
2022-12-28,HENDERSON,00H,SG,251.86022727272729,251.86136363636365,5.999999999994543,1.8287999999983369,-0.28,43,0
2022-12-28,HENDERSON,00H,SG,251.88465909090908,251.88579545454544,5.999999999994543,1.8287999999983369,-0.28,44,0
2022-12-28,HENDERSON,00H,SG,251.88825757575756,251.88939393939393,5.999999999994543,1.8287999999983369,-0.28,44,0
2022-12-28,HENDERSON,00H,SG,251.85833333333332,251.85946969696968,5.999999999994543,1.8287999999983369,-0.28,43,0
2022-12-28,HENDERSON,00H,SG,251.86912878787879,251.87026515151516,5.999999999994543,1.8287999999983369,-0.28,43,0
2022-12-28,HENDERSON,00H,SG,251.87746212121212,251.87859848484848,5.999999999994543,1.8287999999983369,-0.28,44,0
2022-12-28,HENDERSON,00H,SG,251.85113636363636,251.85227272727272,5.999999999994543,1.8287999999983369,-0.28,43,0
2022-12-28,HENDERSON,00H,SG,251.86742424242425,251.86856060606061,5.999999999994543,1.8287999999983369,-0.28,43,0
2022-12-28,HENDERSON,00H,SG,251.87556818181818,251.87670454545454,5.999999999994543,1.8287999999983369,-0.28,44,0
2022-12-28,HENDERSON,00H,SG,251.88636363636363,251.8875,5.999999999994543,1.8287999999983369,-0.28,44,0
2022-12-28,HENDERSON,00H,SG,251.85473484848484,251.8558712121212,5.999999999994543,1.8287999999983369,-0.28,43,0
2022-12-28,HENDERSON,00H,SG,251.87916666666666,251.88030303030303,5.999999999994543,1.8287999999983369,-0.28,44,0
2022-12-28,HENDERSON,00H,SG,251.83484848484849,251.83617424242425,6.9999999999936335,2.1335999999980597,-0.28,43,0
2022-12-28,HENDERSON,00H,SG,251.85643939393938,251.85776515151514,6.9999999999936335,2.1335999999980597,-0.28,43,0
2022-12-28,HENDERSON,00H,SG,251.87367424242424,251.875,6.9999999999936335,2.1335999999980597,-0.28,44,0
2022-12-28,HENDERSON,00H,SG,251.84753787878788,251.84886363636363,6.9999999999936335,2.1335999999980597,-0.28,43,0
2022-12-28,HENDERSON,00H,SG,251.84924242424242,251.85056818181818,6.9999999999936335,2.1335999999980597,-0.28,43,0
2022-12-28,HENDERSON,00H,SG,251.83655303030304,251.83806818181819,7.999999999992724,2.4383999999977823,-0.28,43,0
2022-12-28,HENDERSON,00H,SG,251.84545454545454,251.84696969696969,7.999999999992724,2.4383999999977823,-0.28,43,0
2022-12-28,HENDERSON,00H,SG,251.84185606060606,251.84337121212121,7.999999999992724,2.4383999999977823,-0.28,43,0
2022-12-28,HENDERSON,00H,SG,251.84356060606061,251.84507575757576,7.999999999992724,2.4383999999977823,-0.28,43,0
2022-12-28,HENDERSON,00H,SG,251.88181818181818,251.88352272727272,8.9999999999918145,2.743199999997505,-0.28,43,0
2022-12-28,HENDERSON,00H,SG,251.83825757575758,251.84147727272727,16.999999999984539,5.1815999999952878,-0.28,43,0
2022-12-28,HENDERSON,00H,SG,251.81003787878788,251.83446969696971,129.00000000003274,39.319200000009978,-0.28,43,0
2022-12-28,HENDERSON,00H,SG,247.57007575757575,247.57026515151514,0.99999999999909051,0.30479999999972279,-0.27,37,-0.8
2022-12-28,HENDERSON,00H,SG,247.5785984848485,247.57878787878789,0.99999999999909051,0.30479999999972279,-0.27,38,-0.6
2022-12-28,HENDERSON,00H,SG,247.58257575757577,247.58276515151516,0.99999999999909051,0.30479999999972279,-0.27,38,-0.4
2022-12-28,HENDERSON,00H,SG,247.575,247.57518939393938,0.99999999999909051,0.30479999999972279,-0.27,38,-0.7
2022-12-28,HENDERSON,00H,SG,247.5503787878788,247.55056818181819,0.99999999999909051,0.30479999999972279,-0.27,38,-1
2022-12-28,HENDERSON,00H,SG,247.58636363636364,247.58655303030304,0.99999999999909051,0.30479999999972279,-0.27,37,-0.4
2022-12-28,HENDERSON,00H,SG,247.57878787878789,247.57897727272729,0.99999999999909051,0.30479999999972279,-0.27,38,-0.5
2022-12-28,HENDERSON,00H,SG,247.56969696969696,247.57007575757575,1.999999999998181,0.60959999999944559,-0.27,38,-0.8
2022-12-28,HENDERSON,00H,SG,247.57518939393938,247.57556818181817,1.999999999998181,0.60959999999944559,-0.27,38,-0.6
2022-12-28,HENDERSON,00H,SG,247.57689393939393,247.57727272727271,1.999999999998181,0.60959999999944559,-0.27,38,-0.6
2022-12-28,HENDERSON,00H,SG,247.58409090909092,247.58446969696971,1.999999999998181,0.60959999999944559,-0.27,38,-0.4
2022-12-28,HENDERSON,00H,SG,247.56439393939394,247.56477272727273,1.999999999998181,0.60959999999944559,-0.27,38,-0.8
2022-12-28,HENDERSON,00H,SG,247.58977272727273,247.59015151515152,1.999999999998181,0.60959999999944559,-0.27,37,-0.3
2022-12-28,HENDERSON,00H,SG,247.58200757575759,247.58257575757577,2.9999999999972715,0.91439999999916843,-0.27,38,-0.5
2022-12-28,HENDERSON,00H,SG,247.58579545454546,247.58636363636364,2.9999999999972715,0.91439999999916843,-0.27,38,-0.4
2022-12-28,HENDERSON,00H,SG,247.5875,247.58806818181819,2.9999999999972715,0.91439999999916843,-0.27,38,-0.3
2022-12-28,HENDERSON,00H,SG,247.56780303030303,247.56837121212121,2.9999999999972715,0.91439999999916843,-0.27,38,-0.8
2022-12-28,HENDERSON,00H,SG,247.58920454545455,247.58977272727273,2.9999999999972715,0.91439999999916843,-0.27,38,-0.3
2022-12-28,HENDERSON,00H,SG,247.57140151515151,247.57196969696969,2.9999999999972715,0.91439999999916843,-0.27,38,-0.7
2022-12-28,HENDERSON,00H,SG,247.56609848484848,247.56685606060606,3.999999999996362,1.2191999999988912,-0.27,38,-0.8
2022-12-28,HENDERSON,00H,SG,247.57310606060605,247.57386363636363,3.999999999996362,1.2191999999988912,-0.27,38,-0.7
2022-12-28,HENDERSON,00H,SG,247.58030303030304,247.58106060606062,3.999999999996362,1.2191999999988912,-0.27,38,-0.5
2022-12-28,HENDERSON,00H,SG,247.58106060606062,247.58200757575759,4.9999999999954525,1.523999999998614,-0.27,37,-0.5
2022-12-28,HENDERSON,00H,SG,247.58655303030304,247.5875,4.9999999999954525,1.523999999998614,-0.27,37,-0.3
2022-12-28,HENDERSON,00H,SG,247.56685606060606,247.56780303030303,4.9999999999954525,1.523999999998614,-0.27,37,-0.8
2022-12-28,HENDERSON,00H,SG,247.57196969696969,247.57310606060605,5.999999999994543,1.8287999999983369,-0.27,37,-0.7
2022-12-28,HENDERSON,00H,SG,247.58806818181819,247.58920454545455,5.999999999994543,1.8287999999983369,-0.27,37,-0.3
2022-12-28,HENDERSON,00H,SG,247.57026515151514,247.57140151515151,5.999999999994543,1.8287999999983369,-0.27,37,-0.7
2022-12-28,HENDERSON,00H,SG,247.57386363636363,247.575,5.999999999994543,1.8287999999983369,-0.27,37,-0.7
2022-12-28,HENDERSON,00H,SG,247.56837121212121,247.56969696969696,6.9999999999936335,2.1335999999980597,-0.27,37,-0.8
2022-12-28,HENDERSON,00H,SG,247.58276515151516,247.58409090909092,6.9999999999936335,2.1335999999980597,-0.27,37,-0.4
2022-12-28,HENDERSON,00H,SG,247.58446969696971,247.58579545454546,6.9999999999936335,2.1335999999980597,-0.27,37,-0.4
2022-12-28,HENDERSON,00H,SG,247.57897727272729,247.58030303030304,6.9999999999936335,2.1335999999980597,-0.27,37,-0.5
2022-12-28,HENDERSON,00H,SG,247.56477272727273,247.56609848484848,6.9999999999936335,2.1335999999980597,-0.27,37,-0.8
2022-12-28,HENDERSON,00H,SG,247.57556818181817,247.57689393939393,6.9999999999936335,2.1335999999980597,-0.27,37,-0.6
2022-12-28,HENDERSON,00H,SG,247.57727272727271,247.5785984848485,7.0000000001437,2.1336000000438,-0.27,37,-0.6
2022-12-28,HENDERSON,00H,SG,247.55056818181819,247.55265151515152,10.999999999989996,3.3527999999969507,-0.27,37,-1
2022-12-28,HENDERSON,00H,SG,247.56212121212121,247.56439393939394,11.999999999989086,3.6575999999966737,-0.27,37,-0.8
2022-12-28,HENDERSON,00H,SG,247.55265151515152,247.56212121212121,49.999999999954525,15.239999999986139,-0.27,37,-0.9
2022-12-28,HENDERSON,00H,SG,247.53958333333333,247.5503787878788,57.000000000098225,17.373600000029938,-0.27,37,-1
2022-12-28,HENDERSON,00H,SG,247.52007575757577,247.53958333333333,102.99999999990632,31.394399999971448,-0.27,37,-1.1
2022-12-28,HENDERSON,00H,SG,247.43977272727273,247.43996212121212,0.99999999999909051,0.30479999999972279,-0.25,37,-0.6
2022-12-28,HENDERSON,00H,SG,249.1844696969697,249.18465909090909,0.99999999999909051,0.30479999999972279,-0.25,43,2.8
2022-12-28,HENDERSON,00H,SG,247.46401515151516,247.46420454545455,0.99999999999909051,0.30479999999972279,-0.25,37,-1.1
2022-12-28,HENDERSON,00H,SG,249.17973484848486,249.17992424242425,0.99999999999909051,0.30479999999972279,-0.25,43,2.8
2022-12-28,HENDERSON,00H,SG,249.1875,249.18768939393939,0.99999999999909051,0.30479999999972279,-0.25,43,2.7
2022-12-28,HENDERSON,00H,SG,247.44886363636363,247.44905303030302,0.99999999999909051,0.30479999999972279,-0.25,37,-0.8
2022-12-28,HENDERSON,00H,SG,249.18428030303031,249.1844696969697,0.99999999999909051,0.30479999999972279,-0.25,43,2.7
2022-12-28,HENDERSON,00H,SG,249.17481060606062,249.175,0.99999999999909051,0.30479999999972279,-0.25,43,3
2022-12-28,HENDERSON,00H,SG,247.43655303030303,247.43674242424242,0.99999999999909051,0.30479999999972279,-0.25,37,-0.5
2022-12-28,HENDERSON,00H,SG,247.51647727272729,247.51666666666668,0.99999999999909051,0.30479999999972279,-0.25,38,-1.1
2022-12-28,HENDERSON,00H,SG,247.44905303030302,247.44924242424241,0.99999999999909051,0.30479999999972279,-0.25,37,-0.7
2022-12-28,HENDERSON,00H,SG,249.18693181818182,249.1875,2.9999999999972715,0.91439999999916843,-0.25,43,2.6
2022-12-28,HENDERSON,00H,SG,247.43674242424242,247.43731060606061,2.9999999999972715,0.91439999999916843,-0.25,37,-0.4
2022-12-28,HENDERSON,00H,SG,247.46420454545455,247.46496212121212,3.999999999996362,1.2191999999988912,-0.25,37,-1
2022-12-28,HENDERSON,00H,SG,249.17992424242425,249.18068181818182,3.999999999996362,1.2191999999988912,-0.25,43,2.9
2022-12-28,HENDERSON,00H,SG,249.19886363636363,249.2,5.999999999994543,1.8287999999983369,-0.25,43,2.2
2022-12-28,HENDERSON,00H,SG,249.17348484848486,249.17481060606062,6.9999999999936335,2.1335999999980597,-0.25,43,2.9
2022-12-28,HENDERSON,00H,SG,247.43996212121212,247.44147727272727,7.999999999992724,2.4383999999977823,-0.25,37,-0.5
2022-12-28,HENDERSON,00H,SG,249.18465909090909,249.18693181818182,11.999999999989086,3.6575999999966737,-0.25,43,2.7
2022-12-28,HENDERSON,00H,SG,247.43731060606061,247.43977272727273,12.999999999988177,3.9623999999963964,-0.25,37,-0.5
2022-12-28,HENDERSON,00H,SG,249.18768939393939,249.19034090909091,13.999999999987267,4.2671999999961194,-0.25,43,2.6
2022-12-28,HENDERSON,00H,SG,249.19602272727272,249.19886363636363,14.999999999986358,4.5719999999958416,-0.25,43,2.3
2022-12-28,HENDERSON,00H,SG,249.19318181818181,249.19602272727272,14.999999999986358,4.5719999999958416,-0.25,43,2.4
2022-12-28,HENDERSON,00H,SG,249.19034090909091,249.19318181818181,14.999999999986358,4.5719999999958416,-0.25,43,2.5
2022-12-28,HENDERSON,00H,SG,247.43371212121212,247.43655303030303,14.999999999986358,4.5719999999958416,-0.25,37,-0.4
2022-12-28,HENDERSON,00H,SG,247.51666666666668,247.52007575757577,17.999999999983629,5.48639999999501,-0.25,37,-1.1
2022-12-28,HENDERSON,00H,SG,247.44526515151514,247.44886363636363,18.99999999998272,5.791199999994733,-0.25,37,-0.7
2022-12-28,HENDERSON,00H,SG,249.18068181818182,249.18428030303031,18.99999999998272,5.791199999994733,-0.25,43,2.8
2022-12-28,HENDERSON,00H,SG,247.44147727272727,247.44526515151514,19.99999999998181,6.0959999999944561,-0.25,37,-0.6
2022-12-28,HENDERSON,00H,SG,247.44924242424241,247.45378787878789,24.000000000128239,7.3152000000390878,-0.25,37,-0.8
2022-12-28,HENDERSON,00H,SG,249.175,249.17973484848486,24.999999999977263,7.61999999999307,-0.25,43,2.9
2022-12-28,HENDERSON,00H,SG,247.45378787878789,247.45871212121213,25.999999999976353,7.9247999999927927,-0.25,37,-0.9
2022-12-28,HENDERSON,00H,SG,247.45871212121213,247.46401515151516,27.999999999974534,8.5343999999922389,-0.25,37,-1
2022-12-28,HENDERSON,00H,SG,247.42803030303031,247.43371212121212,29.999999999972715,9.1439999999916832,-0.25,37,-0.3
2022-12-28,HENDERSON,00H,SG,247.4221590909091,247.42803030303031,30.999999999971806,9.4487999999914063,-0.25,37,-0.2
2022-12-28,HENDERSON,00H,SG,247.4125,247.4221590909091,51.000000000103682,15.544800000031604,-0.25,37,-0.1
2022-12-28,HENDERSON,00H,SG,249.1401515151515,249.15416666666667,74.000000000082764,22.555200000025227,-0.25,43,3.1
2022-12-28,HENDERSON,00H,SG,249.15416666666667,249.17348484848486,102.0000000000573,31.089600000017466,-0.25,43,3
2022-12-28,HENDERSON,00H,SG,247.46496212121212,247.51647727272729,272.00000000005275,82.905600000016079,-0.25,37,-1.1
2022-12-28,HENDERSON,00H,SG,247.34015151515152,247.4125,381.99999999995271,116.43359999998559,-0.25,37,0
2022-12-28,HENDERSON,00H,SG,248.1592803030303,248.15946969696969,0.99999999999909051,0.30479999999972279,-0.21,41,3
2022-12-28,HENDERSON,00H,SG,248.20473484848486,248.20492424242425,0.99999999999909051,0.30479999999972279,-0.21,40,3.1
2022-12-28,HENDERSON,00H,SG,248.20833333333334,248.20852272727274,0.99999999999909051,0.30479999999972279,-0.21,40,3.1
2022-12-28,HENDERSON,00H,SG,248.20643939393941,248.2066287878788,0.99999999999909051,0.30479999999972279,-0.21,40,3.1
2022-12-28,HENDERSON,00H,SG,248.19753787878787,248.19772727272726,0.99999999999909051,0.30479999999972279,-0.21,40,3.1
2022-12-28,HENDERSON,00H,SG,248.16287878787878,248.16306818181818,0.99999999999909051,0.30479999999972279,-0.21,41,3
2022-12-28,HENDERSON,00H,SG,248.2028409090909,248.20321969696968,1.999999999998181,0.60959999999944559,-0.21,40,3.1
2022-12-28,HENDERSON,00H,SG,248.1714015151515,248.17178030303029,1.999999999998181,0.60959999999944559,-0.21,41,3
2022-12-28,HENDERSON,00H,SG,248.18295454545455,248.18333333333334,1.999999999998181,0.60959999999944559,-0.21,40,3
2022-12-28,HENDERSON,00H,SG,248.19564393939393,248.19602272727272,1.999999999998181,0.60959999999944559,-0.21,40,3.1
2022-12-28,HENDERSON,00H,SG,248.16799242424241,248.1683712121212,1.999999999998181,0.60959999999944559,-0.21,41,3
2022-12-28,HENDERSON,00H,SG,248.16628787878787,248.16666666666666,1.999999999998181,0.60959999999944559,-0.21,41,3
2022-12-28,HENDERSON,00H,SG,248.175,248.17556818181819,2.9999999999972715,0.91439999999916843,-0.21,41,3
2022-12-28,HENDERSON,00H,SG,248.16969696969696,248.17026515151514,2.9999999999972715,0.91439999999916843,-0.21,41,3
2022-12-28,HENDERSON,00H,SG,248.18390151515152,248.1844696969697,2.9999999999972715,0.91439999999916843,-0.21,41,3.1
2022-12-28,HENDERSON,00H,SG,248.18333333333334,248.18390151515152,2.9999999999972715,0.91439999999916843,-0.21,40,3.1
2022-12-28,HENDERSON,00H,SG,248.17329545454547,248.17386363636365,2.9999999999972715,0.91439999999916843,-0.21,41,3
2022-12-28,HENDERSON,00H,SG,248.19924242424241,248.19981060606059,2.9999999999972715,0.91439999999916843,-0.21,40,3.1
2022-12-28,HENDERSON,00H,SG,248.19375,248.19431818181818,2.9999999999972715,0.91439999999916843,-0.21,40,3.1
2022-12-28,HENDERSON,00H,SG,248.18825757575758,248.18901515151515,3.999999999996362,1.2191999999988912,-0.21,40,3.1
2022-12-28,HENDERSON,00H,SG,248.1784090909091,248.17916666666667,3.999999999996362,1.2191999999988912,-0.21,41,3
2022-12-28,HENDERSON,00H,SG,248.20075757575756,248.20151515151514,3.999999999996362,1.2191999999988912,-0.21,40,3.1
2022-12-28,HENDERSON,00H,SG,248.17670454545456,248.17746212121213,3.999999999996362,1.2191999999988912,-0.21,41,3
2022-12-28,HENDERSON,00H,SG,248.18560606060606,248.18636363636364,3.999999999996362,1.2191999999988912,-0.21,41,3.1
2022-12-28,HENDERSON,00H,SG,248.18030303030304,248.18106060606061,3.999999999996362,1.2191999999988912,-0.21,41,3
2022-12-28,HENDERSON,00H,SG,248.19185606060606,248.19261363636363,3.999999999996362,1.2191999999988912,-0.21,40,3.1
2022-12-28,HENDERSON,00H,SG,248.19981060606059,248.20075757575756,4.9999999999954525,1.523999999998614,-0.21,41,3.1
2022-12-28,HENDERSON,00H,SG,248.18200757575758,248.18295454545455,4.9999999999954525,1.523999999998614,-0.21,41,3
2022-12-28,HENDERSON,00H,SG,248.18636363636364,248.18731060606061,4.9999999999954525,1.523999999998614,-0.21,40,3.1
2022-12-28,HENDERSON,00H,SG,248.17746212121213,248.1784090909091,4.9999999999954525,1.523999999998614,-0.21,40,3
2022-12-28,HENDERSON,00H,SG,248.18106060606061,248.18200757575758,4.9999999999954525,1.523999999998614,-0.21,40,3
2022-12-28,HENDERSON,00H,SG,248.18731060606061,248.18825757575758,4.9999999999954525,1.523999999998614,-0.21,41,3.1
2022-12-28,HENDERSON,00H,SG,248.18996212121212,248.19090909090909,4.9999999999954525,1.523999999998614,-0.21,40,3.1
2022-12-28,HENDERSON,00H,SG,248.18901515151515,248.18996212121212,4.9999999999954525,1.523999999998614,-0.21,41,3.1
2022-12-28,HENDERSON,00H,SG,248.19090909090909,248.19185606060606,4.9999999999954525,1.523999999998614,-0.21,41,3.1
2022-12-28,HENDERSON,00H,SG,248.17556818181819,248.17670454545456,5.999999999994543,1.8287999999983369,-0.21,40,3
2022-12-28,HENDERSON,00H,SG,248.17916666666667,248.18030303030304,5.999999999994543,1.8287999999983369,-0.21,40,3
2022-12-28,HENDERSON,00H,SG,248.17386363636365,248.175,5.999999999994543,1.8287999999983369,-0.21,40,3
2022-12-28,HENDERSON,00H,SG,248.19261363636363,248.19375,5.999999999994543,1.8287999999983369,-0.21,41,3.1
2022-12-28,HENDERSON,00H,SG,248.1844696969697,248.18560606060606,5.999999999994543,1.8287999999983369,-0.21,40,3.1
2022-12-28,HENDERSON,00H,SG,248.17026515151514,248.1714015151515,5.999999999994543,1.8287999999983369,-0.21,40,3
2022-12-28,HENDERSON,00H,SG,248.16666666666666,248.16799242424241,6.9999999999936335,2.1335999999980597,-0.21,40,3
2022-12-28,HENDERSON,00H,SG,248.20151515151514,248.2028409090909,6.9999999999936335,2.1335999999980597,-0.21,41,3.1
2022-12-28,HENDERSON,00H,SG,248.1683712121212,248.16969696969696,6.9999999999936335,2.1335999999980597,-0.21,40,3
2022-12-28,HENDERSON,00H,SG,248.19431818181818,248.19564393939393,6.9999999999936335,2.1335999999980597,-0.21,41,3.1
2022-12-28,HENDERSON,00H,SG,248.19772727272726,248.19924242424241,7.999999999992724,2.4383999999977823,-0.21,41,3.1
2022-12-28,HENDERSON,00H,SG,248.20492424242425,248.20643939393941,7.999999999992724,2.4383999999977823,-0.21,41,3.1
2022-12-28,HENDERSON,00H,SG,248.19602272727272,248.19753787878787,7.999999999992724,2.4383999999977823,-0.21,41,3.1
2022-12-28,HENDERSON,00H,SG,248.20321969696971,248.20473484848486,7.999999999992724,2.4383999999977823,-0.21,41,3.1
2022-12-28,HENDERSON,00H,SG,248.17178030303029,248.17329545454547,8.00000000014279,2.4384000000435226,-0.21,40,3
2022-12-28,HENDERSON,00H,SG,248.2066287878788,248.20833333333334,8.9999999999918145,2.743199999997505,-0.21,41,3.1
2022-12-28,HENDERSON,00H,SG,248.16306818181818,248.16628787878787,16.999999999984539,5.1815999999952878,-0.21,40,3
2022-12-28,HENDERSON,00H,SG,248.15946969696969,248.16287878787878,17.999999999983629,5.48639999999501,-0.21,40,3
2022-12-28,HENDERSON,00H,SG,248.15549242424242,248.1592803030303,19.99999999998181,6.0959999999944561,-0.21,40,3
2022-12-28,HENDERSON,00H,SG,248.20852272727274,248.22007575757576,60.999999999944521,18.59279999998309,-0.21,41,3.1
2022-12-28,HENDERSON,00H,SG,248.1401515151515,248.15549242424242,81.0000000000764,24.688800000023285,-0.21,40,3.1
2022-12-28,HENDERSON,00H,SG,248.79185606060605,248.79204545454544,0.99999999999909051,0.30479999999972279,-0.2,44,-2.6
2022-12-28,HENDERSON,00H,SG,248.79375,248.79393939393938,0.99999999999909051,0.30479999999972279,-0.2,44,-2.6
2022-12-28,HENDERSON,00H,SG,248.82954545454547,248.82973484848486,0.99999999999909051,0.30479999999972279,-0.2,43,-1.4
2022-12-28,HENDERSON,00H,SG,248.80397727272728,248.80416666666667,0.99999999999909051,0.30479999999972279,-0.2,43,-2.3
2022-12-28,HENDERSON,00H,SG,248.71363636363637,248.71382575757576,0.99999999999909051,0.30479999999972279,-0.2,43,-2.8
2022-12-28,HENDERSON,00H,SG,248.82102272727272,248.82121212121211,0.99999999999909051,0.30479999999972279,-0.2,43,-1.7
2022-12-28,HENDERSON,00H,SG,248.82083333333333,248.82102272727272,0.99999999999909051,0.30479999999972279,-0.2,43,-1.6
2022-12-28,HENDERSON,00H,SG,248.80151515151516,248.80170454545456,0.99999999999909051,0.30479999999972279,-0.2,43,-2.4
2022-12-28,HENDERSON,00H,SG,248.83522727272728,248.83541666666667,0.99999999999909051,0.30479999999972279,-0.2,43,-1.2
2022-12-28,HENDERSON,00H,SG,248.78238636363636,248.78257575757576,0.99999999999909051,0.30479999999972279,-0.2,43,-2.8
2022-12-28,HENDERSON,00H,SG,248.78920454545454,248.78939393939393,0.99999999999909051,0.30479999999972279,-0.2,43,-2.6
2022-12-28,HENDERSON,00H,SG,248.80700757575758,248.80719696969697,0.99999999999909051,0.30479999999972279,-0.2,43,-2.2
2022-12-28,HENDERSON,00H,SG,248.83503787878789,248.83522727272728,0.99999999999909051,0.30479999999972279,-0.2,43,-1.1
2022-12-28,HENDERSON,00H,SG,248.79393939393938,248.79412878787878,0.99999999999909051,0.30479999999972279,-0.2,43,-2.5
2022-12-28,HENDERSON,00H,SG,248.79810606060607,248.79829545454547,0.99999999999909051,0.30479999999972279,-0.2,43,-2.3
2022-12-28,HENDERSON,00H,SG,248.83693181818182,248.83712121212122,0.99999999999909051,0.30479999999972279,-0.2,43,-1
2022-12-28,HENDERSON,00H,SG,248.78295454545454,248.78314393939394,0.99999999999909051,0.30479999999972279,-0.2,43,-2.8
2022-12-28,HENDERSON,00H,SG,248.79943181818183,248.79962121212122,0.99999999999909051,0.30479999999972279,-0.2,43,-2.3
2022-12-28,HENDERSON,00H,SG,248.79412878787878,248.79431818181817,0.99999999999909051,0.30479999999972279,-0.2,43,-2.6
2022-12-28,HENDERSON,00H,SG,248.82935606060607,248.82954545454547,0.99999999999909051,0.30479999999972279,-0.2,43,-1.3
2022-12-28,HENDERSON,00H,SG,248.79526515151514,248.79545454545453,0.99999999999909051,0.30479999999972279,-0.2,44,-2.5
2022-12-28,HENDERSON,00H,SG,248.80378787878789,248.80397727272728,0.99999999999909051,0.30479999999972279,-0.2,43,-2.2
2022-12-28,HENDERSON,00H,SG,248.71344696969697,248.71363636363637,0.99999999999909051,0.30479999999972279,-0.2,43,-2.9
2022-12-28,HENDERSON,00H,SG,248.80681818181819,248.80700757575758,0.99999999999909051,0.30479999999972279,-0.2,43,-2.1
2022-12-28,HENDERSON,00H,SG,248.83200757575759,248.83238636363637,1.999999999998181,0.60959999999944559,-0.2,43,-1.2
2022-12-28,HENDERSON,00H,SG,248.83238636363637,248.83276515151516,1.999999999998181,0.60959999999944559,-0.2,43,-1.3
2022-12-28,HENDERSON,00H,SG,248.79015151515151,248.79053030303029,1.999999999998181,0.60959999999944559,-0.2,43,-2.6
2022-12-28,HENDERSON,00H,SG,248.78257575757576,248.78295454545454,1.999999999998181,0.60959999999944559,-0.2,43,-2.9
2022-12-28,HENDERSON,00H,SG,248.78390151515151,248.7842803030303,1.999999999998181,0.60959999999944559,-0.2,43,-2.9
2022-12-28,HENDERSON,00H,SG,248.79772727272729,248.79810606060607,1.999999999998181,0.60959999999944559,-0.2,43,-2.4
2022-12-28,HENDERSON,00H,SG,248.77045454545456,248.77083333333334,1.999999999998181,0.60959999999944559,-0.2,44,-3
2022-12-28,HENDERSON,00H,SG,248.77594696969697,248.77632575757576,1.999999999998181,0.60959999999944559,-0.2,44,-3
2022-12-28,HENDERSON,00H,SG,248.78314393939394,248.78352272727273,1.999999999998181,0.60959999999944559,-0.2,43,-2.9
2022-12-28,HENDERSON,00H,SG,248.77935606060606,248.77973484848485,1.999999999998181,0.60959999999944559,-0.2,44,-2.9
2022-12-28,HENDERSON,00H,SG,248.80113636363637,248.80151515151516,1.999999999998181,0.60959999999944559,-0.2,43,-2.3
2022-12-28,HENDERSON,00H,SG,248.78352272727273,248.78390151515151,1.999999999998181,0.60959999999944559,-0.2,43,-2.8
2022-12-28,HENDERSON,00H,SG,248.77878787878788,248.77935606060606,2.9999999999972715,0.91439999999916843,-0.2,43,-2.9
2022-12-28,HENDERSON,00H,SG,248.79053030303029,248.79109848484848,2.9999999999972715,0.91439999999916843,-0.2,43,-2.7
2022-12-28,HENDERSON,00H,SG,248.80170454545456,248.80227272727274,2.9999999999972715,0.91439999999916843,-0.2,43,-2.3
2022-12-28,HENDERSON,00H,SG,248.80056818181819,248.80113636363637,2.9999999999972715,0.91439999999916843,-0.2,44,-2.4
2022-12-28,HENDERSON,00H,SG,248.80303030303031,248.80378787878789,3.999999999996362,1.2191999999988912,-0.2,43,-2.3
2022-12-28,HENDERSON,00H,SG,248.78939393939393,248.79015151515151,3.999999999996362,1.2191999999988912,-0.2,43,-2.7
2022-12-28,HENDERSON,00H,SG,248.80227272727274,248.80303030303031,3.999999999996362,1.2191999999988912,-0.2,44,-2.3
2022-12-28,HENDERSON,00H,SG,248.79109848484848,248.79185606060605,3.999999999996362,1.2191999999988912,-0.2,43,-2.6
2022-12-28,HENDERSON,00H,SG,248.83712121212122,248.83806818181819,4.9999999999954525,1.523999999998614,-0.2,43,-1.1
2022-12-28,HENDERSON,00H,SG,248.79431818181817,248.79526515151514,4.9999999999954525,1.523999999998614,-0.2,43,-2.5
2022-12-28,HENDERSON,00H,SG,248.79962121212122,248.80056818181819,4.9999999999954525,1.523999999998614,-0.2,43,-2.4
2022-12-28,HENDERSON,00H,SG,248.79829545454547,248.79943181818183,5.999999999994543,1.8287999999983369,-0.2,43,-2.4
2022-12-28,HENDERSON,00H,SG,248.78768939393939,248.78920454545454,7.999999999992724,2.4383999999977823,-0.2,43,-2.7
2022-12-28,HENDERSON,00H,SG,248.83541666666667,248.83693181818182,7.999999999992724,2.4383999999977823,-0.2,43,-1.1
2022-12-28,HENDERSON,00H,SG,248.79204545454544,248.79375,8.9999999999918145,2.743199999997505,-0.2,43,-2.6
2022-12-28,HENDERSON,00H,SG,248.83806818181819,248.84015151515152,10.999999999989996,3.3527999999969507,-0.2,43,-1
2022-12-28,HENDERSON,00H,SG,248.82424242424241,248.82632575757575,10.999999999989996,3.3527999999969507,-0.2,43,-1.5
2022-12-28,HENDERSON,00H,SG,248.81875,248.82083333333333,10.999999999989996,3.3527999999969507,-0.2,43,-1.7
2022-12-28,HENDERSON,00H,SG,248.82973484848486,248.83200757575759,11.999999999989086,3.6575999999966737,-0.2,43,-1.3
2022-12-28,HENDERSON,00H,SG,248.83276515151516,248.83503787878789,11.999999999989086,3.6575999999966737,-0.2,43,-1.2
2022-12-28,HENDERSON,00H,SG,248.79545454545453,248.79772727272729,12.000000000139153,3.657600000042414,-0.2,43,-2.5
2022-12-28,HENDERSON,00H,SG,248.77632575757576,248.77878787878788,12.999999999988177,3.9623999999963964,-0.2,43,-3
2022-12-28,HENDERSON,00H,SG,248.81003787878788,248.8125,12.999999999988177,3.9623999999963964,-0.2,43,-2
2022-12-28,HENDERSON,00H,SG,248.77973484848485,248.78238636363636,13.999999999987267,4.2671999999961194,-0.2,43,-2.9
2022-12-28,HENDERSON,00H,SG,248.80416666666667,248.80681818181819,13.999999999987267,4.2671999999961194,-0.2,43,-2.2
2022-12-28,HENDERSON,00H,SG,248.80719696969697,248.81003787878788,14.999999999986358,4.5719999999958416,-0.2,43,-2.1
2022-12-28,HENDERSON,00H,SG,248.81571969696969,248.81875,15.999999999985448,4.8767999999955647,-0.2,43,-1.8
2022-12-28,HENDERSON,00H,SG,248.82121212121211,248.82424242424241,15.999999999985448,4.8767999999955647,-0.2,43,-1.6
2022-12-28,HENDERSON,00H,SG,248.82632575757575,248.82935606060607,16.000000000135515,4.876800000041305,-0.2,43,-1.4
2022-12-28,HENDERSON,00H,SG,248.8125,248.81571969696969,16.999999999984539,5.1815999999952878,-0.2,43,-1.9
2022-12-28,HENDERSON,00H,SG,248.7842803030303,248.78768939393939,17.999999999983629,5.48639999999501,-0.2,43,-2.8
2022-12-28,HENDERSON,00H,SG,248.71003787878789,248.71344696969697,17.999999999983629,5.48639999999501,-0.2,43,-2.8
2022-12-28,HENDERSON,00H,SG,248.77083333333334,248.77594696969697,26.999999999975444,8.2295999999925158,-0.2,43,-3
2022-12-28,HENDERSON,00H,SG,248.71382575757576,248.725,58.99999999994634,17.983199999983643,-0.2,43,-2.9
2022-12-28,HENDERSON,00H,SG,248.725,248.77045454545456,240.00000000008185,73.152000000024955,-0.2,43,-3
2022-12-28,HENDERSON,00H,SG,252.35454545454544,252.35473484848484,0.99999999999909051,0.30479999999972279,-0.14,45,0.5
2022-12-28,HENDERSON,00H,SG,252.35549242424241,252.35568181818181,0.99999999999909051,0.30479999999972279,-0.14,45,0.5
2022-12-28,HENDERSON,00H,SG,252.34375,252.34393939393939,0.99999999999909051,0.30479999999972279,-0.14,45,0.8
2022-12-28,HENDERSON,00H,SG,252.11666666666667,252.11685606060607,0.99999999999909051,0.30479999999972279,-0.14,45,0.1
2022-12-28,HENDERSON,00H,SG,252.34772727272727,252.34791666666666,0.99999999999909051,0.30479999999972279,-0.14,45,0.6
2022-12-28,HENDERSON,00H,SG,252.35435606060605,252.35454545454544,0.99999999999909051,0.30479999999972279,-0.14,45,0.4
2022-12-28,HENDERSON,00H,SG,252.35189393939393,252.35208333333333,0.99999999999909051,0.30479999999972279,-0.14,45,0.6
2022-12-28,HENDERSON,00H,SG,252.34848484848484,252.34867424242424,0.99999999999909051,0.30479999999972279,-0.14,45,0.6
2022-12-28,HENDERSON,00H,SG,252.3558712121212,252.35606060606059,0.99999999999909051,0.30479999999972279,-0.14,45,0.5
2022-12-28,HENDERSON,00H,SG,252.3596590909091,252.3598484848485,0.99999999999909051,0.30479999999972279,-0.14,45,0.4
2022-12-28,HENDERSON,00H,SG,252.37443181818182,252.37462121212121,0.99999999999909051,0.30479999999972279,-0.14,45,0
2022-12-28,HENDERSON,00H,SG,252.11534090909092,252.11553030303031,0.99999999999909051,0.30479999999972279,-0.14,44,0.1
2022-12-28,HENDERSON,00H,SG,252.35568181818181,252.3558712121212,0.99999999999909051,0.30479999999972279,-0.14,45,0.4
2022-12-28,HENDERSON,00H,SG,252.34734848484848,252.34753787878788,0.99999999999909051,0.30479999999972279,-0.14,45,0.6
2022-12-28,HENDERSON,00H,SG,252.11382575757577,252.11401515151516,0.99999999999909051,0.30479999999972279,-0.14,44,0.1
2022-12-28,HENDERSON,00H,SG,252.34867424242424,252.34886363636363,0.99999999999909051,0.30479999999972279,-0.14,45,0.7
2022-12-28,HENDERSON,00H,SG,252.34753787878788,252.34772727272727,0.99999999999909051,0.30479999999972279,-0.14,45,0.7
2022-12-28,HENDERSON,00H,SG,252.36799242424243,252.36818181818182,0.99999999999909051,0.30479999999972279,-0.14,45,0.2
2022-12-28,HENDERSON,00H,SG,252.35151515151514,252.35170454545454,0.99999999999909051,0.30479999999972279,-0.14,45,0.6
2022-12-28,HENDERSON,00H,SG,252.34015151515152,252.34034090909091,0.99999999999909051,0.30479999999972279,-0.14,45,0.8
2022-12-28,HENDERSON,00H,SG,252.34034090909091,252.34053030303031,0.99999999999909051,0.30479999999972279,-0.14,45,0.9
2022-12-28,HENDERSON,00H,SG,252.35170454545454,252.35189393939393,0.99999999999909051,0.30479999999972279,-0.14,45,0.5
2022-12-28,HENDERSON,00H,SG,252.36325757575759,252.36344696969698,0.99999999999909051,0.30479999999972279,-0.14,45,0.3
2022-12-28,HENDERSON,00H,SG,252.35871212121211,252.3589015151515,0.99999999999909051,0.30479999999972279,-0.14,45,0.4
2022-12-28,HENDERSON,00H,SG,252.37367424242424,252.37386363636364,0.99999999999909051,0.30479999999972279,-0.14,46,0.1
2022-12-28,HENDERSON,00H,SG,252.11969696969697,252.12007575757576,1.999999999998181,0.60959999999944559,-0.14,45,0.1
2022-12-28,HENDERSON,00H,SG,252.34696969696969,252.34734848484848,1.999999999998181,0.60959999999944559,-0.14,45,0.7
2022-12-28,HENDERSON,00H,SG,252.375,252.37537878787879,1.999999999998181,0.60959999999944559,-0.14,45,0
2022-12-28,HENDERSON,00H,SG,252.37973484848484,252.38011363636363,1.999999999998181,0.60959999999944559,-0.14,45,0
2022-12-28,HENDERSON,00H,SG,252.11628787878789,252.11666666666667,1.999999999998181,0.60959999999944559,-0.14,45,0
2022-12-28,HENDERSON,00H,SG,252.37462121212121,252.375,1.999999999998181,0.60959999999944559,-0.14,45,0.1
2022-12-28,HENDERSON,00H,SG,252.10189393939393,252.10227272727272,1.999999999998181,0.60959999999944559,-0.14,45,0
2022-12-28,HENDERSON,00H,SG,252.34659090909091,252.34696969696969,1.999999999998181,0.60959999999944559,-0.14,45,0.6
2022-12-28,HENDERSON,00H,SG,252.1089015151515,252.10946969696968,2.9999999999972715,0.91439999999916843,-0.14,45,0
2022-12-28,HENDERSON,00H,SG,252.37386363636364,252.37443181818182,2.9999999999972715,0.91439999999916843,-0.14,45,0.1
2022-12-28,HENDERSON,00H,SG,252.34791666666666,252.34848484848484,2.9999999999972715,0.91439999999916843,-0.14,45,0.7
2022-12-28,HENDERSON,00H,SG,252.11268939393941,252.11325757575759,2.9999999999972715,0.91439999999916843,-0.14,45,0
2022-12-28,HENDERSON,00H,SG,252.37537878787879,252.37594696969697,2.9999999999972715,0.91439999999916843,-0.14,46,0
2022-12-28,HENDERSON,00H,SG,252.11325757575759,252.11382575757577,2.9999999999972715,0.91439999999916843,-0.14,44,0
2022-12-28,HENDERSON,00H,SG,252.36268939393941,252.36325757575759,2.9999999999972715,0.91439999999916843,-0.14,45,0.2
2022-12-28,HENDERSON,00H,SG,252.37897727272727,252.37973484848484,3.999999999996362,1.2191999999988912,-0.14,46,0
2022-12-28,HENDERSON,00H,SG,252.37708333333333,252.37784090909091,3.999999999996362,1.2191999999988912,-0.14,46,0
2022-12-28,HENDERSON,00H,SG,252.35795454545453,252.35871212121211,3.999999999996362,1.2191999999988912,-0.14,45,0.3
2022-12-28,HENDERSON,00H,SG,252.11553030303031,252.11628787878789,3.999999999996362,1.2191999999988912,-0.14,44,0
2022-12-28,HENDERSON,00H,SG,252.34299242424242,252.34375,3.999999999996362,1.2191999999988912,-0.14,45,0.7
2022-12-28,HENDERSON,00H,SG,252.35473484848484,252.35549242424241,3.999999999996362,1.2191999999988912,-0.14,45,0.4
2022-12-28,HENDERSON,00H,SG,252.11799242424243,252.11875,3.999999999996362,1.2191999999988912,-0.14,45,0.1
2022-12-28,HENDERSON,00H,SG,252.3589015151515,252.3596590909091,4.0000000001464286,1.2192000000446315,-0.14,45,0.3
2022-12-28,HENDERSON,00H,SG,252.11174242424244,252.11268939393941,4.9999999999954525,1.523999999998614,-0.14,44,0
2022-12-28,HENDERSON,00H,SG,252.11079545454547,252.11174242424244,4.9999999999954525,1.523999999998614,-0.14,45,0
2022-12-28,HENDERSON,00H,SG,252.11875,252.11969696969697,4.9999999999954525,1.523999999998614,-0.14,44,0.1
2022-12-28,HENDERSON,00H,SG,252.3780303030303,252.37897727272727,4.9999999999954525,1.523999999998614,-0.14,45,0
2022-12-28,HENDERSON,00H,SG,252.35037878787878,252.35151515151514,5.999999999994543,1.8287999999983369,-0.14,45,0.5
2022-12-28,HENDERSON,00H,SG,252.11685606060607,252.11799242424243,5.999999999994543,1.8287999999983369,-0.14,44,0.1
2022-12-28,HENDERSON,00H,SG,252.37594696969697,252.37708333333333,5.999999999994543,1.8287999999983369,-0.14,45,0
2022-12-28,HENDERSON,00H,SG,252.36666666666667,252.36799242424243,6.9999999999936335,2.1335999999980597,-0.14,45,0.1
2022-12-28,HENDERSON,00H,SG,252.11401515151516,252.11534090909092,6.9999999999936335,2.1335999999980597,-0.14,44,0
2022-12-28,HENDERSON,00H,SG,252.10946969696971,252.11079545454547,6.9999999999936335,2.1335999999980597,-0.14,44,0
2022-12-28,HENDERSON,00H,SG,252.34886363636363,252.35037878787878,7.999999999992724,2.4383999999977823,-0.14,45,0.6
2022-12-28,HENDERSON,00H,SG,252.35606060606059,252.35795454545453,9.9999999999909051,3.047999999997228,-0.14,45,0.4
2022-12-28,HENDERSON,00H,SG,252.35208333333333,252.35416666666666,10.999999999989996,3.3527999999969507,-0.14,45,0.5
2022-12-28,HENDERSON,00H,SG,252.34053030303031,252.34299242424242,12.999999999988177,3.9623999999963964,-0.14,45,0.8
2022-12-28,HENDERSON,00H,SG,252.34393939393939,252.34659090909091,13.999999999987267,4.2671999999961194,-0.14,45,0.7
2022-12-28,HENDERSON,00H,SG,252.3598484848485,252.36268939393941,14.999999999986358,4.5719999999958416,-0.14,45,0.3
2022-12-28,HENDERSON,00H,SG,252.36344696969698,252.36666666666667,16.999999999984539,5.1815999999952878,-0.14,45,0.2
2022-12-28,HENDERSON,00H,SG,252.36818181818182,252.37367424242424,28.999999999973625,8.8391999999919619,-0.14,45,0.1
2022-12-28,HENDERSON,00H,SG,252.10227272727272,252.1089015151515,34.999999999968168,10.667999999990299,-0.14,44,0
2022-12-28,HENDERSON,00H,SG,252.08011363636365,252.10189393939393,114.99999999989541,35.051999999968125,-0.14,44,0
2022-12-28,HENDERSON,00H,SG,252.97007575757576,253,158.00000000000637,48.15840000000194,-0.13,47,0
2022-12-28,HENDERSON,00H,SG,250.32178030303029,250.32196969696969,0.99999999999909051,0.30479999999972279,-0.12,41,-1.4
2022-12-28,HENDERSON,00H,SG,250.31306818181818,250.31325757575758,0.99999999999909051,0.30479999999972279,-0.12,41,-1
2022-12-28,HENDERSON,00H,SG,250.32329545454544,250.32348484848484,0.99999999999909051,0.30479999999972279,-0.12,41,-1.6
2022-12-28,HENDERSON,00H,SG,250.34715909090909,250.34734848484848,0.99999999999909051,0.30479999999972279,-0.12,41,-3
2022-12-28,HENDERSON,00H,SG,250.34886363636363,250.34905303030303,0.99999999999909051,0.30479999999972279,-0.12,41,-3
2022-12-28,HENDERSON,00H,SG,250.31477272727273,250.31496212121212,0.99999999999909051,0.30479999999972279,-0.12,41,-1
2022-12-28,HENDERSON,00H,SG,250.31780303030303,250.31799242424242,0.99999999999909051,0.30479999999972279,-0.12,41,-1.3
2022-12-28,HENDERSON,00H,SG,250.30359848484849,250.30378787878789,0.99999999999909051,0.30479999999972279,-0.12,41,-0.3
2022-12-28,HENDERSON,00H,SG,250.30738636363637,250.30757575757576,0.99999999999909051,0.30479999999972279,-0.12,41,-0.5
2022-12-28,HENDERSON,00H,SG,250.33333333333334,250.33352272727274,0.99999999999909051,0.30479999999972279,-0.12,41,-2.1
2022-12-28,HENDERSON,00H,SG,250.30113636363637,250.30132575757577,0.99999999999909051,0.30479999999972279,-0.12,41,-0.2
2022-12-28,HENDERSON,00H,SG,250.30606060606061,250.30625,0.99999999999909051,0.30479999999972279,-0.12,41,-0.5
2022-12-28,HENDERSON,00H,SG,250.31022727272727,250.31041666666667,0.99999999999909051,0.30479999999972279,-0.12,41,-0.7
2022-12-28,HENDERSON,00H,SG,250.33106060606062,250.33125,0.99999999999909051,0.30479999999972279,-0.12,41,-2.1
2022-12-28,HENDERSON,00H,SG,250.34867424242424,250.34886363636363,0.99999999999909051,0.30479999999972279,-0.12,41,-3.1
2022-12-28,HENDERSON,00H,SG,250.31193181818182,250.31212121212121,0.99999999999909051,0.30479999999972279,-0.12,41,-0.8
2022-12-28,HENDERSON,00H,SG,250.31818181818181,250.31837121212121,0.99999999999909051,0.30479999999972279,-0.12,41,-1.3
2022-12-28,HENDERSON,00H,SG,250.32443181818181,250.3246212121212,0.99999999999909051,0.30479999999972279,-0.12,41,-1.7
2022-12-28,HENDERSON,00H,SG,250.32954545454547,250.32973484848486,0.99999999999909051,0.30479999999972279,-0.12,41,-1.9
2022-12-28,HENDERSON,00H,SG,250.31799242424242,250.31818181818181,0.99999999999909051,0.30479999999972279,-0.12,41,-1.2
2022-12-28,HENDERSON,00H,SG,250.35321969696969,250.35340909090908,0.99999999999909051,0.30479999999972279,-0.12,41,-3.4
2022-12-28,HENDERSON,00H,SG,250.15568181818182,250.15587121212121,0.99999999999909051,0.30479999999972279,-0.12,41,-0.1
2022-12-28,HENDERSON,00H,SG,250.30965909090909,250.30984848484849,0.99999999999909051,0.30479999999972279,-0.12,41,-0.8
2022-12-28,HENDERSON,00H,SG,250.32708333333332,250.32727272727271,0.99999999999909051,0.30479999999972279,-0.12,41,-1.8
2022-12-28,HENDERSON,00H,SG,250.33371212121213,250.33390151515152,0.99999999999909051,0.30479999999972279,-0.12,41,-2.1
2022-12-28,HENDERSON,00H,SG,250.33541666666667,250.33560606060607,0.99999999999909051,0.30479999999972279,-0.12,41,-2.3
2022-12-28,HENDERSON,00H,SG,250.34204545454546,250.34223484848485,0.99999999999909051,0.30479999999972279,-0.12,41,-2.7
2022-12-28,HENDERSON,00H,SG,250.15340909090909,250.15359848484849,0.99999999999909051,0.30479999999972279,-0.12,41,-0.1
2022-12-28,HENDERSON,00H,SG,250.3034090909091,250.30359848484849,0.99999999999909051,0.30479999999972279,-0.12,41,-0.4
2022-12-28,HENDERSON,00H,SG,250.31496212121212,250.31515151515151,0.99999999999909051,0.30479999999972279,-0.12,41,-1.1
2022-12-28,HENDERSON,00H,SG,250.32632575757575,250.32651515151514,0.99999999999909051,0.30479999999972279,-0.12,41,-1.7
2022-12-28,HENDERSON,00H,SG,250.32651515151514,250.32670454545453,0.99999999999909051,0.30479999999972279,-0.12,41,-1.8
2022-12-28,HENDERSON,00H,SG,250.31003787878788,250.31022727272727,0.99999999999909051,0.30479999999972279,-0.12,41,-0.8
2022-12-28,HENDERSON,00H,SG,250.3467803030303,250.34696969696969,0.99999999999909051,0.30479999999972279,-0.12,41,-3
2022-12-28,HENDERSON,00H,SG,250.35473484848484,250.35492424242423,0.99999999999909051,0.30479999999972279,-0.12,41,-3.4
2022-12-28,HENDERSON,00H,SG,250.30378787878789,250.30397727272728,0.99999999999909051,0.30479999999972279,-0.12,41,-0.4
2022-12-28,HENDERSON,00H,SG,250.30757575757576,250.30776515151516,0.99999999999909051,0.30479999999972279,-0.12,41,-0.6
2022-12-28,HENDERSON,00H,SG,250.32935606060607,250.32954545454547,0.99999999999909051,0.30479999999972279,-0.12,41,-2
2022-12-28,HENDERSON,00H,SG,250.33522727272728,250.33541666666667,0.99999999999909051,0.30479999999972279,-0.12,41,-2.2
2022-12-28,HENDERSON,00H,SG,250.29753787878789,250.29772727272729,0.99999999999909051,0.30479999999972279,-0.12,41,-0.1
2022-12-28,HENDERSON,00H,SG,250.33674242424243,250.33693181818182,0.99999999999909051,0.30479999999972279,-0.12,41,-2.4
2022-12-28,HENDERSON,00H,SG,250.34034090909091,250.34053030303031,0.99999999999909051,0.30479999999972279,-0.12,41,-2.5
2022-12-28,HENDERSON,00H,SG,250.3276515151515,250.3278409090909,0.99999999999909051,0.30479999999972279,-0.12,41,-1.8
2022-12-28,HENDERSON,00H,SG,250.34223484848485,250.34242424242424,0.99999999999909051,0.30479999999972279,-0.12,41,-2.8
2022-12-28,HENDERSON,00H,SG,250.32348484848484,250.32367424242423,0.99999999999909051,0.30479999999972279,-0.12,41,-1.5
2022-12-28,HENDERSON,00H,SG,250.33503787878789,250.33522727272728,0.99999999999909051,0.30479999999972279,-0.12,41,-2.3
2022-12-28,HENDERSON,00H,SG,250.35303030303029,250.35321969696969,0.99999999999909051,0.30479999999972279,-0.12,41,-3.3
2022-12-28,HENDERSON,00H,SG,250.31723484848484,250.31742424242424,0.99999999999909051,0.30479999999972279,-0.12,41,-1.1
2022-12-28,HENDERSON,00H,SG,250.33200757575759,250.33219696969698,0.99999999999909051,0.30479999999972279,-0.12,41,-2
2022-12-28,HENDERSON,00H,SG,250.30568181818182,250.30587121212122,0.99999999999909051,0.30479999999972279,-0.12,41,-0.4
2022-12-28,HENDERSON,00H,SG,250.30189393939395,250.30208333333334,0.99999999999909051,0.30479999999972279,-0.12,41,-0.4
2022-12-28,HENDERSON,00H,SG,250.35946969696971,250.3596590909091,0.99999999999909051,0.30479999999972279,-0.12,41,-3.7
2022-12-28,HENDERSON,00H,SG,250.35625,250.35643939393938,0.99999999999909051,0.30479999999972279,-0.12,41,-3.5
2022-12-28,HENDERSON,00H,SG,250.30549242424243,250.30568181818182,0.99999999999909051,0.30479999999972279,-0.12,41,-0.5
2022-12-28,HENDERSON,00H,SG,250.35530303030302,250.35549242424241,0.99999999999909051,0.30479999999972279,-0.12,41,-3.4
2022-12-28,HENDERSON,00H,SG,250.32234848484848,250.32253787878787,0.99999999999909051,0.30479999999972279,-0.12,41,-1.4
2022-12-28,HENDERSON,00H,SG,250.30435606060607,250.30454545454546,0.99999999999909051,0.30479999999972279,-0.12,41,-0.4
2022-12-28,HENDERSON,00H,SG,250.30909090909091,250.30928030303031,0.99999999999909051,0.30479999999972279,-0.12,41,-0.7
2022-12-28,HENDERSON,00H,SG,250.31136363636364,250.31155303030303,0.99999999999909051,0.30479999999972279,-0.12,41,-0.8
2022-12-28,HENDERSON,00H,SG,250.30890151515152,250.30909090909091,0.99999999999909051,0.30479999999972279,-0.12,41,-0.6
2022-12-28,HENDERSON,00H,SG,250.3528409090909,250.35303030303029,0.99999999999909051,0.30479999999972279,-0.12,40,-3.4
2022-12-28,HENDERSON,00H,SG,250.33352272727274,250.33371212121213,0.99999999999909051,0.30479999999972279,-0.12,41,-2.3
2022-12-28,HENDERSON,00H,SG,250.33428030303031,250.33446969696971,0.99999999999909051,0.30479999999972279,-0.12,41,-2.2
2022-12-28,HENDERSON,00H,SG,250.33276515151516,250.33295454545456,0.99999999999909051,0.30479999999972279,-0.12,41,-2.1
2022-12-28,HENDERSON,00H,SG,250.2964015151515,250.2965909090909,0.99999999999909051,0.30479999999972279,-0.12,41,-0.2
2022-12-28,HENDERSON,00H,SG,250.34905303030303,250.34924242424242,0.99999999999909051,0.30479999999972279,-0.12,41,-3.2
2022-12-28,HENDERSON,00H,SG,250.1532196969697,250.15340909090909,0.99999999999909051,0.30479999999972279,-0.12,41,0
2022-12-28,HENDERSON,00H,SG,250.3,250.30018939393941,0.99999999999909051,0.30479999999972279,-0.12,41,-0.2
2022-12-28,HENDERSON,00H,SG,250.30018939393941,250.3003787878788,0.99999999999909051,0.30479999999972279,-0.12,41,-0.3
2022-12-28,HENDERSON,00H,SG,250.30984848484849,250.31003787878788,0.99999999999909051,0.30479999999972279,-0.12,41,-0.7
2022-12-28,HENDERSON,00H,SG,250.34147727272727,250.34166666666667,0.99999999999909051,0.30479999999972279,-0.12,41,-2.6
2022-12-28,HENDERSON,00H,SG,250.29772727272729,250.29791666666668,0.99999999999909051,0.30479999999972279,-0.12,41,-0.2
2022-12-28,HENDERSON,00H,SG,250.3376893939394,250.33787878787879,0.99999999999909051,0.30479999999972279,-0.12,41,-2.5
2022-12-28,HENDERSON,00H,SG,250.30587121212122,250.30606060606061,0.99999999999909051,0.30479999999972279,-0.12,41,-0.6
2022-12-28,HENDERSON,00H,SG,250.33125,250.33143939393941,0.99999999999909051,0.30479999999972279,-0.12,41,-2
2022-12-28,HENDERSON,00H,SG,250.33484848484849,250.33503787878789,0.99999999999909051,0.30479999999972279,-0.12,41,-2.2
2022-12-28,HENDERSON,00H,SG,250.34696969696969,250.34715909090909,0.99999999999909051,0.30479999999972279,-0.12,41,-2.9
2022-12-28,HENDERSON,00H,SG,250.35454545454544,250.35473484848484,0.99999999999909051,0.30479999999972279,-0.12,41,-3.5
2022-12-28,HENDERSON,00H,SG,250.30681818181819,250.30700757575758,0.99999999999909051,0.30479999999972279,-0.12,41,-0.5
2022-12-28,HENDERSON,00H,SG,250.3246212121212,250.32481060606059,0.99999999999909051,0.30479999999972279,-0.12,41,-1.6
2022-12-28,HENDERSON,00H,SG,250.33655303030304,250.33674242424243,0.99999999999909051,0.30479999999972279,-0.12,41,-2.3
2022-12-28,HENDERSON,00H,SG,250.35643939393938,250.35662878787878,0.99999999999909051,0.30479999999972279,-0.12,40,-3.5
2022-12-28,HENDERSON,00H,SG,250.31931818181818,250.31950757575757,0.99999999999909051,0.30479999999972279,-0.12,41,-1.3
2022-12-28,HENDERSON,00H,SG,250.32196969696969,250.32234848484848,1.999999999998181,0.60959999999944559,-0.12,41,-1.5
2022-12-28,HENDERSON,00H,SG,250.30397727272728,250.30435606060607,1.999999999998181,0.60959999999944559,-0.12,41,-0.5
2022-12-28,HENDERSON,00H,SG,250.31742424242424,250.31780303030303,1.999999999998181,0.60959999999944559,-0.12,41,-1.2
2022-12-28,HENDERSON,00H,SG,250.33693181818182,250.33731060606061,1.999999999998181,0.60959999999944559,-0.12,41,-2.5
2022-12-28,HENDERSON,00H,SG,250.34356060606061,250.34393939393939,1.999999999998181,0.60959999999944559,-0.12,41,-2.9
2022-12-28,HENDERSON,00H,SG,250.29791666666668,250.29829545454547,1.999999999998181,0.60959999999944559,-0.12,41,-0.1
2022-12-28,HENDERSON,00H,SG,250.31155303030303,250.31193181818182,1.999999999998181,0.60959999999944559,-0.12,41,-0.9
2022-12-28,HENDERSON,00H,SG,250.30075757575759,250.30113636363637,1.999999999998181,0.60959999999944559,-0.12,41,-0.3
2022-12-28,HENDERSON,00H,SG,250.30928030303031,250.30965909090909,1.999999999998181,0.60959999999944559,-0.12,41,-0.6
2022-12-28,HENDERSON,00H,SG,250.35549242424241,250.3558712121212,1.999999999998181,0.60959999999944559,-0.12,41,-3.5
2022-12-28,HENDERSON,00H,SG,250.32556818181817,250.32594696969696,1.999999999998181,0.60959999999944559,-0.12,41,-1.7
2022-12-28,HENDERSON,00H,SG,250.35056818181818,250.35094696969696,1.999999999998181,0.60959999999944559,-0.12,41,-3.2
2022-12-28,HENDERSON,00H,SG,250.33446969696971,250.33484848484849,1.999999999998181,0.60959999999944559,-0.12,41,-2.3
2022-12-28,HENDERSON,00H,SG,250.34924242424242,250.34962121212121,1.999999999998181,0.60959999999944559,-0.12,41,-3.1
2022-12-28,HENDERSON,00H,SG,250.32481060606059,250.32518939393938,1.999999999998181,0.60959999999944559,-0.12,41,-1.7
2022-12-28,HENDERSON,00H,SG,250.35492424242423,250.35530303030302,1.999999999998181,0.60959999999944559,-0.12,41,-3.5
2022-12-28,HENDERSON,00H,SG,250.32594696969696,250.32632575757575,1.999999999998181,0.60959999999944559,-0.12,41,-1.8
2022-12-28,HENDERSON,00H,SG,250.33030303030304,250.33068181818183,1.999999999998181,0.60959999999944559,-0.12,41,-1.9
2022-12-28,HENDERSON,00H,SG,250.33390151515152,250.33428030303031,1.999999999998181,0.60959999999944559,-0.12,41,-2.3
2022-12-28,HENDERSON,00H,SG,250.33068181818183,250.33106060606062,1.999999999998181,0.60959999999944559,-0.12,41,-2
2022-12-28,HENDERSON,00H,SG,250.30511363636364,250.30549242424243,1.999999999998181,0.60959999999944559,-0.12,41,-0.4
2022-12-28,HENDERSON,00H,SG,250.31041666666667,250.31079545454546,1.999999999998181,0.60959999999944559,-0.12,41,-0.8
2022-12-28,HENDERSON,00H,SG,250.31439393939394,250.31477272727273,1.999999999998181,0.60959999999944559,-0.12,41,-0.9
2022-12-28,HENDERSON,00H,SG,250.35340909090908,250.35378787878787,1.999999999998181,0.60959999999944559,-0.12,41,-3.3
2022-12-28,HENDERSON,00H,SG,250.30700757575758,250.30738636363637,1.999999999998181,0.60959999999944559,-0.12,41,-0.6
2022-12-28,HENDERSON,00H,SG,250.32518939393938,250.32556818181817,1.999999999998181,0.60959999999944559,-0.12,41,-1.6
2022-12-28,HENDERSON,00H,SG,250.33731060606061,250.3376893939394,1.999999999998181,0.60959999999944559,-0.12,41,-2.4
2022-12-28,HENDERSON,00H,SG,250.34166666666667,250.34204545454546,1.999999999998181,0.60959999999944559,-0.12,41,-2.8
2022-12-28,HENDERSON,00H,SG,250.2965909090909,250.29696969696968,1.999999999998181,0.60959999999944559,-0.12,41,-0.1
2022-12-28,HENDERSON,00H,SG,250.30303030303031,250.3034090909091,1.999999999998181,0.60959999999944559,-0.12,41,-0.3
2022-12-28,HENDERSON,00H,SG,250.35719696969696,250.35757575757575,1.999999999998181,0.60959999999944559,-0.12,41,-3.6
2022-12-28,HENDERSON,00H,SG,250.3003787878788,250.30075757575759,1.999999999998181,0.60959999999944559,-0.12,41,-0.2
2022-12-28,HENDERSON,00H,SG,250.30208333333334,250.30246212121213,1.999999999998181,0.60959999999944559,-0.12,41,-0.3
2022-12-28,HENDERSON,00H,SG,250.31988636363636,250.32026515151514,1.999999999998181,0.60959999999944559,-0.12,41,-1.3
2022-12-28,HENDERSON,00H,SG,250.3596590909091,250.36003787878789,1.999999999998181,0.60959999999944559,-0.12,41,-3.6
2022-12-28,HENDERSON,00H,SG,250.31950757575757,250.31988636363636,1.999999999998181,0.60959999999944559,-0.12,41,-1.4
2022-12-28,HENDERSON,00H,SG,250.34640151515151,250.3467803030303,1.999999999998181,0.60959999999944559,-0.12,41,-2.9
2022-12-28,HENDERSON,00H,SG,250.32727272727271,250.3276515151515,1.999999999998181,0.60959999999944559,-0.12,41,-1.9
2022-12-28,HENDERSON,00H,SG,250.3558712121212,250.35625,1.999999999998181,0.60959999999944559,-0.12,41,-3.4
2022-12-28,HENDERSON,00H,SG,250.32670454545453,250.32708333333332,1.999999999998181,0.60959999999944559,-0.12,41,-1.7
2022-12-28,HENDERSON,00H,SG,250.33295454545456,250.33333333333334,1.999999999998181,0.60959999999944559,-0.12,41,-2.2
2022-12-28,HENDERSON,00H,SG,250.35018939393939,250.35056818181818,1.999999999998181,0.60959999999944559,-0.12,41,-3.1
2022-12-28,HENDERSON,00H,SG,250.35094696969696,250.35151515151514,2.9999999999972715,0.91439999999916843,-0.12,41,-3.3
2022-12-28,HENDERSON,00H,SG,250.31666666666666,250.31723484848484,2.9999999999972715,0.91439999999916843,-0.12,41,-1.2
2022-12-28,HENDERSON,00H,SG,250.31382575757576,250.31439393939394,2.9999999999972715,0.91439999999916843,-0.12,41,-1
2022-12-28,HENDERSON,00H,SG,250.31079545454546,250.31136363636364,2.9999999999972715,0.91439999999916843,-0.12,41,-0.7
2022-12-28,HENDERSON,00H,SG,250.35151515151514,250.35208333333333,2.9999999999972715,0.91439999999916843,-0.12,41,-3.2
2022-12-28,HENDERSON,00H,SG,250.30625,250.30681818181819,2.9999999999972715,0.91439999999916843,-0.12,41,-0.6
2022-12-28,HENDERSON,00H,SG,250.31325757575758,250.31382575757576,2.9999999999972715,0.91439999999916843,-0.12,41,-0.9
2022-12-28,HENDERSON,00H,SG,250.32973484848486,250.33030303030304,2.9999999999972715,0.91439999999916843,-0.12,41,-2
2022-12-28,HENDERSON,00H,SG,250.30132575757577,250.30189393939395,2.9999999999972715,0.91439999999916843,-0.12,41,-0.3
2022-12-28,HENDERSON,00H,SG,250.30246212121213,250.30303030303031,2.9999999999972715,0.91439999999916843,-0.12,41,-0.4
2022-12-28,HENDERSON,00H,SG,250.35757575757575,250.35814393939393,2.9999999999972715,0.91439999999916843,-0.12,41,-3.5
2022-12-28,HENDERSON,00H,SG,250.34242424242424,250.34299242424242,2.9999999999972715,0.91439999999916843,-0.12,41,-2.7
2022-12-28,HENDERSON,00H,SG,250.30454545454546,250.30511363636364,2.9999999999972715,0.91439999999916843,-0.12,41,-0.5
2022-12-28,HENDERSON,00H,SG,250.34299242424242,250.34356060606061,2.9999999999972715,0.91439999999916843,-0.12,41,-2.8
2022-12-28,HENDERSON,00H,SG,250.34810606060606,250.34867424242424,2.9999999999972715,0.91439999999916843,-0.12,41,-3
2022-12-28,HENDERSON,00H,SG,250.33143939393941,250.33200757575759,2.9999999999972715,0.91439999999916843,-0.12,41,-2.1
2022-12-28,HENDERSON,00H,SG,250.34962121212121,250.35018939393939,2.9999999999972715,0.91439999999916843,-0.12,41,-3.2
2022-12-28,HENDERSON,00H,SG,250.32121212121211,250.32178030303029,2.9999999999972715,0.91439999999916843,-0.12,41,-1.5
2022-12-28,HENDERSON,00H,SG,250.29943181818183,250.3,2.9999999999972715,0.91439999999916843,-0.12,41,-0.3
2022-12-28,HENDERSON,00H,SG,250.35662878787878,250.35719696969696,2.9999999999972715,0.91439999999916843,-0.12,41,-3.5
2022-12-28,HENDERSON,00H,SG,250.33219696969698,250.33276515151516,2.9999999999972715,0.91439999999916843,-0.12,41,-2.2
2022-12-28,HENDERSON,00H,SG,250.29696969696971,250.29753787878789,2.9999999999972715,0.91439999999916843,-0.12,41,-0.2
2022-12-28,HENDERSON,00H,SG,250.32367424242423,250.32443181818181,3.999999999996362,1.2191999999988912,-0.12,41,-1.6
2022-12-28,HENDERSON,00H,SG,250.31515151515151,250.31590909090909,3.999999999996362,1.2191999999988912,-0.12,41,-1
2022-12-28,HENDERSON,00H,SG,250.34734848484848,250.34810606060606,3.999999999996362,1.2191999999988912,-0.12,41,-3.1
2022-12-28,HENDERSON,00H,SG,250.31590909090909,250.31666666666666,3.999999999996362,1.2191999999988912,-0.12,41,-1.1
2022-12-28,HENDERSON,00H,SG,250.34393939393939,250.34469696969697,3.999999999996362,1.2191999999988912,-0.12,41,-2.8
2022-12-28,HENDERSON,00H,SG,250.34564393939394,250.34640151515151,3.999999999996362,1.2191999999988912,-0.12,41,-3
2022-12-28,HENDERSON,00H,SG,250.32253787878787,250.32329545454544,3.999999999996362,1.2191999999988912,-0.12,41,-1.5
2022-12-28,HENDERSON,00H,SG,250.35378787878787,250.35454545454544,3.999999999996362,1.2191999999988912,-0.12,41,-3.4
2022-12-28,HENDERSON,00H,SG,250.35208333333333,250.3528409090909,3.999999999996362,1.2191999999988912,-0.12,41,-3.3
2022-12-28,HENDERSON,00H,SG,250.33787878787879,250.33863636363637,3.999999999996362,1.2191999999988912,-0.12,41,-2.4
2022-12-28,HENDERSON,00H,SG,250.31212121212121,250.31306818181818,4.9999999999954525,1.523999999998614,-0.12,41,-0.9
2022-12-28,HENDERSON,00H,SG,250.34469696969697,250.34564393939394,4.9999999999954525,1.523999999998614,-0.12,41,-2.9
2022-12-28,HENDERSON,00H,SG,250.32026515151514,250.32121212121211,4.9999999999954525,1.523999999998614,-0.12,41,-1.4
2022-12-28,HENDERSON,00H,SG,250.33560606060607,250.33655303030304,4.9999999999954525,1.523999999998614,-0.12,41,-2.4
2022-12-28,HENDERSON,00H,SG,250.34053030303031,250.34147727272727,4.9999999999954525,1.523999999998614,-0.12,41,-2.7
2022-12-28,HENDERSON,00H,SG,250.31837121212121,250.31931818181818,4.9999999999954525,1.523999999998614,-0.12,41,-1.2
2022-12-28,HENDERSON,00H,SG,250.29829545454547,250.29943181818183,5.999999999994543,1.8287999999983369,-0.12,41,-0.2
2022-12-28,HENDERSON,00H,SG,250.30776515151516,250.30890151515152,5.999999999994543,1.8287999999983369,-0.12,41,-0.7
2022-12-28,HENDERSON,00H,SG,250.35814393939393,250.35946969696968,6.9999999999936335,2.1335999999980597,-0.12,41,-3.6
2022-12-28,HENDERSON,00H,SG,250.3278409090909,250.32935606060607,8.00000000014279,2.4384000000435226,-0.12,41,-1.9
2022-12-28,HENDERSON,00H,SG,250.33863636363637,250.34034090909091,8.9999999999918145,2.743199999997505,-0.12,41,-2.6
2022-12-28,HENDERSON,00H,SG,250.15359848484849,250.15568181818182,10.999999999989996,3.3527999999969507,-0.12,41,0
2022-12-28,HENDERSON,00H,SG,250.15094696969697,250.1532196969697,11.999999999989086,3.6575999999966737,-0.12,41,-0.1
2022-12-28,HENDERSON,00H,SG,250.29071969696969,250.2964015151515,29.999999999972715,9.1439999999916832,-0.12,41,-0.1
2022-12-28,HENDERSON,00H,SG,250.07007575757575,250.15094696969697,427.00000000006185,130.14960000001886,-0.12,41,0
2022-12-28,HENDERSON,00H,SG,250.15587121212121,250.29071969696969,711.99999999995271,217.01759999998558,-0.12,41,0
2022-12-28,HENDERSON,00H,SG,251.93125,251.9314393939394,0.99999999999909051,0.30479999999972279,0,43,0
2022-12-28,HENDERSON,00H,SG,251.90416666666667,251.90435606060606,0.99999999999909051,0.30479999999972279,0,43,0
2022-12-28,HENDERSON,00H,SG,248.84867424242424,248.84886363636363,0.99999999999909051,0.30479999999972279,0,43,-0.6
2022-12-28,HENDERSON,00H,SG,248.86117424242425,248.86136363636365,0.99999999999909051,0.30479999999972279,0,43,-0.3
2022-12-28,HENDERSON,00H,SG,248.86799242424243,248.86818181818182,0.99999999999909051,0.30479999999972279,0,43,0
2022-12-28,HENDERSON,00H,SG,252.61174242424244,252.61193181818183,0.99999999999909051,0.30479999999972279,0,47,0
2022-12-28,HENDERSON,00H,SG,248.67897727272728,248.67916666666667,0.99999999999909051,0.30479999999972279,0,43,-1.4
2022-12-28,HENDERSON,00H,SG,248.68863636363636,248.68882575757576,0.99999999999909051,0.30479999999972279,0,43,-2
2022-12-28,HENDERSON,00H,SG,248.27954545454546,248.27973484848485,0.99999999999909051,0.30479999999972279,0,41,1.7
2022-12-28,HENDERSON,00H,SG,248.875,248.87518939393939,0.99999999999909051,0.30479999999972279,0,44,0
2022-12-28,HENDERSON,00H,SG,248.84507575757576,248.84526515151515,0.99999999999909051,0.30479999999972279,0,43,-0.7
2022-12-28,HENDERSON,00H,SG,252.38276515151514,252.38295454545454,0.99999999999909051,0.30479999999972279,0,46,0
2022-12-28,HENDERSON,00H,SG,248.86022727272729,248.86041666666668,0.99999999999909051,0.30479999999972279,0,43,-0.3
2022-12-28,HENDERSON,00H,SG,248.27973484848485,248.27992424242424,0.99999999999909051,0.30479999999972279,0,41,1.8
2022-12-28,HENDERSON,00H,SG,248.84015151515152,248.84034090909091,0.99999999999909051,0.30479999999972279,0,43,-0.9
2022-12-28,HENDERSON,00H,SG,248.85056818181818,248.85075757575757,0.99999999999909051,0.30479999999972279,0,43,-0.5
2022-12-28,HENDERSON,00H,SG,248.85454545454544,248.85473484848484,0.99999999999909051,0.30479999999972279,0,43,-0.4
2022-12-28,HENDERSON,00H,SG,252.42178030303029,252.42196969696968,0.99999999999909051,0.30479999999972279,0,45,0
2022-12-28,HENDERSON,00H,SG,248.84204545454546,248.84223484848485,0.99999999999909051,0.30479999999972279,0,43,-0.9
2022-12-28,HENDERSON,00H,SG,248.86003787878789,248.86022727272729,0.99999999999909051,0.30479999999972279,0,43,-0.2
2022-12-28,HENDERSON,00H,SG,248.70227272727271,248.70246212121211,0.99999999999909051,0.30479999999972279,0,43,-2.6
2022-12-28,HENDERSON,00H,SG,248.70246212121211,248.7026515151515,0.99999999999909051,0.30479999999972279,0,43,-2.5
2022-12-28,HENDERSON,00H,SG,248.86818181818182,248.86837121212122,0.99999999999909051,0.30479999999972279,0,44,0
2022-12-28,HENDERSON,00H,SG,251.94375,251.94393939393939,0.99999999999909051,0.30479999999972279,0,43,0
2022-12-28,HENDERSON,00H,SG,248.69943181818181,248.6996212121212,0.99999999999909051,0.30479999999972279,0,43,-2.5
2022-12-28,HENDERSON,00H,SG,252.42727272727274,252.42746212121213,0.99999999999909051,0.30479999999972279,0,45,0
2022-12-28,HENDERSON,00H,SG,248.84185606060606,248.84204545454546,0.99999999999909051,0.30479999999972279,0,43,-0.8
2022-12-28,HENDERSON,00H,SG,248.85113636363636,248.85132575757575,0.99999999999909051,0.30479999999972279,0,43,-0.5
2022-12-28,HENDERSON,00H,SG,252.43257575757576,252.43276515151516,0.99999999999909051,0.30479999999972279,0,45,0
2022-12-28,HENDERSON,00H,SG,248.67878787878789,248.67897727272728,0.99999999999909051,0.30479999999972279,0,43,-1.5
2022-12-28,HENDERSON,00H,SG,248.67992424242425,248.68011363636364,0.99999999999909051,0.30479999999972279,0,43,-1.6
2022-12-28,HENDERSON,00H,SG,252.42348484848486,252.42367424242425,0.99999999999909051,0.30479999999972279,0,45,0
2022-12-28,HENDERSON,00H,SG,248.84772727272727,248.84791666666666,0.99999999999909051,0.30479999999972279,0,43,-0.6
2022-12-28,HENDERSON,00H,SG,248.85719696969696,248.85738636363635,0.99999999999909051,0.30479999999972279,0,44,-0.4
2022-12-28,HENDERSON,00H,SG,248.68276515151516,248.68314393939394,1.999999999998181,0.60959999999944559,0,43,-1.6
2022-12-28,HENDERSON,00H,SG,248.69678030303029,248.69715909090908,1.999999999998181,0.60959999999944559,0,43,-2.4
2022-12-28,HENDERSON,00H,SG,252.42897727272728,252.42935606060607,1.999999999998181,0.60959999999944559,0,45,0
2022-12-28,HENDERSON,00H,SG,248.84034090909091,248.8407196969697,1.999999999998181,0.60959999999944559,0,43,-1
2022-12-28,HENDERSON,00H,SG,248.84886363636363,248.84924242424242,1.999999999998181,0.60959999999944559,0,43,-0.7
2022-12-28,HENDERSON,00H,SG,252.62045454545455,252.62083333333334,1.999999999998181,0.60959999999944559,0,47,0
2022-12-28,HENDERSON,00H,SG,248.85473484848484,248.85511363636363,1.999999999998181,0.60959999999944559,0,43,-0.5
2022-12-28,HENDERSON,00H,SG,248.87518939393939,248.87556818181818,1.999999999998181,0.60959999999944559,0,44,0.1
2022-12-28,HENDERSON,00H,SG,248.8590909090909,248.85946969696968,1.999999999998181,0.60959999999944559,0,44,-0.3
2022-12-28,HENDERSON,00H,SG,248.91912878787878,248.91950757575756,1.999999999998181,0.60959999999944559,0,44,0
2022-12-28,HENDERSON,00H,SG,251.92916666666667,251.92954545454546,1.999999999998181,0.60959999999944559,0,43,0
2022-12-28,HENDERSON,00H,SG,252.62215909090909,252.62253787878788,1.999999999998181,0.60959999999944559,0,47,0
2022-12-28,HENDERSON,00H,SG,251.9221590909091,251.92253787878789,1.999999999998181,0.60959999999944559,0,43,0
2022-12-28,HENDERSON,00H,SG,252.61704545454546,252.61742424242425,1.999999999998181,0.60959999999944559,0,47,0
2022-12-28,HENDERSON,00H,SG,251.92556818181819,251.92594696969698,1.999999999998181,0.60959999999944559,0,43,0
2022-12-28,HENDERSON,00H,SG,248.91742424242423,248.91780303030302,1.999999999998181,0.60959999999944559,0,44,0
2022-12-28,HENDERSON,00H,SG,248.69242424242424,248.69280303030303,1.999999999998181,0.60959999999944559,0,43,-2.2
2022-12-28,HENDERSON,00H,SG,248.85075757575757,248.85113636363636,1.999999999998181,0.60959999999944559,0,43,-0.6
2022-12-28,HENDERSON,00H,SG,251.91856060606059,251.91893939393938,1.999999999998181,0.60959999999944559,0,43,0
2022-12-28,HENDERSON,00H,SG,252.61875,252.61912878787879,1.999999999998181,0.60959999999944559,0,47,0
2022-12-28,HENDERSON,00H,SG,252.61344696969698,252.61382575757577,1.999999999998181,0.60959999999944559,0,47,0
2022-12-28,HENDERSON,00H,SG,251.93295454545455,251.93333333333334,1.999999999998181,0.60959999999944559,0,43,0
2022-12-28,HENDERSON,00H,SG,248.30965909090909,248.31003787878788,1.999999999998181,0.60959999999944559,0,41,0.4
2022-12-28,HENDERSON,00H,SG,251.91477272727272,251.91515151515151,1.999999999998181,0.60959999999944559,0,43,0
2022-12-28,HENDERSON,00H,SG,251.92026515151514,251.92064393939393,1.999999999998181,0.60959999999944559,0,43,0
2022-12-28,HENDERSON,00H,SG,248.84223484848485,248.84261363636364,1.999999999998181,0.60959999999944559,0,43,-0.8
2022-12-28,HENDERSON,00H,SG,248.85511363636363,248.85549242424241,1.999999999998181,0.60959999999944559,0,43,-0.4
2022-12-28,HENDERSON,00H,SG,248.91553030303029,248.91590909090908,1.999999999998181,0.60959999999944559,0,44,0
2022-12-28,HENDERSON,00H,SG,252.62746212121212,252.62784090909091,1.999999999998181,0.60959999999944559,0,47,0
2022-12-28,HENDERSON,00H,SG,252.62386363636364,252.62424242424242,1.999999999998181,0.60959999999944559,0,47,0
2022-12-28,HENDERSON,00H,SG,248.69507575757575,248.69545454545454,1.999999999998181,0.60959999999944559,0,43,-2.3
2022-12-28,HENDERSON,00H,SG,248.91212121212121,248.9125,1.999999999998181,0.60959999999944559,0,44,0
2022-12-28,HENDERSON,00H,SG,248.69204545454545,248.69242424242424,1.999999999998181,0.60959999999944559,0,43,-2.1
2022-12-28,HENDERSON,00H,SG,251.90587121212121,251.90625,1.999999999998181,0.60959999999944559,0,43,0
2022-12-28,HENDERSON,00H,SG,248.68238636363637,248.68276515151516,1.999999999998181,0.60959999999944559,0,43,-1.7
2022-12-28,HENDERSON,00H,SG,252.41988636363635,252.42026515151514,1.999999999998181,0.60959999999944559,0,45,0
2022-12-28,HENDERSON,00H,SG,252.61515151515152,252.61553030303031,1.999999999998181,0.60959999999944559,0,47,0
2022-12-28,HENDERSON,00H,SG,248.90852272727273,248.90909090909091,2.9999999999972715,0.91439999999916843,0,44,0
2022-12-28,HENDERSON,00H,SG,248.91022727272727,248.91079545454545,2.9999999999972715,0.91439999999916843,0,44,0
2022-12-28,HENDERSON,00H,SG,252.41079545454545,252.41136363636363,2.9999999999972715,0.91439999999916843,0,45,0
2022-12-28,HENDERSON,00H,SG,248.68011363636364,248.68068181818182,2.9999999999972715,0.91439999999916843,0,43,-1.5
2022-12-28,HENDERSON,00H,SG,248.91950757575756,248.92007575757575,2.9999999999972715,0.91439999999916843,0,43,0
2022-12-28,HENDERSON,00H,SG,248.90151515151516,248.90208333333334,2.9999999999972715,0.91439999999916843,0,44,0
2022-12-28,HENDERSON,00H,SG,251.91117424242424,251.91174242424242,2.9999999999972715,0.91439999999916843,0,43,0
2022-12-28,HENDERSON,00H,SG,252.40719696969697,252.40776515151515,2.9999999999972715,0.91439999999916843,0,45,0
2022-12-28,HENDERSON,00H,SG,252.4125,252.41306818181818,2.9999999999972715,0.91439999999916843,0,45,0
2022-12-28,HENDERSON,00H,SG,252.40530303030303,252.40587121212121,2.9999999999972715,0.91439999999916843,0,45,0
2022-12-28,HENDERSON,00H,SG,248.87140151515152,248.8719696969697,2.9999999999972715,0.91439999999916843,0,44,0
2022-12-28,HENDERSON,00H,SG,251.89848484848486,251.89905303030304,2.9999999999972715,0.91439999999916843,0,43,0
2022-12-28,HENDERSON,00H,SG,251.91287878787878,251.91344696969696,2.9999999999972715,0.91439999999916843,0,43,0
2022-12-28,HENDERSON,00H,SG,252.64696969696971,252.64753787878789,2.9999999999972715,0.91439999999916843,0,47,0
2022-12-28,HENDERSON,00H,SG,252.64886363636364,252.64943181818182,2.9999999999972715,0.91439999999916843,0,47,0
2022-12-28,HENDERSON,00H,SG,248.89431818181819,248.89488636363637,2.9999999999972715,0.91439999999916843,0,44,0
2022-12-28,HENDERSON,00H,SG,251.89659090909092,251.8971590909091,2.9999999999972715,0.91439999999916843,0,43,0
2022-12-28,HENDERSON,00H,SG,248.89261363636365,248.89318181818183,2.9999999999972715,0.91439999999916843,0,44,0
2022-12-28,HENDERSON,00H,SG,252.60795454545453,252.60852272727271,2.9999999999972715,0.91439999999916843,0,47,0
2022-12-28,HENDERSON,00H,SG,248.88560606060605,248.88617424242423,2.9999999999972715,0.91439999999916843,0,44,0.1
2022-12-28,HENDERSON,00H,SG,251.90757575757576,251.90814393939394,2.9999999999972715,0.91439999999916843,0,43,0
2022-12-28,HENDERSON,00H,SG,252.39261363636365,252.39318181818183,2.9999999999972715,0.91439999999916843,0,45,0
2022-12-28,HENDERSON,00H,SG,248.91382575757575,248.91439393939393,2.9999999999972715,0.91439999999916843,0,44,0
2022-12-28,HENDERSON,00H,SG,248.69621212121211,248.69678030303029,2.9999999999972715,0.91439999999916843,0,43,-2.3
2022-12-28,HENDERSON,00H,SG,252.64943181818182,252.65,2.9999999999972715,0.91439999999916843,0,46,0
2022-12-28,HENDERSON,00H,SG,248.85738636363635,248.85795454545453,2.9999999999972715,0.91439999999916843,0,44,-0.3
2022-12-28,HENDERSON,00H,SG,252.41628787878787,252.41685606060605,2.9999999999972715,0.91439999999916843,0,45,0
2022-12-28,HENDERSON,00H,SG,252.63636363636363,252.63693181818181,2.9999999999972715,0.91439999999916843,0,47,0
2022-12-28,HENDERSON,00H,SG,251.9092803030303,251.90984848484848,2.9999999999972715,0.91439999999916843,0,43,0
2022-12-28,HENDERSON,00H,SG,252.38541666666666,252.38598484848484,2.9999999999972715,0.91439999999916843,0,45,0
2022-12-28,HENDERSON,00H,SG,252.38011363636363,252.38068181818181,2.9999999999972715,0.91439999999916843,0,45,0
2022-12-28,HENDERSON,00H,SG,251.89128787878789,251.89185606060607,2.9999999999972715,0.91439999999916843,0,43,0
2022-12-28,HENDERSON,00H,SG,251.89488636363637,251.89545454545456,2.9999999999972715,0.91439999999916843,0,43,0
2022-12-28,HENDERSON,00H,SG,252.41439393939393,252.41496212121211,2.9999999999972715,0.91439999999916843,0,45,0
2022-12-28,HENDERSON,00H,SG,252.63276515151514,252.63333333333333,2.9999999999972715,0.91439999999916843,0,47,0
2022-12-28,HENDERSON,00H,SG,252.63465909090908,252.63522727272726,2.9999999999972715,0.91439999999916843,0,47,0
2022-12-28,HENDERSON,00H,SG,248.67007575757575,248.67064393939393,2.9999999999972715,0.91439999999916843,0,43,-1
2022-12-28,HENDERSON,00H,SG,248.9032196969697,248.90378787878788,2.9999999999972715,0.91439999999916843,0,44,0
2022-12-28,HENDERSON,00H,SG,252.39621212121213,252.39678030303031,2.9999999999972715,0.91439999999916843,0,45,0
2022-12-28,HENDERSON,00H,SG,248.87310606060606,248.87367424242424,2.9999999999972715,0.91439999999916843,0,44,0
2022-12-28,HENDERSON,00H,SG,252.41799242424241,252.41856060606059,2.9999999999972715,0.91439999999916843,0,45,0
2022-12-28,HENDERSON,00H,SG,248.88901515151514,248.88958333333332,2.9999999999972715,0.91439999999916843,0,44,0.1
2022-12-28,HENDERSON,00H,SG,252.40890151515151,252.40946969696969,2.9999999999972715,0.91439999999916843,0,45,0
2022-12-28,HENDERSON,00H,SG,248.85946969696971,248.86003787878789,2.9999999999972715,0.91439999999916843,0,43,-0.3
2022-12-28,HENDERSON,00H,SG,248.69431818181818,248.69507575757575,3.999999999996362,1.2191999999988912,0,43,-2.2
2022-12-28,HENDERSON,00H,SG,248.89071969696971,248.89147727272729,3.999999999996362,1.2191999999988912,0,44,0.1
2022-12-28,HENDERSON,00H,SG,252.63806818181817,252.63882575757575,3.999999999996362,1.2191999999988912,0,47,0
2022-12-28,HENDERSON,00H,SG,248.84791666666666,248.84867424242424,3.999999999996362,1.2191999999988912,0,43,-0.7
2022-12-28,HENDERSON,00H,SG,248.86041666666668,248.86117424242425,3.999999999996362,1.2191999999988912,0,43,-0.2
2022-12-28,HENDERSON,00H,SG,248.86969696969697,248.87045454545455,3.999999999996362,1.2191999999988912,0,44,0
2022-12-28,HENDERSON,00H,SG,252.40170454545455,252.40246212121212,3.999999999996362,1.2191999999988912,0,45,0
2022-12-28,HENDERSON,00H,SG,252.64337121212122,252.6441287878788,3.999999999996362,1.2191999999988912,0,47,0
2022-12-28,HENDERSON,00H,SG,248.89602272727274,248.89678030303031,3.999999999996362,1.2191999999988912,0,44,0
2022-12-28,HENDERSON,00H,SG,248.88731060606059,248.88806818181817,3.999999999996362,1.2191999999988912,0,44,0.1
2022-12-28,HENDERSON,00H,SG,248.89962121212122,248.90037878787879,3.999999999996362,1.2191999999988912,0,44,0
2022-12-28,HENDERSON,00H,SG,251.90189393939394,251.90265151515152,3.999999999996362,1.2191999999988912,0,43,0
2022-12-28,HENDERSON,00H,SG,248.84261363636364,248.84337121212121,3.999999999996362,1.2191999999988912,0,43,-0.9
2022-12-28,HENDERSON,00H,SG,248.90662878787879,248.90738636363636,3.999999999996362,1.2191999999988912,0,44,0
2022-12-28,HENDERSON,00H,SG,248.67916666666667,248.67992424242425,3.999999999996362,1.2191999999988912,0,43,-1.5
2022-12-28,HENDERSON,00H,SG,248.87670454545454,248.87746212121212,3.999999999996362,1.2191999999988912,0,44,0.1
2022-12-28,HENDERSON,00H,SG,252.38068181818181,252.38143939393939,3.999999999996362,1.2191999999988912,0,46,0
2022-12-28,HENDERSON,00H,SG,248.69545454545454,248.69621212121211,3.999999999996362,1.2191999999988912,0,43,-2.2
2022-12-28,HENDERSON,00H,SG,252.62556818181818,252.62632575757576,3.999999999996362,1.2191999999988912,0,47,0
2022-12-28,HENDERSON,00H,SG,252.64507575757577,252.64583333333334,3.999999999996362,1.2191999999988912,0,47,0
2022-12-28,HENDERSON,00H,SG,248.89791666666667,248.89867424242425,3.999999999996362,1.2191999999988912,0,44,0
2022-12-28,HENDERSON,00H,SG,248.85549242424241,248.85625,3.999999999996362,1.2191999999988912,0,44,-0.4
2022-12-28,HENDERSON,00H,SG,248.88030303030303,248.8810606060606,3.999999999996362,1.2191999999988912,0,44,0.1
2022-12-28,HENDERSON,00H,SG,248.87840909090909,248.87916666666666,3.999999999996362,1.2191999999988912,0,44,0.1
2022-12-28,HENDERSON,00H,SG,252.39431818181819,252.39507575757577,3.999999999996362,1.2191999999988912,0,45,0
2022-12-28,HENDERSON,00H,SG,252.63977272727271,252.64053030303029,3.999999999996362,1.2191999999988912,0,47,0
2022-12-28,HENDERSON,00H,SG,252.64166666666668,252.64242424242425,3.999999999996362,1.2191999999988912,0,47,0
2022-12-28,HENDERSON,00H,SG,252.39791666666667,252.39867424242425,3.999999999996362,1.2191999999988912,0,45,0
2022-12-28,HENDERSON,00H,SG,248.88371212121211,248.88446969696969,3.999999999996362,1.2191999999988912,0,44,0.1
2022-12-28,HENDERSON,00H,SG,248.88200757575757,248.88276515151514,3.999999999996362,1.2191999999988912,0,44,0.1
2022-12-28,HENDERSON,00H,SG,248.6996212121212,248.70037878787878,3.999999999996362,1.2191999999988912,0,43,-2.4
2022-12-28,HENDERSON,00H,SG,248.85132575757575,248.85208333333333,3.999999999996362,1.2191999999988912,0,43,-0.6
2022-12-28,HENDERSON,00H,SG,252.38882575757575,252.38958333333332,3.999999999996362,1.2191999999988912,0,45,0
2022-12-28,HENDERSON,00H,SG,248.90492424242424,248.90568181818182,3.999999999996362,1.2191999999988912,0,44,0
2022-12-28,HENDERSON,00H,SG,252.40340909090909,252.40416666666667,3.999999999996362,1.2191999999988912,0,45,0
2022-12-28,HENDERSON,00H,SG,248.89867424242425,248.89962121212122,4.9999999999954525,1.523999999998614,0,43,0
2022-12-28,HENDERSON,00H,SG,252.39962121212122,252.40056818181819,4.9999999999954525,1.523999999998614,0,45,0
2022-12-28,HENDERSON,00H,SG,251.89393939393941,251.89488636363637,4.9999999999954525,1.523999999998614,0,44,0
2022-12-28,HENDERSON,00H,SG,252.6441287878788,252.64507575757577,4.9999999999954525,1.523999999998614,0,46,0
2022-12-28,HENDERSON,00H,SG,248.88276515151514,248.88371212121211,4.9999999999954525,1.523999999998614,0,43,0.1
2022-12-28,HENDERSON,00H,SG,252.64242424242425,252.64337121212122,4.9999999999954525,1.523999999998614,0,46,0
2022-12-28,HENDERSON,00H,SG,252.40246212121212,252.40340909090909,4.9999999999954525,1.523999999998614,0,46,0
2022-12-28,HENDERSON,00H,SG,248.88806818181817,248.88901515151514,4.9999999999954525,1.523999999998614,0,43,0.1
2022-12-28,HENDERSON,00H,SG,251.89905303030304,251.9,4.9999999999954525,1.523999999998614,0,44,0
2022-12-28,HENDERSON,00H,SG,252.39867424242425,252.39962121212122,4.9999999999954525,1.523999999998614,0,46,0
2022-12-28,HENDERSON,00H,SG,248.87746212121212,248.87840909090909,4.9999999999954525,1.523999999998614,0,43,0.1
2022-12-28,HENDERSON,00H,SG,248.85625,248.85719696969696,4.9999999999954525,1.523999999998614,0,43,-0.4
2022-12-28,HENDERSON,00H,SG,248.8810606060606,248.88200757575757,4.9999999999954525,1.523999999998614,0,43,0.1
2022-12-28,HENDERSON,00H,SG,252.38598484848484,252.38693181818181,4.9999999999954525,1.523999999998614,0,46,0
2022-12-28,HENDERSON,00H,SG,252.38693181818181,252.38787878787878,4.9999999999954525,1.523999999998614,0,45,0
2022-12-28,HENDERSON,00H,SG,251.89185606060607,251.89280303030304,4.9999999999954525,1.523999999998614,0,44,0
2022-12-28,HENDERSON,00H,SG,251.9,251.90094696969697,4.9999999999954525,1.523999999998614,0,43,0
2022-12-28,HENDERSON,00H,SG,252.39166666666668,252.39261363636365,4.9999999999954525,1.523999999998614,0,46,0
2022-12-28,HENDERSON,00H,SG,252.39071969696971,252.39166666666668,4.9999999999954525,1.523999999998614,0,45,0
2022-12-28,HENDERSON,00H,SG,252.63882575757575,252.63977272727271,4.9999999999954525,1.523999999998614,0,46,0
2022-12-28,HENDERSON,00H,SG,251.90094696969697,251.90189393939394,4.9999999999954525,1.523999999998614,0,44,0
2022-12-28,HENDERSON,00H,SG,252.38787878787878,252.38882575757575,4.9999999999954525,1.523999999998614,0,46,0
2022-12-28,HENDERSON,00H,SG,248.90568181818182,248.90662878787879,4.9999999999954525,1.523999999998614,0,43,0
2022-12-28,HENDERSON,00H,SG,248.87045454545455,248.87140151515152,4.9999999999954525,1.523999999998614,0,43,0
2022-12-28,HENDERSON,00H,SG,252.40056818181819,252.40151515151516,4.9999999999954525,1.523999999998614,0,46,0
2022-12-28,HENDERSON,00H,SG,252.39507575757577,252.39621212121213,5.999999999994543,1.8287999999983369,0,46,0
2022-12-28,HENDERSON,00H,SG,248.87916666666666,248.88030303030303,5.999999999994543,1.8287999999983369,0,43,0.1
2022-12-28,HENDERSON,00H,SG,248.89318181818183,248.89431818181819,5.999999999994543,1.8287999999983369,0,43,0
2022-12-28,HENDERSON,00H,SG,248.89678030303031,248.89791666666667,5.999999999994543,1.8287999999983369,0,43,0
2022-12-28,HENDERSON,00H,SG,248.84526515151515,248.84640151515151,5.999999999994543,1.8287999999983369,0,43,-0.8
2022-12-28,HENDERSON,00H,SG,252.38428030303029,252.38541666666666,5.999999999994543,1.8287999999983369,0,46,0
2022-12-28,HENDERSON,00H,SG,252.41685606060605,252.41799242424241,5.999999999994543,1.8287999999983369,0,46,0
2022-12-28,HENDERSON,00H,SG,248.90738636363636,248.90852272727273,5.999999999994543,1.8287999999983369,0,43,0
2022-12-28,HENDERSON,00H,SG,248.91439393939393,248.91553030303029,5.999999999994543,1.8287999999983369,0,43,0
2022-12-28,HENDERSON,00H,SG,252.38958333333332,252.39071969696968,5.999999999994543,1.8287999999983369,0,46,0
2022-12-28,HENDERSON,00H,SG,252.39318181818183,252.39431818181819,5.999999999994543,1.8287999999983369,0,46,0
2022-12-28,HENDERSON,00H,SG,252.63693181818181,252.63806818181817,5.999999999994543,1.8287999999983369,0,46,0
2022-12-28,HENDERSON,00H,SG,252.64583333333334,252.64696969696971,5.999999999994543,1.8287999999983369,0,46,0
2022-12-28,HENDERSON,00H,SG,248.88958333333332,248.89071969696968,5.999999999994543,1.8287999999983369,0,43,0.1
2022-12-28,HENDERSON,00H,SG,251.91174242424242,251.91287878787878,5.999999999994543,1.8287999999983369,0,44,0
2022-12-28,HENDERSON,00H,SG,248.89488636363637,248.89602272727274,5.999999999994543,1.8287999999983369,0,43,0
2022-12-28,HENDERSON,00H,SG,248.8719696969697,248.87310606060606,5.999999999994543,1.8287999999983369,0,43,0
2022-12-28,HENDERSON,00H,SG,248.69829545454544,248.69943181818181,5.999999999994543,1.8287999999983369,0,43,-2.4
2022-12-28,HENDERSON,00H,SG,248.88446969696969,248.88560606060605,5.999999999994543,1.8287999999983369,0,43,0.1
2022-12-28,HENDERSON,00H,SG,252.40776515151515,252.40890151515151,5.999999999994543,1.8287999999983369,0,46,0
2022-12-28,HENDERSON,00H,SG,252.63522727272726,252.63636363636363,5.999999999994543,1.8287999999983369,0,46,0
2022-12-28,HENDERSON,00H,SG,252.40416666666667,252.40530303030303,5.999999999994543,1.8287999999983369,0,46,0
2022-12-28,HENDERSON,00H,SG,248.8407196969697,248.84185606060606,5.999999999994543,1.8287999999983369,0,43,-0.9
2022-12-28,HENDERSON,00H,SG,248.90378787878788,248.90492424242424,5.999999999994543,1.8287999999983369,0,43,0
2022-12-28,HENDERSON,00H,SG,248.90909090909091,248.91022727272727,5.999999999994543,1.8287999999983369,0,43,0
2022-12-28,HENDERSON,00H,SG,252.62632575757576,252.62746212121212,5.999999999994543,1.8287999999983369,0,46,0
2022-12-28,HENDERSON,00H,SG,248.6875,248.68863636363636,5.999999999994543,1.8287999999983369,0,43,-1.9
2022-12-28,HENDERSON,00H,SG,248.90037878787879,248.90151515151516,5.999999999994543,1.8287999999983369,0,43,0
2022-12-28,HENDERSON,00H,SG,248.90208333333334,248.9032196969697,5.999999999994543,1.8287999999983369,0,43,0
2022-12-28,HENDERSON,00H,SG,251.89545454545456,251.89659090909092,5.999999999994543,1.8287999999983369,0,44,0
2022-12-28,HENDERSON,00H,SG,251.89280303030304,251.89393939393941,5.999999999994543,1.8287999999983369,0,43,0
2022-12-28,HENDERSON,00H,SG,248.85795454545453,248.8590909090909,5.999999999994543,1.8287999999983369,0,43,-0.3
2022-12-28,HENDERSON,00H,SG,251.90814393939394,251.9092803030303,5.999999999994543,1.8287999999983369,0,44,0
2022-12-28,HENDERSON,00H,SG,248.69715909090908,248.69829545454544,5.999999999994543,1.8287999999983369,0,43,-2.3
2022-12-28,HENDERSON,00H,SG,248.88617424242423,248.88731060606059,5.999999999994543,1.8287999999983369,0,43,0.1
2022-12-28,HENDERSON,00H,SG,252.41136363636363,252.4125,5.999999999994543,1.8287999999983369,0,46,0
2022-12-28,HENDERSON,00H,SG,252.39678030303031,252.39791666666667,5.999999999994543,1.8287999999983369,0,46,0
2022-12-28,HENDERSON,00H,SG,248.87556818181818,248.87670454545454,5.999999999994543,1.8287999999983369,0,43,0.1
2022-12-28,HENDERSON,00H,SG,248.89147727272729,248.89261363636365,5.999999999994543,1.8287999999983369,0,43,0
2022-12-28,HENDERSON,00H,SG,252.64053030303029,252.64166666666668,6.00000000014461,1.8288000000440772,0,46,0
2022-12-28,HENDERSON,00H,SG,251.8901515151515,251.89128787878789,6.00000000014461,1.8288000000440772,0,44,0
2022-12-28,HENDERSON,00H,SG,248.68882575757576,248.69015151515151,6.9999999999936335,2.1335999999980597,0,43,-1.9
2022-12-28,HENDERSON,00H,SG,252.61382575757577,252.61515151515152,6.9999999999936335,2.1335999999980597,0,46,0
2022-12-28,HENDERSON,00H,SG,252.40587121212121,252.40719696969697,6.9999999999936335,2.1335999999980597,0,46,0
2022-12-28,HENDERSON,00H,SG,252.62424242424242,252.62556818181818,6.9999999999936335,2.1335999999980597,0,46,0
2022-12-28,HENDERSON,00H,SG,251.91344696969696,251.91477272727272,6.9999999999936335,2.1335999999980597,0,44,0
2022-12-28,HENDERSON,00H,SG,252.61742424242425,252.61875,6.9999999999936335,2.1335999999980597,0,46,0
2022-12-28,HENDERSON,00H,SG,252.64753787878789,252.64886363636364,6.9999999999936335,2.1335999999980597,0,46,0
2022-12-28,HENDERSON,00H,SG,252.41306818181818,252.41439393939393,6.9999999999936335,2.1335999999980597,0,46,0
2022-12-28,HENDERSON,00H,SG,252.41496212121211,252.41628787878787,6.9999999999936335,2.1335999999980597,0,46,0
2022-12-28,HENDERSON,00H,SG,248.27992424242424,248.28125,6.9999999999936335,2.1335999999980597,0,41,1.7
2022-12-28,HENDERSON,00H,SG,248.86837121212122,248.86969696969697,6.9999999999936335,2.1335999999980597,0,43,0
2022-12-28,HENDERSON,00H,SG,248.9125,248.91382575757575,6.9999999999936335,2.1335999999980597,0,43,0
2022-12-28,HENDERSON,00H,SG,252.62253787878788,252.62386363636364,6.9999999999936335,2.1335999999980597,0,46,0
2022-12-28,HENDERSON,00H,SG,248.87367424242424,248.875,6.9999999999936335,2.1335999999980597,0,43,0
2022-12-28,HENDERSON,00H,SG,251.8971590909091,251.89848484848486,6.9999999999936335,2.1335999999980597,0,44,0
2022-12-28,HENDERSON,00H,SG,248.91780303030302,248.91912878787878,6.9999999999936335,2.1335999999980597,0,43,0
2022-12-28,HENDERSON,00H,SG,252.40946969696969,252.41079545454545,6.9999999999936335,2.1335999999980597,0,46,0
2022-12-28,HENDERSON,00H,SG,252.63333333333333,252.63465909090908,6.9999999999936335,2.1335999999980597,0,46,0
2022-12-28,HENDERSON,00H,SG,252.38143939393939,252.38276515151514,6.9999999999936335,2.1335999999980597,0,45,0
2022-12-28,HENDERSON,00H,SG,252.61912878787879,252.62045454545455,6.9999999999936335,2.1335999999980597,0,46,0
2022-12-28,HENDERSON,00H,SG,252.38295454545454,252.38428030303029,6.9999999999936335,2.1335999999980597,0,45,0
2022-12-28,HENDERSON,00H,SG,251.90984848484848,251.91117424242424,6.9999999999936335,2.1335999999980597,0,44,0
2022-12-28,HENDERSON,00H,SG,248.91079545454545,248.91212121212121,6.9999999999936335,2.1335999999980597,0,43,0
2022-12-28,HENDERSON,00H,SG,252.41856060606059,252.41988636363635,6.9999999999936335,2.1335999999980597,0,46,0
2022-12-28,HENDERSON,00H,SG,248.84640151515151,248.84772727272727,6.9999999999936335,2.1335999999980597,0,43,-0.7
2022-12-28,HENDERSON,00H,SG,248.84924242424242,248.85056818181818,6.9999999999936335,2.1335999999980597,0,43,-0.6
2022-12-28,HENDERSON,00H,SG,251.91893939393938,251.92026515151514,6.9999999999936335,2.1335999999980597,0,44,0
2022-12-28,HENDERSON,00H,SG,252.62083333333334,252.62215909090909,6.9999999999936335,2.1335999999980597,0,46,0
2022-12-28,HENDERSON,00H,SG,251.90625,251.90757575757576,6.9999999999936335,2.1335999999980597,0,44,0
2022-12-28,HENDERSON,00H,SG,252.61553030303031,252.61704545454546,7.999999999992724,2.4383999999977823,0,46,0
2022-12-28,HENDERSON,00H,SG,252.42196969696971,252.42348484848486,7.999999999992724,2.4383999999977823,0,46,0
2022-12-28,HENDERSON,00H,SG,251.90435606060606,251.90587121212121,7.999999999992724,2.4383999999977823,0,44,0
2022-12-28,HENDERSON,00H,SG,252.42026515151514,252.42178030303029,7.999999999992724,2.4383999999977823,0,46,0
2022-12-28,HENDERSON,00H,SG,248.91590909090908,248.91742424242423,7.999999999992724,2.4383999999977823,0,43,0
2022-12-28,HENDERSON,00H,SG,248.27083333333334,248.27234848484849,7.999999999992724,2.4383999999977823,0,41,2.2
2022-12-28,HENDERSON,00H,SG,251.90265151515152,251.90416666666667,7.999999999992724,2.4383999999977823,0,44,0
2022-12-28,HENDERSON,00H,SG,252.61193181818183,252.61344696969698,7.999999999992724,2.4383999999977823,0,46,0
2022-12-28,HENDERSON,00H,SG,248.69280303030303,248.69431818181818,7.999999999992724,2.4383999999977823,0,43,-2.1
2022-12-28,HENDERSON,00H,SG,251.9314393939394,251.93295454545455,7.999999999992724,2.4383999999977823,0,44,0
2022-12-28,HENDERSON,00H,SG,252.42746212121213,252.42897727272728,7.999999999992724,2.4383999999977823,0,46,0
2022-12-28,HENDERSON,00H,SG,251.92064393939393,251.9221590909091,8.00000000014279,2.4384000000435226,0,44,0
2022-12-28,HENDERSON,00H,SG,251.92954545454546,251.93125,8.9999999999918145,2.743199999997505,0,44,0
2022-12-28,HENDERSON,00H,SG,248.27784090909091,248.27954545454546,8.9999999999918145,2.743199999997505,0,41,1.8
2022-12-28,HENDERSON,00H,SG,248.68068181818182,248.68238636363637,8.9999999999918145,2.743199999997505,0,43,-1.6
2022-12-28,HENDERSON,00H,SG,248.27424242424243,248.27594696969697,8.9999999999918145,2.743199999997505,0,41,2
2022-12-28,HENDERSON,00H,SG,248.84337121212121,248.84507575757576,8.9999999999918145,2.743199999997505,0,43,-0.8
2022-12-28,HENDERSON,00H,SG,248.67272727272729,248.67443181818183,8.9999999999918145,2.743199999997505,0,43,-1.2
2022-12-28,HENDERSON,00H,SG,248.70814393939395,248.71003787878789,9.9999999999909051,3.047999999997228,0,43,-2.8
2022-12-28,HENDERSON,00H,SG,248.27594696969697,248.27784090909091,9.9999999999909051,3.047999999997228,0,41,1.9
2022-12-28,HENDERSON,00H,SG,248.69015151515151,248.69204545454545,9.9999999999909051,3.047999999997228,0,43,-2
2022-12-28,HENDERSON,00H,SG,248.27234848484849,248.27424242424243,9.9999999999909051,3.047999999997228,0,41,2.1
2022-12-28,HENDERSON,00H,SG,248.70037878787878,248.70227272727271,9.9999999999909051,3.047999999997228,0,43,-2.5
2022-12-28,HENDERSON,00H,SG,248.28352272727273,248.28560606060606,10.999999999989996,3.3527999999969507,0,41,1.5
2022-12-28,HENDERSON,00H,SG,248.86136363636365,248.86344696969698,10.999999999989996,3.3527999999969507,0,43,-0.2
2022-12-28,HENDERSON,00H,SG,248.68314393939394,248.68522727272727,10.999999999989996,3.3527999999969507,0,43,-1.7
2022-12-28,HENDERSON,00H,SG,248.67443181818183,248.67651515151516,10.999999999989996,3.3527999999969507,0,43,-1.3
2022-12-28,HENDERSON,00H,SG,248.29071969696969,248.29280303030302,10.999999999989996,3.3527999999969507,0,41,1.2
2022-12-28,HENDERSON,00H,SG,248.67064393939393,248.67272727272729,11.000000000140062,3.352800000042691,0,43,-1.1
2022-12-28,HENDERSON,00H,SG,248.29545454545453,248.29753787878789,11.000000000140062,3.352800000042691,0,41,1
2022-12-28,HENDERSON,00H,SG,248.28125,248.28352272727273,11.999999999989086,3.6575999999966737,0,41,1.6
2022-12-28,HENDERSON,00H,SG,248.29753787878789,248.29981060606062,11.999999999989086,3.6575999999966737,0,41,0.9
2022-12-28,HENDERSON,00H,SG,248.30738636363637,248.30965909090909,11.999999999989086,3.6575999999966737,0,41,0.5
2022-12-28,HENDERSON,00H,SG,248.67651515151516,248.67878787878789,11.999999999989086,3.6575999999966737,0,43,-1.4
2022-12-28,HENDERSON,00H,SG,248.68522727272727,248.6875,11.999999999989086,3.6575999999966737,0,43,-1.8
2022-12-28,HENDERSON,00H,SG,248.28825757575757,248.29071969696969,12.999999999988177,3.9623999999963964,0,41,1.3
2022-12-28,HENDERSON,00H,SG,248.30246212121213,248.30492424242425,12.999999999988177,3.9623999999963964,0,41,0.7
2022-12-28,HENDERSON,00H,SG,248.30492424242425,248.30738636363637,12.999999999988177,3.9623999999963964,0,41,0.6
2022-12-28,HENDERSON,00H,SG,248.85208333333333,248.85454545454544,12.999999999988177,3.9623999999963964,0,43,-0.5
2022-12-28,HENDERSON,00H,SG,248.26553030303029,248.26799242424244,13.000000000138243,3.9624000000421367,0,41,2.4
2022-12-28,HENDERSON,00H,SG,248.7026515151515,248.70511363636365,13.000000000138243,3.9624000000421367,0,43,-2.6
2022-12-28,HENDERSON,00H,SG,248.28560606060606,248.28825757575757,13.999999999987267,4.2671999999961194,0,41,1.4
2022-12-28,HENDERSON,00H,SG,248.29981060606062,248.30246212121213,13.999999999987267,4.2671999999961194,0,41,0.8
2022-12-28,HENDERSON,00H,SG,248.29280303030302,248.29545454545453,13.999999999987267,4.2671999999961194,0,41,1.1
2022-12-28,HENDERSON,00H,SG,248.25965909090908,248.2625,14.999999999986358,4.5719999999958416,0,41,2.6
2022-12-28,HENDERSON,00H,SG,248.26799242424244,248.27083333333334,14.999999999986358,4.5719999999958416,0,41,2.3
2022-12-28,HENDERSON,00H,SG,248.2625,248.26553030303029,15.999999999985448,4.8767999999955647,0,41,2.5
2022-12-28,HENDERSON,00H,SG,251.92253787878789,251.92556818181819,15.999999999985448,4.8767999999955647,0,44,0
2022-12-28,HENDERSON,00H,SG,248.25662878787878,248.25965909090908,15.999999999985448,4.8767999999955647,0,41,2.7
2022-12-28,HENDERSON,00H,SG,248.70511363636365,248.70814393939395,15.999999999985448,4.8767999999955647,0,43,-2.7
2022-12-28,HENDERSON,00H,SG,251.92594696969698,251.92916666666667,16.999999999984539,5.1815999999952878,0,44,0
2022-12-28,HENDERSON,00H,SG,252.42935606060607,252.43257575757576,16.999999999984539,5.1815999999952878,0,46,0
2022-12-28,HENDERSON,00H,SG,252.60852272727271,252.61174242424244,17.000000000134605,5.1816000000410281,0,46,0
2022-12-28,HENDERSON,00H,SG,248.25321969696969,248.25662878787878,17.999999999983629,5.48639999999501,0,41,2.8
2022-12-28,HENDERSON,00H,SG,251.91515151515151,251.91856060606059,17.999999999983629,5.48639999999501,0,44,0
2022-12-28,HENDERSON,00H,SG,252.42367424242425,252.42727272727274,18.99999999998272,5.791199999994733,0,46,0
2022-12-28,HENDERSON,00H,SG,248.24943181818182,248.25321969696969,19.99999999998181,6.0959999999944561,0,41,2.9
2022-12-28,HENDERSON,00H,SG,248.86344696969698,248.86799242424243,23.999999999978172,7.3151999999933475,0,43,-0.1
2022-12-28,HENDERSON,00H,SG,252.62784090909091,252.63276515151514,25.999999999976353,7.9247999999927927,0,46,0
2022-12-28,HENDERSON,00H,SG,248.24299242424243,248.24943181818182,33.999999999969077,10.363199999990576,0,41,3
2022-12-28,HENDERSON,00H,SG,251.93333333333334,251.94375,54.999999999949978,16.763999999984755,0,44,0
2022-12-28,HENDERSON,00H,SG,248.22007575757576,248.24299242424243,121.00000000004002,36.8808000000122,0,41,3.1
2022-12-28,HENDERSON,00H,SG,251.94393939393939,252.08011363636365,719.00000000009641,219.15120000002941,0,44,0
2022-12-28,HENDERSON,00H,SG,252.43276515151516,252.60795454545453,924.999999999909,281.93999999997231,0,46,0
2022-12-28,HENDERSON,00H,SG,246.25397727272727,246.25416666666666,0.99999999999909051,0.30479999999972279,0.05,38,-2
2022-12-28,HENDERSON,00H,SG,246.26325757575756,246.26344696969696,0.99999999999909051,0.30479999999972279,0.05,38,-2.4
2022-12-28,HENDERSON,00H,SG,246.19318181818181,246.19337121212121,0.99999999999909051,0.30479999999972279,0.05,37,-0.4
2022-12-28,HENDERSON,00H,SG,246.23276515151514,246.23295454545453,0.99999999999909051,0.30479999999972279,0.05,37,-1.4
2022-12-28,HENDERSON,00H,SG,246.19450757575757,246.19469696969696,0.99999999999909051,0.30479999999972279,0.05,37,-0.5
2022-12-28,HENDERSON,00H,SG,246.24564393939394,246.24583333333334,0.99999999999909051,0.30479999999972279,0.05,37,-1.8
2022-12-28,HENDERSON,00H,SG,246.27405303030304,246.27424242424243,0.99999999999909051,0.30479999999972279,0.05,38,-2.6
2022-12-28,HENDERSON,00H,SG,246.275,246.2751893939394,0.99999999999909051,0.30479999999972279,0.05,37,-2.7
2022-12-28,HENDERSON,00H,SG,246.20037878787878,246.20056818181817,0.99999999999909051,0.30479999999972279,0.05,37,-0.5
2022-12-28,HENDERSON,00H,SG,246.17916666666667,246.17935606060607,0.99999999999909051,0.30479999999972279,0.05,38,-0.1
2022-12-28,HENDERSON,00H,SG,246.18787878787879,246.18806818181818,0.99999999999909051,0.30479999999972279,0.05,37,-0.3
2022-12-28,HENDERSON,00H,SG,246.19602272727272,246.19621212121211,0.99999999999909051,0.30479999999972279,0.05,37,-0.5
2022-12-28,HENDERSON,00H,SG,246.2903409090909,246.29053030303029,0.99999999999909051,0.30479999999972279,0.05,37,-3
2022-12-28,HENDERSON,00H,SG,246.26685606060607,246.26704545454547,0.99999999999909051,0.30479999999972279,0.05,38,-2.4
2022-12-28,HENDERSON,00H,SG,246.22859848484848,246.22878787878787,0.99999999999909051,0.30479999999972279,0.05,37,-1.4
2022-12-28,HENDERSON,00H,SG,246.20018939393938,246.20037878787878,0.99999999999909051,0.30479999999972279,0.05,37,-0.6
2022-12-28,HENDERSON,00H,SG,246.24280303030304,246.24299242424243,0.99999999999909051,0.30479999999972279,0.05,37,-1.8
2022-12-28,HENDERSON,00H,SG,246.2217803030303,246.22196969696969,0.99999999999909051,0.30479999999972279,0.05,38,-1.1
2022-12-28,HENDERSON,00H,SG,246.18276515151516,246.18295454545455,0.99999999999909051,0.30479999999972279,0.05,38,-0.2
2022-12-28,HENDERSON,00H,SG,246.24583333333334,246.24602272727273,0.99999999999909051,0.30479999999972279,0.05,37,-1.9
2022-12-28,HENDERSON,00H,SG,246.27859848484849,246.27878787878788,0.99999999999909051,0.30479999999972279,0.05,37,-2.7
2022-12-28,HENDERSON,00H,SG,246.2964015151515,246.2965909090909,0.99999999999909051,0.30479999999972279,0.05,37,-3.2
2022-12-28,HENDERSON,00H,SG,246.22196969696969,246.22215909090909,0.99999999999909051,0.30479999999972279,0.05,37,-1.2
2022-12-28,HENDERSON,00H,SG,246.27386363636364,246.27405303030304,0.99999999999909051,0.30479999999972279,0.05,38,-2.7
2022-12-28,HENDERSON,00H,SG,246.23579545454547,246.23598484848486,0.99999999999909051,0.30479999999972279,0.05,37,-1.6
2022-12-28,HENDERSON,00H,SG,246.28503787878788,246.28522727272727,0.99999999999909051,0.30479999999972279,0.05,37,-2.9
2022-12-28,HENDERSON,00H,SG,246.23257575757575,246.23276515151514,0.99999999999909051,0.30479999999972279,0.05,38,-1.4
2022-12-28,HENDERSON,00H,SG,246.21136363636364,246.21155303030304,0.99999999999909051,0.30479999999972279,0.05,37,-0.8
2022-12-28,HENDERSON,00H,SG,246.25037878787879,246.25056818181818,0.99999999999909051,0.30479999999972279,0.05,38,-1.9
2022-12-28,HENDERSON,00H,SG,246.26704545454547,246.26723484848486,0.99999999999909051,0.30479999999972279,0.05,37,-2.4
2022-12-28,HENDERSON,00H,SG,246.23522727272729,246.23541666666668,0.99999999999909051,0.30479999999972279,0.05,37,-1.6
2022-12-28,HENDERSON,00H,SG,246.25984848484848,246.26003787878787,0.99999999999909051,0.30479999999972279,0.05,37,-2.2
2022-12-28,HENDERSON,00H,SG,246.26666666666668,246.26685606060607,0.99999999999909051,0.30479999999972279,0.05,38,-2.5
2022-12-28,HENDERSON,00H,SG,246.23996212121213,246.24015151515152,0.99999999999909051,0.30479999999972279,0.05,37,-1.6
2022-12-28,HENDERSON,00H,SG,246.23882575757577,246.23901515151516,0.99999999999909051,0.30479999999972279,0.05,37,-1.7
2022-12-28,HENDERSON,00H,SG,246.16477272727272,246.16496212121211,0.99999999999909051,0.30479999999972279,0.05,38,0
2022-12-28,HENDERSON,00H,SG,246.26003787878787,246.26022727272726,0.99999999999909051,0.30479999999972279,0.05,37,-2.3
2022-12-28,HENDERSON,00H,SG,246.21761363636364,246.21780303030303,0.99999999999909051,0.30479999999972279,0.05,37,-1.1
2022-12-28,HENDERSON,00H,SG,246.23598484848486,246.23636363636365,1.999999999998181,0.60959999999944559,0.05,38,-1.5
2022-12-28,HENDERSON,00H,SG,246.27784090909091,246.2782196969697,1.999999999998181,0.60959999999944559,0.05,37,-2.7
2022-12-28,HENDERSON,00H,SG,246.26060606060605,246.26098484848484,1.999999999998181,0.60959999999944559,0.05,37,-2.3
2022-12-28,HENDERSON,00H,SG,246.21098484848486,246.21136363636364,1.999999999998181,0.60959999999944559,0.05,38,-0.8
2022-12-28,HENDERSON,00H,SG,246.25416666666666,246.25454545454545,1.999999999998181,0.60959999999944559,0.05,38,-2.1
2022-12-28,HENDERSON,00H,SG,246.22537878787878,246.22575757575757,1.999999999998181,0.60959999999944559,0.05,38,-1.2
2022-12-28,HENDERSON,00H,SG,246.19337121212121,246.19375,1.999999999998181,0.60959999999944559,0.05,37,-0.3
2022-12-28,HENDERSON,00H,SG,246.2782196969697,246.27859848484849,1.999999999998181,0.60959999999944559,0.05,37,-2.8
2022-12-28,HENDERSON,00H,SG,246.26628787878789,246.26666666666668,1.999999999998181,0.60959999999944559,0.05,38,-2.4
2022-12-28,HENDERSON,00H,SG,246.21780303030303,246.21818181818182,1.999999999998181,0.60959999999944559,0.05,37,-1
2022-12-28,HENDERSON,00H,SG,246.26022727272726,246.26060606060605,1.999999999998181,0.60959999999944559,0.05,37,-2.2
2022-12-28,HENDERSON,00H,SG,246.22215909090909,246.22253787878788,1.999999999998181,0.60959999999944559,0.05,37,-1.1
2022-12-28,HENDERSON,00H,SG,246.26344696969696,246.26382575757575,1.999999999998181,0.60959999999944559,0.05,37,-2.3
2022-12-28,HENDERSON,00H,SG,246.28106060606061,246.28143939393939,1.999999999998181,0.60959999999944559,0.05,38,-2.9
2022-12-28,HENDERSON,00H,SG,246.23958333333334,246.23996212121213,1.999999999998181,0.60959999999944559,0.05,38,-1.6
2022-12-28,HENDERSON,00H,SG,246.24337121212122,246.24375,1.999999999998181,0.60959999999944559,0.05,38,-1.8
2022-12-28,HENDERSON,00H,SG,246.23541666666668,246.23579545454547,1.999999999998181,0.60959999999944559,0.05,37,-1.5
2022-12-28,HENDERSON,00H,SG,246.24299242424243,246.24337121212122,1.999999999998181,0.60959999999944559,0.05,37,-1.7
2022-12-28,HENDERSON,00H,SG,246.27348484848486,246.27386363636364,1.999999999998181,0.60959999999944559,0.05,38,-2.6
2022-12-28,HENDERSON,00H,SG,246.21818181818182,246.21856060606061,1.999999999998181,0.60959999999944559,0.05,38,-1
2022-12-28,HENDERSON,00H,SG,246.22348484848484,246.22386363636363,1.999999999998181,0.60959999999944559,0.05,38,-1.2
2022-12-28,HENDERSON,00H,SG,246.25587121212121,246.25625,1.999999999998181,0.60959999999944559,0.05,38,-2.1
2022-12-28,HENDERSON,00H,SG,246.28068181818182,246.28106060606061,1.999999999998181,0.60959999999944559,0.05,38,-2.8
2022-12-28,HENDERSON,00H,SG,246.26287878787878,246.26325757575756,1.999999999998181,0.60959999999944559,0.05,38,-2.3
2022-12-28,HENDERSON,00H,SG,246.23901515151516,246.23958333333334,2.9999999999972715,0.91439999999916843,0.05,37,-1.6
2022-12-28,HENDERSON,00H,SG,246.25208333333333,246.25265151515151,2.9999999999972715,0.91439999999916843,0.05,38,-2
2022-12-28,HENDERSON,00H,SG,246.24223484848486,246.24280303030304,2.9999999999972715,0.91439999999916843,0.05,37,-1.7
2022-12-28,HENDERSON,00H,SG,246.22878787878787,246.22935606060605,2.9999999999972715,0.91439999999916843,0.05,37,-1.3
2022-12-28,HENDERSON,00H,SG,246.29583333333332,246.2964015151515,2.9999999999972715,0.91439999999916843,0.05,37,-3.1
2022-12-28,HENDERSON,00H,SG,246.2126893939394,246.21325757575758,2.9999999999972715,0.91439999999916843,0.05,38,-0.9
2022-12-28,HENDERSON,00H,SG,246.24678030303031,246.24734848484849,2.9999999999972715,0.91439999999916843,0.05,38,-1.9
2022-12-28,HENDERSON,00H,SG,246.27121212121213,246.27178030303031,2.9999999999972715,0.91439999999916843,0.05,37,-2.6
2022-12-28,HENDERSON,00H,SG,246.25928030303029,246.25984848484848,2.9999999999972715,0.91439999999916843,0.05,38,-2.2
2022-12-28,HENDERSON,00H,SG,246.2346590909091,246.23522727272729,2.9999999999972715,0.91439999999916843,0.05,37,-1.5
2022-12-28,HENDERSON,00H,SG,246.27064393939395,246.27121212121213,2.9999999999972715,0.91439999999916843,0.05,37,-2.5
2022-12-28,HENDERSON,00H,SG,246.18806818181818,246.18863636363636,2.9999999999972715,0.91439999999916843,0.05,37,-0.2
2022-12-28,HENDERSON,00H,SG,246.22708333333333,246.22765151515151,2.9999999999972715,0.91439999999916843,0.05,38,-1.3
2022-12-28,HENDERSON,00H,SG,246.25757575757575,246.25814393939393,2.9999999999972715,0.91439999999916843,0.05,38,-2.2
2022-12-28,HENDERSON,00H,SG,246.25056818181818,246.25113636363636,2.9999999999972715,0.91439999999916843,0.05,38,-2
2022-12-28,HENDERSON,00H,SG,246.28257575757576,246.28314393939394,2.9999999999972715,0.91439999999916843,0.05,38,-2.9
2022-12-28,HENDERSON,00H,SG,246.23768939393941,246.23825757575759,2.9999999999972715,0.91439999999916843,0.05,38,-1.6
2022-12-28,HENDERSON,00H,SG,246.21628787878788,246.21685606060606,2.9999999999972715,0.91439999999916843,0.05,38,-1
2022-12-28,HENDERSON,00H,SG,246.23825757575759,246.23882575757577,2.9999999999972715,0.91439999999916843,0.05,37,-1.6
2022-12-28,HENDERSON,00H,SG,246.2340909090909,246.2346590909091,3.0000000001473381,0.91440000004490873,0.05,38,-1.5
2022-12-28,HENDERSON,00H,SG,246.19375,246.19450757575757,3.999999999996362,1.2191999999988912,0.05,37,-0.4
2022-12-28,HENDERSON,00H,SG,246.19621212121211,246.19696969696969,3.999999999996362,1.2191999999988912,0.05,37,-0.4
2022-12-28,HENDERSON,00H,SG,246.29924242424244,246.3,3.999999999996362,1.2191999999988912,0.05,37,-3.2
2022-12-28,HENDERSON,00H,SG,246.24602272727273,246.24678030303031,3.999999999996362,1.2191999999988912,0.05,37,-1.8
2022-12-28,HENDERSON,00H,SG,246.29053030303029,246.29128787878787,3.999999999996362,1.2191999999988912,0.05,37,-3.1
2022-12-28,HENDERSON,00H,SG,246.29393939393938,246.29469696969696,3.999999999996362,1.2191999999988912,0.05,37,-3.1
2022-12-28,HENDERSON,00H,SG,246.29848484848486,246.29924242424244,3.999999999996362,1.2191999999988912,0.05,38,-3.2
2022-12-28,HENDERSON,00H,SG,246.24488636363637,246.24564393939394,3.999999999996362,1.2191999999988912,0.05,38,-1.8
2022-12-28,HENDERSON,00H,SG,246.26988636363637,246.27064393939395,3.999999999996362,1.2191999999988912,0.05,38,-2.5
2022-12-28,HENDERSON,00H,SG,246.29318181818181,246.29393939393938,3.999999999996362,1.2191999999988912,0.05,38,-3.1
2022-12-28,HENDERSON,00H,SG,246.26818181818183,246.26893939393941,3.999999999996362,1.2191999999988912,0.05,38,-2.5
2022-12-28,HENDERSON,00H,SG,246.28598484848484,246.28674242424242,3.999999999996362,1.2191999999988912,0.05,38,-3
2022-12-28,HENDERSON,00H,SG,246.27178030303031,246.27253787878789,3.999999999996362,1.2191999999988912,0.05,38,-2.6
2022-12-28,HENDERSON,00H,SG,246.28522727272727,246.28598484848484,3.999999999996362,1.2191999999988912,0.05,37,-3
2022-12-28,HENDERSON,00H,SG,246.26382575757575,246.26458333333332,3.999999999996362,1.2191999999988912,0.05,37,-2.4
2022-12-28,HENDERSON,00H,SG,246.24848484848485,246.24924242424242,3.999999999996362,1.2191999999988912,0.05,38,-1.9
2022-12-28,HENDERSON,00H,SG,246.2842803030303,246.28503787878788,3.999999999996362,1.2191999999988912,0.05,38,-2.9
2022-12-28,HENDERSON,00H,SG,246.27424242424243,246.275,3.999999999996362,1.2191999999988912,0.05,37,-2.6
2022-12-28,HENDERSON,00H,SG,246.26458333333332,246.2653409090909,3.999999999996362,1.2191999999988912,0.05,38,-2.4
2022-12-28,HENDERSON,00H,SG,246.24147727272728,246.24223484848486,3.999999999996362,1.2191999999988912,0.05,38,-1.7
2022-12-28,HENDERSON,00H,SG,246.27708333333334,246.27784090909091,3.999999999996362,1.2191999999988912,0.05,38,-2.7
2022-12-28,HENDERSON,00H,SG,246.28958333333333,246.2903409090909,3.999999999996362,1.2191999999988912,0.05,38,-3
2022-12-28,HENDERSON,00H,SG,246.21685606060606,246.21761363636364,3.999999999996362,1.2191999999988912,0.05,37,-1
2022-12-28,HENDERSON,00H,SG,246.2965909090909,246.2973484848485,4.0000000001464286,1.2192000000446315,0.05,38,-3.2
2022-12-28,HENDERSON,00H,SG,246.22765151515151,246.22859848484848,4.9999999999954525,1.523999999998614,0.05,37,-1.3
2022-12-28,HENDERSON,00H,SG,246.2751893939394,246.27613636363637,4.9999999999954525,1.523999999998614,0.05,38,-2.7
2022-12-28,HENDERSON,00H,SG,246.27613636363637,246.27708333333334,4.9999999999954525,1.523999999998614,0.05,37,-2.7
2022-12-28,HENDERSON,00H,SG,246.28674242424242,246.28768939393939,4.9999999999954525,1.523999999998614,0.05,37,-3
2022-12-28,HENDERSON,00H,SG,246.26893939393941,246.26988636363637,4.9999999999954525,1.523999999998614,0.05,37,-2.5
2022-12-28,HENDERSON,00H,SG,246.27973484848485,246.28068181818182,4.9999999999954525,1.523999999998614,0.05,37,-2.8
2022-12-28,HENDERSON,00H,SG,246.26193181818181,246.26287878787878,4.9999999999954525,1.523999999998614,0.05,37,-2.3
2022-12-28,HENDERSON,00H,SG,246.28768939393939,246.28863636363636,4.9999999999954525,1.523999999998614,0.05,38,-3
2022-12-28,HENDERSON,00H,SG,246.25113636363636,246.25208333333333,4.9999999999954525,1.523999999998614,0.05,37,-2
2022-12-28,HENDERSON,00H,SG,246.26098484848484,246.26193181818181,4.9999999999954525,1.523999999998614,0.05,38,-2.3
2022-12-28,HENDERSON,00H,SG,246.27878787878788,246.27973484848485,4.9999999999954525,1.523999999998614,0.05,38,-2.8
2022-12-28,HENDERSON,00H,SG,246.29223484848484,246.29318181818181,4.9999999999954525,1.523999999998614,0.05,37,-3.1
2022-12-28,HENDERSON,00H,SG,246.28863636363636,246.28958333333333,4.9999999999954525,1.523999999998614,0.05,37,-3
2022-12-28,HENDERSON,00H,SG,246.29128787878787,246.29223484848484,4.9999999999954525,1.523999999998614,0.05,38,-3.1
2022-12-28,HENDERSON,00H,SG,246.22253787878788,246.22348484848484,4.9999999999954525,1.523999999998614,0.05,37,-1.2
2022-12-28,HENDERSON,00H,SG,246.26723484848486,246.26818181818183,4.9999999999954525,1.523999999998614,0.05,37,-2.5
2022-12-28,HENDERSON,00H,SG,246.27253787878789,246.27348484848486,4.9999999999954525,1.523999999998614,0.05,37,-2.6
2022-12-28,HENDERSON,00H,SG,246.2653409090909,246.26628787878789,5.0000000001455192,1.5240000000443543,0.05,37,-2.4
2022-12-28,HENDERSON,00H,SG,246.24375,246.24488636363637,5.999999999994543,1.8287999999983369,0.05,37,-1.8
2022-12-28,HENDERSON,00H,SG,246.25814393939393,246.25928030303029,5.999999999994543,1.8287999999983369,0.05,37,-2.2
2022-12-28,HENDERSON,00H,SG,246.21515151515152,246.21628787878788,5.999999999994543,1.8287999999983369,0.05,37,-1
2022-12-28,HENDERSON,00H,SG,246.29469696969696,246.29583333333332,5.999999999994543,1.8287999999983369,0.05,38,-3.1
2022-12-28,HENDERSON,00H,SG,246.28143939393939,246.28257575757576,5.999999999994543,1.8287999999983369,0.05,37,-2.9
2022-12-28,HENDERSON,00H,SG,246.21155303030304,246.2126893939394,5.999999999994543,1.8287999999983369,0.05,37,-0.9
2022-12-28,HENDERSON,00H,SG,246.28314393939394,246.2842803030303,5.999999999994543,1.8287999999983369,0.05,37,-2.9
2022-12-28,HENDERSON,00H,SG,246.2973484848485,246.29848484848486,5.999999999994543,1.8287999999983369,0.05,37,-3.2
2022-12-28,HENDERSON,00H,SG,246.23295454545453,246.2340909090909,5.999999999994543,1.8287999999983369,0.05,37,-1.5
2022-12-28,HENDERSON,00H,SG,246.24734848484849,246.24848484848485,5.999999999994543,1.8287999999983369,0.05,37,-1.9
2022-12-28,HENDERSON,00H,SG,246.24924242424242,246.25037878787879,5.999999999994543,1.8287999999983369,0.05,37,-1.9
2022-12-28,HENDERSON,00H,SG,246.24015151515152,246.24128787878789,5.999999999994543,1.8287999999983369,0.05,37,-1.7
2022-12-28,HENDERSON,00H,SG,246.19469696969696,246.19602272727272,6.9999999999936335,2.1335999999980597,0.05,37,-0.4
2022-12-28,HENDERSON,00H,SG,246.25625,246.25757575757575,6.9999999999936335,2.1335999999980597,0.05,37,-2.1
2022-12-28,HENDERSON,00H,SG,246.22575757575757,246.22708333333333,6.9999999999936335,2.1335999999980597,0.05,37,-1.3
2022-12-28,HENDERSON,00H,SG,246.25454545454545,246.25587121212121,6.9999999999936335,2.1335999999980597,0.05,37,-2.1
2022-12-28,HENDERSON,00H,SG,246.25265151515151,246.25397727272727,6.9999999999936335,2.1335999999980597,0.05,37,-2
2022-12-28,HENDERSON,00H,SG,246.23636363636365,246.23768939393941,6.9999999999936335,2.1335999999980597,0.05,37,-1.6
2022-12-28,HENDERSON,00H,SG,246.22386363636363,246.22537878787878,7.999999999992724,2.4383999999977823,0.05,37,-1.2
2022-12-28,HENDERSON,00H,SG,246.21325757575758,246.21515151515152,9.9999999999909051,3.047999999997228,0.05,37,-0.9
2022-12-28,HENDERSON,00H,SG,246.22935606060605,246.23257575757575,16.999999999984539,5.1815999999952878,0.05,37,-1.4
2022-12-28,HENDERSON,00H,SG,246.21856060606061,246.2217803030303,16.999999999984539,5.1815999999952878,0.05,37,-1.1
2022-12-28,HENDERSON,00H,SG,246.19696969696969,246.20018939393938,16.999999999984539,5.1815999999952878,0.05,37,-0.5
2022-12-28,HENDERSON,00H,SG,246.20776515151516,246.21098484848486,16.999999999984539,5.1815999999952878,0.05,37,-0.8
2022-12-28,HENDERSON,00H,SG,246.17935606060607,246.18276515151516,17.999999999983629,5.48639999999501,0.05,37,-0.1
2022-12-28,HENDERSON,00H,SG,246.20435606060607,246.20776515151516,17.999999999983629,5.48639999999501,0.05,37,-0.7
2022-12-28,HENDERSON,00H,SG,246.20056818181817,246.20435606060607,20.000000000131877,6.0960000000401964,0.05,37,-0.6
2022-12-28,HENDERSON,00H,SG,246.18863636363636,246.19318181818181,23.999999999978172,7.3151999999933475,0.05,37,-0.3
2022-12-28,HENDERSON,00H,SG,246.16496212121211,246.16950757575756,23.999999999978172,7.3151999999933475,0.05,37,0
2022-12-28,HENDERSON,00H,SG,246.18295454545455,246.18787878787879,25.999999999976353,7.9247999999927927,0.05,37,-0.2
2022-12-28,HENDERSON,00H,SG,246.16950757575756,246.17916666666667,51.000000000103682,15.544800000031604,0.05,37,-0.1
2022-12-28,HENDERSON,00H,SG,246.09015151515152,246.16477272727272,393.99999999994179,120.09119999998227,0.05,37,0
2022-12-28,HENDERSON,00H,SG,252.88011363636363,252.97007575757576,475.00000000001819,144.78000000000554,0.13,47,0
2022-12-28,HENDERSON,00H,SG,248.51496212121211,248.5151515151515,0.99999999999909051,0.30479999999972279,0.2,43,0
2022-12-28,HENDERSON,00H,SG,248.64431818181819,248.64450757575759,0.99999999999909051,0.30479999999972279,0.2,43,-0.2
2022-12-28,HENDERSON,00H,SG,248.65814393939394,248.65833333333333,0.99999999999909051,0.30479999999972279,0.2,43,-0.6
2022-12-28,HENDERSON,00H,SG,248.38011363636363,248.38030303030303,0.99999999999909051,0.30479999999972279,0.2,41,0
2022-12-28,HENDERSON,00H,SG,248.65492424242424,248.65511363636364,0.99999999999909051,0.30479999999972279,0.2,43,-0.5
2022-12-28,HENDERSON,00H,SG,248.6592803030303,248.65946969696969,0.99999999999909051,0.30479999999972279,0.2,43,-0.6
2022-12-28,HENDERSON,00H,SG,248.66060606060606,248.66079545454545,0.99999999999909051,0.30479999999972279,0.2,43,-0.7
2022-12-28,HENDERSON,00H,SG,248.65909090909091,248.6592803030303,0.99999999999909051,0.30479999999972279,0.2,43,-0.5
2022-12-28,HENDERSON,00H,SG,248.64375,248.64393939393941,0.99999999999909051,0.30479999999972279,0.2,43,-0.2
2022-12-28,HENDERSON,00H,SG,248.65454545454546,248.65473484848485,0.99999999999909051,0.30479999999972279,0.2,43,-0.5
2022-12-28,HENDERSON,00H,SG,248.64810606060607,248.64829545454546,0.99999999999909051,0.30479999999972279,0.2,43,-0.3
2022-12-28,HENDERSON,00H,SG,248.66363636363636,248.66382575757575,0.99999999999909051,0.30479999999972279,0.2,43,-0.8
2022-12-28,HENDERSON,00H,SG,248.66496212121211,248.66515151515151,0.99999999999909051,0.30479999999972279,0.2,43,-0.9
2022-12-28,HENDERSON,00H,SG,248.66780303030302,248.66799242424241,0.99999999999909051,0.30479999999972279,0.2,43,-1
2022-12-28,HENDERSON,00H,SG,248.53503787878788,248.53522727272727,0.99999999999909051,0.30479999999972279,0.2,42,0
2022-12-28,HENDERSON,00H,SG,248.38901515151514,248.38920454545453,0.99999999999909051,0.30479999999972279,0.2,41,0
2022-12-28,HENDERSON,00H,SG,248.65473484848485,248.65492424242424,0.99999999999909051,0.30479999999972279,0.2,43,-0.4
2022-12-28,HENDERSON,00H,SG,248.66041666666666,248.66060606060606,0.99999999999909051,0.30479999999972279,0.2,43,-0.6
2022-12-28,HENDERSON,00H,SG,248.32613636363635,248.32632575757575,0.99999999999909051,0.30479999999972279,0.2,42,0.1
2022-12-28,HENDERSON,00H,SG,248.65643939393939,248.65662878787879,0.99999999999909051,0.30479999999972279,0.2,43,-0.5
2022-12-28,HENDERSON,00H,SG,248.65795454545454,248.65814393939394,0.99999999999909051,0.30479999999972279,0.2,43,-0.5
2022-12-28,HENDERSON,00H,SG,248.65890151515151,248.65909090909091,0.99999999999909051,0.30479999999972279,0.2,43,-0.6
2022-12-28,HENDERSON,00H,SG,248.64507575757577,248.64526515151516,0.99999999999909051,0.30479999999972279,0.2,43,-0.2
2022-12-28,HENDERSON,00H,SG,248.53693181818181,248.53712121212121,0.99999999999909051,0.30479999999972279,0.2,42,0
2022-12-28,HENDERSON,00H,SG,248.54924242424244,248.54943181818183,0.99999999999909051,0.30479999999972279,0.2,42,0
2022-12-28,HENDERSON,00H,SG,248.66458333333333,248.66496212121211,1.999999999998181,0.60959999999944559,0.2,43,-0.8
2022-12-28,HENDERSON,00H,SG,248.51818181818183,248.51856060606062,1.999999999998181,0.60959999999944559,0.2,43,0
2022-12-28,HENDERSON,00H,SG,248.33143939393941,248.33181818181819,1.999999999998181,0.60959999999944559,0.2,42,0.1
2022-12-28,HENDERSON,00H,SG,248.38352272727272,248.38390151515151,1.999999999998181,0.60959999999944559,0.2,41,0
2022-12-28,HENDERSON,00H,SG,248.3558712121212,248.35625,1.999999999998181,0.60959999999944559,0.2,42,0.1
2022-12-28,HENDERSON,00H,SG,248.65757575757576,248.65795454545454,1.999999999998181,0.60959999999944559,0.2,43,-0.6
2022-12-28,HENDERSON,00H,SG,248.37481060606061,248.37518939393939,1.999999999998181,0.60959999999944559,0.2,41,0
2022-12-28,HENDERSON,00H,SG,248.33503787878789,248.33541666666667,1.999999999998181,0.60959999999944559,0.2,42,0.1
2022-12-28,HENDERSON,00H,SG,248.64393939393941,248.64431818181819,1.999999999998181,0.60959999999944559,0.2,43,-0.1
2022-12-28,HENDERSON,00H,SG,248.3871212121212,248.3875,1.999999999998181,0.60959999999944559,0.2,41,0
2022-12-28,HENDERSON,00H,SG,248.37291666666667,248.37329545454546,1.999999999998181,0.60959999999944559,0.2,41,0
2022-12-28,HENDERSON,00H,SG,248.34734848484848,248.34791666666666,2.9999999999972715,0.91439999999916843,0.2,42,0.1
2022-12-28,HENDERSON,00H,SG,248.52973484848485,248.53030303030303,2.9999999999972715,0.91439999999916843,0.2,42,0
2022-12-28,HENDERSON,00H,SG,248.65833333333333,248.65890151515151,2.9999999999972715,0.91439999999916843,0.2,43,-0.5
2022-12-28,HENDERSON,00H,SG,248.64526515151516,248.64583333333334,2.9999999999972715,0.91439999999916843,0.2,43,-0.1
2022-12-28,HENDERSON,00H,SG,248.32954545454547,248.33011363636365,2.9999999999972715,0.91439999999916843,0.2,42,0.1
2022-12-28,HENDERSON,00H,SG,248.36401515151516,248.36458333333334,2.9999999999972715,0.91439999999916843,0.2,41,0
2022-12-28,HENDERSON,00H,SG,248.51988636363637,248.52045454545456,2.9999999999972715,0.91439999999916843,0.2,43,0
2022-12-28,HENDERSON,00H,SG,248.53314393939394,248.53371212121212,2.9999999999972715,0.91439999999916843,0.2,42,0
2022-12-28,HENDERSON,00H,SG,248.35075757575757,248.35132575757575,2.9999999999972715,0.91439999999916843,0.2,42,0.1
2022-12-28,HENDERSON,00H,SG,248.64450757575759,248.64507575757577,2.9999999999972715,0.91439999999916843,0.2,43,-0.1
2022-12-28,HENDERSON,00H,SG,248.35625,248.35681818181817,2.9999999999972715,0.91439999999916843,0.2,42,0
2022-12-28,HENDERSON,00H,SG,248.35795454545453,248.35852272727271,2.9999999999972715,0.91439999999916843,0.2,42,0
2022-12-28,HENDERSON,00H,SG,248.37651515151515,248.37708333333333,2.9999999999972715,0.91439999999916843,0.2,41,0
2022-12-28,HENDERSON,00H,SG,248.35530303030302,248.3558712121212,2.9999999999972715,0.91439999999916843,0.2,41,0.1
2022-12-28,HENDERSON,00H,SG,248.36931818181819,248.36988636363637,2.9999999999972715,0.91439999999916843,0.2,41,0
2022-12-28,HENDERSON,00H,SG,248.66799242424241,248.66856060606059,2.9999999999972715,0.91439999999916843,0.2,43,-0.9
2022-12-28,HENDERSON,00H,SG,248.52784090909091,248.52859848484849,3.999999999996362,1.2191999999988912,0.2,42,0
2022-12-28,HENDERSON,00H,SG,248.36742424242425,248.36818181818182,3.999999999996362,1.2191999999988912,0.2,41,0
2022-12-28,HENDERSON,00H,SG,248.53143939393939,248.53219696969697,3.999999999996362,1.2191999999988912,0.2,42,0
2022-12-28,HENDERSON,00H,SG,248.66382575757575,248.66458333333333,3.999999999996362,1.2191999999988912,0.2,43,-0.7
2022-12-28,HENDERSON,00H,SG,248.52424242424243,248.525,3.999999999996362,1.2191999999988912,0.2,42,0
2022-12-28,HENDERSON,00H,SG,248.36212121212122,248.3628787878788,3.999999999996362,1.2191999999988912,0.2,41,0
2022-12-28,HENDERSON,00H,SG,248.52159090909092,248.52234848484849,3.999999999996362,1.2191999999988912,0.2,43,0
2022-12-28,HENDERSON,00H,SG,248.36571969696971,248.36647727272728,3.999999999996362,1.2191999999988912,0.2,41,0
2022-12-28,HENDERSON,00H,SG,248.36060606060607,248.36136363636365,3.999999999996362,1.2191999999988912,0.2,41,0
2022-12-28,HENDERSON,00H,SG,248.35,248.35075757575757,3.999999999996362,1.2191999999988912,0.2,41,0.1
2022-12-28,HENDERSON,00H,SG,248.37102272727273,248.37178030303031,3.999999999996362,1.2191999999988912,0.2,41,0
2022-12-28,HENDERSON,00H,SG,248.3375,248.33825757575758,3.999999999996362,1.2191999999988912,0.2,41,0.1
2022-12-28,HENDERSON,00H,SG,248.52613636363637,248.52689393939394,3.999999999996362,1.2191999999988912,0.2,42,0
2022-12-28,HENDERSON,00H,SG,248.52329545454546,248.52424242424243,4.9999999999954525,1.523999999998614,0.2,43,0
2022-12-28,HENDERSON,00H,SG,248.52234848484849,248.52329545454546,4.9999999999954525,1.523999999998614,0.2,42,0
2022-12-28,HENDERSON,00H,SG,248.36647727272728,248.36742424242425,4.9999999999954525,1.523999999998614,0.2,42,0
2022-12-28,HENDERSON,00H,SG,248.33655303030304,248.3375,4.9999999999954525,1.523999999998614,0.2,42,0.1
2022-12-28,HENDERSON,00H,SG,248.35852272727271,248.35946969696968,4.9999999999954525,1.523999999998614,0.2,41,0
2022-12-28,HENDERSON,00H,SG,248.65662878787879,248.65757575757576,4.9999999999954525,1.523999999998614,0.2,43,-0.4
2022-12-28,HENDERSON,00H,SG,248.36117424242425,248.36212121212122,4.9999999999954525,1.523999999998614,0.2,42,0
2022-12-28,HENDERSON,00H,SG,248.65946969696969,248.66041666666666,4.9999999999954525,1.523999999998614,0.2,43,-0.5
2022-12-28,HENDERSON,00H,SG,248.52689393939394,248.52784090909091,4.9999999999954525,1.523999999998614,0.2,43,0
2022-12-28,HENDERSON,00H,SG,248.53219696969697,248.53314393939394,4.9999999999954525,1.523999999998614,0.2,43,0
2022-12-28,HENDERSON,00H,SG,248.33825757575758,248.33920454545455,4.9999999999954525,1.523999999998614,0.2,42,0.1
2022-12-28,HENDERSON,00H,SG,248.34791666666666,248.34886363636363,4.9999999999954525,1.523999999998614,0.2,41,0.1
2022-12-28,HENDERSON,00H,SG,248.66685606060605,248.66780303030302,4.9999999999954525,1.523999999998614,0.2,43,-0.9
2022-12-28,HENDERSON,00H,SG,248.34185606060606,248.34299242424242,5.999999999994543,1.8287999999983369,0.2,42,0.1
2022-12-28,HENDERSON,00H,SG,248.3628787878788,248.36401515151516,5.999999999994543,1.8287999999983369,0.2,42,0
2022-12-28,HENDERSON,00H,SG,248.525,248.52613636363637,5.999999999994543,1.8287999999983369,0.2,43,0
2022-12-28,HENDERSON,00H,SG,248.6625,248.66363636363636,5.999999999994543,1.8287999999983369,0.2,43,-0.7
2022-12-28,HENDERSON,00H,SG,248.52045454545456,248.52159090909092,5.999999999994543,1.8287999999983369,0.2,42,0
2022-12-28,HENDERSON,00H,SG,248.35946969696971,248.36060606060607,5.999999999994543,1.8287999999983369,0.2,42,0
2022-12-28,HENDERSON,00H,SG,248.36458333333334,248.36571969696971,5.999999999994543,1.8287999999983369,0.2,42,0
2022-12-28,HENDERSON,00H,SG,248.34886363636363,248.35,5.999999999994543,1.8287999999983369,0.2,42,0.1
2022-12-28,HENDERSON,00H,SG,248.37178030303031,248.37291666666667,5.999999999994543,1.8287999999983369,0.2,42,0
2022-12-28,HENDERSON,00H,SG,248.35681818181817,248.35795454545453,5.999999999994543,1.8287999999983369,0.2,41,0
2022-12-28,HENDERSON,00H,SG,248.53030303030303,248.53143939393939,5.999999999994543,1.8287999999983369,0.2,43,0
2022-12-28,HENDERSON,00H,SG,248.36988636363637,248.37102272727273,5.999999999994543,1.8287999999983369,0.2,42,0
2022-12-28,HENDERSON,00H,SG,248.33541666666667,248.33655303030304,5.999999999994543,1.8287999999983369,0.2,41,0.1
2022-12-28,HENDERSON,00H,SG,248.36818181818182,248.36931818181819,5.999999999994543,1.8287999999983369,0.2,42,0
2022-12-28,HENDERSON,00H,SG,248.52859848484849,248.52973484848485,5.999999999994543,1.8287999999983369,0.2,43,0
2022-12-28,HENDERSON,00H,SG,248.37518939393939,248.37651515151515,6.9999999999936335,2.1335999999980597,0.2,42,0
2022-12-28,HENDERSON,00H,SG,248.51856060606062,248.51988636363637,6.9999999999936335,2.1335999999980597,0.2,42,0
2022-12-28,HENDERSON,00H,SG,248.53371212121212,248.53503787878788,6.9999999999936335,2.1335999999980597,0.2,43,0
2022-12-28,HENDERSON,00H,SG,248.35397727272726,248.35530303030302,6.9999999999936335,2.1335999999980597,0.2,42,0.1
2022-12-28,HENDERSON,00H,SG,248.33011363636365,248.33143939393941,6.9999999999936335,2.1335999999980597,0.2,41,0.1
2022-12-28,HENDERSON,00H,SG,248.65511363636364,248.65643939393939,6.9999999999936335,2.1335999999980597,0.2,43,-0.4
2022-12-28,HENDERSON,00H,SG,248.37329545454546,248.37481060606061,7.999999999992724,2.4383999999977823,0.2,42,0
2022-12-28,HENDERSON,00H,SG,248.3875,248.38901515151514,7.999999999992724,2.4383999999977823,0.2,42,0
2022-12-28,HENDERSON,00H,SG,248.66856060606059,248.67007575757575,7.999999999992724,2.4383999999977823,0.2,43,-1
2022-12-28,HENDERSON,00H,SG,248.66515151515151,248.66685606060605,8.9999999999918145,2.743199999997505,0.2,43,-0.8
2022-12-28,HENDERSON,00H,SG,248.66079545454545,248.6625,8.9999999999918145,2.743199999997505,0.2,43,-0.6
2022-12-28,HENDERSON,00H,SG,248.53522727272727,248.53693181818181,8.9999999999918145,2.743199999997505,0.2,43,0
2022-12-28,HENDERSON,00H,SG,248.32424242424241,248.32613636363635,9.9999999999909051,3.047999999997228,0.2,41,0.1
2022-12-28,HENDERSON,00H,SG,248.31003787878788,248.31193181818182,9.9999999999909051,3.047999999997228,0.2,41,0.4
2022-12-28,HENDERSON,00H,SG,248.64583333333334,248.64810606060607,11.999999999989086,3.6575999999966737,0.2,43,-0.2
2022-12-28,HENDERSON,00H,SG,248.64829545454546,248.65075757575758,12.999999999988177,3.9623999999963964,0.2,43,-0.2
2022-12-28,HENDERSON,00H,SG,248.35132575757575,248.35397727272726,13.999999999987267,4.2671999999961194,0.2,41,0.1
2022-12-28,HENDERSON,00H,SG,248.33920454545455,248.34185606060606,13.999999999987267,4.2671999999961194,0.2,41,0.1
2022-12-28,HENDERSON,00H,SG,248.37708333333333,248.38011363636363,15.999999999985448,4.8767999999955647,0.2,42,0
2022-12-28,HENDERSON,00H,SG,248.5151515151515,248.51818181818183,16.000000000135515,4.876800000041305,0.2,42,0
2022-12-28,HENDERSON,00H,SG,248.38390151515151,248.3871212121212,16.999999999984539,5.1815999999952878,0.2,42,0
2022-12-28,HENDERSON,00H,SG,248.38030303030303,248.38352272727272,16.999999999984539,5.1815999999952878,0.2,42,0
2022-12-28,HENDERSON,00H,SG,248.33181818181819,248.33503787878789,16.999999999984539,5.1815999999952878,0.2,41,0.1
2022-12-28,HENDERSON,00H,SG,248.32632575757575,248.32954545454547,17.000000000134605,5.1816000000410281,0.2,41,0.1
2022-12-28,HENDERSON,00H,SG,248.65075757575758,248.65454545454546,19.99999999998181,6.0959999999944561,0.2,43,-0.3
2022-12-28,HENDERSON,00H,SG,248.34299242424242,248.34734848484848,22.999999999979082,7.0103999999936244,0.2,41,0.1
2022-12-28,HENDERSON,00H,SG,248.31193181818182,248.31647727272727,23.999999999978172,7.3151999999933475,0.2,41,0.3
2022-12-28,HENDERSON,00H,SG,248.31647727272727,248.32424242424241,40.999999999962711,12.496799999988635,0.2,41,0.2
2022-12-28,HENDERSON,00H,SG,248.63465909090908,248.64375,48.000000000106411,14.630400000032434,0.2,43,-0.1
2022-12-28,HENDERSON,00H,SG,248.53712121212121,248.54924242424244,64.000000000091859,19.507200000028,0.2,43,0
2022-12-28,HENDERSON,00H,SG,248.54943181818183,248.63465909090908,449.99999999989086,137.15999999996674,0.2,43,0
2022-12-28,HENDERSON,00H,SG,248.38920454545453,248.51496212121211,663.99999999999636,202.3871999999989,0.2,42,0
2022-12-28,HENDERSON,00H,SG,248.97310606060606,248.97329545454545,0.99999999999909051,0.30479999999972279,0.21,43,0.3
2022-12-28,HENDERSON,00H,SG,249.01003787878787,249.01022727272726,0.99999999999909051,0.30479999999972279,0.21,43,1.9
2022-12-28,HENDERSON,00H,SG,248.9878787878788,248.98806818181819,0.99999999999909051,0.30479999999972279,0.21,43,0.8
2022-12-28,HENDERSON,00H,SG,249.04090909090908,249.04109848484848,0.99999999999909051,0.30479999999972279,0.21,43,2.9
2022-12-28,HENDERSON,00H,SG,249.01837121212122,249.01856060606062,0.99999999999909051,0.30479999999972279,0.21,43,2.2
2022-12-28,HENDERSON,00H,SG,249.00378787878788,249.00397727272727,0.99999999999909051,0.30479999999972279,0.21,43,1.6
2022-12-28,HENDERSON,00H,SG,249.04109848484848,249.04128787878787,0.99999999999909051,0.30479999999972279,0.21,44,2.9
2022-12-28,HENDERSON,00H,SG,249.0251893939394,249.02537878787879,0.99999999999909051,0.30479999999972279,0.21,43,2.5
2022-12-28,HENDERSON,00H,SG,248.97045454545454,248.97064393939394,0.99999999999909051,0.30479999999972279,0.21,43,0.2
2022-12-28,HENDERSON,00H,SG,249.03030303030303,249.03049242424242,0.99999999999909051,0.30479999999972279,0.21,44,2.6
2022-12-28,HENDERSON,00H,SG,249.0282196969697,249.02840909090909,0.99999999999909051,0.30479999999972279,0.21,43,2.6
2022-12-28,HENDERSON,00H,SG,249.07253787878787,249.07272727272726,0.99999999999909051,0.30479999999972279,0.21,44,3
2022-12-28,HENDERSON,00H,SG,249.00814393939393,249.00833333333333,0.99999999999909051,0.30479999999972279,0.21,43,1.7
2022-12-28,HENDERSON,00H,SG,248.92291666666668,248.92310606060607,0.99999999999909051,0.30479999999972279,0.21,44,0
2022-12-28,HENDERSON,00H,SG,248.98371212121211,248.9839015151515,0.99999999999909051,0.30479999999972279,0.21,43,0.7
2022-12-28,HENDERSON,00H,SG,249.01742424242425,249.01761363636365,0.99999999999909051,0.30479999999972279,0.21,43,2.2
2022-12-28,HENDERSON,00H,SG,249.01325757575756,249.01344696969696,0.99999999999909051,0.30479999999972279,0.21,43,2
2022-12-28,HENDERSON,00H,SG,248.97253787878788,248.97272727272727,0.99999999999909051,0.30479999999972279,0.21,43,0.3
2022-12-28,HENDERSON,00H,SG,248.97992424242423,248.98011363636363,0.99999999999909051,0.30479999999972279,0.21,43,0.6
2022-12-28,HENDERSON,00H,SG,249.01496212121211,249.0151515151515,0.99999999999909051,0.30479999999972279,0.21,43,2.1
2022-12-28,HENDERSON,00H,SG,249.03143939393939,249.03162878787879,0.99999999999909051,0.30479999999972279,0.21,43,2.7
2022-12-28,HENDERSON,00H,SG,248.92992424242425,248.93011363636364,0.99999999999909051,0.30479999999972279,0.21,44,0
2022-12-28,HENDERSON,00H,SG,248.92443181818183,248.92462121212122,0.99999999999909051,0.30479999999972279,0.21,44,0
2022-12-28,HENDERSON,00H,SG,249.02102272727274,249.02121212121213,0.99999999999909051,0.30479999999972279,0.21,43,2.2
2022-12-28,HENDERSON,00H,SG,249.03390151515151,249.03409090909091,0.99999999999909051,0.30479999999972279,0.21,44,2.7
2022-12-28,HENDERSON,00H,SG,248.97840909090908,248.97859848484848,0.99999999999909051,0.30479999999972279,0.21,43,0.5
2022-12-28,HENDERSON,00H,SG,248.97935606060605,248.97954545454544,0.99999999999909051,0.30479999999972279,0.21,43,0.5
2022-12-28,HENDERSON,00H,SG,249.00284090909091,249.0030303030303,0.99999999999909051,0.30479999999972279,0.21,43,1.6
2022-12-28,HENDERSON,00H,SG,249.00795454545454,249.00814393939393,0.99999999999909051,0.30479999999972279,0.21,44,1.8
2022-12-28,HENDERSON,00H,SG,249.02935606060606,249.02954545454546,0.99999999999909051,0.30479999999972279,0.21,43,2.6
2022-12-28,HENDERSON,00H,SG,249.07253787878787,249.07272727272726,0.99999999999909051,0.30479999999972279,0.21,43,3
2022-12-28,HENDERSON,00H,SG,249.02159090909092,249.02178030303031,0.99999999999909051,0.30479999999972279,0.21,44,2.3
2022-12-28,HENDERSON,00H,SG,248.98768939393941,248.9878787878788,0.99999999999909051,0.30479999999972279,0.21,43,0.9
2022-12-28,HENDERSON,00H,SG,249.03200757575758,249.03219696969697,0.99999999999909051,0.30479999999972279,0.21,43,2.7
2022-12-28,HENDERSON,00H,SG,248.9839015151515,248.9840909090909,0.99999999999909051,0.30479999999972279,0.21,43,0.6
2022-12-28,HENDERSON,00H,SG,248.9808712121212,248.98106060606059,0.99999999999909051,0.30479999999972279,0.21,43,0.5
2022-12-28,HENDERSON,00H,SG,249.02954545454546,249.02973484848485,0.99999999999909051,0.30479999999972279,0.21,43,2.5
2022-12-28,HENDERSON,00H,SG,249.03219696969697,249.03238636363636,0.99999999999909051,0.30479999999972279,0.21,44,2.7
2022-12-28,HENDERSON,00H,SG,249.00833333333333,249.00852272727272,0.99999999999909051,0.30479999999972279,0.21,43,1.8
2022-12-28,HENDERSON,00H,SG,249.07272727272726,249.07291666666666,0.99999999999909051,0.30479999999972279,0.21,44,3
2022-12-28,HENDERSON,00H,SG,249.00984848484848,249.01003787878787,0.99999999999909051,0.30479999999972279,0.21,43,1.8
2022-12-28,HENDERSON,00H,SG,248.98806818181819,248.98825757575759,0.99999999999909051,0.30479999999972279,0.21,43,0.9
2022-12-28,HENDERSON,00H,SG,248.98825757575759,248.98844696969698,0.99999999999909051,0.30479999999972279,0.21,43,0.8
2022-12-28,HENDERSON,00H,SG,248.96477272727273,248.96515151515152,1.999999999998181,0.60959999999944559,0.21,43,0.1
2022-12-28,HENDERSON,00H,SG,249.02064393939395,249.02102272727274,1.999999999998181,0.60959999999944559,0.21,43,2.3
2022-12-28,HENDERSON,00H,SG,248.92784090909092,248.92821969696971,1.999999999998181,0.60959999999944559,0.21,44,0
2022-12-28,HENDERSON,00H,SG,249.03238636363636,249.03276515151515,1.999999999998181,0.60959999999944559,0.21,43,2.6
2022-12-28,HENDERSON,00H,SG,248.98106060606059,248.98143939393938,1.999999999998181,0.60959999999944559,0.21,43,0.6
2022-12-28,HENDERSON,00H,SG,248.9314393939394,248.93181818181819,1.999999999998181,0.60959999999944559,0.21,44,0
2022-12-28,HENDERSON,00H,SG,249.07083333333333,249.07121212121211,1.999999999998181,0.60959999999944559,0.21,44,3
2022-12-28,HENDERSON,00H,SG,249.08674242424243,249.08712121212122,1.999999999998181,0.60959999999944559,0.21,44,3
2022-12-28,HENDERSON,00H,SG,248.98049242424241,248.9808712121212,1.999999999998181,0.60959999999944559,0.21,43,0.6
2022-12-28,HENDERSON,00H,SG,249.00852272727272,249.00890151515151,1.999999999998181,0.60959999999944559,0.21,43,1.7
2022-12-28,HENDERSON,00H,SG,249.00397727272727,249.00435606060606,1.999999999998181,0.60959999999944559,0.21,44,1.6
2022-12-28,HENDERSON,00H,SG,248.98011363636363,248.98049242424241,1.999999999998181,0.60959999999944559,0.21,43,0.5
2022-12-28,HENDERSON,00H,SG,249.03162878787879,249.03200757575758,1.999999999998181,0.60959999999944559,0.21,43,2.6
2022-12-28,HENDERSON,00H,SG,248.97272727272727,248.97310606060606,1.999999999998181,0.60959999999944559,0.21,43,0.2
2022-12-28,HENDERSON,00H,SG,249.07424242424241,249.0746212121212,1.999999999998181,0.60959999999944559,0.21,44,3
2022-12-28,HENDERSON,00H,SG,249.01969696969698,249.02007575757577,1.999999999998181,0.60959999999944559,0.21,44,2.2
2022-12-28,HENDERSON,00H,SG,249.08143939393941,249.08181818181819,1.999999999998181,0.60959999999944559,0.21,44,3
2022-12-28,HENDERSON,00H,SG,249.02121212121213,249.02159090909092,1.999999999998181,0.60959999999944559,0.21,43,2.3
2022-12-28,HENDERSON,00H,SG,249.02234848484849,249.02272727272728,1.999999999998181,0.60959999999944559,0.21,43,2.4
2022-12-28,HENDERSON,00H,SG,248.97954545454544,248.97992424242423,1.999999999998181,0.60959999999944559,0.21,43,0.4
2022-12-28,HENDERSON,00H,SG,249.06723484848484,249.06780303030303,2.9999999999972715,0.91439999999916843,0.21,44,3
2022-12-28,HENDERSON,00H,SG,248.9778409090909,248.97840909090908,2.9999999999972715,0.91439999999916843,0.21,43,0.4
2022-12-28,HENDERSON,00H,SG,249.0191287878788,249.01969696969698,2.9999999999972715,0.91439999999916843,0.21,43,2.2
2022-12-28,HENDERSON,00H,SG,249.01685606060607,249.01742424242425,2.9999999999972715,0.91439999999916843,0.21,43,2.1
2022-12-28,HENDERSON,00H,SG,248.96912878787879,248.96969696969697,2.9999999999972715,0.91439999999916843,0.21,43,0.2
2022-12-28,HENDERSON,00H,SG,248.93314393939394,248.93371212121212,2.9999999999972715,0.91439999999916843,0.21,44,0
2022-12-28,HENDERSON,00H,SG,249.06363636363636,249.06420454545454,2.9999999999972715,0.91439999999916843,0.21,44,3
2022-12-28,HENDERSON,00H,SG,249.01856060606062,249.0191287878788,2.9999999999972715,0.91439999999916843,0.21,43,2.1
2022-12-28,HENDERSON,00H,SG,248.92613636363637,248.92670454545456,2.9999999999972715,0.91439999999916843,0.21,44,0
2022-12-28,HENDERSON,00H,SG,248.97064393939394,248.97121212121212,2.9999999999972715,0.91439999999916843,0.21,43,0.1
2022-12-28,HENDERSON,00H,SG,248.98143939393938,248.98200757575756,2.9999999999972715,0.91439999999916843,0.21,43,0.5
2022-12-28,HENDERSON,00H,SG,249.06893939393939,249.06950757575757,2.9999999999972715,0.91439999999916843,0.21,44,3
2022-12-28,HENDERSON,00H,SG,249.02007575757577,249.02064393939395,2.9999999999972715,0.91439999999916843,0.21,43,2.2
2022-12-28,HENDERSON,00H,SG,249.02973484848485,249.03030303030303,2.9999999999972715,0.91439999999916843,0.21,43,2.6
2022-12-28,HENDERSON,00H,SG,249.02178030303031,249.02234848484849,2.9999999999972715,0.91439999999916843,0.21,43,2.3
2022-12-28,HENDERSON,00H,SG,248.92083333333332,248.9215909090909,3.999999999996362,1.2191999999988912,0.21,44,0
2022-12-28,HENDERSON,00H,SG,248.96969696969697,248.97045454545454,3.999999999996362,1.2191999999988912,0.21,43,0.1
2022-12-28,HENDERSON,00H,SG,248.97859848484848,248.97935606060605,3.999999999996362,1.2191999999988912,0.21,43,0.4
2022-12-28,HENDERSON,00H,SG,248.96515151515152,248.96590909090909,3.999999999996362,1.2191999999988912,0.21,43,0
2022-12-28,HENDERSON,00H,SG,249.06534090909091,249.06609848484848,3.999999999996362,1.2191999999988912,0.21,44,3
2022-12-28,HENDERSON,00H,SG,248.92007575757575,248.92083333333332,3.999999999996362,1.2191999999988912,0.21,43,0
2022-12-28,HENDERSON,00H,SG,249.01761363636365,249.01837121212122,3.999999999996362,1.2191999999988912,0.21,43,2.1
2022-12-28,HENDERSON,00H,SG,249.01420454545453,249.01496212121211,3.999999999996362,1.2191999999988912,0.21,43,2
2022-12-28,HENDERSON,00H,SG,249.00643939393939,249.00719696969696,3.999999999996362,1.2191999999988912,0.21,43,1.7
2022-12-28,HENDERSON,00H,SG,249.00719696969696,249.00795454545454,3.999999999996362,1.2191999999988912,0.21,44,1.7
2022-12-28,HENDERSON,00H,SG,249.0030303030303,249.00378787878788,3.999999999996362,1.2191999999988912,0.21,43,1.5
2022-12-28,HENDERSON,00H,SG,249.01344696969696,249.01420454545453,3.999999999996362,1.2191999999988912,0.21,43,1.9
2022-12-28,HENDERSON,00H,SG,249.00890151515151,249.00984848484848,4.9999999999954525,1.523999999998614,0.21,44,1.8
2022-12-28,HENDERSON,00H,SG,248.97329545454545,248.97424242424242,4.9999999999954525,1.523999999998614,0.21,43,0.2
2022-12-28,HENDERSON,00H,SG,249.02840909090909,249.02935606060606,4.9999999999954525,1.523999999998614,0.21,43,2.5
2022-12-28,HENDERSON,00H,SG,249.00549242424242,249.00643939393939,4.9999999999954525,1.523999999998614,0.21,44,1.6
2022-12-28,HENDERSON,00H,SG,249.03049242424242,249.03143939393939,4.9999999999954525,1.523999999998614,0.21,43,2.6
2022-12-28,HENDERSON,00H,SG,249.02405303030304,249.0251893939394,5.999999999994543,1.8287999999983369,0.21,43,2.4
2022-12-28,HENDERSON,00H,SG,249.06609848484848,249.06723484848484,5.999999999994543,1.8287999999983369,0.21,43,3
2022-12-28,HENDERSON,00H,SG,249.00435606060606,249.00549242424242,5.999999999994543,1.8287999999983369,0.21,43,1.6
2022-12-28,HENDERSON,00H,SG,249.06420454545454,249.06534090909091,5.999999999994543,1.8287999999983369,0.21,43,3
2022-12-28,HENDERSON,00H,SG,249.03276515151515,249.03390151515151,5.999999999994543,1.8287999999983369,0.21,43,2.7
2022-12-28,HENDERSON,00H,SG,249.06780303030303,249.06893939393939,5.999999999994543,1.8287999999983369,0.21,43,3
2022-12-28,HENDERSON,00H,SG,248.92670454545456,248.92784090909092,5.999999999994543,1.8287999999983369,0.21,43,0
2022-12-28,HENDERSON,00H,SG,249.01022727272726,249.01136363636363,5.999999999994543,1.8287999999983369,0.21,43,1.8
2022-12-28,HENDERSON,00H,SG,249.07291666666666,249.07424242424241,6.9999999999936335,2.1335999999980597,0.21,43,3
2022-12-28,HENDERSON,00H,SG,249.06231060606061,249.06363636363636,6.9999999999936335,2.1335999999980597,0.21,43,3
2022-12-28,HENDERSON,00H,SG,249.00151515151515,249.00284090909091,6.9999999999936335,2.1335999999980597,0.21,43,1.5
2022-12-28,HENDERSON,00H,SG,248.93181818181819,248.93314393939394,6.9999999999936335,2.1335999999980597,0.21,43,0
2022-12-28,HENDERSON,00H,SG,248.97121212121212,248.97253787878788,6.9999999999936335,2.1335999999980597,0.21,43,0.2
2022-12-28,HENDERSON,00H,SG,249.02537878787879,249.02670454545455,6.9999999999936335,2.1335999999980597,0.21,43,2.4
2022-12-28,HENDERSON,00H,SG,248.93011363636364,248.9314393939394,6.9999999999936335,2.1335999999980597,0.21,43,0
2022-12-28,HENDERSON,00H,SG,249.02272727272728,249.02405303030304,6.9999999999936335,2.1335999999980597,0.21,43,2.3
2022-12-28,HENDERSON,00H,SG,248.92310606060607,248.92443181818183,6.9999999999936335,2.1335999999980597,0.21,43,0
2022-12-28,HENDERSON,00H,SG,249.07121212121211,249.07253787878787,6.9999999999936335,2.1335999999980597,0.21,43,3
2022-12-28,HENDERSON,00H,SG,249.06950757575757,249.07083333333333,6.9999999999936335,2.1335999999980597,0.21,43,3
2022-12-28,HENDERSON,00H,SG,248.9215909090909,248.92291666666668,7.0000000001437,2.1336000000438,0.21,43,0
2022-12-28,HENDERSON,00H,SG,248.98617424242425,248.98768939393941,7.999999999992724,2.4383999999977823,0.21,43,0.8
2022-12-28,HENDERSON,00H,SG,249.02670454545455,249.0282196969697,7.999999999992724,2.4383999999977823,0.21,43,2.5
2022-12-28,HENDERSON,00H,SG,248.92462121212122,248.92613636363637,7.999999999992724,2.4383999999977823,0.21,43,0
2022-12-28,HENDERSON,00H,SG,248.98844696969698,248.99015151515152,8.9999999999918145,2.743199999997505,0.21,43,0.9
2022-12-28,HENDERSON,00H,SG,248.92821969696971,248.92992424242425,8.9999999999918145,2.743199999997505,0.21,43,0
2022-12-28,HENDERSON,00H,SG,248.98200757575756,248.98371212121211,8.9999999999918145,2.743199999997505,0.21,43,0.6
2022-12-28,HENDERSON,00H,SG,249.0151515151515,249.01685606060607,9.0000000001418812,2.7432000000432453,0.21,43,2
2022-12-28,HENDERSON,00H,SG,249.01136363636363,249.01325757575756,9.9999999999909051,3.047999999997228,0.21,43,1.9
2022-12-28,HENDERSON,00H,SG,248.99015151515152,248.99223484848486,10.999999999989996,3.3527999999969507,0.21,43,1
2022-12-28,HENDERSON,00H,SG,248.99678030303031,248.99886363636364,10.999999999989996,3.3527999999969507,0.21,43,1.3
2022-12-28,HENDERSON,00H,SG,249.03409090909091,249.03617424242424,10.999999999989996,3.3527999999969507,0.21,43,2.7
2022-12-28,HENDERSON,00H,SG,248.9840909090909,248.98617424242425,11.000000000140062,3.352800000042691,0.21,43,0.7
2022-12-28,HENDERSON,00H,SG,248.99223484848486,248.99450757575758,11.999999999989086,3.6575999999966737,0.21,43,1.1
2022-12-28,HENDERSON,00H,SG,248.99450757575758,248.99678030303031,11.999999999989086,3.6575999999966737,0.21,43,1.2
2022-12-28,HENDERSON,00H,SG,248.99886363636364,249.00151515151515,13.999999999987267,4.2671999999961194,0.21,43,1.4
2022-12-28,HENDERSON,00H,SG,248.96590909090909,248.96912878787879,16.999999999984539,5.1815999999952878,0.21,43,0.1
2022-12-28,HENDERSON,00H,SG,248.97424242424242,248.9778409090909,18.99999999998272,5.791199999994733,0.21,43,0.3
2022-12-28,HENDERSON,00H,SG,249.03617424242424,249.04090909090908,24.999999999977263,7.61999999999307,0.21,43,2.8
2022-12-28,HENDERSON,00H,SG,249.08181818181819,249.08674242424243,25.999999999976353,7.9247999999927927,0.21,43,3
2022-12-28,HENDERSON,00H,SG,249.13390151515151,249.1401515151515,32.999999999969987,10.058399999990852,0.21,43,3.1
2022-12-28,HENDERSON,00H,SG,249.12727272727273,249.13390151515151,34.999999999968168,10.667999999990299,0.21,43,3
2022-12-28,HENDERSON,00H,SG,249.0746212121212,249.08143939393941,36.000000000117325,10.972800000035761,0.21,43,3
2022-12-28,HENDERSON,00H,SG,249.08712121212122,249.10094696969696,72.9999999999336,22.250399999979763,0.21,43,3
2022-12-28,HENDERSON,00H,SG,249.04128787878787,249.06231060606061,111.00000000004911,33.83280000001497,0.21,43,2.9
2022-12-28,HENDERSON,00H,SG,249.10094696969696,249.12727272727273,139.00000000002365,42.367200000007209,0.21,43,3.1
2022-12-28,HENDERSON,00H,SG,248.93371212121212,248.96477272727273,164.00000000000091,49.987200000000279,0.21,43,0
2022-12-28,HENDERSON,00H,SG,252.6592803030303,252.65946969696969,0.99999999999909051,0.30479999999972279,0.22,47,0
2022-12-28,HENDERSON,00H,SG,252.6592803030303,252.65946969696969,0.99999999999909051,0.30479999999972279,0.22,46,0
2022-12-28,HENDERSON,00H,SG,252.71363636363637,252.71401515151516,1.999999999998181,0.60959999999944559,0.22,46,0
2022-12-28,HENDERSON,00H,SG,252.71553030303031,252.71590909090909,1.999999999998181,0.60959999999944559,0.22,46,0
2022-12-28,HENDERSON,00H,SG,252.70833333333334,252.70871212121213,1.999999999998181,0.60959999999944559,0.22,46,0
2022-12-28,HENDERSON,00H,SG,252.65075757575758,252.65113636363637,1.999999999998181,0.60959999999944559,0.22,47,0
2022-12-28,HENDERSON,00H,SG,252.65946969696969,252.66003787878788,2.9999999999972715,0.91439999999916843,0.22,47,0
2022-12-28,HENDERSON,00H,SG,252.71950757575758,252.72007575757576,2.9999999999972715,0.91439999999916843,0.22,47,0
2022-12-28,HENDERSON,00H,SG,252.71723484848485,252.71780303030303,2.9999999999972715,0.91439999999916843,0.22,46,0
2022-12-28,HENDERSON,00H,SG,252.67102272727271,252.6715909090909,2.9999999999972715,0.91439999999916843,0.22,46,0
2022-12-28,HENDERSON,00H,SG,252.71003787878789,252.71060606060607,2.9999999999972715,0.91439999999916843,0.22,46,0
2022-12-28,HENDERSON,00H,SG,252.70643939393941,252.70700757575759,2.9999999999972715,0.91439999999916843,0.22,46,0
2022-12-28,HENDERSON,00H,SG,252.71174242424243,252.71231060606061,2.9999999999972715,0.91439999999916843,0.22,46,0
2022-12-28,HENDERSON,00H,SG,252.71893939393939,252.71950757575758,2.9999999999972715,0.91439999999916843,0.22,46,0
2022-12-28,HENDERSON,00H,SG,252.69602272727272,252.6965909090909,2.9999999999972715,0.91439999999916843,0.22,46,0
2022-12-28,HENDERSON,00H,SG,252.7028409090909,252.7034090909091,3.0000000001473381,0.91440000004490873,0.22,46,0
2022-12-28,HENDERSON,00H,SG,252.68522727272727,252.68598484848485,3.999999999996362,1.2191999999988912,0.22,46,0
2022-12-28,HENDERSON,00H,SG,252.65416666666667,252.65492424242424,3.999999999996362,1.2191999999988912,0.22,47,0
2022-12-28,HENDERSON,00H,SG,252.6905303030303,252.69128787878788,3.999999999996362,1.2191999999988912,0.22,46,0
2022-12-28,HENDERSON,00H,SG,252.69924242424241,252.7,3.999999999996362,1.2191999999988912,0.22,46,0
2022-12-28,HENDERSON,00H,SG,252.69734848484848,252.69810606060605,3.999999999996362,1.2191999999988912,0.22,46,0
2022-12-28,HENDERSON,00H,SG,252.67973484848486,252.68049242424243,3.999999999996362,1.2191999999988912,0.22,46,0
2022-12-28,HENDERSON,00H,SG,252.65852272727273,252.6592803030303,3.999999999996362,1.2191999999988912,0.22,46,0
2022-12-28,HENDERSON,00H,SG,252.69223484848484,252.69299242424242,3.999999999996362,1.2191999999988912,0.22,46,0
2022-12-28,HENDERSON,00H,SG,252.70094696969696,252.70170454545453,3.999999999996362,1.2191999999988912,0.22,46,0
2022-12-28,HENDERSON,00H,SG,252.65,252.65075757575758,3.999999999996362,1.2191999999988912,0.22,46,0
2022-12-28,HENDERSON,00H,SG,252.6965909090909,252.69734848484848,3.999999999996362,1.2191999999988912,0.22,47,0
2022-12-28,HENDERSON,00H,SG,252.66818181818181,252.66893939393938,3.999999999996362,1.2191999999988912,0.22,47,0
2022-12-28,HENDERSON,00H,SG,252.66553030303029,252.66628787878787,3.999999999996362,1.2191999999988912,0.22,46,0
2022-12-28,HENDERSON,00H,SG,252.68333333333334,252.68409090909091,3.999999999996362,1.2191999999988912,0.22,46,0
2022-12-28,HENDERSON,00H,SG,252.68863636363636,252.68939393939394,3.999999999996362,1.2191999999988912,0.22,46,0
2022-12-28,HENDERSON,00H,SG,252.65227272727273,252.65303030303031,3.999999999996362,1.2191999999988912,0.22,47,0
2022-12-28,HENDERSON,00H,SG,252.67803030303031,252.67878787878789,3.999999999996362,1.2191999999988912,0.22,46,0
2022-12-28,HENDERSON,00H,SG,252.66193181818181,252.66268939393939,3.999999999996362,1.2191999999988912,0.22,46,0
2022-12-28,HENDERSON,00H,SG,252.67443181818183,252.67518939393941,3.999999999996362,1.2191999999988912,0.22,46,0
2022-12-28,HENDERSON,00H,SG,252.65587121212121,252.65662878787879,3.999999999996362,1.2191999999988912,0.22,47,0
2022-12-28,HENDERSON,00H,SG,252.68693181818182,252.68768939393939,3.999999999996362,1.2191999999988912,0.22,46,0
2022-12-28,HENDERSON,00H,SG,252.69412878787878,252.69488636363636,3.999999999996362,1.2191999999988912,0.22,46,0
2022-12-28,HENDERSON,00H,SG,252.70454545454547,252.70530303030304,3.999999999996362,1.2191999999988912,0.22,46,0
2022-12-28,HENDERSON,00H,SG,252.67367424242425,252.67443181818183,3.999999999996362,1.2191999999988912,0.22,47,0
2022-12-28,HENDERSON,00H,SG,252.66628787878787,252.66723484848484,4.9999999999954525,1.523999999998614,0.22,47,0
2022-12-28,HENDERSON,00H,SG,252.68049242424243,252.6814393939394,4.9999999999954525,1.523999999998614,0.22,47,0
2022-12-28,HENDERSON,00H,SG,252.65492424242424,252.65587121212121,4.9999999999954525,1.523999999998614,0.22,46,0
2022-12-28,HENDERSON,00H,SG,252.65757575757576,252.65852272727273,4.9999999999954525,1.523999999998614,0.22,47,0
2022-12-28,HENDERSON,00H,SG,252.66098484848484,252.66193181818181,4.9999999999954525,1.523999999998614,0.22,47,0
2022-12-28,HENDERSON,00H,SG,252.68598484848485,252.68693181818182,4.9999999999954525,1.523999999998614,0.22,47,0
2022-12-28,HENDERSON,00H,SG,252.66458333333333,252.66553030303029,4.9999999999954525,1.523999999998614,0.22,47,0
2022-12-28,HENDERSON,00H,SG,252.66723484848484,252.66818181818181,4.9999999999954525,1.523999999998614,0.22,46,0
2022-12-28,HENDERSON,00H,SG,252.68238636363637,252.68333333333334,4.9999999999954525,1.523999999998614,0.22,47,0
2022-12-28,HENDERSON,00H,SG,252.68768939393939,252.68863636363636,4.9999999999954525,1.523999999998614,0.22,47,0
2022-12-28,HENDERSON,00H,SG,252.67613636363637,252.67708333333334,4.9999999999954525,1.523999999998614,0.22,46,0
2022-12-28,HENDERSON,00H,SG,252.67708333333334,252.67803030303031,4.9999999999954525,1.523999999998614,0.22,47,0
2022-12-28,HENDERSON,00H,SG,252.69128787878788,252.69223484848484,4.9999999999954525,1.523999999998614,0.22,47,0
2022-12-28,HENDERSON,00H,SG,252.66003787878788,252.66098484848484,4.9999999999954525,1.523999999998614,0.22,46,0
2022-12-28,HENDERSON,00H,SG,252.66893939393938,252.66988636363635,4.9999999999954525,1.523999999998614,0.22,46,0
2022-12-28,HENDERSON,00H,SG,252.66268939393939,252.66363636363636,4.9999999999954525,1.523999999998614,0.22,47,0
2022-12-28,HENDERSON,00H,SG,252.67518939393941,252.67613636363637,4.9999999999954525,1.523999999998614,0.22,47,0
2022-12-28,HENDERSON,00H,SG,252.7,252.70094696969696,4.9999999999954525,1.523999999998614,0.22,47,0
2022-12-28,HENDERSON,00H,SG,252.6814393939394,252.68238636363637,4.9999999999954525,1.523999999998614,0.22,46,0
2022-12-28,HENDERSON,00H,SG,252.66363636363636,252.66458333333333,4.9999999999954525,1.523999999998614,0.22,46,0
2022-12-28,HENDERSON,00H,SG,252.65662878787879,252.65757575757576,4.9999999999954525,1.523999999998614,0.22,46,0
2022-12-28,HENDERSON,00H,SG,252.67878787878789,252.67973484848486,4.9999999999954525,1.523999999998614,0.22,47,0
2022-12-28,HENDERSON,00H,SG,252.6715909090909,252.67253787878789,5.0000000001455192,1.5240000000443543,0.22,47,0
2022-12-28,HENDERSON,00H,SG,252.7034090909091,252.70454545454547,5.999999999994543,1.8287999999983369,0.22,47,0
2022-12-28,HENDERSON,00H,SG,252.70530303030304,252.70643939393941,5.999999999994543,1.8287999999983369,0.22,47,0
2022-12-28,HENDERSON,00H,SG,252.65113636363637,252.65227272727273,5.999999999994543,1.8287999999983369,0.22,46,0
2022-12-28,HENDERSON,00H,SG,252.68409090909091,252.68522727272727,5.999999999994543,1.8287999999983369,0.22,47,0
2022-12-28,HENDERSON,00H,SG,252.67253787878789,252.67367424242425,5.999999999994543,1.8287999999983369,0.22,46,0
2022-12-28,HENDERSON,00H,SG,252.65303030303031,252.65416666666667,5.999999999994543,1.8287999999983369,0.22,46,0
2022-12-28,HENDERSON,00H,SG,252.69299242424242,252.69412878787878,5.999999999994543,1.8287999999983369,0.22,47,0
2022-12-28,HENDERSON,00H,SG,252.66988636363635,252.67102272727271,5.999999999994543,1.8287999999983369,0.22,47,0
2022-12-28,HENDERSON,00H,SG,252.70170454545453,252.7028409090909,5.999999999994543,1.8287999999983369,0.22,47,0
2022-12-28,HENDERSON,00H,SG,252.68939393939394,252.6905303030303,5.999999999994543,1.8287999999983369,0.22,47,0
2022-12-28,HENDERSON,00H,SG,252.71060606060607,252.71174242424243,5.999999999994543,1.8287999999983369,0.22,47,0
2022-12-28,HENDERSON,00H,SG,252.69810606060605,252.69924242424241,5.999999999994543,1.8287999999983369,0.22,47,0
2022-12-28,HENDERSON,00H,SG,252.71780303030303,252.71893939393939,5.999999999994543,1.8287999999983369,0.22,47,0
2022-12-28,HENDERSON,00H,SG,252.69488636363636,252.69602272727272,5.999999999994543,1.8287999999983369,0.22,47,0
2022-12-28,HENDERSON,00H,SG,252.70700757575759,252.70833333333334,6.9999999999936335,2.1335999999980597,0.22,47,0
2022-12-28,HENDERSON,00H,SG,252.71231060606061,252.71363636363637,6.9999999999936335,2.1335999999980597,0.22,47,0
2022-12-28,HENDERSON,00H,SG,252.70871212121213,252.71003787878789,6.9999999999936335,2.1335999999980597,0.22,47,0
2022-12-28,HENDERSON,00H,SG,252.71590909090909,252.71723484848485,6.9999999999936335,2.1335999999980597,0.22,47,0
2022-12-28,HENDERSON,00H,SG,252.71401515151516,252.71553030303031,7.999999999992724,2.4383999999977823,0.22,47,0
2022-12-28,HENDERSON,00H,SG,247.23958333333334,247.24715909090909,39.99999999996362,12.191999999988912,0.23,37,-0.1
2022-12-28,HENDERSON,00H,SG,247.24715909090909,247.34015151515152,491.00000000000364,149.65680000000111,0.23,37,0
2022-12-28,HENDERSON,00H,SG,247.1401515151515,247.23958333333334,525.00000000012278,160.02000000003744,0.23,37,0
2022-12-28,HENDERSON,00H,SG,246.3625,246.36268939393941,0.99999999999909051,0.30479999999972279,0.32,37,-3
2022-12-28,HENDERSON,00H,SG,246.40833333333333,246.40852272727273,0.99999999999909051,0.30479999999972279,0.32,38,-1.9
2022-12-28,HENDERSON,00H,SG,246.36780303030304,246.36799242424243,0.99999999999909051,0.30479999999972279,0.32,37,-3
2022-12-28,HENDERSON,00H,SG,246.40852272727273,246.40871212121212,0.99999999999909051,0.30479999999972279,0.32,38,-2
2022-12-28,HENDERSON,00H,SG,246.36060606060607,246.36079545454547,0.99999999999909051,0.30479999999972279,0.32,37,-3.1
2022-12-28,HENDERSON,00H,SG,246.3,246.30018939393941,0.99999999999909051,0.30479999999972279,0.32,37,-3.2
2022-12-28,HENDERSON,00H,SG,246.36969696969697,246.36988636363637,0.99999999999909051,0.30479999999972279,0.32,37,-2.9
2022-12-28,HENDERSON,00H,SG,246.35530303030302,246.35568181818181,1.999999999998181,0.60959999999944559,0.32,37,-3.1
2022-12-28,HENDERSON,00H,SG,246.34621212121212,246.34659090909091,1.999999999998181,0.60959999999944559,0.32,37,-3.2
2022-12-28,HENDERSON,00H,SG,246.35151515151514,246.35189393939393,1.999999999998181,0.60959999999944559,0.32,37,-3.2
2022-12-28,HENDERSON,00H,SG,246.37670454545454,246.37708333333333,1.999999999998181,0.60959999999944559,0.32,37,-2.7
2022-12-28,HENDERSON,00H,SG,246.3589015151515,246.35928030303029,1.999999999998181,0.60959999999944559,0.32,37,-3.1
2022-12-28,HENDERSON,00H,SG,246.36212121212122,246.3625,1.999999999998181,0.60959999999944559,0.32,38,-3
2022-12-28,HENDERSON,00H,SG,246.35340909090908,246.35378787878787,1.999999999998181,0.60959999999944559,0.32,37,-3.2
2022-12-28,HENDERSON,00H,SG,246.375,246.37537878787879,1.999999999998181,0.60959999999944559,0.32,37,-2.8
2022-12-28,HENDERSON,00H,SG,246.34962121212121,246.35018939393939,2.9999999999972715,0.91439999999916843,0.32,37,-3.2
2022-12-28,HENDERSON,00H,SG,246.32821969696971,246.32878787878789,2.9999999999972715,0.91439999999916843,0.32,37,-3.2
2022-12-28,HENDERSON,00H,SG,246.33522727272728,246.33579545454546,2.9999999999972715,0.91439999999916843,0.32,37,-3.2
2022-12-28,HENDERSON,00H,SG,246.34791666666666,246.34848484848484,2.9999999999972715,0.91439999999916843,0.32,37,-3.2
2022-12-28,HENDERSON,00H,SG,246.34412878787879,246.34469696969697,2.9999999999972715,0.91439999999916843,0.32,37,-3.2
2022-12-28,HENDERSON,00H,SG,246.33712121212122,246.3376893939394,2.9999999999972715,0.91439999999916843,0.32,37,-3.2
2022-12-28,HENDERSON,00H,SG,246.3407196969697,246.34128787878788,2.9999999999972715,0.91439999999916843,0.32,37,-3.2
2022-12-28,HENDERSON,00H,SG,246.31003787878788,246.31079545454546,3.999999999996362,1.2191999999988912,0.32,37,-3.2
2022-12-28,HENDERSON,00H,SG,246.30018939393941,246.30094696969698,3.999999999996362,1.2191999999988912,0.32,38,-3.2
2022-12-28,HENDERSON,00H,SG,246.32632575757575,246.32708333333332,3.999999999996362,1.2191999999988912,0.32,37,-3.2
2022-12-28,HENDERSON,00H,SG,246.3246212121212,246.32537878787878,3.999999999996362,1.2191999999988912,0.32,37,-3.2
2022-12-28,HENDERSON,00H,SG,246.36799242424243,246.36875,3.999999999996362,1.2191999999988912,0.32,38,-3
2022-12-28,HENDERSON,00H,SG,246.31742424242424,246.31818181818181,3.999999999996362,1.2191999999988912,0.32,37,-3.2
2022-12-28,HENDERSON,00H,SG,246.30303030303031,246.30378787878789,3.999999999996362,1.2191999999988912,0.32,37,-3.2
2022-12-28,HENDERSON,00H,SG,246.31193181818182,246.31268939393939,3.999999999996362,1.2191999999988912,0.32,37,-3.2
2022-12-28,HENDERSON,00H,SG,246.34242424242424,246.34318181818182,3.999999999996362,1.2191999999988912,0.32,37,-3.2
2022-12-28,HENDERSON,00H,SG,246.32272727272726,246.32348484848484,3.999999999996362,1.2191999999988912,0.32,37,-3.2
2022-12-28,HENDERSON,00H,SG,246.31382575757576,246.31458333333333,3.999999999996362,1.2191999999988912,0.32,37,-3.2
2022-12-28,HENDERSON,00H,SG,246.3155303030303,246.31628787878788,3.999999999996362,1.2191999999988912,0.32,37,-3.2
2022-12-28,HENDERSON,00H,SG,246.30738636363637,246.30814393939394,3.999999999996362,1.2191999999988912,0.32,38,-3.2
2022-12-28,HENDERSON,00H,SG,246.31818181818181,246.31893939393939,3.999999999996362,1.2191999999988912,0.32,38,-3.2
2022-12-28,HENDERSON,00H,SG,246.30378787878789,246.30454545454546,3.999999999996362,1.2191999999988912,0.32,38,-3.2
2022-12-28,HENDERSON,00H,SG,246.32196969696969,246.32272727272726,3.999999999996362,1.2191999999988912,0.32,38,-3.2
2022-12-28,HENDERSON,00H,SG,246.33352272727274,246.33428030303031,3.999999999996362,1.2191999999988912,0.32,37,-3.2
2022-12-28,HENDERSON,00H,SG,246.33882575757576,246.33958333333334,3.999999999996362,1.2191999999988912,0.32,37,-3.2
2022-12-28,HENDERSON,00H,SG,246.30568181818182,246.3064393939394,3.999999999996362,1.2191999999988912,0.32,38,-3.2
2022-12-28,HENDERSON,00H,SG,246.3316287878788,246.33238636363637,3.999999999996362,1.2191999999988912,0.32,37,-3.2
2022-12-28,HENDERSON,00H,SG,246.33428030303031,246.33522727272728,4.9999999999954525,1.523999999998614,0.32,38,-3.2
2022-12-28,HENDERSON,00H,SG,246.33068181818183,246.3316287878788,4.9999999999954525,1.523999999998614,0.32,38,-3.2
2022-12-28,HENDERSON,00H,SG,246.32973484848486,246.33068181818183,4.9999999999954525,1.523999999998614,0.32,37,-3.2
2022-12-28,HENDERSON,00H,SG,246.32878787878789,246.32973484848486,4.9999999999954525,1.523999999998614,0.32,38,-3.2
2022-12-28,HENDERSON,00H,SG,246.30814393939394,246.30909090909091,4.9999999999954525,1.523999999998614,0.32,37,-3.2
2022-12-28,HENDERSON,00H,SG,246.30094696969698,246.30189393939395,4.9999999999954525,1.523999999998614,0.32,37,-3.2
2022-12-28,HENDERSON,00H,SG,246.34318181818182,246.34412878787879,4.9999999999954525,1.523999999998614,0.32,38,-3.2
2022-12-28,HENDERSON,00H,SG,246.32537878787878,246.32632575757575,4.9999999999954525,1.523999999998614,0.32,38,-3.2
2022-12-28,HENDERSON,00H,SG,246.3064393939394,246.30738636363637,4.9999999999954525,1.523999999998614,0.32,37,-3.2
2022-12-28,HENDERSON,00H,SG,246.31458333333333,246.3155303030303,4.9999999999954525,1.523999999998614,0.32,38,-3.2
2022-12-28,HENDERSON,00H,SG,246.36875,246.36969696969697,4.9999999999954525,1.523999999998614,0.32,38,-2.9
2022-12-28,HENDERSON,00H,SG,246.32007575757575,246.32102272727272,4.9999999999954525,1.523999999998614,0.32,38,-3.2
2022-12-28,HENDERSON,00H,SG,246.32102272727272,246.32196969696969,4.9999999999954525,1.523999999998614,0.32,37,-3.2
2022-12-28,HENDERSON,00H,SG,246.30909090909091,246.31003787878788,4.9999999999954525,1.523999999998614,0.32,38,-3.2
2022-12-28,HENDERSON,00H,SG,246.31628787878788,246.31742424242424,5.999999999994543,1.8287999999983369,0.32,38,-3.2
2022-12-28,HENDERSON,00H,SG,246.33238636363637,246.33352272727274,5.999999999994543,1.8287999999983369,0.32,38,-3.2
2022-12-28,HENDERSON,00H,SG,246.34128787878788,246.34242424242424,5.999999999994543,1.8287999999983369,0.32,38,-3.2
2022-12-28,HENDERSON,00H,SG,246.3376893939394,246.33882575757576,5.999999999994543,1.8287999999983369,0.32,38,-3.2
2022-12-28,HENDERSON,00H,SG,246.34848484848484,246.34962121212121,5.999999999994543,1.8287999999983369,0.32,38,-3.2
2022-12-28,HENDERSON,00H,SG,246.31268939393939,246.31382575757576,5.999999999994543,1.8287999999983369,0.32,38,-3.2
2022-12-28,HENDERSON,00H,SG,246.31893939393939,246.32007575757575,5.999999999994543,1.8287999999983369,0.32,37,-3.2
2022-12-28,HENDERSON,00H,SG,246.31079545454546,246.31193181818182,5.999999999994543,1.8287999999983369,0.32,38,-3.2
2022-12-28,HENDERSON,00H,SG,246.33958333333334,246.3407196969697,5.999999999994543,1.8287999999983369,0.32,38,-3.2
2022-12-28,HENDERSON,00H,SG,246.30454545454546,246.30568181818182,5.999999999994543,1.8287999999983369,0.32,37,-3.2
2022-12-28,HENDERSON,00H,SG,246.32348484848484,246.3246212121212,5.999999999994543,1.8287999999983369,0.32,38,-3.2
2022-12-28,HENDERSON,00H,SG,246.30189393939395,246.30303030303031,5.999999999994543,1.8287999999983369,0.32,38,-3.2
2022-12-28,HENDERSON,00H,SG,246.32708333333332,246.32821969696968,5.999999999994543,1.8287999999983369,0.32,38,-3.2
2022-12-28,HENDERSON,00H,SG,246.33579545454546,246.33712121212122,6.9999999999936335,2.1335999999980597,0.32,38,-3.2
2022-12-28,HENDERSON,00H,SG,246.35018939393939,246.35151515151514,6.9999999999936335,2.1335999999980597,0.32,38,-3.2
2022-12-28,HENDERSON,00H,SG,246.34659090909091,246.34791666666666,6.9999999999936335,2.1335999999980597,0.32,38,-3.2
2022-12-28,HENDERSON,00H,SG,246.37537878787879,246.37670454545454,6.9999999999936335,2.1335999999980597,0.32,38,-2.8
2022-12-28,HENDERSON,00H,SG,246.36079545454547,246.36212121212122,6.9999999999936335,2.1335999999980597,0.32,38,-3.1
2022-12-28,HENDERSON,00H,SG,246.35928030303029,246.36060606060607,7.0000000001437,2.1336000000438,0.32,38,-3.1
2022-12-28,HENDERSON,00H,SG,246.34469696969697,246.34621212121212,7.999999999992724,2.4383999999977823,0.32,38,-3.2
2022-12-28,HENDERSON,00H,SG,246.35378787878787,246.35530303030302,7.999999999992724,2.4383999999977823,0.32,38,-3.1
2022-12-28,HENDERSON,00H,SG,246.35189393939393,246.35340909090908,7.999999999992724,2.4383999999977823,0.32,38,-3.2
2022-12-28,HENDERSON,00H,SG,246.37272727272727,246.375,11.999999999989086,3.6575999999966737,0.32,38,-2.8
2022-12-28,HENDERSON,00H,SG,246.37708333333333,246.37973484848484,13.999999999987267,4.2671999999961194,0.32,38,-2.7
2022-12-28,HENDERSON,00H,SG,246.36988636363637,246.37272727272727,14.999999999986358,4.5719999999958416,0.32,38,-2.9
2022-12-28,HENDERSON,00H,SG,246.35568181818181,246.3589015151515,16.999999999984539,5.1815999999952878,0.32,38,-3.1
2022-12-28,HENDERSON,00H,SG,246.41666666666666,246.42007575757575,17.999999999983629,5.48639999999501,0.32,38,-1.7
2022-12-28,HENDERSON,00H,SG,246.37973484848484,246.38333333333333,18.99999999998272,5.791199999994733,0.32,38,-2.6
2022-12-28,HENDERSON,00H,SG,246.38731060606059,246.3909090909091,19.000000000132786,5.7912000000404733,0.32,38,-2.4
2022-12-28,HENDERSON,00H,SG,246.41287878787878,246.41666666666666,19.99999999998181,6.0959999999944561,0.32,38,-1.8
2022-12-28,HENDERSON,00H,SG,246.38333333333333,246.38731060606059,20.9999999999809,6.4007999999941791,0.32,38,-2.5
2022-12-28,HENDERSON,00H,SG,246.3909090909091,246.39488636363637,20.9999999999809,6.4007999999941791,0.32,38,-2.3
2022-12-28,HENDERSON,00H,SG,246.40871212121212,246.41287878787878,21.999999999979991,6.7055999999939013,0.32,38,-1.9
2022-12-28,HENDERSON,00H,SG,246.40397727272727,246.40833333333333,22.999999999979082,7.0103999999936244,0.32,38,-2
2022-12-28,HENDERSON,00H,SG,246.39488636363637,246.39943181818182,23.999999999978172,7.3151999999933475,0.32,38,-2.2
2022-12-28,HENDERSON,00H,SG,246.39943181818182,246.40397727272727,23.999999999978172,7.3151999999933475,0.32,38,-2.1
2022-12-28,HENDERSON,00H,SG,246.36268939393941,246.36780303030304,26.999999999975444,8.2295999999925158,0.32,38,-3
2022-12-28,HENDERSON,00H,SG,246.03295454545454,246.03314393939394,0.99999999999909051,0.30479999999972279,0.35,38,0
2022-12-28,HENDERSON,00H,SG,246.08617424242425,246.08655303030304,1.999999999998181,0.60959999999944559,0.35,38,0
2022-12-28,HENDERSON,00H,SG,246.02575757575758,246.02632575757576,2.9999999999972715,0.91439999999916843,0.35,38,0
2022-12-28,HENDERSON,00H,SG,246.02007575757577,246.0221590909091,10.999999999989996,3.3527999999969507,0.35,37,-0.1
2022-12-28,HENDERSON,00H,SG,246.0221590909091,246.02575757575758,18.99999999998272,5.791199999994733,0.35,37,0
2022-12-28,HENDERSON,00H,SG,246.08655303030304,246.09015151515152,18.99999999998272,5.791199999994733,0.35,37,0
2022-12-28,HENDERSON,00H,SG,246.02632575757576,246.03295454545454,34.999999999968168,10.667999999990299,0.35,37,0
2022-12-28,HENDERSON,00H,SG,246.03314393939394,246.08617424242425,280.00000000004547,85.344000000013864,0.35,37,0
2022-12-28,HENDERSON,00H,SG,252.74034090909092,252.74053030303031,0.99999999999909051,0.30479999999972279,0.36,46,0
2022-12-28,HENDERSON,00H,SG,252.74924242424242,252.74943181818182,0.99999999999909051,0.30479999999972279,0.36,46,0
2022-12-28,HENDERSON,00H,SG,252.75643939393939,252.75662878787878,0.99999999999909051,0.30479999999972279,0.36,46,0
2022-12-28,HENDERSON,00H,SG,252.74204545454546,252.74223484848486,0.99999999999909051,0.30479999999972279,0.36,46,0
2022-12-28,HENDERSON,00H,SG,252.75284090909091,252.7530303030303,0.99999999999909051,0.30479999999972279,0.36,46,0
2022-12-28,HENDERSON,00H,SG,252.76363636363635,252.76382575757575,0.99999999999909051,0.30479999999972279,0.36,46,0
2022-12-28,HENDERSON,00H,SG,252.77594696969697,252.77613636363637,0.99999999999909051,0.30479999999972279,0.36,46,0
2022-12-28,HENDERSON,00H,SG,252.77765151515152,252.77784090909091,0.99999999999909051,0.30479999999972279,0.36,46,0
2022-12-28,HENDERSON,00H,SG,252.76174242424241,252.76193181818181,0.99999999999909051,0.30479999999972279,0.36,46,0
2022-12-28,HENDERSON,00H,SG,252.73844696969698,252.73882575757577,1.999999999998181,0.60959999999944559,0.36,46,0
2022-12-28,HENDERSON,00H,SG,252.72973484848484,252.73011363636363,1.999999999998181,0.60959999999944559,0.36,46,0
2022-12-28,HENDERSON,00H,SG,252.73674242424244,252.73712121212122,1.999999999998181,0.60959999999944559,0.36,46,0
2022-12-28,HENDERSON,00H,SG,252.74375,252.74412878787879,1.999999999998181,0.60959999999944559,0.36,46,0
2022-12-28,HENDERSON,00H,SG,252.7651515151515,252.76553030303029,1.999999999998181,0.60959999999944559,0.36,46,0
2022-12-28,HENDERSON,00H,SG,252.72443181818181,252.7248106060606,1.999999999998181,0.60959999999944559,0.36,46,0
2022-12-28,HENDERSON,00H,SG,252.73143939393938,252.73181818181817,1.999999999998181,0.60959999999944559,0.36,46,0
2022-12-28,HENDERSON,00H,SG,252.73333333333332,252.73371212121211,1.999999999998181,0.60959999999944559,0.36,46,0
2022-12-28,HENDERSON,00H,SG,252.74564393939394,252.74602272727273,1.999999999998181,0.60959999999944559,0.36,46,0
2022-12-28,HENDERSON,00H,SG,252.72613636363636,252.72651515151514,1.999999999998181,0.60959999999944559,0.36,46,0
2022-12-28,HENDERSON,00H,SG,252.7348484848485,252.73522727272729,1.999999999998181,0.60959999999944559,0.36,46,0
2022-12-28,HENDERSON,00H,SG,252.74734848484849,252.74772727272727,1.999999999998181,0.60959999999944559,0.36,46,0
2022-12-28,HENDERSON,00H,SG,252.75094696969697,252.75132575757576,1.999999999998181,0.60959999999944559,0.36,46,0
2022-12-28,HENDERSON,00H,SG,252.72064393939394,252.72121212121212,2.9999999999972715,0.91439999999916843,0.36,46,0
2022-12-28,HENDERSON,00H,SG,252.72007575757576,252.72064393939394,2.9999999999972715,0.91439999999916843,0.36,47,0
2022-12-28,HENDERSON,00H,SG,252.7278409090909,252.72840909090908,2.9999999999972715,0.91439999999916843,0.36,46,0
2022-12-28,HENDERSON,00H,SG,252.72253787878788,252.72310606060606,2.9999999999972715,0.91439999999916843,0.36,46,0
2022-12-28,HENDERSON,00H,SG,252.73371212121211,252.7348484848485,6.00000000014461,1.8288000000440772,0.36,47,0
2022-12-28,HENDERSON,00H,SG,252.73712121212122,252.73844696969698,6.9999999999936335,2.1335999999980597,0.36,47,0
2022-12-28,HENDERSON,00H,SG,252.72121212121212,252.72253787878788,6.9999999999936335,2.1335999999980597,0.36,47,0
2022-12-28,HENDERSON,00H,SG,252.72651515151514,252.7278409090909,6.9999999999936335,2.1335999999980597,0.36,47,0
2022-12-28,HENDERSON,00H,SG,252.7248106060606,252.72613636363636,6.9999999999936335,2.1335999999980597,0.36,47,0
2022-12-28,HENDERSON,00H,SG,252.74602272727273,252.74734848484849,6.9999999999936335,2.1335999999980597,0.36,47,0
2022-12-28,HENDERSON,00H,SG,252.72840909090908,252.72973484848484,6.9999999999936335,2.1335999999980597,0.36,47,0
2022-12-28,HENDERSON,00H,SG,252.72310606060606,252.72443181818181,6.9999999999936335,2.1335999999980597,0.36,47,0
2022-12-28,HENDERSON,00H,SG,252.73011363636363,252.73143939393938,6.9999999999936335,2.1335999999980597,0.36,47,0
2022-12-28,HENDERSON,00H,SG,252.76382575757575,252.7651515151515,6.9999999999936335,2.1335999999980597,0.36,47,0
2022-12-28,HENDERSON,00H,SG,252.74772727272727,252.74924242424242,7.999999999992724,2.4383999999977823,0.36,47,0
2022-12-28,HENDERSON,00H,SG,252.74943181818182,252.75094696969697,7.999999999992724,2.4383999999977823,0.36,47,0
2022-12-28,HENDERSON,00H,SG,252.74053030303031,252.74204545454546,7.999999999992724,2.4383999999977823,0.36,47,0
2022-12-28,HENDERSON,00H,SG,252.74412878787879,252.74564393939394,7.999999999992724,2.4383999999977823,0.36,47,0
2022-12-28,HENDERSON,00H,SG,252.73522727272729,252.73674242424244,7.999999999992724,2.4383999999977823,0.36,47,0
2022-12-28,HENDERSON,00H,SG,252.75132575757576,252.75284090909091,7.999999999992724,2.4383999999977823,0.36,47,0
2022-12-28,HENDERSON,00H,SG,252.73181818181817,252.73333333333332,7.999999999992724,2.4383999999977823,0.36,47,0
2022-12-28,HENDERSON,00H,SG,252.74223484848486,252.74375,7.999999999992724,2.4383999999977823,0.36,47,0
2022-12-28,HENDERSON,00H,SG,252.77613636363637,252.77765151515152,7.999999999992724,2.4383999999977823,0.36,47,0
2022-12-28,HENDERSON,00H,SG,252.73882575757577,252.74034090909092,7.999999999992724,2.4383999999977823,0.36,47,0
2022-12-28,HENDERSON,00H,SG,252.76193181818181,252.76363636363635,8.9999999999918145,2.743199999997505,0.36,47,0
2022-12-28,HENDERSON,00H,SG,252.7530303030303,252.75643939393939,17.999999999983629,5.48639999999501,0.36,47,0
2022-12-28,HENDERSON,00H,SG,252.75662878787878,252.76174242424241,26.999999999975444,8.2295999999925158,0.36,47,0
2022-12-28,HENDERSON,00H,SG,252.76553030303029,252.77594696969697,55.000000000100044,16.764000000030496,0.36,47,0
2022-12-28,HENDERSON,00H,SG,252.77784090909091,252.88011363636363,539.99999999995907,164.59199999998754,0.36,47,0
2022-12-28,HENDERSON,00H,SG,245.23617424242425,245.23636363636365,0.99999999999909051,0.30479999999972279,0.41,38,3.1
2022-12-28,HENDERSON,00H,SG,245.2346590909091,245.2348484848485,0.99999999999909051,0.30479999999972279,0.41,37,2.9
2022-12-28,HENDERSON,00H,SG,245.25321969696969,245.25340909090909,0.99999999999909051,0.30479999999972279,0.41,37,4
2022-12-28,HENDERSON,00H,SG,245.25227272727273,245.25246212121212,0.99999999999909051,0.30479999999972279,0.41,38,4
2022-12-28,HENDERSON,00H,SG,245.2933712121212,245.29356060606059,0.99999999999909051,0.30479999999972279,0.41,37,4
2022-12-28,HENDERSON,00H,SG,245.22424242424242,245.22443181818181,0.99999999999909051,0.30479999999972279,0.41,37,2.2
2022-12-28,HENDERSON,00H,SG,245.25265151515151,245.25284090909091,0.99999999999909051,0.30479999999972279,0.41,37,4
2022-12-28,HENDERSON,00H,SG,245.25492424242424,245.25511363636363,0.99999999999909051,0.30479999999972279,0.41,37,4.2
2022-12-28,HENDERSON,00H,SG,245.3034090909091,245.30359848484849,0.99999999999909051,0.30479999999972279,0.41,38,3.3
2022-12-28,HENDERSON,00H,SG,245.33276515151516,245.33295454545456,0.99999999999909051,0.30479999999972279,0.41,37,1.5
2022-12-28,HENDERSON,00H,SG,245.25340909090909,245.25359848484848,0.99999999999909051,0.30479999999972279,0.41,37,4.1
2022-12-28,HENDERSON,00H,SG,245.24128787878789,245.24147727272728,0.99999999999909051,0.30479999999972279,0.41,38,3.2
2022-12-28,HENDERSON,00H,SG,245.32575757575756,245.32594696969696,0.99999999999909051,0.30479999999972279,0.41,37,1.8
2022-12-28,HENDERSON,00H,SG,245.26098484848484,245.26117424242423,0.99999999999909051,0.30479999999972279,0.41,38,4.4
2022-12-28,HENDERSON,00H,SG,245.22007575757576,245.22026515151515,0.99999999999909051,0.30479999999972279,0.41,37,1.9
2022-12-28,HENDERSON,00H,SG,245.25568181818181,245.25587121212121,0.99999999999909051,0.30479999999972279,0.41,38,4.1
2022-12-28,HENDERSON,00H,SG,245.25246212121212,245.25265151515151,0.99999999999909051,0.30479999999972279,0.41,38,3.9
2022-12-28,HENDERSON,00H,SG,245.2346590909091,245.2348484848485,0.99999999999909051,0.30479999999972279,0.41,38,2.9
2022-12-28,HENDERSON,00H,SG,245.31666666666666,245.31685606060606,0.99999999999909051,0.30479999999972279,0.41,38,2.5
2022-12-28,HENDERSON,00H,SG,245.24166666666667,245.24185606060607,0.99999999999909051,0.30479999999972279,0.41,38,3.3
2022-12-28,HENDERSON,00H,SG,245.25359848484848,245.25378787878788,0.99999999999909051,0.30479999999972279,0.41,37,4
2022-12-28,HENDERSON,00H,SG,245.24318181818182,245.24337121212122,0.99999999999909051,0.30479999999972279,0.41,38,3.3
2022-12-28,HENDERSON,00H,SG,245.24886363636364,245.24905303030303,0.99999999999909051,0.30479999999972279,0.41,38,3.7
2022-12-28,HENDERSON,00H,SG,245.28939393939393,245.28958333333333,0.99999999999909051,0.30479999999972279,0.41,38,4.1
2022-12-28,HENDERSON,00H,SG,245.24053030303031,245.24071969696971,0.99999999999909051,0.30479999999972279,0.41,37,3.3
2022-12-28,HENDERSON,00H,SG,245.24715909090909,245.24734848484849,0.99999999999909051,0.30479999999972279,0.41,37,3.7
2022-12-28,HENDERSON,00H,SG,245.32102272727272,245.32121212121211,0.99999999999909051,0.30479999999972279,0.41,37,2.2
2022-12-28,HENDERSON,00H,SG,245.23143939393938,245.23162878787878,0.99999999999909051,0.30479999999972279,0.41,37,2.8
2022-12-28,HENDERSON,00H,SG,245.25113636363636,245.25132575757576,0.99999999999909051,0.30479999999972279,0.41,37,4
2022-12-28,HENDERSON,00H,SG,245.25208333333333,245.25227272727273,0.99999999999909051,0.30479999999972279,0.41,38,3.9
2022-12-28,HENDERSON,00H,SG,245.27878787878788,245.27897727272727,0.99999999999909051,0.30479999999972279,0.41,38,4.6
2022-12-28,HENDERSON,00H,SG,245.24147727272728,245.24166666666667,0.99999999999909051,0.30479999999972279,0.41,38,3.4
2022-12-28,HENDERSON,00H,SG,245.24375,245.2439393939394,0.99999999999909051,0.30479999999972279,0.41,37,3.5
2022-12-28,HENDERSON,00H,SG,245.29109848484848,245.29128787878787,0.99999999999909051,0.30479999999972279,0.41,38,4.1
2022-12-28,HENDERSON,00H,SG,245.29299242424241,245.29318181818181,0.99999999999909051,0.30479999999972279,0.41,38,4
2022-12-28,HENDERSON,00H,SG,245.32632575757575,245.32651515151514,0.99999999999909051,0.30479999999972279,0.41,38,1.8
2022-12-28,HENDERSON,00H,SG,245.32215909090908,245.32234848484848,0.99999999999909051,0.30479999999972279,0.41,37,2.1
2022-12-28,HENDERSON,00H,SG,245.23844696969698,245.23863636363637,0.99999999999909051,0.30479999999972279,0.41,37,3.2
2022-12-28,HENDERSON,00H,SG,245.30321969696971,245.3034090909091,0.99999999999909051,0.30479999999972279,0.41,37,3.4
2022-12-28,HENDERSON,00H,SG,245.23693181818183,245.23712121212122,0.99999999999909051,0.30479999999972279,0.41,37,3.1
2022-12-28,HENDERSON,00H,SG,245.24337121212122,245.24356060606061,0.99999999999909051,0.30479999999972279,0.41,38,3.4
2022-12-28,HENDERSON,00H,SG,245.24640151515152,245.24659090909091,0.99999999999909051,0.30479999999972279,0.41,37,3.7
2022-12-28,HENDERSON,00H,SG,245.27689393939394,245.27708333333334,0.99999999999909051,0.30479999999972279,0.41,38,4.7
2022-12-28,HENDERSON,00H,SG,245.32746212121211,245.3276515151515,0.99999999999909051,0.30479999999972279,0.41,37,1.7
2022-12-28,HENDERSON,00H,SG,245.26287878787878,245.26306818181817,0.99999999999909051,0.30479999999972279,0.41,38,4.5
2022-12-28,HENDERSON,00H,SG,245.32556818181817,245.32575757575756,0.99999999999909051,0.30479999999972279,0.41,37,1.9
2022-12-28,HENDERSON,00H,SG,245.25776515151514,245.25795454545454,0.99999999999909051,0.30479999999972279,0.41,37,4.2
2022-12-28,HENDERSON,00H,SG,245.23825757575759,245.23844696969698,0.99999999999909051,0.30479999999972279,0.41,37,3.1
2022-12-28,HENDERSON,00H,SG,245.27537878787879,245.27556818181819,0.99999999999909051,0.30479999999972279,0.41,38,4.7
2022-12-28,HENDERSON,00H,SG,245.2340909090909,245.23428030303029,0.99999999999909051,0.30479999999972279,0.41,37,2.9
2022-12-28,HENDERSON,00H,SG,245.23806818181819,245.23825757575759,0.99999999999909051,0.30479999999972279,0.41,37,3.2
2022-12-28,HENDERSON,00H,SG,245.25757575757575,245.25776515151514,0.99999999999909051,0.30479999999972279,0.41,37,4.3
2022-12-28,HENDERSON,00H,SG,245.32594696969696,245.32613636363635,0.99999999999909051,0.30479999999972279,0.41,37,1.9
2022-12-28,HENDERSON,00H,SG,245.33996212121212,245.34015151515152,0.99999999999909051,0.30479999999972279,0.41,37,1
2022-12-28,HENDERSON,00H,SG,245.24356060606061,245.24375,0.99999999999909051,0.30479999999972279,0.41,37,3.4
2022-12-28,HENDERSON,00H,SG,245.24261363636364,245.24280303030304,0.99999999999909051,0.30479999999972279,0.41,37,3.5
2022-12-28,HENDERSON,00H,SG,245.22878787878787,245.22897727272726,0.99999999999909051,0.30479999999972279,0.41,37,2.6
2022-12-28,HENDERSON,00H,SG,245.28219696969697,245.28238636363636,0.99999999999909051,0.30479999999972279,0.41,38,4.5
2022-12-28,HENDERSON,00H,SG,245.26117424242423,245.26136363636363,0.99999999999909051,0.30479999999972279,0.41,38,4.5
2022-12-28,HENDERSON,00H,SG,245.32613636363635,245.32632575757575,0.99999999999909051,0.30479999999972279,0.41,37,1.8
2022-12-28,HENDERSON,00H,SG,245.23674242424244,245.23693181818183,0.99999999999909051,0.30479999999972279,0.41,37,3
2022-12-28,HENDERSON,00H,SG,245.23598484848486,245.23617424242425,0.99999999999909051,0.30479999999972279,0.41,38,3
2022-12-28,HENDERSON,00H,SG,245.23238636363635,245.23257575757575,0.99999999999909051,0.30479999999972279,0.41,37,2.8
2022-12-28,HENDERSON,00H,SG,245.24659090909091,245.24678030303031,0.99999999999909051,0.30479999999972279,0.41,37,3.5
2022-12-28,HENDERSON,00H,SG,245.31401515151515,245.31420454545454,0.99999999999909051,0.30479999999972279,0.41,38,2.8
2022-12-28,HENDERSON,00H,SG,245.23958333333334,245.23977272727274,0.99999999999909051,0.30479999999972279,0.41,38,3.1
2022-12-28,HENDERSON,00H,SG,245.29318181818181,245.2933712121212,0.99999999999909051,0.30479999999972279,0.41,38,3.9
2022-12-28,HENDERSON,00H,SG,245.32272727272726,245.32291666666666,0.99999999999909051,0.30479999999972279,0.41,37,2.1
2022-12-28,HENDERSON,00H,SG,245.32348484848484,245.32386363636363,1.999999999998181,0.60959999999944559,0.41,38,1.9
2022-12-28,HENDERSON,00H,SG,245.26458333333332,245.26496212121211,1.999999999998181,0.60959999999944559,0.41,38,4.6
2022-12-28,HENDERSON,00H,SG,245.24678030303031,245.24715909090909,1.999999999998181,0.60959999999944559,0.41,38,3.5
2022-12-28,HENDERSON,00H,SG,245.29128787878787,245.29166666666666,1.999999999998181,0.60959999999944559,0.41,38,4
2022-12-28,HENDERSON,00H,SG,245.28409090909091,245.28446969696969,1.999999999998181,0.60959999999944559,0.41,38,4.3
2022-12-28,HENDERSON,00H,SG,245.33655303030304,245.33693181818182,1.999999999998181,0.60959999999944559,0.41,37,1.2
2022-12-28,HENDERSON,00H,SG,245.23977272727274,245.24015151515152,1.999999999998181,0.60959999999944559,0.41,38,3.2
2022-12-28,HENDERSON,00H,SG,245.25284090909091,245.25321969696969,1.999999999998181,0.60959999999944559,0.41,37,3.9
2022-12-28,HENDERSON,00H,SG,245.29696969696971,245.2973484848485,1.999999999998181,0.60959999999944559,0.41,37,3.8
2022-12-28,HENDERSON,00H,SG,245.31818181818181,245.3185606060606,1.999999999998181,0.60959999999944559,0.41,38,2.4
2022-12-28,HENDERSON,00H,SG,245.30492424242425,245.30530303030304,1.999999999998181,0.60959999999944559,0.41,37,3.3
2022-12-28,HENDERSON,00H,SG,245.33825757575758,245.33863636363637,1.999999999998181,0.60959999999944559,0.41,37,1.1
2022-12-28,HENDERSON,00H,SG,245.25170454545454,245.25208333333333,1.999999999998181,0.60959999999944559,0.41,37,3.9
2022-12-28,HENDERSON,00H,SG,245.28579545454545,245.28617424242424,1.999999999998181,0.60959999999944559,0.41,38,4.3
2022-12-28,HENDERSON,00H,SG,245.28238636363636,245.28276515151515,1.999999999998181,0.60959999999944559,0.41,38,4.4
2022-12-28,HENDERSON,00H,SG,245.31231060606061,245.31268939393939,1.999999999998181,0.60959999999944559,0.41,38,2.9
2022-12-28,HENDERSON,00H,SG,245.23636363636365,245.23674242424244,1.999999999998181,0.60959999999944559,0.41,38,3
2022-12-28,HENDERSON,00H,SG,245.3276515151515,245.32803030303029,1.999999999998181,0.60959999999944559,0.41,37,1.8
2022-12-28,HENDERSON,00H,SG,245.31496212121212,245.31534090909091,1.999999999998181,0.60959999999944559,0.41,37,2.7
2022-12-28,HENDERSON,00H,SG,245.22159090909091,245.22196969696969,1.999999999998181,0.60959999999944559,0.41,37,2.1
2022-12-28,HENDERSON,00H,SG,245.22897727272726,245.22935606060605,1.999999999998181,0.60959999999944559,0.41,38,2.5
2022-12-28,HENDERSON,00H,SG,245.24015151515152,245.24053030303031,1.999999999998181,0.60959999999944559,0.41,37,3.2
2022-12-28,HENDERSON,00H,SG,245.24488636363637,245.24526515151516,1.999999999998181,0.60959999999944559,0.41,38,3.4
2022-12-28,HENDERSON,00H,SG,245.28049242424242,245.28087121212121,1.999999999998181,0.60959999999944559,0.41,38,4.5
2022-12-28,HENDERSON,00H,SG,245.33863636363637,245.33901515151516,1.999999999998181,0.60959999999944559,0.41,38,1.1
2022-12-28,HENDERSON,00H,SG,245.22196969696969,245.22234848484848,1.999999999998181,0.60959999999944559,0.41,38,2.1
2022-12-28,HENDERSON,00H,SG,245.33693181818182,245.33731060606061,1.999999999998181,0.60959999999944559,0.41,38,1.2
2022-12-28,HENDERSON,00H,SG,245.22026515151515,245.22064393939394,1.999999999998181,0.60959999999944559,0.41,38,2
2022-12-28,HENDERSON,00H,SG,245.24280303030304,245.24318181818182,1.999999999998181,0.60959999999944559,0.41,37,3.3
2022-12-28,HENDERSON,00H,SG,245.27708333333334,245.27746212121212,1.999999999998181,0.60959999999944559,0.41,37,4.7
2022-12-28,HENDERSON,00H,SG,245.29886363636365,245.29924242424244,1.999999999998181,0.60959999999944559,0.41,37,3.7
2022-12-28,HENDERSON,00H,SG,245.32234848484848,245.32272727272726,1.999999999998181,0.60959999999944559,0.41,37,2
2022-12-28,HENDERSON,00H,SG,245.24848484848485,245.24886363636364,1.999999999998181,0.60959999999944559,0.41,38,3.6
2022-12-28,HENDERSON,00H,SG,245.26988636363637,245.27026515151516,1.999999999998181,0.60959999999944559,0.41,38,4.7
2022-12-28,HENDERSON,00H,SG,245.33617424242425,245.33655303030304,1.999999999998181,0.60959999999944559,0.41,38,1.2
2022-12-28,HENDERSON,00H,SG,245.22935606060605,245.22973484848484,1.999999999998181,0.60959999999944559,0.41,38,2.6
2022-12-28,HENDERSON,00H,SG,245.22765151515151,245.22803030303029,1.999999999998181,0.60959999999944559,0.41,38,2.5
2022-12-28,HENDERSON,00H,SG,245.25075757575758,245.25113636363636,1.999999999998181,0.60959999999944559,0.41,37,3.8
2022-12-28,HENDERSON,00H,SG,245.26306818181817,245.26344696969696,1.999999999998181,0.60959999999944559,0.41,37,4.5
2022-12-28,HENDERSON,00H,SG,245.25132575757576,245.25170454545454,1.999999999998181,0.60959999999944559,0.41,37,3.8
2022-12-28,HENDERSON,00H,SG,245.28901515151514,245.28939393939393,1.999999999998181,0.60959999999944559,0.41,37,4.1
2022-12-28,HENDERSON,00H,SG,245.30662878787879,245.30700757575758,1.999999999998181,0.60959999999944559,0.41,37,3.2
2022-12-28,HENDERSON,00H,SG,245.26647727272729,245.26685606060607,1.999999999998181,0.60959999999944559,0.41,38,4.6
2022-12-28,HENDERSON,00H,SG,245.23428030303029,245.2346590909091,2.0000000001482476,0.60960000004518589,0.41,38,2.9
2022-12-28,HENDERSON,00H,SG,245.29829545454547,245.29886363636365,2.9999999999972715,0.91439999999916843,0.41,38,3.7
2022-12-28,HENDERSON,00H,SG,245.32291666666666,245.32348484848484,2.9999999999972715,0.91439999999916843,0.41,38,2
2022-12-28,HENDERSON,00H,SG,245.30056818181819,245.30113636363637,2.9999999999972715,0.91439999999916843,0.41,37,3.6
2022-12-28,HENDERSON,00H,SG,245.2964015151515,245.29696969696968,2.9999999999972715,0.91439999999916843,0.41,38,3.8
2022-12-28,HENDERSON,00H,SG,245.25018939393939,245.25075757575758,2.9999999999972715,0.91439999999916843,0.41,38,3.8
2022-12-28,HENDERSON,00H,SG,245.25587121212121,245.25643939393939,2.9999999999972715,0.91439999999916843,0.41,37,4.1
2022-12-28,HENDERSON,00H,SG,245.33295454545456,245.33352272727274,2.9999999999972715,0.91439999999916843,0.41,37,1.4
2022-12-28,HENDERSON,00H,SG,245.28693181818181,245.2875,2.9999999999972715,0.91439999999916843,0.41,37,4.2
2022-12-28,HENDERSON,00H,SG,245.30113636363637,245.30170454545456,2.9999999999972715,0.91439999999916843,0.41,37,3.5
2022-12-28,HENDERSON,00H,SG,245.3346590909091,245.33522727272728,2.9999999999972715,0.91439999999916843,0.41,37,1.3
2022-12-28,HENDERSON,00H,SG,245.22310606060606,245.22367424242424,2.9999999999972715,0.91439999999916843,0.41,37,2.2
2022-12-28,HENDERSON,00H,SG,245.2590909090909,245.25965909090908,2.9999999999972715,0.91439999999916843,0.41,38,4.3
2022-12-28,HENDERSON,00H,SG,245.29924242424244,245.29981060606062,2.9999999999972715,0.91439999999916843,0.41,37,3.6
2022-12-28,HENDERSON,00H,SG,245.27348484848486,245.27405303030304,2.9999999999972715,0.91439999999916843,0.41,38,4.7
2022-12-28,HENDERSON,00H,SG,245.32443181818181,245.325,2.9999999999972715,0.91439999999916843,0.41,38,1.9
2022-12-28,HENDERSON,00H,SG,245.22367424242424,245.22424242424242,2.9999999999972715,0.91439999999916843,0.41,38,2.2
2022-12-28,HENDERSON,00H,SG,245.30606060606061,245.30662878787879,2.9999999999972715,0.91439999999916843,0.41,37,3.3
2022-12-28,HENDERSON,00H,SG,245.22708333333333,245.22765151515151,2.9999999999972715,0.91439999999916843,0.41,38,2.4
2022-12-28,HENDERSON,00H,SG,245.31268939393939,245.31325757575758,2.9999999999972715,0.91439999999916843,0.41,38,2.8
2022-12-28,HENDERSON,00H,SG,245.32045454545454,245.32102272727272,2.9999999999972715,0.91439999999916843,0.41,37,2.3
2022-12-28,HENDERSON,00H,SG,245.27159090909092,245.2721590909091,2.9999999999972715,0.91439999999916843,0.41,38,4.7
2022-12-28,HENDERSON,00H,SG,245.2875,245.28806818181818,2.9999999999972715,0.91439999999916843,0.41,38,4.2
2022-12-28,HENDERSON,00H,SG,245.30359848484849,245.30416666666667,2.9999999999972715,0.91439999999916843,0.41,38,3.4
2022-12-28,HENDERSON,00H,SG,245.31534090909091,245.31590909090909,2.9999999999972715,0.91439999999916843,0.41,37,2.6
2022-12-28,HENDERSON,00H,SG,245.325,245.32556818181817,2.9999999999972715,0.91439999999916843,0.41,38,1.8
2022-12-28,HENDERSON,00H,SG,245.24071969696971,245.24128787878789,2.9999999999972715,0.91439999999916843,0.41,37,3.2
2022-12-28,HENDERSON,00H,SG,245.33106060606062,245.3316287878788,2.9999999999972715,0.91439999999916843,0.41,37,1.6
2022-12-28,HENDERSON,00H,SG,245.32386363636363,245.32443181818181,2.9999999999972715,0.91439999999916843,0.41,37,1.9
2022-12-28,HENDERSON,00H,SG,245.25378787878788,245.25435606060606,2.9999999999972715,0.91439999999916843,0.41,38,4
2022-12-28,HENDERSON,00H,SG,245.2308712121212,245.23143939393938,2.9999999999972715,0.91439999999916843,0.41,38,2.7
2022-12-28,HENDERSON,00H,SG,245.25435606060606,245.25492424242424,2.9999999999972715,0.91439999999916843,0.41,37,4
2022-12-28,HENDERSON,00H,SG,245.25511363636363,245.25568181818181,2.9999999999972715,0.91439999999916843,0.41,37,4.1
2022-12-28,HENDERSON,00H,SG,245.29469696969696,245.29526515151514,2.9999999999972715,0.91439999999916843,0.41,38,3.9
2022-12-28,HENDERSON,00H,SG,245.31761363636363,245.31818181818181,2.9999999999972715,0.91439999999916843,0.41,38,2.5
2022-12-28,HENDERSON,00H,SG,245.30416666666667,245.30492424242425,3.999999999996362,1.2191999999988912,0.41,37,3.4
2022-12-28,HENDERSON,00H,SG,245.31420454545454,245.31496212121212,3.999999999996362,1.2191999999988912,0.41,38,2.7
2022-12-28,HENDERSON,00H,SG,245.22537878787878,245.22613636363636,3.999999999996362,1.2191999999988912,0.41,38,2.3
2022-12-28,HENDERSON,00H,SG,245.30530303030304,245.30606060606061,3.999999999996362,1.2191999999988912,0.41,38,3.3
2022-12-28,HENDERSON,00H,SG,245.24185606060607,245.24261363636364,3.999999999996362,1.2191999999988912,0.41,37,3.3
2022-12-28,HENDERSON,00H,SG,245.27973484848485,245.28049242424242,3.999999999996362,1.2191999999988912,0.41,37,4.5
2022-12-28,HENDERSON,00H,SG,245.31325757575758,245.31401515151515,3.999999999996362,1.2191999999988912,0.41,37,2.8
2022-12-28,HENDERSON,00H,SG,245.30170454545456,245.30246212121213,3.999999999996362,1.2191999999988912,0.41,38,3.5
2022-12-28,HENDERSON,00H,SG,245.30795454545455,245.30871212121212,3.999999999996362,1.2191999999988912,0.41,37,3.1
2022-12-28,HENDERSON,00H,SG,245.27897727272727,245.27973484848485,3.999999999996362,1.2191999999988912,0.41,37,4.6
2022-12-28,HENDERSON,00H,SG,245.22803030303029,245.22878787878787,3.999999999996362,1.2191999999988912,0.41,37,2.5
2022-12-28,HENDERSON,00H,SG,245.32916666666668,245.32992424242425,3.999999999996362,1.2191999999988912,0.41,37,1.7
2022-12-28,HENDERSON,00H,SG,245.30246212121213,245.30321969696971,3.999999999996362,1.2191999999988912,0.41,37,3.5
2022-12-28,HENDERSON,00H,SG,245.31685606060606,245.31761363636363,3.999999999996362,1.2191999999988912,0.41,37,2.5
2022-12-28,HENDERSON,00H,SG,245.23162878787878,245.23238636363635,3.999999999996362,1.2191999999988912,0.41,37,2.7
2022-12-28,HENDERSON,00H,SG,245.23257575757575,245.23333333333332,3.999999999996362,1.2191999999988912,0.41,38,2.8
2022-12-28,HENDERSON,00H,SG,245.31060606060606,245.31136363636364,3.999999999996362,1.2191999999988912,0.41,38,3
2022-12-28,HENDERSON,00H,SG,245.29981060606062,245.30056818181819,3.999999999996362,1.2191999999988912,0.41,38,3.6
2022-12-28,HENDERSON,00H,SG,245.22234848484848,245.22310606060606,3.999999999996362,1.2191999999988912,0.41,37,2.1
2022-12-28,HENDERSON,00H,SG,245.31590909090909,245.31666666666666,3.999999999996362,1.2191999999988912,0.41,38,2.6
2022-12-28,HENDERSON,00H,SG,245.23333333333332,245.2340909090909,3.999999999996362,1.2191999999988912,0.41,37,2.8
2022-12-28,HENDERSON,00H,SG,245.28617424242424,245.28693181818181,3.999999999996362,1.2191999999988912,0.41,37,4.3
2022-12-28,HENDERSON,00H,SG,245.30871212121212,245.30965909090909,4.9999999999954525,1.523999999998614,0.41,38,3.1
2022-12-28,HENDERSON,00H,SG,245.2973484848485,245.29829545454547,4.9999999999954525,1.523999999998614,0.41,37,3.7
2022-12-28,HENDERSON,00H,SG,245.28806818181818,245.28901515151514,4.9999999999954525,1.523999999998614,0.41,37,4.2
2022-12-28,HENDERSON,00H,SG,245.33731060606061,245.33825757575758,4.9999999999954525,1.523999999998614,0.41,38,1.1
2022-12-28,HENDERSON,00H,SG,245.22443181818181,245.22537878787878,4.9999999999954525,1.523999999998614,0.41,37,2.3
2022-12-28,HENDERSON,00H,SG,245.32121212121211,245.32215909090908,4.9999999999954525,1.523999999998614,0.41,38,2.2
2022-12-28,HENDERSON,00H,SG,245.33522727272728,245.33617424242425,4.9999999999954525,1.523999999998614,0.41,38,1.3
2022-12-28,HENDERSON,00H,SG,245.30700757575758,245.30795454545455,4.9999999999954525,1.523999999998614,0.41,38,3.2
2022-12-28,HENDERSON,00H,SG,245.22613636363636,245.22708333333333,4.9999999999954525,1.523999999998614,0.41,37,2.4
2022-12-28,HENDERSON,00H,SG,245.32651515151514,245.32746212121211,4.9999999999954525,1.523999999998614,0.41,38,1.7
2022-12-28,HENDERSON,00H,SG,245.30965909090909,245.31060606060606,4.9999999999954525,1.523999999998614,0.41,37,3
2022-12-28,HENDERSON,00H,SG,245.23712121212122,245.23806818181819,4.9999999999954525,1.523999999998614,0.41,37,3
2022-12-28,HENDERSON,00H,SG,245.31136363636364,245.31231060606061,4.9999999999954525,1.523999999998614,0.41,37,2.9
2022-12-28,HENDERSON,00H,SG,245.23863636363637,245.23958333333334,4.9999999999954525,1.523999999998614,0.41,37,3.1
2022-12-28,HENDERSON,00H,SG,245.2439393939394,245.24488636363637,4.9999999999954525,1.523999999998614,0.41,37,3.4
2022-12-28,HENDERSON,00H,SG,245.31950757575757,245.32045454545454,4.9999999999954525,1.523999999998614,0.41,38,2.3
2022-12-28,HENDERSON,00H,SG,245.22064393939394,245.22159090909091,4.9999999999954525,1.523999999998614,0.41,37,2
2022-12-28,HENDERSON,00H,SG,245.3185606060606,245.31950757575757,4.9999999999954525,1.523999999998614,0.41,37,2.4
2022-12-28,HENDERSON,00H,SG,245.33901515151516,245.33996212121212,4.9999999999954525,1.523999999998614,0.41,38,1
2022-12-28,HENDERSON,00H,SG,245.24734848484849,245.24848484848485,5.999999999994543,1.8287999999983369,0.41,37,3.6
2022-12-28,HENDERSON,00H,SG,245.29526515151514,245.2964015151515,5.999999999994543,1.8287999999983369,0.41,37,3.8
2022-12-28,HENDERSON,00H,SG,245.22973484848484,245.2308712121212,5.999999999994543,1.8287999999983369,0.41,37,2.6
2022-12-28,HENDERSON,00H,SG,245.24526515151516,245.24640151515152,5.999999999994543,1.8287999999983369,0.41,37,3.5
2022-12-28,HENDERSON,00H,SG,245.33352272727274,245.3346590909091,5.999999999994543,1.8287999999983369,0.41,38,1.4
2022-12-28,HENDERSON,00H,SG,245.24905303030303,245.25018939393939,5.999999999994543,1.8287999999983369,0.41,37,3.7
2022-12-28,HENDERSON,00H,SG,245.25795454545454,245.2590909090909,5.999999999994543,1.8287999999983369,0.41,37,4.3
2022-12-28,HENDERSON,00H,SG,245.29356060606059,245.29469696969696,5.999999999994543,1.8287999999983369,0.41,37,3.9
2022-12-28,HENDERSON,00H,SG,245.32992424242425,245.33106060606062,5.999999999994543,1.8287999999983369,0.41,38,1.6
2022-12-28,HENDERSON,00H,SG,245.25643939393939,245.25757575757575,5.999999999994543,1.8287999999983369,0.41,37,4.2
2022-12-28,HENDERSON,00H,SG,245.26344696969696,245.26458333333332,5.999999999994543,1.8287999999983369,0.41,37,4.6
2022-12-28,HENDERSON,00H,SG,245.2348484848485,245.23598484848486,5.999999999994543,1.8287999999983369,0.41,37,2.9
2022-12-28,HENDERSON,00H,SG,245.3316287878788,245.33276515151516,5.999999999994543,1.8287999999983369,0.41,38,1.5
2022-12-28,HENDERSON,00H,SG,245.32803030303029,245.32916666666668,6.00000000014461,1.8288000000440772,0.41,38,1.7
2022-12-28,HENDERSON,00H,SG,245.27026515151516,245.27159090909092,6.9999999999936335,2.1335999999980597,0.41,37,4.7
2022-12-28,HENDERSON,00H,SG,245.25965909090908,245.26098484848484,6.9999999999936335,2.1335999999980597,0.41,37,4.4
2022-12-28,HENDERSON,00H,SG,245.28276515151515,245.28409090909091,6.9999999999936335,2.1335999999980597,0.41,37,4.4
2022-12-28,HENDERSON,00H,SG,245.2721590909091,245.27348484848486,6.9999999999936335,2.1335999999980597,0.41,37,4.7
2022-12-28,HENDERSON,00H,SG,245.28446969696969,245.28579545454545,6.9999999999936335,2.1335999999980597,0.41,37,4.3
2022-12-28,HENDERSON,00H,SG,245.28087121212121,245.28219696969697,6.9999999999936335,2.1335999999980597,0.41,37,4.5
2022-12-28,HENDERSON,00H,SG,245.27556818181819,245.27689393939394,6.9999999999936335,2.1335999999980597,0.41,37,4.7
2022-12-28,HENDERSON,00H,SG,245.29166666666666,245.29299242424241,6.9999999999936335,2.1335999999980597,0.41,37,4
2022-12-28,HENDERSON,00H,SG,245.27405303030304,245.27537878787879,6.9999999999936335,2.1335999999980597,0.41,37,4.7
2022-12-28,HENDERSON,00H,SG,245.27746212121212,245.27878787878788,6.9999999999936335,2.1335999999980597,0.41,37,4.6
2022-12-28,HENDERSON,00H,SG,245.26136363636363,245.26287878787878,7.999999999992724,2.4383999999977823,0.41,37,4.5
2022-12-28,HENDERSON,00H,SG,245.28958333333333,245.29109848484848,7.999999999992724,2.4383999999977823,0.41,37,4.1
2022-12-28,HENDERSON,00H,SG,245.26496212121211,245.26647727272729,8.00000000014279,2.4384000000435226,0.41,37,4.6
2022-12-28,HENDERSON,00H,SG,245.26685606060607,245.26988636363637,15.999999999985448,4.8767999999955647,0.41,37,4.7
2022-12-28,HENDERSON,00H,SG,245.90378787878788,245.90397727272727,0.99999999999909051,0.30479999999972279,0.42,37,-1.9
2022-12-28,HENDERSON,00H,SG,246.00890151515151,246.0090909090909,0.99999999999909051,0.30479999999972279,0.42,37,-0.4
2022-12-28,HENDERSON,00H,SG,245.89488636363637,245.89507575757577,0.99999999999909051,0.30479999999972279,0.42,37,-1.5
2022-12-28,HENDERSON,00H,SG,245.98503787878789,245.98522727272729,0.99999999999909051,0.30479999999972279,0.42,37,-1.1
2022-12-28,HENDERSON,00H,SG,245.96477272727273,245.96496212121212,0.99999999999909051,0.30479999999972279,0.42,37,-1.7
2022-12-28,HENDERSON,00H,SG,245.87973484848484,245.87992424242424,0.99999999999909051,0.30479999999972279,0.42,37,-1.1
2022-12-28,HENDERSON,00H,SG,245.89469696969698,245.89488636363637,0.99999999999909051,0.30479999999972279,0.42,37,-1.6
2022-12-28,HENDERSON,00H,SG,245.88068181818181,245.88087121212121,0.99999999999909051,0.30479999999972279,0.42,37,-1.1
2022-12-28,HENDERSON,00H,SG,245.98068181818181,245.9808712121212,0.99999999999909051,0.30479999999972279,0.42,37,-1.2
2022-12-28,HENDERSON,00H,SG,245.97102272727273,245.97121212121212,0.99999999999909051,0.30479999999972279,0.42,37,-1.5
2022-12-28,HENDERSON,00H,SG,245.88390151515151,245.8840909090909,0.99999999999909051,0.30479999999972279,0.42,37,-1.2
2022-12-28,HENDERSON,00H,SG,245.94696969696969,245.94715909090908,0.99999999999909051,0.30479999999972279,0.42,37,-2.1
2022-12-28,HENDERSON,00H,SG,245.88844696969696,245.88863636363635,0.99999999999909051,0.30479999999972279,0.42,37,-1.4
2022-12-28,HENDERSON,00H,SG,245.89810606060607,245.89829545454546,0.99999999999909051,0.30479999999972279,0.42,37,-1.6
2022-12-28,HENDERSON,00H,SG,245.98106060606059,245.98125,0.99999999999909051,0.30479999999972279,0.42,37,-1.2
2022-12-28,HENDERSON,00H,SG,245.9808712121212,245.98106060606059,0.99999999999909051,0.30479999999972279,0.42,37,-1.1
2022-12-28,HENDERSON,00H,SG,245.89791666666667,245.89810606060607,0.99999999999909051,0.30479999999972279,0.42,37,-1.7
2022-12-28,HENDERSON,00H,SG,245.9001893939394,245.90037878787879,0.99999999999909051,0.30479999999972279,0.42,37,-1.8
2022-12-28,HENDERSON,00H,SG,245.90397727272727,245.90416666666667,0.99999999999909051,0.30479999999972279,0.42,37,-1.8
2022-12-28,HENDERSON,00H,SG,245.87007575757576,245.87045454545455,1.999999999998181,0.60959999999944559,0.42,37,-0.6
2022-12-28,HENDERSON,00H,SG,245.8840909090909,245.88446969696969,1.999999999998181,0.60959999999944559,0.42,37,-1.1
2022-12-28,HENDERSON,00H,SG,246.0060606060606,246.00643939393939,1.999999999998181,0.60959999999944559,0.42,37,-0.5
2022-12-28,HENDERSON,00H,SG,246.00852272727272,246.00890151515151,1.999999999998181,0.60959999999944559,0.42,37,-0.3
2022-12-28,HENDERSON,00H,SG,245.98030303030302,245.98068181818181,1.999999999998181,0.60959999999944559,0.42,37,-1.1
2022-12-28,HENDERSON,00H,SG,245.88087121212121,245.88143939393939,2.9999999999972715,0.91439999999916843,0.42,37,-1
2022-12-28,HENDERSON,00H,SG,245.90037878787879,245.90094696969697,2.9999999999972715,0.91439999999916843,0.42,37,-1.7
2022-12-28,HENDERSON,00H,SG,245.97045454545454,245.97102272727273,2.9999999999972715,0.91439999999916843,0.42,37,-1.4
2022-12-28,HENDERSON,00H,SG,246.00549242424242,246.0060606060606,2.9999999999972715,0.91439999999916843,0.42,37,-0.4
2022-12-28,HENDERSON,00H,SG,245.88863636363635,245.88939393939393,3.999999999996362,1.2191999999988912,0.42,37,-1.3
2022-12-28,HENDERSON,00H,SG,245.87897727272727,245.87973484848484,3.999999999996362,1.2191999999988912,0.42,37,-1
2022-12-28,HENDERSON,00H,SG,245.87992424242424,245.88068181818181,3.999999999996362,1.2191999999988912,0.42,37,-1
2022-12-28,HENDERSON,00H,SG,245.96382575757576,245.96477272727273,4.9999999999954525,1.523999999998614,0.42,37,-1.6
2022-12-28,HENDERSON,00H,SG,245.9840909090909,245.98503787878789,5.0000000001455192,1.5240000000443543,0.42,37,-1
2022-12-28,HENDERSON,00H,SG,245.94564393939393,245.94696969696969,6.9999999999936335,2.1335999999980597,0.42,37,-2
2022-12-28,HENDERSON,00H,SG,245.88674242424241,245.88844696969696,8.9999999999918145,2.743199999997505,0.42,37,-1.3
2022-12-28,HENDERSON,00H,SG,245.89829545454546,245.9001893939394,9.9999999999909051,3.047999999997228,0.42,37,-1.7
2022-12-28,HENDERSON,00H,SG,246.00643939393939,246.00852272727272,10.999999999989996,3.3527999999969507,0.42,37,-0.4
2022-12-28,HENDERSON,00H,SG,245.88446969696969,245.88674242424241,11.999999999989086,3.6575999999966737,0.42,37,-1.2
2022-12-28,HENDERSON,00H,SG,245.89242424242425,245.89469696969698,11.999999999989086,3.6575999999966737,0.42,37,-1.5
2022-12-28,HENDERSON,00H,SG,245.98522727272729,245.9875,11.999999999989086,3.6575999999966737,0.42,37,-1
2022-12-28,HENDERSON,00H,SG,245.88143939393939,245.88390151515151,12.999999999988177,3.9623999999963964,0.42,37,-1.1
2022-12-28,HENDERSON,00H,SG,245.96496212121212,245.96761363636364,13.999999999987267,4.2671999999961194,0.42,37,-1.6
2022-12-28,HENDERSON,00H,SG,245.87613636363636,245.87897727272727,14.999999999986358,4.5719999999958416,0.42,37,-0.9
2022-12-28,HENDERSON,00H,SG,245.90094696969697,245.90378787878788,14.999999999986358,4.5719999999958416,0.42,37,-1.8
2022-12-28,HENDERSON,00H,SG,245.87045454545455,245.87329545454546,14.999999999986358,4.5719999999958416,0.42,37,-0.7
2022-12-28,HENDERSON,00H,SG,245.97121212121212,245.97405303030303,14.999999999986358,4.5719999999958416,0.42,37,-1.4
2022-12-28,HENDERSON,00H,SG,245.87329545454546,245.87613636363636,14.999999999986358,4.5719999999958416,0.42,37,-0.8
2022-12-28,HENDERSON,00H,SG,245.89507575757577,245.89791666666667,14.999999999986358,4.5719999999958416,0.42,37,-1.6
2022-12-28,HENDERSON,00H,SG,245.96761363636364,245.97045454545454,14.999999999986358,4.5719999999958416,0.42,37,-1.5
2022-12-28,HENDERSON,00H,SG,245.98125,245.9840909090909,14.999999999986358,4.5719999999958416,0.42,37,-1.1
2022-12-28,HENDERSON,00H,SG,245.97727272727272,245.98030303030302,15.999999999985448,4.8767999999955647,0.42,37,-1.2
2022-12-28,HENDERSON,00H,SG,246.0090909090909,246.0121212121212,15.999999999985448,4.8767999999955647,0.42,37,-0.3
2022-12-28,HENDERSON,00H,SG,245.96079545454546,245.96382575757576,15.999999999985448,4.8767999999955647,0.42,37,-1.7
2022-12-28,HENDERSON,00H,SG,245.88939393939393,245.89242424242425,16.000000000135515,4.876800000041305,0.42,37,-1.4
2022-12-28,HENDERSON,00H,SG,246.00227272727273,246.00549242424242,16.999999999984539,5.1815999999952878,0.42,37,-0.5
2022-12-28,HENDERSON,00H,SG,245.99905303030303,246.00227272727273,16.999999999984539,5.1815999999952878,0.42,37,-0.6
2022-12-28,HENDERSON,00H,SG,245.97405303030303,245.97727272727272,16.999999999984539,5.1815999999952878,0.42,37,-1.3
2022-12-28,HENDERSON,00H,SG,245.99564393939394,245.99905303030303,17.999999999983629,5.48639999999501,0.42,37,-0.7
2022-12-28,HENDERSON,00H,SG,245.95700757575759,245.96079545454546,19.99999999998181,6.0959999999944561,0.42,37,-1.8
2022-12-28,HENDERSON,00H,SG,245.90416666666667,245.90814393939394,20.9999999999809,6.4007999999941791,0.42,37,-1.9
2022-12-28,HENDERSON,00H,SG,245.9875,245.99147727272728,20.9999999999809,6.4007999999941791,0.42,37,-0.9
2022-12-28,HENDERSON,00H,SG,246.0160984848485,246.02007575757577,20.9999999999809,6.4007999999941791,0.42,37,-0.1
2022-12-28,HENDERSON,00H,SG,246.0121212121212,246.0160984848485,21.000000000130967,6.4008000000399194,0.42,37,-0.2
2022-12-28,HENDERSON,00H,SG,245.99147727272728,245.99564393939394,21.999999999979991,6.7055999999939013,0.42,37,-0.8
2022-12-28,HENDERSON,00H,SG,245.95227272727271,245.95700757575759,25.000000000127329,7.62000000003881,0.42,37,-1.9
2022-12-28,HENDERSON,00H,SG,245.90814393939394,245.91306818181818,25.999999999976353,7.9247999999927927,0.42,37,-2
2022-12-28,HENDERSON,00H,SG,245.94715909090908,245.95227272727271,26.999999999975444,8.2295999999925158,0.42,37,-2
2022-12-28,HENDERSON,00H,SG,245.91306818181818,245.94564393939393,171.99999999999363,52.425599999998063,0.42,37,-2.1
2022-12-28,HENDERSON,00H,SG,242.01761363636365,242.01780303030304,0.99999999999909051,0.30479999999972279,0.43,38,-1.7
2022-12-28,HENDERSON,00H,SG,243.85359848484848,243.85378787878787,0.99999999999909051,0.30479999999972279,0.43,35,3.2
2022-12-28,HENDERSON,00H,SG,244.08863636363637,244.08882575757576,0.99999999999909051,0.30479999999972279,0.43,35,1.6
2022-12-28,HENDERSON,00H,SG,244.29147727272726,244.29166666666666,0.99999999999909051,0.30479999999972279,0.43,36,-1.4
2022-12-28,HENDERSON,00H,SG,244.05833333333334,244.05852272727273,0.99999999999909051,0.30479999999972279,0.43,35,3.2
2022-12-28,HENDERSON,00H,SG,244.26344696969696,244.26363636363635,0.99999999999909051,0.30479999999972279,0.43,36,-2.7
2022-12-28,HENDERSON,00H,SG,244.29318181818181,244.2933712121212,0.99999999999909051,0.30479999999972279,0.43,35,-1.4
2022-12-28,HENDERSON,00H,SG,244.18011363636364,244.18030303030304,0.99999999999909051,0.30479999999972279,0.43,35,-1.8
2022-12-28,HENDERSON,00H,SG,244.19204545454545,244.19223484848484,0.99999999999909051,0.30479999999972279,0.43,35,-2.4
2022-12-28,HENDERSON,00H,SG,243.84715909090909,243.84734848484848,0.99999999999909051,0.30479999999972279,0.43,35,2.8
2022-12-28,HENDERSON,00H,SG,244.07140151515151,244.0715909090909,0.99999999999909051,0.30479999999972279,0.43,35,2.5
2022-12-28,HENDERSON,00H,SG,244.07651515151514,244.07670454545453,0.99999999999909051,0.30479999999972279,0.43,35,2.3
2022-12-28,HENDERSON,00H,SG,244.30227272727274,244.30246212121213,0.99999999999909051,0.30479999999972279,0.43,36,-0.9
2022-12-28,HENDERSON,00H,SG,244.30397727272728,244.30416666666667,0.99999999999909051,0.30479999999972279,0.43,36,-0.8
2022-12-28,HENDERSON,00H,SG,242.01742424242425,242.01761363636365,0.99999999999909051,0.30479999999972279,0.43,38,-1.8
2022-12-28,HENDERSON,00H,SG,244.26969696969698,244.26988636363637,0.99999999999909051,0.30479999999972279,0.43,35,-2.4
2022-12-28,HENDERSON,00H,SG,244.3003787878788,244.30056818181819,0.99999999999909051,0.30479999999972279,0.43,36,-1
2022-12-28,HENDERSON,00H,SG,244.25094696969697,244.25113636363636,0.99999999999909051,0.30479999999972279,0.43,36,-2.9
2022-12-28,HENDERSON,00H,SG,242.00662878787878,242.00681818181818,0.99999999999909051,0.30479999999972279,0.43,38,-2.2
2022-12-28,HENDERSON,00H,SG,242.01571969696971,242.0159090909091,0.99999999999909051,0.30479999999972279,0.43,38,-1.8
2022-12-28,HENDERSON,00H,SG,244.29356060606059,244.29375,0.99999999999909051,0.30479999999972279,0.43,36,-1.3
2022-12-28,HENDERSON,00H,SG,242.01875,242.01893939393941,0.99999999999909051,0.30479999999972279,0.43,38,-1.7
2022-12-28,HENDERSON,00H,SG,243.86155303030304,243.86174242424244,0.99999999999909051,0.30479999999972279,0.43,35,3.6
2022-12-28,HENDERSON,00H,SG,244.06875,244.06893939393939,0.99999999999909051,0.30479999999972279,0.43,35,2.7
2022-12-28,HENDERSON,00H,SG,244.23333333333332,244.23352272727271,0.99999999999909051,0.30479999999972279,0.43,35,-2.9
2022-12-28,HENDERSON,00H,SG,242.00170454545454,242.00189393939394,0.99999999999909051,0.30479999999972279,0.43,38,-2.6
2022-12-28,HENDERSON,00H,SG,244.28806818181818,244.28825757575757,0.99999999999909051,0.30479999999972279,0.43,36,-1.7
2022-12-28,HENDERSON,00H,SG,244.2933712121212,244.29356060606059,0.99999999999909051,0.30479999999972279,0.43,36,-1.4
2022-12-28,HENDERSON,00H,SG,242.01477272727271,242.01496212121211,0.99999999999909051,0.30479999999972279,0.43,38,-2
2022-12-28,HENDERSON,00H,SG,243.86761363636364,243.86780303030304,0.99999999999909051,0.30479999999972279,0.43,35,3.8
2022-12-28,HENDERSON,00H,SG,244.10492424242423,244.10511363636363,0.99999999999909051,0.30479999999972279,0.43,35,0.7
2022-12-28,HENDERSON,00H,SG,244.27575757575758,244.27594696969697,0.99999999999909051,0.30479999999972279,0.43,36,-2.3
2022-12-28,HENDERSON,00H,SG,244.05094696969698,244.05113636363637,0.99999999999909051,0.30479999999972279,0.43,35,3.6
2022-12-28,HENDERSON,00H,SG,243.8659090909091,243.86609848484849,0.99999999999909051,0.30479999999972279,0.43,35,3.7
2022-12-28,HENDERSON,00H,SG,244.04696969696971,244.0471590909091,0.99999999999909051,0.30479999999972279,0.43,35,3.8
2022-12-28,HENDERSON,00H,SG,243.8528409090909,243.85303030303029,0.99999999999909051,0.30479999999972279,0.43,35,3.1
2022-12-28,HENDERSON,00H,SG,244.18087121212122,244.18106060606061,0.99999999999909051,0.30479999999972279,0.43,35,-1.8
2022-12-28,HENDERSON,00H,SG,244.30246212121213,244.30265151515152,0.99999999999909051,0.30479999999972279,0.43,36,-1
2022-12-28,HENDERSON,00H,SG,244.04469696969696,244.04488636363635,0.99999999999909051,0.30479999999972279,0.43,35,3.9
2022-12-28,HENDERSON,00H,SG,244.10852272727271,244.10871212121211,0.99999999999909051,0.30479999999972279,0.43,35,0.4
2022-12-28,HENDERSON,00H,SG,244.18068181818182,244.18087121212122,0.99999999999909051,0.30479999999972279,0.43,35,-1.9
2022-12-28,HENDERSON,00H,SG,244.29450757575756,244.29469696969696,0.99999999999909051,0.30479999999972279,0.43,35,-1.4
2022-12-28,HENDERSON,00H,SG,244.2842803030303,244.28446969696969,0.99999999999909051,0.30479999999972279,0.43,35,-1.8
2022-12-28,HENDERSON,00H,SG,244.10473484848484,244.10492424242423,0.99999999999909051,0.30479999999972279,0.43,35,0.6
2022-12-28,HENDERSON,00H,SG,244.10606060606059,244.10625,0.99999999999909051,0.30479999999972279,0.43,35,0.7
2022-12-28,HENDERSON,00H,SG,244.18030303030304,244.18049242424243,0.99999999999909051,0.30479999999972279,0.43,35,-1.9
2022-12-28,HENDERSON,00H,SG,243.86609848484849,243.86628787878789,0.99999999999909051,0.30479999999972279,0.43,35,3.6
2022-12-28,HENDERSON,00H,SG,244.08787878787879,244.08806818181819,0.99999999999909051,0.30479999999972279,0.43,35,1.6
2022-12-28,HENDERSON,00H,SG,242.01458333333332,242.01477272727271,0.99999999999909051,0.30479999999972279,0.43,38,-1.9
2022-12-28,HENDERSON,00H,SG,243.84412878787879,243.84431818181818,0.99999999999909051,0.30479999999972279,0.43,35,2.6
2022-12-28,HENDERSON,00H,SG,244.2965909090909,244.29678030303029,0.99999999999909051,0.30479999999972279,0.43,35,-1.2
2022-12-28,HENDERSON,00H,SG,244.06685606060606,244.06704545454545,0.99999999999909051,0.30479999999972279,0.43,35,2.7
2022-12-28,HENDERSON,00H,SG,244.29678030303029,244.29696969696968,0.99999999999909051,0.30479999999972279,0.43,35,-1.3
2022-12-28,HENDERSON,00H,SG,242.00151515151515,242.00170454545454,0.99999999999909051,0.30479999999972279,0.43,38,-2.5
2022-12-28,HENDERSON,00H,SG,244.07632575757575,244.07651515151514,0.99999999999909051,0.30479999999972279,0.43,35,2.1
2022-12-28,HENDERSON,00H,SG,244.23314393939393,244.23333333333332,0.99999999999909051,0.30479999999972279,0.43,35,-3
2022-12-28,HENDERSON,00H,SG,244.26458333333332,244.26477272727271,0.99999999999909051,0.30479999999972279,0.43,35,-2.6
2022-12-28,HENDERSON,00H,SG,244.30700757575758,244.30719696969697,0.99999999999909051,0.30479999999972279,0.43,36,-0.7
2022-12-28,HENDERSON,00H,SG,242.00738636363636,242.00757575757575,0.99999999999909051,0.30479999999972279,0.43,38,-2.2
2022-12-28,HENDERSON,00H,SG,244.08693181818182,244.08712121212122,0.99999999999909051,0.30479999999972279,0.43,35,1.7
2022-12-28,HENDERSON,00H,SG,243.85340909090908,243.85359848484848,0.99999999999909051,0.30479999999972279,0.43,35,3.1
2022-12-28,HENDERSON,00H,SG,244.18049242424243,244.18068181818182,0.99999999999909051,0.30479999999972279,0.43,35,-1.8
2022-12-28,HENDERSON,00H,SG,244.04886363636365,244.04905303030304,0.99999999999909051,0.30479999999972279,0.43,35,3.7
2022-12-28,HENDERSON,00H,SG,244.09507575757576,244.09526515151515,0.99999999999909051,0.30479999999972279,0.43,35,1.2
2022-12-28,HENDERSON,00H,SG,244.28181818181818,244.28200757575758,0.99999999999909051,0.30479999999972279,0.43,35,-2
2022-12-28,HENDERSON,00H,SG,244.09109848484849,244.09128787878788,0.99999999999909051,0.30479999999972279,0.43,35,1.4
2022-12-28,HENDERSON,00H,SG,244.30852272727273,244.30871212121212,0.99999999999909051,0.30479999999972279,0.43,36,-0.6
2022-12-28,HENDERSON,00H,SG,244.08712121212122,244.08731060606061,0.99999999999909051,0.30479999999972279,0.43,35,1.6
2022-12-28,HENDERSON,00H,SG,244.06666666666666,244.06685606060606,0.99999999999909051,0.30479999999972279,0.43,35,2.8
2022-12-28,HENDERSON,00H,SG,244.18882575757576,244.18901515151515,0.99999999999909051,0.30479999999972279,0.43,35,-2.2
2022-12-28,HENDERSON,00H,SG,244.29753787878789,244.29772727272729,0.99999999999909051,0.30479999999972279,0.43,36,-1.1
2022-12-28,HENDERSON,00H,SG,243.85681818181817,243.85700757575756,0.99999999999909051,0.30479999999972279,0.43,35,3.2
2022-12-28,HENDERSON,00H,SG,244.24734848484849,244.24753787878788,0.99999999999909051,0.30479999999972279,0.43,36,-3
2022-12-28,HENDERSON,00H,SG,244.07386363636363,244.07405303030302,0.99999999999909051,0.30479999999972279,0.43,35,2.4
2022-12-28,HENDERSON,00H,SG,244.18901515151515,244.18920454545454,0.99999999999909051,0.30479999999972279,0.43,35,-2.3
2022-12-28,HENDERSON,00H,SG,243.86003787878789,243.86022727272729,0.99999999999909051,0.30479999999972279,0.43,35,3.5
2022-12-28,HENDERSON,00H,SG,244.19886363636363,244.19905303030302,0.99999999999909051,0.30479999999972279,0.43,35,-2.6
2022-12-28,HENDERSON,00H,SG,244.09659090909091,244.0967803030303,0.99999999999909051,0.30479999999972279,0.43,35,1.1
2022-12-28,HENDERSON,00H,SG,244.27594696969697,244.27613636363637,0.99999999999909051,0.30479999999972279,0.43,36,-2.2
2022-12-28,HENDERSON,00H,SG,244.27803030303031,244.2782196969697,0.99999999999909051,0.30479999999972279,0.43,36,-2.1
2022-12-28,HENDERSON,00H,SG,244.08844696969697,244.08863636363637,0.99999999999909051,0.30479999999972279,0.43,35,1.4
2022-12-28,HENDERSON,00H,SG,244.29696969696971,244.2971590909091,0.99999999999909051,0.30479999999972279,0.43,36,-1.3
2022-12-28,HENDERSON,00H,SG,244.10454545454544,244.10473484848484,0.99999999999909051,0.30479999999972279,0.43,35,0.7
2022-12-28,HENDERSON,00H,SG,244.10871212121211,244.1089015151515,0.99999999999909051,0.30479999999972279,0.43,35,0.5
2022-12-28,HENDERSON,00H,SG,244.30378787878789,244.30397727272728,0.99999999999909051,0.30479999999972279,0.43,35,-0.9
2022-12-28,HENDERSON,00H,SG,244.19166666666666,244.19204545454545,1.999999999998181,0.60959999999944559,0.43,35,-2.5
2022-12-28,HENDERSON,00H,SG,244.26155303030302,244.26193181818181,1.999999999998181,0.60959999999944559,0.43,36,-2.8
2022-12-28,HENDERSON,00H,SG,244.3,244.3003787878788,1.999999999998181,0.60959999999944559,0.43,35,-1.1
2022-12-28,HENDERSON,00H,SG,242.00056818181818,242.00094696969697,1.999999999998181,0.60959999999944559,0.43,38,-2.5
2022-12-28,HENDERSON,00H,SG,244.18844696969697,244.18882575757576,1.999999999998181,0.60959999999944559,0.43,35,-2.3
2022-12-28,HENDERSON,00H,SG,244.29053030303029,244.29090909090908,1.999999999998181,0.60959999999944559,0.43,36,-1.5
2022-12-28,HENDERSON,00H,SG,242.00625,242.00662878787878,1.999999999998181,0.60959999999944559,0.43,38,-2.3
2022-12-28,HENDERSON,00H,SG,244.29621212121211,244.2965909090909,1.999999999998181,0.60959999999944559,0.43,35,-1.3
2022-12-28,HENDERSON,00H,SG,244.30189393939395,244.30227272727274,1.999999999998181,0.60959999999944559,0.43,35,-1
2022-12-28,HENDERSON,00H,SG,243.84431818181818,243.84469696969697,1.999999999998181,0.60959999999944559,0.43,35,2.5
2022-12-28,HENDERSON,00H,SG,244.08806818181819,244.08844696969697,1.999999999998181,0.60959999999944559,0.43,35,1.5
2022-12-28,HENDERSON,00H,SG,244.19223484848484,244.19261363636363,1.999999999998181,0.60959999999944559,0.43,35,-2.5
2022-12-28,HENDERSON,00H,SG,244.2971590909091,244.29753787878789,1.999999999998181,0.60959999999944559,0.43,36,-1.2
2022-12-28,HENDERSON,00H,SG,244.26875,244.2691287878788,1.999999999998181,0.60959999999944559,0.43,36,-2.6
2022-12-28,HENDERSON,00H,SG,244.30871212121212,244.30909090909091,1.999999999998181,0.60959999999944559,0.43,36,-0.7
2022-12-28,HENDERSON,00H,SG,244.27178030303031,244.2721590909091,1.999999999998181,0.60959999999944559,0.43,35,-2.4
2022-12-28,HENDERSON,00H,SG,244.0846590909091,244.08503787878789,1.999999999998181,0.60959999999944559,0.43,35,1.7
2022-12-28,HENDERSON,00H,SG,244.29829545454547,244.29867424242425,1.999999999998181,0.60959999999944559,0.43,35,-1.2
2022-12-28,HENDERSON,00H,SG,244.0776515151515,244.07803030303029,1.999999999998181,0.60959999999944559,0.43,35,2.2
2022-12-28,HENDERSON,00H,SG,244.18806818181818,244.18844696969697,1.999999999998181,0.60959999999944559,0.43,35,-2.2
2022-12-28,HENDERSON,00H,SG,242.01969696969698,242.02007575757577,1.999999999998181,0.60959999999944559,0.43,38,-1.7
2022-12-28,HENDERSON,00H,SG,244.19261363636363,244.19299242424242,1.999999999998181,0.60959999999944559,0.43,35,-2.4
2022-12-28,HENDERSON,00H,SG,244.08428030303031,244.0846590909091,1.999999999998181,0.60959999999944559,0.43,35,1.8
2022-12-28,HENDERSON,00H,SG,244.27045454545456,244.27083333333334,1.999999999998181,0.60959999999944559,0.43,36,-2.5
2022-12-28,HENDERSON,00H,SG,244.30719696969697,244.30757575757576,1.999999999998181,0.60959999999944559,0.43,35,-0.7
2022-12-28,HENDERSON,00H,SG,244.09015151515152,244.09053030303031,1.999999999998181,0.60959999999944559,0.43,35,1.5
2022-12-28,HENDERSON,00H,SG,243.85303030303029,243.85340909090908,1.999999999998181,0.60959999999944559,0.43,35,3
2022-12-28,HENDERSON,00H,SG,244.05795454545455,244.05833333333334,1.999999999998181,0.60959999999944559,0.43,35,3.1
2022-12-28,HENDERSON,00H,SG,243.84734848484848,243.84791666666666,2.9999999999972715,0.91439999999916843,0.43,35,2.7
2022-12-28,HENDERSON,00H,SG,244.28996212121211,244.29053030303029,2.9999999999972715,0.91439999999916843,0.43,36,-1.6
2022-12-28,HENDERSON,00H,SG,244.29469696969696,244.29526515151514,2.9999999999972715,0.91439999999916843,0.43,35,-1.3
2022-12-28,HENDERSON,00H,SG,244.29090909090908,244.29147727272726,2.9999999999972715,0.91439999999916843,0.43,35,-1.5
2022-12-28,HENDERSON,00H,SG,244.25984848484848,244.26041666666666,2.9999999999972715,0.91439999999916843,0.43,36,-2.8
2022-12-28,HENDERSON,00H,SG,242.00094696969697,242.00151515151515,2.9999999999972715,0.91439999999916843,0.43,38,-2.6
2022-12-28,HENDERSON,00H,SG,244.27746212121212,244.27803030303031,2.9999999999972715,0.91439999999916843,0.43,36,-2.2
2022-12-28,HENDERSON,00H,SG,242.00681818181818,242.00738636363636,2.9999999999972715,0.91439999999916843,0.43,38,-2.3
2022-12-28,HENDERSON,00H,SG,244.09053030303031,244.09109848484849,2.9999999999972715,0.91439999999916843,0.43,35,1.3
2022-12-28,HENDERSON,00H,SG,244.28371212121212,244.2842803030303,2.9999999999972715,0.91439999999916843,0.43,35,-1.9
2022-12-28,HENDERSON,00H,SG,244.08731060606061,244.08787878787879,2.9999999999972715,0.91439999999916843,0.43,35,1.5
2022-12-28,HENDERSON,00H,SG,244.31306818181818,244.31363636363636,2.9999999999972715,0.91439999999916843,0.43,36,-0.5
2022-12-28,HENDERSON,00H,SG,244.29772727272729,244.29829545454547,2.9999999999972715,0.91439999999916843,0.43,36,-1.2
2022-12-28,HENDERSON,00H,SG,244.30416666666667,244.30473484848486,2.9999999999972715,0.91439999999916843,0.43,36,-0.9
2022-12-28,HENDERSON,00H,SG,244.26988636363637,244.27045454545456,2.9999999999972715,0.91439999999916843,0.43,35,-2.5
2022-12-28,HENDERSON,00H,SG,244.30056818181819,244.30113636363637,2.9999999999972715,0.91439999999916843,0.43,36,-1.1
2022-12-28,HENDERSON,00H,SG,244.2691287878788,244.26969696969698,2.9999999999972715,0.91439999999916843,0.43,35,-2.5
2022-12-28,HENDERSON,00H,SG,244.18106060606061,244.18162878787879,2.9999999999972715,0.91439999999916843,0.43,35,-1.9
2022-12-28,HENDERSON,00H,SG,242,242.00056818181818,2.9999999999972715,0.91439999999916843,0.43,38,-2.6
2022-12-28,HENDERSON,00H,SG,243.86098484848486,243.86155303030304,2.9999999999972715,0.91439999999916843,0.43,35,3.5
2022-12-28,HENDERSON,00H,SG,243.85625,243.85681818181817,2.9999999999972715,0.91439999999916843,0.43,35,3.3
2022-12-28,HENDERSON,00H,SG,244.07083333333333,244.07140151515151,2.9999999999972715,0.91439999999916843,0.43,35,2.4
2022-12-28,HENDERSON,00H,SG,244.09526515151515,244.09583333333333,2.9999999999972715,0.91439999999916843,0.43,35,1.1
2022-12-28,HENDERSON,00H,SG,242.01893939393941,242.01969696969698,3.999999999996362,1.2191999999988912,0.43,38,-1.8
2022-12-28,HENDERSON,00H,SG,244.09583333333333,244.09659090909091,3.999999999996362,1.2191999999988912,0.43,35,1
2022-12-28,HENDERSON,00H,SG,244.28106060606061,244.28181818181818,3.999999999996362,1.2191999999988912,0.43,36,-2
2022-12-28,HENDERSON,00H,SG,244.31231060606061,244.31306818181818,3.999999999996362,1.2191999999988912,0.43,35,-0.5
2022-12-28,HENDERSON,00H,SG,242.00757575757575,242.00833333333333,3.999999999996362,1.2191999999988912,0.43,38,-2.3
2022-12-28,HENDERSON,00H,SG,244.07405303030302,244.07481060606059,3.999999999996362,1.2191999999988912,0.43,35,2.3
2022-12-28,HENDERSON,00H,SG,244.27386363636364,244.27462121212122,3.999999999996362,1.2191999999988912,0.43,36,-2.3
2022-12-28,HENDERSON,00H,SG,243.84640151515151,243.84715909090909,3.999999999996362,1.2191999999988912,0.43,35,2.7
2022-12-28,HENDERSON,00H,SG,244.19810606060605,244.19886363636363,3.999999999996362,1.2191999999988912,0.43,35,-2.7
2022-12-28,HENDERSON,00H,SG,244.28920454545454,244.28996212121211,3.999999999996362,1.2191999999988912,0.43,35,-1.6
2022-12-28,HENDERSON,00H,SG,244.2721590909091,244.27291666666667,3.999999999996362,1.2191999999988912,0.43,36,-2.4
2022-12-28,HENDERSON,00H,SG,242.01496212121211,242.01571969696968,3.999999999996362,1.2191999999988912,0.43,38,-1.9
2022-12-28,HENDERSON,00H,SG,244.10378787878787,244.10454545454544,3.999999999996362,1.2191999999988912,0.43,35,0.6
2022-12-28,HENDERSON,00H,SG,244.29242424242423,244.29318181818181,3.999999999996362,1.2191999999988912,0.43,36,-1.4
2022-12-28,HENDERSON,00H,SG,244.29375,244.29450757575756,3.999999999996362,1.2191999999988912,0.43,36,-1.4
2022-12-28,HENDERSON,00H,SG,244.0471590909091,244.04791666666668,3.999999999996362,1.2191999999988912,0.43,35,3.7
2022-12-28,HENDERSON,00H,SG,244.27935606060606,244.28011363636364,3.999999999996362,1.2191999999988912,0.43,36,-2.1
2022-12-28,HENDERSON,00H,SG,244.30113636363637,244.30189393939395,3.999999999996362,1.2191999999988912,0.43,36,-1
2022-12-28,HENDERSON,00H,SG,243.86022727272729,243.86098484848486,3.999999999996362,1.2191999999988912,0.43,35,3.4
2022-12-28,HENDERSON,00H,SG,244.28636363636363,244.28712121212121,3.999999999996362,1.2191999999988912,0.43,36,-1.7
2022-12-28,HENDERSON,00H,SG,244.29166666666666,244.29242424242423,3.999999999996362,1.2191999999988912,0.43,36,-1.5
2022-12-28,HENDERSON,00H,SG,244.28295454545454,244.28371212121212,3.999999999996362,1.2191999999988912,0.43,36,-1.9
2022-12-28,HENDERSON,00H,SG,244.28560606060606,244.28636363636363,3.999999999996362,1.2191999999988912,0.43,35,-1.8
2022-12-28,HENDERSON,00H,SG,244.05018939393941,244.05094696969698,3.999999999996362,1.2191999999988912,0.43,35,3.5
2022-12-28,HENDERSON,00H,SG,244.08352272727274,244.08428030303031,3.999999999996362,1.2191999999988912,0.43,35,1.7
2022-12-28,HENDERSON,00H,SG,244.27291666666667,244.27386363636364,4.9999999999954525,1.523999999998614,0.43,35,-2.4
2022-12-28,HENDERSON,00H,SG,243.86780303030304,243.86875,4.9999999999954525,1.523999999998614,0.43,35,3.7
2022-12-28,HENDERSON,00H,SG,242.01780303030304,242.01875,4.9999999999954525,1.523999999998614,0.43,38,-1.8
2022-12-28,HENDERSON,00H,SG,244.18712121212121,244.18806818181818,4.9999999999954525,1.523999999998614,0.43,35,-2.3
2022-12-28,HENDERSON,00H,SG,244.04791666666668,244.04886363636365,4.9999999999954525,1.523999999998614,0.43,35,3.6
2022-12-28,HENDERSON,00H,SG,244.28712121212121,244.28806818181818,4.9999999999954525,1.523999999998614,0.43,35,-1.7
2022-12-28,HENDERSON,00H,SG,244.26363636363635,244.26458333333332,4.9999999999954525,1.523999999998614,0.43,35,-2.7
2022-12-28,HENDERSON,00H,SG,244.28011363636364,244.28106060606061,4.9999999999954525,1.523999999998614,0.43,35,-2
2022-12-28,HENDERSON,00H,SG,244.04488636363635,244.04583333333332,4.9999999999954525,1.523999999998614,0.43,35,3.8
2022-12-28,HENDERSON,00H,SG,243.85530303030302,243.85625,4.9999999999954525,1.523999999998614,0.43,35,3.2
2022-12-28,HENDERSON,00H,SG,244.09128787878788,244.09223484848485,4.9999999999954525,1.523999999998614,0.43,35,1.3
2022-12-28,HENDERSON,00H,SG,244.0967803030303,244.09772727272727,4.9999999999954525,1.523999999998614,0.43,35,1
2022-12-28,HENDERSON,00H,SG,244.28200757575758,244.28295454545454,4.9999999999954525,1.523999999998614,0.43,35,-1.9
2022-12-28,HENDERSON,00H,SG,244.30757575757576,244.30852272727273,4.9999999999954525,1.523999999998614,0.43,36,-0.7
2022-12-28,HENDERSON,00H,SG,244.27083333333334,244.27178030303031,4.9999999999954525,1.523999999998614,0.43,35,-2.5
2022-12-28,HENDERSON,00H,SG,244.29526515151514,244.29621212121211,4.9999999999954525,1.523999999998614,0.43,36,-1.3
2022-12-28,HENDERSON,00H,SG,244.10511363636363,244.10606060606059,4.9999999999954525,1.523999999998614,0.43,35,0.6
2022-12-28,HENDERSON,00H,SG,244.28825757575757,244.28920454545454,4.9999999999954525,1.523999999998614,0.43,36,-1.6
2022-12-28,HENDERSON,00H,SG,244.07670454545453,244.0776515151515,4.9999999999954525,1.523999999998614,0.43,35,2.1
2022-12-28,HENDERSON,00H,SG,243.8590909090909,243.86003787878789,5.0000000001455192,1.5240000000443543,0.43,35,3.4
2022-12-28,HENDERSON,00H,SG,244.0655303030303,244.06666666666666,5.999999999994543,1.8287999999983369,0.43,35,2.7
2022-12-28,HENDERSON,00H,SG,244.28446969696969,244.28560606060606,5.999999999994543,1.8287999999983369,0.43,36,-1.8
2022-12-28,HENDERSON,00H,SG,244.0715909090909,244.07272727272726,5.999999999994543,1.8287999999983369,0.43,35,2.4
2022-12-28,HENDERSON,00H,SG,244.30265151515152,244.30378787878789,5.999999999994543,1.8287999999983369,0.43,36,-0.9
2022-12-28,HENDERSON,00H,SG,244.31117424242424,244.31231060606061,5.999999999994543,1.8287999999983369,0.43,36,-0.5
2022-12-28,HENDERSON,00H,SG,244.25871212121211,244.25984848484848,5.999999999994543,1.8287999999983369,0.43,35,-2.8
2022-12-28,HENDERSON,00H,SG,244.26041666666666,244.26155303030302,5.999999999994543,1.8287999999983369,0.43,35,-2.8
2022-12-28,HENDERSON,00H,SG,244.04583333333332,244.04696969696968,5.999999999994543,1.8287999999983369,0.43,35,3.7
2022-12-28,HENDERSON,00H,SG,244.27462121212122,244.27575757575758,5.999999999994543,1.8287999999983369,0.43,35,-2.3
2022-12-28,HENDERSON,00H,SG,244.04905303030304,244.05018939393941,5.999999999994543,1.8287999999983369,0.43,35,3.6
2022-12-28,HENDERSON,00H,SG,244.2782196969697,244.27935606060606,5.999999999994543,1.8287999999983369,0.43,35,-2.1
2022-12-28,HENDERSON,00H,SG,244.07272727272726,244.07386363636363,5.999999999994543,1.8287999999983369,0.43,35,2.3
2022-12-28,HENDERSON,00H,SG,244.1089015151515,244.11003787878789,6.00000000014461,1.8288000000440772,0.43,35,0.4
2022-12-28,HENDERSON,00H,SG,243.86628787878789,243.86761363636364,6.9999999999936335,2.1335999999980597,0.43,35,3.7
2022-12-28,HENDERSON,00H,SG,244.09375,244.09507575757576,6.9999999999936335,2.1335999999980597,0.43,35,1.1
2022-12-28,HENDERSON,00H,SG,244.0433712121212,244.04469696969696,6.9999999999936335,2.1335999999980597,0.43,35,3.8
2022-12-28,HENDERSON,00H,SG,244.08882575757576,244.09015151515152,6.9999999999936335,2.1335999999980597,0.43,35,1.4
2022-12-28,HENDERSON,00H,SG,244.29867424242425,244.3,6.9999999999936335,2.1335999999980597,0.43,36,-1.1
2022-12-28,HENDERSON,00H,SG,244.27613636363637,244.27746212121212,6.9999999999936335,2.1335999999980597,0.43,35,-2.2
2022-12-28,HENDERSON,00H,SG,243.84015151515152,243.84147727272727,6.9999999999936335,2.1335999999980597,0.43,35,2.3
2022-12-28,HENDERSON,00H,SG,243.84280303030303,243.84412878787879,6.9999999999936335,2.1335999999980597,0.43,35,2.5
2022-12-28,HENDERSON,00H,SG,244.05113636363637,244.05246212121213,6.9999999999936335,2.1335999999980597,0.43,35,3.5
2022-12-28,HENDERSON,00H,SG,244.05852272727273,244.05984848484849,6.9999999999936335,2.1335999999980597,0.43,35,3.1
2022-12-28,HENDERSON,00H,SG,243.84147727272727,243.84280303030303,6.9999999999936335,2.1335999999980597,0.43,35,2.4
2022-12-28,HENDERSON,00H,SG,242.0159090909091,242.01742424242425,7.999999999992724,2.4383999999977823,0.43,38,-1.9
2022-12-28,HENDERSON,00H,SG,244.09223484848485,244.09375,7.999999999992724,2.4383999999977823,0.43,35,1.2
2022-12-28,HENDERSON,00H,SG,243.85132575757575,243.8528409090909,7.999999999992724,2.4383999999977823,0.43,35,3
2022-12-28,HENDERSON,00H,SG,244.07481060606059,244.07632575757575,7.999999999992724,2.4383999999977823,0.43,35,2.2
2022-12-28,HENDERSON,00H,SG,243.85378787878787,243.85530303030302,7.999999999992724,2.4383999999977823,0.43,35,3.1
2022-12-28,HENDERSON,00H,SG,244.26193181818181,244.26344696969696,7.999999999992724,2.4383999999977823,0.43,35,-2.8
2022-12-28,HENDERSON,00H,SG,244.0564393939394,244.05795454545455,7.999999999992724,2.4383999999977823,0.43,35,3.2
2022-12-28,HENDERSON,00H,SG,244.08200757575759,244.08352272727274,7.999999999992724,2.4383999999977823,0.43,35,1.8
2022-12-28,HENDERSON,00H,SG,244.26477272727271,244.26628787878789,8.00000000014279,2.4384000000435226,0.43,35,-2.7
2022-12-28,HENDERSON,00H,SG,243.84469696969697,243.84640151515151,8.9999999999918145,2.743199999997505,0.43,35,2.6
2022-12-28,HENDERSON,00H,SG,244.19299242424242,244.19469696969696,8.9999999999918145,2.743199999997505,0.43,35,-2.5
2022-12-28,HENDERSON,00H,SG,244.06193181818182,244.06363636363636,8.9999999999918145,2.743199999997505,0.43,35,2.9
2022-12-28,HENDERSON,00H,SG,243.84791666666666,243.84962121212121,8.9999999999918145,2.743199999997505,0.43,35,2.8
2022-12-28,HENDERSON,00H,SG,244.06704545454545,244.06875,8.9999999999918145,2.743199999997505,0.43,35,2.6
2022-12-28,HENDERSON,00H,SG,243.84962121212121,243.85132575757575,8.9999999999918145,2.743199999997505,0.43,35,2.9
2022-12-28,HENDERSON,00H,SG,244.18541666666667,244.18712121212121,8.9999999999918145,2.743199999997505,0.43,35,-2.2
2022-12-28,HENDERSON,00H,SG,244.18371212121212,244.18541666666667,8.9999999999918145,2.743199999997505,0.43,35,-2.1
2022-12-28,HENDERSON,00H,SG,244.10189393939393,244.10378787878787,9.9999999999909051,3.047999999997228,0.43,35,0.7
2022-12-28,HENDERSON,00H,SG,242.01268939393938,242.01458333333332,9.9999999999909051,3.047999999997228,0.43,38,-2
2022-12-28,HENDERSON,00H,SG,244.06363636363636,244.0655303030303,9.9999999999909051,3.047999999997228,0.43,35,2.8
2022-12-28,HENDERSON,00H,SG,244.09772727272727,244.09962121212121,9.9999999999909051,3.047999999997228,0.43,35,0.9
2022-12-28,HENDERSON,00H,SG,244.32821969696971,244.33011363636365,9.9999999999909051,3.047999999997228,0.43,36,0
2022-12-28,HENDERSON,00H,SG,242.00833333333333,242.01022727272726,9.9999999999909051,3.047999999997228,0.43,38,-2.2
2022-12-28,HENDERSON,00H,SG,244.08503787878789,244.08693181818182,9.9999999999909051,3.047999999997228,0.43,35,1.6
2022-12-28,HENDERSON,00H,SG,244.05454545454546,244.0564393939394,9.9999999999909051,3.047999999997228,0.43,35,3.3
2022-12-28,HENDERSON,00H,SG,244.06893939393939,244.07083333333333,9.9999999999909051,3.047999999997228,0.43,35,2.5
2022-12-28,HENDERSON,00H,SG,243.86174242424244,243.86363636363637,9.9999999999909051,3.047999999997228,0.43,35,3.5
2022-12-28,HENDERSON,00H,SG,244.07803030303029,244.07992424242425,10.000000000140972,3.0480000000429683,0.43,35,2
2022-12-28,HENDERSON,00H,SG,244.05246212121213,244.05454545454546,10.999999999989996,3.3527999999969507,0.43,35,3.4
2022-12-28,HENDERSON,00H,SG,244.05984848484849,244.06193181818182,10.999999999989996,3.3527999999969507,0.43,35,3
2022-12-28,HENDERSON,00H,SG,242.00189393939394,242.00397727272727,10.999999999989996,3.3527999999969507,0.43,38,-2.5
2022-12-28,HENDERSON,00H,SG,243.85700757575756,243.8590909090909,10.999999999989996,3.3527999999969507,0.43,35,3.3
2022-12-28,HENDERSON,00H,SG,244.18162878787879,244.18371212121212,10.999999999989996,3.3527999999969507,0.43,35,-2
2022-12-28,HENDERSON,00H,SG,244.30909090909091,244.31117424242424,10.999999999989996,3.3527999999969507,0.43,36,-0.6
2022-12-28,HENDERSON,00H,SG,244.07992424242425,244.08200757575759,10.999999999989996,3.3527999999969507,0.43,35,1.9
2022-12-28,HENDERSON,00H,SG,244.31363636363636,244.31590909090909,11.999999999989086,3.6575999999966737,0.43,36,-0.4
2022-12-28,HENDERSON,00H,SG,243.86363636363637,243.8659090909091,11.999999999989086,3.6575999999966737,0.43,35,3.6
2022-12-28,HENDERSON,00H,SG,244.10625,244.10852272727271,11.999999999989086,3.6575999999966737,0.43,35,0.5
2022-12-28,HENDERSON,00H,SG,242.00397727272727,242.00625,11.999999999989086,3.6575999999966737,0.43,38,-2.4
2022-12-28,HENDERSON,00H,SG,244.09962121212121,244.10189393939393,11.999999999989086,3.6575999999966737,0.43,35,0.8
2022-12-28,HENDERSON,00H,SG,244.30473484848486,244.30700757575758,11.999999999989086,3.6575999999966737,0.43,36,-0.8
2022-12-28,HENDERSON,00H,SG,244.26628787878789,244.26875,12.999999999988177,3.9623999999963964,0.43,35,-2.6
2022-12-28,HENDERSON,00H,SG,244.18920454545454,244.19166666666666,12.999999999988177,3.9623999999963964,0.43,35,-2.4
2022-12-28,HENDERSON,00H,SG,242.01022727272726,242.01268939393938,12.999999999988177,3.9623999999963964,0.43,38,-2.1
2022-12-28,HENDERSON,00H,SG,244.31893939393939,244.32178030303029,14.999999999986358,4.5719999999958416,0.43,36,-0.2
2022-12-28,HENDERSON,00H,SG,244.31590909090909,244.31893939393939,15.999999999985448,4.8767999999955647,0.43,36,-0.3
2022-12-28,HENDERSON,00H,SG,243.86875,243.87178030303031,15.999999999985448,4.8767999999955647,0.43,35,3.8
2022-12-28,HENDERSON,00H,SG,244.19905303030302,244.20227272727271,16.999999999984539,5.1815999999952878,0.43,35,-2.7
2022-12-28,HENDERSON,00H,SG,244.24753787878788,244.25094696969697,17.999999999983629,5.48639999999501,0.43,35,-3
2022-12-28,HENDERSON,00H,SG,244.19469696969696,244.19810606060605,17.999999999983629,5.48639999999501,0.43,35,-2.6
2022-12-28,HENDERSON,00H,SG,244.03958333333333,244.0433712121212,19.99999999998181,6.0959999999944561,0.43,35,3.9
2022-12-28,HENDERSON,00H,SG,243.87178030303031,243.87632575757576,23.999999999978172,7.3151999999933475,0.43,35,3.9
2022-12-28,HENDERSON,00H,SG,243.99242424242425,243.99810606060606,29.999999999972715,9.1439999999916832,0.43,35,4
2022-12-28,HENDERSON,00H,SG,244.32178030303029,244.32821969696968,33.999999999969077,10.363199999990576,0.43,36,-0.1
2022-12-28,HENDERSON,00H,SG,244.25113636363636,244.25871212121211,39.99999999996362,12.191999999988912,0.43,35,-2.9
2022-12-28,HENDERSON,00H,SG,244.23352272727271,244.24734848484849,73.000000000083674,22.250400000025504,0.43,35,-3
2022-12-28,HENDERSON,00H,SG,243.99810606060606,244.01268939393938,76.999999999929969,23.469599999978655,0.43,35,4.1
2022-12-28,HENDERSON,00H,SG,244.21799242424242,244.23314393939393,79.99999999992724,24.383999999977824,0.43,35,-2.9
2022-12-28,HENDERSON,00H,SG,244.20227272727271,244.21799242424242,83.000000000074579,25.298400000022731,0.43,35,-2.8
2022-12-28,HENDERSON,00H,SG,244.01268939393938,244.03958333333333,142.00000000002092,43.281600000006378,0.43,35,4
2022-12-28,HENDERSON,00H,SG,243.93503787878788,243.99242424242425,303.00000000002456,92.354400000007487,0.43,35,4.1
2022-12-28,HENDERSON,00H,SG,243.87632575757576,243.93503787878788,310.00000000001819,94.488000000005542,0.43,35,4
2022-12-28,HENDERSON,00H,SG,242.92632575757577,242.92651515151516,0.99999999999909051,0.30479999999972279,0.44,37,-2.9
2022-12-28,HENDERSON,00H,SG,242.92973484848486,242.92992424242425,0.99999999999909051,0.30479999999972279,0.44,37,-2.9
2022-12-28,HENDERSON,00H,SG,242.93598484848485,242.93617424242424,0.99999999999909051,0.30479999999972279,0.44,36,-3.2
2022-12-28,HENDERSON,00H,SG,242.94185606060606,242.94204545454545,0.99999999999909051,0.30479999999972279,0.44,37,-3.6
2022-12-28,HENDERSON,00H,SG,242.56742424242424,242.56761363636363,0.99999999999909051,0.30479999999972279,0.44,37,2.8
2022-12-28,HENDERSON,00H,SG,242.93333333333334,242.93352272727273,0.99999999999909051,0.30479999999972279,0.44,37,-3.2
2022-12-28,HENDERSON,00H,SG,242.58844696969697,242.58863636363637,0.99999999999909051,0.30479999999972279,0.44,37,3.9
2022-12-28,HENDERSON,00H,SG,242.69090909090909,242.69109848484848,0.99999999999909051,0.30479999999972279,0.44,37,1.7
2022-12-28,HENDERSON,00H,SG,243.03768939393939,243.03787878787878,0.99999999999909051,0.30479999999972279,0.44,36,-4
2022-12-28,HENDERSON,00H,SG,242.58693181818182,242.58712121212122,0.99999999999909051,0.30479999999972279,0.44,37,3.9
2022-12-28,HENDERSON,00H,SG,242.6501893939394,242.65037878787879,0.99999999999909051,0.30479999999972279,0.44,37,3.6
2022-12-28,HENDERSON,00H,SG,243.06439393939394,243.06458333333333,0.99999999999909051,0.30479999999972279,0.44,36,-2.9
2022-12-28,HENDERSON,00H,SG,242.93314393939394,242.93333333333334,0.99999999999909051,0.30479999999972279,0.44,37,-3.1
2022-12-28,HENDERSON,00H,SG,243.04053030303029,243.04071969696969,0.99999999999909051,0.30479999999972279,0.44,37,-3.9
2022-12-28,HENDERSON,00H,SG,243.05909090909091,243.05928030303031,0.99999999999909051,0.30479999999972279,0.44,37,-3
2022-12-28,HENDERSON,00H,SG,242.69715909090908,242.69734848484848,0.99999999999909051,0.30479999999972279,0.44,37,1.4
2022-12-28,HENDERSON,00H,SG,242.57178030303029,242.57196969696969,0.99999999999909051,0.30479999999972279,0.44,37,3
2022-12-28,HENDERSON,00H,SG,242.92026515151514,242.92045454545453,0.99999999999909051,0.30479999999972279,0.44,36,-2.6
2022-12-28,HENDERSON,00H,SG,243.05606060606061,243.05625,0.99999999999909051,0.30479999999972279,0.44,37,-3.3
2022-12-28,HENDERSON,00H,SG,242.92083333333332,242.92102272727271,0.99999999999909051,0.30479999999972279,0.44,37,-2.5
2022-12-28,HENDERSON,00H,SG,242.92272727272729,242.92291666666668,0.99999999999909051,0.30479999999972279,0.44,36,-2.7
2022-12-28,HENDERSON,00H,SG,243.03200757575758,243.03219696969697,0.99999999999909051,0.30479999999972279,0.44,36,-4.1
2022-12-28,HENDERSON,00H,SG,242.64943181818182,242.64962121212122,0.99999999999909051,0.30479999999972279,0.44,37,3.6
2022-12-28,HENDERSON,00H,SG,242.65909090909091,242.6592803030303,0.99999999999909051,0.30479999999972279,0.44,37,3.2
2022-12-28,HENDERSON,00H,SG,243.09734848484848,243.09753787878788,0.99999999999909051,0.30479999999972279,0.44,37,-1.4
2022-12-28,HENDERSON,00H,SG,243.03257575757576,243.03276515151515,0.99999999999909051,0.30479999999972279,0.44,36,-4.1
2022-12-28,HENDERSON,00H,SG,243.09715909090909,243.09734848484848,0.99999999999909051,0.30479999999972279,0.44,37,-1.3
2022-12-28,HENDERSON,00H,SG,242.64469696969698,242.64488636363637,0.99999999999909051,0.30479999999972279,0.44,37,3.8
2022-12-28,HENDERSON,00H,SG,243.04090909090908,243.04109848484848,0.99999999999909051,0.30479999999972279,0.44,36,-3.9
2022-12-28,HENDERSON,00H,SG,242.56704545454545,242.56723484848484,0.99999999999909051,0.30479999999972279,0.44,37,2.8
2022-12-28,HENDERSON,00H,SG,242.95946969696971,242.9596590909091,0.99999999999909051,0.30479999999972279,0.44,36,-4.2
2022-12-28,HENDERSON,00H,SG,243.06723484848484,243.06742424242424,0.99999999999909051,0.30479999999972279,0.44,37,-2.7
2022-12-28,HENDERSON,00H,SG,242.94526515151514,242.94545454545454,0.99999999999909051,0.30479999999972279,0.44,36,-3.8
2022-12-28,HENDERSON,00H,SG,243.06742424242424,243.06761363636363,0.99999999999909051,0.30479999999972279,0.44,37,-2.8
2022-12-28,HENDERSON,00H,SG,243.08011363636365,243.08030303030304,0.99999999999909051,0.30479999999972279,0.44,37,-2.1
2022-12-28,HENDERSON,00H,SG,242.92045454545453,242.92064393939393,0.99999999999909051,0.30479999999972279,0.44,37,-2.5
2022-12-28,HENDERSON,00H,SG,242.9221590909091,242.9223484848485,0.99999999999909051,0.30479999999972279,0.44,37,-2.6
2022-12-28,HENDERSON,00H,SG,242.94829545454544,242.94848484848484,0.99999999999909051,0.30479999999972279,0.44,36,-3.8
2022-12-28,HENDERSON,00H,SG,243.05587121212122,243.05606060606061,0.99999999999909051,0.30479999999972279,0.44,37,-3.2
2022-12-28,HENDERSON,00H,SG,242.66799242424241,242.66818181818181,0.99999999999909051,0.30479999999972279,0.44,37,2.8
2022-12-28,HENDERSON,00H,SG,242.94242424242424,242.94261363636363,0.99999999999909051,0.30479999999972279,0.44,36,-3.5
2022-12-28,HENDERSON,00H,SG,243.03996212121211,243.04015151515151,0.99999999999909051,0.30479999999972279,0.44,37,-3.9
2022-12-28,HENDERSON,00H,SG,242.94223484848484,242.94242424242424,0.99999999999909051,0.30479999999972279,0.44,37,-3.6
2022-12-28,HENDERSON,00H,SG,242.94753787878787,242.94772727272726,0.99999999999909051,0.30479999999972279,0.44,37,-3.9
2022-12-28,HENDERSON,00H,SG,242.92651515151516,242.92670454545456,0.99999999999909051,0.30479999999972279,0.44,36,-2.9
2022-12-28,HENDERSON,00H,SG,243.0282196969697,243.02840909090909,0.99999999999909051,0.30479999999972279,0.44,37,-4.1
2022-12-28,HENDERSON,00H,SG,243.0625,243.06268939393939,0.99999999999909051,0.30479999999972279,0.44,36,-3
2022-12-28,HENDERSON,00H,SG,242.92291666666668,242.92310606060607,0.99999999999909051,0.30479999999972279,0.44,36,-2.6
2022-12-28,HENDERSON,00H,SG,242.94772727272726,242.94791666666666,0.99999999999909051,0.30479999999972279,0.44,37,-3.8
2022-12-28,HENDERSON,00H,SG,243.05151515151516,243.05170454545456,0.99999999999909051,0.30479999999972279,0.44,37,-3.4
2022-12-28,HENDERSON,00H,SG,242.64450757575759,242.64469696969698,0.99999999999909051,0.30479999999972279,0.44,37,3.7
2022-12-28,HENDERSON,00H,SG,242.91003787878788,242.91022727272727,0.99999999999909051,0.30479999999972279,0.44,36,-2.1
2022-12-28,HENDERSON,00H,SG,242.56477272727273,242.56496212121212,0.99999999999909051,0.30479999999972279,0.44,37,2.8
2022-12-28,HENDERSON,00H,SG,242.5715909090909,242.57178030303029,0.99999999999909051,0.30479999999972279,0.44,37,3.1
2022-12-28,HENDERSON,00H,SG,242.69261363636363,242.69280303030303,0.99999999999909051,0.30479999999972279,0.44,37,1.6
2022-12-28,HENDERSON,00H,SG,242.58371212121213,242.58390151515152,0.99999999999909051,0.30479999999972279,0.44,37,3.7
2022-12-28,HENDERSON,00H,SG,243.04299242424241,243.04318181818181,0.99999999999909051,0.30479999999972279,0.44,36,-3.7
2022-12-28,HENDERSON,00H,SG,242.93276515151516,242.93295454545455,0.99999999999909051,0.30479999999972279,0.44,36,-3.2
2022-12-28,HENDERSON,00H,SG,243.08219696969698,243.08238636363637,0.99999999999909051,0.30479999999972279,0.44,37,-2
2022-12-28,HENDERSON,00H,SG,242.66174242424242,242.66193181818181,0.99999999999909051,0.30479999999972279,0.44,37,3.1
2022-12-28,HENDERSON,00H,SG,242.67272727272729,242.67291666666668,0.99999999999909051,0.30479999999972279,0.44,37,2.6
2022-12-28,HENDERSON,00H,SG,242.925,242.92518939393941,0.99999999999909051,0.30479999999972279,0.44,36,-2.7
2022-12-28,HENDERSON,00H,SG,242.56685606060606,242.56704545454545,0.99999999999909051,0.30479999999972279,0.44,37,2.9
2022-12-28,HENDERSON,00H,SG,242.58863636363637,242.58882575757576,0.99999999999909051,0.30479999999972279,0.44,37,3.8
2022-12-28,HENDERSON,00H,SG,242.94204545454545,242.94223484848484,0.99999999999909051,0.30479999999972279,0.44,37,-3.5
2022-12-28,HENDERSON,00H,SG,242.95037878787878,242.95056818181817,0.99999999999909051,0.30479999999972279,0.44,36,-4
2022-12-28,HENDERSON,00H,SG,243.07178030303029,243.07196969696969,0.99999999999909051,0.30479999999972279,0.44,37,-2.6
2022-12-28,HENDERSON,00H,SG,242.68106060606061,242.68125,0.99999999999909051,0.30479999999972279,0.44,37,2.2
2022-12-28,HENDERSON,00H,SG,242.56003787878788,242.56022727272727,0.99999999999909051,0.30479999999972279,0.44,37,2.6
2022-12-28,HENDERSON,00H,SG,242.91022727272727,242.91041666666666,0.99999999999909051,0.30479999999972279,0.44,36,-2
2022-12-28,HENDERSON,00H,SG,242.56723484848484,242.56742424242424,0.99999999999909051,0.30479999999972279,0.44,37,2.9
2022-12-28,HENDERSON,00H,SG,243.06761363636363,243.06780303030303,0.99999999999909051,0.30479999999972279,0.44,37,-2.7
2022-12-28,HENDERSON,00H,SG,243.06912878787878,243.06931818181818,0.99999999999909051,0.30479999999972279,0.44,37,-2.6
2022-12-28,HENDERSON,00H,SG,243.08030303030304,243.08049242424244,0.99999999999909051,0.30479999999972279,0.44,37,-2.2
2022-12-28,HENDERSON,00H,SG,242.92064393939393,242.92083333333332,0.99999999999909051,0.30479999999972279,0.44,37,-2.6
2022-12-28,HENDERSON,00H,SG,242.92821969696971,242.9284090909091,0.99999999999909051,0.30479999999972279,0.44,36,-2.9
2022-12-28,HENDERSON,00H,SG,243.0375,243.03768939393939,0.99999999999909051,0.30479999999972279,0.44,36,-3.9
2022-12-28,HENDERSON,00H,SG,242.93219696969697,242.93238636363637,0.99999999999909051,0.30479999999972279,0.44,36,-3
2022-12-28,HENDERSON,00H,SG,242.65359848484849,242.65378787878788,0.99999999999909051,0.30479999999972279,0.44,37,3.3
2022-12-28,HENDERSON,00H,SG,243.03371212121212,243.03390151515151,0.99999999999909051,0.30479999999972279,0.44,37,-4
2022-12-28,HENDERSON,00H,SG,242.64166666666668,242.64185606060607,0.99999999999909051,0.30479999999972279,0.44,37,3.9
2022-12-28,HENDERSON,00H,SG,242.58806818181819,242.58825757575758,0.99999999999909051,0.30479999999972279,0.44,37,3.9
2022-12-28,HENDERSON,00H,SG,242.67102272727271,242.67121212121211,0.99999999999909051,0.30479999999972279,0.44,37,2.7
2022-12-28,HENDERSON,00H,SG,243.04810606060607,243.04829545454547,0.99999999999909051,0.30479999999972279,0.44,36,-3.5
2022-12-28,HENDERSON,00H,SG,242.67878787878789,242.67897727272728,0.99999999999909051,0.30479999999972279,0.44,37,2.3
2022-12-28,HENDERSON,00H,SG,242.93087121212122,242.93106060606061,0.99999999999909051,0.30479999999972279,0.44,36,-3.1
2022-12-28,HENDERSON,00H,SG,242.93295454545455,242.93314393939394,0.99999999999909051,0.30479999999972279,0.44,37,-3.2
2022-12-28,HENDERSON,00H,SG,242.55814393939394,242.55833333333334,0.99999999999909051,0.30479999999972279,0.44,37,2.5
2022-12-28,HENDERSON,00H,SG,242.58825757575758,242.58844696969697,0.99999999999909051,0.30479999999972279,0.44,37,3.8
2022-12-28,HENDERSON,00H,SG,243.04071969696969,243.04090909090908,0.99999999999909051,0.30479999999972279,0.44,37,-3.8
2022-12-28,HENDERSON,00H,SG,242.56496212121212,242.56534090909091,1.999999999998181,0.60959999999944559,0.44,37,2.7
2022-12-28,HENDERSON,00H,SG,242.94393939393939,242.94431818181818,1.999999999998181,0.60959999999944559,0.44,37,-3.7
2022-12-28,HENDERSON,00H,SG,243.06268939393939,243.06306818181818,1.999999999998181,0.60959999999944559,0.44,36,-2.9
2022-12-28,HENDERSON,00H,SG,242.93617424242424,242.93655303030303,1.999999999998181,0.60959999999944559,0.44,36,-3.3
2022-12-28,HENDERSON,00H,SG,243.03219696969697,243.03257575757576,1.999999999998181,0.60959999999944559,0.44,37,-4.1
2022-12-28,HENDERSON,00H,SG,242.67121212121211,242.6715909090909,1.999999999998181,0.60959999999944559,0.44,37,2.6
2022-12-28,HENDERSON,00H,SG,242.65378787878788,242.65416666666667,1.999999999998181,0.60959999999944559,0.44,37,3.4
2022-12-28,HENDERSON,00H,SG,242.93181818181819,242.93219696969697,1.999999999998181,0.60959999999944559,0.44,36,-3.1
2022-12-28,HENDERSON,00H,SG,242.92708333333334,242.92746212121213,1.999999999998181,0.60959999999944559,0.44,36,-2.9
2022-12-28,HENDERSON,00H,SG,242.9435606060606,242.94393939393939,1.999999999998181,0.60959999999944559,0.44,37,-3.6
2022-12-28,HENDERSON,00H,SG,243.04261363636363,243.04299242424241,1.999999999998181,0.60959999999944559,0.44,36,-3.8
2022-12-28,HENDERSON,00H,SG,242.94848484848484,242.94886363636363,1.999999999998181,0.60959999999944559,0.44,36,-3.9
2022-12-28,HENDERSON,00H,SG,242.92935606060607,242.92973484848486,1.999999999998181,0.60959999999944559,0.44,37,-3
2022-12-28,HENDERSON,00H,SG,242.91742424242423,242.91780303030302,1.999999999998181,0.60959999999944559,0.44,36,-2.4
2022-12-28,HENDERSON,00H,SG,242.92462121212122,242.925,1.999999999998181,0.60959999999944559,0.44,36,-2.8
2022-12-28,HENDERSON,00H,SG,242.93238636363637,242.93276515151516,1.999999999998181,0.60959999999944559,0.44,36,-3.1
2022-12-28,HENDERSON,00H,SG,243.04318181818181,243.04356060606059,1.999999999998181,0.60959999999944559,0.44,36,-3.8
2022-12-28,HENDERSON,00H,SG,242.92670454545456,242.92708333333334,1.999999999998181,0.60959999999944559,0.44,36,-2.8
2022-12-28,HENDERSON,00H,SG,243.04015151515151,243.04053030303029,1.999999999998181,0.60959999999944559,0.44,37,-3.8
2022-12-28,HENDERSON,00H,SG,242.58522727272728,242.58560606060607,1.999999999998181,0.60959999999944559,0.44,37,3.8
2022-12-28,HENDERSON,00H,SG,243.04356060606059,243.04393939393938,1.999999999998181,0.60959999999944559,0.44,37,-3.8
2022-12-28,HENDERSON,00H,SG,243.06969696969696,243.07007575757575,1.999999999998181,0.60959999999944559,0.44,36,-2.6
2022-12-28,HENDERSON,00H,SG,242.68125,242.68162878787879,1.999999999998181,0.60959999999944559,0.44,37,2.1
2022-12-28,HENDERSON,00H,SG,243.01325757575756,243.01363636363635,1.999999999998181,0.60959999999944559,0.44,37,-4.1
2022-12-28,HENDERSON,00H,SG,243.05719696969697,243.05757575757576,1.999999999998181,0.60959999999944559,0.44,36,-3.2
2022-12-28,HENDERSON,00H,SG,242.94715909090908,242.94753787878787,1.999999999998181,0.60959999999944559,0.44,37,-3.8
2022-12-28,HENDERSON,00H,SG,243.01363636363635,243.01401515151514,1.999999999998181,0.60959999999944559,0.44,37,-4.2
2022-12-28,HENDERSON,00H,SG,243.07140151515151,243.07178030303029,1.999999999998181,0.60959999999944559,0.44,36,-2.6
2022-12-28,HENDERSON,00H,SG,242.99621212121212,242.99659090909091,1.999999999998181,0.60959999999944559,0.44,36,-4.1
2022-12-28,HENDERSON,00H,SG,242.64905303030304,242.64943181818182,1.999999999998181,0.60959999999944559,0.44,37,3.5
2022-12-28,HENDERSON,00H,SG,243.03787878787878,243.03825757575757,1.999999999998181,0.60959999999944559,0.44,36,-3.9
2022-12-28,HENDERSON,00H,SG,243.05397727272728,243.05435606060607,1.999999999998181,0.60959999999944559,0.44,36,-3.3
2022-12-28,HENDERSON,00H,SG,242.91515151515151,242.91553030303029,1.999999999998181,0.60959999999944559,0.44,37,-2.3
2022-12-28,HENDERSON,00H,SG,242.94791666666666,242.94829545454544,1.999999999998181,0.60959999999944559,0.44,36,-3.9
2022-12-28,HENDERSON,00H,SG,243.06931818181818,243.06969696969696,1.999999999998181,0.60959999999944559,0.44,37,-2.7
2022-12-28,HENDERSON,00H,SG,242.58390151515152,242.58428030303031,1.999999999998181,0.60959999999944559,0.44,37,3.6
2022-12-28,HENDERSON,00H,SG,242.91155303030303,242.91193181818181,1.999999999998181,0.60959999999944559,0.44,37,-2.1
2022-12-28,HENDERSON,00H,SG,243.09962121212121,243.1,1.999999999998181,0.60959999999944559,0.44,37,-1.2
2022-12-28,HENDERSON,00H,SG,242.9223484848485,242.92272727272729,1.999999999998181,0.60959999999944559,0.44,37,-2.7
2022-12-28,HENDERSON,00H,SG,243.02954545454546,243.02992424242424,1.999999999998181,0.60959999999944559,0.44,37,-4.1
2022-12-28,HENDERSON,00H,SG,242.69507575757575,242.69545454545454,1.999999999998181,0.60959999999944559,0.44,37,1.5
2022-12-28,HENDERSON,00H,SG,243.02689393939394,243.02727272727273,1.999999999998181,0.60959999999944559,0.44,36,-4.2
2022-12-28,HENDERSON,00H,SG,243.08238636363637,243.08276515151516,1.999999999998181,0.60959999999944559,0.44,37,-2.1
2022-12-28,HENDERSON,00H,SG,242.58636363636364,242.58693181818182,2.9999999999972715,0.91439999999916843,0.44,37,3.8
2022-12-28,HENDERSON,00H,SG,242.99659090909091,242.99715909090909,2.9999999999972715,0.91439999999916843,0.44,36,-4.2
2022-12-28,HENDERSON,00H,SG,242.94981060606059,242.95037878787878,2.9999999999972715,0.91439999999916843,0.44,36,-3.9
2022-12-28,HENDERSON,00H,SG,242.64962121212122,242.6501893939394,2.9999999999972715,0.91439999999916843,0.44,37,3.5
2022-12-28,HENDERSON,00H,SG,242.91685606060605,242.91742424242423,2.9999999999972715,0.91439999999916843,0.44,37,-2.4
2022-12-28,HENDERSON,00H,SG,243.0534090909091,243.05397727272728,2.9999999999972715,0.91439999999916843,0.44,36,-3.4
2022-12-28,HENDERSON,00H,SG,243.05,243.05056818181819,2.9999999999972715,0.91439999999916843,0.44,36,-3.5
2022-12-28,HENDERSON,00H,SG,243.06780303030303,243.06837121212121,2.9999999999972715,0.91439999999916843,0.44,36,-2.7
2022-12-28,HENDERSON,00H,SG,242.98920454545456,242.98977272727274,2.9999999999972715,0.91439999999916843,0.44,36,-4.2
2022-12-28,HENDERSON,00H,SG,243.06003787878788,243.06060606060606,2.9999999999972715,0.91439999999916843,0.44,37,-3
2022-12-28,HENDERSON,00H,SG,242.94071969696969,242.94128787878788,2.9999999999972715,0.91439999999916843,0.44,36,-3.5
2022-12-28,HENDERSON,00H,SG,243.04829545454547,243.04886363636365,2.9999999999972715,0.91439999999916843,0.44,36,-3.6
2022-12-28,HENDERSON,00H,SG,242.69204545454545,242.69261363636363,2.9999999999972715,0.91439999999916843,0.44,37,1.5
2022-12-28,HENDERSON,00H,SG,243.04393939393938,243.04450757575756,2.9999999999972715,0.91439999999916843,0.44,37,-3.7
2022-12-28,HENDERSON,00H,SG,242.91553030303029,242.91609848484848,2.9999999999972715,0.91439999999916843,0.44,36,-2.3
2022-12-28,HENDERSON,00H,SG,243.03390151515151,243.03446969696969,2.9999999999972715,0.91439999999916843,0.44,36,-4
2022-12-28,HENDERSON,00H,SG,242.94128787878788,242.94185606060606,2.9999999999972715,0.91439999999916843,0.44,36,-3.6
2022-12-28,HENDERSON,00H,SG,243.01079545454544,243.01136363636363,2.9999999999972715,0.91439999999916843,0.44,36,-4.1
2022-12-28,HENDERSON,00H,SG,243.00890151515151,243.00946969696969,2.9999999999972715,0.91439999999916843,0.44,36,-4.1
2022-12-28,HENDERSON,00H,SG,242.92575757575759,242.92632575757577,2.9999999999972715,0.91439999999916843,0.44,37,-2.8
2022-12-28,HENDERSON,00H,SG,242.95606060606062,242.9566287878788,2.9999999999972715,0.91439999999916843,0.44,37,-4.1
2022-12-28,HENDERSON,00H,SG,242.92518939393941,242.92575757575759,2.9999999999972715,0.91439999999916843,0.44,36,-2.8
2022-12-28,HENDERSON,00H,SG,243.00625,243.00681818181818,2.9999999999972715,0.91439999999916843,0.44,37,-4.1
2022-12-28,HENDERSON,00H,SG,242.6410984848485,242.64166666666668,2.9999999999972715,0.91439999999916843,0.44,37,3.8
2022-12-28,HENDERSON,00H,SG,243.02045454545456,243.02102272727274,2.9999999999972715,0.91439999999916843,0.44,37,-4.2
2022-12-28,HENDERSON,00H,SG,243.0151515151515,243.01571969696968,2.9999999999972715,0.91439999999916843,0.44,37,-4.2
2022-12-28,HENDERSON,00H,SG,242.6965909090909,242.69715909090908,2.9999999999972715,0.91439999999916843,0.44,37,1.3
2022-12-28,HENDERSON,00H,SG,242.93541666666667,242.93598484848485,2.9999999999972715,0.91439999999916843,0.44,36,-3.3
2022-12-28,HENDERSON,00H,SG,243.04109848484848,243.04166666666666,2.9999999999972715,0.91439999999916843,0.44,36,-3.8
2022-12-28,HENDERSON,00H,SG,242.66742424242423,242.66799242424241,2.9999999999972715,0.91439999999916843,0.44,37,2.7
2022-12-28,HENDERSON,00H,SG,242.92405303030304,242.92462121212122,2.9999999999972715,0.91439999999916843,0.44,37,-2.7
2022-12-28,HENDERSON,00H,SG,243.06060606060606,243.06117424242424,2.9999999999972715,0.91439999999916843,0.44,36,-3
2022-12-28,HENDERSON,00H,SG,242.93655303030303,242.93712121212121,2.9999999999972715,0.91439999999916843,0.44,37,-3.4
2022-12-28,HENDERSON,00H,SG,243.025,243.02556818181819,2.9999999999972715,0.91439999999916843,0.44,36,-4.2
2022-12-28,HENDERSON,00H,SG,242.91875,242.91931818181817,2.9999999999972715,0.91439999999916843,0.44,37,-2.5
2022-12-28,HENDERSON,00H,SG,242.95795454545456,242.95852272727274,2.9999999999972715,0.91439999999916843,0.44,37,-4.1
2022-12-28,HENDERSON,00H,SG,242.96325757575758,242.96401515151516,3.999999999996362,1.2191999999988912,0.44,37,-4.2
2022-12-28,HENDERSON,00H,SG,242.95435606060607,242.95511363636365,3.999999999996362,1.2191999999988912,0.44,37,-4.1
2022-12-28,HENDERSON,00H,SG,243.06837121212121,243.06912878787878,3.999999999996362,1.2191999999988912,0.44,37,-2.7
2022-12-28,HENDERSON,00H,SG,242.95246212121211,242.95321969696968,3.999999999996362,1.2191999999988912,0.44,37,-4
2022-12-28,HENDERSON,00H,SG,243.00170454545454,243.00246212121212,3.999999999996362,1.2191999999988912,0.44,36,-4.1
2022-12-28,HENDERSON,00H,SG,243.00359848484848,243.00435606060606,3.999999999996362,1.2191999999988912,0.44,36,-4.1
2022-12-28,HENDERSON,00H,SG,243.03125,243.03200757575758,3.999999999996362,1.2191999999988912,0.44,37,-4.1
2022-12-28,HENDERSON,00H,SG,243.01780303030304,243.01856060606062,3.999999999996362,1.2191999999988912,0.44,36,-4.2
2022-12-28,HENDERSON,00H,SG,243.05928030303031,243.06003787878788,3.999999999996362,1.2191999999988912,0.44,37,-3.1
2022-12-28,HENDERSON,00H,SG,242.94545454545454,242.94621212121211,3.999999999996362,1.2191999999988912,0.44,37,-3.8
2022-12-28,HENDERSON,00H,SG,242.9748106060606,242.97556818181818,3.999999999996362,1.2191999999988912,0.44,36,-4.2
2022-12-28,HENDERSON,00H,SG,243.05435606060607,243.05511363636364,3.999999999996362,1.2191999999988912,0.44,37,-3.3
2022-12-28,HENDERSON,00H,SG,242.97121212121212,242.97196969696969,3.999999999996362,1.2191999999988912,0.44,36,-4.2
2022-12-28,HENDERSON,00H,SG,243,243.00075757575758,3.999999999996362,1.2191999999988912,0.44,36,-4.1
2022-12-28,HENDERSON,00H,SG,243.04450757575756,243.04526515151514,3.999999999996362,1.2191999999988912,0.44,36,-3.7
2022-12-28,HENDERSON,00H,SG,243.05511363636364,243.05587121212122,3.999999999996362,1.2191999999988912,0.44,36,-3.3
2022-12-28,HENDERSON,00H,SG,242.96060606060607,242.96136363636364,3.999999999996362,1.2191999999988912,0.44,36,-4.2
2022-12-28,HENDERSON,00H,SG,242.93465909090909,242.93541666666667,3.999999999996362,1.2191999999988912,0.44,37,-3.3
2022-12-28,HENDERSON,00H,SG,243.05833333333334,243.05909090909091,3.999999999996362,1.2191999999988912,0.44,37,-3.1
2022-12-28,HENDERSON,00H,SG,242.99166666666667,242.99242424242425,3.999999999996362,1.2191999999988912,0.44,37,-4.2
2022-12-28,HENDERSON,00H,SG,243.05757575757576,243.05833333333334,3.999999999996362,1.2191999999988912,0.44,37,-3.2
2022-12-28,HENDERSON,00H,SG,242.96496212121212,242.9657196969697,3.999999999996362,1.2191999999988912,0.44,37,-4.2
2022-12-28,HENDERSON,00H,SG,242.98371212121211,242.98446969696968,3.999999999996362,1.2191999999988912,0.44,36,-4.2
2022-12-28,HENDERSON,00H,SG,242.99810606060606,242.99886363636364,3.999999999996362,1.2191999999988912,0.44,36,-4.1
2022-12-28,HENDERSON,00H,SG,242.91609848484848,242.91685606060605,3.999999999996362,1.2191999999988912,0.44,36,-2.4
2022-12-28,HENDERSON,00H,SG,242.92746212121213,242.92821969696971,3.999999999996362,1.2191999999988912,0.44,37,-2.9
2022-12-28,HENDERSON,00H,SG,242.96761363636364,242.96837121212121,3.999999999996362,1.2191999999988912,0.44,36,-4.2
2022-12-28,HENDERSON,00H,SG,242.93106060606061,242.93181818181819,3.999999999996362,1.2191999999988912,0.44,37,-3.1
2022-12-28,HENDERSON,00H,SG,242.99450757575758,242.99526515151516,3.999999999996362,1.2191999999988912,0.44,36,-4.2
2022-12-28,HENDERSON,00H,SG,242.58560606060607,242.58636363636364,3.999999999996362,1.2191999999988912,0.44,37,3.7
2022-12-28,HENDERSON,00H,SG,242.97651515151514,242.97727272727272,3.999999999996362,1.2191999999988912,0.44,36,-4.2
2022-12-28,HENDERSON,00H,SG,242.67897727272728,242.67973484848486,3.999999999996362,1.2191999999988912,0.44,37,2.2
2022-12-28,HENDERSON,00H,SG,243.00435606060606,243.00511363636363,3.999999999996362,1.2191999999988912,0.44,37,-4.1
2022-12-28,HENDERSON,00H,SG,243.03825757575757,243.03901515151514,3.999999999996362,1.2191999999988912,0.44,37,-3.9
2022-12-28,HENDERSON,00H,SG,242.98731060606062,242.98806818181819,3.999999999996362,1.2191999999988912,0.44,36,-4.2
2022-12-28,HENDERSON,00H,SG,242.93996212121212,242.94071969696969,3.999999999996362,1.2191999999988912,0.44,37,-3.5
2022-12-28,HENDERSON,00H,SG,243.03560606060606,243.03636363636363,3.999999999996362,1.2191999999988912,0.44,36,-4
2022-12-28,HENDERSON,00H,SG,242.98011363636363,242.9808712121212,3.999999999996362,1.2191999999988912,0.44,36,-4.2
2022-12-28,HENDERSON,00H,SG,243.05170454545456,243.05246212121213,3.999999999996362,1.2191999999988912,0.44,36,-3.4
2022-12-28,HENDERSON,00H,SG,242.67803030303031,242.67878787878789,3.999999999996362,1.2191999999988912,0.44,37,2.2
2022-12-28,HENDERSON,00H,SG,242.55833333333334,242.55909090909091,3.999999999996362,1.2191999999988912,0.44,37,2.4
2022-12-28,HENDERSON,00H,SG,242.96837121212121,242.96931818181818,4.9999999999954525,1.523999999998614,0.44,37,-4.2
2022-12-28,HENDERSON,00H,SG,242.55909090909091,242.56003787878788,4.9999999999954525,1.523999999998614,0.44,37,2.5
2022-12-28,HENDERSON,00H,SG,243.04526515151514,243.04621212121211,4.9999999999954525,1.523999999998614,0.44,37,-3.7
2022-12-28,HENDERSON,00H,SG,243.01231060606059,243.01325757575756,4.9999999999954525,1.523999999998614,0.44,36,-4.1
2022-12-28,HENDERSON,00H,SG,242.95151515151514,242.95246212121211,4.9999999999954525,1.523999999998614,0.44,36,-4
2022-12-28,HENDERSON,00H,SG,242.9596590909091,242.96060606060607,4.9999999999954525,1.523999999998614,0.44,37,-4.2
2022-12-28,HENDERSON,00H,SG,242.98276515151514,242.98371212121211,4.9999999999954525,1.523999999998614,0.44,37,-4.2
2022-12-28,HENDERSON,00H,SG,243.05246212121213,243.0534090909091,4.9999999999954525,1.523999999998614,0.44,37,-3.4
2022-12-28,HENDERSON,00H,SG,242.97026515151515,242.97121212121212,4.9999999999954525,1.523999999998614,0.44,37,-4.2
2022-12-28,HENDERSON,00H,SG,242.96401515151516,242.96496212121212,4.9999999999954525,1.523999999998614,0.44,36,-4.2
2022-12-28,HENDERSON,00H,SG,243.01950757575759,243.02045454545456,4.9999999999954525,1.523999999998614,0.44,36,-4.2
2022-12-28,HENDERSON,00H,SG,242.98636363636365,242.98731060606062,4.9999999999954525,1.523999999998614,0.44,37,-4.2
2022-12-28,HENDERSON,00H,SG,242.95852272727274,242.95946969696971,4.9999999999954525,1.523999999998614,0.44,36,-4.1
2022-12-28,HENDERSON,00H,SG,242.99242424242425,242.99337121212122,4.9999999999954525,1.523999999998614,0.44,36,-4.2
2022-12-28,HENDERSON,00H,SG,242.99715909090909,242.99810606060606,4.9999999999954525,1.523999999998614,0.44,37,-4.1
2022-12-28,HENDERSON,00H,SG,242.69109848484848,242.69204545454545,4.9999999999954525,1.523999999998614,0.44,37,1.6
2022-12-28,HENDERSON,00H,SG,242.94261363636363,242.9435606060606,4.9999999999954525,1.523999999998614,0.44,36,-3.6
2022-12-28,HENDERSON,00H,SG,242.99526515151516,242.99621212121212,4.9999999999954525,1.523999999998614,0.44,37,-4.2
2022-12-28,HENDERSON,00H,SG,242.93901515151515,242.93996212121212,4.9999999999954525,1.523999999998614,0.44,36,-3.5
2022-12-28,HENDERSON,00H,SG,243.05056818181819,243.05151515151516,4.9999999999954525,1.523999999998614,0.44,37,-3.5
2022-12-28,HENDERSON,00H,SG,242.94886363636363,242.94981060606059,4.9999999999954525,1.523999999998614,0.44,37,-3.9
2022-12-28,HENDERSON,00H,SG,242.98977272727274,242.99071969696971,4.9999999999954525,1.523999999998614,0.44,37,-4.2
2022-12-28,HENDERSON,00H,SG,242.98446969696971,242.98541666666668,4.9999999999954525,1.523999999998614,0.44,37,-4.2
2022-12-28,HENDERSON,00H,SG,243.01136363636363,243.01231060606059,4.9999999999954525,1.523999999998614,0.44,37,-4.1
2022-12-28,HENDERSON,00H,SG,242.58712121212122,242.58806818181819,4.9999999999954525,1.523999999998614,0.44,37,3.8
2022-12-28,HENDERSON,00H,SG,242.96666666666667,242.96761363636364,4.9999999999954525,1.523999999998614,0.44,37,-4.2
2022-12-28,HENDERSON,00H,SG,243.03901515151514,243.03996212121211,4.9999999999954525,1.523999999998614,0.44,36,-3.9
2022-12-28,HENDERSON,00H,SG,242.95056818181817,242.95151515151514,4.9999999999954525,1.523999999998614,0.44,37,-4
2022-12-28,HENDERSON,00H,SG,243.03276515151515,243.03371212121212,4.9999999999954525,1.523999999998614,0.44,37,-4.1
2022-12-28,HENDERSON,00H,SG,243.04166666666666,243.04261363636363,4.9999999999954525,1.523999999998614,0.44,37,-3.8
2022-12-28,HENDERSON,00H,SG,242.98181818181817,242.98276515151514,4.9999999999954525,1.523999999998614,0.44,36,-4.2
2022-12-28,HENDERSON,00H,SG,242.96231060606061,242.96325757575758,4.9999999999954525,1.523999999998614,0.44,36,-4.2
2022-12-28,HENDERSON,00H,SG,242.97821969696969,242.97916666666666,4.9999999999954525,1.523999999998614,0.44,36,-4.2
2022-12-28,HENDERSON,00H,SG,243.01571969696971,243.01666666666668,4.9999999999954525,1.523999999998614,0.44,36,-4.2
2022-12-28,HENDERSON,00H,SG,242.93806818181818,242.93901515151515,4.9999999999954525,1.523999999998614,0.44,37,-3.4
2022-12-28,HENDERSON,00H,SG,242.97291666666666,242.97386363636363,4.9999999999954525,1.523999999998614,0.44,36,-4.2
2022-12-28,HENDERSON,00H,SG,242.58428030303031,242.58522727272728,4.9999999999954525,1.523999999998614,0.44,37,3.7
2022-12-28,HENDERSON,00H,SG,242.9284090909091,242.92935606060607,4.9999999999954525,1.523999999998614,0.44,36,-3
2022-12-28,HENDERSON,00H,SG,242.95511363636365,242.95606060606062,4.9999999999954525,1.523999999998614,0.44,36,-4.1
2022-12-28,HENDERSON,00H,SG,242.9808712121212,242.98181818181817,4.9999999999954525,1.523999999998614,0.44,37,-4.2
2022-12-28,HENDERSON,00H,SG,242.94621212121211,242.94715909090908,4.9999999999954525,1.523999999998614,0.44,36,-3.8
2022-12-28,HENDERSON,00H,SG,242.92310606060607,242.92405303030304,4.9999999999954525,1.523999999998614,0.44,36,-2.7
2022-12-28,HENDERSON,00H,SG,242.97727272727272,242.97821969696969,4.9999999999954525,1.523999999998614,0.44,37,-4.2
2022-12-28,HENDERSON,00H,SG,242.97556818181818,242.97651515151514,4.9999999999954525,1.523999999998614,0.44,37,-4.2
2022-12-28,HENDERSON,00H,SG,243.01856060606062,243.01950757575759,4.9999999999954525,1.523999999998614,0.44,37,-4.2
2022-12-28,HENDERSON,00H,SG,242.9657196969697,242.96666666666667,4.9999999999954525,1.523999999998614,0.44,36,-4.2
2022-12-28,HENDERSON,00H,SG,242.99071969696971,242.99166666666667,4.9999999999954525,1.523999999998614,0.44,36,-4.2
2022-12-28,HENDERSON,00H,SG,243.00075757575758,243.00170454545454,4.9999999999954525,1.523999999998614,0.44,37,-4.1
2022-12-28,HENDERSON,00H,SG,242.91780303030302,242.91875,4.9999999999954525,1.523999999998614,0.44,36,-2.5
2022-12-28,HENDERSON,00H,SG,242.91931818181817,242.92026515151514,4.9999999999954525,1.523999999998614,0.44,36,-2.5
2022-12-28,HENDERSON,00H,SG,242.92992424242425,242.93087121212122,4.9999999999954525,1.523999999998614,0.44,36,-3
2022-12-28,HENDERSON,00H,SG,242.93712121212121,242.93806818181818,4.9999999999954525,1.523999999998614,0.44,36,-3.4
2022-12-28,HENDERSON,00H,SG,243.05625,243.05719696969697,4.9999999999954525,1.523999999998614,0.44,37,-3.2
2022-12-28,HENDERSON,00H,SG,242.97916666666666,242.98011363636363,4.9999999999954525,1.523999999998614,0.44,37,-4.2
2022-12-28,HENDERSON,00H,SG,243.00795454545454,243.00890151515151,4.9999999999954525,1.523999999998614,0.44,37,-4.1
2022-12-28,HENDERSON,00H,SG,242.94431818181818,242.94526515151514,4.9999999999954525,1.523999999998614,0.44,36,-3.7
2022-12-28,HENDERSON,00H,SG,242.97196969696969,242.97291666666666,4.9999999999954525,1.523999999998614,0.44,37,-4.2
2022-12-28,HENDERSON,00H,SG,242.96136363636364,242.96231060606061,4.9999999999954525,1.523999999998614,0.44,37,-4.2
2022-12-28,HENDERSON,00H,SG,243.02727272727273,243.0282196969697,4.9999999999954525,1.523999999998614,0.44,37,-4.2
2022-12-28,HENDERSON,00H,SG,243.0471590909091,243.04810606060607,4.9999999999954525,1.523999999998614,0.44,37,-3.6
2022-12-28,HENDERSON,00H,SG,242.55719696969697,242.55814393939394,4.9999999999954525,1.523999999998614,0.44,37,2.4
2022-12-28,HENDERSON,00H,SG,242.65814393939394,242.65909090909091,4.9999999999954525,1.523999999998614,0.44,37,3.1
2022-12-28,HENDERSON,00H,SG,242.67291666666668,242.67386363636365,4.9999999999954525,1.523999999998614,0.44,37,2.5
2022-12-28,HENDERSON,00H,SG,242.98541666666668,242.98636363636365,4.9999999999954525,1.523999999998614,0.44,36,-4.2
2022-12-28,HENDERSON,00H,SG,242.96931818181818,242.97026515151515,4.9999999999954525,1.523999999998614,0.44,36,-4.2
2022-12-28,HENDERSON,00H,SG,242.97386363636363,242.9748106060606,4.9999999999954525,1.523999999998614,0.44,37,-4.2
2022-12-28,HENDERSON,00H,SG,243.04621212121211,243.0471590909091,5.0000000001455192,1.5240000000443543,0.44,36,-3.6
2022-12-28,HENDERSON,00H,SG,242.93352272727273,242.93465909090909,5.999999999994543,1.8287999999983369,0.44,36,-3.2
2022-12-28,HENDERSON,00H,SG,242.98806818181819,242.98920454545456,5.999999999994543,1.8287999999983369,0.44,37,-4.2
2022-12-28,HENDERSON,00H,SG,242.91041666666666,242.91155303030303,5.999999999994543,1.8287999999983369,0.44,36,-2.1
2022-12-28,HENDERSON,00H,SG,243.02840909090909,243.02954545454546,5.999999999994543,1.8287999999983369,0.44,36,-4.1
2022-12-28,HENDERSON,00H,SG,242.99337121212122,242.99450757575758,5.999999999994543,1.8287999999983369,0.44,37,-4.2
2022-12-28,HENDERSON,00H,SG,243.04886363636365,243.05,5.999999999994543,1.8287999999983369,0.44,37,-3.5
2022-12-28,HENDERSON,00H,SG,242.69393939393939,242.69507575757575,5.999999999994543,1.8287999999983369,0.44,37,1.4
2022-12-28,HENDERSON,00H,SG,243.00681818181818,243.00795454545454,5.999999999994543,1.8287999999983369,0.44,36,-4.1
2022-12-28,HENDERSON,00H,SG,243.01401515151514,243.0151515151515,5.999999999994543,1.8287999999983369,0.44,36,-4.2
2022-12-28,HENDERSON,00H,SG,243.01666666666668,243.01780303030304,5.999999999994543,1.8287999999983369,0.44,37,-4.2
2022-12-28,HENDERSON,00H,SG,243.06458333333333,243.06571969696969,5.999999999994543,1.8287999999983369,0.44,37,-2.9
2022-12-28,HENDERSON,00H,SG,242.68977272727273,242.69090909090909,5.999999999994543,1.8287999999983369,0.44,37,1.6
2022-12-28,HENDERSON,00H,SG,243.02386363636364,243.025,5.999999999994543,1.8287999999983369,0.44,37,-4.2
2022-12-28,HENDERSON,00H,SG,242.65037878787879,242.65151515151516,5.999999999994543,1.8287999999983369,0.44,37,3.5
2022-12-28,HENDERSON,00H,SG,243.00246212121212,243.00359848484848,5.999999999994543,1.8287999999983369,0.44,37,-4.1
2022-12-28,HENDERSON,00H,SG,242.69280303030303,242.69393939393939,5.999999999994543,1.8287999999983369,0.44,37,1.5
2022-12-28,HENDERSON,00H,SG,243.03446969696969,243.03560606060606,5.999999999994543,1.8287999999983369,0.44,37,-4
2022-12-28,HENDERSON,00H,SG,242.69545454545454,242.6965909090909,5.999999999994543,1.8287999999983369,0.44,37,1.4
2022-12-28,HENDERSON,00H,SG,242.99886363636364,243,5.999999999994543,1.8287999999983369,0.44,37,-4.1
2022-12-28,HENDERSON,00H,SG,242.66193181818181,242.66306818181818,5.999999999994543,1.8287999999983369,0.44,37,3
2022-12-28,HENDERSON,00H,SG,243.00511363636363,243.00625,5.999999999994543,1.8287999999983369,0.44,36,-4.1
2022-12-28,HENDERSON,00H,SG,242.56022727272727,242.56136363636364,5.999999999994543,1.8287999999983369,0.44,37,2.5
2022-12-28,HENDERSON,00H,SG,242.6592803030303,242.66041666666666,5.999999999994543,1.8287999999983369,0.44,37,3.1
2022-12-28,HENDERSON,00H,SG,242.95321969696971,242.95435606060607,5.999999999994543,1.8287999999983369,0.44,36,-4
2022-12-28,HENDERSON,00H,SG,243.03636363636363,243.0375,5.999999999994543,1.8287999999983369,0.44,37,-4
2022-12-28,HENDERSON,00H,SG,242.6715909090909,242.67272727272729,6.00000000014461,1.8288000000440772,0.44,37,2.5
2022-12-28,HENDERSON,00H,SG,242.92102272727271,242.9221590909091,6.00000000014461,1.8288000000440772,0.44,36,-2.6
2022-12-28,HENDERSON,00H,SG,242.55,242.55132575757577,6.9999999999936335,2.1335999999980597,0.44,37,2
2022-12-28,HENDERSON,00H,SG,242.56344696969697,242.56477272727273,6.9999999999936335,2.1335999999980597,0.44,37,2.7
2022-12-28,HENDERSON,00H,SG,242.66818181818181,242.66950757575756,6.9999999999936335,2.1335999999980597,0.44,37,2.7
2022-12-28,HENDERSON,00H,SG,242.66041666666666,242.66174242424242,6.9999999999936335,2.1335999999980597,0.44,37,3
2022-12-28,HENDERSON,00H,SG,243.02556818181819,243.02689393939394,6.9999999999936335,2.1335999999980597,0.44,37,-4.2
2022-12-28,HENDERSON,00H,SG,242.69867424242423,242.7,6.9999999999936335,2.1335999999980597,0.44,37,1.2
2022-12-28,HENDERSON,00H,SG,243.00946969696969,243.01079545454544,6.9999999999936335,2.1335999999980597,0.44,37,-4.1
2022-12-28,HENDERSON,00H,SG,242.69734848484848,242.69867424242423,6.9999999999936335,2.1335999999980597,0.44,37,1.3
2022-12-28,HENDERSON,00H,SG,242.9566287878788,242.95795454545456,6.9999999999936335,2.1335999999980597,0.44,36,-4.1
2022-12-28,HENDERSON,00H,SG,243.06306818181818,243.06439393939394,6.9999999999936335,2.1335999999980597,0.44,37,-2.9
2022-12-28,HENDERSON,00H,SG,243.07007575757575,243.07140151515151,6.9999999999936335,2.1335999999980597,0.44,37,-2.6
2022-12-28,HENDERSON,00H,SG,242.67973484848486,242.68106060606061,6.9999999999936335,2.1335999999980597,0.44,37,2.1
2022-12-28,HENDERSON,00H,SG,243.02992424242424,243.03125,6.9999999999936335,2.1335999999980597,0.44,36,-4.1
2022-12-28,HENDERSON,00H,SG,243.06117424242424,243.0625,6.9999999999936335,2.1335999999980597,0.44,37,-3
2022-12-28,HENDERSON,00H,SG,242.66950757575756,242.67102272727271,7.999999999992724,2.4383999999977823,0.44,37,2.6
2022-12-28,HENDERSON,00H,SG,242.91363636363636,242.91515151515151,7.999999999992724,2.4383999999977823,0.44,36,-2.3
2022-12-28,HENDERSON,00H,SG,243.0785984848485,243.08011363636365,7.999999999992724,2.4383999999977823,0.44,37,-2.2
2022-12-28,HENDERSON,00H,SG,243.06571969696969,243.06723484848484,7.999999999992724,2.4383999999977823,0.44,37,-2.8
2022-12-28,HENDERSON,00H,SG,242.56534090909091,242.56685606060606,7.999999999992724,2.4383999999977823,0.44,37,2.8
2022-12-28,HENDERSON,00H,SG,243.08049242424244,243.08219696969698,8.9999999999918145,2.743199999997505,0.44,37,-2.1
2022-12-28,HENDERSON,00H,SG,243.08901515151516,243.0907196969697,8.9999999999918145,2.743199999997505,0.44,37,-1.7
2022-12-28,HENDERSON,00H,SG,242.5534090909091,242.55511363636364,8.9999999999918145,2.743199999997505,0.44,37,2.2
2022-12-28,HENDERSON,00H,SG,242.64488636363637,242.64659090909092,8.9999999999918145,2.743199999997505,0.44,37,3.7
2022-12-28,HENDERSON,00H,SG,242.58200757575759,242.58371212121213,8.9999999999918145,2.743199999997505,0.44,37,3.6
2022-12-28,HENDERSON,00H,SG,242.91193181818181,242.91363636363636,8.9999999999918145,2.743199999997505,0.44,36,-2.2
2022-12-28,HENDERSON,00H,SG,242.68787878787879,242.68977272727273,9.9999999999909051,3.047999999997228,0.44,37,1.7
2022-12-28,HENDERSON,00H,SG,242.57405303030302,242.57594696969696,9.9999999999909051,3.047999999997228,0.44,37,3.2
2022-12-28,HENDERSON,00H,SG,243.09318181818182,243.09507575757576,9.9999999999909051,3.047999999997228,0.44,37,-1.5
2022-12-28,HENDERSON,00H,SG,242.65416666666667,242.65606060606061,9.9999999999909051,3.047999999997228,0.44,37,3.3
2022-12-28,HENDERSON,00H,SG,242.56969696969696,242.5715909090909,9.9999999999909051,3.047999999997228,0.44,37,3
2022-12-28,HENDERSON,00H,SG,242.68390151515152,242.68579545454546,9.9999999999909051,3.047999999997228,0.44,37,1.9
2022-12-28,HENDERSON,00H,SG,242.57803030303029,242.57992424242425,10.000000000140972,3.0480000000429683,0.44,37,3.4
2022-12-28,HENDERSON,00H,SG,242.67594696969698,242.67803030303031,10.999999999989996,3.3527999999969507,0.44,37,2.3
2022-12-28,HENDERSON,00H,SG,243.09753787878788,243.09962121212121,10.999999999989996,3.3527999999969507,0.44,37,-1.3
2022-12-28,HENDERSON,00H,SG,243.08484848484849,243.08693181818182,10.999999999989996,3.3527999999969507,0.44,37,-1.9
2022-12-28,HENDERSON,00H,SG,243.08693181818182,243.08901515151516,10.999999999989996,3.3527999999969507,0.44,37,-1.8
2022-12-28,HENDERSON,00H,SG,243.07443181818181,243.07651515151514,10.999999999989996,3.3527999999969507,0.44,37,-2.4
2022-12-28,HENDERSON,00H,SG,243.09507575757576,243.09715909090909,10.999999999989996,3.3527999999969507,0.44,37,-1.4
2022-12-28,HENDERSON,00H,SG,242.57196969696969,242.57405303030302,10.999999999989996,3.3527999999969507,0.44,37,3.1
2022-12-28,HENDERSON,00H,SG,242.55132575757577,242.5534090909091,10.999999999989996,3.3527999999969507,0.44,37,2.1
2022-12-28,HENDERSON,00H,SG,242.6653409090909,242.66742424242423,10.999999999989996,3.3527999999969507,0.44,37,2.8
2022-12-28,HENDERSON,00H,SG,242.57594696969696,242.57803030303029,10.999999999989996,3.3527999999969507,0.44,37,3.3
2022-12-28,HENDERSON,00H,SG,242.68579545454546,242.68787878787879,10.999999999989996,3.3527999999969507,0.44,37,1.8
2022-12-28,HENDERSON,00H,SG,242.56136363636364,242.56344696969697,10.999999999989996,3.3527999999969507,0.44,37,2.6
2022-12-28,HENDERSON,00H,SG,242.56761363636363,242.56969696969696,10.999999999989996,3.3527999999969507,0.44,37,2.9
2022-12-28,HENDERSON,00H,SG,242.65606060606061,242.65814393939394,10.999999999989996,3.3527999999969507,0.44,37,3.2
2022-12-28,HENDERSON,00H,SG,242.67386363636365,242.67594696969698,10.999999999989996,3.3527999999969507,0.44,37,2.4
2022-12-28,HENDERSON,00H,SG,242.57992424242425,242.58200757575759,10.999999999989996,3.3527999999969507,0.44,37,3.5
2022-12-28,HENDERSON,00H,SG,242.65151515151516,242.65359848484849,10.999999999989996,3.3527999999969507,0.44,37,3.4
2022-12-28,HENDERSON,00H,SG,242.55511363636364,242.55719696969697,10.999999999989996,3.3527999999969507,0.44,37,2.3
2022-12-28,HENDERSON,00H,SG,243.08276515151516,243.08484848484849,10.999999999989996,3.3527999999969507,0.44,37,-2
2022-12-28,HENDERSON,00H,SG,243.07651515151514,243.0785984848485,11.000000000140062,3.352800000042691,0.44,37,-2.3
2022-12-28,HENDERSON,00H,SG,242.66306818181818,242.6653409090909,11.999999999989086,3.6575999999966737,0.44,37,2.9
2022-12-28,HENDERSON,00H,SG,242.68162878787879,242.68390151515152,11.999999999989086,3.6575999999966737,0.44,37,2
2022-12-28,HENDERSON,00H,SG,243.07196969696969,243.07443181818181,12.999999999988177,3.9623999999963964,0.44,37,-2.5
2022-12-28,HENDERSON,00H,SG,242.64659090909092,242.64905303030304,12.999999999988177,3.9623999999963964,0.44,37,3.6
2022-12-28,HENDERSON,00H,SG,243.0907196969697,243.09318181818182,12.999999999988177,3.9623999999963964,0.44,37,-1.6
2022-12-28,HENDERSON,00H,SG,242.64185606060607,242.64450757575759,13.999999999987267,4.2671999999961194,0.44,37,3.8
2022-12-28,HENDERSON,00H,SG,243.02102272727274,243.02386363636364,14.999999999986358,4.5719999999958416,0.44,36,-4.2
2022-12-28,HENDERSON,00H,SG,242.58882575757576,242.59185606060606,15.999999999985448,4.8767999999955647,0.44,37,3.9
2022-12-28,HENDERSON,00H,SG,242.59185606060606,242.59526515151515,17.999999999983629,5.48639999999501,0.44,37,4
2022-12-28,HENDERSON,00H,SG,242.63674242424241,242.6410984848485,23.000000000129148,7.0104000000393647,0.44,37,3.9
2022-12-28,HENDERSON,00H,SG,242.59526515151515,242.60037878787878,26.999999999975444,8.2295999999925158,0.44,37,4.1
2022-12-28,HENDERSON,00H,SG,242.60037878787878,242.60681818181817,33.999999999969077,10.363199999990576,0.44,37,4.2
2022-12-28,HENDERSON,00H,SG,242.60681818181817,242.61534090909092,45.000000000109139,13.716000000033267,0.44,37,4.1
2022-12-28,HENDERSON,00H,SG,242.61534090909092,242.63674242424241,112.99999999989723,34.442399999968679,0.44,37,4
2022-12-28,HENDERSON,00H,SG,243.52973484848485,243.52992424242424,0.99999999999909051,0.30479999999972279,0.45,36,-2.1
2022-12-28,HENDERSON,00H,SG,243.53314393939394,243.53333333333333,0.99999999999909051,0.30479999999972279,0.45,36,-1.9
2022-12-28,HENDERSON,00H,SG,243.44337121212121,243.4435606060606,0.99999999999909051,0.30479999999972279,0.45,37,-3.8
2022-12-28,HENDERSON,00H,SG,243.54753787878789,243.54772727272729,0.99999999999909051,0.30479999999972279,0.45,36,-0.9
2022-12-28,HENDERSON,00H,SG,243.43977272727273,243.43996212121212,0.99999999999909051,0.30479999999972279,0.45,37,-3.5
2022-12-28,HENDERSON,00H,SG,243.4375,243.43768939393939,0.99999999999909051,0.30479999999972279,0.45,37,-3.4
2022-12-28,HENDERSON,00H,SG,243.48901515151516,243.48920454545456,0.99999999999909051,0.30479999999972279,0.45,36,-4.3
2022-12-28,HENDERSON,00H,SG,243.41401515151514,243.41420454545454,0.99999999999909051,0.30479999999972279,0.45,37,-2.1
2022-12-28,HENDERSON,00H,SG,243.43560606060606,243.43579545454546,0.99999999999909051,0.30479999999972279,0.45,37,-3.3
2022-12-28,HENDERSON,00H,SG,243.43352272727273,243.43371212121212,0.99999999999909051,0.30479999999972279,0.45,37,-3.2
2022-12-28,HENDERSON,00H,SG,243.47291666666666,243.47310606060606,0.99999999999909051,0.30479999999972279,0.45,37,-4.4
2022-12-28,HENDERSON,00H,SG,243.50568181818181,243.50587121212121,0.99999999999909051,0.30479999999972279,0.45,36,-3.4
2022-12-28,HENDERSON,00H,SG,243.44261363636363,243.44280303030303,0.99999999999909051,0.30479999999972279,0.45,37,-3.7
2022-12-28,HENDERSON,00H,SG,243.5473484848485,243.54753787878789,0.99999999999909051,0.30479999999972279,0.45,36,-1
2022-12-28,HENDERSON,00H,SG,243.44166666666666,243.44185606060606,0.99999999999909051,0.30479999999972279,0.45,37,-3.7
2022-12-28,HENDERSON,00H,SG,243.55378787878789,243.55397727272728,0.99999999999909051,0.30479999999972279,0.45,36,-0.6
2022-12-28,HENDERSON,00H,SG,243.55587121212122,243.55606060606061,0.99999999999909051,0.30479999999972279,0.45,37,-0.6
2022-12-28,HENDERSON,00H,SG,243.51496212121211,243.5151515151515,0.99999999999909051,0.30479999999972279,0.45,37,-3
2022-12-28,HENDERSON,00H,SG,243.52840909090909,243.52859848484849,0.99999999999909051,0.30479999999972279,0.45,36,-2.2
2022-12-28,HENDERSON,00H,SG,243.50208333333333,243.50227272727273,0.99999999999909051,0.30479999999972279,0.45,36,-3.6
2022-12-28,HENDERSON,00H,SG,243.54015151515151,243.5403409090909,0.99999999999909051,0.30479999999972279,0.45,37,-1.4
2022-12-28,HENDERSON,00H,SG,243.41003787878788,243.41022727272727,0.99999999999909051,0.30479999999972279,0.45,37,-2
2022-12-28,HENDERSON,00H,SG,243.45625,243.45643939393941,0.99999999999909051,0.30479999999972279,0.45,37,-4.4
2022-12-28,HENDERSON,00H,SG,243.42064393939393,243.42083333333332,0.99999999999909051,0.30479999999972279,0.45,37,-2.5
2022-12-28,HENDERSON,00H,SG,243.49734848484849,243.49753787878788,0.99999999999909051,0.30479999999972279,0.45,37,-3.9
2022-12-28,HENDERSON,00H,SG,243.53106060606061,243.53125,0.99999999999909051,0.30479999999972279,0.45,37,-1.9
2022-12-28,HENDERSON,00H,SG,243.51666666666668,243.51685606060607,0.99999999999909051,0.30479999999972279,0.45,37,-2.9
2022-12-28,HENDERSON,00H,SG,243.51117424242423,243.51136363636363,0.99999999999909051,0.30479999999972279,0.45,36,-3.1
2022-12-28,HENDERSON,00H,SG,243.51837121212122,243.51856060606062,0.99999999999909051,0.30479999999972279,0.45,37,-2.8
2022-12-28,HENDERSON,00H,SG,243.52803030303031,243.5282196969697,0.99999999999909051,0.30479999999972279,0.45,36,-2.2
2022-12-28,HENDERSON,00H,SG,243.53996212121211,243.54015151515151,0.99999999999909051,0.30479999999972279,0.45,37,-1.3
2022-12-28,HENDERSON,00H,SG,243.41287878787878,243.41306818181818,0.99999999999909051,0.30479999999972279,0.45,37,-2.1
2022-12-28,HENDERSON,00H,SG,243.5282196969697,243.52840909090909,0.99999999999909051,0.30479999999972279,0.45,36,-2.1
2022-12-28,HENDERSON,00H,SG,243.55397727272728,243.55416666666667,0.99999999999909051,0.30479999999972279,0.45,36,-0.7
2022-12-28,HENDERSON,00H,SG,243.49356060606061,243.49375,0.99999999999909051,0.30479999999972279,0.45,37,-4.1
2022-12-28,HENDERSON,00H,SG,243.55852272727273,243.55871212121212,0.99999999999909051,0.30479999999972279,0.45,36,-0.5
2022-12-28,HENDERSON,00H,SG,243.55303030303031,243.55321969696971,0.99999999999909051,0.30479999999972279,0.45,36,-0.6
2022-12-28,HENDERSON,00H,SG,243.55814393939394,243.55833333333334,0.99999999999909051,0.30479999999972279,0.45,36,-0.5
2022-12-28,HENDERSON,00H,SG,243.41022727272727,243.41041666666666,0.99999999999909051,0.30479999999972279,0.45,37,-1.9
2022-12-28,HENDERSON,00H,SG,243.50946969696969,243.50965909090908,0.99999999999909051,0.30479999999972279,0.45,36,-3.2
2022-12-28,HENDERSON,00H,SG,243.53125,243.53143939393939,0.99999999999909051,0.30479999999972279,0.45,37,-2
2022-12-28,HENDERSON,00H,SG,243.52367424242425,243.52386363636364,0.99999999999909051,0.30479999999972279,0.45,36,-2.4
2022-12-28,HENDERSON,00H,SG,243.5471590909091,243.5473484848485,0.99999999999909051,0.30479999999972279,0.45,37,-1
2022-12-28,HENDERSON,00H,SG,243.49583333333334,243.49602272727273,0.99999999999909051,0.30479999999972279,0.45,36,-4
2022-12-28,HENDERSON,00H,SG,243.43806818181818,243.43825757575758,0.99999999999909051,0.30479999999972279,0.45,37,-3.4
2022-12-28,HENDERSON,00H,SG,243.43541666666667,243.43560606060606,0.99999999999909051,0.30479999999972279,0.45,37,-3.4
2022-12-28,HENDERSON,00H,SG,243.44829545454544,243.44848484848484,0.99999999999909051,0.30479999999972279,0.45,37,-4
2022-12-28,HENDERSON,00H,SG,243.52310606060607,243.52329545454546,0.99999999999909051,0.30479999999972279,0.45,36,-2.4
2022-12-28,HENDERSON,00H,SG,243.52537878787879,243.52556818181819,0.99999999999909051,0.30479999999972279,0.45,36,-2.3
2022-12-28,HENDERSON,00H,SG,243.53446969696969,243.53465909090909,0.99999999999909051,0.30479999999972279,0.45,37,-1.8
2022-12-28,HENDERSON,00H,SG,243.45643939393941,243.4566287878788,0.99999999999909051,0.30479999999972279,0.45,37,-4.3
2022-12-28,HENDERSON,00H,SG,243.44318181818181,243.44337121212121,0.99999999999909051,0.30479999999972279,0.45,37,-3.7
2022-12-28,HENDERSON,00H,SG,243.55833333333334,243.55852272727273,0.99999999999909051,0.30479999999972279,0.45,36,-0.4
2022-12-28,HENDERSON,00H,SG,243.5403409090909,243.54053030303029,0.99999999999909051,0.30479999999972279,0.45,37,-1.3
2022-12-28,HENDERSON,00H,SG,243.44280303030303,243.44318181818181,1.999999999998181,0.60959999999944559,0.45,37,-3.8
2022-12-28,HENDERSON,00H,SG,243.49375,243.49412878787879,1.999999999998181,0.60959999999944559,0.45,37,-4
2022-12-28,HENDERSON,00H,SG,243.43768939393939,243.43806818181818,1.999999999998181,0.60959999999944559,0.45,37,-3.5
2022-12-28,HENDERSON,00H,SG,243.55776515151516,243.55814393939394,1.999999999998181,0.60959999999944559,0.45,37,-0.5
2022-12-28,HENDERSON,00H,SG,243.42291666666668,243.42329545454547,1.999999999998181,0.60959999999944559,0.45,37,-2.6
2022-12-28,HENDERSON,00H,SG,243.54545454545453,243.54583333333332,1.999999999998181,0.60959999999944559,0.45,37,-1.1
2022-12-28,HENDERSON,00H,SG,243.51799242424244,243.51837121212122,1.999999999998181,0.60959999999944559,0.45,36,-2.7
2022-12-28,HENDERSON,00H,SG,243.52329545454546,243.52367424242425,1.999999999998181,0.60959999999944559,0.45,36,-2.5
2022-12-28,HENDERSON,00H,SG,243.53598484848484,243.53636363636363,1.999999999998181,0.60959999999944559,0.45,36,-1.6
2022-12-28,HENDERSON,00H,SG,243.41420454545454,243.41458333333333,1.999999999998181,0.60959999999944559,0.45,37,-2.2
2022-12-28,HENDERSON,00H,SG,243.50094696969697,243.50132575757576,1.999999999998181,0.60959999999944559,0.45,37,-3.7
2022-12-28,HENDERSON,00H,SG,243.41458333333333,243.41496212121211,1.999999999998181,0.60959999999944559,0.45,37,-2.1
2022-12-28,HENDERSON,00H,SG,243.49886363636364,243.49924242424242,1.999999999998181,0.60959999999944559,0.45,37,-3.8
2022-12-28,HENDERSON,00H,SG,243.50965909090908,243.51003787878787,1.999999999998181,0.60959999999944559,0.45,37,-3.2
2022-12-28,HENDERSON,00H,SG,243.54772727272729,243.54810606060607,1.999999999998181,0.60959999999944559,0.45,36,-1
2022-12-28,HENDERSON,00H,SG,243.50378787878788,243.50416666666666,1.999999999998181,0.60959999999944559,0.45,36,-3.5
2022-12-28,HENDERSON,00H,SG,243.43617424242424,243.43655303030303,1.999999999998181,0.60959999999944559,0.45,37,-3.3
2022-12-28,HENDERSON,00H,SG,243.5151515151515,243.51553030303029,1.999999999998181,0.60959999999944559,0.45,37,-2.9
2022-12-28,HENDERSON,00H,SG,243.52272727272728,243.52310606060607,1.999999999998181,0.60959999999944559,0.45,36,-2.5
2022-12-28,HENDERSON,00H,SG,243.54886363636365,243.54924242424244,1.999999999998181,0.60959999999944559,0.45,37,-0.9
2022-12-28,HENDERSON,00H,SG,243.43996212121212,243.44034090909091,1.999999999998181,0.60959999999944559,0.45,37,-3.6
2022-12-28,HENDERSON,00H,SG,243.52178030303031,243.5221590909091,1.999999999998181,0.60959999999944559,0.45,36,-2.5
2022-12-28,HENDERSON,00H,SG,243.54356060606059,243.54393939393938,1.999999999998181,0.60959999999944559,0.45,37,-1.2
2022-12-28,HENDERSON,00H,SG,243.53787878787878,243.53825757575757,1.999999999998181,0.60959999999944559,0.45,36,-1.5
2022-12-28,HENDERSON,00H,SG,243.46609848484849,243.46647727272727,1.999999999998181,0.60959999999944559,0.45,36,-4.5
2022-12-28,HENDERSON,00H,SG,243.42026515151514,243.42064393939393,1.999999999998181,0.60959999999944559,0.45,37,-2.6
2022-12-28,HENDERSON,00H,SG,243.52708333333334,243.52746212121212,1.999999999998181,0.60959999999944559,0.45,36,-2.2
2022-12-28,HENDERSON,00H,SG,243.44791666666666,243.44829545454544,1.999999999998181,0.60959999999944559,0.45,37,-4.1
2022-12-28,HENDERSON,00H,SG,243.49848484848485,243.49886363636364,1.999999999998181,0.60959999999944559,0.45,36,-3.8
2022-12-28,HENDERSON,00H,SG,243.52935606060606,243.52973484848485,1.999999999998181,0.60959999999944559,0.45,37,-2.1
2022-12-28,HENDERSON,00H,SG,243.4125,243.41287878787878,1.999999999998181,0.60959999999944559,0.45,37,-2
2022-12-28,HENDERSON,00H,SG,243.43712121212121,243.4375,1.999999999998181,0.60959999999944559,0.45,37,-3.5
2022-12-28,HENDERSON,00H,SG,243.53276515151515,243.53314393939394,1.999999999998181,0.60959999999944559,0.45,37,-1.9
2022-12-28,HENDERSON,00H,SG,243.55208333333334,243.55246212121213,1.999999999998181,0.60959999999944559,0.45,36,-0.7
2022-12-28,HENDERSON,00H,SG,243.49545454545455,243.49583333333334,1.999999999998181,0.60959999999944559,0.45,37,-4
2022-12-28,HENDERSON,00H,SG,243.44128787878788,243.44166666666666,1.999999999998181,0.60959999999944559,0.45,37,-3.6
2022-12-28,HENDERSON,00H,SG,243.53825757575757,243.53863636363636,1.999999999998181,0.60959999999944559,0.45,37,-1.5
2022-12-28,HENDERSON,00H,SG,243.43579545454546,243.43617424242424,1.999999999998181,0.60959999999944559,0.45,37,-3.4
2022-12-28,HENDERSON,00H,SG,243.50037878787879,243.50094696969697,2.9999999999972715,0.91439999999916843,0.45,36,-3.7
2022-12-28,HENDERSON,00H,SG,243.5221590909091,243.52272727272728,2.9999999999972715,0.91439999999916843,0.45,37,-2.5
2022-12-28,HENDERSON,00H,SG,243.47310606060606,243.47367424242424,2.9999999999972715,0.91439999999916843,0.45,36,-4.4
2022-12-28,HENDERSON,00H,SG,243.53939393939393,243.53996212121211,2.9999999999972715,0.91439999999916843,0.45,36,-1.4
2022-12-28,HENDERSON,00H,SG,243.54128787878787,243.54185606060605,2.9999999999972715,0.91439999999916843,0.45,36,-1.3
2022-12-28,HENDERSON,00H,SG,243.53636363636363,243.53693181818181,2.9999999999972715,0.91439999999916843,0.45,37,-1.6
2022-12-28,HENDERSON,00H,SG,243.46420454545455,243.46477272727273,2.9999999999972715,0.91439999999916843,0.45,36,-4.5
2022-12-28,HENDERSON,00H,SG,243.54242424242423,243.54299242424241,2.9999999999972715,0.91439999999916843,0.45,36,-1.3
2022-12-28,HENDERSON,00H,SG,243.54185606060605,243.54242424242423,2.9999999999972715,0.91439999999916843,0.45,37,-1.3
2022-12-28,HENDERSON,00H,SG,243.51136363636363,243.51193181818181,2.9999999999972715,0.91439999999916843,0.45,37,-3.1
2022-12-28,HENDERSON,00H,SG,243.52386363636364,243.52443181818182,2.9999999999972715,0.91439999999916843,0.45,37,-2.4
2022-12-28,HENDERSON,00H,SG,243.55606060606061,243.55662878787879,2.9999999999972715,0.91439999999916843,0.45,37,-0.5
2022-12-28,HENDERSON,00H,SG,243.43295454545455,243.43352272727273,2.9999999999972715,0.91439999999916843,0.45,37,-3.1
2022-12-28,HENDERSON,00H,SG,243.43655303030303,243.43712121212121,2.9999999999972715,0.91439999999916843,0.45,37,-3.4
2022-12-28,HENDERSON,00H,SG,243.51685606060607,243.51742424242425,2.9999999999972715,0.91439999999916843,0.45,37,-2.8
2022-12-28,HENDERSON,00H,SG,243.50681818181818,243.50738636363636,2.9999999999972715,0.91439999999916843,0.45,36,-3.4
2022-12-28,HENDERSON,00H,SG,243.50321969696969,243.50378787878788,2.9999999999972715,0.91439999999916843,0.45,36,-3.6
2022-12-28,HENDERSON,00H,SG,243.51856060606062,243.5191287878788,2.9999999999972715,0.91439999999916843,0.45,37,-2.7
2022-12-28,HENDERSON,00H,SG,243.54299242424241,243.54356060606059,2.9999999999972715,0.91439999999916843,0.45,36,-1.2
2022-12-28,HENDERSON,00H,SG,243.4748106060606,243.47537878787878,2.9999999999972715,0.91439999999916843,0.45,36,-4.4
2022-12-28,HENDERSON,00H,SG,243.43825757575758,243.43882575757576,2.9999999999972715,0.91439999999916843,0.45,37,-3.5
2022-12-28,HENDERSON,00H,SG,243.48636363636365,243.48693181818183,2.9999999999972715,0.91439999999916843,0.45,37,-4.3
2022-12-28,HENDERSON,00H,SG,243.55246212121213,243.55303030303031,2.9999999999972715,0.91439999999916843,0.45,37,-0.7
2022-12-28,HENDERSON,00H,SG,243.53465909090909,243.53522727272727,2.9999999999972715,0.91439999999916843,0.45,37,-1.7
2022-12-28,HENDERSON,00H,SG,243.55321969696971,243.55378787878789,2.9999999999972715,0.91439999999916843,0.45,36,-0.7
2022-12-28,HENDERSON,00H,SG,243.52746212121212,243.52803030303031,2.9999999999972715,0.91439999999916843,0.45,37,-2.2
2022-12-28,HENDERSON,00H,SG,243.51742424242425,243.51799242424244,2.9999999999972715,0.91439999999916843,0.45,36,-2.8
2022-12-28,HENDERSON,00H,SG,243.5465909090909,243.5471590909091,3.0000000001473381,0.91440000004490873,0.45,36,-1
2022-12-28,HENDERSON,00H,SG,243.48011363636363,243.4808712121212,3.999999999996362,1.2191999999988912,0.45,36,-4.4
2022-12-28,HENDERSON,00H,SG,243.54810606060607,243.54886363636365,3.999999999996362,1.2191999999988912,0.45,36,-0.9
2022-12-28,HENDERSON,00H,SG,243.52632575757576,243.52708333333334,3.999999999996362,1.2191999999988912,0.45,36,-2.3
2022-12-28,HENDERSON,00H,SG,243.52026515151516,243.52102272727274,3.999999999996362,1.2191999999988912,0.45,37,-2.6
2022-12-28,HENDERSON,00H,SG,243.44185606060606,243.44261363636363,3.999999999996362,1.2191999999988912,0.45,37,-3.8
2022-12-28,HENDERSON,00H,SG,243.48996212121213,243.49071969696971,3.999999999996362,1.2191999999988912,0.45,37,-4.2
2022-12-28,HENDERSON,00H,SG,243.54053030303029,243.54128787878787,3.999999999996362,1.2191999999988912,0.45,36,-1.4
2022-12-28,HENDERSON,00H,SG,243.50132575757576,243.50208333333333,3.999999999996362,1.2191999999988912,0.45,36,-3.7
2022-12-28,HENDERSON,00H,SG,243.50492424242424,243.50568181818181,3.999999999996362,1.2191999999988912,0.45,36,-3.5
2022-12-28,HENDERSON,00H,SG,243.50416666666666,243.50492424242424,3.999999999996362,1.2191999999988912,0.45,37,-3.5
2022-12-28,HENDERSON,00H,SG,243.48920454545456,243.48996212121213,3.999999999996362,1.2191999999988912,0.45,36,-4.2
2022-12-28,HENDERSON,00H,SG,243.42329545454547,243.42405303030304,3.999999999996362,1.2191999999988912,0.45,37,-2.7
2022-12-28,HENDERSON,00H,SG,243.52556818181819,243.52632575757576,3.999999999996362,1.2191999999988912,0.45,37,-2.3
2022-12-28,HENDERSON,00H,SG,243.47651515151514,243.47727272727272,3.999999999996362,1.2191999999988912,0.45,36,-4.4
2022-12-28,HENDERSON,00H,SG,243.53522727272727,243.53598484848484,3.999999999996362,1.2191999999988912,0.45,36,-1.7
2022-12-28,HENDERSON,00H,SG,243.54469696969696,243.54545454545453,3.999999999996362,1.2191999999988912,0.45,36,-1.1
2022-12-28,HENDERSON,00H,SG,243.47840909090908,243.47916666666666,3.999999999996362,1.2191999999988912,0.45,36,-4.4
2022-12-28,HENDERSON,00H,SG,243.55416666666667,243.55492424242425,3.999999999996362,1.2191999999988912,0.45,37,-0.6
2022-12-28,HENDERSON,00H,SG,243.48200757575756,243.48276515151514,3.999999999996362,1.2191999999988912,0.45,36,-4.3
2022-12-28,HENDERSON,00H,SG,243.41041666666666,243.41117424242424,3.999999999996362,1.2191999999988912,0.45,37,-2
2022-12-28,HENDERSON,00H,SG,243.54393939393938,243.54469696969696,3.999999999996362,1.2191999999988912,0.45,36,-1.2
2022-12-28,HENDERSON,00H,SG,243.48446969696971,243.48522727272729,3.999999999996362,1.2191999999988912,0.45,37,-4.3
2022-12-28,HENDERSON,00H,SG,243.48371212121211,243.48446969696968,3.999999999996362,1.2191999999988912,0.45,36,-4.3
2022-12-28,HENDERSON,00H,SG,243.52102272727274,243.52178030303031,3.999999999996362,1.2191999999988912,0.45,36,-2.6
2022-12-28,HENDERSON,00H,SG,243.54583333333332,243.5465909090909,3.999999999996362,1.2191999999988912,0.45,36,-1.1
2022-12-28,HENDERSON,00H,SG,243.53863636363636,243.53939393939393,3.999999999996362,1.2191999999988912,0.45,36,-1.5
2022-12-28,HENDERSON,00H,SG,243.4221590909091,243.42291666666668,3.999999999996362,1.2191999999988912,0.45,37,-2.7
2022-12-28,HENDERSON,00H,SG,243.54924242424244,243.55,3.999999999996362,1.2191999999988912,0.45,36,-0.9
2022-12-28,HENDERSON,00H,SG,243.43219696969697,243.43295454545455,3.999999999996362,1.2191999999988912,0.45,37,-3.2
2022-12-28,HENDERSON,00H,SG,243.47121212121212,243.47196969696969,3.999999999996362,1.2191999999988912,0.45,36,-4.5
2022-12-28,HENDERSON,00H,SG,243.52859848484849,243.52935606060606,3.999999999996362,1.2191999999988912,0.45,36,-2.1
2022-12-28,HENDERSON,00H,SG,243.49261363636364,243.49356060606061,4.9999999999954525,1.523999999998614,0.45,36,-4.1
2022-12-28,HENDERSON,00H,SG,243.47916666666666,243.48011363636363,4.9999999999954525,1.523999999998614,0.45,37,-4.4
2022-12-28,HENDERSON,00H,SG,243.51306818181817,243.51401515151514,4.9999999999954525,1.523999999998614,0.45,37,-3
2022-12-28,HENDERSON,00H,SG,243.50227272727273,243.50321969696969,4.9999999999954525,1.523999999998614,0.45,37,-3.6
2022-12-28,HENDERSON,00H,SG,243.50587121212121,243.50681818181818,4.9999999999954525,1.523999999998614,0.45,37,-3.4
2022-12-28,HENDERSON,00H,SG,243.47196969696969,243.47291666666666,4.9999999999954525,1.523999999998614,0.45,37,-4.5
2022-12-28,HENDERSON,00H,SG,243.49071969696971,243.49166666666667,4.9999999999954525,1.523999999998614,0.45,36,-4.2
2022-12-28,HENDERSON,00H,SG,243.49166666666667,243.49261363636364,4.9999999999954525,1.523999999998614,0.45,37,-4.1
2022-12-28,HENDERSON,00H,SG,243.53693181818181,243.53787878787878,4.9999999999954525,1.523999999998614,0.45,36,-1.6
2022-12-28,HENDERSON,00H,SG,243.48276515151514,243.48371212121211,4.9999999999954525,1.523999999998614,0.45,37,-4.3
2022-12-28,HENDERSON,00H,SG,243.48806818181819,243.48901515151516,4.9999999999954525,1.523999999998614,0.45,37,-4.3
2022-12-28,HENDERSON,00H,SG,243.49753787878788,243.49848484848485,4.9999999999954525,1.523999999998614,0.45,36,-3.9
2022-12-28,HENDERSON,00H,SG,243.41306818181818,243.41401515151514,4.9999999999954525,1.523999999998614,0.45,37,-2.2
2022-12-28,HENDERSON,00H,SG,243.51401515151514,243.51496212121211,4.9999999999954525,1.523999999998614,0.45,36,-3
2022-12-28,HENDERSON,00H,SG,243.55492424242425,243.55587121212122,4.9999999999954525,1.523999999998614,0.45,36,-0.6
2022-12-28,HENDERSON,00H,SG,243.43882575757576,243.43977272727273,4.9999999999954525,1.523999999998614,0.45,37,-3.6
2022-12-28,HENDERSON,00H,SG,243.52443181818182,243.52537878787879,4.9999999999954525,1.523999999998614,0.45,36,-2.4
2022-12-28,HENDERSON,00H,SG,243.44034090909091,243.44128787878788,4.9999999999954525,1.523999999998614,0.45,37,-3.7
2022-12-28,HENDERSON,00H,SG,243.48522727272729,243.48636363636365,5.999999999994543,1.8287999999983369,0.45,36,-4.3
2022-12-28,HENDERSON,00H,SG,243.51193181818181,243.51306818181817,5.999999999994543,1.8287999999983369,0.45,36,-3.1
2022-12-28,HENDERSON,00H,SG,243.52992424242424,243.53106060606061,5.999999999994543,1.8287999999983369,0.45,36,-2
2022-12-28,HENDERSON,00H,SG,243.47727272727272,243.47840909090908,5.999999999994543,1.8287999999983369,0.45,37,-4.4
2022-12-28,HENDERSON,00H,SG,243.49924242424242,243.50037878787879,5.999999999994543,1.8287999999983369,0.45,36,-3.8
2022-12-28,HENDERSON,00H,SG,243.47537878787878,243.47651515151514,5.999999999994543,1.8287999999983369,0.45,37,-4.4
2022-12-28,HENDERSON,00H,SG,243.51003787878787,243.51117424242423,5.999999999994543,1.8287999999983369,0.45,36,-3.2
2022-12-28,HENDERSON,00H,SG,243.47367424242424,243.4748106060606,5.999999999994543,1.8287999999983369,0.45,37,-4.4
2022-12-28,HENDERSON,00H,SG,243.5191287878788,243.52026515151516,5.999999999994543,1.8287999999983369,0.45,36,-2.7
2022-12-28,HENDERSON,00H,SG,243.48693181818183,243.48806818181819,5.999999999994543,1.8287999999983369,0.45,36,-4.3
2022-12-28,HENDERSON,00H,SG,243.55662878787879,243.55776515151516,5.999999999994543,1.8287999999983369,0.45,36,-0.5
2022-12-28,HENDERSON,00H,SG,243.4808712121212,243.48200757575756,5.999999999994543,1.8287999999983369,0.45,37,-4.4
2022-12-28,HENDERSON,00H,SG,243.53333333333333,243.53446969696969,5.999999999994543,1.8287999999983369,0.45,36,-1.8
2022-12-28,HENDERSON,00H,SG,243.51553030303029,243.51666666666668,6.00000000014461,1.8288000000440772,0.45,36,-2.9
2022-12-28,HENDERSON,00H,SG,243.55871212121212,243.56003787878788,6.9999999999936335,2.1335999999980597,0.45,36,-0.4
2022-12-28,HENDERSON,00H,SG,243.46477272727273,243.46609848484849,6.9999999999936335,2.1335999999980597,0.45,37,-4.5
2022-12-28,HENDERSON,00H,SG,243.41496212121211,243.41628787878787,6.9999999999936335,2.1335999999980597,0.45,37,-2.3
2022-12-28,HENDERSON,00H,SG,243.49602272727273,243.49734848484849,6.9999999999936335,2.1335999999980597,0.45,36,-3.9
2022-12-28,HENDERSON,00H,SG,243.41117424242424,243.4125,6.9999999999936335,2.1335999999980597,0.45,37,-2.1
2022-12-28,HENDERSON,00H,SG,243.53143939393939,243.53276515151515,6.9999999999936335,2.1335999999980597,0.45,36,-1.9
2022-12-28,HENDERSON,00H,SG,243.49412878787879,243.49545454545455,6.9999999999936335,2.1335999999980597,0.45,36,-4
2022-12-28,HENDERSON,00H,SG,243.42083333333332,243.4221590909091,7.0000000001437,2.1336000000438,0.45,37,-2.6
2022-12-28,HENDERSON,00H,SG,243.43371212121212,243.43541666666667,8.9999999999918145,2.743199999997505,0.45,37,-3.3
2022-12-28,HENDERSON,00H,SG,243.44848484848484,243.45018939393938,8.9999999999918145,2.743199999997505,0.45,37,-4.1
2022-12-28,HENDERSON,00H,SG,243.42405303030304,243.42594696969698,9.9999999999909051,3.047999999997228,0.45,37,-2.8
2022-12-28,HENDERSON,00H,SG,243.41628787878787,243.41818181818181,9.9999999999909051,3.047999999997228,0.45,37,-2.4
2022-12-28,HENDERSON,00H,SG,243.50738636363636,243.50946969696969,10.999999999989996,3.3527999999969507,0.45,36,-3.3
2022-12-28,HENDERSON,00H,SG,243.42803030303031,243.43011363636364,10.999999999989996,3.3527999999969507,0.45,37,-3
2022-12-28,HENDERSON,00H,SG,243.4435606060606,243.44564393939393,10.999999999989996,3.3527999999969507,0.45,37,-3.9
2022-12-28,HENDERSON,00H,SG,243.43011363636364,243.43219696969697,10.999999999989996,3.3527999999969507,0.45,37,-3.1
2022-12-28,HENDERSON,00H,SG,243.41818181818181,243.42026515151514,10.999999999989996,3.3527999999969507,0.45,37,-2.5
2022-12-28,HENDERSON,00H,SG,243.42594696969698,243.42803030303031,10.999999999989996,3.3527999999969507,0.45,37,-2.9
2022-12-28,HENDERSON,00H,SG,243.55,243.55208333333334,10.999999999989996,3.3527999999969507,0.45,36,-0.8
2022-12-28,HENDERSON,00H,SG,243.44564393939393,243.44791666666666,11.999999999989086,3.6575999999966737,0.45,37,-4
2022-12-28,HENDERSON,00H,SG,243.45018939393938,243.45303030303029,14.999999999986358,4.5719999999958416,0.45,37,-4.2
2022-12-28,HENDERSON,00H,SG,243.4566287878788,243.45946969696971,14.999999999986358,4.5719999999958416,0.45,37,-4.4
2022-12-28,HENDERSON,00H,SG,243.45303030303029,243.45625,17.000000000134605,5.1816000000410281,0.45,37,-4.3
2022-12-28,HENDERSON,00H,SG,243.45946969696971,243.46420454545455,24.999999999977263,7.61999999999307,0.45,37,-4.5
2022-12-28,HENDERSON,00H,SG,243.46647727272727,243.47121212121212,24.999999999977263,7.61999999999307,0.45,37,-4.5
2022-12-28,HENDERSON,00H,SG,247.10928030303029,247.10946969696968,0.99999999999909051,0.30479999999972279,0.49,36,0
2022-12-28,HENDERSON,00H,SG,247.1128787878788,247.11306818181819,0.99999999999909051,0.30479999999972279,0.49,36,0
2022-12-28,HENDERSON,00H,SG,246.87026515151516,246.87045454545455,0.99999999999909051,0.30479999999972279,0.49,38,0
2022-12-28,HENDERSON,00H,SG,246.83011363636365,246.83030303030304,0.99999999999909051,0.30479999999972279,0.49,38,0
2022-12-28,HENDERSON,00H,SG,246.83030303030304,246.83068181818183,1.999999999998181,0.60959999999944559,0.49,37,0
2022-12-28,HENDERSON,00H,SG,246.88617424242423,246.88655303030302,1.999999999998181,0.60959999999944559,0.49,38,0
2022-12-28,HENDERSON,00H,SG,246.88977272727271,246.8901515151515,1.999999999998181,0.60959999999944559,0.49,38,0
2022-12-28,HENDERSON,00H,SG,246.83920454545455,246.83958333333334,1.999999999998181,0.60959999999944559,0.49,37,0
2022-12-28,HENDERSON,00H,SG,246.88787878787878,246.88825757575756,1.999999999998181,0.60959999999944559,0.49,38,0
2022-12-28,HENDERSON,00H,SG,246.8719696969697,246.87234848484849,1.999999999998181,0.60959999999944559,0.49,38,0
2022-12-28,HENDERSON,00H,SG,246.83390151515152,246.83428030303031,1.999999999998181,0.60959999999944559,0.49,37,0
2022-12-28,HENDERSON,00H,SG,246.87556818181818,246.87594696969697,1.999999999998181,0.60959999999944559,0.49,38,0
2022-12-28,HENDERSON,00H,SG,246.86306818181819,246.86344696969698,1.999999999998181,0.60959999999944559,0.49,38,0
2022-12-28,HENDERSON,00H,SG,246.85852272727271,246.8590909090909,2.9999999999972715,0.91439999999916843,0.49,37,0
2022-12-28,HENDERSON,00H,SG,246.83731060606061,246.83787878787879,2.9999999999972715,0.91439999999916843,0.49,37,0
2022-12-28,HENDERSON,00H,SG,246.88087121212121,246.88143939393939,2.9999999999972715,0.91439999999916843,0.49,38,0
2022-12-28,HENDERSON,00H,SG,246.87367424242424,246.87424242424242,2.9999999999972715,0.91439999999916843,0.49,38,0
2022-12-28,HENDERSON,00H,SG,246.88257575757575,246.88314393939393,2.9999999999972715,0.91439999999916843,0.49,38,0
2022-12-28,HENDERSON,00H,SG,246.83200757575759,246.83257575757577,2.9999999999972715,0.91439999999916843,0.49,37,0
2022-12-28,HENDERSON,00H,SG,246.87897727272727,246.87954545454545,2.9999999999972715,0.91439999999916843,0.49,38,0
2022-12-28,HENDERSON,00H,SG,246.86818181818182,246.86875,2.9999999999972715,0.91439999999916843,0.49,38,0
2022-12-28,HENDERSON,00H,SG,246.83560606060607,246.83617424242425,2.9999999999972715,0.91439999999916843,0.49,37,0
2022-12-28,HENDERSON,00H,SG,246.84791666666666,246.84848484848484,2.9999999999972715,0.91439999999916843,0.49,37,0
2022-12-28,HENDERSON,00H,SG,246.84621212121212,246.8467803030303,2.9999999999972715,0.91439999999916843,0.49,37,0
2022-12-28,HENDERSON,00H,SG,246.86098484848486,246.86174242424244,3.999999999996362,1.2191999999988912,0.49,38,0
2022-12-28,HENDERSON,00H,SG,246.85132575757575,246.85208333333333,3.999999999996362,1.2191999999988912,0.49,37,0
2022-12-28,HENDERSON,00H,SG,246.84261363636364,246.84337121212121,3.999999999996362,1.2191999999988912,0.49,37,0
2022-12-28,HENDERSON,00H,SG,246.86647727272728,246.86723484848486,3.999999999996362,1.2191999999988912,0.49,38,0
2022-12-28,HENDERSON,00H,SG,246.86458333333334,246.86534090909092,3.999999999996362,1.2191999999988912,0.49,38,0
2022-12-28,HENDERSON,00H,SG,246.8407196969697,246.84147727272727,3.999999999996362,1.2191999999988912,0.49,37,0
2022-12-28,HENDERSON,00H,SG,246.84943181818181,246.85018939393939,3.999999999996362,1.2191999999988912,0.49,37,0
2022-12-28,HENDERSON,00H,SG,246.85303030303029,246.85378787878787,3.999999999996362,1.2191999999988912,0.49,37,0
2022-12-28,HENDERSON,00H,SG,246.86022727272729,246.86098484848486,3.999999999996362,1.2191999999988912,0.49,37,0
2022-12-28,HENDERSON,00H,SG,246.85568181818181,246.85643939393938,3.999999999996362,1.2191999999988912,0.49,38,0
2022-12-28,HENDERSON,00H,SG,246.84431818181818,246.84507575757576,3.999999999996362,1.2191999999988912,0.49,37,0
2022-12-28,HENDERSON,00H,SG,246.85208333333333,246.85303030303029,4.9999999999954525,1.523999999998614,0.49,38,0
2022-12-28,HENDERSON,00H,SG,246.85378787878787,246.85473484848484,4.9999999999954525,1.523999999998614,0.49,38,0
2022-12-28,HENDERSON,00H,SG,246.84337121212121,246.84431818181818,4.9999999999954525,1.523999999998614,0.49,38,0
2022-12-28,HENDERSON,00H,SG,246.84848484848484,246.84943181818181,4.9999999999954525,1.523999999998614,0.49,38,0
2022-12-28,HENDERSON,00H,SG,246.85473484848484,246.85568181818181,4.9999999999954525,1.523999999998614,0.49,37,0
2022-12-28,HENDERSON,00H,SG,246.86723484848486,246.86818181818182,4.9999999999954525,1.523999999998614,0.49,37,0
2022-12-28,HENDERSON,00H,SG,246.85643939393938,246.85738636363635,4.9999999999954525,1.523999999998614,0.49,37,0
2022-12-28,HENDERSON,00H,SG,246.83617424242425,246.83731060606061,5.999999999994543,1.8287999999983369,0.49,38,0
2022-12-28,HENDERSON,00H,SG,246.86534090909092,246.86647727272728,5.999999999994543,1.8287999999983369,0.49,37,0
2022-12-28,HENDERSON,00H,SG,246.85018939393939,246.85132575757575,5.999999999994543,1.8287999999983369,0.49,38,0
2022-12-28,HENDERSON,00H,SG,246.85738636363635,246.85852272727271,5.999999999994543,1.8287999999983369,0.49,38,0
2022-12-28,HENDERSON,00H,SG,246.83958333333334,246.8407196969697,5.999999999994543,1.8287999999983369,0.49,38,0
2022-12-28,HENDERSON,00H,SG,246.84507575757576,246.84621212121212,5.999999999994543,1.8287999999983369,0.49,38,0
2022-12-28,HENDERSON,00H,SG,246.84147727272727,246.84261363636364,5.999999999994543,1.8287999999983369,0.49,38,0
2022-12-28,HENDERSON,00H,SG,246.8467803030303,246.84791666666666,5.999999999994543,1.8287999999983369,0.49,38,0
2022-12-28,HENDERSON,00H,SG,246.88143939393939,246.88257575757575,5.999999999994543,1.8287999999983369,0.49,37,0
2022-12-28,HENDERSON,00H,SG,246.86344696969698,246.86458333333334,5.999999999994543,1.8287999999983369,0.49,37,0
2022-12-28,HENDERSON,00H,SG,246.8590909090909,246.86022727272729,6.00000000014461,1.8288000000440772,0.49,38,0
2022-12-28,HENDERSON,00H,SG,246.83787878787879,246.83920454545455,6.9999999999936335,2.1335999999980597,0.49,38,0
2022-12-28,HENDERSON,00H,SG,246.86174242424244,246.86306818181819,6.9999999999936335,2.1335999999980597,0.49,37,0
2022-12-28,HENDERSON,00H,SG,246.88655303030302,246.88787878787878,6.9999999999936335,2.1335999999980597,0.49,37,0
2022-12-28,HENDERSON,00H,SG,246.83068181818183,246.83200757575759,6.9999999999936335,2.1335999999980597,0.49,38,0
2022-12-28,HENDERSON,00H,SG,246.83257575757577,246.83390151515152,6.9999999999936335,2.1335999999980597,0.49,38,0
2022-12-28,HENDERSON,00H,SG,246.87234848484849,246.87367424242424,6.9999999999936335,2.1335999999980597,0.49,37,0
2022-12-28,HENDERSON,00H,SG,246.87424242424242,246.87556818181818,6.9999999999936335,2.1335999999980597,0.49,37,0
2022-12-28,HENDERSON,00H,SG,246.83428030303031,246.83560606060607,6.9999999999936335,2.1335999999980597,0.49,38,0
2022-12-28,HENDERSON,00H,SG,246.87954545454545,246.88087121212121,6.9999999999936335,2.1335999999980597,0.49,37,0
2022-12-28,HENDERSON,00H,SG,246.86875,246.87026515151516,7.999999999992724,2.4383999999977823,0.49,37,0
2022-12-28,HENDERSON,00H,SG,246.87045454545455,246.8719696969697,7.999999999992724,2.4383999999977823,0.49,37,0
2022-12-28,HENDERSON,00H,SG,246.88825757575756,246.88977272727271,7.999999999992724,2.4383999999977823,0.49,37,0
2022-12-28,HENDERSON,00H,SG,246.87594696969697,246.87897727272727,15.999999999985448,4.8767999999955647,0.49,37,0
2022-12-28,HENDERSON,00H,SG,246.88314393939393,246.88617424242423,15.999999999985448,4.8767999999955647,0.49,37,0
2022-12-28,HENDERSON,00H,SG,247.10946969696971,247.1128787878788,17.999999999983629,5.48639999999501,0.49,37,0
2022-12-28,HENDERSON,00H,SG,247.11306818181819,247.1401515151515,142.99999999986994,43.586399999960356,0.49,37,0
2022-12-28,HENDERSON,00H,SG,246.8901515151515,247.10928030303029,1156.9999999999982,352.65359999999947,0.49,37,0
2022-12-28,HENDERSON,00H,SG,244.44488636363636,244.44507575757575,0.99999999999909051,0.30479999999972279,0.51,36,2
2022-12-28,HENDERSON,00H,SG,244.43844696969697,244.43863636363636,0.99999999999909051,0.30479999999972279,0.51,36,1.8
2022-12-28,HENDERSON,00H,SG,244.70378787878789,244.70397727272729,0.99999999999909051,0.30479999999972279,0.51,36,0.7
2022-12-28,HENDERSON,00H,SG,244.70303030303029,244.70321969696968,0.99999999999909051,0.30479999999972279,0.51,36,0.7
2022-12-28,HENDERSON,00H,SG,244.65378787878788,244.65397727272727,0.99999999999909051,0.30479999999972279,0.51,36,2.4
2022-12-28,HENDERSON,00H,SG,244.66685606060605,244.66704545454544,0.99999999999909051,0.30479999999972279,0.51,36,2.2
2022-12-28,HENDERSON,00H,SG,244.67386363636365,244.67405303030304,0.99999999999909051,0.30479999999972279,0.51,36,1.9
2022-12-28,HENDERSON,00H,SG,244.65909090909091,244.6592803030303,0.99999999999909051,0.30479999999972279,0.51,36,2.4
2022-12-28,HENDERSON,00H,SG,244.43560606060606,244.43579545454546,0.99999999999909051,0.30479999999972279,0.51,36,1.6
2022-12-28,HENDERSON,00H,SG,244.65397727272727,244.65416666666667,0.99999999999909051,0.30479999999972279,0.51,36,2.5
2022-12-28,HENDERSON,00H,SG,244.70151515151514,244.70170454545453,0.99999999999909051,0.30479999999972279,0.51,36,0.8
2022-12-28,HENDERSON,00H,SG,244.43541666666667,244.43560606060606,0.99999999999909051,0.30479999999972279,0.51,36,1.7
2022-12-28,HENDERSON,00H,SG,244.70719696969698,244.70738636363637,0.99999999999909051,0.30479999999972279,0.51,36,0.6
2022-12-28,HENDERSON,00H,SG,244.67613636363637,244.67632575757577,0.99999999999909051,0.30479999999972279,0.51,36,1.8
2022-12-28,HENDERSON,00H,SG,244.7028409090909,244.70303030303029,0.99999999999909051,0.30479999999972279,0.51,36,0.6
2022-12-28,HENDERSON,00H,SG,244.44318181818181,244.44337121212121,0.99999999999909051,0.30479999999972279,0.51,36,1.9
2022-12-28,HENDERSON,00H,SG,244.44905303030302,244.44924242424241,0.99999999999909051,0.30479999999972279,0.51,36,2.1
2022-12-28,HENDERSON,00H,SG,244.70909090909092,244.70928030303031,0.99999999999909051,0.30479999999972279,0.51,36,0.5
2022-12-28,HENDERSON,00H,SG,244.68409090909091,244.68428030303031,0.99999999999909051,0.30479999999972279,0.51,36,1.5
2022-12-28,HENDERSON,00H,SG,244.66704545454544,244.66723484848484,0.99999999999909051,0.30479999999972279,0.51,36,2
2022-12-28,HENDERSON,00H,SG,244.69848484848484,244.69867424242423,0.99999999999909051,0.30479999999972279,0.51,36,0.9
2022-12-28,HENDERSON,00H,SG,244.44583333333333,244.44602272727272,0.99999999999909051,0.30479999999972279,0.51,36,2
2022-12-28,HENDERSON,00H,SG,244.44337121212121,244.4435606060606,0.99999999999909051,0.30479999999972279,0.51,36,1.8
2022-12-28,HENDERSON,00H,SG,244.66212121212121,244.6623106060606,0.99999999999909051,0.30479999999972279,0.51,36,2.3
2022-12-28,HENDERSON,00H,SG,244.70643939393941,244.7066287878788,0.99999999999909051,0.30479999999972279,0.51,36,0.6
2022-12-28,HENDERSON,00H,SG,244.66723484848484,244.66761363636363,1.999999999998181,0.60959999999944559,0.51,36,2.1
2022-12-28,HENDERSON,00H,SG,244.69810606060605,244.69848484848484,1.999999999998181,0.60959999999944559,0.51,36,0.8
2022-12-28,HENDERSON,00H,SG,244.70321969696971,244.70378787878789,2.9999999999972715,0.91439999999916843,0.51,36,0.6
2022-12-28,HENDERSON,00H,SG,244.7066287878788,244.70719696969698,2.9999999999972715,0.91439999999916843,0.51,36,0.5
2022-12-28,HENDERSON,00H,SG,244.43863636363636,244.43920454545454,2.9999999999972715,0.91439999999916843,0.51,36,1.7
2022-12-28,HENDERSON,00H,SG,244.44924242424241,244.44981060606059,2.9999999999972715,0.91439999999916843,0.51,36,2
2022-12-28,HENDERSON,00H,SG,244.44602272727272,244.44678030303029,3.999999999996362,1.2191999999988912,0.51,36,1.9
2022-12-28,HENDERSON,00H,SG,244.44507575757575,244.44583333333333,3.999999999996362,1.2191999999988912,0.51,36,1.9
2022-12-28,HENDERSON,00H,SG,244.66136363636363,244.66212121212121,3.999999999996362,1.2191999999988912,0.51,36,2.2
2022-12-28,HENDERSON,00H,SG,244.70928030303031,244.71003787878789,3.999999999996362,1.2191999999988912,0.51,36,0.4
2022-12-28,HENDERSON,00H,SG,244.70833333333334,244.70909090909092,3.999999999996362,1.2191999999988912,0.51,36,0.4
2022-12-28,HENDERSON,00H,SG,244.70056818181817,244.70151515151514,4.9999999999954525,1.523999999998614,0.51,36,0.7
2022-12-28,HENDERSON,00H,SG,244.70738636363637,244.70833333333334,4.9999999999954525,1.523999999998614,0.51,36,0.5
2022-12-28,HENDERSON,00H,SG,244.67518939393941,244.67613636363637,4.9999999999954525,1.523999999998614,0.51,36,1.7
2022-12-28,HENDERSON,00H,SG,244.70530303030304,244.70643939393941,5.999999999994543,1.8287999999983369,0.51,36,0.5
2022-12-28,HENDERSON,00H,SG,244.70170454545453,244.7028409090909,5.999999999994543,1.8287999999983369,0.51,36,0.7
2022-12-28,HENDERSON,00H,SG,244.65795454545454,244.65909090909091,5.999999999994543,1.8287999999983369,0.51,36,2.3
2022-12-28,HENDERSON,00H,SG,244.67632575757577,244.67746212121213,5.999999999994543,1.8287999999983369,0.51,36,1.7
2022-12-28,HENDERSON,00H,SG,244.67405303030304,244.67518939393941,5.999999999994543,1.8287999999983369,0.51,36,1.8
2022-12-28,HENDERSON,00H,SG,244.67253787878789,244.67386363636365,6.9999999999936335,2.1335999999980597,0.51,36,1.8
2022-12-28,HENDERSON,00H,SG,244.70397727272729,244.70530303030304,6.9999999999936335,2.1335999999980597,0.51,36,0.6
2022-12-28,HENDERSON,00H,SG,244.4435606060606,244.44488636363636,6.9999999999936335,2.1335999999980597,0.51,36,1.9
2022-12-28,HENDERSON,00H,SG,244.68276515151516,244.68409090909091,6.9999999999936335,2.1335999999980597,0.51,36,1.4
2022-12-28,HENDERSON,00H,SG,244.68428030303031,244.68579545454546,7.999999999992724,2.4383999999977823,0.51,36,1.4
2022-12-28,HENDERSON,00H,SG,244.43011363636364,244.43200757575758,9.9999999999909051,3.047999999997228,0.51,36,1.5
2022-12-28,HENDERSON,00H,SG,244.69867424242423,244.70056818181817,9.9999999999909051,3.047999999997228,0.51,36,0.8
2022-12-28,HENDERSON,00H,SG,244.6623106060606,244.66439393939393,10.999999999989996,3.3527999999969507,0.51,36,2.2
2022-12-28,HENDERSON,00H,SG,244.6592803030303,244.66136363636363,10.999999999989996,3.3527999999969507,0.51,36,2.3
2022-12-28,HENDERSON,00H,SG,244.6935606060606,244.69564393939393,10.999999999989996,3.3527999999969507,0.51,36,1
2022-12-28,HENDERSON,00H,SG,244.66761363636363,244.66988636363635,11.999999999989086,3.6575999999966737,0.51,36,2
2022-12-28,HENDERSON,00H,SG,244.44678030303029,244.44905303030302,11.999999999989086,3.6575999999966737,0.51,36,2
2022-12-28,HENDERSON,00H,SG,244.68030303030304,244.68276515151516,12.999999999988177,3.9623999999963964,0.51,36,1.5
2022-12-28,HENDERSON,00H,SG,244.66439393939393,244.66685606060605,12.999999999988177,3.9623999999963964,0.51,36,2.1
2022-12-28,HENDERSON,00H,SG,244.69564393939393,244.69810606060605,12.999999999988177,3.9623999999963964,0.51,36,0.9
2022-12-28,HENDERSON,00H,SG,244.68825757575758,244.69071969696969,12.999999999988177,3.9623999999963964,0.51,36,1.2
2022-12-28,HENDERSON,00H,SG,244.68579545454546,244.68825757575758,12.999999999988177,3.9623999999963964,0.51,36,1.3
2022-12-28,HENDERSON,00H,SG,244.4526515151515,244.45511363636365,13.000000000138243,3.9624000000421367,0.51,36,2.2
2022-12-28,HENDERSON,00H,SG,244.43579545454546,244.43844696969697,13.999999999987267,4.2671999999961194,0.51,36,1.7
2022-12-28,HENDERSON,00H,SG,244.66988636363635,244.67253787878789,14.000000000137334,4.26720000004186,0.51,36,1.9
2022-12-28,HENDERSON,00H,SG,244.44981060606059,244.4526515151515,14.999999999986358,4.5719999999958416,0.51,36,2.1
2022-12-28,HENDERSON,00H,SG,244.69071969696969,244.6935606060606,14.999999999986358,4.5719999999958416,0.51,36,1.1
2022-12-28,HENDERSON,00H,SG,244.67746212121213,244.68030303030304,14.999999999986358,4.5719999999958416,0.51,36,1.6
2022-12-28,HENDERSON,00H,SG,244.45511363636365,244.45833333333334,16.999999999984539,5.1815999999952878,0.51,36,2.3
2022-12-28,HENDERSON,00H,SG,244.43200757575758,244.43541666666667,17.999999999983629,5.48639999999501,0.51,36,1.6
2022-12-28,HENDERSON,00H,SG,244.45833333333334,244.46174242424243,17.999999999983629,5.48639999999501,0.51,36,2.4
2022-12-28,HENDERSON,00H,SG,244.65416666666667,244.65795454545454,19.99999999998181,6.0959999999944561,0.51,36,2.4
2022-12-28,HENDERSON,00H,SG,244.43920454545454,244.44318181818181,20.9999999999809,6.4007999999941791,0.51,36,1.8
2022-12-28,HENDERSON,00H,SG,244.46174242424243,244.46837121212121,34.999999999968168,10.667999999990299,0.51,36,2.5
2022-12-28,HENDERSON,00H,SG,244.64526515151516,244.65378787878788,44.999999999959073,13.715999999987526,0.51,36,2.5
2022-12-28,HENDERSON,00H,SG,244.46837121212121,244.50037878787879,168.99999999999636,51.511199999998894,0.51,36,2.6
2022-12-28,HENDERSON,00H,SG,244.50037878787879,244.57121212121211,373.99999999996,113.9951999999878,0.51,36,2.5
2022-12-28,HENDERSON,00H,SG,244.57121212121211,244.64526515151516,391.00000000009459,119.17680000002883,0.51,36,2.6
2022-12-28,HENDERSON,00H,SG,243.3871212121212,243.38731060606059,0.99999999999909051,0.30479999999972279,0.59,37,-0.6
2022-12-28,HENDERSON,00H,SG,243.38636363636363,243.38655303030302,0.99999999999909051,0.30479999999972279,0.59,37,-0.6
2022-12-28,HENDERSON,00H,SG,243.10757575757575,243.10776515151514,0.99999999999909051,0.30479999999972279,0.59,37,-0.7
2022-12-28,HENDERSON,00H,SG,243.13541666666666,243.13560606060605,0.99999999999909051,0.30479999999972279,0.59,37,0
2022-12-28,HENDERSON,00H,SG,243.39261363636365,243.39280303030304,0.99999999999909051,0.30479999999972279,0.59,37,-0.9
2022-12-28,HENDERSON,00H,SG,243.32140151515151,243.3215909090909,0.99999999999909051,0.30479999999972279,0.59,38,0
2022-12-28,HENDERSON,00H,SG,243.38181818181818,243.38200757575757,0.99999999999909051,0.30479999999972279,0.59,37,-0.3
2022-12-28,HENDERSON,00H,SG,243.39431818181819,243.39450757575759,0.99999999999909051,0.30479999999972279,0.59,37,-1
2022-12-28,HENDERSON,00H,SG,243.39772727272728,243.39791666666667,0.99999999999909051,0.30479999999972279,0.59,37,-1.2
2022-12-28,HENDERSON,00H,SG,243.40397727272727,243.40416666666667,0.99999999999909051,0.30479999999972279,0.59,37,-1.5
2022-12-28,HENDERSON,00H,SG,243.10435606060605,243.10454545454544,0.99999999999909051,0.30479999999972279,0.59,37,-0.9
2022-12-28,HENDERSON,00H,SG,243.10246212121211,243.10265151515151,0.99999999999909051,0.30479999999972279,0.59,37,-1
2022-12-28,HENDERSON,00H,SG,243.40700757575758,243.40719696969697,0.99999999999909051,0.30479999999972279,0.59,37,-1.7
2022-12-28,HENDERSON,00H,SG,243.38390151515151,243.3840909090909,0.99999999999909051,0.30479999999972279,0.59,37,-0.4
2022-12-28,HENDERSON,00H,SG,243.10321969696969,243.10340909090908,0.99999999999909051,0.30479999999972279,0.59,37,-1
2022-12-28,HENDERSON,00H,SG,243.1,243.10018939393939,0.99999999999909051,0.30479999999972279,0.59,37,-1.2
2022-12-28,HENDERSON,00H,SG,243.10018939393939,243.10037878787878,0.99999999999909051,0.30479999999972279,0.59,37,-1.1
2022-12-28,HENDERSON,00H,SG,243.10833333333332,243.10852272727271,0.99999999999909051,0.30479999999972279,0.59,37,-0.7
2022-12-28,HENDERSON,00H,SG,243.28939393939393,243.28958333333333,0.99999999999909051,0.30479999999972279,0.59,38,0
2022-12-28,HENDERSON,00H,SG,243.40719696969697,243.40738636363636,0.99999999999909051,0.30479999999972279,0.59,37,-1.8
2022-12-28,HENDERSON,00H,SG,243.40738636363636,243.40757575757576,0.99999999999909051,0.30479999999972279,0.59,37,-1.7
2022-12-28,HENDERSON,00H,SG,243.28579545454545,243.28598484848484,0.99999999999909051,0.30479999999972279,0.59,38,0
2022-12-28,HENDERSON,00H,SG,243.38617424242423,243.38636363636363,0.99999999999909051,0.30479999999972279,0.59,37,-0.5
2022-12-28,HENDERSON,00H,SG,243.26439393939393,243.26458333333332,0.99999999999909051,0.30479999999972279,0.59,38,0.1
2022-12-28,HENDERSON,00H,SG,243.38333333333333,243.38352272727272,0.99999999999909051,0.30479999999972279,0.59,37,-0.4
2022-12-28,HENDERSON,00H,SG,243.38806818181817,243.38825757575756,0.99999999999909051,0.30479999999972279,0.59,37,-0.6
2022-12-28,HENDERSON,00H,SG,243.40757575757576,243.40776515151515,0.99999999999909051,0.30479999999972279,0.59,37,-1.8
2022-12-28,HENDERSON,00H,SG,243.40984848484848,243.41003787878788,0.99999999999909051,0.30479999999972279,0.59,37,-1.9
2022-12-28,HENDERSON,00H,SG,243.12613636363636,243.12632575757576,0.99999999999909051,0.30479999999972279,0.59,37,-0.1
2022-12-28,HENDERSON,00H,SG,243.11344696969698,243.11363636363637,0.99999999999909051,0.30479999999972279,0.59,37,-0.5
2022-12-28,HENDERSON,00H,SG,243.37859848484848,243.37878787878788,0.99999999999909051,0.30479999999972279,0.59,37,-0.2
2022-12-28,HENDERSON,00H,SG,243.3780303030303,243.37821969696969,0.99999999999909051,0.30479999999972279,0.59,37,-0.2
2022-12-28,HENDERSON,00H,SG,243.31420454545454,243.31439393939394,0.99999999999909051,0.30479999999972279,0.59,38,0
2022-12-28,HENDERSON,00H,SG,243.39242424242425,243.39261363636365,0.99999999999909051,0.30479999999972279,0.59,37,-1
2022-12-28,HENDERSON,00H,SG,243.40151515151516,243.40170454545455,0.99999999999909051,0.30479999999972279,0.59,37,-1.4
2022-12-28,HENDERSON,00H,SG,243.32291666666666,243.32329545454544,1.999999999998181,0.60959999999944559,0.59,38,0
2022-12-28,HENDERSON,00H,SG,243.37821969696969,243.37859848484848,1.999999999998181,0.60959999999944559,0.59,37,-0.3
2022-12-28,HENDERSON,00H,SG,243.10719696969696,243.10757575757575,1.999999999998181,0.60959999999944559,0.59,37,-0.8
2022-12-28,HENDERSON,00H,SG,243.26931818181819,243.26969696969698,1.999999999998181,0.60959999999944559,0.59,37,0
2022-12-28,HENDERSON,00H,SG,243.2660984848485,243.26647727272729,1.999999999998181,0.60959999999944559,0.59,38,0.1
2022-12-28,HENDERSON,00H,SG,243.31590909090909,243.31628787878788,1.999999999998181,0.60959999999944559,0.59,38,0
2022-12-28,HENDERSON,00H,SG,243.39393939393941,243.39431818181819,1.999999999998181,0.60959999999944559,0.59,37,-1.1
2022-12-28,HENDERSON,00H,SG,243.40416666666667,243.40454545454546,1.999999999998181,0.60959999999944559,0.59,37,-1.6
2022-12-28,HENDERSON,00H,SG,243.33011363636365,243.33049242424244,1.999999999998181,0.60959999999944559,0.59,38,0
2022-12-28,HENDERSON,00H,SG,243.40113636363637,243.40151515151516,1.999999999998181,0.60959999999944559,0.59,37,-1.5
2022-12-28,HENDERSON,00H,SG,243.39734848484849,243.39772727272728,1.999999999998181,0.60959999999944559,0.59,37,-1.3
2022-12-28,HENDERSON,00H,SG,243.3840909090909,243.38446969696969,1.999999999998181,0.60959999999944559,0.59,37,-0.5
2022-12-28,HENDERSON,00H,SG,243.275,243.27537878787879,1.999999999998181,0.60959999999944559,0.59,38,0
2022-12-28,HENDERSON,00H,SG,243.30700757575758,243.30738636363637,1.999999999998181,0.60959999999944559,0.59,38,0
2022-12-28,HENDERSON,00H,SG,243.38352272727272,243.38390151515151,1.999999999998181,0.60959999999944559,0.59,37,-0.5
2022-12-28,HENDERSON,00H,SG,243.32481060606059,243.32518939393938,1.999999999998181,0.60959999999944559,0.59,38,0
2022-12-28,HENDERSON,00H,SG,243.28219696969697,243.28257575757576,1.999999999998181,0.60959999999944559,0.59,38,0
2022-12-28,HENDERSON,00H,SG,243.11363636363637,243.11401515151516,1.999999999998181,0.60959999999944559,0.59,37,-0.6
2022-12-28,HENDERSON,00H,SG,243.30359848484849,243.30397727272728,1.999999999998181,0.60959999999944559,0.59,38,0
2022-12-28,HENDERSON,00H,SG,243.30871212121212,243.30909090909091,1.999999999998181,0.60959999999944559,0.59,38,0
2022-12-28,HENDERSON,00H,SG,243.28390151515151,243.2842803030303,1.999999999998181,0.60959999999944559,0.59,38,0
2022-12-28,HENDERSON,00H,SG,243.10340909090908,243.10378787878787,1.999999999998181,0.60959999999944559,0.59,37,-0.9
2022-12-28,HENDERSON,00H,SG,243.38200757575757,243.38257575757575,2.9999999999972715,0.91439999999916843,0.59,37,-0.4
2022-12-28,HENDERSON,00H,SG,243.26969696969698,243.27026515151516,2.9999999999972715,0.91439999999916843,0.59,38,0
2022-12-28,HENDERSON,00H,SG,243.10776515151514,243.10833333333332,2.9999999999972715,0.91439999999916843,0.59,37,-0.8
2022-12-28,HENDERSON,00H,SG,243.2875,243.28806818181818,2.9999999999972715,0.91439999999916843,0.59,38,0
2022-12-28,HENDERSON,00H,SG,243.10454545454544,243.10511363636363,2.9999999999972715,0.91439999999916843,0.59,37,-1
2022-12-28,HENDERSON,00H,SG,243.28030303030303,243.28087121212121,2.9999999999972715,0.91439999999916843,0.59,38,0
2022-12-28,HENDERSON,00H,SG,243.29810606060607,243.29867424242425,2.9999999999972715,0.91439999999916843,0.59,38,0
2022-12-28,HENDERSON,00H,SG,243.30170454545456,243.30227272727274,2.9999999999972715,0.91439999999916843,0.59,38,0
2022-12-28,HENDERSON,00H,SG,243.10378787878787,243.10435606060605,2.9999999999972715,0.91439999999916843,0.59,37,-1
2022-12-28,HENDERSON,00H,SG,243.10265151515151,243.10321969696969,2.9999999999972715,0.91439999999916843,0.59,37,-1.1
2022-12-28,HENDERSON,00H,SG,243.4092803030303,243.40984848484848,2.9999999999972715,0.91439999999916843,0.59,37,-2
2022-12-28,HENDERSON,00H,SG,243.27140151515152,243.27196969696971,2.9999999999972715,0.91439999999916843,0.59,38,0
2022-12-28,HENDERSON,00H,SG,243.38655303030302,243.3871212121212,2.9999999999972715,0.91439999999916843,0.59,37,-0.7
2022-12-28,HENDERSON,00H,SG,243.10037878787878,243.10094696969696,2.9999999999972715,0.91439999999916843,0.59,37,-1.2
2022-12-28,HENDERSON,00H,SG,243.31231060606061,243.31287878787879,2.9999999999972715,0.91439999999916843,0.59,38,0
2022-12-28,HENDERSON,00H,SG,243.38825757575756,243.38882575757575,2.9999999999972715,0.91439999999916843,0.59,37,-0.7
2022-12-28,HENDERSON,00H,SG,243.29280303030302,243.2933712121212,2.9999999999972715,0.91439999999916843,0.59,38,0
2022-12-28,HENDERSON,00H,SG,243.38257575757575,243.38333333333333,3.999999999996362,1.2191999999988912,0.59,37,-0.5
2022-12-28,HENDERSON,00H,SG,243.38731060606059,243.38806818181817,3.999999999996362,1.2191999999988912,0.59,37,-0.7
2022-12-28,HENDERSON,00H,SG,243.29981060606062,243.30056818181819,3.999999999996362,1.2191999999988912,0.59,38,0
2022-12-28,HENDERSON,00H,SG,243.26856060606062,243.26931818181819,3.999999999996362,1.2191999999988912,0.59,37,0.1
2022-12-28,HENDERSON,00H,SG,243.12632575757576,243.12708333333333,3.999999999996362,1.2191999999988912,0.59,37,-0.2
2022-12-28,HENDERSON,00H,SG,243.40170454545455,243.40246212121212,3.999999999996362,1.2191999999988912,0.59,37,-1.5
2022-12-28,HENDERSON,00H,SG,243.29621212121211,243.29696969696968,3.999999999996362,1.2191999999988912,0.59,38,0
2022-12-28,HENDERSON,00H,SG,243.26780303030304,243.26856060606062,3.999999999996362,1.2191999999988912,0.59,38,0.1
2022-12-28,HENDERSON,00H,SG,243.29450757575756,243.29526515151514,3.999999999996362,1.2191999999988912,0.59,38,0
2022-12-28,HENDERSON,00H,SG,243.29526515151514,243.29621212121211,4.9999999999954525,1.523999999998614,0.59,37,0
2022-12-28,HENDERSON,00H,SG,243.37708333333333,243.3780303030303,4.9999999999954525,1.523999999998614,0.59,37,-0.3
2022-12-28,HENDERSON,00H,SG,243.13560606060605,243.13655303030302,4.9999999999954525,1.523999999998614,0.59,37,-0.1
2022-12-28,HENDERSON,00H,SG,243.39791666666667,243.39905303030304,5.999999999994543,1.8287999999983369,0.59,37,-1.3
2022-12-28,HENDERSON,00H,SG,243.39621212121213,243.39734848484849,5.999999999994543,1.8287999999983369,0.59,37,-1.2
2022-12-28,HENDERSON,00H,SG,243.29867424242425,243.29981060606062,5.999999999994543,1.8287999999983369,0.59,37,0
2022-12-28,HENDERSON,00H,SG,243.29696969696971,243.29810606060607,5.999999999994543,1.8287999999983369,0.59,37,0
2022-12-28,HENDERSON,00H,SG,243.30056818181819,243.30170454545456,5.999999999994543,1.8287999999983369,0.59,37,0
2022-12-28,HENDERSON,00H,SG,243.2933712121212,243.29450757575756,5.999999999994543,1.8287999999983369,0.59,37,0
2022-12-28,HENDERSON,00H,SG,243.39280303030304,243.39393939393941,5.999999999994543,1.8287999999983369,0.59,37,-1
2022-12-28,HENDERSON,00H,SG,243.40454545454546,243.40568181818182,5.999999999994543,1.8287999999983369,0.59,37,-1.7
2022-12-28,HENDERSON,00H,SG,243.27026515151516,243.27140151515152,5.999999999994543,1.8287999999983369,0.59,37,0
2022-12-28,HENDERSON,00H,SG,243.10852272727271,243.1096590909091,6.00000000014461,1.8288000000440772,0.59,37,-0.8
2022-12-28,HENDERSON,00H,SG,243.28806818181818,243.28939393939393,6.9999999999936335,2.1335999999980597,0.59,37,0
2022-12-28,HENDERSON,00H,SG,243.30738636363637,243.30871212121212,6.9999999999936335,2.1335999999980597,0.59,37,0
2022-12-28,HENDERSON,00H,SG,243.40568181818182,243.40700757575758,6.9999999999936335,2.1335999999980597,0.59,37,-1.8
2022-12-28,HENDERSON,00H,SG,243.28257575757576,243.28390151515151,6.9999999999936335,2.1335999999980597,0.59,37,0
2022-12-28,HENDERSON,00H,SG,243.30227272727274,243.30359848484849,6.9999999999936335,2.1335999999980597,0.59,37,0
2022-12-28,HENDERSON,00H,SG,243.3215909090909,243.32291666666666,6.9999999999936335,2.1335999999980597,0.59,37,0
2022-12-28,HENDERSON,00H,SG,243.26647727272729,243.26780303030304,6.9999999999936335,2.1335999999980597,0.59,37,0.1
2022-12-28,HENDERSON,00H,SG,243.28087121212121,243.28219696969697,6.9999999999936335,2.1335999999980597,0.59,37,0
2022-12-28,HENDERSON,00H,SG,243.31287878787879,243.31420454545454,6.9999999999936335,2.1335999999980597,0.59,37,0
2022-12-28,HENDERSON,00H,SG,243.28598484848484,243.2875,7.999999999992724,2.4383999999977823,0.59,37,0
2022-12-28,HENDERSON,00H,SG,243.40246212121212,243.40397727272727,7.999999999992724,2.4383999999977823,0.59,37,-1.6
2022-12-28,HENDERSON,00H,SG,243.40776515151515,243.4092803030303,7.999999999992724,2.4383999999977823,0.59,37,-1.9
2022-12-28,HENDERSON,00H,SG,243.31439393939394,243.31590909090909,7.999999999992724,2.4383999999977823,0.59,37,0
2022-12-28,HENDERSON,00H,SG,243.38030303030303,243.38181818181818,7.999999999992724,2.4383999999977823,0.59,37,-0.4
2022-12-28,HENDERSON,00H,SG,243.10094696969696,243.10246212121211,7.999999999992724,2.4383999999977823,0.59,37,-1.1
2022-12-28,HENDERSON,00H,SG,243.32329545454544,243.32481060606059,7.999999999992724,2.4383999999977823,0.59,37,0
2022-12-28,HENDERSON,00H,SG,243.2842803030303,243.28579545454545,7.999999999992724,2.4383999999977823,0.59,37,0
2022-12-28,HENDERSON,00H,SG,243.37878787878788,243.38030303030303,7.999999999992724,2.4383999999977823,0.59,37,-0.3
2022-12-28,HENDERSON,00H,SG,243.26458333333332,243.2660984848485,8.00000000014279,2.4384000000435226,0.59,37,0.1
2022-12-28,HENDERSON,00H,SG,243.38446969696969,243.38617424242423,8.9999999999918145,2.743199999997505,0.59,37,-0.6
2022-12-28,HENDERSON,00H,SG,243.39450757575759,243.39621212121213,8.9999999999918145,2.743199999997505,0.59,37,-1.1
2022-12-28,HENDERSON,00H,SG,243.11174242424244,243.11344696969698,8.9999999999918145,2.743199999997505,0.59,37,-0.6
2022-12-28,HENDERSON,00H,SG,243.39071969696971,243.39242424242425,8.9999999999918145,2.743199999997505,0.59,37,-0.9
2022-12-28,HENDERSON,00H,SG,243.38882575757575,243.39071969696968,9.9999999999909051,3.047999999997228,0.59,37,-0.8
2022-12-28,HENDERSON,00H,SG,243.39905303030304,243.40113636363637,10.999999999989996,3.3527999999969507,0.59,37,-1.4
2022-12-28,HENDERSON,00H,SG,243.10511363636363,243.10719696969696,10.999999999989996,3.3527999999969507,0.59,37,-0.9
2022-12-28,HENDERSON,00H,SG,243.1096590909091,243.11174242424244,10.999999999989996,3.3527999999969507,0.59,37,-0.7
2022-12-28,HENDERSON,00H,SG,243.11401515151516,243.11647727272728,12.999999999988177,3.9623999999963964,0.59,37,-0.5
2022-12-28,HENDERSON,00H,SG,243.11647727272728,243.11931818181819,14.999999999986358,4.5719999999958416,0.59,37,-0.4
2022-12-28,HENDERSON,00H,SG,243.30397727272728,243.30700757575758,15.999999999985448,4.8767999999955647,0.59,37,0
2022-12-28,HENDERSON,00H,SG,243.12310606060606,243.12613636363636,15.999999999985448,4.8767999999955647,0.59,37,-0.2
2022-12-28,HENDERSON,00H,SG,243.27196969696971,243.275,15.999999999985448,4.8767999999955647,0.59,37,0
2022-12-28,HENDERSON,00H,SG,243.37386363636364,243.37708333333333,16.999999999984539,5.1815999999952878,0.59,37,-0.2
2022-12-28,HENDERSON,00H,SG,243.28958333333333,243.29280303030302,16.999999999984539,5.1815999999952878,0.59,37,0
2022-12-28,HENDERSON,00H,SG,243.30909090909091,243.31231060606061,16.999999999984539,5.1815999999952878,0.59,37,0
2022-12-28,HENDERSON,00H,SG,243.11931818181819,243.12310606060606,19.99999999998181,6.0959999999944561,0.59,37,-0.3
2022-12-28,HENDERSON,00H,SG,243.27537878787879,243.28030303030303,25.999999999976353,7.9247999999927927,0.59,37,0
2022-12-28,HENDERSON,00H,SG,243.32518939393938,243.33011363636365,26.00000000012642,7.924800000038533,0.59,37,0
2022-12-28,HENDERSON,00H,SG,243.31628787878788,243.32140151515151,26.999999999975444,8.2295999999925158,0.59,37,0
2022-12-28,HENDERSON,00H,SG,243.36742424242425,243.37386363636364,33.999999999969077,10.363199999990576,0.59,37,-0.1
2022-12-28,HENDERSON,00H,SG,243.12708333333333,243.13541666666666,43.999999999959982,13.411199999987803,0.59,37,-0.1
2022-12-28,HENDERSON,00H,SG,243.25473484848484,243.26439393939393,50.999999999953616,15.544799999985862,0.59,37,0.1
2022-12-28,HENDERSON,00H,SG,243.33049242424244,243.36742424242425,194.99999999997272,59.435999999991687,0.59,37,0
2022-12-28,HENDERSON,00H,SG,243.13655303030302,243.25473484848484,624.00000000003274,190.19520000000998,0.59,37,0
2022-12-28,HENDERSON,00H,SG,242.88125,242.88143939393939,0.99999999999909051,0.30479999999972279,0.6,36,-0.7
2022-12-28,HENDERSON,00H,SG,245.19507575757575,245.19526515151514,0.99999999999909051,0.30479999999972279,0.6,38,0.2
2022-12-28,HENDERSON,00H,SG,245.20700757575759,245.20719696969698,0.99999999999909051,0.30479999999972279,0.6,37,1.1
2022-12-28,HENDERSON,00H,SG,242.8528409090909,242.85303030303029,0.99999999999909051,0.30479999999972279,0.6,37,0
2022-12-28,HENDERSON,00H,SG,242.71590909090909,242.71609848484849,0.99999999999909051,0.30479999999972279,0.6,37,0.6
2022-12-28,HENDERSON,00H,SG,242.88787878787878,242.88806818181817,0.99999999999909051,0.30479999999972279,0.6,36,-1
2022-12-28,HENDERSON,00H,SG,245.19583333333333,245.19602272727272,0.99999999999909051,0.30479999999972279,0.6,37,0.4
2022-12-28,HENDERSON,00H,SG,242.84204545454546,242.84223484848485,0.99999999999909051,0.30479999999972279,0.6,37,0.1
2022-12-28,HENDERSON,00H,SG,242.89696969696971,242.8971590909091,0.99999999999909051,0.30479999999972279,0.6,36,-1.5
2022-12-28,HENDERSON,00H,SG,242.02348484848486,242.02367424242425,0.99999999999909051,0.30479999999972279,0.6,38,-1.5
2022-12-28,HENDERSON,00H,SG,242.05113636363637,242.05132575757577,0.99999999999909051,0.30479999999972279,0.6,38,-0.4
2022-12-28,HENDERSON,00H,SG,242.70435606060607,242.70454545454547,0.99999999999909051,0.30479999999972279,0.6,36,1.1
2022-12-28,HENDERSON,00H,SG,242.89545454545456,242.89564393939395,0.99999999999909051,0.30479999999972279,0.6,37,-1.4
2022-12-28,HENDERSON,00H,SG,245.1996212121212,245.19981060606059,0.99999999999909051,0.30479999999972279,0.6,37,0.6
2022-12-28,HENDERSON,00H,SG,242.70909090909092,242.70928030303031,0.99999999999909051,0.30479999999972279,0.6,37,0.9
2022-12-28,HENDERSON,00H,SG,245.21875,245.21893939393939,0.99999999999909051,0.30479999999972279,0.6,38,1.9
2022-12-28,HENDERSON,00H,SG,242.54261363636363,242.54280303030302,0.99999999999909051,0.30479999999972279,0.6,37,1.7
2022-12-28,HENDERSON,00H,SG,242.70454545454547,242.70473484848486,0.99999999999909051,0.30479999999972279,0.6,37,1.1
2022-12-28,HENDERSON,00H,SG,242.84564393939394,242.84583333333333,0.99999999999909051,0.30479999999972279,0.6,37,0
2022-12-28,HENDERSON,00H,SG,242.89753787878789,242.89772727272728,0.99999999999909051,0.30479999999972279,0.6,36,-1.4
2022-12-28,HENDERSON,00H,SG,242.03484848484848,242.03503787878788,0.99999999999909051,0.30479999999972279,0.6,38,-0.9
2022-12-28,HENDERSON,00H,SG,242.71742424242424,242.71761363636364,0.99999999999909051,0.30479999999972279,0.6,37,0.4
2022-12-28,HENDERSON,00H,SG,242.79356060606059,242.79375,0.99999999999909051,0.30479999999972279,0.6,36,0.1
2022-12-28,HENDERSON,00H,SG,244.71609848484849,244.71628787878788,0.99999999999909051,0.30479999999972279,0.6,36,0.3
2022-12-28,HENDERSON,00H,SG,242.03352272727273,242.03371212121212,0.99999999999909051,0.30479999999972279,0.6,38,-1
2022-12-28,HENDERSON,00H,SG,242.53825757575757,242.53844696969696,0.99999999999909051,0.30479999999972279,0.6,37,1.5
2022-12-28,HENDERSON,00H,SG,245.21969696969697,245.21988636363636,0.99999999999909051,0.30479999999972279,0.6,37,2
2022-12-28,HENDERSON,00H,SG,242.50946969696969,242.50965909090908,0.99999999999909051,0.30479999999972279,0.6,37,0.2
2022-12-28,HENDERSON,00H,SG,242.81003787878788,242.81022727272727,0.99999999999909051,0.30479999999972279,0.6,37,0
2022-12-28,HENDERSON,00H,SG,244.76344696969696,244.76363636363635,0.99999999999909051,0.30479999999972279,0.6,37,0
2022-12-28,HENDERSON,00H,SG,242.05681818181819,242.05700757575758,0.99999999999909051,0.30479999999972279,0.6,38,-0.1
2022-12-28,HENDERSON,00H,SG,242.51344696969696,242.51363636363635,0.99999999999909051,0.30479999999972279,0.6,37,0.3
2022-12-28,HENDERSON,00H,SG,242.86875,242.8689393939394,0.99999999999909051,0.30479999999972279,0.6,36,-0.2
2022-12-28,HENDERSON,00H,SG,245.2157196969697,245.21590909090909,0.99999999999909051,0.30479999999972279,0.6,37,1.6
2022-12-28,HENDERSON,00H,SG,242.71856060606061,242.71875,0.99999999999909051,0.30479999999972279,0.6,36,0.4
2022-12-28,HENDERSON,00H,SG,242.88143939393939,242.88162878787878,0.99999999999909051,0.30479999999972279,0.6,37,-0.7
2022-12-28,HENDERSON,00H,SG,242.88977272727271,242.88996212121211,0.99999999999909051,0.30479999999972279,0.6,36,-1
2022-12-28,HENDERSON,00H,SG,245.21988636363636,245.22007575757576,0.99999999999909051,0.30479999999972279,0.6,37,1.9
2022-12-28,HENDERSON,00H,SG,242.52954545454546,242.52973484848485,0.99999999999909051,0.30479999999972279,0.6,37,1.1
2022-12-28,HENDERSON,00H,SG,242.04185606060605,242.04204545454544,0.99999999999909051,0.30479999999972279,0.6,38,-0.8
2022-12-28,HENDERSON,00H,SG,245.20568181818183,245.20587121212122,0.99999999999909051,0.30479999999972279,0.6,38,0.8
2022-12-28,HENDERSON,00H,SG,242.53598484848484,242.53617424242424,0.99999999999909051,0.30479999999972279,0.6,37,1.4
2022-12-28,HENDERSON,00H,SG,242.90340909090909,242.90359848484849,0.99999999999909051,0.30479999999972279,0.6,36,-1.7
2022-12-28,HENDERSON,00H,SG,245.06912878787878,245.06931818181818,0.99999999999909051,0.30479999999972279,0.6,38,0
2022-12-28,HENDERSON,00H,SG,242.02537878787879,242.02556818181819,0.99999999999909051,0.30479999999972279,0.6,38,-1.4
2022-12-28,HENDERSON,00H,SG,242.52935606060606,242.52954545454546,0.99999999999909051,0.30479999999972279,0.6,37,1
2022-12-28,HENDERSON,00H,SG,242.87935606060606,242.87954545454545,0.99999999999909051,0.30479999999972279,0.6,36,-0.6
2022-12-28,HENDERSON,00H,SG,242.88465909090908,242.88484848484848,0.99999999999909051,0.30479999999972279,0.6,37,-0.7
2022-12-28,HENDERSON,00H,SG,242.0473484848485,242.04753787878789,0.99999999999909051,0.30479999999972279,0.6,38,-0.4
2022-12-28,HENDERSON,00H,SG,242.45549242424244,242.45568181818183,0.99999999999909051,0.30479999999972279,0.6,37,0.1
2022-12-28,HENDERSON,00H,SG,242.89185606060607,242.89204545454547,0.99999999999909051,0.30479999999972279,0.6,37,-1.2
2022-12-28,HENDERSON,00H,SG,242.89204545454547,242.89223484848486,0.99999999999909051,0.30479999999972279,0.6,36,-1.1
2022-12-28,HENDERSON,00H,SG,245.20056818181817,245.20075757575756,0.99999999999909051,0.30479999999972279,0.6,38,0.6
2022-12-28,HENDERSON,00H,SG,242.54621212121211,242.5464015151515,0.99999999999909051,0.30479999999972279,0.6,37,1.9
2022-12-28,HENDERSON,00H,SG,242.71174242424243,242.71193181818182,0.99999999999909051,0.30479999999972279,0.6,37,0.8
2022-12-28,HENDERSON,00H,SG,242.71875,242.71893939393939,0.99999999999909051,0.30479999999972279,0.6,36,0.3
2022-12-28,HENDERSON,00H,SG,242.90606060606061,242.90625,0.99999999999909051,0.30479999999972279,0.6,37,-1.9
2022-12-28,HENDERSON,00H,SG,242.87613636363636,242.87632575757576,0.99999999999909051,0.30479999999972279,0.6,36,-0.3
2022-12-28,HENDERSON,00H,SG,242.04223484848484,242.04242424242423,0.99999999999909051,0.30479999999972279,0.6,38,-0.6
2022-12-28,HENDERSON,00H,SG,242.88200757575757,242.88219696969696,0.99999999999909051,0.30479999999972279,0.6,36,-0.6
2022-12-28,HENDERSON,00H,SG,242.88693181818181,242.8871212121212,0.99999999999909051,0.30479999999972279,0.6,36,-0.9
2022-12-28,HENDERSON,00H,SG,245.19071969696969,245.19090909090909,0.99999999999909051,0.30479999999972279,0.6,37,0.1
2022-12-28,HENDERSON,00H,SG,242.02007575757577,242.02026515151516,0.99999999999909051,0.30479999999972279,0.6,38,-1.6
2022-12-28,HENDERSON,00H,SG,242.05094696969698,242.05113636363637,0.99999999999909051,0.30479999999972279,0.6,38,-0.3
2022-12-28,HENDERSON,00H,SG,242.90075757575758,242.90094696969697,0.99999999999909051,0.30479999999972279,0.6,37,-1.6
2022-12-28,HENDERSON,00H,SG,242.03295454545454,242.03314393939394,0.99999999999909051,0.30479999999972279,0.6,38,-1
2022-12-28,HENDERSON,00H,SG,242.8689393939394,242.86912878787879,0.99999999999909051,0.30479999999972279,0.6,37,-0.2
2022-12-28,HENDERSON,00H,SG,242.87405303030303,242.87424242424242,0.99999999999909051,0.30479999999972279,0.6,37,-0.3
2022-12-28,HENDERSON,00H,SG,245.20454545454547,245.20473484848486,0.99999999999909051,0.30479999999972279,0.6,38,0.8
2022-12-28,HENDERSON,00H,SG,242.53200757575758,242.53219696969697,0.99999999999909051,0.30479999999972279,0.6,37,1.2
2022-12-28,HENDERSON,00H,SG,242.86174242424244,242.86193181818183,0.99999999999909051,0.30479999999972279,0.6,37,0
2022-12-28,HENDERSON,00H,SG,242.88768939393938,242.88787878787878,0.99999999999909051,0.30479999999972279,0.6,36,-0.9
2022-12-28,HENDERSON,00H,SG,242.02632575757576,242.02651515151516,0.99999999999909051,0.30479999999972279,0.6,38,-1.3
2022-12-28,HENDERSON,00H,SG,244.80549242424243,244.80568181818182,0.99999999999909051,0.30479999999972279,0.6,36,-0.1
2022-12-28,HENDERSON,00H,SG,245.21458333333334,245.21477272727273,0.99999999999909051,0.30479999999972279,0.6,37,1.6
2022-12-28,HENDERSON,00H,SG,245.21553030303031,245.2157196969697,0.99999999999909051,0.30479999999972279,0.6,37,1.7
2022-12-28,HENDERSON,00H,SG,242.73106060606059,242.73125,0.99999999999909051,0.30479999999972279,0.6,36,0
2022-12-28,HENDERSON,00H,SG,242.84545454545454,242.84564393939394,0.99999999999909051,0.30479999999972279,0.6,36,0
2022-12-28,HENDERSON,00H,SG,242.87215909090909,242.87234848484849,0.99999999999909051,0.30479999999972279,0.6,36,-0.2
2022-12-28,HENDERSON,00H,SG,242.03465909090909,242.03484848484848,0.99999999999909051,0.30479999999972279,0.6,38,-1
2022-12-28,HENDERSON,00H,SG,242.84034090909091,242.84053030303031,0.99999999999909051,0.30479999999972279,0.6,37,0.1
2022-12-28,HENDERSON,00H,SG,244.76704545454547,244.76723484848486,0.99999999999909051,0.30479999999972279,0.6,37,0
2022-12-28,HENDERSON,00H,SG,245.11003787878789,245.11022727272729,0.99999999999909051,0.30479999999972279,0.6,38,0
2022-12-28,HENDERSON,00H,SG,242.45189393939393,242.45208333333332,0.99999999999909051,0.30479999999972279,0.6,37,0
2022-12-28,HENDERSON,00H,SG,242.84583333333333,242.84602272727273,0.99999999999909051,0.30479999999972279,0.6,36,0.1
2022-12-28,HENDERSON,00H,SG,242.8719696969697,242.87215909090909,0.99999999999909051,0.30479999999972279,0.6,36,-0.3
2022-12-28,HENDERSON,00H,SG,242.88503787878787,242.88522727272726,0.99999999999909051,0.30479999999972279,0.6,36,-0.8
2022-12-28,HENDERSON,00H,SG,242.33049242424244,242.33068181818183,0.99999999999909051,0.30479999999972279,0.6,38,-0.1
2022-12-28,HENDERSON,00H,SG,242.7308712121212,242.73106060606059,0.99999999999909051,0.30479999999972279,0.6,36,0.1
2022-12-28,HENDERSON,00H,SG,242.88541666666666,242.88560606060605,0.99999999999909051,0.30479999999972279,0.6,36,-0.8
2022-12-28,HENDERSON,00H,SG,245.19678030303029,245.19696969696969,0.99999999999909051,0.30479999999972279,0.6,37,0.4
2022-12-28,HENDERSON,00H,SG,242.71761363636364,242.71780303030303,0.99999999999909051,0.30479999999972279,0.6,37,0.5
2022-12-28,HENDERSON,00H,SG,244.80189393939395,244.80208333333334,0.99999999999909051,0.30479999999972279,0.6,36,-0.1
2022-12-28,HENDERSON,00H,SG,245.1905303030303,245.19071969696969,0.99999999999909051,0.30479999999972279,0.6,37,0.2
2022-12-28,HENDERSON,00H,SG,242.88030303030303,242.88049242424242,0.99999999999909051,0.30479999999972279,0.6,36,-0.5
2022-12-28,HENDERSON,00H,SG,245.21344696969697,245.21363636363637,0.99999999999909051,0.30479999999972279,0.6,38,1.5
2022-12-28,HENDERSON,00H,SG,242.02102272727274,242.02121212121213,0.99999999999909051,0.30479999999972279,0.6,38,-1.6
2022-12-28,HENDERSON,00H,SG,242.33068181818183,242.33087121212122,0.99999999999909051,0.30479999999972279,0.6,38,0
2022-12-28,HENDERSON,00H,SG,242.84393939393939,242.84412878787879,0.99999999999909051,0.30479999999972279,0.6,37,0.1
2022-12-28,HENDERSON,00H,SG,242.88484848484848,242.88503787878787,0.99999999999909051,0.30479999999972279,0.6,37,-0.8
2022-12-28,HENDERSON,00H,SG,242.89924242424243,242.89943181818182,0.99999999999909051,0.30479999999972279,0.6,36,-1.5
2022-12-28,HENDERSON,00H,SG,242.30113636363637,242.30132575757577,0.99999999999909051,0.30479999999972279,0.6,38,0.1
2022-12-28,HENDERSON,00H,SG,242.71041666666667,242.71060606060607,0.99999999999909051,0.30479999999972279,0.6,37,0.8
2022-12-28,HENDERSON,00H,SG,242.86325757575759,242.86344696969698,0.99999999999909051,0.30479999999972279,0.6,36,0
2022-12-28,HENDERSON,00H,SG,244.71893939393939,244.71912878787879,0.99999999999909051,0.30479999999972279,0.6,36,0.2
2022-12-28,HENDERSON,00H,SG,245.19393939393939,245.19412878787878,0.99999999999909051,0.30479999999972279,0.6,38,0.3
2022-12-28,HENDERSON,00H,SG,242.88522727272726,242.88541666666666,0.99999999999909051,0.30479999999972279,0.6,36,-0.9
2022-12-28,HENDERSON,00H,SG,244.79299242424241,244.79318181818181,0.99999999999909051,0.30479999999972279,0.6,36,-0.1
2022-12-28,HENDERSON,00H,SG,245.2028409090909,245.20303030303029,0.99999999999909051,0.30479999999972279,0.6,37,0.6
2022-12-28,HENDERSON,00H,SG,242.87234848484849,242.87253787878788,0.99999999999909051,0.30479999999972279,0.6,37,-0.3
2022-12-28,HENDERSON,00H,SG,242.90094696969697,242.90113636363637,0.99999999999909051,0.30479999999972279,0.6,36,-1.6
2022-12-28,HENDERSON,00H,SG,245.21079545454546,245.21098484848486,0.99999999999909051,0.30479999999972279,0.6,37,1.3
2022-12-28,HENDERSON,00H,SG,242.04204545454544,242.04223484848484,0.99999999999909051,0.30479999999972279,0.6,38,-0.7
2022-12-28,HENDERSON,00H,SG,242.81893939393939,242.81912878787878,0.99999999999909051,0.30479999999972279,0.6,37,0
2022-12-28,HENDERSON,00H,SG,242.87954545454545,242.87973484848484,0.99999999999909051,0.30479999999972279,0.6,37,-0.6
2022-12-28,HENDERSON,00H,SG,244.80018939393941,244.8003787878788,0.99999999999909051,0.30479999999972279,0.6,36,-0.1
2022-12-28,HENDERSON,00H,SG,245.09772727272727,245.09791666666666,0.99999999999909051,0.30479999999972279,0.6,38,0
2022-12-28,HENDERSON,00H,SG,242.90738636363636,242.90757575757576,0.99999999999909051,0.30479999999972279,0.6,36,-2
2022-12-28,HENDERSON,00H,SG,242.88863636363635,242.88882575757575,0.99999999999909051,0.30479999999972279,0.6,36,-1
2022-12-28,HENDERSON,00H,SG,245.21534090909091,245.21553030303031,0.99999999999909051,0.30479999999972279,0.6,37,1.6
2022-12-28,HENDERSON,00H,SG,242.0534090909091,242.05359848484849,0.99999999999909051,0.30479999999972279,0.6,38,-0.2
2022-12-28,HENDERSON,00H,SG,242.33598484848486,242.33617424242425,0.99999999999909051,0.30479999999972279,0.6,38,0
2022-12-28,HENDERSON,00H,SG,245.09602272727273,245.09621212121212,0.99999999999909051,0.30479999999972279,0.6,38,0
2022-12-28,HENDERSON,00H,SG,245.21174242424243,245.21193181818182,0.99999999999909051,0.30479999999972279,0.6,37,1.3
2022-12-28,HENDERSON,00H,SG,242.47386363636363,242.47405303030303,0.99999999999909051,0.30479999999972279,0.6,38,0.1
2022-12-28,HENDERSON,00H,SG,242.72367424242424,242.72405303030303,1.999999999998181,0.60959999999944559,0.6,36,0.2
2022-12-28,HENDERSON,00H,SG,242.89886363636364,242.89924242424243,1.999999999998181,0.60959999999944559,0.6,36,-1.6
2022-12-28,HENDERSON,00H,SG,242.02367424242425,242.02405303030304,1.999999999998181,0.60959999999944559,0.6,38,-1.6
2022-12-28,HENDERSON,00H,SG,242.45719696969698,242.45757575757577,1.999999999998181,0.60959999999944559,0.6,37,0.1
2022-12-28,HENDERSON,00H,SG,242.79753787878789,242.79791666666668,1.999999999998181,0.60959999999944559,0.6,37,0.1
2022-12-28,HENDERSON,00H,SG,245.19772727272726,245.19810606060605,1.999999999998181,0.60959999999944559,0.6,37,0.3
2022-12-28,HENDERSON,00H,SG,242.72196969696969,242.72234848484848,1.999999999998181,0.60959999999944559,0.6,36,0.2
2022-12-28,HENDERSON,00H,SG,242.85094696969696,242.85132575757575,1.999999999998181,0.60959999999944559,0.6,37,0
2022-12-28,HENDERSON,00H,SG,242.5464015151515,242.54678030303029,1.999999999998181,0.60959999999944559,0.6,37,1.8
2022-12-28,HENDERSON,00H,SG,242.72518939393939,242.72556818181818,1.999999999998181,0.60959999999944559,0.6,37,0.1
2022-12-28,HENDERSON,00H,SG,242.81704545454545,242.81742424242424,1.999999999998181,0.60959999999944559,0.6,37,0
2022-12-28,HENDERSON,00H,SG,242.81344696969697,242.81382575757576,1.999999999998181,0.60959999999944559,0.6,37,0
2022-12-28,HENDERSON,00H,SG,242.8628787878788,242.86325757575759,1.999999999998181,0.60959999999944559,0.6,36,-0.1
2022-12-28,HENDERSON,00H,SG,244.79450757575756,244.79488636363635,1.999999999998181,0.60959999999944559,0.6,36,-0.1
2022-12-28,HENDERSON,00H,SG,242.54280303030302,242.54318181818181,1.999999999998181,0.60959999999944559,0.6,37,1.6
2022-12-28,HENDERSON,00H,SG,242.89356060606062,242.89393939393941,1.999999999998181,0.60959999999944559,0.6,37,-1.3
2022-12-28,HENDERSON,00H,SG,242.88655303030302,242.88693181818181,1.999999999998181,0.60959999999944559,0.6,37,-0.9
2022-12-28,HENDERSON,00H,SG,242.02594696969697,242.02632575757576,1.999999999998181,0.60959999999944559,0.6,38,-1.4
2022-12-28,HENDERSON,00H,SG,242.02121212121213,242.02159090909092,1.999999999998181,0.60959999999944559,0.6,38,-1.7
2022-12-28,HENDERSON,00H,SG,242.72556818181818,242.72594696969696,1.999999999998181,0.60959999999944559,0.6,36,0.1
2022-12-28,HENDERSON,00H,SG,242.84734848484848,242.84772727272727,1.999999999998181,0.60959999999944559,0.6,37,0
2022-12-28,HENDERSON,00H,SG,242.89223484848486,242.89261363636365,1.999999999998181,0.60959999999944559,0.6,36,-1.2
2022-12-28,HENDERSON,00H,SG,242.90965909090909,242.91003787878788,1.999999999998181,0.60959999999944559,0.6,37,-2.1
2022-12-28,HENDERSON,00H,SG,242.82424242424241,242.8246212121212,1.999999999998181,0.60959999999944559,0.6,37,0
2022-12-28,HENDERSON,00H,SG,244.7964015151515,244.79678030303029,1.999999999998181,0.60959999999944559,0.6,36,-0.1
2022-12-28,HENDERSON,00H,SG,242.03314393939394,242.03352272727273,1.999999999998181,0.60959999999944559,0.6,38,-1.1
2022-12-28,HENDERSON,00H,SG,242.71193181818182,242.71231060606061,1.999999999998181,0.60959999999944559,0.6,37,0.7
2022-12-28,HENDERSON,00H,SG,242.81174242424242,242.81212121212121,1.999999999998181,0.60959999999944559,0.6,37,0
2022-12-28,HENDERSON,00H,SG,245.12613636363636,245.12651515151515,1.999999999998181,0.60959999999944559,0.6,38,0.1
2022-12-28,HENDERSON,00H,SG,242.71496212121212,242.71534090909091,1.999999999998181,0.60959999999944559,0.6,36,0.5
2022-12-28,HENDERSON,00H,SG,242.85625,242.85662878787878,1.999999999998181,0.60959999999944559,0.6,37,0
2022-12-28,HENDERSON,00H,SG,244.71856060606061,244.71893939393939,1.999999999998181,0.60959999999944559,0.6,36,0.1
2022-12-28,HENDERSON,00H,SG,245.20113636363635,245.20151515151514,1.999999999998181,0.60959999999944559,0.6,37,0.5
2022-12-28,HENDERSON,00H,SG,242.82064393939393,242.82102272727272,1.999999999998181,0.60959999999944559,0.6,37,0
2022-12-28,HENDERSON,00H,SG,245.09943181818181,245.0998106060606,1.999999999998181,0.60959999999944559,0.6,38,0
2022-12-28,HENDERSON,00H,SG,245.19924242424241,245.1996212121212,1.999999999998181,0.60959999999944559,0.6,37,0.4
2022-12-28,HENDERSON,00H,SG,242.87575757575758,242.87613636363636,1.999999999998181,0.60959999999944559,0.6,37,-0.4
2022-12-28,HENDERSON,00H,SG,242.45890151515152,242.45928030303031,1.999999999998181,0.60959999999944559,0.6,37,0.1
2022-12-28,HENDERSON,00H,SG,244.79261363636363,244.79299242424241,1.999999999998181,0.60959999999944559,0.6,37,-0.1
2022-12-28,HENDERSON,00H,SG,245.1189393939394,245.11931818181819,1.999999999998181,0.60959999999944559,0.6,38,0.1
2022-12-28,HENDERSON,00H,SG,245.10833333333332,245.10871212121211,1.999999999998181,0.60959999999944559,0.6,38,0
2022-12-28,HENDERSON,00H,SG,245.18958333333333,245.18996212121212,1.999999999998181,0.60959999999944559,0.6,37,0.2
2022-12-28,HENDERSON,00H,SG,242.83844696969697,242.83882575757576,1.999999999998181,0.60959999999944559,0.6,37,0
2022-12-28,HENDERSON,00H,SG,242.71003787878789,242.71041666666667,1.999999999998181,0.60959999999944559,0.6,37,0.7
2022-12-28,HENDERSON,00H,SG,242.79924242424244,242.79962121212122,1.999999999998181,0.60959999999944559,0.6,37,0.1
2022-12-28,HENDERSON,00H,SG,242.88333333333333,242.88371212121211,1.999999999998181,0.60959999999944559,0.6,36,-0.7
2022-12-28,HENDERSON,00H,SG,245.20075757575756,245.20113636363635,1.999999999998181,0.60959999999944559,0.6,38,0.5
2022-12-28,HENDERSON,00H,SG,242.83484848484849,242.83522727272728,1.999999999998181,0.60959999999944559,0.6,37,0
2022-12-28,HENDERSON,00H,SG,245.20719696969698,245.20757575757577,1.999999999998181,0.60959999999944559,0.6,37,1
2022-12-28,HENDERSON,00H,SG,242.8971590909091,242.89753787878789,1.999999999998181,0.60959999999944559,0.6,37,-1.5
2022-12-28,HENDERSON,00H,SG,245.15606060606061,245.15643939393939,1.999999999998181,0.60959999999944559,0.6,38,0
2022-12-28,HENDERSON,00H,SG,242.72045454545454,242.72083333333333,1.999999999998181,0.60959999999944559,0.6,36,0.3
2022-12-28,HENDERSON,00H,SG,242.79564393939393,242.79602272727271,1.999999999998181,0.60959999999944559,0.6,37,0.1
2022-12-28,HENDERSON,00H,SG,242.88996212121211,242.8903409090909,1.999999999998181,0.60959999999944559,0.6,37,-1.1
2022-12-28,HENDERSON,00H,SG,244.76875,244.7691287878788,1.999999999998181,0.60959999999944559,0.6,37,0
2022-12-28,HENDERSON,00H,SG,245.15643939393939,245.15681818181818,1.999999999998181,0.60959999999944559,0.6,38,0.1
2022-12-28,HENDERSON,00H,SG,242.02556818181819,242.02594696969697,1.999999999998181,0.60959999999944559,0.6,38,-1.5
2022-12-28,HENDERSON,00H,SG,245.20928030303031,245.2096590909091,1.999999999998181,0.60959999999944559,0.6,38,1.1
2022-12-28,HENDERSON,00H,SG,242.78674242424242,242.78712121212121,1.999999999998181,0.60959999999944559,0.6,37,0
2022-12-28,HENDERSON,00H,SG,245.1935606060606,245.19393939393939,1.999999999998181,0.60959999999944559,0.6,38,0.2
2022-12-28,HENDERSON,00H,SG,242.88162878787878,242.88200757575757,1.999999999998181,0.60959999999944559,0.6,36,-0.7
2022-12-28,HENDERSON,00H,SG,242.90435606060606,242.90473484848485,1.999999999998181,0.60959999999944559,0.6,37,-1.8
2022-12-28,HENDERSON,00H,SG,242.90757575757576,242.90795454545454,1.999999999998181,0.60959999999944559,0.6,36,-1.9
2022-12-28,HENDERSON,00H,SG,242.80454545454546,242.80492424242425,1.999999999998181,0.60959999999944559,0.6,37,0.1
2022-12-28,HENDERSON,00H,SG,245.12954545454545,245.13011363636363,2.9999999999972715,0.91439999999916843,0.6,38,0.1
2022-12-28,HENDERSON,00H,SG,245.18106060606061,245.18162878787879,2.9999999999972715,0.91439999999916843,0.6,38,0.1
2022-12-28,HENDERSON,00H,SG,245.19867424242423,245.19924242424241,2.9999999999972715,0.91439999999916843,0.6,38,0.4
2022-12-28,HENDERSON,00H,SG,242.73257575757575,242.73314393939393,2.9999999999972715,0.91439999999916843,0.6,36,0
2022-12-28,HENDERSON,00H,SG,245.2096590909091,245.21022727272728,2.9999999999972715,0.91439999999916843,0.6,38,1.2
2022-12-28,HENDERSON,00H,SG,242.53844696969696,242.53901515151514,2.9999999999972715,0.91439999999916843,0.6,37,1.4
2022-12-28,HENDERSON,00H,SG,245.17575757575759,245.17632575757577,2.9999999999972715,0.91439999999916843,0.6,38,0.1
2022-12-28,HENDERSON,00H,SG,244.75435606060606,244.75492424242424,2.9999999999972715,0.91439999999916843,0.6,37,0
2022-12-28,HENDERSON,00H,SG,245.20227272727271,245.2028409090909,2.9999999999972715,0.91439999999916843,0.6,38,0.6
2022-12-28,HENDERSON,00H,SG,242.74318181818182,242.74375,2.9999999999972715,0.91439999999916843,0.6,36,0
2022-12-28,HENDERSON,00H,SG,242.87973484848484,242.88030303030303,2.9999999999972715,0.91439999999916843,0.6,36,-0.6
2022-12-28,HENDERSON,00H,SG,242.7378787878788,242.73844696969698,2.9999999999972715,0.91439999999916843,0.6,36,0
2022-12-28,HENDERSON,00H,SG,245.17386363636365,245.17443181818183,2.9999999999972715,0.91439999999916843,0.6,38,0.1
2022-12-28,HENDERSON,00H,SG,244.79090909090908,244.79147727272726,2.9999999999972715,0.91439999999916843,0.6,36,0
2022-12-28,HENDERSON,00H,SG,242.04128787878787,242.04185606060605,2.9999999999972715,0.91439999999916843,0.6,38,-0.7
2022-12-28,HENDERSON,00H,SG,245.10643939393938,245.10700757575756,2.9999999999972715,0.91439999999916843,0.6,38,0
2022-12-28,HENDERSON,00H,SG,245.15435606060606,245.15492424242424,2.9999999999972715,0.91439999999916843,0.6,38,0
2022-12-28,HENDERSON,00H,SG,245.13125,245.13181818181818,2.9999999999972715,0.91439999999916843,0.6,38,0.1
2022-12-28,HENDERSON,00H,SG,245.10113636363636,245.10170454545454,2.9999999999972715,0.91439999999916843,0.6,38,0
2022-12-28,HENDERSON,00H,SG,242.72140151515151,242.72196969696969,2.9999999999972715,0.91439999999916843,0.6,37,0.2
2022-12-28,HENDERSON,00H,SG,245.12234848484849,245.12291666666667,2.9999999999972715,0.91439999999916843,0.6,38,0.1
2022-12-28,HENDERSON,00H,SG,242.80871212121212,242.80928030303031,2.9999999999972715,0.91439999999916843,0.6,36,0.1
2022-12-28,HENDERSON,00H,SG,245.11344696969698,245.11401515151516,2.9999999999972715,0.91439999999916843,0.6,38,0
2022-12-28,HENDERSON,00H,SG,245.17916666666667,245.17973484848486,2.9999999999972715,0.91439999999916843,0.6,38,0.1
2022-12-28,HENDERSON,00H,SG,244.76155303030302,244.7621212121212,2.9999999999972715,0.91439999999916843,0.6,37,0
2022-12-28,HENDERSON,00H,SG,245.13674242424241,245.13731060606059,2.9999999999972715,0.91439999999916843,0.6,38,0
2022-12-28,HENDERSON,00H,SG,242.80814393939394,242.80871212121212,2.9999999999972715,0.91439999999916843,0.6,37,0.1
2022-12-28,HENDERSON,00H,SG,242.03238636363636,242.03295454545454,2.9999999999972715,0.91439999999916843,0.6,38,-1.1
2022-12-28,HENDERSON,00H,SG,242.47007575757576,242.47064393939394,2.9999999999972715,0.91439999999916843,0.6,38,0.1
2022-12-28,HENDERSON,00H,SG,242.72083333333333,242.72140151515151,2.9999999999972715,0.91439999999916843,0.6,37,0.3
2022-12-28,HENDERSON,00H,SG,242.78314393939394,242.78371212121212,2.9999999999972715,0.91439999999916843,0.6,37,0
2022-12-28,HENDERSON,00H,SG,244.7721590909091,244.77272727272728,2.9999999999972715,0.91439999999916843,0.6,37,0
2022-12-28,HENDERSON,00H,SG,244.77405303030304,244.77462121212122,2.9999999999972715,0.91439999999916843,0.6,37,0
2022-12-28,HENDERSON,00H,SG,245.21818181818182,245.21875,2.9999999999972715,0.91439999999916843,0.6,38,1.8
2022-12-28,HENDERSON,00H,SG,242.7,242.70056818181817,2.9999999999972715,0.91439999999916843,0.6,37,1.2
2022-12-28,HENDERSON,00H,SG,242.88276515151514,242.88333333333333,2.9999999999972715,0.91439999999916843,0.6,37,-0.7
2022-12-28,HENDERSON,00H,SG,242.71609848484849,242.71666666666667,2.9999999999972715,0.91439999999916843,0.6,37,0.5
2022-12-28,HENDERSON,00H,SG,242.80094696969698,242.80151515151516,2.9999999999972715,0.91439999999916843,0.6,37,0.1
2022-12-28,HENDERSON,00H,SG,242.88806818181817,242.88863636363635,2.9999999999972715,0.91439999999916843,0.6,37,-1
2022-12-28,HENDERSON,00H,SG,245.16856060606059,245.16912878787878,2.9999999999972715,0.91439999999916843,0.6,38,0.1
2022-12-28,HENDERSON,00H,SG,242.8871212121212,242.88768939393938,2.9999999999972715,0.91439999999916843,0.6,36,-1
2022-12-28,HENDERSON,00H,SG,245.19810606060605,245.19867424242423,2.9999999999972715,0.91439999999916843,0.6,37,0.4
2022-12-28,HENDERSON,00H,SG,245.20397727272729,245.20454545454547,2.9999999999972715,0.91439999999916843,0.6,38,0.7
2022-12-28,HENDERSON,00H,SG,242.88219696969696,242.88276515151514,2.9999999999972715,0.91439999999916843,0.6,36,-0.7
2022-12-28,HENDERSON,00H,SG,245.19526515151514,245.19583333333333,2.9999999999972715,0.91439999999916843,0.6,38,0.3
2022-12-28,HENDERSON,00H,SG,242.77424242424243,242.77481060606061,2.9999999999972715,0.91439999999916843,0.6,37,0
2022-12-28,HENDERSON,00H,SG,242.78844696969696,242.78901515151514,2.9999999999972715,0.91439999999916843,0.6,37,0
2022-12-28,HENDERSON,00H,SG,242.81534090909091,242.81590909090909,2.9999999999972715,0.91439999999916843,0.6,37,0
2022-12-28,HENDERSON,00H,SG,245.16325757575757,245.16382575757575,2.9999999999972715,0.91439999999916843,0.6,38,0.1
2022-12-28,HENDERSON,00H,SG,242.72708333333333,242.72765151515151,2.9999999999972715,0.91439999999916843,0.6,36,0.1
2022-12-28,HENDERSON,00H,SG,245.08863636363637,245.08920454545455,2.9999999999972715,0.91439999999916843,0.6,38,0
2022-12-28,HENDERSON,00H,SG,242.77064393939395,242.77121212121213,2.9999999999972715,0.91439999999916843,0.6,37,0
2022-12-28,HENDERSON,00H,SG,244.7651515151515,244.76571969696968,2.9999999999972715,0.91439999999916843,0.6,37,0
2022-12-28,HENDERSON,00H,SG,242.79204545454544,242.79261363636363,2.9999999999972715,0.91439999999916843,0.6,37,0
2022-12-28,HENDERSON,00H,SG,245.16136363636363,245.16193181818181,2.9999999999972715,0.91439999999916843,0.6,38,0.1
2022-12-28,HENDERSON,00H,SG,242.71439393939394,242.71496212121212,2.9999999999972715,0.91439999999916843,0.6,37,0.5
2022-12-28,HENDERSON,00H,SG,242.87518939393939,242.87575757575758,2.9999999999972715,0.91439999999916843,0.6,36,-0.4
2022-12-28,HENDERSON,00H,SG,245.17045454545453,245.17102272727271,2.9999999999972715,0.91439999999916843,0.6,38,0.1
2022-12-28,HENDERSON,00H,SG,245.13844696969696,245.13901515151514,2.9999999999972715,0.91439999999916843,0.6,38,0
2022-12-28,HENDERSON,00H,SG,245.14375,245.14431818181819,2.9999999999972715,0.91439999999916843,0.6,38,0
2022-12-28,HENDERSON,00H,SG,245.20643939393941,245.20700757575759,2.9999999999972715,0.91439999999916843,0.6,37,0.9
2022-12-28,HENDERSON,00H,SG,245.21477272727273,245.21534090909091,2.9999999999972715,0.91439999999916843,0.6,38,1.6
2022-12-28,HENDERSON,00H,SG,242.74507575757576,242.74564393939394,2.9999999999972715,0.91439999999916843,0.6,36,0
2022-12-28,HENDERSON,00H,SG,245.13484848484848,245.13541666666666,2.9999999999972715,0.91439999999916843,0.6,38,0
2022-12-28,HENDERSON,00H,SG,245.20587121212122,245.20643939393941,2.9999999999972715,0.91439999999916843,0.6,38,0.9
2022-12-28,HENDERSON,00H,SG,244.77045454545456,244.77102272727274,2.9999999999972715,0.91439999999916843,0.6,37,0
2022-12-28,HENDERSON,00H,SG,245.21287878787879,245.21344696969697,2.9999999999972715,0.91439999999916843,0.6,38,1.4
2022-12-28,HENDERSON,00H,SG,242.72897727272726,242.72954545454544,2.9999999999972715,0.91439999999916843,0.6,36,0.1
2022-12-28,HENDERSON,00H,SG,242.90284090909091,242.90340909090909,2.9999999999972715,0.91439999999916843,0.6,36,-1.8
2022-12-28,HENDERSON,00H,SG,244.79810606060607,244.79867424242425,2.9999999999972715,0.91439999999916843,0.6,36,-0.1
2022-12-28,HENDERSON,00H,SG,245.16496212121211,245.16553030303029,2.9999999999972715,0.91439999999916843,0.6,38,0.1
2022-12-28,HENDERSON,00H,SG,245.16666666666666,245.16723484848484,2.9999999999972715,0.91439999999916843,0.6,38,0.1
2022-12-28,HENDERSON,00H,SG,245.21590909090909,245.21647727272727,2.9999999999972715,0.91439999999916843,0.6,37,1.7
2022-12-28,HENDERSON,00H,SG,242.90473484848485,242.90530303030303,2.9999999999972715,0.91439999999916843,0.6,36,-1.8
2022-12-28,HENDERSON,00H,SG,245.11174242424244,245.11231060606062,2.9999999999972715,0.91439999999916843,0.6,38,0
2022-12-28,HENDERSON,00H,SG,245.1721590909091,245.17272727272729,2.9999999999972715,0.91439999999916843,0.6,38,0.1
2022-12-28,HENDERSON,00H,SG,245.18996212121212,245.1905303030303,2.9999999999972715,0.91439999999916843,0.6,38,0.1
2022-12-28,HENDERSON,00H,SG,242.71534090909091,242.71590909090909,2.9999999999972715,0.91439999999916843,0.6,37,0.5
2022-12-28,HENDERSON,00H,SG,242.77954545454546,242.78011363636364,2.9999999999972715,0.91439999999916843,0.6,37,0
2022-12-28,HENDERSON,00H,SG,245.10303030303029,245.10359848484848,2.9999999999972715,0.91439999999916843,0.6,38,0
2022-12-28,HENDERSON,00H,SG,245.21022727272728,245.21079545454546,2.9999999999972715,0.91439999999916843,0.6,37,1.2
2022-12-28,HENDERSON,00H,SG,242.8903409090909,242.8909090909091,3.0000000001473381,0.91440000004490873,0.6,36,-1.1
2022-12-28,HENDERSON,00H,SG,244.7873106060606,244.78806818181818,3.999999999996362,1.2191999999988912,0.6,36,0
2022-12-28,HENDERSON,00H,SG,245.19981060606059,245.20056818181817,3.999999999996362,1.2191999999988912,0.6,37,0.5
2022-12-28,HENDERSON,00H,SG,242.74848484848485,242.74924242424242,3.999999999996362,1.2191999999988912,0.6,36,0
2022-12-28,HENDERSON,00H,SG,242.75473484848484,242.75549242424242,3.999999999996362,1.2191999999988912,0.6,37,0
2022-12-28,HENDERSON,00H,SG,242.80928030303031,242.81003787878788,3.999999999996362,1.2191999999988912,0.6,36,0
2022-12-28,HENDERSON,00H,SG,242.90530303030303,242.90606060606061,3.999999999996362,1.2191999999988912,0.6,36,-1.9
2022-12-28,HENDERSON,00H,SG,242.76988636363637,242.77064393939395,3.999999999996362,1.2191999999988912,0.6,36,0
2022-12-28,HENDERSON,00H,SG,242.79375,242.79450757575756,3.999999999996362,1.2191999999988912,0.6,37,0.1
2022-12-28,HENDERSON,00H,SG,242.89469696969698,242.89545454545456,3.999999999996362,1.2191999999988912,0.6,36,-1.4
2022-12-28,HENDERSON,00H,SG,242.02026515151516,242.02102272727274,3.999999999996362,1.2191999999988912,0.6,38,-1.7
2022-12-28,HENDERSON,00H,SG,244.78560606060606,244.78636363636363,3.999999999996362,1.2191999999988912,0.6,36,0
2022-12-28,HENDERSON,00H,SG,245.14734848484849,245.14810606060607,3.999999999996362,1.2191999999988912,0.6,38,0
2022-12-28,HENDERSON,00H,SG,245.19602272727272,245.19678030303029,3.999999999996362,1.2191999999988912,0.6,37,0.3
2022-12-28,HENDERSON,00H,SG,242.75208333333333,242.75284090909091,3.999999999996362,1.2191999999988912,0.6,36,0
2022-12-28,HENDERSON,00H,SG,242.76723484848486,242.76799242424244,3.999999999996362,1.2191999999988912,0.6,37,0
2022-12-28,HENDERSON,00H,SG,245.11515151515152,245.1159090909091,3.999999999996362,1.2191999999988912,0.6,38,0
2022-12-28,HENDERSON,00H,SG,242.70473484848486,242.70549242424244,3.999999999996362,1.2191999999988912,0.6,37,1
2022-12-28,HENDERSON,00H,SG,242.89393939393941,242.89469696969698,3.999999999996362,1.2191999999988912,0.6,36,-1.3
2022-12-28,HENDERSON,00H,SG,245.12405303030303,245.12481060606061,3.999999999996362,1.2191999999988912,0.6,38,0.1
2022-12-28,HENDERSON,00H,SG,245.15094696969697,245.15170454545455,3.999999999996362,1.2191999999988912,0.6,38,0
2022-12-28,HENDERSON,00H,SG,245.19166666666666,245.19242424242424,3.999999999996362,1.2191999999988912,0.6,38,0.2
2022-12-28,HENDERSON,00H,SG,245.20757575757577,245.20833333333334,3.999999999996362,1.2191999999988912,0.6,38,1
2022-12-28,HENDERSON,00H,SG,245.21647727272727,245.21723484848485,3.999999999996362,1.2191999999988912,0.6,38,1.7
2022-12-28,HENDERSON,00H,SG,245.14185606060607,245.14261363636365,3.999999999996362,1.2191999999988912,0.6,38,0
2022-12-28,HENDERSON,00H,SG,242.75738636363636,242.75814393939393,3.999999999996362,1.2191999999988912,0.6,36,0
2022-12-28,HENDERSON,00H,SG,242.75928030303029,242.76003787878787,3.999999999996362,1.2191999999988912,0.6,36,0
2022-12-28,HENDERSON,00H,SG,242.80265151515152,242.8034090909091,3.999999999996362,1.2191999999988912,0.6,37,0.1
2022-12-28,HENDERSON,00H,SG,245.15170454545455,245.15246212121212,3.999999999996362,1.2191999999988912,0.6,37,0
2022-12-28,HENDERSON,00H,SG,245.1844696969697,245.18522727272727,3.999999999996362,1.2191999999988912,0.6,38,0.1
2022-12-28,HENDERSON,00H,SG,242.76458333333332,242.7653409090909,3.999999999996362,1.2191999999988912,0.6,36,0
2022-12-28,HENDERSON,00H,SG,242.30132575757577,242.30208333333334,3.999999999996362,1.2191999999988912,0.6,38,0
2022-12-28,HENDERSON,00H,SG,244.78200757575758,244.78276515151515,3.999999999996362,1.2191999999988912,0.6,36,0
2022-12-28,HENDERSON,00H,SG,244.78901515151514,244.78977272727272,3.999999999996362,1.2191999999988912,0.6,36,0
2022-12-28,HENDERSON,00H,SG,242.79015151515151,242.79090909090908,3.999999999996362,1.2191999999988912,0.6,37,0
2022-12-28,HENDERSON,00H,SG,245.21098484848486,245.21174242424243,3.999999999996362,1.2191999999988912,0.6,38,1.3
2022-12-28,HENDERSON,00H,SG,245.18882575757576,245.18958333333333,3.999999999996362,1.2191999999988912,0.6,37,0.1
2022-12-28,HENDERSON,00H,SG,242.83882575757576,242.83958333333334,3.999999999996362,1.2191999999988912,0.6,36,0
2022-12-28,HENDERSON,00H,SG,244.78011363636364,244.78087121212121,3.999999999996362,1.2191999999988912,0.6,36,0
2022-12-28,HENDERSON,00H,SG,245.14905303030304,245.14981060606061,3.999999999996362,1.2191999999988912,0.6,38,0
2022-12-28,HENDERSON,00H,SG,245.19090909090909,245.19166666666666,3.999999999996362,1.2191999999988912,0.6,37,0.2
2022-12-28,HENDERSON,00H,SG,245.15776515151515,245.15852272727273,3.999999999996362,1.2191999999988912,0.6,38,0.1
2022-12-28,HENDERSON,00H,SG,245.18636363636364,245.18712121212121,3.999999999996362,1.2191999999988912,0.6,38,0.1
2022-12-28,HENDERSON,00H,SG,242.78125,242.78200757575758,3.999999999996362,1.2191999999988912,0.6,37,0
2022-12-28,HENDERSON,00H,SG,242.88049242424242,242.88125,3.999999999996362,1.2191999999988912,0.6,36,-0.6
2022-12-28,HENDERSON,00H,SG,242.46931818181818,242.47007575757576,3.999999999996362,1.2191999999988912,0.6,37,0.1
2022-12-28,HENDERSON,00H,SG,242.54924242424244,242.55,3.999999999996362,1.2191999999988912,0.6,37,2
2022-12-28,HENDERSON,00H,SG,242.74678030303031,242.74753787878788,3.999999999996362,1.2191999999988912,0.6,36,0
2022-12-28,HENDERSON,00H,SG,245.17746212121213,245.17821969696971,3.999999999996362,1.2191999999988912,0.6,38,0.1
2022-12-28,HENDERSON,00H,SG,242.73958333333334,242.74034090909092,3.999999999996362,1.2191999999988912,0.6,36,0
2022-12-28,HENDERSON,00H,SG,242.46231060606061,242.46306818181819,3.999999999996362,1.2191999999988912,0.6,37,0.1
2022-12-28,HENDERSON,00H,SG,244.78371212121212,244.78446969696969,3.999999999996362,1.2191999999988912,0.6,36,0
2022-12-28,HENDERSON,00H,SG,245.19696969696969,245.19772727272726,3.999999999996362,1.2191999999988912,0.6,38,0.3
2022-12-28,HENDERSON,00H,SG,242.71780303030303,242.71856060606061,3.999999999996362,1.2191999999988912,0.6,37,0.4
2022-12-28,HENDERSON,00H,SG,242.83958333333334,242.84034090909091,3.999999999996362,1.2191999999988912,0.6,36,0.1
2022-12-28,HENDERSON,00H,SG,244.77935606060606,244.78011363636364,3.999999999996362,1.2191999999988912,0.6,37,0
2022-12-28,HENDERSON,00H,SG,242.76193181818181,242.76268939393938,3.999999999996362,1.2191999999988912,0.6,37,0
2022-12-28,HENDERSON,00H,SG,242.90359848484849,242.90435606060606,3.999999999996362,1.2191999999988912,0.6,36,-1.8
2022-12-28,HENDERSON,00H,SG,242.77234848484849,242.77310606060607,3.999999999996362,1.2191999999988912,0.6,37,0
2022-12-28,HENDERSON,00H,SG,242.78484848484848,242.78560606060606,3.999999999996362,1.2191999999988912,0.6,37,0
2022-12-28,HENDERSON,00H,SG,242.77765151515152,242.77840909090909,3.999999999996362,1.2191999999988912,0.6,37,0
2022-12-28,HENDERSON,00H,SG,245.18276515151516,245.18352272727273,3.999999999996362,1.2191999999988912,0.6,38,0.1
2022-12-28,HENDERSON,00H,SG,242.46306818181819,242.46382575757576,3.999999999996362,1.2191999999988912,0.6,38,0.1
2022-12-28,HENDERSON,00H,SG,245.15246212121212,245.1532196969697,3.999999999996362,1.2191999999988912,0.6,38,0
2022-12-28,HENDERSON,00H,SG,242.77594696969697,242.77670454545455,3.999999999996362,1.2191999999988912,0.6,37,0
2022-12-28,HENDERSON,00H,SG,245.12765151515151,245.12840909090909,3.999999999996362,1.2191999999988912,0.6,38,0.1
2022-12-28,HENDERSON,00H,SG,245.18806818181818,245.18882575757576,3.999999999996362,1.2191999999988912,0.6,38,0.1
2022-12-28,HENDERSON,00H,SG,242.46060606060607,242.46136363636364,3.999999999996362,1.2191999999988912,0.6,37,0.1
2022-12-28,HENDERSON,00H,SG,242.73598484848486,242.73674242424244,3.999999999996362,1.2191999999988912,0.6,36,0
2022-12-28,HENDERSON,00H,SG,244.77556818181819,244.77632575757576,3.999999999996362,1.2191999999988912,0.6,37,0
2022-12-28,HENDERSON,00H,SG,245.20151515151514,245.20227272727271,3.999999999996362,1.2191999999988912,0.6,37,0.6
2022-12-28,HENDERSON,00H,SG,242.53617424242424,242.53693181818181,3.999999999996362,1.2191999999988912,0.6,37,1.3
2022-12-28,HENDERSON,00H,SG,244.77746212121212,244.7782196969697,3.999999999996362,1.2191999999988912,0.6,37,0
2022-12-28,HENDERSON,00H,SG,245.21893939393939,245.21969696969697,3.999999999996362,1.2191999999988912,0.6,37,1.9
2022-12-28,HENDERSON,00H,SG,242.70928030303031,242.71003787878789,3.999999999996362,1.2191999999988912,0.6,37,0.8
2022-12-28,HENDERSON,00H,SG,242.71666666666667,242.71742424242424,3.999999999996362,1.2191999999988912,0.6,36,0.4
2022-12-28,HENDERSON,00H,SG,245.14545454545456,245.14621212121213,3.999999999996362,1.2191999999988912,0.6,38,0
2022-12-28,HENDERSON,00H,SG,242.4657196969697,242.46647727272727,3.999999999996362,1.2191999999988912,0.6,37,0.1
2022-12-28,HENDERSON,00H,SG,245.1401515151515,245.1409090909091,4.0000000001464286,1.2192000000446315,0.6,38,0
2022-12-28,HENDERSON,00H,SG,242.73428030303029,242.73503787878789,4.0000000001464286,1.2192000000446315,0.6,36,0
2022-12-28,HENDERSON,00H,SG,242.74753787878788,242.74848484848485,4.9999999999954525,1.523999999998614,0.6,37,0
2022-12-28,HENDERSON,00H,SG,242.86193181818183,242.8628787878788,4.9999999999954525,1.523999999998614,0.6,36,0
2022-12-28,HENDERSON,00H,SG,242.88882575757575,242.88977272727271,4.9999999999954525,1.523999999998614,0.6,36,-1.1
2022-12-28,HENDERSON,00H,SG,242.88371212121211,242.88465909090908,4.9999999999954525,1.523999999998614,0.6,36,-0.8
2022-12-28,HENDERSON,00H,SG,242.46382575757576,242.46477272727273,4.9999999999954525,1.523999999998614,0.6,37,0.1
2022-12-28,HENDERSON,00H,SG,245.19412878787878,245.19507575757575,4.9999999999954525,1.523999999998614,0.6,37,0.2
2022-12-28,HENDERSON,00H,SG,242.76098484848484,242.76193181818181,4.9999999999954525,1.523999999998614,0.6,36,0
2022-12-28,HENDERSON,00H,SG,245.21193181818182,245.21287878787879,4.9999999999954525,1.523999999998614,0.6,37,1.4
2022-12-28,HENDERSON,00H,SG,242.46837121212121,242.46931818181818,4.9999999999954525,1.523999999998614,0.6,38,0.1
2022-12-28,HENDERSON,00H,SG,245.14810606060607,245.14905303030304,4.9999999999954525,1.523999999998614,0.6,37,0
2022-12-28,HENDERSON,00H,SG,245.21363636363637,245.21458333333334,4.9999999999954525,1.523999999998614,0.6,37,1.5
2022-12-28,HENDERSON,00H,SG,242.75378787878788,242.75473484848484,4.9999999999954525,1.523999999998614,0.6,36,0
2022-12-28,HENDERSON,00H,SG,242.8909090909091,242.89185606060607,4.9999999999954525,1.523999999998614,0.6,36,-1.2
2022-12-28,HENDERSON,00H,SG,245.12140151515152,245.12234848484849,4.9999999999954525,1.523999999998614,0.6,37,0.1
2022-12-28,HENDERSON,00H,SG,242.76799242424244,242.76893939393941,4.9999999999954525,1.523999999998614,0.6,36,0
2022-12-28,HENDERSON,00H,SG,242.89261363636365,242.89356060606062,4.9999999999954525,1.523999999998614,0.6,36,-1.3
2022-12-28,HENDERSON,00H,SG,245.17821969696971,245.17916666666667,4.9999999999954525,1.523999999998614,0.6,37,0.1
2022-12-28,HENDERSON,00H,SG,242.75018939393939,242.75113636363636,4.9999999999954525,1.523999999998614,0.6,36,0
2022-12-28,HENDERSON,00H,SG,242.76363636363635,242.76458333333332,4.9999999999954525,1.523999999998614,0.6,37,0
2022-12-28,HENDERSON,00H,SG,242.79261363636363,242.79356060606059,4.9999999999954525,1.523999999998614,0.6,36,0
2022-12-28,HENDERSON,00H,SG,245.15681818181818,245.15776515151515,4.9999999999954525,1.523999999998614,0.6,37,0.1
2022-12-28,HENDERSON,00H,SG,242.53219696969697,242.53314393939394,4.9999999999954525,1.523999999998614,0.6,37,1.1
2022-12-28,HENDERSON,00H,SG,244.78806818181818,244.78901515151514,4.9999999999954525,1.523999999998614,0.6,37,0
2022-12-28,HENDERSON,00H,SG,245.16041666666666,245.16136363636363,4.9999999999954525,1.523999999998614,0.6,37,0.1
2022-12-28,HENDERSON,00H,SG,242.76268939393938,242.76363636363635,4.9999999999954525,1.523999999998614,0.6,36,0
2022-12-28,HENDERSON,00H,SG,245.18712121212121,245.18806818181818,4.9999999999954525,1.523999999998614,0.6,37,0.1
2022-12-28,HENDERSON,00H,SG,242.76893939393941,242.76988636363637,4.9999999999954525,1.523999999998614,0.6,37,0
2022-12-28,HENDERSON,00H,SG,242.46647727272727,242.46742424242424,4.9999999999954525,1.523999999998614,0.6,38,0.1
2022-12-28,HENDERSON,00H,SG,242.76628787878789,242.76723484848486,4.9999999999954525,1.523999999998614,0.6,36,0
2022-12-28,HENDERSON,00H,SG,242.33617424242425,242.33712121212122,4.9999999999954525,1.523999999998614,0.6,38,-0.1
2022-12-28,HENDERSON,00H,SG,242.75113636363636,242.75208333333333,4.9999999999954525,1.523999999998614,0.6,37,0
2022-12-28,HENDERSON,00H,SG,242.76003787878787,242.76098484848484,4.9999999999954525,1.523999999998614,0.6,37,0
2022-12-28,HENDERSON,00H,SG,242.77670454545455,242.77765151515152,4.9999999999954525,1.523999999998614,0.6,36,0
2022-12-28,HENDERSON,00H,SG,242.87424242424242,242.87518939393939,4.9999999999954525,1.523999999998614,0.6,36,-0.3
2022-12-28,HENDERSON,00H,SG,242.87632575757576,242.87727272727273,4.9999999999954525,1.523999999998614,0.6,36,-0.4
2022-12-28,HENDERSON,00H,SG,242.75643939393939,242.75738636363636,4.9999999999954525,1.523999999998614,0.6,37,0
2022-12-28,HENDERSON,00H,SG,242.46477272727273,242.4657196969697,4.9999999999954525,1.523999999998614,0.6,38,0.1
2022-12-28,HENDERSON,00H,SG,242.74034090909092,242.74128787878789,4.9999999999954525,1.523999999998614,0.6,37,0
2022-12-28,HENDERSON,00H,SG,242.75549242424242,242.75643939393939,4.9999999999954525,1.523999999998614,0.6,36,0
2022-12-28,HENDERSON,00H,SG,244.77462121212122,244.77556818181819,4.9999999999954525,1.523999999998614,0.6,36,0
2022-12-28,HENDERSON,00H,SG,242.74128787878789,242.74223484848486,4.9999999999954525,1.523999999998614,0.6,36,0
2022-12-28,HENDERSON,00H,SG,242.53106060606061,242.53200757575758,4.9999999999954525,1.523999999998614,0.6,37,1.1
2022-12-28,HENDERSON,00H,SG,245.15946969696969,245.16041666666666,4.9999999999954525,1.523999999998614,0.6,38,0.1
2022-12-28,HENDERSON,00H,SG,245.20833333333334,245.20928030303031,4.9999999999954525,1.523999999998614,0.6,37,1.1
2022-12-28,HENDERSON,00H,SG,242.73503787878789,242.73598484848486,4.9999999999954525,1.523999999998614,0.6,37,0
2022-12-28,HENDERSON,00H,SG,245.21723484848485,245.21818181818182,4.9999999999954525,1.523999999998614,0.6,37,1.8
2022-12-28,HENDERSON,00H,SG,244.78636363636363,244.7873106060606,4.9999999999954525,1.523999999998614,0.6,37,0
2022-12-28,HENDERSON,00H,SG,242.46136363636364,242.46231060606061,4.9999999999954525,1.523999999998614,0.6,38,0.1
2022-12-28,HENDERSON,00H,SG,242.75284090909091,242.75378787878788,4.9999999999954525,1.523999999998614,0.6,37,0
2022-12-28,HENDERSON,00H,SG,242.03371212121212,242.03465909090909,4.9999999999954525,1.523999999998614,0.6,38,-1.1
2022-12-28,HENDERSON,00H,SG,245.12045454545455,245.12140151515152,4.9999999999954525,1.523999999998614,0.6,38,0.1
2022-12-28,HENDERSON,00H,SG,245.1409090909091,245.14185606060607,4.9999999999954525,1.523999999998614,0.6,37,0
2022-12-28,HENDERSON,00H,SG,245.18352272727273,245.1844696969697,4.9999999999954525,1.523999999998614,0.6,37,0.1
2022-12-28,HENDERSON,00H,SG,242.74924242424242,242.75018939393939,4.9999999999954525,1.523999999998614,0.6,37,0
2022-12-28,HENDERSON,00H,SG,242.88560606060605,242.88655303030302,4.9999999999954525,1.523999999998614,0.6,36,-0.9
2022-12-28,HENDERSON,00H,SG,244.78276515151515,244.78371212121212,4.9999999999954525,1.523999999998614,0.6,37,0
2022-12-28,HENDERSON,00H,SG,245.15852272727273,245.15946969696969,4.9999999999954525,1.523999999998614,0.6,37,0.1
2022-12-28,HENDERSON,00H,SG,245.20473484848486,245.20568181818183,4.9999999999954525,1.523999999998614,0.6,37,0.8
2022-12-28,HENDERSON,00H,SG,242.74223484848486,242.74318181818182,4.9999999999954525,1.523999999998614,0.6,37,0
2022-12-28,HENDERSON,00H,SG,242.46742424242424,242.46837121212121,4.9999999999954525,1.523999999998614,0.6,37,0.1
2022-12-28,HENDERSON,00H,SG,245.20303030303029,245.20397727272729,5.0000000001455192,1.5240000000443543,0.6,37,0.7
2022-12-28,HENDERSON,00H,SG,242.7653409090909,242.76628787878789,5.0000000001455192,1.5240000000443543,0.6,37,0
2022-12-28,HENDERSON,00H,SG,242.78200757575758,242.78314393939394,5.999999999994543,1.8287999999983369,0.6,36,0
2022-12-28,HENDERSON,00H,SG,242.80151515151516,242.80265151515152,5.999999999994543,1.8287999999983369,0.6,36,0.1
2022-12-28,HENDERSON,00H,SG,244.7782196969697,244.77935606060606,5.999999999994543,1.8287999999983369,0.6,36,0
2022-12-28,HENDERSON,00H,SG,245.1159090909091,245.11704545454546,5.999999999994543,1.8287999999983369,0.6,37,0
2022-12-28,HENDERSON,00H,SG,245.13901515151514,245.1401515151515,5.999999999994543,1.8287999999983369,0.6,37,0
2022-12-28,HENDERSON,00H,SG,242.74564393939394,242.74678030303031,5.999999999994543,1.8287999999983369,0.6,37,0
2022-12-28,HENDERSON,00H,SG,245.11231060606062,245.11344696969698,5.999999999994543,1.8287999999983369,0.6,37,0
2022-12-28,HENDERSON,00H,SG,245.16382575757575,245.16496212121211,5.999999999994543,1.8287999999983369,0.6,37,0.1
2022-12-28,HENDERSON,00H,SG,245.11401515151516,245.11515151515152,5.999999999994543,1.8287999999983369,0.6,37,0
2022-12-28,HENDERSON,00H,SG,245.13011363636363,245.13125,5.999999999994543,1.8287999999983369,0.6,37,0.1
2022-12-28,HENDERSON,00H,SG,242.71060606060607,242.71174242424243,5.999999999994543,1.8287999999983369,0.6,37,0.7
2022-12-28,HENDERSON,00H,SG,242.78901515151514,242.79015151515151,5.999999999994543,1.8287999999983369,0.6,36,0
2022-12-28,HENDERSON,00H,SG,244.78087121212121,244.78200757575758,5.999999999994543,1.8287999999983369,0.6,37,0
2022-12-28,HENDERSON,00H,SG,245.15492424242424,245.15606060606061,5.999999999994543,1.8287999999983369,0.6,37,0
2022-12-28,HENDERSON,00H,SG,242.79090909090908,242.79204545454544,5.999999999994543,1.8287999999983369,0.6,36,0
2022-12-28,HENDERSON,00H,SG,245.14431818181819,245.14545454545456,5.999999999994543,1.8287999999983369,0.6,37,0
2022-12-28,HENDERSON,00H,SG,245.14621212121213,245.14734848484849,5.999999999994543,1.8287999999983369,0.6,37,0
2022-12-28,HENDERSON,00H,SG,242.54507575757575,242.54621212121211,5.999999999994543,1.8287999999983369,0.6,37,1.8
2022-12-28,HENDERSON,00H,SG,242.78371212121212,242.78484848484848,5.999999999994543,1.8287999999983369,0.6,36,0
2022-12-28,HENDERSON,00H,SG,242.79450757575756,242.79564393939393,5.999999999994543,1.8287999999983369,0.6,36,0.1
2022-12-28,HENDERSON,00H,SG,245.14981060606061,245.15094696969697,5.999999999994543,1.8287999999983369,0.6,37,0
2022-12-28,HENDERSON,00H,SG,242.73674242424244,242.7378787878788,5.999999999994543,1.8287999999983369,0.6,37,0
2022-12-28,HENDERSON,00H,SG,242.73314393939393,242.73428030303029,5.999999999994543,1.8287999999983369,0.6,37,0
2022-12-28,HENDERSON,00H,SG,244.77632575757576,244.77746212121212,5.999999999994543,1.8287999999983369,0.6,36,0
2022-12-28,HENDERSON,00H,SG,244.78977272727272,244.79090909090908,5.999999999994543,1.8287999999983369,0.6,37,0
2022-12-28,HENDERSON,00H,SG,245.12840909090909,245.12954545454545,5.999999999994543,1.8287999999983369,0.6,37,0.1
2022-12-28,HENDERSON,00H,SG,242.51363636363635,242.51477272727271,5.999999999994543,1.8287999999983369,0.6,37,0.2
2022-12-28,HENDERSON,00H,SG,245.1532196969697,245.15435606060606,5.999999999994543,1.8287999999983369,0.6,37,0
2022-12-28,HENDERSON,00H,SG,245.11931818181819,245.12045454545455,5.999999999994543,1.8287999999983369,0.6,37,0.1
2022-12-28,HENDERSON,00H,SG,245.18162878787879,245.18276515151516,5.999999999994543,1.8287999999983369,0.6,37,0.1
2022-12-28,HENDERSON,00H,SG,244.77102272727274,244.7721590909091,5.999999999994543,1.8287999999983369,0.6,36,0
2022-12-28,HENDERSON,00H,SG,245.18522727272727,245.18636363636364,5.999999999994543,1.8287999999983369,0.6,37,0.1
2022-12-28,HENDERSON,00H,SG,245.13371212121211,245.13484848484848,5.999999999994543,1.8287999999983369,0.6,37,0
2022-12-28,HENDERSON,00H,SG,245.17632575757577,245.17746212121213,5.999999999994543,1.8287999999983369,0.6,37,0.1
2022-12-28,HENDERSON,00H,SG,242.77840909090909,242.77954545454546,5.999999999994543,1.8287999999983369,0.6,36,0
2022-12-28,HENDERSON,00H,SG,242.70321969696971,242.70435606060607,5.999999999994543,1.8287999999983369,0.6,37,1
2022-12-28,HENDERSON,00H,SG,242.90625,242.90738636363636,5.999999999994543,1.8287999999983369,0.6,36,-1.9
2022-12-28,HENDERSON,00H,SG,245.14261363636365,245.14375,5.999999999994543,1.8287999999983369,0.6,37,0
2022-12-28,HENDERSON,00H,SG,245.16553030303029,245.16666666666666,5.999999999994543,1.8287999999983369,0.6,37,0.1
2022-12-28,HENDERSON,00H,SG,242.04242424242423,242.04356060606059,5.999999999994543,1.8287999999983369,0.6,38,-0.7
2022-12-28,HENDERSON,00H,SG,245.12291666666667,245.12405303030303,5.999999999994543,1.8287999999983369,0.6,37,0.1
2022-12-28,HENDERSON,00H,SG,242.77121212121213,242.77234848484849,5.999999999994543,1.8287999999983369,0.6,36,0
2022-12-28,HENDERSON,00H,SG,245.12651515151515,245.12765151515151,5.999999999994543,1.8287999999983369,0.6,37,0.1
2022-12-28,HENDERSON,00H,SG,242.81590909090909,242.81704545454545,5.999999999994543,1.8287999999983369,0.6,36,0
2022-12-28,HENDERSON,00H,SG,242.73844696969698,242.73958333333334,5.999999999994543,1.8287999999983369,0.6,37,0
2022-12-28,HENDERSON,00H,SG,245.17272727272729,245.17386363636365,5.999999999994543,1.8287999999983369,0.6,37,0.1
2022-12-28,HENDERSON,00H,SG,242.45435606060607,242.45549242424244,5.999999999994543,1.8287999999983369,0.6,38,0.1
2022-12-28,HENDERSON,00H,SG,242.75814393939393,242.75928030303029,5.999999999994543,1.8287999999983369,0.6,37,0
2022-12-28,HENDERSON,00H,SG,242.77481060606061,242.77594696969697,5.999999999994543,1.8287999999983369,0.6,36,0
2022-12-28,HENDERSON,00H,SG,244.79147727272726,244.79261363636363,5.999999999994543,1.8287999999983369,0.6,37,0
2022-12-28,HENDERSON,00H,SG,245.13731060606059,245.13844696969696,5.999999999994543,1.8287999999983369,0.6,37,0
2022-12-28,HENDERSON,00H,SG,242.78011363636364,242.78125,5.999999999994543,1.8287999999983369,0.6,36,0
2022-12-28,HENDERSON,00H,SG,244.78446969696969,244.78560606060606,5.999999999994543,1.8287999999983369,0.6,37,0
2022-12-28,HENDERSON,00H,SG,242.77310606060607,242.77424242424243,5.999999999994543,1.8287999999983369,0.6,36,0
2022-12-28,HENDERSON,00H,SG,245.19242424242424,245.1935606060606,5.999999999994543,1.8287999999983369,0.6,37,0.2
2022-12-28,HENDERSON,00H,SG,242.8034090909091,242.80454545454546,5.999999999994543,1.8287999999983369,0.6,36,0.1
2022-12-28,HENDERSON,00H,SG,242.72405303030303,242.72518939393939,5.999999999994543,1.8287999999983369,0.6,37,0.2
2022-12-28,HENDERSON,00H,SG,244.71003787878789,244.71117424242425,5.999999999994543,1.8287999999983369,0.6,36,0.4
2022-12-28,HENDERSON,00H,SG,242.72594696969696,242.72708333333333,5.999999999994543,1.8287999999983369,0.6,37,0.1
2022-12-28,HENDERSON,00H,SG,242.78560606060606,242.78674242424242,5.999999999994543,1.8287999999983369,0.6,36,0
2022-12-28,HENDERSON,00H,SG,242.89772727272728,242.89886363636364,5.999999999994543,1.8287999999983369,0.6,36,-1.5
2022-12-28,HENDERSON,00H,SG,242.53484848484848,242.53598484848484,5.999999999994543,1.8287999999983369,0.6,37,1.3
2022-12-28,HENDERSON,00H,SG,245.17102272727271,245.1721590909091,6.00000000014461,1.8288000000440772,0.6,37,0.1
2022-12-28,HENDERSON,00H,SG,242.74375,242.74507575757576,6.9999999999936335,2.1335999999980597,0.6,37,0
2022-12-28,HENDERSON,00H,SG,242.79962121212122,242.80094696969698,6.9999999999936335,2.1335999999980597,0.6,36,0.1
2022-12-28,HENDERSON,00H,SG,242.89943181818182,242.90075757575758,6.9999999999936335,2.1335999999980597,0.6,36,-1.6
2022-12-28,HENDERSON,00H,SG,242.73125,242.73257575757575,6.9999999999936335,2.1335999999980597,0.6,37,0
2022-12-28,HENDERSON,00H,SG,245.10170454545454,245.10303030303029,6.9999999999936335,2.1335999999980597,0.6,37,0
2022-12-28,HENDERSON,00H,SG,242.52973484848485,242.53106060606061,6.9999999999936335,2.1335999999980597,0.6,37,1
2022-12-28,HENDERSON,00H,SG,244.71477272727273,244.71609848484849,6.9999999999936335,2.1335999999980597,0.6,36,0.2
2022-12-28,HENDERSON,00H,SG,245.17973484848486,245.18106060606061,6.9999999999936335,2.1335999999980597,0.6,37,0.1
2022-12-28,HENDERSON,00H,SG,242.70776515151516,242.70909090909092,6.9999999999936335,2.1335999999980597,0.6,37,0.8
2022-12-28,HENDERSON,00H,SG,242.72954545454544,242.7308712121212,6.9999999999936335,2.1335999999980597,0.6,37,0.1
2022-12-28,HENDERSON,00H,SG,244.76571969696971,244.76704545454547,6.9999999999936335,2.1335999999980597,0.6,36,0
2022-12-28,HENDERSON,00H,SG,245.12481060606061,245.12613636363636,6.9999999999936335,2.1335999999980597,0.6,37,0.1
2022-12-28,HENDERSON,00H,SG,242.84602272727273,242.84734848484848,6.9999999999936335,2.1335999999980597,0.6,36,0
2022-12-28,HENDERSON,00H,SG,245.16723484848484,245.16856060606059,6.9999999999936335,2.1335999999980597,0.6,37,0.1
2022-12-28,HENDERSON,00H,SG,242.53693181818181,242.53825757575757,6.9999999999936335,2.1335999999980597,0.6,37,1.4
2022-12-28,HENDERSON,00H,SG,245.10700757575756,245.10833333333332,6.9999999999936335,2.1335999999980597,0.6,37,0
2022-12-28,HENDERSON,00H,SG,242.81212121212121,242.81344696969697,6.9999999999936335,2.1335999999980597,0.6,36,0
2022-12-28,HENDERSON,00H,SG,245.13541666666666,245.13674242424241,6.9999999999936335,2.1335999999980597,0.6,37,0
2022-12-28,HENDERSON,00H,SG,244.7691287878788,244.77045454545456,6.9999999999936335,2.1335999999980597,0.6,36,0
2022-12-28,HENDERSON,00H,SG,245.16193181818181,245.16325757575757,6.9999999999936335,2.1335999999980597,0.6,37,0.1
2022-12-28,HENDERSON,00H,SG,242.72234848484848,242.72367424242424,6.9999999999936335,2.1335999999980597,0.6,37,0.2
2022-12-28,HENDERSON,00H,SG,244.7621212121212,244.76344696969696,6.9999999999936335,2.1335999999980597,0.6,36,0
2022-12-28,HENDERSON,00H,SG,245.0998106060606,245.10113636363636,6.9999999999936335,2.1335999999980597,0.6,37,0
2022-12-28,HENDERSON,00H,SG,242.79791666666668,242.79924242424244,6.9999999999936335,2.1335999999980597,0.6,36,0.1
2022-12-28,HENDERSON,00H,SG,242.84412878787879,242.84545454545454,6.9999999999936335,2.1335999999980597,0.6,36,0.1
2022-12-28,HENDERSON,00H,SG,242.45928030303031,242.46060606060607,6.9999999999936335,2.1335999999980597,0.6,38,0.1
2022-12-28,HENDERSON,00H,SG,242.72765151515151,242.72897727272726,6.9999999999936335,2.1335999999980597,0.6,37,0.1
2022-12-28,HENDERSON,00H,SG,242.05359848484849,242.05492424242425,6.9999999999936335,2.1335999999980597,0.6,38,-0.3
2022-12-28,HENDERSON,00H,SG,242.45757575757577,242.45890151515152,6.9999999999936335,2.1335999999980597,0.6,38,0.1
2022-12-28,HENDERSON,00H,SG,242.02405303030304,242.02537878787879,6.9999999999936335,2.1335999999980597,0.6,38,-1.5
2022-12-28,HENDERSON,00H,SG,245.17443181818183,245.17575757575759,6.9999999999936335,2.1335999999980597,0.6,37,0.1
2022-12-28,HENDERSON,00H,SG,242.78712121212121,242.78844696969696,6.9999999999936335,2.1335999999980597,0.6,36,0
2022-12-28,HENDERSON,00H,SG,244.79318181818181,244.79450757575756,6.9999999999936335,2.1335999999980597,0.6,37,-0.1
2022-12-28,HENDERSON,00H,SG,245.16912878787878,245.17045454545453,6.9999999999936335,2.1335999999980597,0.6,37,0.1
2022-12-28,HENDERSON,00H,SG,244.77272727272728,244.77405303030304,6.9999999999936335,2.1335999999980597,0.6,36,0
2022-12-28,HENDERSON,00H,SG,242.89564393939395,242.89696969696971,6.9999999999936335,2.1335999999980597,0.6,36,-1.4
2022-12-28,HENDERSON,00H,SG,242.04753787878789,242.04886363636365,6.9999999999936335,2.1335999999980597,0.6,38,-0.5
2022-12-28,HENDERSON,00H,SG,242.05700757575758,242.05833333333334,6.9999999999936335,2.1335999999980597,0.6,38,-0.2
2022-12-28,HENDERSON,00H,SG,245.10871212121211,245.11003787878789,7.0000000001437,2.1336000000438,0.6,37,0
2022-12-28,HENDERSON,00H,SG,244.79678030303029,244.79810606060607,7.0000000001437,2.1336000000438,0.6,37,-0.1
2022-12-28,HENDERSON,00H,SG,242.87253787878788,242.87405303030303,7.999999999992724,2.4383999999977823,0.6,36,-0.3
2022-12-28,HENDERSON,00H,SG,244.79867424242425,244.80018939393941,7.999999999992724,2.4383999999977823,0.6,37,-0.1
2022-12-28,HENDERSON,00H,SG,242.81382575757576,242.81534090909091,7.999999999992724,2.4383999999977823,0.6,36,0
2022-12-28,HENDERSON,00H,SG,244.76363636363635,244.7651515151515,7.999999999992724,2.4383999999977823,0.6,36,0
2022-12-28,HENDERSON,00H,SG,242.84053030303031,242.84204545454546,7.999999999992724,2.4383999999977823,0.6,36,0.1
2022-12-28,HENDERSON,00H,SG,245.09621212121212,245.09772727272727,7.999999999992724,2.4383999999977823,0.6,37,0
2022-12-28,HENDERSON,00H,SG,244.8003787878788,244.80189393939395,7.999999999992724,2.4383999999977823,0.6,37,-0.1
2022-12-28,HENDERSON,00H,SG,244.76723484848486,244.76875,7.999999999992724,2.4383999999977823,0.6,36,0
2022-12-28,HENDERSON,00H,SG,242.45568181818183,242.45719696969698,7.999999999992724,2.4383999999977823,0.6,38,0.1
2022-12-28,HENDERSON,00H,SG,242.81742424242424,242.81893939393939,7.999999999992724,2.4383999999977823,0.6,36,0
2022-12-28,HENDERSON,00H,SG,245.11022727272729,245.11174242424244,7.999999999992724,2.4383999999977823,0.6,37,0
2022-12-28,HENDERSON,00H,SG,245.09791666666666,245.09943181818181,7.999999999992724,2.4383999999977823,0.6,37,0
2022-12-28,HENDERSON,00H,SG,242.71893939393939,242.72045454545454,7.999999999992724,2.4383999999977823,0.6,37,0.3
2022-12-28,HENDERSON,00H,SG,242.81912878787878,242.82064393939393,7.999999999992724,2.4383999999977823,0.6,36,0
2022-12-28,HENDERSON,00H,SG,242.81022727272727,242.81174242424242,7.999999999992724,2.4383999999977823,0.6,36,0
2022-12-28,HENDERSON,00H,SG,244.79488636363635,244.7964015151515,7.999999999992724,2.4383999999977823,0.6,37,-0.1
2022-12-28,HENDERSON,00H,SG,242.85132575757575,242.8528409090909,7.999999999992724,2.4383999999977823,0.6,36,0
2022-12-28,HENDERSON,00H,SG,242.04583333333332,242.0473484848485,8.00000000014279,2.4384000000435226,0.6,38,-0.5
2022-12-28,HENDERSON,00H,SG,242.79602272727271,242.79753787878789,8.00000000014279,2.4384000000435226,0.6,36,0.1
2022-12-28,HENDERSON,00H,SG,242.90113636363637,242.90284090909091,8.9999999999918145,2.743199999997505,0.6,36,-1.7
2022-12-28,HENDERSON,00H,SG,242.90795454545454,242.90965909090909,8.9999999999918145,2.743199999997505,0.6,36,-2
2022-12-28,HENDERSON,00H,SG,242.84223484848485,242.84393939393939,8.9999999999918145,2.743199999997505,0.6,36,0.1
2022-12-28,HENDERSON,00H,SG,242.02651515151516,242.0282196969697,8.9999999999918145,2.743199999997505,0.6,38,-1.4
2022-12-28,HENDERSON,00H,SG,242.52765151515152,242.52935606060606,8.9999999999918145,2.743199999997505,0.6,37,0.9
2022-12-28,HENDERSON,00H,SG,242.50965909090908,242.51136363636363,8.9999999999918145,2.743199999997505,0.6,37,0.1
2022-12-28,HENDERSON,00H,SG,242.03503787878788,242.03674242424242,8.9999999999918145,2.743199999997505,0.6,38,-1
2022-12-28,HENDERSON,00H,SG,242.53314393939394,242.53484848484848,8.9999999999918145,2.743199999997505,0.6,37,1.2
2022-12-28,HENDERSON,00H,SG,242.53901515151514,242.54071969696969,8.9999999999918145,2.743199999997505,0.6,37,1.5
2022-12-28,HENDERSON,00H,SG,245.11704545454546,245.1189393939394,9.9999999999909051,3.047999999997228,0.6,37,0.1
2022-12-28,HENDERSON,00H,SG,245.13181818181818,245.13371212121211,9.9999999999909051,3.047999999997228,0.6,37,0.1
2022-12-28,HENDERSON,00H,SG,242.52386363636364,242.52575757575758,9.9999999999909051,3.047999999997228,0.6,37,0.7
2022-12-28,HENDERSON,00H,SG,242.54071969696969,242.54261363636363,9.9999999999909051,3.047999999997228,0.6,37,1.6
2022-12-28,HENDERSON,00H,SG,242.52575757575758,242.52765151515152,9.9999999999909051,3.047999999997228,0.6,37,0.8
2022-12-28,HENDERSON,00H,SG,242.52196969696971,242.52386363636364,9.9999999999909051,3.047999999997228,0.6,37,0.6
2022-12-28,HENDERSON,00H,SG,242.54318181818181,242.54507575757575,9.9999999999909051,3.047999999997228,0.6,37,1.7
2022-12-28,HENDERSON,00H,SG,242.52007575757577,242.52196969696971,9.9999999999909051,3.047999999997228,0.6,37,0.5
2022-12-28,HENDERSON,00H,SG,242.03049242424242,242.03238636363636,9.9999999999909051,3.047999999997228,0.6,38,-1.2
2022-12-28,HENDERSON,00H,SG,242.05492424242425,242.05681818181819,9.9999999999909051,3.047999999997228,0.6,38,-0.2
2022-12-28,HENDERSON,00H,SG,242.02159090909092,242.02348484848486,9.9999999999909051,3.047999999997228,0.6,38,-1.6
2022-12-28,HENDERSON,00H,SG,242.04886363636365,242.05094696969698,10.999999999989996,3.3527999999969507,0.6,38,-0.4
2022-12-28,HENDERSON,00H,SG,242.71231060606061,242.71439393939394,10.999999999989996,3.3527999999969507,0.6,37,0.6
2022-12-28,HENDERSON,00H,SG,242.87727272727273,242.87935606060606,10.999999999989996,3.3527999999969507,0.6,36,-0.5
2022-12-28,HENDERSON,00H,SG,242.03674242424242,242.03882575757575,10.999999999989996,3.3527999999969507,0.6,38,-0.9
2022-12-28,HENDERSON,00H,SG,242.51136363636363,242.51344696969696,10.999999999989996,3.3527999999969507,0.6,37,0.2
2022-12-28,HENDERSON,00H,SG,242.05132575757577,242.0534090909091,10.999999999989996,3.3527999999969507,0.6,38,-0.3
2022-12-28,HENDERSON,00H,SG,244.85625,244.85833333333332,10.999999999989996,3.3527999999969507,0.6,37,0.1
2022-12-28,HENDERSON,00H,SG,242.04356060606059,242.04583333333332,11.999999999989086,3.6575999999966737,0.6,38,-0.6
2022-12-28,HENDERSON,00H,SG,244.71628787878788,244.71856060606061,11.999999999989086,3.6575999999966737,0.6,36,0.2
2022-12-28,HENDERSON,00H,SG,242.0282196969697,242.03049242424242,11.999999999989086,3.6575999999966737,0.6,38,-1.3
2022-12-28,HENDERSON,00H,SG,242.70549242424244,242.70776515151516,11.999999999989086,3.6575999999966737,0.6,37,0.9
2022-12-28,HENDERSON,00H,SG,242.51780303030304,242.52007575757577,11.999999999989086,3.6575999999966737,0.6,37,0.4
2022-12-28,HENDERSON,00H,SG,242.45208333333332,242.45435606060607,12.000000000139153,3.657600000042414,0.6,38,0
2022-12-28,HENDERSON,00H,SG,242.03882575757575,242.04128787878787,12.999999999988177,3.9623999999963964,0.6,38,-0.8
2022-12-28,HENDERSON,00H,SG,242.54678030303029,242.54924242424244,13.000000000138243,3.9624000000421367,0.6,37,1.9
2022-12-28,HENDERSON,00H,SG,242.70056818181817,242.70321969696968,13.999999999987267,4.2671999999961194,0.6,37,1.1
2022-12-28,HENDERSON,00H,SG,242.86912878787879,242.8719696969697,14.999999999986358,4.5719999999958416,0.6,36,-0.2
2022-12-28,HENDERSON,00H,SG,245.10359848484848,245.10643939393938,14.999999999986358,4.5719999999958416,0.6,37,0
2022-12-28,HENDERSON,00H,SG,242.51477272727271,242.51780303030304,16.000000000135515,4.876800000041305,0.6,37,0.3
2022-12-28,HENDERSON,00H,SG,242.80492424242425,242.80814393939394,16.999999999984539,5.1815999999952878,0.6,36,0.1
2022-12-28,HENDERSON,00H,SG,242.85303030303029,242.85625,16.999999999984539,5.1815999999952878,0.6,36,0
2022-12-28,HENDERSON,00H,SG,242.82102272727272,242.82424242424241,16.999999999984539,5.1815999999952878,0.6,36,0
2022-12-28,HENDERSON,00H,SG,242.47064393939394,242.47386363636363,16.999999999984539,5.1815999999952878,0.6,37,0.1
2022-12-28,HENDERSON,00H,SG,242.83522727272728,242.83844696969697,16.999999999984539,5.1815999999952878,0.6,36,0
2022-12-28,HENDERSON,00H,SG,242.84772727272727,242.85094696969696,16.999999999984539,5.1815999999952878,0.6,36,0
2022-12-28,HENDERSON,00H,SG,244.80208333333334,244.80549242424243,17.999999999983629,5.48639999999501,0.6,37,-0.1
2022-12-28,HENDERSON,00H,SG,244.71117424242425,244.71477272727273,18.99999999998272,5.791199999994733,0.6,36,0.3
2022-12-28,HENDERSON,00H,SG,244.80568181818182,244.81003787878788,22.999999999979082,7.0103999999936244,0.6,37,-0.1
2022-12-28,HENDERSON,00H,SG,244.74962121212121,244.75435606060606,24.999999999977263,7.61999999999307,0.6,36,0
2022-12-28,HENDERSON,00H,SG,242.33087121212122,242.33598484848486,26.999999999975444,8.2295999999925158,0.6,38,-0.1
2022-12-28,HENDERSON,00H,SG,242.85662878787878,242.86174242424244,27.00000000012551,8.2296000000382552,0.6,36,0
2022-12-28,HENDERSON,00H,SG,242.86344696969698,242.86875,27.999999999974534,8.5343999999922389,0.6,36,-0.1
2022-12-28,HENDERSON,00H,SG,242.05833333333334,242.06382575757576,28.999999999973625,8.8391999999919619,0.6,38,-0.1
2022-12-28,HENDERSON,00H,SG,242.47405303030303,242.48049242424241,33.999999999969077,10.363199999990576,0.6,37,0.1
2022-12-28,HENDERSON,00H,SG,244.75492424242424,244.76155303030302,34.999999999968168,10.667999999990299,0.6,36,0
2022-12-28,HENDERSON,00H,SG,245.08920454545455,245.09602272727273,35.999999999967258,10.97279999999002,0.6,37,0
2022-12-28,HENDERSON,00H,SG,242.50208333333333,242.50946969696969,38.99999999996453,11.887199999989189,0.6,37,0.1
2022-12-28,HENDERSON,00H,SG,242.8246212121212,242.83484848484849,54.000000000100954,16.459200000030773,0.6,36,0
2022-12-28,HENDERSON,00H,SG,242.31647727272727,242.33049242424244,74.000000000082764,22.555200000025227,0.6,38,0
2022-12-28,HENDERSON,00H,SG,242.30208333333334,242.31647727272727,75.999999999930878,23.164799999978932,0.6,38,0.1
2022-12-28,HENDERSON,00H,SG,245.06931818181818,245.08863636363637,102.0000000000573,31.089600000017466,0.6,37,0
2022-12-28,HENDERSON,00H,SG,242.48049242424241,242.50208333333333,114.00000000004638,34.747200000014139,0.6,37,0
2022-12-28,HENDERSON,00H,SG,244.71912878787879,244.74962121212121,161.00000000000364,49.072800000001109,0.6,36,0.1
2022-12-28,HENDERSON,00H,SG,244.81003787878788,244.85625,243.99999999992815,74.3711999999781,0.6,37,0
2022-12-28,HENDERSON,00H,SG,242.33712121212122,242.45189393939393,605.999999999899,184.70879999996924,0.6,38,0
2022-12-28,HENDERSON,00H,SG,244.85833333333332,245.06912878787878,1113.0000000000382,339.24240000001163,0.6,37,0
2022-12-28,HENDERSON,00H,SG,242.06382575757576,242.30113636363637,1253.0000000000609,381.91440000001859,0.6,38,0
2022-12-28,HENDERSON,00H,SG,243.74678030303031,243.7469696969697,0.99999999999909051,0.30479999999972279,0.61,35,0
2022-12-28,HENDERSON,00H,SG,243.82405303030302,243.82424242424241,0.99999999999909051,0.30479999999972279,0.61,35,1.2
2022-12-28,HENDERSON,00H,SG,243.82878787878789,243.82897727272729,0.99999999999909051,0.30479999999972279,0.61,35,1.5
2022-12-28,HENDERSON,00H,SG,243.83446969696971,243.8346590909091,0.99999999999909051,0.30479999999972279,0.61,35,2
2022-12-28,HENDERSON,00H,SG,246.42007575757575,246.42026515151514,0.99999999999909051,0.30479999999972279,0.61,38,-1.7
2022-12-28,HENDERSON,00H,SG,243.81515151515151,243.81534090909091,0.99999999999909051,0.30479999999972279,0.61,35,0.9
2022-12-28,HENDERSON,00H,SG,243.81837121212121,243.8185606060606,0.99999999999909051,0.30479999999972279,0.61,35,1.1
2022-12-28,HENDERSON,00H,SG,243.81931818181818,243.81950757575757,0.99999999999909051,0.30479999999972279,0.61,35,1.1
2022-12-28,HENDERSON,00H,SG,246.45700757575759,246.45719696969698,0.99999999999909051,0.30479999999972279,0.61,38,-0.7
2022-12-28,HENDERSON,00H,SG,243.56003787878788,243.56022727272727,0.99999999999909051,0.30479999999972279,0.61,36,-0.3
2022-12-28,HENDERSON,00H,SG,243.56818181818181,243.56837121212121,0.99999999999909051,0.30479999999972279,0.61,36,-0.1
2022-12-28,HENDERSON,00H,SG,246.82329545454544,246.82348484848484,0.99999999999909051,0.30479999999972279,0.61,37,0
2022-12-28,HENDERSON,00H,SG,243.81060606060606,243.81079545454546,0.99999999999909051,0.30479999999972279,0.61,35,0.7
2022-12-28,HENDERSON,00H,SG,246.45719696969698,246.45738636363637,0.99999999999909051,0.30479999999972279,0.61,38,-0.8
2022-12-28,HENDERSON,00H,SG,243.81212121212121,243.81231060606061,0.99999999999909051,0.30479999999972279,0.61,35,0.7
2022-12-28,HENDERSON,00H,SG,246.44905303030302,246.44924242424241,0.99999999999909051,0.30479999999972279,0.61,38,-1
2022-12-28,HENDERSON,00H,SG,243.77784090909091,243.77803030303031,0.99999999999909051,0.30479999999972279,0.61,36,0
2022-12-28,HENDERSON,00H,SG,243.82518939393938,243.82537878787878,0.99999999999909051,0.30479999999972279,0.61,35,1.4
2022-12-28,HENDERSON,00H,SG,243.78087121212121,243.78106060606061,0.99999999999909051,0.30479999999972279,0.61,35,-0.1
2022-12-28,HENDERSON,00H,SG,246.42026515151514,246.42045454545453,0.99999999999909051,0.30479999999972279,0.61,38,-1.6
2022-12-28,HENDERSON,00H,SG,246.44450757575757,246.44469696969696,0.99999999999909051,0.30479999999972279,0.61,38,-1
2022-12-28,HENDERSON,00H,SG,243.82424242424241,243.82443181818181,0.99999999999909051,0.30479999999972279,0.61,35,1.3
2022-12-28,HENDERSON,00H,SG,243.57196969696969,243.57215909090908,0.99999999999909051,0.30479999999972279,0.61,37,-0.1
2022-12-28,HENDERSON,00H,SG,243.82746212121211,243.8276515151515,0.99999999999909051,0.30479999999972279,0.61,35,1.6
2022-12-28,HENDERSON,00H,SG,243.83598484848486,243.83617424242425,0.99999999999909051,0.30479999999972279,0.61,35,2.1
2022-12-28,HENDERSON,00H,SG,243.81723484848484,243.81742424242424,0.99999999999909051,0.30479999999972279,0.61,35,1
2022-12-28,HENDERSON,00H,SG,246.43939393939394,246.43958333333333,0.99999999999909051,0.30479999999972279,0.61,38,-1.1
2022-12-28,HENDERSON,00H,SG,243.56837121212121,243.5685606060606,0.99999999999909051,0.30479999999972279,0.61,36,-0.2
2022-12-28,HENDERSON,00H,SG,243.83390151515152,243.83409090909092,0.99999999999909051,0.30479999999972279,0.61,35,1.8
2022-12-28,HENDERSON,00H,SG,246.47708333333333,246.47727272727272,0.99999999999909051,0.30479999999972279,0.61,38,-0.3
2022-12-28,HENDERSON,00H,SG,246.47234848484848,246.47253787878788,0.99999999999909051,0.30479999999972279,0.61,38,-0.4
2022-12-28,HENDERSON,00H,SG,243.56458333333333,243.56477272727273,0.99999999999909051,0.30479999999972279,0.61,36,-0.2
2022-12-28,HENDERSON,00H,SG,243.57916666666668,243.57935606060607,0.99999999999909051,0.30479999999972279,0.61,37,0
2022-12-28,HENDERSON,00H,SG,243.73617424242425,243.73636363636365,0.99999999999909051,0.30479999999972279,0.61,35,0
2022-12-28,HENDERSON,00H,SG,243.81534090909091,243.8155303030303,0.99999999999909051,0.30479999999972279,0.61,35,0.7
2022-12-28,HENDERSON,00H,SG,243.8285984848485,243.82878787878789,0.99999999999909051,0.30479999999972279,0.61,35,1.6
2022-12-28,HENDERSON,00H,SG,243.78825757575757,243.78844696969696,0.99999999999909051,0.30479999999972279,0.61,36,0
2022-12-28,HENDERSON,00H,SG,243.81742424242424,243.81761363636363,0.99999999999909051,0.30479999999972279,0.61,35,0.8
2022-12-28,HENDERSON,00H,SG,243.82386363636363,243.82405303030302,0.99999999999909051,0.30479999999972279,0.61,35,1.4
2022-12-28,HENDERSON,00H,SG,246.42045454545453,246.42064393939393,0.99999999999909051,0.30479999999972279,0.61,38,-1.7
2022-12-28,HENDERSON,00H,SG,243.77954545454546,243.77973484848485,0.99999999999909051,0.30479999999972279,0.61,36,0
2022-12-28,HENDERSON,00H,SG,246.825,246.82518939393938,0.99999999999909051,0.30479999999972279,0.61,37,0
2022-12-28,HENDERSON,00H,SG,243.81590909090909,243.81609848484848,0.99999999999909051,0.30479999999972279,0.61,35,0.9
2022-12-28,HENDERSON,00H,SG,243.83409090909092,243.83446969696971,1.999999999998181,0.60959999999944559,0.61,35,1.9
2022-12-28,HENDERSON,00H,SG,243.75189393939394,243.75227272727273,1.999999999998181,0.60959999999944559,0.61,35,0
2022-12-28,HENDERSON,00H,SG,243.56136363636364,243.56174242424242,1.999999999998181,0.60959999999944559,0.61,37,-0.3
2022-12-28,HENDERSON,00H,SG,246.82670454545453,246.82708333333332,1.999999999998181,0.60959999999944559,0.61,37,0
2022-12-28,HENDERSON,00H,SG,243.82443181818181,243.82481060606059,1.999999999998181,0.60959999999944559,0.61,35,1.4
2022-12-28,HENDERSON,00H,SG,246.44867424242423,246.44905303030302,1.999999999998181,0.60959999999944559,0.61,38,-0.9
2022-12-28,HENDERSON,00H,SG,243.74318181818182,243.74356060606061,1.999999999998181,0.60959999999944559,0.61,35,0
2022-12-28,HENDERSON,00H,SG,243.83977272727273,243.84015151515152,1.999999999998181,0.60959999999944559,0.61,35,2.3
2022-12-28,HENDERSON,00H,SG,243.56647727272727,243.56685606060606,1.999999999998181,0.60959999999944559,0.61,37,-0.2
2022-12-28,HENDERSON,00H,SG,243.74848484848485,243.74886363636364,1.999999999998181,0.60959999999944559,0.61,35,0
2022-12-28,HENDERSON,00H,SG,246.8125,246.81287878787879,1.999999999998181,0.60959999999944559,0.61,37,0
2022-12-28,HENDERSON,00H,SG,243.77594696969697,243.77632575757576,1.999999999998181,0.60959999999944559,0.61,36,0
2022-12-28,HENDERSON,00H,SG,246.80890151515152,246.80928030303031,1.999999999998181,0.60959999999944559,0.61,37,0
2022-12-28,HENDERSON,00H,SG,243.56098484848485,243.56136363636364,1.999999999998181,0.60959999999944559,0.61,36,-0.3
2022-12-28,HENDERSON,00H,SG,243.81079545454546,243.81117424242424,1.999999999998181,0.60959999999944559,0.61,35,0.5
2022-12-28,HENDERSON,00H,SG,246.81950757575757,246.81988636363636,1.999999999998181,0.60959999999944559,0.61,37,0
2022-12-28,HENDERSON,00H,SG,243.82537878787878,243.82575757575756,1.999999999998181,0.60959999999944559,0.61,35,1.3
2022-12-28,HENDERSON,00H,SG,243.82481060606059,243.82518939393938,1.999999999998181,0.60959999999944559,0.61,35,1.3
2022-12-28,HENDERSON,00H,SG,246.44469696969696,246.44507575757575,1.999999999998181,0.60959999999944559,0.61,38,-1.1
2022-12-28,HENDERSON,00H,SG,243.8155303030303,243.81590909090909,1.999999999998181,0.60959999999944559,0.61,35,0.8
2022-12-28,HENDERSON,00H,SG,243.83352272727274,243.83390151515152,1.999999999998181,0.60959999999944559,0.61,35,1.9
2022-12-28,HENDERSON,00H,SG,246.47159090909091,246.47215909090909,2.9999999999972715,0.91439999999916843,0.61,38,-0.3
2022-12-28,HENDERSON,00H,SG,243.74488636363637,243.74545454545455,2.9999999999972715,0.91439999999916843,0.61,35,0
2022-12-28,HENDERSON,00H,SG,243.75,243.75056818181818,2.9999999999972715,0.91439999999916843,0.61,35,0
2022-12-28,HENDERSON,00H,SG,243.78295454545454,243.78352272727273,2.9999999999972715,0.91439999999916843,0.61,36,-0.1
2022-12-28,HENDERSON,00H,SG,243.77405303030304,243.77462121212122,2.9999999999972715,0.91439999999916843,0.61,36,0
2022-12-28,HENDERSON,00H,SG,243.78106060606061,243.78162878787879,2.9999999999972715,0.91439999999916843,0.61,36,-0.1
2022-12-28,HENDERSON,00H,SG,243.75359848484848,243.75416666666666,2.9999999999972715,0.91439999999916843,0.61,35,0
2022-12-28,HENDERSON,00H,SG,243.8346590909091,243.83522727272728,2.9999999999972715,0.91439999999916843,0.61,35,1.9
2022-12-28,HENDERSON,00H,SG,243.73958333333334,243.74015151515152,2.9999999999972715,0.91439999999916843,0.61,35,0
2022-12-28,HENDERSON,00H,SG,243.76685606060607,243.76761363636365,3.999999999996362,1.2191999999988912,0.61,36,0
2022-12-28,HENDERSON,00H,SG,243.83617424242425,243.83693181818182,3.999999999996362,1.2191999999988912,0.61,35,2
2022-12-28,HENDERSON,00H,SG,243.56477272727273,243.5655303030303,3.999999999996362,1.2191999999988912,0.61,37,-0.2
2022-12-28,HENDERSON,00H,SG,243.75700757575757,243.75776515151514,3.999999999996362,1.2191999999988912,0.61,35,0
2022-12-28,HENDERSON,00H,SG,246.81761363636363,246.81837121212121,3.999999999996362,1.2191999999988912,0.61,37,0
2022-12-28,HENDERSON,00H,SG,243.7721590909091,243.77291666666667,3.999999999996362,1.2191999999988912,0.61,36,0
2022-12-28,HENDERSON,00H,SG,243.56382575757576,243.56458333333333,3.999999999996362,1.2191999999988912,0.61,36,-0.3
2022-12-28,HENDERSON,00H,SG,243.83522727272728,243.83598484848486,3.999999999996362,1.2191999999988912,0.61,35,2
2022-12-28,HENDERSON,00H,SG,243.81761363636363,243.81837121212121,3.999999999996362,1.2191999999988912,0.61,35,0.9
2022-12-28,HENDERSON,00H,SG,243.56306818181818,243.56382575757576,3.999999999996362,1.2191999999988912,0.61,37,-0.3
2022-12-28,HENDERSON,00H,SG,243.75511363636363,243.75587121212121,3.999999999996362,1.2191999999988912,0.61,35,0
2022-12-28,HENDERSON,00H,SG,243.77045454545456,243.77121212121213,3.999999999996362,1.2191999999988912,0.61,36,0
2022-12-28,HENDERSON,00H,SG,243.8185606060606,243.81931818181818,3.999999999996362,1.2191999999988912,0.61,35,0.9
2022-12-28,HENDERSON,00H,SG,243.76060606060605,243.76136363636363,3.999999999996362,1.2191999999988912,0.61,35,0
2022-12-28,HENDERSON,00H,SG,243.76325757575756,243.76401515151514,3.999999999996362,1.2191999999988912,0.61,36,0
2022-12-28,HENDERSON,00H,SG,243.56022727272727,243.56098484848485,3.999999999996362,1.2191999999988912,0.61,36,-0.4
2022-12-28,HENDERSON,00H,SG,246.47613636363636,246.47708333333333,4.9999999999954525,1.523999999998614,0.61,38,-0.2
2022-12-28,HENDERSON,00H,SG,243.81117424242424,243.81212121212121,4.9999999999954525,1.523999999998614,0.61,35,0.6
2022-12-28,HENDERSON,00H,SG,243.75416666666666,243.75511363636363,4.9999999999954525,1.523999999998614,0.61,36,0
2022-12-28,HENDERSON,00H,SG,243.76401515151514,243.76496212121211,4.9999999999954525,1.523999999998614,0.61,35,0
2022-12-28,HENDERSON,00H,SG,243.77121212121213,243.7721590909091,4.9999999999954525,1.523999999998614,0.61,35,0
2022-12-28,HENDERSON,00H,SG,243.7659090909091,243.76685606060607,4.9999999999954525,1.523999999998614,0.61,35,0
2022-12-28,HENDERSON,00H,SG,243.75871212121211,243.75965909090908,4.9999999999954525,1.523999999998614,0.61,35,0
2022-12-28,HENDERSON,00H,SG,243.76950757575759,243.77045454545456,4.9999999999954525,1.523999999998614,0.61,35,0
2022-12-28,HENDERSON,00H,SG,243.82291666666666,243.82386363636363,4.9999999999954525,1.523999999998614,0.61,35,1.2
2022-12-28,HENDERSON,00H,SG,243.76136363636363,243.76231060606059,4.9999999999954525,1.523999999998614,0.61,36,0
2022-12-28,HENDERSON,00H,SG,243.76231060606059,243.76325757575756,4.9999999999954525,1.523999999998614,0.61,35,0
2022-12-28,HENDERSON,00H,SG,243.75776515151514,243.75871212121211,4.9999999999954525,1.523999999998614,0.61,36,0
2022-12-28,HENDERSON,00H,SG,243.76856060606062,243.76950757575759,4.9999999999954525,1.523999999998614,0.61,36,0
2022-12-28,HENDERSON,00H,SG,243.76761363636365,243.76856060606062,4.9999999999954525,1.523999999998614,0.61,35,0
2022-12-28,HENDERSON,00H,SG,243.75965909090908,243.76060606060605,4.9999999999954525,1.523999999998614,0.61,36,0
2022-12-28,HENDERSON,00H,SG,243.8276515151515,243.8285984848485,5.0000000001455192,1.5240000000443543,0.61,35,1.5
2022-12-28,HENDERSON,00H,SG,243.76496212121211,243.7659090909091,5.0000000001455192,1.5240000000443543,0.61,36,0
2022-12-28,HENDERSON,00H,SG,243.77973484848485,243.78087121212121,5.999999999994543,1.8287999999983369,0.61,35,0
2022-12-28,HENDERSON,00H,SG,243.81231060606061,243.81344696969697,5.999999999994543,1.8287999999983369,0.61,35,0.6
2022-12-28,HENDERSON,00H,SG,246.81837121212121,246.81950757575757,5.999999999994543,1.8287999999983369,0.61,38,0
2022-12-28,HENDERSON,00H,SG,243.77291666666667,243.77405303030304,5.999999999994543,1.8287999999983369,0.61,35,0
2022-12-28,HENDERSON,00H,SG,246.43958333333333,246.44071969696969,5.999999999994543,1.8287999999983369,0.61,38,-1.2
2022-12-28,HENDERSON,00H,SG,243.74886363636364,243.75,5.999999999994543,1.8287999999983369,0.61,36,0
2022-12-28,HENDERSON,00H,SG,243.5655303030303,243.56666666666666,5.999999999994543,1.8287999999983369,0.61,36,-0.2
2022-12-28,HENDERSON,00H,SG,243.81609848484848,243.81723484848484,5.999999999994543,1.8287999999983369,0.61,35,0.8
2022-12-28,HENDERSON,00H,SG,243.75587121212121,243.75700757575757,5.999999999994543,1.8287999999983369,0.61,36,0
2022-12-28,HENDERSON,00H,SG,243.57803030303029,243.57916666666668,6.00000000014461,1.8288000000440772,0.61,36,0
2022-12-28,HENDERSON,00H,SG,243.77462121212122,243.77594696969697,6.9999999999936335,2.1335999999980597,0.61,35,0
2022-12-28,HENDERSON,00H,SG,243.74545454545455,243.74678030303031,6.9999999999936335,2.1335999999980597,0.61,36,0
2022-12-28,HENDERSON,00H,SG,243.75056818181818,243.75189393939394,6.9999999999936335,2.1335999999980597,0.61,36,0
2022-12-28,HENDERSON,00H,SG,243.83068181818183,243.83200757575759,6.9999999999936335,2.1335999999980597,0.61,35,1.7
2022-12-28,HENDERSON,00H,SG,243.83844696969697,243.83977272727273,6.9999999999936335,2.1335999999980597,0.61,35,2.2
2022-12-28,HENDERSON,00H,SG,243.56174242424242,243.56306818181818,6.9999999999936335,2.1335999999980597,0.61,36,-0.3
2022-12-28,HENDERSON,00H,SG,243.78162878787879,243.78295454545454,6.9999999999936335,2.1335999999980597,0.61,35,-0.1
2022-12-28,HENDERSON,00H,SG,243.74356060606061,243.74488636363637,6.9999999999936335,2.1335999999980597,0.61,36,0
2022-12-28,HENDERSON,00H,SG,243.75227272727273,243.75359848484848,6.9999999999936335,2.1335999999980597,0.61,36,0
2022-12-28,HENDERSON,00H,SG,243.56685606060606,243.56818181818181,6.9999999999936335,2.1335999999980597,0.61,36,-0.2
2022-12-28,HENDERSON,00H,SG,243.83693181818182,243.83844696969697,7.999999999992724,2.4383999999977823,0.61,35,2.1
2022-12-28,HENDERSON,00H,SG,246.82518939393938,246.82670454545453,7.999999999992724,2.4383999999977823,0.61,38,0
2022-12-28,HENDERSON,00H,SG,243.77803030303031,243.77954545454546,7.999999999992724,2.4383999999977823,0.61,35,0
2022-12-28,HENDERSON,00H,SG,243.7469696969697,243.74848484848485,7.999999999992724,2.4383999999977823,0.61,36,0
2022-12-28,HENDERSON,00H,SG,243.83200757575759,243.83352272727274,7.999999999992724,2.4383999999977823,0.61,35,1.8
2022-12-28,HENDERSON,00H,SG,246.82348484848484,246.825,7.999999999992724,2.4383999999977823,0.61,38,0
2022-12-28,HENDERSON,00H,SG,243.81950757575757,243.82102272727272,7.999999999992724,2.4383999999977823,0.61,35,1
2022-12-28,HENDERSON,00H,SG,243.77632575757576,243.77784090909091,7.999999999992724,2.4383999999977823,0.61,35,0
2022-12-28,HENDERSON,00H,SG,243.82897727272729,243.83068181818183,8.9999999999918145,2.743199999997505,0.61,35,1.6
2022-12-28,HENDERSON,00H,SG,243.81344696969697,243.81515151515151,8.9999999999918145,2.743199999997505,0.61,35,0.7
2022-12-28,HENDERSON,00H,SG,243.82575757575756,243.82746212121211,8.9999999999918145,2.743199999997505,0.61,35,1.4
2022-12-28,HENDERSON,00H,SG,243.82102272727272,243.82291666666666,9.9999999999909051,3.047999999997228,0.61,35,1.1
2022-12-28,HENDERSON,00H,SG,243.80852272727273,243.81060606060606,10.999999999989996,3.3527999999969507,0.61,35,0.5
2022-12-28,HENDERSON,00H,SG,246.43712121212121,246.43939393939394,11.999999999989086,3.6575999999966737,0.61,38,-1.2
2022-12-28,HENDERSON,00H,SG,243.80625,243.80852272727273,11.999999999989086,3.6575999999966737,0.61,35,0.4
2022-12-28,HENDERSON,00H,SG,243.74015151515152,243.74318181818182,15.999999999985448,4.8767999999955647,0.61,36,0
2022-12-28,HENDERSON,00H,SG,246.82708333333332,246.83011363636365,16.000000000135515,4.876800000041305,0.61,38,0
2022-12-28,HENDERSON,00H,SG,246.80928030303031,246.8125,16.999999999984539,5.1815999999952878,0.61,38,0
2022-12-28,HENDERSON,00H,SG,246.44924242424241,246.45246212121211,16.999999999984539,5.1815999999952878,0.61,38,-0.9
2022-12-28,HENDERSON,00H,SG,243.73636363636365,243.73958333333334,16.999999999984539,5.1815999999952878,0.61,36,0
2022-12-28,HENDERSON,00H,SG,246.45738636363637,246.46060606060607,16.999999999984539,5.1815999999952878,0.61,38,-0.7
2022-12-28,HENDERSON,00H,SG,243.79886363636365,243.80227272727274,17.999999999983629,5.48639999999501,0.61,35,0.2
2022-12-28,HENDERSON,00H,SG,243.5685606060606,243.57196969696969,17.999999999983629,5.48639999999501,0.61,36,-0.1
2022-12-28,HENDERSON,00H,SG,246.81988636363636,246.82329545454544,17.999999999983629,5.48639999999501,0.61,38,0
2022-12-28,HENDERSON,00H,SG,246.44507575757575,246.44867424242423,18.99999999998272,5.791199999994733,0.61,38,-1
2022-12-28,HENDERSON,00H,SG,246.46799242424242,246.47159090909091,18.99999999998272,5.791199999994733,0.61,38,-0.4
2022-12-28,HENDERSON,00H,SG,246.47253787878788,246.47613636363636,18.99999999998272,5.791199999994733,0.61,38,-0.3
2022-12-28,HENDERSON,00H,SG,246.42462121212122,246.42821969696971,18.99999999998272,5.791199999994733,0.61,38,-1.5
2022-12-28,HENDERSON,00H,SG,246.46439393939394,246.46799242424242,18.99999999998272,5.791199999994733,0.61,38,-0.5
2022-12-28,HENDERSON,00H,SG,246.44071969696969,246.44450757575757,19.99999999998181,6.0959999999944561,0.61,38,-1.1
2022-12-28,HENDERSON,00H,SG,246.46060606060607,246.46439393939394,19.99999999998181,6.0959999999944561,0.61,38,-0.6
2022-12-28,HENDERSON,00H,SG,243.79507575757575,243.79886363636365,20.000000000131877,6.0960000000401964,0.61,35,0.1
2022-12-28,HENDERSON,00H,SG,243.80227272727274,243.80625,20.9999999999809,6.4007999999941791,0.61,35,0.3
2022-12-28,HENDERSON,00H,SG,246.42064393939393,246.42462121212122,21.000000000130967,6.4008000000399194,0.61,38,-1.6
2022-12-28,HENDERSON,00H,SG,246.42821969696971,246.43257575757576,22.999999999979082,7.0103999999936244,0.61,38,-1.4
2022-12-28,HENDERSON,00H,SG,246.43257575757576,246.43712121212121,23.999999999978172,7.3151999999933475,0.61,38,-1.3
2022-12-28,HENDERSON,00H,SG,246.45246212121211,246.45700757575759,24.000000000128239,7.3152000000390878,0.61,38,-0.8
2022-12-28,HENDERSON,00H,SG,246.81287878787879,246.81761363636363,24.999999999977263,7.61999999999307,0.61,38,0
2022-12-28,HENDERSON,00H,SG,243.78352272727273,243.78825757575757,24.999999999977263,7.61999999999307,0.61,35,-0.1
2022-12-28,HENDERSON,00H,SG,246.47727272727272,246.48238636363635,26.999999999975444,8.2295999999925158,0.61,38,-0.2
2022-12-28,HENDERSON,00H,SG,243.57215909090908,243.57803030303029,30.999999999971806,9.4487999999914063,0.61,36,-0.1
2022-12-28,HENDERSON,00H,SG,243.78844696969696,243.79507575757575,34.999999999968168,10.667999999990299,0.61,35,0
2022-12-28,HENDERSON,00H,SG,246.55890151515152,246.57689393939393,94.9999999999136,28.955999999973667,0.61,38,0.1
2022-12-28,HENDERSON,00H,SG,246.48238636363635,246.50549242424242,122.00000000003911,37.185600000011924,0.61,38,-0.1
2022-12-28,HENDERSON,00H,SG,246.50549242424242,246.55890151515152,282.00000000004366,85.95360000001331,0.61,38,0
2022-12-28,HENDERSON,00H,SG,243.57935606060607,243.73617424242425,827.99999999999727,252.37439999999918,0.61,36,0
2022-12-28,HENDERSON,00H,SG,246.57689393939393,246.80890151515152,1225.0000000000864,373.38000000002637,0.61,38,0
2022-12-28,HENDERSON,00H,SG,245.34375,245.34393939393939,0.99999999999909051,0.30479999999972279,0.64,37,0.8
2022-12-28,HENDERSON,00H,SG,245.34431818181818,245.34450757575758,0.99999999999909051,0.30479999999972279,0.64,38,0.8
2022-12-28,HENDERSON,00H,SG,245.85738636363635,245.85757575757575,0.99999999999909051,0.30479999999972279,0.64,37,-0.3
2022-12-28,HENDERSON,00H,SG,245.77935606060606,245.77954545454546,0.99999999999909051,0.30479999999972279,0.64,38,0
2022-12-28,HENDERSON,00H,SG,245.85643939393938,245.85662878787878,0.99999999999909051,0.30479999999972279,0.64,38,-0.2
2022-12-28,HENDERSON,00H,SG,245.34412878787879,245.34431818181818,0.99999999999909051,0.30479999999972279,0.64,38,0.7
2022-12-28,HENDERSON,00H,SG,245.34242424242424,245.34261363636364,0.99999999999909051,0.30479999999972279,0.64,38,0.9
2022-12-28,HENDERSON,00H,SG,245.80606060606061,245.80625,0.99999999999909051,0.30479999999972279,0.64,37,0.1
2022-12-28,HENDERSON,00H,SG,245.79015151515151,245.7903409090909,0.99999999999909051,0.30479999999972279,0.64,38,-0.1
2022-12-28,HENDERSON,00H,SG,245.80568181818182,245.80587121212122,0.99999999999909051,0.30479999999972279,0.64,37,0.1
2022-12-28,HENDERSON,00H,SG,245.80587121212122,245.80606060606061,0.99999999999909051,0.30479999999972279,0.64,37,0
2022-12-28,HENDERSON,00H,SG,245.34583333333333,245.34602272727273,0.99999999999909051,0.30479999999972279,0.64,38,0.7
2022-12-28,HENDERSON,00H,SG,245.86420454545456,245.86439393939395,0.99999999999909051,0.30479999999972279,0.64,37,-0.5
2022-12-28,HENDERSON,00H,SG,245.85340909090908,245.85359848484848,0.99999999999909051,0.30479999999972279,0.64,37,-0.2
2022-12-28,HENDERSON,00H,SG,245.34128787878788,245.34147727272727,0.99999999999909051,0.30479999999972279,0.64,38,1
2022-12-28,HENDERSON,00H,SG,245.34393939393939,245.34412878787879,0.99999999999909051,0.30479999999972279,0.64,37,0.7
2022-12-28,HENDERSON,00H,SG,245.86988636363637,245.87007575757576,0.99999999999909051,0.30479999999972279,0.64,37,-0.7
2022-12-28,HENDERSON,00H,SG,245.86155303030304,245.86174242424244,0.99999999999909051,0.30479999999972279,0.64,37,-0.4
2022-12-28,HENDERSON,00H,SG,245.76818181818183,245.76856060606062,1.999999999998181,0.60959999999944559,0.64,37,0
2022-12-28,HENDERSON,00H,SG,245.77537878787879,245.77575757575758,1.999999999998181,0.60959999999944559,0.64,37,0
2022-12-28,HENDERSON,00H,SG,245.34753787878788,245.34791666666666,1.999999999998181,0.60959999999944559,0.64,38,0.6
2022-12-28,HENDERSON,00H,SG,245.34015151515152,245.34053030303031,1.999999999998181,0.60959999999944559,0.64,37,1
2022-12-28,HENDERSON,00H,SG,245.82973484848486,245.83011363636365,1.999999999998181,0.60959999999944559,0.64,38,0
2022-12-28,HENDERSON,00H,SG,245.77348484848486,245.77386363636364,1.999999999998181,0.60959999999944559,0.64,37,0
2022-12-28,HENDERSON,00H,SG,245.34545454545454,245.34583333333333,1.999999999998181,0.60959999999944559,0.64,37,0.7
2022-12-28,HENDERSON,00H,SG,245.76988636363637,245.77026515151516,1.999999999998181,0.60959999999944559,0.64,37,0
2022-12-28,HENDERSON,00H,SG,245.34204545454546,245.34242424242424,1.999999999998181,0.60959999999944559,0.64,38,0.8
2022-12-28,HENDERSON,00H,SG,245.77708333333334,245.77746212121212,1.999999999998181,0.60959999999944559,0.64,37,0
2022-12-28,HENDERSON,00H,SG,245.76628787878789,245.76666666666668,1.999999999998181,0.60959999999944559,0.64,37,0
2022-12-28,HENDERSON,00H,SG,245.34715909090909,245.34753787878788,1.999999999998181,0.60959999999944559,0.64,37,0.6
2022-12-28,HENDERSON,00H,SG,245.84034090909091,245.8407196969697,1.999999999998181,0.60959999999944559,0.64,38,0
2022-12-28,HENDERSON,00H,SG,245.78238636363636,245.78276515151515,1.999999999998181,0.60959999999944559,0.64,37,-0.1
2022-12-28,HENDERSON,00H,SG,245.85094696969696,245.85132575757575,1.999999999998181,0.60959999999944559,0.64,38,-0.1
2022-12-28,HENDERSON,00H,SG,245.80454545454546,245.80492424242425,1.999999999998181,0.60959999999944559,0.64,38,0
2022-12-28,HENDERSON,00H,SG,245.77159090909092,245.7721590909091,2.9999999999972715,0.91439999999916843,0.64,37,0
2022-12-28,HENDERSON,00H,SG,245.83674242424243,245.83731060606061,2.9999999999972715,0.91439999999916843,0.64,38,0
2022-12-28,HENDERSON,00H,SG,245.77878787878788,245.77935606060606,2.9999999999972715,0.91439999999916843,0.64,37,0
2022-12-28,HENDERSON,00H,SG,245.83484848484849,245.83541666666667,2.9999999999972715,0.91439999999916843,0.64,38,0
2022-12-28,HENDERSON,00H,SG,245.78768939393939,245.78825757575757,2.9999999999972715,0.91439999999916843,0.64,37,-0.1
2022-12-28,HENDERSON,00H,SG,245.83314393939395,245.83371212121213,2.9999999999972715,0.91439999999916843,0.64,38,0
2022-12-28,HENDERSON,00H,SG,245.7590909090909,245.75965909090908,2.9999999999972715,0.91439999999916843,0.64,37,0
2022-12-28,HENDERSON,00H,SG,245.78579545454545,245.78636363636363,2.9999999999972715,0.91439999999916843,0.64,37,-0.1
2022-12-28,HENDERSON,00H,SG,245.78049242424242,245.78106060606061,2.9999999999972715,0.91439999999916843,0.64,37,-0.1
2022-12-28,HENDERSON,00H,SG,245.75189393939394,245.75246212121212,2.9999999999972715,0.91439999999916843,0.64,37,0
2022-12-28,HENDERSON,00H,SG,245.75549242424242,245.7560606060606,2.9999999999972715,0.91439999999916843,0.64,37,0
2022-12-28,HENDERSON,00H,SG,245.84375,245.84431818181818,2.9999999999972715,0.91439999999916843,0.64,38,0
2022-12-28,HENDERSON,00H,SG,245.34147727272727,245.34204545454546,2.9999999999972715,0.91439999999916843,0.64,38,0.9
2022-12-28,HENDERSON,00H,SG,245.8276515151515,245.82821969696968,2.9999999999972715,0.91439999999916843,0.64,38,0
2022-12-28,HENDERSON,00H,SG,245.76458333333332,245.7651515151515,2.9999999999972715,0.91439999999916843,0.64,37,0
2022-12-28,HENDERSON,00H,SG,245.79299242424241,245.79356060606059,2.9999999999972715,0.91439999999916843,0.64,37,0
2022-12-28,HENDERSON,00H,SG,245.82594696969696,245.82651515151514,2.9999999999972715,0.91439999999916843,0.64,38,0
2022-12-28,HENDERSON,00H,SG,245.82405303030302,245.82481060606059,3.999999999996362,1.2191999999988912,0.64,38,0
2022-12-28,HENDERSON,00H,SG,245.83125,245.83200757575759,3.999999999996362,1.2191999999988912,0.64,38,0
2022-12-28,HENDERSON,00H,SG,245.80719696969697,245.80795454545455,3.999999999996362,1.2191999999988912,0.64,37,0.1
2022-12-28,HENDERSON,00H,SG,245.81515151515151,245.81590909090909,3.999999999996362,1.2191999999988912,0.64,38,0
2022-12-28,HENDERSON,00H,SG,245.85662878787878,245.85738636363635,3.999999999996362,1.2191999999988912,0.64,37,-0.2
2022-12-28,HENDERSON,00H,SG,245.79109848484848,245.79185606060605,3.999999999996362,1.2191999999988912,0.64,37,0
2022-12-28,HENDERSON,00H,SG,245.73219696969696,245.73295454545453,3.999999999996362,1.2191999999988912,0.64,37,0
2022-12-28,HENDERSON,00H,SG,245.8125,245.81325757575758,3.999999999996362,1.2191999999988912,0.64,37,0.1
2022-12-28,HENDERSON,00H,SG,245.86174242424244,245.8625,3.999999999996362,1.2191999999988912,0.64,37,-0.3
2022-12-28,HENDERSON,00H,SG,245.81704545454545,245.81780303030303,3.999999999996362,1.2191999999988912,0.64,38,0
2022-12-28,HENDERSON,00H,SG,245.78939393939393,245.79015151515151,3.999999999996362,1.2191999999988912,0.64,37,-0.1
2022-12-28,HENDERSON,00H,SG,245.80094696969698,245.80170454545456,3.999999999996362,1.2191999999988912,0.64,38,0
2022-12-28,HENDERSON,00H,SG,245.79469696969696,245.79545454545453,3.999999999996362,1.2191999999988912,0.64,37,0
2022-12-28,HENDERSON,00H,SG,245.78390151515151,245.78465909090909,3.999999999996362,1.2191999999988912,0.64,37,-0.1
2022-12-28,HENDERSON,00H,SG,245.7903409090909,245.79109848484848,3.999999999996362,1.2191999999988912,0.64,38,0
2022-12-28,HENDERSON,00H,SG,245.82234848484848,245.82310606060605,3.999999999996362,1.2191999999988912,0.64,38,0
2022-12-28,HENDERSON,00H,SG,245.81875,245.81950757575757,3.999999999996362,1.2191999999988912,0.64,38,0
2022-12-28,HENDERSON,00H,SG,245.79829545454547,245.79905303030304,3.999999999996362,1.2191999999988912,0.64,37,0
2022-12-28,HENDERSON,00H,SG,245.34053030303031,245.34128787878788,3.999999999996362,1.2191999999988912,0.64,38,0.9
2022-12-28,HENDERSON,00H,SG,245.80984848484849,245.81060606060606,3.999999999996362,1.2191999999988912,0.64,38,0.1
2022-12-28,HENDERSON,00H,SG,245.80492424242425,245.80568181818182,3.999999999996362,1.2191999999988912,0.64,37,0
2022-12-28,HENDERSON,00H,SG,245.86439393939395,245.86515151515152,3.999999999996362,1.2191999999988912,0.64,37,-0.4
2022-12-28,HENDERSON,00H,SG,245.34450757575758,245.34545454545454,4.9999999999954525,1.523999999998614,0.64,38,0.7
2022-12-28,HENDERSON,00H,SG,245.7973484848485,245.79829545454547,4.9999999999954525,1.523999999998614,0.64,38,0
2022-12-28,HENDERSON,00H,SG,245.80795454545455,245.80890151515152,4.9999999999954525,1.523999999998614,0.64,38,0.1
2022-12-28,HENDERSON,00H,SG,245.82140151515151,245.82234848484848,4.9999999999954525,1.523999999998614,0.64,37,0
2022-12-28,HENDERSON,00H,SG,245.80625,245.80719696969697,4.9999999999954525,1.523999999998614,0.64,38,0.1
2022-12-28,HENDERSON,00H,SG,245.81060606060606,245.81155303030303,4.9999999999954525,1.523999999998614,0.64,37,0.1
2022-12-28,HENDERSON,00H,SG,245.79545454545453,245.7964015151515,4.9999999999954525,1.523999999998614,0.64,38,0
2022-12-28,HENDERSON,00H,SG,245.81155303030303,245.8125,4.9999999999954525,1.523999999998614,0.64,38,0.1
2022-12-28,HENDERSON,00H,SG,245.77954545454546,245.78049242424242,4.9999999999954525,1.523999999998614,0.64,38,-0.1
2022-12-28,HENDERSON,00H,SG,245.79905303030304,245.8,4.9999999999954525,1.523999999998614,0.64,38,0
2022-12-28,HENDERSON,00H,SG,245.8,245.80094696969698,4.9999999999954525,1.523999999998614,0.64,37,0
2022-12-28,HENDERSON,00H,SG,245.82045454545454,245.82140151515151,4.9999999999954525,1.523999999998614,0.64,38,0
2022-12-28,HENDERSON,00H,SG,245.80265151515152,245.80359848484849,4.9999999999954525,1.523999999998614,0.64,38,0
2022-12-28,HENDERSON,00H,SG,245.80359848484849,245.80454545454546,4.9999999999954525,1.523999999998614,0.64,37,0
2022-12-28,HENDERSON,00H,SG,245.81780303030303,245.81875,4.9999999999954525,1.523999999998614,0.64,37,0
2022-12-28,HENDERSON,00H,SG,245.82310606060605,245.82405303030302,4.9999999999954525,1.523999999998614,0.64,37,0
2022-12-28,HENDERSON,00H,SG,245.81420454545454,245.81515151515151,4.9999999999954525,1.523999999998614,0.64,37,0
2022-12-28,HENDERSON,00H,SG,245.80890151515152,245.80984848484849,4.9999999999954525,1.523999999998614,0.64,37,0.1
2022-12-28,HENDERSON,00H,SG,245.81950757575757,245.82045454545454,4.9999999999954525,1.523999999998614,0.64,37,0
2022-12-28,HENDERSON,00H,SG,245.80170454545456,245.80265151515152,4.9999999999954525,1.523999999998614,0.64,37,0
2022-12-28,HENDERSON,00H,SG,245.81325757575758,245.81420454545454,4.9999999999954525,1.523999999998614,0.64,38,0
2022-12-28,HENDERSON,00H,SG,245.7964015151515,245.7973484848485,5.0000000001455192,1.5240000000443543,0.64,37,0
2022-12-28,HENDERSON,00H,SG,245.85757575757575,245.85871212121211,5.999999999994543,1.8287999999983369,0.64,37,-0.2
2022-12-28,HENDERSON,00H,SG,245.82481060606059,245.82594696969696,5.999999999994543,1.8287999999983369,0.64,37,0
2022-12-28,HENDERSON,00H,SG,245.83011363636365,245.83125,5.999999999994543,1.8287999999983369,0.64,37,0
2022-12-28,HENDERSON,00H,SG,245.78276515151515,245.78390151515151,5.999999999994543,1.8287999999983369,0.64,38,-0.1
2022-12-28,HENDERSON,00H,SG,245.83200757575759,245.83314393939395,5.999999999994543,1.8287999999983369,0.64,37,0
2022-12-28,HENDERSON,00H,SG,245.79356060606059,245.79469696969696,5.999999999994543,1.8287999999983369,0.64,38,0
2022-12-28,HENDERSON,00H,SG,245.78465909090909,245.78579545454545,5.999999999994543,1.8287999999983369,0.64,38,-0.1
2022-12-28,HENDERSON,00H,SG,245.34602272727273,245.34715909090909,5.999999999994543,1.8287999999983369,0.64,38,0.6
2022-12-28,HENDERSON,00H,SG,245.81590909090909,245.81704545454545,5.999999999994543,1.8287999999983369,0.64,37,0
2022-12-28,HENDERSON,00H,SG,245.82651515151514,245.8276515151515,5.999999999994543,1.8287999999983369,0.64,37,0
2022-12-28,HENDERSON,00H,SG,245.78825757575757,245.78939393939393,5.999999999994543,1.8287999999983369,0.64,38,-0.1
2022-12-28,HENDERSON,00H,SG,245.34261363636364,245.34375,5.999999999994543,1.8287999999983369,0.64,38,0.8
2022-12-28,HENDERSON,00H,SG,245.83371212121213,245.83484848484849,5.999999999994543,1.8287999999983369,0.64,37,0
2022-12-28,HENDERSON,00H,SG,245.79185606060605,245.79299242424241,5.999999999994543,1.8287999999983369,0.64,38,0
2022-12-28,HENDERSON,00H,SG,245.7651515151515,245.76628787878789,6.00000000014461,1.8288000000440772,0.64,38,0
2022-12-28,HENDERSON,00H,SG,245.78636363636363,245.78768939393939,6.9999999999936335,2.1335999999980597,0.64,38,-0.1
2022-12-28,HENDERSON,00H,SG,245.7721590909091,245.77348484848486,6.9999999999936335,2.1335999999980597,0.64,38,0
2022-12-28,HENDERSON,00H,SG,245.77746212121212,245.77878787878788,6.9999999999936335,2.1335999999980597,0.64,38,0
2022-12-28,HENDERSON,00H,SG,245.83541666666667,245.83674242424243,6.9999999999936335,2.1335999999980597,0.64,37,0
2022-12-28,HENDERSON,00H,SG,245.85359848484848,245.85492424242423,6.9999999999936335,2.1335999999980597,0.64,37,-0.1
2022-12-28,HENDERSON,00H,SG,245.77575757575758,245.77708333333334,6.9999999999936335,2.1335999999980597,0.64,38,0
2022-12-28,HENDERSON,00H,SG,245.77026515151516,245.77159090909092,6.9999999999936335,2.1335999999980597,0.64,38,0
2022-12-28,HENDERSON,00H,SG,245.78106060606061,245.78238636363636,6.9999999999936335,2.1335999999980597,0.64,38,-0.1
2022-12-28,HENDERSON,00H,SG,245.76856060606062,245.76988636363637,6.9999999999936335,2.1335999999980597,0.64,38,0
2022-12-28,HENDERSON,00H,SG,245.76666666666668,245.76818181818183,7.999999999992724,2.4383999999977823,0.64,38,0
2022-12-28,HENDERSON,00H,SG,245.77386363636364,245.77537878787879,7.999999999992724,2.4383999999977823,0.64,38,0
2022-12-28,HENDERSON,00H,SG,245.85492424242423,245.85643939393938,7.999999999992724,2.4383999999977823,0.64,37,-0.2
2022-12-28,HENDERSON,00H,SG,245.82821969696971,245.82973484848486,7.999999999992724,2.4383999999977823,0.64,37,0
2022-12-28,HENDERSON,00H,SG,245.8625,245.86420454545456,8.9999999999918145,2.743199999997505,0.64,37,-0.4
2022-12-28,HENDERSON,00H,SG,245.86799242424243,245.86988636363637,9.9999999999909051,3.047999999997228,0.64,37,-0.6
2022-12-28,HENDERSON,00H,SG,245.34791666666666,245.35,10.999999999989996,3.3527999999969507,0.64,38,0.5
2022-12-28,HENDERSON,00H,SG,245.85132575757575,245.85340909090908,10.999999999989996,3.3527999999969507,0.64,37,-0.1
2022-12-28,HENDERSON,00H,SG,245.35,245.35246212121211,12.999999999988177,3.9623999999963964,0.64,38,0.4
2022-12-28,HENDERSON,00H,SG,245.86515151515152,245.86799242424243,14.999999999986358,4.5719999999958416,0.64,37,-0.5
2022-12-28,HENDERSON,00H,SG,245.85871212121211,245.86155303030304,15.000000000136424,4.5720000000415819,0.64,37,-0.3
2022-12-28,HENDERSON,00H,SG,245.8407196969697,245.84375,15.999999999985448,4.8767999999955647,0.64,37,0
2022-12-28,HENDERSON,00H,SG,245.35246212121211,245.35549242424241,15.999999999985448,4.8767999999955647,0.64,38,0.3
2022-12-28,HENDERSON,00H,SG,245.7560606060606,245.7590909090909,15.999999999985448,4.8767999999955647,0.64,38,0
2022-12-28,HENDERSON,00H,SG,245.84431818181818,245.84734848484848,15.999999999985448,4.8767999999955647,0.64,37,0
2022-12-28,HENDERSON,00H,SG,245.83731060606061,245.84034090909091,15.999999999985448,4.8767999999955647,0.64,37,0
2022-12-28,HENDERSON,00H,SG,245.75246212121212,245.75549242424242,15.999999999985448,4.8767999999955647,0.64,38,0
2022-12-28,HENDERSON,00H,SG,245.84734848484848,245.85094696969696,18.99999999998272,5.791199999994733,0.64,37,-0.1
2022-12-28,HENDERSON,00H,SG,245.70814393939395,245.71287878787879,24.999999999977263,7.61999999999307,0.64,38,0.1
2022-12-28,HENDERSON,00H,SG,245.75965909090908,245.76458333333332,25.999999999976353,7.9247999999927927,0.64,38,0
2022-12-28,HENDERSON,00H,SG,245.35549242424241,245.36268939393941,38.000000000115506,11.582400000035207,0.64,38,0.2
2022-12-28,HENDERSON,00H,SG,245.43333333333334,245.44602272727272,66.999999999939064,20.421599999981428,0.64,38,0
2022-12-28,HENDERSON,00H,SG,245.44602272727272,245.45890151515152,68.000000000088221,20.726400000026889,0.64,38,0.1
2022-12-28,HENDERSON,00H,SG,245.41685606060605,245.43333333333334,87.000000000070941,26.517600000021623,0.64,38,0.1
2022-12-28,HENDERSON,00H,SG,245.73295454545453,245.75189393939394,100.00000000005912,30.48000000001802,0.64,38,0
2022-12-28,HENDERSON,00H,SG,245.51136363636363,245.53049242424242,101.00000000005821,30.784800000017743,0.64,38,0.1
2022-12-28,HENDERSON,00H,SG,245.71287878787879,245.73219696969696,101.99999999990723,31.089599999971725,0.64,38,0
2022-12-28,HENDERSON,00H,SG,245.36268939393941,245.38560606060605,120.99999999988995,36.880799999966456,0.64,38,0.1
2022-12-28,HENDERSON,00H,SG,245.38560606060605,245.41685606060605,165,50.292,0.64,38,0
2022-12-28,HENDERSON,00H,SG,245.59753787878788,245.62897727272727,165.99999999999909,50.596799999999725,0.64,38,-0.1
2022-12-28,HENDERSON,00H,SG,245.45890151515152,245.51136363636363,276.99999999989814,84.429599999968957,0.64,38,0
2022-12-28,HENDERSON,00H,SG,245.53049242424242,245.59753787878788,353.99999999997817,107.89919999999336,0.64,38,0
2022-12-28,HENDERSON,00H,SG,245.62897727272727,245.70814393939395,418.00000000007003,127.40640000002135,0.64,38,0
2022-12-28,HENDERSON,00H,SG,244.15643939393939,244.15662878787879,0.99999999999909051,0.30479999999972279,0.65,35,-0.6
2022-12-28,HENDERSON,00H,SG,244.16439393939393,244.16458333333333,0.99999999999909051,0.30479999999972279,0.65,35,-0.9
2022-12-28,HENDERSON,00H,SG,244.16420454545454,244.16439393939393,0.99999999999909051,0.30479999999972279,0.65,35,-1
2022-12-28,HENDERSON,00H,SG,244.16401515151514,244.16420454545454,0.99999999999909051,0.30479999999972279,0.65,35,-0.9
2022-12-28,HENDERSON,00H,SG,244.15265151515152,244.15284090909091,0.99999999999909051,0.30479999999972279,0.65,35,-0.3
2022-12-28,HENDERSON,00H,SG,244.15757575757576,244.15776515151515,0.99999999999909051,0.30479999999972279,0.65,35,-0.6
2022-12-28,HENDERSON,00H,SG,244.16893939393938,244.16912878787878,0.99999999999909051,0.30479999999972279,0.65,35,-1.2
2022-12-28,HENDERSON,00H,SG,244.16912878787878,244.16931818181817,0.99999999999909051,0.30479999999972279,0.65,35,-1.3
2022-12-28,HENDERSON,00H,SG,244.15625,244.15643939393939,0.99999999999909051,0.30479999999972279,0.65,35,-0.5
2022-12-28,HENDERSON,00H,SG,244.14583333333334,244.14602272727274,0.99999999999909051,0.30479999999972279,0.65,35,-0.1
2022-12-28,HENDERSON,00H,SG,244.15246212121212,244.15265151515152,0.99999999999909051,0.30479999999972279,0.65,35,-0.4
2022-12-28,HENDERSON,00H,SG,244.15662878787879,244.15681818181818,0.99999999999909051,0.30479999999972279,0.65,35,-0.5
2022-12-28,HENDERSON,00H,SG,244.1714015151515,244.1715909090909,0.99999999999909051,0.30479999999972279,0.65,35,-1.3
2022-12-28,HENDERSON,00H,SG,244.15227272727273,244.15246212121212,0.99999999999909051,0.30479999999972279,0.65,35,-0.3
2022-12-28,HENDERSON,00H,SG,244.15681818181818,244.15700757575758,0.99999999999909051,0.30479999999972279,0.65,35,-0.6
2022-12-28,HENDERSON,00H,SG,244.14867424242425,244.14886363636364,0.99999999999909051,0.30479999999972279,0.65,35,-0.2
2022-12-28,HENDERSON,00H,SG,244.11515151515152,244.11534090909092,0.99999999999909051,0.30479999999972279,0.65,35,0.3
2022-12-28,HENDERSON,00H,SG,244.16875,244.16893939393938,0.99999999999909051,0.30479999999972279,0.65,35,-1.3
2022-12-28,HENDERSON,00H,SG,244.17708333333334,244.17727272727274,0.99999999999909051,0.30479999999972279,0.65,35,-1.6
2022-12-28,HENDERSON,00H,SG,244.16931818181817,244.16950757575756,0.99999999999909051,0.30479999999972279,0.65,35,-1.2
2022-12-28,HENDERSON,00H,SG,244.17973484848486,244.18011363636364,1.999999999998181,0.60959999999944559,0.65,35,-1.9
2022-12-28,HENDERSON,00H,SG,244.14526515151516,244.14583333333334,2.9999999999972715,0.91439999999916843,0.65,35,-0.2
2022-12-28,HENDERSON,00H,SG,244.11458333333334,244.11515151515152,2.9999999999972715,0.91439999999916843,0.65,35,0.2
2022-12-28,HENDERSON,00H,SG,244.15700757575758,244.15757575757576,2.9999999999972715,0.91439999999916843,0.65,35,-0.7
2022-12-28,HENDERSON,00H,SG,244.17064393939393,244.1714015151515,3.999999999996362,1.2191999999988912,0.65,35,-1.4
2022-12-28,HENDERSON,00H,SG,244.17632575757577,244.17708333333334,3.999999999996362,1.2191999999988912,0.65,35,-1.7
2022-12-28,HENDERSON,00H,SG,244.14791666666667,244.14867424242425,3.999999999996362,1.2191999999988912,0.65,35,-0.3
2022-12-28,HENDERSON,00H,SG,244.16458333333333,244.1653409090909,3.999999999996362,1.2191999999988912,0.65,35,-1
2022-12-28,HENDERSON,00H,SG,244.11003787878789,244.11079545454547,3.999999999996362,1.2191999999988912,0.65,35,0.4
2022-12-28,HENDERSON,00H,SG,244.17727272727274,244.17803030303031,3.999999999996362,1.2191999999988912,0.65,35,-1.7
2022-12-28,HENDERSON,00H,SG,244.16325757575757,244.16401515151514,3.999999999996362,1.2191999999988912,0.65,35,-1
2022-12-28,HENDERSON,00H,SG,244.16950757575756,244.17064393939393,5.999999999994543,1.8287999999983369,0.65,35,-1.3
2022-12-28,HENDERSON,00H,SG,244.1715909090909,244.17272727272729,6.00000000014461,1.8288000000440772,0.65,35,-1.4
2022-12-28,HENDERSON,00H,SG,244.15776515151515,244.15909090909091,6.9999999999936335,2.1335999999980597,0.65,35,-0.7
2022-12-28,HENDERSON,00H,SG,244.15492424242424,244.15625,6.9999999999936335,2.1335999999980597,0.65,35,-0.6
2022-12-28,HENDERSON,00H,SG,244.15075757575758,244.15227272727273,7.999999999992724,2.4383999999977823,0.65,35,-0.4
2022-12-28,HENDERSON,00H,SG,244.17272727272729,244.17443181818183,8.9999999999918145,2.743199999997505,0.65,35,-1.5
2022-12-28,HENDERSON,00H,SG,244.17803030303031,244.17973484848486,8.9999999999918145,2.743199999997505,0.65,35,-1.8
2022-12-28,HENDERSON,00H,SG,244.16704545454544,244.16875,8.9999999999918145,2.743199999997505,0.65,35,-1.2
2022-12-28,HENDERSON,00H,SG,244.1653409090909,244.16704545454544,8.9999999999918145,2.743199999997505,0.65,35,-1.1
2022-12-28,HENDERSON,00H,SG,244.14886363636364,244.15075757575758,9.9999999999909051,3.047999999997228,0.65,35,-0.3
2022-12-28,HENDERSON,00H,SG,244.17443181818183,244.17632575757577,9.9999999999909051,3.047999999997228,0.65,35,-1.6
2022-12-28,HENDERSON,00H,SG,244.16136363636363,244.16325757575757,9.9999999999909051,3.047999999997228,0.65,35,-0.9
2022-12-28,HENDERSON,00H,SG,244.14602272727274,244.14791666666667,9.9999999999909051,3.047999999997228,0.65,35,-0.2
2022-12-28,HENDERSON,00H,SG,244.15284090909091,244.15492424242424,10.999999999989996,3.3527999999969507,0.65,35,-0.5
2022-12-28,HENDERSON,00H,SG,244.15909090909091,244.16136363636363,11.999999999989086,3.6575999999966737,0.65,35,-0.8
2022-12-28,HENDERSON,00H,SG,244.11534090909092,244.11799242424243,13.999999999987267,4.2671999999961194,0.65,35,0.2
2022-12-28,HENDERSON,00H,SG,244.11079545454547,244.11458333333334,19.99999999998181,6.0959999999944561,0.65,35,0.3
2022-12-28,HENDERSON,00H,SG,244.14071969696971,244.14526515151516,23.999999999978172,7.3151999999933475,0.65,35,-0.1
2022-12-28,HENDERSON,00H,SG,244.11799242424243,244.12727272727273,48.999999999955435,14.935199999986416,0.65,35,0.1
2022-12-28,HENDERSON,00H,SG,244.12727272727273,244.14071969696968,70.999999999935426,21.64079999998032,0.65,35,0
2022-12-28,HENDERSON,00H,SG,244.39261363636365,244.39280303030304,0.99999999999909051,0.30479999999972279,0.68,35,0.5
2022-12-28,HENDERSON,00H,SG,244.3909090909091,244.3910984848485,0.99999999999909051,0.30479999999972279,0.68,35,0.4
2022-12-28,HENDERSON,00H,SG,244.33219696969698,244.33238636363637,0.99999999999909051,0.30479999999972279,0.68,35,0
2022-12-28,HENDERSON,00H,SG,244.38371212121211,244.38390151515151,0.99999999999909051,0.30479999999972279,0.68,35,0.2
2022-12-28,HENDERSON,00H,SG,244.37935606060606,244.37954545454545,0.99999999999909051,0.30479999999972279,0.68,36,0
2022-12-28,HENDERSON,00H,SG,244.42651515151516,244.42670454545456,0.99999999999909051,0.30479999999972279,0.68,35,1.4
2022-12-28,HENDERSON,00H,SG,244.37916666666666,244.37935606060606,0.99999999999909051,0.30479999999972279,0.68,36,0.1
2022-12-28,HENDERSON,00H,SG,244.41041666666666,244.41060606060606,0.99999999999909051,0.30479999999972279,0.68,35,1
2022-12-28,HENDERSON,00H,SG,244.34469696969697,244.34488636363636,0.99999999999909051,0.30479999999972279,0.68,35,-0.1
2022-12-28,HENDERSON,00H,SG,244.40700757575758,244.40719696969697,0.99999999999909051,0.30479999999972279,0.68,35,0.9
2022-12-28,HENDERSON,00H,SG,244.36420454545456,244.36458333333334,1.999999999998181,0.60959999999944559,0.68,35,-0.1
2022-12-28,HENDERSON,00H,SG,244.37821969696969,244.37859848484848,1.999999999998181,0.60959999999944559,0.68,35,0
2022-12-28,HENDERSON,00H,SG,244.33844696969697,244.33901515151516,2.9999999999972715,0.91439999999916843,0.68,36,-0.1
2022-12-28,HENDERSON,00H,SG,244.3659090909091,244.36647727272728,2.9999999999972715,0.91439999999916843,0.68,35,-0.1
2022-12-28,HENDERSON,00H,SG,244.33901515151516,244.33958333333334,2.9999999999972715,0.91439999999916843,0.68,35,-0.1
2022-12-28,HENDERSON,00H,SG,244.37859848484848,244.37916666666666,2.9999999999972715,0.91439999999916843,0.68,36,0
2022-12-28,HENDERSON,00H,SG,244.40909090909091,244.41041666666666,6.9999999999936335,2.1335999999980597,0.68,36,1
2022-12-28,HENDERSON,00H,SG,244.36458333333334,244.3659090909091,6.9999999999936335,2.1335999999980597,0.68,36,-0.1
2022-12-28,HENDERSON,00H,SG,244.38958333333332,244.3909090909091,7.0000000001437,2.1336000000438,0.68,36,0.4
2022-12-28,HENDERSON,00H,SG,244.40549242424242,244.40700757575758,7.999999999992724,2.4383999999977823,0.68,36,0.9
2022-12-28,HENDERSON,00H,SG,244.42859848484849,244.43011363636364,7.999999999992724,2.4383999999977823,0.68,36,1.5
2022-12-28,HENDERSON,00H,SG,244.3910984848485,244.39261363636365,7.999999999992724,2.4383999999977823,0.68,36,0.4
2022-12-28,HENDERSON,00H,SG,244.42462121212122,244.42651515151516,9.9999999999909051,3.047999999997228,0.68,36,1.4
2022-12-28,HENDERSON,00H,SG,244.40719696969697,244.40909090909091,9.9999999999909051,3.047999999997228,0.68,36,0.9
2022-12-28,HENDERSON,00H,SG,244.41060606060606,244.4125,9.9999999999909051,3.047999999997228,0.68,36,1
2022-12-28,HENDERSON,00H,SG,244.42670454545456,244.42859848484849,9.9999999999909051,3.047999999997228,0.68,36,1.4
2022-12-28,HENDERSON,00H,SG,244.33011363636365,244.33219696969698,10.999999999989996,3.3527999999969507,0.68,36,0
2022-12-28,HENDERSON,00H,SG,244.38390151515151,244.38636363636363,12.999999999988177,3.9623999999963964,0.68,36,0.2
2022-12-28,HENDERSON,00H,SG,244.39905303030304,244.40208333333334,15.999999999985448,4.8767999999955647,0.68,36,0.7
2022-12-28,HENDERSON,00H,SG,244.39280303030304,244.39583333333334,15.999999999985448,4.8767999999955647,0.68,36,0.5
2022-12-28,HENDERSON,00H,SG,244.38636363636363,244.38958333333332,16.999999999984539,5.1815999999952878,0.68,36,0.3
2022-12-28,HENDERSON,00H,SG,244.39583333333334,244.39905303030304,16.999999999984539,5.1815999999952878,0.68,36,0.6
2022-12-28,HENDERSON,00H,SG,244.40208333333334,244.40549242424242,17.999999999983629,5.48639999999501,0.68,36,0.8
2022-12-28,HENDERSON,00H,SG,244.41666666666666,244.42007575757575,17.999999999983629,5.48639999999501,0.68,36,1.2
2022-12-28,HENDERSON,00H,SG,244.37954545454545,244.38371212121211,21.999999999979991,6.7055999999939013,0.68,36,0.1
2022-12-28,HENDERSON,00H,SG,244.4125,244.41666666666666,21.999999999979991,6.7055999999939013,0.68,36,1.1
2022-12-28,HENDERSON,00H,SG,244.42007575757575,244.42462121212122,24.000000000128239,7.3152000000390878,0.68,36,1.3
2022-12-28,HENDERSON,00H,SG,244.37310606060606,244.37821969696969,26.999999999975444,8.2295999999925158,0.68,36,0
2022-12-28,HENDERSON,00H,SG,244.33958333333334,244.34469696969697,26.999999999975444,8.2295999999925158,0.68,36,-0.1
2022-12-28,HENDERSON,00H,SG,244.33238636363637,244.33844696969697,31.999999999970896,9.75359999999113,0.68,36,0
2022-12-28,HENDERSON,00H,SG,244.36647727272728,244.37310606060606,34.999999999968168,10.667999999990299,0.68,36,-0.1
2022-12-28,HENDERSON,00H,SG,244.34488636363636,244.36420454545456,102.0000000000573,31.089600000017466,0.68,36,-0.1
