dist_bin,dist_nb_nb,res_grade_newtons_nb,res_curve_newtons_nb,res_total_nb,te_newtons_nb,dist_nb_sb,res_grade_newtons_sb,res_curve_newtons_sb,res_total_sb,te_newtons_sb
50020.0,50023.1471797563,-82141.74377404222,2137.8341498175064,68804.55698777095,348038.16344685614,50028.91175967106,15098.044550328774,1270.304317563429,170134.21459732787,257533.47927429772
50040.0,50041.4758197563,-82046.87188394812,1640.4667185601766,73359.46056404772,160758.72524101756,50047.240399671064,20956.676578127368,1787.27813667717,176509.8204442402,263909.08512121
50130.0,50133.88263791082,-81744.91444799265,37.93112069622707,73425.71386204794,339669.83560078364,50139.41525792086,50088.82781941864,2218.7271561330017,211305.30945713597,-360092.1835990013
50150.0,50152.43479791082,-81744.91444799244,32.396264012096836,77133.15157937535,-360092.1835990013,50157.974027913064,55994.04585231176,2219.7367071284916,217059.45232279593,327494.9273265659
50170.0,50170.76343791082,-81744.91444799225,27.968099141807155,72048.91938058523,159448.18405755505,50176.75631790527,61897.18568041015,2220.2492383907315,222963.10468215658,312494.05874149146
50280.0,50282.82277242192,-81744.91444799205,25.77646708630718,77126.53178244995,-359188.2525783022,50288.93620924732,81919.1380644724,957.2103148399874,240960.63490340434,-37587.71783271541
50300.0,50301.391951444806,-81744.91444799189,22.539286612796097,72561.96323907637,339863.1448709155,50307.52999018054,81822.09742882916,436.0692087276641,236024.0323669925,340867.78633762145
50410.0,50413.091721942066,-81744.91444799244,15.314596655076858,77116.06991201833,-360092.1835990013,50418.56088277078,81744.91444801672,26.45510517488321,236553.4851674537,-379664.0660129613
50430.0,50431.083861371146,-81744.9144479926,15.346680643087142,72036.29796208614,-373818.2488337185,50436.46224807287,81744.91444800554,26.37354287843276,235537.15372031962,346222.57954839175
50520.0,50522.92415573422,-81744.91444799282,11.30399569995164,72577.43026322393,108388.49230717386,50529.91593031629,81744.91444800144,21.290913449246524,240611.87512480636,-360092.1835990013
50540.0,50541.48423908578,-81744.91444799288,11.901439905505798,72210.82934270917,339775.4463187298,50548.468090316295,81744.91444800406,19.847328911615456,235494.50460260894,339666.38615452376
50660.0,50669.412737303406,-81744.91444799287,6.320546524908121,57522.289225087705,339644.34246480995,50660.077793311415,81744.91444798655,16.261199216539328,235527.04137663875,341928.46927836747
50770.0,50779.19528280968,-81744.91444799279,4.995951834837062,72025.94723327771,339787.8588476967,50770.825062535165,81744.91444799847,12.257541396873016,240602.84175275103,330133.79581208597
50880.0,50889.39064280968,-81744.91444799284,7.791978688744983,72028.74326013158,159428.00793710139,50882.8085825352,81744.91444798843,6.9454075803577275,235517.72558500443,322916.9902619743
50900.0,50907.71928280968,-81744.91444799288,7.791978688744983,72028.74326013154,159428.00793710136,50901.13722253521,81744.91444798805,6.166166954748218,235516.94634437846,322916.21102134825
51010.0,51019.47928280968,-81744.91444799311,17.00221651321674,77117.75753187579,-360092.1835990013,51012.34557338065,81744.91444799697,6.160156177569458,235516.94033361023,339644.34246480995
51030.0,51038.031442809675,-81744.9144479932,18.121555350002488,72039.07283679247,339644.34246480995,51030.897733380654,81744.91444799716,5.839099711139986,240596.423311064,-360092.1835990013
51140.0,51148.67384280967,-81744.91444799303,12.506321670286322,72033.45760311293,159432.72228008273,51141.763653380694,81744.91444799548,8.606587659271328,235519.38676509043,322918.65144206025
51160.0,51167.00248280967,-81744.91444799307,12.506321670286322,72033.45760311288,159432.7222800827,51160.0922933807,81744.91444799586,9.893904760472624,235520.674082192,322919.93875916186
51250.0,51259.31624280967,-81744.91444799256,4.169858545923245,77104.92517390905,166635.87923324396,51252.406053380735,81744.91444799364,19.046829648296235,240609.63104099763,330140.58510033257
51270.0,51278.09192280967,-81744.91444799252,1.9163759080020395,77102.67169127117,166633.62575060612,51271.18173338074,81744.91444799326,17.80104770114212,240608.3852590501,330139.33931838506
51380.0,51389.181362809664,-81744.91444799176,0.0,72020.95128144391,159420.21595841373,51382.62888756927,81744.91444799307,12.506321670447033,235523.28649909917,322922.551176069
51400.0,51407.510002809664,-81744.91444799186,0.0,72020.9512814438,159420.2159584136,51400.95752756928,81744.91444799364,12.506321670447033,235523.28649909975,322922.55117606954
51490.0,51499.15320280966,-81744.9144479915,0.0,72020.95128144417,159420.215958414,51492.60072756931,81744.91444799493,2.92374821258225,235513.70392564317,322912.968602613
51510.0,51517.48184280966,-81744.91444799157,0.0,72020.9512814441,159420.21595841387,51510.92936756932,81744.91444799586,0.7239199231727187,235511.50409735471,322910.76877432456
51640.0,51649.80568280965,-81744.91444799167,0.0,82302.964265764,173965.60770746405,51643.25320756936,81744.91444799455,0.0,245792.79316175025,331751.82421080966
51660.0,51669.02840280965,-81744.91444799157,0.0,82302.96426576411,173965.60770746414,51662.475927569365,81744.91444799419,0.0,245792.79316174987,331751.82421080966
51680.0,51688.25112280965,-81744.91444799176,0.0,82302.96426576392,173965.60770746396,51681.69864756937,81744.91444799364,0.0,245792.79316174932,331751.82421080966
51700.0,51707.473842809646,-81744.91444799195,0.0,82302.96426576373,173965.6077074638,51700.921367569375,81744.91444799307,0.0,245792.79316174873,331751.8242108089
51720.0,51726.69656280965,-81744.91444799186,0.0,82302.96426576382,173965.60770746385,51720.14408756938,81744.91444799345,0.0,245792.79316174914,331751.8242122251
51850.0,51859.243922809634,-81744.91444799205,0.0,77100.75531536364,166631.70937469858,51852.69144756942,81744.91444799252,0.0,240590.5842113482,330121.53827068314
51870.0,51878.01960280963,-81744.91444799205,0.0,77100.75531536364,166631.70937469858,51871.46712756943,81744.91444799252,0.0,240590.5842113482,330121.53827068314
51890.0,51896.79528280963,-81744.91444799214,0.0,77100.75531536355,166631.7093746985,51890.24280756943,81744.91444799233,0.0,240590.58421134803,330121.53827068297
52000.0,52008.555282809626,-81744.91444799176,0.0,77100.75531536393,-388520.513883133,52002.89688756947,81744.91444799269,0.0,221005.79757454834,339686.12129315943
52020.0,52025.54280280963,-81744.91444799186,0.0,57515.968678563804,138520.1652084383,52020.77848756946,81744.91444799288,0.0,221005.79757454855,302009.99410442304
52050.0,52059.51784280963,-81744.91444799167,0.0,57515.96867856399,138520.16520843847,52054.75352756945,81744.91444799326,0.0,221005.79757454892,302009.9941044234
52070.0,52076.50536280963,-81744.91444799176,0.0,57515.968678563906,138520.16520843838,52071.74104756945,81744.91444799307,0.0,221005.79757454875,302009.9941044232
52120.0,52127.46792280964,-81744.91444799186,0.0,57515.968678563804,138520.1652084383,52122.703607569434,81744.91444799345,0.0,221005.7975745491,302009.99410442356
52170.0,52178.43048280965,-81744.91444799167,0.0,57515.96867856399,138520.16520843847,52173.66616756943,81744.91444799381,0.0,221005.79757454948,302009.99410442397
52190.0,52195.41800280965,-81744.91444799176,0.0,57515.968678563906,138520.16520843838,52190.65368756943,81744.91444799419,0.0,221005.79757454986,302009.9941044243
52220.0,52229.39304280966,-81744.91444799195,0.0,57515.96867856372,138520.16520843818,52224.628727569434,81744.91444799419,0.0,221005.79757454986,302009.9941044243
52240.0,52246.38056280966,-81744.91444799195,0.0,57515.96867856372,138520.16520843818,52241.61624756944,81744.91444799419,0.0,221005.79757454986,302009.9941044243
52310.0,52318.80104280966,-81744.91444799195,0.0,77100.75531536374,166631.7093746987,52314.03672756944,81744.91444799419,0.0,240590.5842113499,330121.53827068483
52330.0,52337.57672280966,-81744.91444799195,0.0,77100.75531536374,166631.7093746987,52332.812407569436,81744.91444799419,0.0,240590.5842113499,330121.53827068483
52350.0,52356.35240280966,-81744.91444799186,0.0,77100.75531536383,166631.70937469875,52351.588087569435,81744.91444799419,0.0,240590.5842113499,330121.53827068483
52370.0,52375.12808280966,-81744.91444799195,0.0,77100.75531536374,166631.7093746987,52370.36376756943,81744.91444799419,0.0,240590.5842113499,330121.53827068483
52460.0,52469.00648280965,-81744.91444799279,0.0,77100.7553153629,166631.70937469782,52464.24216756943,81744.91444799474,0.0,240590.58421135042,330121.53827068536
52480.0,52487.78216280965,-81744.91444799298,0.0,77100.75531536271,166631.70937469765,52483.01784756943,81744.91444799493,0.0,240590.58421135062,330121.5382706856
52500.0,52506.55784280965,-81744.91444799269,0.0,77100.755315363,166631.70937469794,52501.793527569425,81744.91444799567,0.0,240590.58421135135,330121.5382706863
52520.0,52525.33352280965,-81744.91444799279,0.0,77100.7553153629,166631.70937469782,52520.569207569424,81744.91444799567,0.0,240590.58421135135,330121.5382706863
52610.0,52619.21192280964,-81744.91444799353,0.0,77100.75531536216,166631.7093746971,52614.44760756942,81744.91444799735,0.0,240590.58421135304,330121.538270688
52630.0,52637.98760280964,-81744.91444799326,0.0,77100.75531536243,166631.70937469736,52633.22328756942,81744.91444799773,0.0,240590.58421135342,330121.5382706884
52650.0,52656.76328280964,-81744.91444799372,0.0,77100.75531536197,166631.7093746969,52651.998967569416,81744.9144479983,0.0,240590.58421135397,330121.5382706889
52670.0,52675.53896280964,-81744.91444799372,0.0,77100.75531536197,166631.7093746969,52670.774647569415,81744.91444799866,0.0,240590.58421135435,330121.5382706893
52760.0,52769.41736280963,-81717.70921819448,0.3659352981399503,77128.32648045935,166659.2805397943,52764.65304756941,81744.9144479983,0.0,240590.58421135397,330121.5382706889
52780.0,52788.19304280963,-81029.00957158135,9.075970785578289,77825.73616255992,167356.69022189485,52783.42872756941,81744.91444799904,0.0,240590.58421135473,330121.53827068966
52800.0,52806.96872280963,-80340.3099249714,17.428970213282927,78522.78880859757,168053.7428679325,52802.20440756941,81744.91444799866,0.0,240590.58421135435,330121.5382706893
52820.0,52825.74440280963,-79651.61027836108,21.96105155662376,79216.02053655124,168746.9745958862,52820.980087569405,81744.91444799866,0.0,240590.58421135435,330121.5382706893
52910.0,52919.62280280962,-76208.11204530575,52.60387004511401,82690.16158809506,172221.11564742998,52914.8584875694,81744.91444799904,0.0,240590.58421135473,330121.53827068966
52930.0,52938.39848280962,-75519.41239869541,60.001872688619144,83386.2592373489,172917.21329668383,52933.634167569406,81744.91444799866,0.0,240590.58421135435,330121.5382706893
52950.0,52957.17416280962,-74830.71275208547,81.05778152058048,84096.0147927908,173626.96885212575,52952.4098475694,81744.91444799866,0.0,240590.58421135435,330121.5382706893
52970.0,52975.94984280962,-74142.01310547515,91.26821618327097,84794.92487406381,174325.87893339872,52971.185527569396,81744.91444799866,0.0,240590.58421135435,330121.5382706893
53080.0,53089.48887218616,-71962.78354010843,78.48897107429406,86961.37519432156,176492.3292536565,53085.06967438213,78283.39922534054,33.88803309790025,241979.16882175585,331778.95457277284
53100.0,53108.26455218616,-71864.39787630894,75.82462878733668,87057.09651583408,176588.05057516904,53104.275988333815,77578.90374868107,45.65142107890972,241672.43388351565,281404.2193867266
53120.0,53127.26375218616,-71766.01221250872,69.33767793425477,87148.99522878122,331836.8377892688,53123.4823022855,76882.00529675565,48.644091407636935,235776.31915151898,331745.6368260935
53140.0,53146.26295218616,-71666.45529080469,59.01607284640048,92440.43949579739,-351518.5601799775,53142.4815022855,76185.10684482912,55.707121932326494,240288.69268051712,-351518.5601799775
53160.0,53165.03863218616,-71566.8983691014,58.87593362730279,87337.6473278816,176868.60138721653,53161.480702285495,75488.2083929022,64.05461798928908,234397.9327742472,331760.3280759266
53180.0,53184.03783218616,-71468.51270529987,54.29477563992173,87431.45183369574,331836.69152259215,53180.47990228549,74799.5087462913,163.47280002733402,233808.65130967431,323339.6053690093
53270.0,53279.25735218615,-70966.04306516971,595.1183044422241,93676.95395302819,-378558.44942459115,53275.922942285484,72153.5984105854,169.85261864017008,217440.16008034494,331834.5362120014
53290.0,53296.601197288706,-70869.99991717338,597.2266437403805,73700.69913760269,-132328.91933067268,53294.304947928686,72061.50192074617,164.65406854538713,218078.7178543233,193739.89378241458
53310.0,53313.80082792638,-70845.59252159414,592.1784541424531,71792.71055962975,-16115.294219738375,53311.88041731645,71969.68507000223,162.4722885568254,216105.62976959476,362140.83749864856
53340.0,53348.508938344465,-70845.59252159265,592.0783915414037,72022.29298121374,359884.6836703547,53346.613561061036,71788.14009512837,153.32193320354972,220749.9286403276,-388520.513883133
53360.0,53366.0864119836,-70845.59252159191,591.3224512090355,76796.4767282562,-295573.2136095854,53364.04812106103,71695.38257669844,142.64171621520995,216743.68458163942,356682.74150633387
53380.0,53383.2974519836,-70845.59252159079,590.8632425743263,73718.74313201923,-388520.513883133,53381.74973953276,71602.6250582644,140.70766346280237,220551.79933372285,-269259.58705060364
53410.0,53418.1665719836,-70845.59252159228,588.3614488019958,78551.23553920539,-388520.513883133,53417.10943800448,71418.14302377538,135.33561273242245,217965.95194986643,-59004.50576201887
53430.0,53435.6011319836,-70845.59252159247,586.5035913760563,69001.79419633925,356626.55958805047,53434.65745929517,71325.01910567268,165.92590557591694,220299.41162324426,-44696.51306174663
53450.0,53453.4827319836,-70845.59252159284,582.0307367511465,78544.90482715397,163812.4801217587,53452.429000585864,71231.31847347911,253.70540293838508,220293.49048841317,305561.06578301784
53470.0,53471.364331983605,-70845.59252159265,456.5202698074038,78419.39436021041,163686.96965481513,53470.310600585864,71137.61784128705,389.4004722135079,220335.48492549622,305603.0602201009
53480.0,53489.245931983605,-70845.59252159247,341.5227627336474,78304.39685313684,163571.97214774156,53488.192200585865,71043.91720909534,476.1652126425774,220328.54903373358,305596.1243283383
53500.0,53507.127531983606,-70845.59252159247,200.57608546461844,78163.45017586782,163431.02547047252,53506.073800585866,70951.3878348054,584.7188029595516,215509.57904880063,356668.1957994906
53520.0,53524.78561198361,-70504.80568696128,283.4051724079935,78587.06609744238,-378558.44942459115,53523.73188058587,70860.02971841871,584.7188029595516,215418.22093241394,298554.10684465355
53540.0,53542.22017198361,-70134.68818980317,348.93834392568016,74187.7225651582,157323.60847739782,53541.16644058587,70845.5925215867,580.0389307516831,215399.1038633741,298534.98977561365
53550.0,53559.65473198361,-69769.25572425491,563.7052604935926,74767.92194727437,157903.80785951397,53558.60100058587,70845.59252159079,579.6093220515031,215398.674254678,298534.5601669176
53570.0,53576.86577198361,-69403.82325870627,776.4703106229947,75346.11946295243,-388520.513883133,53576.03556058587,70845.59252159414,578.9862947643102,210685.46194291412,365821.190611813
53590.0,53593.853291983614,-69043.07582476783,954.55182184507,71172.35912363291,152176.55565350736,53593.24660058587,70845.59252159749,578.4911634751105,210684.96681162826,291689.1633415027
53610.0,53611.064331983616,-68687.01342243885,1208.888678562776,71782.75838267959,365893.74864046695,53610.234120585876,70845.59252159824,577.369959820585,215396.43489245453,-388520.513883133
53620.0,53628.49889198362,-68326.26598850041,1382.0546027330895,77029.26102526837,160165.14693750796,53627.44516058588,70845.59252159526,576.8894120313621,215395.9543446623,298531.84025690187
53640.0,53645.93345198362,-67960.83352295196,1581.3236838965572,77593.96257198029,160729.8484842199,53644.87972058588,70845.59252159414,575.0733036513546,215394.13823628117,298530.0241485208
53660.0,53663.36801198362,-67595.40105740406,1892.8162063932307,78270.88756002486,161406.77347226447,53662.31428058588,70845.5925215934,572.6014879852697,215391.66642061435,298527.55233285396
53690.0,53698.237131983624,-66864.53612630808,2531.2506772908155,79640.18696201843,162776.072874258,53697.183400585884,70845.59252159043,424.3931632470509,215243.45809587318,298379.34400811273
53710.0,53715.671691983625,-66499.10366075963,2860.131703301765,80334.50045357781,163470.38636581742,53714.617960585885,70845.59252159191,332.01436277498294,215151.07929540257,298286.9652076422
53730.0,53733.10625198363,-66133.67119521156,3194.9408291148115,81034.74204493895,164170.62795717854,53732.05252058589,70813.37944766037,193.57277159506393,214980.42463029112,298116.31054253073
53760.0,53769.987051983626,-65114.180460766416,3685.466236782901,97416.95553937217,186947.9095987071,53767.52504615562,70104.47275962711,353.83108513117526,229303.97360811397,105663.11818350675
53780.0,53788.762731983625,-64803.01915652956,3683.2682659886,97725.91887281473,187256.87293214965,53786.23357172535,69710.93010442136,569.9967305979603,229126.596598375,318657.55065771
53800.0,53807.53841198362,-64507.86216512647,3646.1060840189302,97983.91368224815,187514.86774158306,53805.00925172535,69317.38744921451,812.5153976253279,228975.57261019555,318506.5266695305
53820.0,53826.31409198362,-64212.70517372225,3623.6912225882606,98256.6558122217,187787.60987155666,53823.78493172535,68923.84479400692,1014.954080959258,228784.46863832185,318315.4226976568
53840.0,53845.08977198362,-63917.548182317296,3644.182142155008,98572.3037231934,188103.25778252835,53842.56061172535,68530.30213880155,1289.8269702985742,228665.7988724558,318196.7529317908
53860.0,53863.86545198362,-63622.3911909129,3596.5347771115908,98819.81334955437,188350.7674088893,53861.33629172535,68136.75948359654,1446.591608465414,228429.02085541765,317959.9749147526
53880.0,53882.64113198362,-63327.23419950831,3804.192019389312,99322.6275832367,188853.5816425716,53880.111971725346,67743.21682839119,1750.9551095722964,228339.84170131918,317870.7957606541
53930.0,53938.968171983615,-62441.76322529438,4587.852451065213,100991.75898912652,190522.71304846145,53936.43901172534,66562.58886277472,2789.185904386669,228197.4445305171,317728.39858985203
53950.0,53957.743851983614,-62146.60623388999,4788.498725387152,101487.56225485285,191018.5163141878,53955.21469172534,66169.04620756897,3149.7495783391346,228164.4655492638,317695.4196085987
53970.0,53976.51953198361,-61851.44924248595,4981.794325500419,101976.01484637016,191506.9689057051,53973.99037172534,65761.50295554506,3498.4504832583752,225553.3215223425,339650.6665237908
53990.0,53995.07169198361,-61556.292251081744,5154.1769146347215,102443.55442690867,-360092.1835990013,53992.65441937126,65136.2229964262,3676.998099958186,222579.08682582004,343758.3059011698
54010.0,54013.40033198361,-61326.27550313804,5355.233370967313,97794.82359726494,185194.08827423476,54011.09494701718,64811.97753402865,3685.715859113318,222263.55912257763,309662.82379954745
54060.0,54068.38625198361,-59691.93028642509,5760.014693610772,99833.95013662134,187233.21481359116,54066.08086701718,63947.58920205381,3591.311967010928,221304.76689850038,308704.0315754702
54080.0,54086.71489198361,-59019.62825044814,5890.430261995469,100636.66774098299,188035.93241795278,54084.40950701718,63659.459758065925,3571.122459126709,220996.4479466283,308395.7126235981
54100.0,54105.04353198361,-58347.32621447194,5993.475112175761,101412.01462713949,188811.2793041093,54102.73814701718,63371.33031407544,3754.813459150476,220892.0095026616,308291.27417963144
54120.0,54123.37217198361,-57675.02417849536,6144.604628573092,102235.4461795134,189634.7108564832,54121.06678701718,63083.20087008493,4126.280324824096,220975.3469243447,308374.6116013145
54170.0,54178.35809198361,-55658.11807056525,4882.419238750635,102990.16689762105,190389.43157459088,54176.05270701718,62218.81253811606,4738.882020473766,220723.56028802547,308122.8249649953
54190.0,54196.68673198361,-54985.816034588475,4365.445419637054,103145.49511448425,190544.75979145407,54194.38134701718,61930.68309412556,4931.6517655140815,220628.2005890753,308027.4652660451
54210.0,54215.01537198361,-54313.513998612085,3835.669559930863,103288.02129075445,190687.28596772425,54212.70998701718,61642.55365013507,5104.781344590477,220513.20072416123,307912.465401131
54230.0,54233.34401198361,-53641.211962634945,3302.1960681607848,103426.8498349615,190826.11451193134,54231.03862701718,61364.96055074518,5276.043173750953,220406.8694539318,307806.13413090166
54260.0,54269.77777198361,-52296.60789068067,2262.4288914267686,103731.68673018177,-369094.4881889764,54267.47238701718,60598.30414147254,5515.999272758811,214922.770026227,300190.34532083175
54280.0,54287.65937198361,-51776.654348575714,1996.2928254244896,99028.10508884444,184295.68038344916,54285.35398701718,59942.399716131,5720.553770993672,214471.42009912035,299738.99539372505
54300.0,54305.54097198361,-51771.77915039546,1683.3660389952593,98720.05350059547,183987.6287952002,54303.23558701718,59286.49529078947,5876.107551971557,213971.06945475668,299238.64474936144
54320.0,54323.42257198361,-51771.77915039546,1342.541614579368,98379.22907617957,183646.8043707843,54321.11718701718,58630.59086544868,6011.70131406326,213450.7587915076,298718.3340861123
54350.0,54359.18577198361,-51771.779150394905,675.8173369530379,97712.5047985538,182980.08009315853,54356.88038701718,57318.78201476078,6127.976877502557,212255.225504259,297522.80079886375
54370.0,54377.29089198361,-51771.77915039472,348.52026542039175,97385.20772702133,348025.26986991614,54374.761987017184,56654.67878410023,5661.657138158154,216082.20165169405,-369094.4881889764
54390.0,54395.61953198361,-51143.352314463365,65.19870530197306,102687.71212027429,190086.9767972441,54392.867107017184,55982.37674812253,5131.797263309456,214880.03974086765,302279.30441783747
54410.0,54413.94817198361,-50471.05027848474,52.42251983290535,103347.23797078384,190746.50264775366,54411.195747017184,55310.074712144466,4612.734723324864,213688.675164905,301087.9398418748
54460.0,54468.93409198361,-48454.14417055444,116.1009263750534,105427.82248525627,192827.0871622261,54466.18166701718,53293.16860421137,3026.6920136016465,210085.7263472487,297484.9910242185
54480.0,54487.26273198361,-47781.84213457767,186.34556051902553,106170.36915537702,193569.63383234682,54484.51030701718,52620.86656823368,2509.7181944880576,208896.45049215743,296295.7151691272
54500.0,54505.59137198361,-47109.54009860073,268.5205165046803,106924.84614733962,194324.11082430943,54502.83894701718,51948.56453225635,1992.744375374468,207707.1746370665,295106.4393140363
54520.0,54523.92001198361,-46437.23806262433,383.43789962717574,107712.06556643851,195111.33024340833,54521.16758701718,51771.77915038634,1804.4495217981032,207342.0944016201,294741.35907858994
54570.0,54578.90593198361,-44420.33195469329,853.9472743721457,110199.48104911452,197598.74572608434,54576.15350701718,51771.77915038597,774.3263637011502,206311.97124352277,293711.2359204926
54590.0,54597.23457198361,-43748.02991871633,1040.934253538272,111058.77006425761,198458.0347412274,54594.48214701718,51771.77915038597,438.8468653802012,205976.49174520184,293375.75642217166
54610.0,54616.45729198361,-43075.72788273957,1227.9212327043867,111918.05907940048,317079.99262544425,54612.81078701718,51336.43010694978,103.5591771972008,226259.50064814265,-360092.1835990013
54630.0,54636.57409198361,-42370.630625496065,1424.0295279273676,133872.91026642697,229798.93247285733,54632.03350701718,50598.537628434875,55.560009010992914,225473.60900144154,317007.29869032925
54650.0,54656.69089198361,-42234.87246479156,1605.681794721491,134190.3206939256,230116.34290035596,54652.15030701718,49860.64514992147,78.21522681380729,224758.37174073095,317007.29869032925
54670.0,54676.80769198362,-42234.87246479379,1780.8231221189983,134365.46202132088,230291.4842277512,54672.267107017185,49122.752671409165,97.79702471114096,224040.061060116,317007.29869032925
54690.0,54696.92449198362,-42234.87246479435,1965.6466807313243,134550.28557993265,230476.307786363,54692.38390701719,48384.86019289836,138.01165194197785,223342.38320883602,317007.29869032925
54710.0,54717.04129198362,-42234.8724647936,2152.7953567780373,134737.4342559801,230663.45646241042,54712.50070701719,47646.96771438904,216.26867374850875,222682.74775213323,317007.2986903631
54730.0,54737.15809198363,-42168.80360973836,2244.650745183731,134895.35849944103,230821.38070587136,54732.617507017196,46909.075235878234,314.8524277362958,222043.43902761018,317007.2986267898
54750.0,54757.27489198363,-41871.31365581926,2163.2852442430376,135111.48295241944,231037.50515884976,54752.7343070172,46171.1827573678,435.2924179092932,221425.98653927277,317007.4177295038
54770.0,54777.391691983634,-41555.07402217241,2060.494609012212,135324.93195083545,231250.95415726578,54772.8511070172,45433.29027885699,605.4584013560722,220858.26004420873,316784.28225063905
54790.0,54797.50849198364,-41238.83438852407,1931.1932886038412,135511.87026407543,231437.8924705058,54792.967907017206,44695.39780034656,792.5793416549781,220307.48850599723,316233.5107124275
54810.0,54817.62529198364,-40922.594754876474,1754.836991017307,135651.7536001365,231577.77580656682,54813.08470701721,43957.50532183612,997.2435581194092,219774.2602439512,315700.2824503815
54830.0,54837.74209198365,-40606.35512122925,1563.3960567395295,135776.55229950594,231702.57450593627,54833.20150701721,43219.6128433268,1202.4731693993317,219241.5973767218,315167.6195831521
54850.0,54857.85889198365,-40290.11548758203,1358.958746901256,135888.3546233149,231814.37682974522,54853.318307017216,42482.13697439596,1407.6871142073396,218709.33545259899,314635.3576590293
54870.0,54877.97569198365,-39894.21600081577,1163.9389291518207,136089.23429233173,232015.2564987621,54873.43510701722,42234.87246478821,1594.301524427813,218648.6853532117,314574.70755964203
54890.0,54898.092491983654,-39472.56315595293,972.9948883226058,136319.94309636534,232245.96530279567,54893.55190701722,42234.87246479268,1758.5127980484726,218812.89662683682,314738.9188332672
54910.0,54918.20929198366,-39050.91031108953,787.1240146477136,136555.72506755387,232481.74727398416,54913.66870701723,42234.872464795655,1943.7759017549977,218998.15973054632,314924.1819369766
54930.0,54938.32609198366,-38629.25746622651,604.9773805269062,136795.23127829607,232721.25348472636,54933.78550701722,42234.87246479826,2129.479922975988,219183.86375176994,315109.88595820026
54950.0,54958.442891983665,-38207.60462136348,436.75344790106766,137048.66019053326,232974.68239696356,54953.90230701723,42225.76053597754,2284.6889400717923,219329.960840045,315255.98304647533
54970.0,54978.11265198366,-37745.54005009878,256.9700846919162,137330.9413985888,-343343.7099432339,54974.01910701724,41922.43731781201,2206.9168840328475,213501.84678248054,317016.33961559087
54990.0,54997.33537198366,-37212.102975827474,205.3807893605976,127041.15652728881,218703.79996898884,54993.91238701723,41613.225231574965,2109.0957159962336,213094.8135282069,306889.1463522721
55010.0,55016.74774113091,-36897.95809126046,360.14427888375786,127510.06490137898,325391.61314760987,55013.58214701722,41307.36123871963,1992.7746758747307,207596.3293844351,324212.0006445473
55030.0,55036.16011027816,-36592.79223449538,405.01646534025974,132369.9885317621,-343343.7099432339,55033.03892636055,41005.011019571066,1830.078287609872,206882.96802093662,331406.40146762086
55050.0,55055.382830278155,-36287.62637773179,491.0497684462677,128251.30210447016,219913.9455461702,55052.27218570386,40702.82648075276,1651.2738335465183,206401.97902805495,298064.62246975495
55070.0,55074.60555027815,-35985.441838912746,545.2651837120537,128607.70205855498,220270.34550025503,55071.49490570386,40400.64194193372,1457.1620349498817,205905.68269063928,297568.3261323393
55090.0,55093.82827027815,-35683.25730009388,552.0590486472435,128916.68046230904,220579.3239040091,55090.71762570386,40088.22483755937,1278.5589673810696,176240.69323480251,331797.3382940603
55120.0,55128.697390278154,-35145.06696782998,991.1772476889804,105106.99340641467,-399021.06831240695,55125.159751772786,39394.63007418764,964.2243717289874,175029.5532044723,253902.06035198164
55140.0,55145.23787027816,-34969.378282469384,1301.9374002108482,101003.25787629712,179875.76502380648,55141.70023177279,39047.9377350783,812.2728392410753,174530.90933287505,253403.4164803844
55170.0,55178.31883027816,-34622.68594335875,1517.4731244618145,101565.48593965873,180437.99308716806,55174.781191772796,38354.55305685779,520.1475116712487,173545.3993270847,252417.90647459403
55190.0,55194.85931027817,-34449.33977380372,1533.019885239342,101754.37886999128,180626.88601750063,55191.3216717728,38007.86071774808,386.0237382617242,173064.58321456547,251937.0903620748
55240.0,55248.496890962095,-34060.38101999367,1526.6981438814234,102137.01588244342,331745.6368260935,55244.9664717728,36811.39809028264,414.3849126526342,171896.48176149093,331813.8445355428
55260.0,55266.378490962095,-34060.38101999367,1365.5760836936277,131353.07377745563,-399021.06831240695,55262.8480717728,36551.3788359526,419.4004608094275,171641.4780553177,250513.98520282708
55290.0,55299.4594509621,-34060.3810199933,1272.0075398827255,101882.32527844509,180754.83242595443,55297.270151772806,35989.175042802395,448.29520946193264,171108.16901081998,331814.2064024368
55310.0,55315.999930962105,-34060.38101999293,1169.4610203433967,101779.77875890613,180652.28590641546,55315.151751772806,35729.155788469376,453.73901069274825,170853.5935577178,249726.10070522712
55330.0,55332.54041096211,-34060.3810199933,1148.367461975556,101758.68520053792,180631.19234804725,55331.69223177281,35469.13653413747,483.8346811260302,170623.66997381917,249496.1771213285
55360.0,55369.64473096211,-33869.382749600445,1295.904425113456,131474.4003892687,223137.04383096873,55366.11431177281,35004.66230633661,1127.6269441548368,200180.1679642471,291842.8114059472
55380.0,55388.867450962105,-33466.47003117579,1287.98986264263,131869.39854522253,223532.04198692256,55385.33703177281,34817.26104195135,1406.9547041562116,170894.9145046632,331814.2580844025
55400.0,55406.749050962106,-33063.557312751145,1296.0121561060316,132280.33355711057,-399021.06831240695,55403.21863177281,34643.914872395384,1426.4539669254248,170741.06759787648,249613.5747453858
55430.0,55439.83001096211,-32342.06244487352,1727.1396288035537,104055.77594248569,182928.28308999506,55436.29959177282,34297.222533285305,1449.112096803467,170417.03338864446,249289.54053615374
55450.0,55456.370490962116,-31995.370105764006,2020.9082515730013,104696.23690436466,183568.744051874,55452.84007177282,34123.87636373083,1449.1445964021543,170243.71971868863,249116.22686619798
55480.0,55489.45145096212,-31286.392213267216,2588.0015496357983,105972.30809492424,184844.8152424336,55485.92103177283,34060.381020002045,1338.2279396633471,170069.30771822104,248941.8148657304
55500.0,55505.991930962125,-30853.02678938008,2798.8018411850117,106616.47381036059,185488.98095786994,55502.46151177283,34060.38102000242,1194.1471947678303,169925.22697332592,248797.73412083526
55530.0,55539.07289096213,-29986.295941605644,3098.4105912347736,107782.8134081848,186655.32055569414,55535.542471772846,34060.381020000925,1181.5043799516234,169912.58415850822,248785.0913060176
55550.0,55555.613370962135,-29552.930517718327,3314.3702674938,108432.13850833113,187304.6456558405,55552.08295177284,34060.381020000554,1165.7501213363066,169896.8298998925,248769.33704740187
55580.0,55588.69433096214,-28686.199669944253,3636.570629247838,109621.06971785925,188493.5768653686,55585.16391177285,34021.17741772028,1159.3754431614673,183989.0194728774,-399021.06831240695
55600.0,55606.124533642185,-28252.83424605731,3938.7185011019073,110356.58301360026,348195.3155019196,55602.37495177285,33658.69758218288,1295.0263440804863,188719.58965569903,-369094.4881889764
55620.0,55624.225296322234,-27907.7179356199,4162.766379521113,129923.1043391897,-369094.4881889764,55620.48007177285,33279.210021805695,1294.4062723374557,183382.08290613882,347928.3508176102
55650.0,55659.98849632224,-27708.53027562945,4157.34182699154,125257.27816335775,210524.85345796245,55656.69031177285,32520.234901050197,1559.9591465931885,182888.66065963905,347928.3508176102
55670.0,55677.87009632224,-27614.82964343757,4146.642115613846,125340.27908417194,210607.85437877668,55674.79543177285,32140.74734067338,1875.382295651796,187781.99536576084,-369094.4881889764
55690.0,55695.97521632224,-27504.61990808929,4123.260050577868,125427.10675448424,348010.8827102734,55692.90055177285,31761.259780296194,2201.1927365070965,182770.91912879897,347981.05541422876
55710.0,55714.08033632224,-26903.01369865523,3808.870457255674,130671.72248803612,-369094.4881889764,55711.00567177285,31376.513097601583,2432.887386075477,182617.86709567273,267885.4423902774
55800.0,55809.52337632223,-23759.436384628734,2502.7839912218988,142791.22632034885,234453.8697620489,55805.262530790016,28887.286923959655,3388.8311300811247,196323.99676779646,287986.64020949655
55820.0,55828.746096322226,-23141.837010327166,2244.8963050637385,143150.93800849226,234813.5814501923,55824.485250790014,28383.64602592829,3687.806672908498,196119.33141259247,287781.97485429246
55840.0,55847.96881632222,-22438.57514234657,2094.540204367179,143703.84377577627,235366.48721747633,55843.70797079001,27921.63626092514,4036.5221375570095,196006.03711223783,287668.68055393785
55860.0,55867.19153632222,-21733.477885102504,1758.178605697544,144072.57943435072,235735.22287605077,55862.93069079001,27813.121245834212,4033.0165732651144,195894.016532855,287556.6599745551
55880.0,55886.41425632222,-20967.154020613056,1463.860675629731,144544.58536877236,236207.22881047238,55882.15341079001,27712.393066227865,4024.068733597946,195784.3405135815,287446.9839552815
55900.0,55905.63697632222,-20161.328583765247,1236.3636451521436,145122.91377514257,236785.55721684263,55901.376130790006,27611.664886620776,4013.2516779078937,195672.79527828435,287335.4387199844
55920.0,55924.859696322215,-19355.50314691353,1025.6774255214036,145718.05299236355,237380.69643406357,55920.598850790004,27420.900590272107,3921.023405899549,206161.43536016732,-343343.7099432339
55940.0,55944.52945632221,-18549.677710064047,823.4883391343908,146321.68934282602,317055.43226496305,55940.26861079,26733.281905289477,3543.2463644184713,210665.46333354362,-328083.9895013123
55960.0,55964.646256322216,-17888.496849274747,761.4515702998763,157692.4660850208,253618.48829145113,55960.608930790004,25987.190621462636,3138.124468171908,203944.82645363023,310125.2315777088
55980.0,55984.76305632222,-17677.67042684221,904.1012686136676,158045.94220576712,253971.96441219747,55980.94925079001,25307.590917186742,2960.0470354323625,203087.14931661478,299013.1715230451
56000.0,56004.87985632222,-17466.844004411163,900.9418398908228,158253.60919947532,254179.63140590562,56001.06605079001,24675.11164989267,2699.6245356772624,202194.24754956563,298120.26975599595
56020.0,56024.77313632222,-17256.01758197956,889.6374533345631,158453.13123535068,-335540.4438081603,56021.18285079001,24049.659930010643,2570.862767334187,195993.0152779805,317025.72472241026
56040.0,56044.442896322216,-17047.533675352584,885.566251577874,153210.52515686097,247004.85798092614,56041.07613079001,23431.23575754437,2308.75248903257,195112.48082721262,288906.8136512778
56060.0,56064.78321632222,-16841.392284530804,885.4640712068039,153416.5643673117,303556.20668607316,56060.74589079001,22719.777641409964,2124.803018859958,210925.34434042562,-335540.4438081603
56080.0,56085.79409632222,-16634.868402502332,885.4640712068039,170331.35934886016,270520.7603200207,56081.08621079001,21949.0899416313,1827.6245825749663,209857.47820436198,303517.6052604601
56100.0,56106.80497632222,-16504.68129460852,885.4640712068039,170461.54645675397,270650.94742791454,56102.09709079001,21193.01889696397,1487.6920176610984,176446.57664406073,303557.2412760065
56120.0,56126.47473632222,-16394.583051783076,885.4640712068039,170571.64469957942,-360092.1835990013,56121.76685079001,20426.48248909567,1264.8471727897847,175457.19539132112,262856.46006829094
56140.0,56144.80337632222,-16348.982889600438,829.3304231640965,138246.2132629993,225645.47793996916,56140.09549079001,19658.137305127224,1063.462654519569,174487.46568908246,261886.7303660523
56190.0,56199.78929632222,-16348.982889598949,388.98064032487144,137805.86348016158,225205.12815713143,56195.08141079001,17795.494250883286,841.5602215989564,172402.9202019179,259802.18487888775
56210.0,56218.11793632222,-16348.98288959932,185.47568623093463,137602.35852606728,225001.6232030371,56213.41005079001,17603.407954888753,876.4219622904535,172245.69564661488,259644.96032358467
56230.0,56236.44657632222,-16348.98288959932,21.600589378611463,137438.48342921498,224837.7481061848,56231.73869079001,17411.321658894965,871.9620994537421,172049.14948778437,259448.4141647542
56250.0,56254.77521632222,-16348.98288959932,0.2127657050605079,137417.0956055414,224816.36028251125,56250.06733079001,17219.23536290267,860.7192432739115,171845.82033561222,259245.08501258207
56300.0,56309.76113632222,-16348.982889599692,0.0,137416.88283983598,224816.1475168058,56305.053250790006,16642.97647492391,858.3128254437763,171267.15502980334,258666.41970677316
56320.0,56328.08977632222,-16348.982889599692,0.0,137416.88283983598,224816.1475168058,56323.381890790006,16526.11295375286,858.3128254437763,171150.2915086323,258549.5561856021
56340.0,56346.418416322216,-15949.96580592856,3.640115210834862,137819.54003871794,225218.80471568773,56341.710530790006,16430.069805756528,858.3128254437763,171054.24836063597,258453.51303760576
56360.0,56364.747056322216,-14823.34508452698,12.848238485872614,138955.36888339458,226354.63356036437,56360.039170790005,16354.556234352734,844.0334966462298,170964.45546043463,258363.72013740442
56410.0,56419.732976322215,-11365.79175664663,27.95522357748888,142428.02919636652,229827.29387333634,56415.025090790004,16348.982889595412,436.66585034062246,170551.5144693717,257950.77914634152
56430.0,56438.061616322215,-10213.273980686512,34.615912983488805,143587.20766173265,230986.47233870247,56433.353730790004,16348.982889598765,261.27147636790767,170376.12009540235,257775.38477237214
56450.0,56456.390256322215,-9060.756204726582,38.372768077954944,144743.48229278706,232142.74696975687,56451.682370790004,16348.98288959988,66.46568975385037,170181.31430878938,257580.5789857592
56470.0,56474.718896322214,-7908.238428766278,39.745629802295184,145897.37293047167,233296.6376074415,56470.011010790004,16348.982889600253,0.7988080640697376,170115.6474271,257514.9121040698
56520.0,56529.70481632221,-4450.685100886114,47.06700487381309,149362.24763342337,236761.51231039318,56524.99693079,16348.982889599509,0.0,170114.84861903518,257514.11329600497
56540.0,56548.03345632221,-3298.167324925997,52.73228675323242,150520.4306912629,237919.69536823273,56543.32557079,16348.98288959988,0.0,170114.84861903556,257514.11329600532
56560.0,56566.36209632221,-2145.649548965694,58.53814400885758,151678.75432447882,239078.01900144867,56561.65421079,16297.754382127372,0.2167354864785489,170063.83684704953,257463.10152401932
56700.0,56705.561286520046,0.0,61.787455708057855,186142.55113586376,-320951.7288599795,56700.09351242108,7696.543240394433,40.0320672724729,171784.4540214226,317001.3863004893
56760.0,56766.58224652005,0.0,93.737879680498,180482.67294351617,-343343.7099432339,56760.22039242108,3901.6676366240335,48.74227847730568,167998.288628857,310174.8736653625
56780.0,56785.804966520045,0.0,253.21741350746268,164301.09612726315,255963.73956896318,56780.113672421074,2683.5328653491206,56.98889968557558,170334.64049063405,-213429.16794454723
56930.0,56939.91501928888,0.0,1174.7500823805708,158659.13273974817,331751.79545430024,56937.60958842018,0.0,82.03842897762465,164129.9171427333,-342439.7410176988
56950.0,56958.69069928888,0.0,1172.639508664907,165220.5182224206,-360092.1835990013,56956.64524328974,0.0,99.90456754404394,164147.78328129972,255810.4267229998
56970.0,56977.01933928888,0.0,1159.415340101647,154925.2810695373,242324.54574650712,56975.86796328974,0.0,109.0704092833408,164156.94912303903,255819.59256473905
56990.0,56995.45310709427,0.0,1150.032042237652,154915.89777167334,344044.53061221977,56995.09068328974,0.0,139.97901126196922,153905.84474069765,331745.6368260935
57010.0,57013.88687489968,0.0,1143.748273412136,157283.54340727997,-89129.32368466258,57013.86636328974,0.0,309.38903229648605,169681.88161293216,-360092.1835990013
57030.0,57032.662554899674,0.0,1078.2953101634894,154844.16103959916,331883.54124970536,57032.865563289735,0.0,312.5904982446982,175050.68128170705,-335540.4438081603
57050.0,57051.69927434564,0.0,945.675964840197,164993.5546785959,-338129.29661822965,57052.75553875323,0.0,363.6753324147435,169736.16791305042,317111.48092737206
57070.0,57070.288953791605,0.0,938.6761876700016,160649.025455587,-360092.1835990013,57072.64551421671,0.0,432.004884158519,164479.8835979142,324211.98186951445
57120.0,57126.6159937916,0.0,729.9799343083648,170102.47251494403,-360092.1835990013,57129.196074216714,0.0,1084.8414914419566,154850.70722087764,242249.97189784746
57140.0,57144.9446337916,0.0,614.6065003286163,154380.47222976427,241779.73690673406,57147.52471421671,0.0,1260.0356181756958,170632.52819881137,-360092.1835990013
57160.0,57163.9438337916,0.0,261.7287986116445,154027.5945280473,324264.8089498447,57166.52391421671,0.0,1236.3700718785976,170608.86265251428,264403.1954765795
57180.0,57183.6135937916,0.0,0.0,169372.49258063568,263166.8254047009,57186.19367421671,0.0,1230.116641905547,170602.6092225412,264396.94204660645
57200.0,57203.283353791594,0.0,0.0,169372.49258063568,263166.8254047009,57205.863434216706,0.0,1207.1082594514226,170579.6008400871,264373.9336641523
57220.0,57222.95311379159,0.0,0.0,169372.49258063568,263166.8254047009,57225.5331942167,0.0,1197.1447459557166,170569.6373265914,264363.9701506566
57240.0,57242.62287379159,0.0,0.0,169372.49258063568,263166.8254047009,57245.2029542167,0.0,1188.0647622771244,170560.5573429128,264354.890166978
57260.0,57262.292633791585,0.0,0.0,169372.49258063568,263166.8254047009,57264.8727142167,0.0,1019.287383831158,170391.77996446684,264186.11278853205
57280.0,57281.96239379158,0.0,0.0,169372.49258063568,263166.8254047009,57284.542474216694,0.0,975.3052567496848,170347.79783738535,264142.13066145056
57300.0,57301.63215379158,0.0,0.0,169372.49258063568,263166.8254047009,57304.21223421669,0.0,915.0026462170008,170287.49522685268,264081.8280509179
57320.0,57321.301913791576,0.0,0.0,169372.49258063568,263166.8254047009,57323.88199421669,0.0,842.2427239460667,170214.73530458176,264009.06812864693
57340.0,57340.97167379157,0.0,0.0,169372.49258063568,263166.8254047009,57343.551754216685,0.0,683.2573636000395,170055.74994423572,263850.0827683009
57360.0,57360.64143379157,0.0,0.0,169372.49258063568,263166.8254047009,57363.22151421668,0.0,668.843966461248,170041.33654709693,263835.66937116213
57380.0,57380.758233791574,0.0,0.0,169372.49258063568,310147.00298277306,57382.89127421668,0.0,274.3144447501427,180663.24950858578,-335540.4438081603
57400.0,57401.322073791576,0.0,0.0,180388.93506383564,278446.6466526311,57403.00807421668,0.0,0.0,180388.93506383564,278446.6466526311
57420.0,57421.88591379158,44.490031045166106,10.141869605743771,180443.56696448656,278501.278553282,57423.571914216685,0.0,0.0,180388.93506383564,278446.6466526311
57440.0,57442.44975379158,583.2686661492144,167.2946629195549,181139.4983929044,279197.2099816999,57444.13575421669,0.0,0.0,180388.93506383564,278446.6466526311
57460.0,57463.013593791584,1122.047301252332,344.56349254560445,181855.54585763358,279913.25744642905,57464.69959421669,0.0,0.0,180388.93506383564,278446.6466526311
57480.0,57483.57743379159,1660.825936356753,610.7991059971733,182660.56010618957,280718.27169498504,57485.26343421669,0.0,0.0,180388.93506383564,278446.6466526311
57500.0,57504.14127379159,2199.6045714598704,903.0577167875364,183491.59735208307,281549.30894087855,57505.827274216696,0.0,0.0,180388.93506383564,278446.6466526311
57520.0,57524.70511379159,2738.383206562429,1202.7739795319649,184330.09224993005,282387.8038387255,57526.3911142167,0.0,0.0,180388.93506383564,278446.6466526311
57540.0,57545.268953791594,3277.1618416662914,1407.6251712332005,185073.72207673514,283131.4336655306,57546.9549542167,0.0,0.0,180388.93506383564,278446.6466526311
57560.0,57565.8327937916,3815.940476769968,1512.2235518770983,185717.0990924827,283774.8106812782,57567.5187942167,0.0,0.0,180388.93506383564,278446.6466526311
57580.0,57586.3966337916,4354.719111873457,1538.850905752231,186282.50508146134,284340.2166702568,57588.082634216706,0.0,0.0,180388.93506383564,278446.6466526311
57600.0,57606.9604737916,4893.497746976761,1549.329620131424,186831.76243094384,284889.47401973925,57608.64647421671,0.0,0.0,180388.93506383564,278446.6466526311
57620.0,57627.5243137916,5432.276382080065,1552.647395074722,187373.85884099043,285431.5704297859,57629.21031421671,3.723285586304614e-10,0.0,180388.93506383602,278446.64665263146
57640.0,57648.08815379161,5971.055017183368,1553.8970510121471,187913.88713203117,285971.5987208266,57649.77415421671,-227.8355011619089,47.329784407060785,134490.1930418008,310110.05181569606
57660.0,57666.640313791606,6509.833652286486,1553.8970510121471,188452.66576713428,-399021.06831240695,57668.32631421671,-666.7997481557993,186.40976562821095,138576.11747600487,-399021.06831240695
57680.0,57683.18079379161,6812.076203999888,1506.7261786481215,142989.50114120368,221862.008288713,57685.08048736458,-1111.6202846614617,333.1327099033338,138482.39555179753,188346.21892181473
57710.0,57716.485273791615,6812.076204001005,1229.5599888930874,142712.33495144977,375488.52039027284,57719.045700512455,-1997.4806500481327,786.2599796287647,134670.7579401594,375443.8525010256
57730.0,57733.24927379162,6812.076203999888,1045.4968865015812,147118.45621705713,-399021.06831240695,57735.869266604845,-2438.263012527483,1047.6853158595866,137870.30542988778,-305475.93716059177
57760.0,57766.330233791625,7346.652471058761,558.0472384686745,142575.3984680831,221447.90561559243,57769.45683269724,-3310.8501498153732,1413.8106268542083,132773.6592355945,211646.16638310385
57780.0,57782.87071379163,8040.037149278912,324.6267609402021,143035.3626687748,221907.86981628413,57785.99731269724,-3744.215573702502,1497.2140197857168,132423.69720463888,211296.20435214826
57810.0,57815.951673791635,9426.806505717535,62.5411379331681,144160.04640220635,223032.55354971573,57819.07827269725,-4610.946421478248,1531.9846874290847,131591.7370245065,210464.24417201587
57830.0,57832.49215379164,10120.191183936942,21.104478227050027,144811.99442071965,223684.50156822905,57835.61875269725,-5044.311845366121,1537.187167401028,131163.57408059057,210036.0812280999
57860.0,57865.573113791645,11506.960540376684,3.982615611323494,146181.64191454367,225054.149062053,57868.69971269726,-5911.042693140004,1541.0788279552355,130300.73489337089,209173.24204088023
57880.0,57882.11359379165,12200.345218596833,1.4395072093444778,146872.48348436184,225744.99063187122,57885.24019269726,-6344.408117027878,1541.0788279552355,129867.36946948302,208739.87661699238
57910.0,57915.194553791654,14204.68334222983,4.762020334450542,148880.14412111993,227752.6512686293,57918.32115269727,-6812.076203998397,1439.4316984172683,129298.05425297454,208170.56140048386
57930.0,57931.73503379166,15504.779613893264,5.887803348202594,150181.36617579713,229053.87332330647,57934.86163269727,-6812.0762039972815,1293.224338916866,129151.84689347525,208024.3540409846
57960.0,57964.815993791664,18104.97215721752,9.41549467234628,152785.0864104455,231657.59355795488,57967.942592697276,-6812.076203999144,915.7467168466268,128774.36927140315,207646.8764189125
57980.0,57981.35647379167,19405.068428880397,11.198496685260004,154086.9656841213,232959.47283163064,57984.48307269728,-7015.203097832397,679.7935779975489,128335.28923872081,207207.79638623015
58000.0,58000.13215379167,20705.1647005442,11.4601716318004,155387.32363073167,303581.7448253405,58001.02355269728,-7765.986229650883,403.2427782565744,178718.0202287614,-399021.06831240695
58040.0,58042.15391379167,22821.912211193932,21.85827200955135,208924.53416335917,303517.6264239023,58040.81011269728,-9527.558114858732,46.29794935057867,176599.50351464754,276788.90448580805
58060.0,58063.16479379167,23592.599910972414,22.47290123242949,209695.83649236054,303517.6264056246,58061.820992697285,-10408.344057461169,16.268624209864097,175688.6882469044,275878.0892180649
58080.0,58084.17567379167,24363.28761075108,24.58026110718019,210468.63155201395,303517.6264056344,58082.83187269729,-11289.13000006509,4.72052866185162,174796.35420875245,274985.755179913
58100.0,58105.186553791675,25133.97531052956,29.104600138001636,211243.84359082326,303517.6264056344,58103.84275269729,-12169.91594266864,1.452158507799599,173912.29989599486,274101.7008671554
58120.0,58126.19743379168,25904.663010307668,31.409794294730855,212016.8364847581,303517.6264056344,58124.85363269729,-13098.555623520386,0.9691545045817688,142118.5551604314,303671.1355940559
58140.0,58146.17042855765,26675.350710085964,31.553807428292934,212787.66819766996,-348558.8498375202,58144.58775948124,-14554.580653355377,4.779667860692373,142184.69439492474,18125.448643758988
58160.0,58165.025823323616,27222.77294302302,29.076171441163172,187938.75926957972,24842.014168591497,58163.112043728834,-16005.546397375278,6.387771157046968,137766.70710321743,343014.71814332606
58180.0,58183.801503323615,27248.30481600011,26.653799104989844,186120.62837846077,275651.5824377957,58181.57196119247,-17481.331354397265,7.893626896640677,146574.44098625507,-360092.1835990013
58200.0,58202.577183323614,27248.30481599881,24.66096172531125,186118.6355410798,275649.58960041474,58200.34764119247,-18974.685179955315,10.869053264433456,139881.8536366648,331810.0665023588
58250.0,58259.04779639712,27248.304815997875,20.14712445686744,190376.99965744384,-360092.1835990013,58257.12172119247,-22645.663110974863,20.329543159093575,141422.54514593992,233085.18858763995
58270.0,58277.40375997232,27248.304815997504,12.832536383511131,181027.00308181669,346894.0802459242,58276.344441192465,-23342.56156290215,20.660572830243943,135523.76877328378,331751.78850432026
58290.0,58295.98324354751,27248.30481599732,9.999478675595396,181638.56944906135,339650.68054947566,58295.34364119246,-24023.062404194763,21.803891551524465,129764.60721679243,339719.16497992066
58310.0,58314.53540354751,27248.304815997504,9.221001003095813,186103.1955803563,-360092.1835990013,58313.89580119246,-24695.364440171714,25.63562525173649,129096.1369145157,216495.4015914855
58330.0,58332.86404354751,27248.30481599713,8.014042617784428,181022.1845880506,268421.44926502043,58332.22444119246,-25384.064086781855,28.875327391656555,138692.6899543655,-360092.1835990013
58350.0,58351.63972354751,27248.30481599732,5.302637480112875,181019.4731829131,331792.29192777193,58351.00012119246,-26089.161344025917,30.065542572847587,137988.78291230262,229651.42635400264
58370.0,58370.86244354751,27248.30481599732,1.3026009898143445,191297.48613074282,282960.12957244285,58370.22284119246,-26794.258601269983,30.065542572847587,137283.68565505854,228946.3290967586
58400.0,58409.3078835475,27248.304815997875,0.0,191296.18352975356,282958.8269714536,58408.668281192455,-27248.304815993964,24.87893268191324,136824.45283044362,228487.09627214368
58420.0,58428.5306035475,27248.304815997875,0.0,191296.18352975356,282958.8269714536,58427.89100119245,-27248.30481599583,23.395001699568216,136822.9688994594,228485.61234115943
58440.0,58447.7533235475,27248.304815997693,0.0,191296.18352975335,282958.82697145344,58447.11372119245,-27248.30481599471,20.996886954576613,136820.57078471556,228483.21422641558
58460.0,58466.9760435475,27248.304815997693,0.0,191296.18352975335,282958.82697145344,58466.33644119245,-27248.304815994336,19.11656196480024,136818.69045972615,228481.33390142614
58480.0,58486.198763547494,27279.203922526995,27.633957441634553,191354.71659372433,283017.36003542435,58485.55916119245,-27248.30481599359,18.140206668561085,136817.71410443066,228480.35754613066
58500.0,58505.42148354749,27377.480454027333,158.7038383217427,191584.06300610476,283246.7064478048,58504.781881192444,-27248.30481599322,10.26985364453345,131607.634801007,331813.61149754276
58520.0,58524.42068354749,27478.208633632006,249.34960545924903,191775.43695284694,-351518.5601799775,58523.78108119244,-27248.30481599322,9.557649240794706,131606.92259660328,221137.87665593822
58540.0,58543.19636354749,27577.76555533492,382.96304637022894,186806.39836506086,276337.3524243958,58542.55676119244,-27248.3048159921,9.404969742603647,131606.7699171062,221137.72397644114
58560.0,58561.97204354749,27676.15121913738,590.8796894571046,187112.70067195018,276643.6547312851,58561.33244119244,-27248.304815992848,7.1891640271044635,131604.55411138997,221135.50817072488
58580.0,58580.74772354749,27774.536882940396,684.9945521941697,187305.20119849028,276836.15525782516,58580.10812119244,-27248.30481599173,2.6919101048349536,131600.0568574688,221131.01091680373
58590.0,58599.523403547486,27872.922546741924,712.70727554876,187431.29958564637,276962.2536449813,58598.883801192445,-27248.30481599173,0.6269211140009321,131597.99186847795,221128.9459278129
58610.0,58618.299083547485,27971.308210543637,819.7842208972664,187636.76219479658,277167.7162541315,58617.65948119244,-27248.30481599136,0.0,131597.36494736432,221128.31900669925
58630.0,58637.07476354748,28069.693874345165,854.880536595189,187770.24417429604,277301.198233631,58636.435161192436,-27248.304815990985,0.0,131597.36494736472,221128.31900669963
58650.0,58655.85044354748,28168.07953814632,1163.6452029777297,188177.39450447974,277708.3485638147,58655.210841192435,-27248.30481599136,0.0,131597.36494736432,221128.31900669925
58670.0,58674.62612354748,28266.465201948035,1530.6476598117697,188642.78262511548,278173.7366844504,58673.98652119243,-27248.30481599173,0.0,131597.36494736397,221128.3190066989
58690.0,58693.40180354748,28364.85086574956,1891.2113337642177,189101.73196286947,278632.6860222044,58692.76220119243,-27248.304815992848,0.0,131597.36494736286,221128.31900669777
58710.0,58712.17748354748,28463.23652955128,2248.5708549348537,189557.47714784183,279088.43120717676,58711.53788119243,-27295.7640647916,55.35944751138458,138545.47538145375,-351518.5601799775
58730.0,58731.40020354748,28561.622193352803,2592.2327800441085,189999.52473675262,324242.8668760512,58730.610607232484,-27397.55245655477,178.93256323207666,139882.5956106223,57157.87967772551
58750.0,58750.93791688478,28610.72005679867,2909.145083446684,200892.35772088103,-126073.77305685489,58750.03565553393,-27498.955567560897,262.80701330182785,136811.7301594966,327419.1474460786
58780.0,58789.47483022208,28610.720056800903,3367.049380356499,196025.64815091307,287688.29159261315,58788.60989779532,-27700.41192677583,627.002243875239,136974.46903085508,228637.11247255513
58800.0,58808.69755022208,28610.72005680128,3171.1507000712495,195829.74947062822,287492.39291232824,58807.83261779532,-27801.140106382176,700.7545633518404,136947.49317072536,228610.13661242538
58820.0,58827.92027022208,28610.72005680016,3009.7749333189686,195668.37370387482,287331.01714557485,58827.055337795326,-27901.868285989272,749.6666622329043,136895.6770899993,228558.32053169934
58840.0,58847.14299022208,28673.027865778437,2927.229279917715,195648.13585945184,287310.77930115187,58846.278057795316,-28002.59646559599,823.3778327566245,136868.6600809163,228531.30352261633
58860.0,58866.365710222075,28773.75604538423,2875.7889189093453,195697.42367804924,287360.06711974926,58865.500777795314,-28103.324645201592,871.1342736178647,136815.68834217195,228478.33178387204
58880.0,58885.58843022207,28874.484224989832,2781.727744982101,195704.0906837276,287366.73412542767,58884.72349779531,-28204.052824807943,1240.0150382718734,137083.8409272196,228746.4843689197
58900.0,58904.81115022207,28975.21240459637,2673.321676607341,195696.41279495938,287359.05623665947,58903.9462177953,-28304.78100441466,1611.3401419624768,137354.4378513035,229017.08129300355
58920.0,58924.03387022207,29075.940584204018,2307.682024156859,195431.50132211656,287094.1447638166,58923.16893779531,-28405.509184022125,1980.4886652947564,137622.85819502833,229285.50163672838
58940.0,58943.25659022207,29178.5491750653,1935.796779035461,195162.22466785644,286824.8681095565,58942.391657795306,-28506.237363628105,2339.0458876558614,137880.68723778345,229543.33067948348
58960.0,58962.479310222065,29351.523809411952,1568.009277379921,194967.41180054756,286630.0552422476,58961.614377795304,-28599.769969482288,2688.205623951957,138136.31436822534,229798.95780992537
58980.0,58981.70203022206,29552.98016862428,1210.295629847927,194811.1545122279,286473.7979539279,58980.8370977953,-28610.720056797,2964.079401622213,138401.2380585809,230063.88150028096
59000.0,59000.92475022206,29754.43652783716,856.5131602899601,194658.82840188278,286321.47184358287,59000.0598177953,-28610.720056798487,3236.2544815124147,138673.41313846962,230336.05658016965
59030.0,59039.37019022206,30157.34924626181,90.72696232903404,194295.95492234651,285958.5983640466,59038.505257795296,-28610.72005679886,2985.6667500961453,138422.82540705297,230085.46884875296
59050.0,59058.592910222054,30358.805605473943,1.4633004142317632,194408.14761964386,286070.79106134386,59057.72797779529,-28624.42141547519,2896.2642005997855,138319.72149888027,229982.36494058027
59070.0,59078.48619022205,30560.261964686822,1.4633004142317632,194609.60397885673,310138.62857454544,59076.95069779529,-28719.755080169904,2834.205599463728,154503.38558312948,-343343.7099432339
59090.0,59099.05003022205,30751.09024330404,1.4633004142317632,211141.48860755394,309199.20019634935,59096.84397779529,-28827.82923516825,2745.3298722761365,155841.74848229805,61417.66101623041
59110.0,59119.837390222056,30863.62892156691,1.4633004142317632,211254.0272858168,303518.1052668519,59117.46858581353,-28937.011110015155,2712.3636861115533,159544.20764227537,-220971.85059097482
59190.0,59196.73502057147,31288.724113425214,1.461259322145574,166029.286173149,234248.71645533407,59198.706349292814,-29477.115847799905,1330.2733207615404,106523.8562315173,185396.36337902665
59210.0,59213.27550057147,31335.550538398216,0.5481830880004097,166006.79748004186,244879.3046275512,59215.24682929282,-29650.46201735438,1027.5235295937794,106047.76027079506,184920.2674183044
59240.0,59246.35646057148,31335.550538397845,0.0,166006.2492969535,244878.75644446287,59248.32778929282,-29997.15435646409,383.8796993689048,105057.42410146048,183929.9312489698
59260.0,59262.89694057148,31335.550538397663,0.0,166006.24929695332,244878.75644446266,59264.86826929283,-30170.500526018564,51.350608010776526,104551.54884054788,183424.05598805723
59290.0,59295.97790057149,32677.655234165097,571.7669335992895,167920.12092632003,246792.62807382937,59297.94922929283,-30517.19286512641,1.4633004142375805,104154.96919384348,183027.47634135283
59310.0,59312.51838057149,33457.71299716119,919.1364518955672,169047.54820761242,247920.05535512182,59314.48970929284,-30690.539034681256,1.4633004142375805,103981.62302428865,182854.130171798
59340.0,59345.5993405715,35017.828523156524,1609.8583166216622,171298.38559833384,250170.8927458432,59347.57066929284,-30890.115945779464,1.4633004142375805,103782.04611319044,182654.5532606998
59360.0,59362.1398205715,35797.88628615503,1950.3832979325027,172418.96834264317,251291.47549015254,59364.11114929285,-30976.789030557637,1.4633004142375805,103695.37302841226,182567.8801759216
59390.0,59395.22078057151,37358.00181215037,2511.616639174393,174540.31720988042,253412.82435738976,59397.19210929285,-31150.135200116583,1.4633004142375805,103522.02685885332,182394.53400636266
59410.0,59411.76126057151,38138.05957514831,2724.7549436792197,175533.51327738317,254406.02042489254,59413.73258929286,-31236.808284892148,1.4633004142375805,103435.35377407775,182307.8609215871
59440.0,59444.84222057152,39698.17510114328,3097.9415479017716,177466.81540760072,256339.3225551101,59446.81354929286,-31335.550538389656,0.0043636541084152,103335.15258382012,182207.65973132945
59460.0,59461.38270057152,40522.212278264,3280.090343480454,178473.00138030012,257345.5085278095,59463.35402929287,-31335.550538389656,0.0,103335.14822016601,182207.65536767535
59470.0,59477.92318057152,41528.0535698629,3300.22081783622,179498.97314625478,258371.48029376415,59479.89450929288,-31335.55053838891,0.0,103335.14822016675,182207.6553676761
59490.0,59494.46366057153,42568.13058719295,3300.22081783622,180539.05016358482,259411.55731109422,59496.43498929287,-31446.654649871383,7.837311540746859,106962.51272529527,-395860.7593388862
59510.0,59511.00414057153,43608.207604522984,3300.22081783622,181579.12718091486,260451.63432842423,59513.157582986845,-32226.62874275852,345.88065066779683,102789.95066646494,377349.1123716511
59520.0,59527.544620571534,44605.56590259447,3283.587616741063,182559.8522778912,261432.35942540056,59529.8801766808,-33006.68650575908,692.5268186492658,102356.53907144585,181229.0462189552
59540.0,59544.30862057154,44907.127665650405,2977.1016909643163,182554.9281151704,375467.88640178926,59546.420656680806,-33786.74426875851,1039.9456027311635,101923.90009252832,180796.40724003766
59560.0,59561.29614057154,45170.66069369094,2626.1877165501755,187057.73153679678,268061.92806667124,59562.96113668081,-34577.34335287973,1387.9435318089063,106071.48330548484,-399021.06831240695
59570.0,59578.06014057154,45460.227907965025,2269.912688622125,186991.0237231428,-399021.06831240695,59579.72513668081,-35378.48375812237,1741.9164465725453,105624.31581500584,186628.51234488032
59590.0,59594.824140571545,45811.605278684736,1921.3813065238155,182403.6853437642,375396.37851373735,59596.712656680815,-36179.624163363515,2086.750673229642,105168.00963642179,186172.20616629627
59610.0,59611.81166057155,46162.98264940352,1569.2676740082325,186993.13344996743,267997.3299798419,59613.70017668082,-36980.76456860504,2381.9383291500035,104662.05688710063,185666.25341697512
59640.0,59645.78670057155,46875.107454061304,914.3433470159072,187050.3339276329,268054.53045750735,59647.67521668082,-38583.04537908621,2814.406781316867,103492.24452878632,184496.44105866083
59660.0,59662.774220571555,47231.16985639029,693.8385709653859,187185.89155391135,268190.08808378584,59664.662736680824,-39384.185784327354,2995.531406361692,102872.22874859,183876.42527846448
59690.0,59696.547788129545,47943.29466104863,301.2317764843446,187505.40956408865,-376693.98204628535,59698.63777668083,-41151.56643192825,3304.014571578946,96823.14689820635,375512.98621042434
59710.0,59713.11031568753,48295.134153753635,88.56364266375654,183501.72158119766,192729.81620027206,59715.40177668083,-42191.6434492581,3304.014571578946,95783.06988087652,174655.57702838583
59740.0,59746.19127568754,48589.24210202172,0.0,183259.9408605774,262132.44800808677,59748.48273668084,-44253.3148281906,3302.710800466423,93720.09473083148,172592.60187834082
59760.0,59762.73175568754,48675.915186799335,0.0,183346.613945355,262219.1210928643,59765.02321668084,-44813.00588117042,3130.1285386085624,92987.8214159938,171860.32856350314
59790.0,59795.81271568755,48849.26135635493,0.0,183519.96011491062,262392.46726241993,59798.10417668085,-45337.21538657342,2438.7495929545744,91772.23296493682,170644.74011244616
59810.0,59814.36487568755,48935.9344411331,0.0,183606.63319968875,310168.71134081087,59814.64465668085,-45714.21975568982,2048.4980279750607,142415.04195244092,-399021.06831240695
59830.0,59835.15223568755,49088.55996446236,36.7396176234495,229514.23464592145,303517.5987827612,59833.42033668085,-46154.612726990104,1608.0649755539278,141534.21592871952,241723.61689988006
59850.0,59856.16311568755,49586.61800088925,418.3798912359591,236085.7615722809,303517.62642037857,59854.43121668085,-46595.00569829188,1187.006315209762,140672.7642970736,240862.16526823412
59870.0,59877.17399568755,50137.109215012555,834.9983070089924,237052.87120217725,303517.62640562654,59875.442096680854,-47035.398669593655,836.8576167542391,139882.22262731628,240071.62359847684
59890.0,59898.184875687555,50687.60042913624,1264.9141222141834,238033.27823150612,303517.6264056344,59896.452976680855,-47475.791640896176,582.8411561533744,139187.8131954129,239377.21416657345
59910.0,59919.19575568756,51238.09164326067,1688.6905520155196,239007.54587543188,303517.6264056344,59917.46385668086,-47916.18461219795,341.76679570636213,138506.34586366412,238695.74683482462
59980.0,59982.22839568756,52889.56528563674,2810.0447209873932,241780.3736867798,303517.6264056344,59980.49649668086,-48651.3377450547,0.0,137429.425935101,237618.82690626153
60000.0,60003.23927568756,53440.05649976544,3321.763732154241,242842.58391207538,303517.6264056344,60001.507376680864,-48761.43598788145,0.0,137319.32769227424,237508.7286634348
60020.0,60024.250155687565,53993.76869908777,3972.5433607553937,244047.07573999887,303517.6264056344,60022.518256680865,-48871.534230708196,0.0,137209.2294494475,237398.63042060804
60040.0,60045.26103568757,54625.65411438217,4178.261208174416,244884.67900271228,303517.6264056344,60043.52913668087,-48981.6324735342,0.0,137099.1312066215,237288.53217778204
60060.0,60064.05279950472,55286.24357133427,4240.692967714065,245607.70021920404,-398246.5654031065,60064.54001668087,-49281.6007817048,189.0334568812052,89704.25915945883,303517.62942719104
60080.0,60080.60936332188,55877.06323501082,4306.4911981290725,195180.46180450774,223276.7216677263,60083.5168873268,-49720.23745948295,546.3581739069175,85496.81947297964,376385.86411572096
60110.0,60114.10101008806,56326.12907802894,3953.38196654204,196857.13291242777,375403.3350117381,60117.022557972734,-50598.98974730409,1229.4591128126272,85540.19711280978,375498.92897737934
60130.0,60131.08853008806,56414.46380312335,3649.4640995806,199324.8110292596,280329.0075591341,60133.79834642974,-51032.66403222088,1561.6867983362283,85199.72152467101,201416.07426568237
60160.0,60164.39301008807,56591.323746391674,3083.909806647649,194345.932311595,273218.4394591043,60166.891094886756,-51899.39487999738,2226.903505080454,84998.20738363874,163870.71453114809
60180.0,60180.95513760064,56677.99683117096,2756.946851124553,194105.6424408512,341371.05087053706,60183.43157488676,-52332.76030388674,2472.5381364317705,84810.4765911007,163682.98373861006
60190.0,60197.56935649491,56764.78335018513,2511.326219403782,194386.00618599978,369599.21441552043,60199.97205488676,-52771.982017287126,2761.10728408113,89250.00839334968,-399021.06831240695
60210.0,60214.1619278766,56851.842831093454,2418.342820309313,194999.68862213864,109060.78240821244,60216.736054886765,-53217.06002019706,3097.7260424254446,89141.54914878405,170145.7456786585
60230.0,60230.702407876604,56938.7888777656,2335.5316213623464,193945.0192576836,272817.52640519297,60233.72357488677,-53656.281733596334,3616.235187156863,84630.6522121162,375518.7857281352
60260.0,60263.78336787661,57114.01752390909,1873.8555891322424,193658.57187159697,272531.07901910634,60267.028054886774,-54604.0224984004,4104.630804959411,84171.30706511467,163043.814212624
60280.0,60280.323847876614,57269.87085162634,1405.3552373881057,193345.92484757013,272218.43199507945,60283.56853488678,-55124.061007065335,4169.762778882806,83716.40053037312,162588.90767788247
60310.0,60313.40480787662,57469.61100785645,1200.429474150618,193340.73924056272,272213.2463880721,60316.649494886784,-56164.13802439555,4271.933481739257,82778.49421589938,161651.0013634087
60340.0,60346.48576787663,57642.957177407574,1127.046196328639,193440.70213229186,272313.20927980123,60349.7304548868,-56373.40021371088,3709.787134447242,82007.08567929204,160879.59282680135
60360.0,60363.02624787663,57729.63026218351,1077.3574932117135,193477.68651395087,272350.1936614602,60366.270934886794,-56460.07329849353,3416.1999107552138,81626.82537081734,160499.3325183267
60390.0,60396.10720787664,57902.976431737625,1053.6231505158944,193627.29834080918,272499.8054883185,60399.3518948868,-56633.41946804801,2868.726972063494,80906.00626257114,159778.51341008052
60410.0,60412.64768787664,57989.64951651505,1049.360814041441,193709.70908911218,272582.2162366215,60415.892374886804,-56720.09255282432,2550.9834057797575,80501.5896115111,159374.09675902044
60440.0,60445.72864787665,58162.99568607232,1137.9666011658787,193971.66104579385,272844.1681933032,60448.97333488681,-56893.43872237581,2312.25707759278,80089.51711377263,158962.02426128197
60460.0,60462.26912787665,58249.66877085048,1070.3669394266058,193990.73446883273,272863.2416163421,60465.51381488681,-56980.11180715435,2185.321519886339,79875.90847128765,158748.415618797
60490.0,60495.35008787666,58423.01494040534,926.0096022824432,194019.72330124344,272892.23044875276,60498.59477488682,-57184.646540965536,1555.5613276074196,82388.18939124647,-360792.47795465426
60510.0,60511.443527876654,58509.688025182586,843.1536280046381,194023.54041174287,-421822.272215973,60515.29880219191,-57334.08809517303,1251.2502479426375,74008.97012452155,378072.81641910685
60540.0,60543.46011345616,58583.85535438585,857.4126799537825,192395.5878339279,-421822.272215973,60547.63795348416,-57503.76597042474,1217.5076585014413,71586.12442616372,-186111.38631054648
60570.0,60575.08891464278,58583.85535439032,972.7520030742912,185414.15212946027,390871.9316090532,60579.74504075714,-57675.80559547773,1131.2920635770176,73658.40577513498,378303.73325585696
60590.0,60591.0713158294,58583.855354392,1068.8456491587206,192088.62533624464,-421822.272215973,60596.22039982309,-57758.964906547655,1074.0741989710025,69172.65406441901,396396.0778096906
60620.0,60622.3641158294,58583.85535439591,1574.463519885389,186015.86364627696,260624.99202905607,60627.736719823086,-57924.11227078423,1017.944963965428,73296.75200021689,-421822.272215973
60650.0,60653.65691582939,58583.85535439721,1956.301579914109,186397.70170630698,261006.8300890861,60659.47655982308,-58089.25963502081,990.674387959594,68758.95952493446,143368.08790771358
60700.0,60700.87053952476,58583.85535439442,2536.3245334720873,186977.72465986217,261586.8530426413,60706.415759823074,-58335.22379452529,934.9265896254038,68457.2475670958,143066.3759498749
60730.0,60732.863214328194,58583.8553543933,2920.042729415946,194218.645871293,-421822.272215973,60737.70855982307,-58499.199900861975,722.7337400494087,68081.0786111831,142690.20699396223
60760.0,60764.37953432819,58583.85535439349,3411.245794692936,187852.6459210821,396334.6528303475,60769.671919823064,-58583.85535439702,793.4858943927026,72412.54984703136,375403.38376521
60780.0,60780.24945432819,58583.85535439368,3673.358265026978,192460.13292645634,-421822.272215973,60786.21239982307,-58583.85535439517,811.2964424129352,68084.98586001343,396251.7328756116
60810.0,60811.76577432818,58583.85535439293,4487.11292332992,188928.51304971852,396334.07138484676,60818.379402625804,-58583.855354389954,945.3888943353196,68219.07831194103,376414.3358644298
60850.0,60859.152014328174,58583.85535439293,5558.834098829523,190000.23422521813,396333.4781980264,60850.32288542854,-58583.85535439219,1461.20520759668,68734.89462520016,143344.02300797927
60890.0,60890.66833432817,58583.85535439312,5930.381832258925,190371.7819586477,264980.91034142685,60897.70912542853,-58583.85535439368,2126.6858688468983,69400.37528644889,144009.503669228
60920.0,60921.961134328165,58583.85535439312,6317.633884365624,190759.03401075443,265368.1623935335,60929.00192542853,-58583.85535439517,2481.9463116711913,69755.63572927169,144364.76411205082
60960.0,60968.90033432816,58588.02529966101,105912.6374317894,290358.2075034461,364967.3358862252,60960.294725428525,-58583.855354394786,2917.0011991405595,70190.69061674146,144799.81899952056
61000.0,61000.193134328154,58725.296768524466,105609.73324860683,290192.574789127,364801.7031719061,61007.233925428525,-58583.85535439293,3583.8076266150797,70857.49704421783,145466.62542699694
61030.0,61031.48593432815,58889.27287485967,105200.1732553155,289946.99090217083,364556.11928494996,61038.52672542851,-58583.85535439404,4420.051652182205,71693.74106978383,146302.86945256297
61060.0,61062.778734328145,59053.24898119412,104819.7069253774,289730.5006785672,364339.6290613463,61069.81952542851,-58583.855354394786,5182.871239178329,72456.56065677921,147065.68903955832
61100.0,61109.71793432814,59299.21314068966,104449.5811383586,289606.3390510439,364215.46743382304,61101.112325428505,-58583.855354394786,5741.609325552228,73015.29874315311,147624.42712593224
61140.0,61141.010734328134,59463.18924702075,104214.71108806288,289535.4451070793,364144.5734898584,61148.0515254285,-58583.85535439591,6348.145767408815,73621.83518500857,148230.9635677877
61170.0,61172.30353432813,59627.16535335168,103997.6246270736,289482.33475242095,364091.4631352001,61179.344325428494,-58583.85535439591,6518.616642631787,73792.30606023155,148401.4344430107
61210.0,61219.51070480037,59873.129512849446,4513.006632043796,190243.68091688893,394155.8382817841,61210.63712542849,-58630.73420485313,6668.307665491762,78240.49276767432,-421822.272215973
61250.0,61252.35963603641,59946.270595170456,4401.577389330951,199018.5467430571,109833.47668850762,61259.11315583206,-58887.0939615637,6101.608004183833,77417.43334965582,385542.2265816762
61300.0,61301.20011406904,59946.270595174734,4043.42980041828,196555.49060350764,377573.68405805674,61308.28755583206,-59144.770700098794,5679.675659602748,76737.82426653964,385658.45473522035
61350.0,61350.40621024009,59946.270595182745,3317.836629355517,194491.21681270347,385613.0803611073,61357.229665952655,-59401.87901198696,5206.032391874998,78466.75295239301,385671.4015370465
61390.0,61399.35709024008,59946.27059519,2966.2451519026,197583.21450564824,-410104.9868766404,61390.11121140334,-59573.53145167863,4979.963572244112,75609.35142760116,385542.2265816762
61430.0,61431.76749024008,59946.270595194655,2299.208227370071,192448.3981296004,385615.2324326202,61439.285611403335,-59831.20819021112,4547.517895584481,74919.22901240905,385604.2908035334
61480.0,61480.718370240065,59946.27059520099,2579.029311361399,197195.99866511807,-410104.9868766404,61488.292012132326,-59946.270595220536,4375.517244196155,79099.94540753128,157972.45255504063
61530.0,61530.11629024007,59992.93546687905,3356.707466955185,198020.34169238992,276892.84883989923,61537.913452132336,-59946.27059521309,4048.1126104970126,78772.54077383957,157645.04792134892
61570.0,61579.73773024008,60252.95472120294,3913.411424622658,198837.0649043813,277709.5720518906,61570.99441213234,-59946.27059520787,3562.41710380804,78286.84526715583,157159.3524146652
61620.0,61629.35917024009,60512.97397552908,4452.479296479899,199636.15203056464,278508.659178074,61620.61585213235,-59946.27059519931,3215.0287522681115,77939.45691562447,156811.9640631338
61670.0,61678.95057793488,60772.91454434269,5012.391822081348,200152.02273828915,326336.1564683846,61670.23729213236,-59946.2705951941,2393.419855343535,77117.84801870509,155990.35516621443
61710.0,61712.03153793488,60946.18202837925,5246.855460504875,200863.73624743978,279736.2433949491,61719.85873213237,-59946.27059518851,2935.732194841196,77660.16035820835,156532.6675057177
61760.0,61761.59890328511,61248.29339898494,5011.48185674175,200930.47401428234,108200.48745366884,61769.48017213238,-60058.1136315019,3773.589360314517,78386.17448736828,157258.6816348776
61810.0,61810.48390193983,62316.76709606345,4308.766308334889,196828.45271143402,385723.82723213587,61818.92017465862,-60316.01088493733,4237.19007899267,74124.09850109104,385676.82112166873
61850.0,61859.658301939824,63342.78901857277,3525.906157810561,201539.393934939,280411.9010824483,61851.33057465861,-60485.34223306349,4528.807339981301,76787.9289495371,-253980.0960342471
61890.0,61892.29222193982,64031.488665187186,2892.0187849567615,197126.42675717964,385542.2265816762,61899.86669720884,-60739.00415016244,5026.576808004384,74490.49196487764,151231.3097300219
61940.0,61941.46662193981,65057.5105876869,1868.3189853716972,201596.52833161427,280469.0354791236,61948.55873051787,-60996.495774759314,5282.3058029562035,78956.50878675256,157829.01593426187
61990.0,61990.64102193981,66088.21754179608,927.4248171978564,201686.3411175496,280558.84826505894,61998.18017051788,-61442.16983703012,4914.4553294967645,81668.06178094796,-389366.5571561476
62040.0,62040.983133866095,66758.34679919446,0.0,206019.2299257501,287023.42645562463,62048.59301389504,-62546.6622958368,4108.7718996985905,76395.14123713307,129942.15944288933
62090.0,62090.828093866105,66758.34679919427,0.0,201429.04555774992,280301.5527052593,62098.23046945299,-63586.90715808708,3290.971920205954,74374.76352067455,153247.2706681839
62140.0,62140.449533866115,66758.34679919269,0.0,201429.04555774835,280301.55270525767,62147.851909453006,-64626.98417541693,2250.6744464223784,72294.3890295611,151166.89617707045
62190.0,62190.070973866124,66758.3467991925,0.0,201429.04555774818,280301.5527052575,62197.47334945301,-65667.06119274678,1293.062781985842,70296.70034779471,149169.20749530406
62230.0,62239.692413866134,66758.34679919259,0.0,201429.04555774824,280301.5527052576,62230.554309453015,-66360.44587096693,556.6099054749058,68866.86279306364,147739.36994057297
62280.0,62289.313853866144,67049.10480191138,94.36276750296658,201814.16632797002,280686.67347547936,62280.175749453025,-66758.34679919585,0.0,67912.35195935982,146784.85910686915
62320.0,62322.39481386615,67395.79714102294,308.8790923398801,202375.37499191848,281247.8821394278,62329.797189453035,-66758.3467991951,0.0,67912.35195936056,146784.8591068699
62370.0,62372.01625386616,67915.83564968685,661.7674981097947,203248.3019063523,282120.80905386165,62379.418629453045,-66758.34679919454,0.0,67912.35195936113,146784.85910687048
62420.0,62421.63769386617,68435.87415835251,1253.7735455647123,204360.34646247287,283232.85360998224,62429.040069453054,-66758.34679919398,0.0,67912.35195936168,146784.859106871
62470.0,62471.25913386618,68955.91266701734,2022.8464064004436,205649.45783197344,284521.9649794828,62478.661509453064,-66758.3467991938,0.0,67912.35195936187,146784.8591068712
62520.0,62520.21001386618,69452.1652723515,2752.0537282335445,202407.1383076207,279147.956072765,62527.61238945306,-67163.61114539011,158.7789627867825,63198.087124432364,139938.9048895766
62550.0,62552.39689386617,69483.17728079334,3111.399885641354,202797.49647347038,279538.31423861464,62559.799269453055,-67500.93342128053,384.15525956505707,63086.141145320216,139826.95891046445
62600.0,62600.67721386616,69483.17728079233,3511.580347653977,203197.67693548198,279938.4947006263,62608.079589453046,-68006.91683511765,742.6766881985104,62938.679160116546,139679.4969252608
62640.0,62648.95753386615,69483.17728079279,103205.43142785132,302891.5280156798,379632.3457808241,62640.26646945304,-68344.23911100827,1127.5222820480874,62986.2024780755,139727.02024321977
62680.0,62681.144413866146,69483.17728079288,103281.21287959996,302967.30946742854,379708.12723257276,62688.54678945304,-68850.22252484538,1867.798683511497,63220.49546570181,139961.31323084608
62720.0,62729.42473386614,70229.66739038451,102950.62606549624,303383.2127629164,380124.0305280607,62720.733669453024,-69187.5448007371,2356.9859218603615,63372.36042815895,140113.1781933032
62760.0,62761.61161386613,71578.95649394135,102486.00392983602,304267.87973081303,381008.6974959573,62769.013989453015,-69483.17728079521,2983.380321835422,63703.12234807589,140443.94011322016
62800.0,62809.89193386612,73602.89014928936,101799.87161035436,305605.6810666794,382346.4988318237,62801.20086945301,-69483.17728079614,3307.8977906317796,64027.63981687132,140768.45758201557
62840.0,62842.078813866116,74952.17925285413,101352.4819922534,306507.5805521432,383248.39831728744,62849.481189453,-69483.17728079726,3693.1958919238778,64412.93791816231,141153.75568330658
62890.0,62890.359133866106,76976.11290819822,100627.86447418125,307806.89668941515,384547.71445455943,62897.76150945298,-69483.17728079781,3938.8659472087375,64658.607973446604,141399.42573859086
62920.0,62922.5460138661,78325.40201176047,795.2177885534416,209323.53910734958,286064.35687249387,62929.948389452984,-69483.177280798,3954.1621489469776,64673.90417518466,141414.72194032892
62970.0,62971.720413866096,80265.70555366644,110.1602599422244,215046.56457216432,375403.3503997072,62979.10105514627,-71181.97200425487,3321.02901539295,71146.01780418267,121817.70669255345
63020.0,63021.565373866106,80382.49920719759,75.1260318675684,215128.3239976208,294000.83114513016,63029.346899070726,-73270.98421613257,2611.384941367078,64011.09948379018,142883.60663129957
63070.0,63071.18681386611,80382.49920719423,50.30222433916659,215103.50019008905,293976.0073375984,63078.968339070736,-75351.1382507917,1921.194385263722,61240.75489302768,140113.26204053703
63120.0,63120.808253866126,80382.49920719293,10.62947383382663,215063.82743958244,293936.33458709175,63128.589779070746,-77431.29228545123,1159.6046824240666,58399.0111555285,137271.51830303785
63170.0,63170.429693866135,80382.49920719357,4.552458171753178,215057.75042392098,293930.2575714303,63178.211219070756,-79511.44632010981,387.8865416000821,55547.13898004593,134419.64612755526
63220.0,63220.051133866145,80429.81197872538,1.690195664198448,215102.20093294524,293974.70808045455,63227.832659070766,-80382.49920719469,86.17453098012993,54374.374082341106,133246.88122985043
63260.0,63269.672573866155,80689.83123305031,11.449088140606651,215371.97907974658,294244.48622725595,63260.91361907077,-80382.49920719209,68.43015062944706,54356.62970199302,133229.13684950236
63310.0,63319.294013866165,80949.85048737485,18.57489959182153,215639.12414552234,294511.6312930317,63310.53505907078,-80382.49920719264,41.349067749392326,54329.54861911242,133202.05576662178
63360.0,63368.915453866175,81209.86974169903,27.281081106113874,215907.84958136082,294780.35672887013,63360.15649907079,-80382.49920719172,7.141004842902078,54295.34055620684,133167.8477037162
63400.0,63401.99641386618,81383.21591124858,38.45149186590776,216092.36616167016,294964.8733091795,63409.7779390708,-80382.49920719153,3.462450853082415,54291.662002217214,133164.1691497266
63450.0,63451.561652456265,81643.23516557293,49.499350981376836,216363.43327510997,116914.0630430108,63459.39937907081,-80494.14548523938,2.704802385282189,51255.9469819293,385751.05414891127
63500.0,63501.513727956546,81744.91444795221,64.83086132010959,216480.44406782798,295352.9512153374,63508.36018233135,-80750.65312806581,10.935664490080416,53930.98129497994,-363750.1957081195
63550.0,63551.290529269056,81744.91444795295,62.587468657234325,221068.38504316585,-399021.06831240695,63558.12216428404,-81013.58062270621,21.174248571703515,58047.314872549905,-394034.118086852
63600.0,63601.042653924655,81744.91444796724,64.75891939404882,217551.19232154154,-410104.9868766404,63607.856605281304,-81272.36798550114,34.14790318362123,53432.47867623814,-150569.87652227783
63650.0,63650.66452588917,81744.91444798293,56.365669092876104,216164.29614810026,-272489.80676720437,63657.451502470314,-81531.86738690591,44.652172452188694,48715.70409258196,382824.86372444895
63680.0,63683.907892550065,81744.91444799167,54.63213029954337,221060.42970484687,-403507.0151943676,63689.996200914546,-81701.29338472856,55.6032106511744,48590.34579989144,347901.76931611425
63700.0,63700.13942769935,81744.91444799582,56.215622343681815,214619.21670866426,-105884.74081719766,63706.1634627312,-81744.26370482428,59.284923955980126,48517.9405261674,130586.38726803391
63730.0,63732.33282637365,81744.9144480035,48.04103222983417,211995.87478726904,288736.69255241327,63738.57554237164,-81744.91444799716,60.329674128000846,48518.33453316653,385542.2265816762
63780.0,63781.73074637365,81744.91444801344,44.37302897546057,221050.17060354457,-399021.06831240695,63787.730601047784,-81744.914448002,60.08049721288332,52985.86480776654,70435.42098651594
63830.0,63831.35218637366,81744.91444801769,66.30711518174431,216481.9203217551,295354.4274692644,63837.33269972394,-81744.91444799381,57.86083292273983,48546.79740741027,385542.2265816762
63880.0,63880.36030419022,81744.91444801039,95.1461582171118,213855.4904470704,390108.31716873834,63886.70805900795,-81744.91444799307,56.295592378811484,49085.03925960777,34266.07486336888
63910.0,63913.12239550392,81744.91444800484,108.36863267481591,216523.98183923532,-410104.9868766404,63918.95273573949,-81744.91444799548,59.04877166253327,48517.053630702736,125257.871395847
63960.0,63962.552156582264,81744.91444800107,106.82334770739163,214591.78083788982,375598.9165960792,63967.789209162256,-81744.91444799791,51.863334766555816,52977.64764532431,375461.5493307856
64010.0,64012.397116582266,81744.9144479973,98.2249120320958,212046.05866706508,385542.2265816762,64017.32016507989,-81744.91444799735,46.03453108140344,48504.03939011974,125244.85715526399
64040.0,64045.41326672557,81744.91444799582,97.44195623738332,215857.75000017416,385652.7485410026,64049.50704507988,-81744.9144479968,70.97630653140943,52996.76061709027,-410104.9868766404
64060.0,64061.95374672557,81744.9144479949,87.2473989367439,216502.8606054873,295375.3677529967,64065.82400507988,-81744.91444799716,85.95481259752486,53011.73912315603,131884.24627066535
64090.0,64095.03470672558,81744.91444799442,66.23739233910557,216481.85059888917,295354.35774639854,64099.128485079884,-81744.9144479983,105.7846128980778,53932.809449731954,375403.38376521
64110.0,64111.57518672558,81744.91444799435,45.07177852401815,216460.68498507404,295333.1921325834,64115.93684526328,-81744.9144479983,103.49201360790556,48561.49687264529,383485.2757362599
64140.0,64144.65614672559,81744.91444799426,33.552583041538206,216449.16578959147,295321.6729371008,64148.838645446674,-81744.91444799921,111.4849277368828,53037.26923829333,375403.306893122
64160.0,64160.973106725585,81744.9144479945,31.19438404025803,216446.8075905904,-410104.9868766404,64165.60264544668,-81744.91444799904,110.0027530385756,48568.00761207522,385690.136576308
64190.0,64193.830546725585,81744.91444799486,11.37889105321608,216426.99209760374,295299.49924511305,64198.01304544667,-81744.91444799754,100.87109855601288,48558.875957594166,125299.69372273843
64210.0,64210.27713976456,81744.91444799397,12.307789018935152,216427.92099556857,-3278.8254144588686,64214.10648544667,-81744.9144479966,100.33290337945265,52678.6210278364,-410104.9868766404
64240.0,64242.81447716389,81744.91444799303,13.124356270703624,211960.95811129943,385818.2911124403,64246.70606967257,-81744.91444799586,92.7229819453446,57608.69166050515,-410104.9868766404
64270.0,64275.89274152426,81744.91444799311,10.824839044775608,216426.43804559356,295298.9451931029,64279.787029672574,-81744.9144479953,92.3905186687181,53018.17482922909,-410104.9868766404
64290.0,64292.43322152426,81744.91444799311,10.358435360556312,216425.97164190933,295298.47878941864,64296.10398967257,-81744.9144479953,73.12695623619508,48531.13181527659,385542.2265816762
64320.0,64325.29066152426,81744.91444799316,8.802599295102747,211956.63635432394,375396.37851373735,64328.96142967257,-81744.91444799493,45.372330953144846,57561.34100951388,138565.53753938834
64340.0,64342.27818152426,81744.91444799297,8.670054954412642,221014.46762950305,302018.6641593775,64345.94894967257,-81744.91444799455,28.04854972960101,57544.017228290715,138548.2137581652
64370.0,64375.58266152427,81744.91444799263,7.326802121252847,216422.94000866957,295295.4471561789,64379.70046967258,-81744.91444799438,22.09142840713531,52947.87573896842,131820.38288647778
64390.0,64392.12314152427,81744.91444799257,5.943607530157561,216421.55681407842,295294.06396158773,64396.24094967258,-81744.91444799381,21.84975745304844,52947.6340680149,131820.14121552426
64420.0,64424.98058152427,81744.91444799259,5.889784167357749,216421.5029907156,-410104.9868766404,64429.32190967259,-81744.91444799326,10.335709722120155,48468.34056876454,385690.184326194
64440.0,64441.07402152427,81744.91444799265,5.889784167357749,211953.7235391957,288694.54130433995,64445.638869672584,-81744.91444799345,11.77467840235796,48469.7795374446,125210.59730258885
64470.0,64473.48442152426,81744.9144479927,3.4514948575288944,211951.28524988593,385605.28044065065,64477.82574967258,-81744.91444799326,13.71429299957728,52939.49860356198,-410104.9868766404
64490.0,64490.024901524266,81744.91444799279,1.4931111364453522,216417.1063176849,295289.61346519424,64494.142709672575,-81744.91444799345,12.544468736417452,52938.32877929864,131810.83592680798
64520.0,64523.10586152427,81744.9144479928,0.0,216415.61320654847,295288.1203540578,64527.22366967258,-81744.91444799345,10.096772858213528,52935.881083420434,131808.38823092976
64570.0,64573.39786152428,81744.91444799257,0.0,221005.79757454823,302009.99410442275,64577.51566967258,-81744.91444799307,8.670054954336377,57524.63873351693,138528.8352633914
64590.0,64590.38538152429,81744.91444799256,0.0,221005.79757454823,302009.9941044227,64594.50318967259,-81744.91444799307,8.131778098358206,57524.10045666095,138528.29698653542
64620.0,64624.36042152429,81744.91444799252,0.0,221005.79757454817,302009.9941044226,64628.4782296726,-81744.91444799269,5.8897841672935725,57521.85846273026,138526.05499260474
64640.0,64641.34794152429,81744.91444799252,0.0,221005.79757454817,302009.9941044226,64645.4657496726,-81744.91444799269,5.8897841672935725,57521.85846273026,138526.05499260474
64670.0,64675.322981524296,81744.9144479925,0.0,221005.79757454817,302009.9941044226,64679.440789672604,-81744.91444799307,5.6520219676193815,57521.62070053021,138525.8172304047
64690.0,64692.3105015243,81744.9144479925,0.0,221005.79757454817,302009.9941044226,64696.42830967261,-81744.91444799269,3.902538949237158,57519.871217512205,138524.0677473867
64740.0,64743.049541524306,81744.9144479925,0.0,221005.79757454817,-399021.06831240695,64747.167349672614,-81744.91444799307,0.0,52925.784310562594,131798.29145807194
64790.0,64792.67098152432,81744.9144479925,0.0,216415.61320654815,295288.1203540575,64796.788789672624,-81744.91444799307,0.0,52925.784310562594,131798.29145807194
64820.0,64825.75194152432,81744.9144479925,0.0,216415.61320654815,295288.1203540575,64829.86974967263,-81744.91444799364,0.0,52925.78431056203,131798.29145807138
64840.0,64842.292421524326,81744.9144479925,0.0,216415.61320654815,295288.1203540575,64846.410229672634,-81744.91444799364,0.0,52925.78431056203,131798.29145807138
64870.0,64875.37338152433,81744.91444799253,0.0,216415.6132065482,295288.1203540575,64879.49118967264,-81744.91444799364,0.0,52925.78431056203,131798.29145807138
64890.0,64891.913861524336,81744.91444799253,0.0,216415.6132065482,295288.1203540575,64896.031669672644,-81744.914447994,0.0,52925.78431056166,131798.291458071
64920.0,64924.99482152434,81744.91444799256,0.0,216415.6132065482,295288.1203540576,64929.11262967265,-81744.91444799381,0.0,52925.78431056185,131798.2914580712
64940.0,64941.535301524345,81744.91444799253,0.0,216415.6132065482,295288.1203540575,64945.653109672654,-81744.91444799381,0.0,52925.78431056185,131798.2914580712
64970.0,64974.61626152435,81744.91444799256,0.0,216415.6132065482,295288.1203540576,64978.73406967266,-81744.91444799364,0.0,52925.78431056203,131798.29145807138
64990.0,64991.156741524355,81744.91444799257,0.0,216415.61320654824,295288.1203540576,64995.274549672664,-81744.91444799345,0.0,52925.784310562216,131798.29145807156
65020.0,65024.23770152436,81744.9144479926,0.0,216415.61320654827,295288.12035405764,65028.35550967266,-81744.91444799364,0.0,52925.78431056203,131798.29145807138
65040.0,65040.778181524365,81744.9144479926,0.0,216415.61320654827,295288.12035405764,65044.895989672674,-81744.914447994,0.0,52925.78431056166,131798.291458071
65070.0,65074.08266152437,81744.91444799265,0.0,216415.61320654833,375450.29081577074,65077.97694967268,-81744.91444799307,0.0,57515.968678562596,-399021.06831240695
65090.0,65091.070181524374,81744.91444799269,0.0,221005.79757454834,302009.99410442286,65094.74094967268,-81744.91444799326,0.0,57515.96867856241,138520.1652084369
65120.0,65125.04522152438,81744.91444799268,0.0,221005.79757454834,302009.9941044228,65128.71598967269,-81744.91444799364,0.0,57515.96867856203,138520.1652084365
65140.0,65142.03274152438,81744.91444799268,0.0,221005.79757454834,302009.9941044228,65145.70350967269,-81744.91444799364,0.0,57515.96867856203,138520.1652084365
65170.0,65176.007781524386,81744.9144479927,0.0,221005.79757454837,302009.99410442286,65179.678549672695,-81744.91444799345,0.0,57515.96867856222,138520.1652084367
65190.0,65192.99530152439,81744.9144479927,0.0,221005.79757454837,302009.99410442286,65196.6660696727,-81744.91444799326,0.0,57515.96867856241,138520.1652084369
65240.0,65243.957861524395,81853.95347335834,8.30198752574885,221123.13858743975,302127.33511731424,65247.628629672705,-81744.91444799326,0.0,57515.96867856241,138520.1652084369
65260.0,65260.9453815244,81942.9690739379,14.37834720596388,221218.23054769952,302222.427077574,65264.61614967271,-81744.91444799279,0.0,57515.96867856287,138520.16520843736
65290.0,65294.9204215244,82121.00027509658,21.60553583628565,221403.48893748852,302407.68546736304,65298.59118967271,-81744.9144479926,0.0,57515.96867856306,138520.16520843754
65310.0,65311.907941524405,82210.01587567892,26.93081620958017,221497.82981844415,302502.0263483186,65315.578709672714,-81744.91444799279,0.0,57515.96867856287,138520.16520843736
65340.0,65345.88298152441,82388.04707684657,42.07317366361259,221691.00337706585,302695.19990694034,65349.55374967272,-81744.91444799269,0.0,57515.968678562975,138520.16520843745
65360.0,65362.87050152441,82477.06267743003,53.991291268299896,221791.93709525402,302796.1336251285,65366.54126967272,-81744.9144479926,0.0,57515.96867856306,138520.16520843754
65410.0,65413.83306152442,82744.10947917758,79.23934705619932,222084.23195278944,303088.42848266393,65417.50382967273,-81744.91444799214,0.0,57515.96867856353,138520.165208438
65430.0,65430.82058152442,82833.12507976049,83.16168621634245,222177.1698925325,303181.366422407,65434.49134967273,-81744.91444799214,0.0,57515.96867856353,138520.165208438
65460.0,65464.24303508845,83011.15628092614,117.19218684119802,222389.231594323,-415555.7076537314,65468.01934967274,-81838.27673666037,6.368242405248185,45872.318605934124,396321.7107347095
65480.0,65480.00740865248,83088.74209259916,122.67082396322336,211347.1873726935,-88738.59517565105,65483.98503134823,-81921.93784452384,13.57191420330216,48294.55337671515,-283504.7222263161
65490.0,65495.653808652474,83107.32968879033,173.88345732375396,209138.75791810977,283747.8863008889,65499.95071302374,-82005.26920737293,18.760018631675035,44501.679123581795,396354.7646111775
65510.0,65511.30020865247,83107.32968879264,202.87530363283977,209167.74976442114,283776.8781472002,65515.853466965455,-82087.42931232016,21.49852513529079,43791.6139848108,222347.05921325815
65540.0,65543.0671093406,83107.32968879743,200.29208654012575,211585.81617164245,396259.0890698666,65547.17910090717,-82251.40541865565,26.34283464713082,43632.48218798716,118241.61057076628
65570.0,65575.25398934059,83107.32968879874,195.02119250372243,209159.89565329812,375396.37851373735,65578.69542090717,-82417.72404079734,41.93973434920445,43481.76046554753,396409.38471307966
65590.0,65591.57094934059,83107.32968879744,191.27444767158983,222559.4872630247,-421822.272215973,65594.56534090717,-82499.7120939654,60.421145170668815,43418.25382320094,118027.38220598006
65620.0,65624.87542934058,83107.32968879498,171.50671231062242,222539.71952766128,303543.91605753574,65626.08166090716,-82669.54448981311,69.44758184893276,56660.786218591486,-410104.9868766404
65640.0,65641.86294934058,83107.3296887948,157.97241814112144,222526.1852334916,303530.3817633661,65642.62214090716,-82755.04631668814,75.59675576544248,43178.09521107297,375396.37851373735
65650.0,65658.85046934057,83107.32968879494,155.51674198193777,222523.72955733252,303527.92608720704,65658.93910090716,-82840.54814356334,78.71383679371009,56499.04881978604,-421822.272215973
65670.0,65675.83798934057,83107.3296887941,147.68917339160737,222515.90198874136,303520.0985186159,65675.25606090715,-82929.56374414568,92.19252724508569,56423.51190965508,137427.70843952955
65690.0,65692.82550934056,83107.3296887935,143.0687064003452,222511.2815217495,303515.47805162397,65692.24358090715,-83018.57934472802,109.81473602242406,56352.118517850075,137356.31504772455
65700.0,65709.14246934056,83107.32968879284,130.9999697116134,222499.2127850601,-421822.272215973,65709.23110090716,-83096.9134702275,116.96806187989162,56280.93771820805,137285.13424808253
65720.0,65725.45942934055,83107.32968879238,109.07177641295564,209073.946237201,375396.37851373735,65726.21862090717,-83107.32968879293,164.2429283805816,56317.79636614332,137321.9928960178
65740.0,65742.44694934055,83107.32968879204,103.84006393516648,222472.05287928286,303476.2494091573,65743.20614090716,-83107.32968879276,174.02550663230255,56327.57894439521,137331.7754742697
65770.0,65775.20145952809,83107.32968879209,11.967885331329962,214515.35582204757,100467.80813277203,65777.11767920508,-83107.32968879322,170.45821485083522,42920.67329805328,378224.0865322014
65790.0,65791.74193952809,83107.32968879242,9.498820124874312,213319.747815953,375552.95445627195,65793.37113750301,-83107.32968879331,168.84058385200635,56322.39402161437,-421822.272215973
65800.0,65808.72945952808,83107.32968879252,7.427685473778557,222375.640500822,303379.8370306964,65809.688097503,-83107.3296887935,166.73398325689433,56320.287421019064,137324.48395089354
65820.0,65825.71697952808,83107.32968879247,6.281166675533501,222374.49398202368,303378.6905118982,65826.67561750302,-83107.32968879266,161.13610725293483,56314.68954501595,137318.8860748904
65840.0,65842.70449952807,83107.32968879234,4.522364356518647,222372.7351797045,303376.93170957896,65843.66313750303,-83107.32968879238,151.70384385467477,56305.25728161796,137309.45381149245
65870.0,65876.67953952806,83107.32968879219,0.6544501248891332,222368.86726547274,303373.06379534723,65877.63817750302,-83107.32968879238,131.16283619815144,56284.71627396144,137288.9128038359
65890.0,65893.66705952806,83107.32968879223,0.0,222368.21281534788,303372.4093452224,65894.62569750303,-83107.32968879238,125.5649477240245,56279.11838548731,137283.31491536179
65910.0,65910.65457952805,83107.32968879223,0.0,222368.21281534788,303372.4093452224,65911.61321750304,-83107.32968879238,122.37100383637625,56275.924441599665,137280.12097147413
65920.0,65927.64209952805,83107.32968879219,0.0,222368.21281534786,303372.40934522235,65928.60073750303,-83107.32968879228,111.72212571247398,56265.275563475865,137269.47209335034
65940.0,65944.18257952805,83107.32968879219,0.0,222368.21281534786,-410104.9868766404,65945.58825750303,-83107.32968879219,96.80234391303316,47192.39196215653,375541.09467259055
65960.0,65960.27601952804,83107.32968879215,0.0,213310.24899582783,290051.0667609721,65962.12873750304,-83107.32968879228,84.74805283143316,47180.33767107484,123921.1554362191
65970.0,65976.36945952804,83107.32968879215,0.0,213310.24899582783,290051.0667609721,65978.22217750303,-83107.32968879219,70.10417069455181,47165.69378893805,123906.5115540823
65990.0,65992.46289952804,83107.32968879209,0.0,213310.24899582777,290051.066760972,65994.31561750303,-83107.32968879228,17.35201362507668,47112.94163186848,123853.75939701273
66020.0,66024.64977952803,83107.32968879219,0.0,213310.24899582786,290051.06676097214,66026.50249750302,-83107.32968879219,7.585076020988207,47103.17469426448,123843.99245940874
66040.0,66040.74321952803,83107.32968879215,0.0,213310.24899582783,290051.0667609721,66042.59593750302,-83107.32968879219,6.563746312150189,47102.15336455565,123842.9711296999
66050.0,66056.83665952802,83107.32968879228,0.0,213310.24899582798,290051.0667609722,66058.68937750302,-83107.32968879219,4.9493427025546755,47100.538960946054,123841.35672609031
66070.0,66072.93009952802,83107.32968879223,0.0,213310.24899582792,290051.06676097214,66074.78281750302,-83107.32968879219,3.83713840080938,47099.4267566443,123840.24452178855
66100.0,66105.11697952801,83107.32968879228,0.0,213310.24899582798,290051.0667609722,66106.96969750301,-83107.32968879228,0.250612099476909,47095.84023034289,123836.65799548716
66120.0,66121.21041952801,83107.32968879228,0.0,213310.24899582798,290051.0667609722,66123.063137503,-83107.32968879228,0.0,47095.58961824341,123836.40738338766
66130.0,66137.30385952801,83107.32968879228,0.0,213310.24899582798,290051.0667609722,66139.156577503,-83107.32968879228,0.0,47095.58961824341,123836.40738338766
66150.0,66153.397299528,83107.32968879219,0.0,213310.24899582786,290051.06676097214,66155.250017503,-83107.32968879228,0.0,47095.58961824341,123836.40738338766
66180.0,66185.584179528,83107.32968879234,0.0,213310.24899582803,290051.06676097226,66187.436897503,-83107.32968879247,0.0,56153.5534377632,-410104.9868766404
66200.0,66202.124659528,83107.32968879228,0.0,213310.24899582798,375457.0868426704,66203.977377503,-83107.32968879238,0.0,56153.55343776329,137157.74996763776
66230.0,66236.09969952799,83107.32968879223,0.0,222368.21281534788,303372.4093452224,66237.952417503,-83107.32968879247,0.0,56153.5534377632,137157.74996763768
66250.0,66253.08721952798,83107.32968879228,0.0,222368.21281534794,303372.4093452224,66254.939937503,-83107.32968879247,0.0,56153.5534377632,137157.74996763768
66270.0,66270.07473952798,83107.32968879228,0.0,222368.21281534794,303372.4093452224,66271.92745750301,-83107.32968879247,0.0,56153.5534377632,137157.74996763768
66280.0,66287.06225952797,83107.32968879228,0.0,222368.21281534794,303372.4093452224,66288.91497750301,-83107.32968879247,0.0,56153.5534377632,137157.74996763768
66300.0,66304.04977952797,83107.32968879228,0.0,222368.21281534794,303372.4093452224,66305.902497503,-83107.32968879247,0.0,56153.5534377632,137157.74996763768
66320.0,66321.03729952796,83107.32968879228,0.0,222368.21281534794,303372.4093452224,66322.89001750301,-83107.32968879247,0.0,56153.5534377632,137157.74996763768
66330.0,66338.02481952796,83173.11075725683,1.3278864557247112,222435.3217702682,303439.5183001427,66339.87753750302,-83107.32968879247,0.0,56153.5534377632,137157.74996763768
66350.0,66355.01233952795,83440.15755900907,4.301497627147083,222705.34218319188,303709.5387130664,66356.86505750302,-83107.32968879247,0.0,56153.5534377632,137157.74996763768
66370.0,66371.99985952795,83707.20436075887,5.567109571775092,222973.6545968863,303977.85112676077,66373.85257750301,-83107.32968879247,0.0,56153.5534377632,137157.74996763768
66400.0,66405.97489952794,84241.29796425188,8.194116648629848,223510.37520745618,304514.57173733064,66407.82761750303,-83107.32968879247,0.0,56153.5534377632,137157.74996763768
66420.0,66422.96241952793,84508.34476600132,8.384164624216625,223777.61205718122,304781.80858705565,66424.81513750303,-83107.32968879247,0.0,56153.5534377632,137157.74996763768
66450.0,66456.93745952792,85042.43836949163,11.844922257478643,224315.16641830478,305319.36294817924,66458.79017750303,-83107.32968879252,0.0,56153.55343776314,137157.74996763762
66470.0,66473.92497952792,85309.48517123894,12.3633321013055,224582.7316298959,305586.9281597704,66475.77769750304,-83107.32968879242,0.0,56153.55343776324,137157.7499676377
66490.0,66490.91249952791,85576.53197298446,17.50897912168482,224854.9240786618,305859.1206085363,66492.76521750304,-83107.32968879247,0.0,56153.5534377632,137157.74996763768
66500.0,66507.90001952791,85843.57877473129,23.47490847953399,225127.93680976648,306132.133339641,66509.75273750303,-83107.32968879234,0.0,56153.55343776333,137157.74996763782
66520.0,66524.8875395279,86110.62557647895,25.070637664154123,225396.57934069878,306400.77587057324,66526.74025750304,-83107.32968879234,0.0,56153.55343776333,137157.74996763782
66540.0,66541.8750595279,86377.67237822636,25.165514338338188,225663.72101912036,306667.9175489948,66543.72777750305,-83107.32968879238,0.0,56153.55343776329,137157.74996763776
66570.0,66575.711863444,86911.76598171992,28.20888395729508,226200.85799223286,-133480.8048937446,66577.70281750304,-83387.2818168518,3.807757892068026,55406.13353528445,208029.40224334682
66590.0,66592.5611473601,87148.38050771975,28.191417441775908,223584.21074614304,375533.6702644444,66594.66766032742,-83653.97212940952,4.297831572863143,55611.20882871901,64588.32309722508
66620.0,66626.0891473601,87194.57541119095,27.405241159035672,221892.67941090564,375396.37851373735,66628.39650315179,-84181.038185489,7.458924335537591,55087.30386540221,-399021.06831240695
66640.0,66642.94631247749,87194.57541119383,28.033443854289292,226483.4919816038,-107875.02567059938,66645.16050315178,-84444.57121352898,7.635654982450725,50233.76320000914,375396.37851373735
66670.0,66676.34395759489,87194.57541118983,26.821788530900037,221892.09595827642,375599.9507883729,66678.68850315179,-84975.15104331532,10.574363327935805,54296.306446568284,135300.50297644275
66690.0,66693.10795759488,87194.57541118974,28.35784393355398,226483.81638167895,-399021.06831240695,66695.67602315181,-85242.19784506205,11.246594180658974,54029.93187567427,135034.12840554878
66720.0,66726.41243759487,87194.57541119179,25.53965825462132,221890.81382800208,375447.4450130557,66729.4275431518,-85765.75012743416,14.218856791049488,48919.16748791255,127791.6746354219
66740.0,66743.28341094099,87194.575411193,24.3897180985339,226479.8482558472,-63573.48766286777,66745.9680231518,-86029.28315547385,17.979046394548327,53249.57901747637,-399021.06831240695
66770.0,66776.6948642871,87194.57541119281,17.000923343290754,221882.27509309177,375584.81508022663,66779.54836148799,-86557.99474725072,19.513392791505137,52722.40177209645,-396511.7379132474
66790.0,66793.6823842871,87194.57541119197,16.927715354922494,226472.38625310254,307476.582782977,66796.36469982417,-86825.04154899756,22.083095179224703,52457.92467273734,133462.12120261183
66810.0,66810.66990428709,87194.57541119179,16.80157879421827,226472.26011654167,307476.45664641616,66813.35221982418,-87092.08835074438,22.160913904403145,52190.95568971569,133195.15221959018
66840.0,66844.64494428708,87194.57541119141,17.188957923806683,226472.64749567088,307476.84402554535,66847.32725982417,-87194.57541119179,22.01956514797983,52088.32728051185,133092.52381038634
66860.0,66861.63246428707,87194.5754111916,17.776873191477144,226473.23541093877,307477.4319408132,66864.31477982418,-87194.57541119188,22.791791306618677,52089.099506670405,133093.29603654487
66890.0,66895.60750428707,87194.5754111916,14.356730268093168,226469.81526801534,307474.01179788983,66898.28981982419,-87194.57541119165,20.845505729922287,52087.15322109395,133091.34975096842
66910.0,66912.59502428706,87194.57541119169,14.194014018161544,226469.65255176552,307473.84908164,66915.27733982418,-87194.57541119169,22.34663873216934,52088.65435409614,133092.85088397062
66940.0,66946.57006428705,87194.57541119179,11.880176924775068,226467.33871467222,307471.5352445467,66949.2523798242,-87194.57541119194,20.58208637150832,52086.88980173523,133091.08633160972
66960.0,66963.55758428705,87194.57541119188,10.544002616891952,226466.00254036442,307470.1990702389,66966.2398998242,-87194.57541119197,20.92408977374904,52087.231805137446,133091.42833501194
66980.0,66980.54510428704,87194.57541119169,10.49918047217762,226465.95771821952,307470.154248094,66983.2274198242,-87194.57541119201,21.34956896468031,52087.657284328336,133091.85381420283
67010.0,67014.52014428703,87194.57541119133,7.456132005730929,226462.91466975273,307467.1111996272,67017.20245982421,-87194.57541119207,17.74903155947419,52084.056746923074,133088.25327679756
67030.0,67031.50766428703,87194.57541119141,6.07269671911563,226461.5312344662,307465.7277643407,67034.18997982421,-87194.57541119216,16.731456211090496,52083.039171574594,133087.23570144907
67060.0,67065.48270428702,87194.57541119152,6.07269671911563,226461.5312344663,307465.7277643408,67068.16501982421,-87194.5754111922,16.870436706031196,52083.17815206949,133087.37468194397
67080.0,67082.47022428701,87194.57541119152,5.336785239096727,226460.7953229863,307464.9918528608,67085.15253982422,-87194.57541119216,17.779772152562522,52084.087487516066,133088.28401739054
67110.0,67116.445264287,87194.57541119141,1.2590547513789836,226456.71759249846,307460.9141223729,67119.12757982421,-87194.57541119223,14.756251941055783,52081.06396730449,133085.26049717897
67130.0,67133.432784287,87194.57541119188,0.0,226455.45853774753,307459.655067622,67136.11509982422,-87194.57541119223,14.194014018072304,52080.5017293815,133084.698259256
67150.0,67150.42030428699,87194.57541119169,0.0,226455.45853774736,307459.65506762185,67153.10261982423,-87194.5754111922,13.9459315964241,52080.253646959885,133084.45017683436
67180.0,67184.39534428698,87195.80514748917,0.1722003351071549,226456.86047437994,307461.0570042544,67187.07765982424,-87194.57541119223,10.499180472128376,52076.80689583556,133081.00342571005
67200.0,67201.38286428698,87271.6679096748,14.34544856988558,226546.89648480035,307551.0930146748,67204.06517982423,-87194.57541119223,10.499180472128376,52076.80689583556,133081.00342571005
67230.0,67235.35790428697,87449.69911083752,76.53621809033788,226787.11845548352,307791.314985358,67238.04021982424,-87194.57541119223,7.757539780932573,52074.06525514436,133078.26178501884
67250.0,67252.34542428696,87538.71471142014,85.001041732311,226884.59887970812,307888.7954095826,67255.02773982423,-87194.5754111922,6.166858083644671,52072.47457344711,133076.6711033216
67280.0,67286.32046428695,87716.74591258538,87.7195227402599,227065.3485618813,308069.5450917558,67289.00277982425,-87194.5754111922,6.072696719072861,52072.38041208254,133076.57694195703
67300.0,67303.30798428695,87880.68600468604,88.48909581281798,227230.0582270545,308234.254756929,67305.99029982425,-87194.57541119223,5.608005474654851,52071.91572083809,133076.11225071255
67320.0,67320.29550428694,88222.5236691332,101.16357932152248,227584.5703750104,308588.7669048849,67322.97781982424,-87194.5754111922,3.599327770481745,52069.90704313395,133074.1035730084
67330.0,67337.28302428694,88578.58607145958,120.26352557618658,227959.7327235914,308963.92925346596,67339.96533982425,-87194.57541119223,1.5604625266478709,52067.86817789008,133072.06470776457
67350.0,67354.27054428693,88934.64847378901,129.5550018912304,228325.0866022359,309329.2831321104,67356.95285982426,-87194.57541119227,0.0,52066.30771536339,133070.50424523785
67370.0,67371.25806428693,89290.7108761182,143.14260494341943,228694.7366076173,309698.93313749175,67373.94037982426,-87194.57541119226,0.0,52066.30771536341,133070.50424523788
67400.0,67405.23310428692,90002.83568077728,168.44620542186937,229432.16501275482,310436.3615426293,67407.91541982426,-87197.49753403309,0.4687265052130089,52063.8543190278,133068.05084890226
67420.0,67421.55006428692,90358.89808310589,169.33111464352592,229789.11232430508,-421822.272215973,67424.90293982427,-87254.99485815979,10.973235083454227,38613.52314891934,375548.12469338556
67450.0,67452.84286428691,90989.487657985,166.58842547659057,217013.62085545727,291622.74923823634,67456.86629982427,-87418.97096449556,57.62134775449688,38496.19515525461,113105.32353803373
67480.0,67484.1356642869,82539.22884521897,111.41958365207232,208508.1932008667,283117.3215836458,67488.15909982426,-87582.94707083132,71.41703985359672,38346.01474101795,112955.14312379707
67510.0,67515.4284642869,71880.78193339567,87.65898086881396,197825.98568626016,272435.1140690393,67519.45189982426,-87749.4177982847,72.94307272655689,38181.070046437526,112790.19842921665
67530.0,67531.0748642869,66551.55847748353,86.73842134600123,192495.8416708252,267104.9700536043,67535.09829982425,-87963.74516710667,75.73970701450713,42314.91384694353,-421822.272215973
67560.0,67563.0382242869,55734.65445250724,85.25312371233812,186022.82688325527,262763.6446483995,67567.06165982425,-88638.38971888805,107.86328585976923,41672.392874007404,118413.21063915166
67590.0,67595.22510428689,44277.50824789726,54.5157790727244,174534.94333400566,251275.76109914994,67599.24853982424,-89313.03427066938,133.00090497668756,41022.88594134299,117763.70370648726
67610.0,67611.31854428689,38543.02955775545,45.27759545682862,168791.22646024794,245532.04422539222,67615.34197982424,-89650.35654656001,161.8039423750817,40714.36670285076,117455.184467995
67640.0,67643.50542428688,27074.07217747202,17.559946401026046,157294.55143090873,234035.36919605298,67647.52885982423,-90325.00109834137,172.19184982915823,40050.11005852348,116790.92782366775
67670.0,67675.69230428687,15605.114797188216,5.020866706056357,145813.05497092995,222553.87273607423,67679.71573982423,-90967.5786931235,170.5163910930776,39405.85700500525,116146.6747701495
67690.0,67691.78574428687,9870.636107046592,3.324747169527326,140076.88016125181,216817.69792639607,67695.80917982422,-88190.88301234419,153.79622054823713,42165.83251523973,118906.65028038398
