fric_brake.history.i,fric_brake.history.force_newtons,fric_brake.history.force_max_curr_newtons,history.time_seconds,history.i,history.offset_meters,history.offset_back_meters,history.total_dist_meters,history.link_idx_front,history.link_idx_back,history.offset_in_link_meters,history.speed_meters_per_second,history.speed_limit_meters_per_second,history.speed_target_meters_per_second,history.dt_seconds,history.length_meters,history.mass_static_kilograms,history.mass_rot_kilograms,history.mass_freight_kilograms,history.weight_static_newtons,history.res_rolling_newtons,history.res_bearing_newtons,history.res_davis_b_newtons,history.res_aero_newtons,history.res_grade_newtons,history.res_curve_newtons,history.grade_front,history.grade_back,history.elev_front_meters,history.elev_back_meters,history.pwr_res_watts,history.pwr_accel_watts,history.pwr_whl_out_watts,history.energy_whl_out_joules,history.energy_whl_out_pos_joules,history.energy_whl_out_neg_joules
0,0.0,12715254.816060832,0.0,0,2000.0,0.0,0.0,0,0,0.0,0.0,0.0,0.0,1.0,2000.0,13752700.0,400000.0,9972700.0,0.0,0.0,0.0,0.0,0.0,0.0,0.0,0.0,0.0,0.0,0.0,0.0,0.0,0.0,0.0,0.0,0.0
1,0.0,12715254.816060832,1.0,1,2000.0883931067574,0.0,0.08839310675748516,1,1,2000.0,0.17678621351497031,16.98752,16.98752,1.0,2000.0,13752700.0,400000.0,9972700.0,134797755.98667955,134797.75598667955,32000.0,0.0,0.0,0.0,0.0,0.0,0.0,0.0,0.0,14743.771851839525,221159.75146253686,471807.0466287528,471807.0466287528,471807.0466287528,0.0
2,0.0,12715254.816060832,2.0,2,2000.353571074448,0.08839310675739398,0.3535710744480135,1,1,2000.0883931067574,0.35356972186608643,16.98752,16.98752,1.0,2000.0,13752700.0,400000.0,9972700.0,134797755.98667955,134797.75598667955,32000.0,0.0,38.285372478976825,0.0,0.0,0.0,0.0,0.0,0.0,44241.2423851546,663465.7177873274,943606.8737162114,1415413.9203449641,1415413.9203449641,0.0
3,0.0,12715254.816060832,3.0,3,2000.7955284928266,0.35357107444792746,0.7955284928266647,1,1,2000.353571074448,0.5303451148912159,16.98752,16.98752,1.0,2000.0,13752700.0,400000.0,9972700.0,134797755.98667955,134797.75598667955,32000.0,0.0,153.1391465700656,0.0,0.0,0.0,0.0,0.0,0.0,73785.18660909592,1105710.7715598487,1415385.042621677,2830798.9629666414,2830798.9629666414,0.0
4,0.0,12715254.816060832,4.0,4,2001.4142545418588,0.7955284928266337,1.4142545418589183,1,1,2000.7955284928266,0.7071069831732916,16.98752,16.98752,1.0,2000.0,13752700.0,400000.0,9972700.0,134797755.98667955,134797.75598667955,32000.0,0.0,344.5507775889969,0.0,0.0,0.0,0.0,0.0,0.0,103415.29909039281,1547840.7805668858,1887127.1166928806,4717926.079659522,4717926.079659522,0.0
5,0.0,12715254.816060832,5.0,5,2002.2097329927967,1.4142545418587815,2.2097329927967846,1,1,2001.4142545418588,0.8838499187024412,16.98752,16.98752,1.0,2000.0,13752700.0,400000.0,9972700.0,134797755.98667955,134797.75598667955,32000.0,0.0,612.5003499242312,0.0,0.0,0.0,0.0,0.0,0.0,133171.25138175272,1989801.6384812258,2358818.663033075,7076744.742692597,7076744.742692597,0.0
6,0.0,12715254.816060832,6.0,6,2003.1819422099168,2.2097329927967166,3.181942209916906,1,1,2002.2097329927967,1.0605685155378015,16.98752,16.98752,1.0,2000.0,13752700.0,400000.0,9972700.0,134797755.98667955,134797.75598667955,32000.0,0.0,956.9585815181321,0.0,0.0,0.0,0.0,0.0,0.0,163092.67971855687,2431539.278931624,2830445.2542672846,9907189.996959882,9907189.996959882,0.0
7,0.0,12715254.816060832,7.0,7,2004.33085515292,3.1819422099167696,4.330855152920227,1,1,2003.1819422099168,1.2372573704688419,16.98752,16.98752,1.0,2000.0,13752700.0,400000.0,9972700.0,134797755.98667955,134797.75598667955,32000.0,0.0,1377.8868307838186,0.0,0.0,0.0,0.0,0.0,0.0,193219.1727308873,2872999.6895563765,3301992.4703072454,13209182.467267128,13209182.467267128,0.0
8,0.0,12715254.816060832,8.0,8,2005.6564393799924,4.330855152920094,5.656439379992663,1,1,2004.33085515292,1.4139110836760296,16.98752,16.98752,1.0,2000.0,13752700.0,400000.0,9972700.0,134797755.98667955,134797.75598667955,32000.0,0.0,1875.2371059548545,0.0,0.0,0.0,0.0,0.0,0.0,223590.25917669406,3314128.926034221,3773445.9001145875,16982628.367381714,16982628.367381714,0.0
9,0.0,12715254.816060832,9.0,9,2007.1586570515258,5.656439379992435,7.158657051526008,1,1,2005.6564393799924,1.5905242593906606,16.98752,16.98752,1.0,2000.0,13752700.0,400000.0,9972700.0,134797755.98667955,134797.75598667955,32000.0,0.0,2448.952076863857,0.0,0.0,0.0,0.0,0.0,0.0,254245.39570189998,3754873.126086294,4244791.143461795,21227419.510843508,21227419.510843508,0.0
10,0.0,12715254.816060832,10.0,10,2008.837464934498,7.158657051525779,8.837464934498183,1,1,2007.1586570515258,1.7670915065536879,16.98752,16.98752,1.0,2000.0,13752700.0,400000.0,9972700.0,134797755.98667955,134797.75598667955,32000.0,0.0,3098.9650891450065,0.0,0.0,0.0,0.0,0.0,0.0,285223.954633219,4195178.52344292,4716013.8126904825,25943433.32353399,25943433.32353399,0.0
11,0.0,12715254.816060832,11.0,11,2010.6928144075116,8.83746493449803,10.692814407511715,1,1,2008.837464934498,1.9436074394733758,16.98752,16.98752,1.0,2000.0,13752700.0,400000.0,9972700.0,134797755.98667955,134797.75598667955,32000.0,0.0,3825.2001808543732,0.0,0.0,0.0,0.0,0.0,0.0,316565.211809445,4634991.461769072,5187099.534466545,31130532.858000536,31130532.858000536,0.0
12,0.0,12715254.816060832,12.0,12,2012.7246514664891,10.692814407511605,12.724651466489208,1,1,2010.6928144075116,2.1200666784816087,16.98752,16.98752,1.0,2000.0,13752700.0,400000.0,9972700.0,134797755.98667955,134797.75598667955,32000.0,0.0,4627.5721015009085,0.0,0.0,0.0,0.0,0.0,0.0,348308.33445694024,5074258.408542188,5658033.951531718,36788566.809532255,36788566.809532255,0.0
13,0.0,12715254.816060832,13.0,13,2014.9329167310243,12.72465146648915,14.932916731024356,1,1,2012.7246514664891,2.2964638505886867,16.98752,16.98752,1.0,2000.0,13752700.0,400000.0,9972700.0,134797755.98667955,134797.75598667955,32000.0,0.0,5505.986333479849,0.0,0.0,0.0,0.0,0.0,0.0,380492.36911502265,5512925.968876387,6128802.724451087,42917369.53398334,42917369.53398334,0.0
14,0.0,12715254.816060832,14.0,14,2017.3175454513869,14.932916731024307,17.317545451386916,1,1,2014.9329167310243,2.472793590136435,16.98752,16.98752,1.0,2000.0,13752700.0,400000.0,9972700.0,134797755.98667955,134797.75598667955,32000.0,0.0,6460.339115899257,0.0,0.0,0.0,0.0,0.0,0.0,413156.2296169174,5950940.899286674,6599391.533356118,49516761.06733946,49516761.06733946,0.0
15,0.0,12715254.816060832,15.0,15,2019.8784675161799,17.317545451386877,19.878467516179867,1,1,2017.3175454513869,2.649050539449466,16.98752,16.98752,1.0,2000.0,13752700.0,400000.0,9972700.0,134797755.98667955,134797.75598667955,32000.0,0.0,7490.517470789303,0.0,0.0,0.0,0.0,0.0,0.0,446338.6851318995,6388250.121387525,7069786.079682735,56586547.147022195,56586547.147022195,0.0
16,0.0,12715254.816060832,16.0,16,2022.6156074606467,19.878467516179853,22.615607460646807,1,1,2019.8784675161799,2.825229349484416,16.98752,16.98752,1.0,2000.0,13752700.0,400000.0,9972700.0,134797755.98667955,134797.75598667955,32000.0,0.0,8596.399231682944,0.0,0.0,0.0,0.0,0.0,0.0,480078.3482742147,6824800.735519153,7539972.087904009,64126519.2349262,64126519.2349262,0.0
17,0.0,12715254.816060832,17.0,17,2025.5288844756274,22.615607460646743,25.528884475627514,1,1,2022.6156074606467,3.0013246804770013,16.98752,16.98752,1.0,2000.0,13752700.0,400000.0,9972700.0,134797755.98667955,134797.75598667955,32000.0,0.0,9777.853074555465,0.0,0.0,0.0,0.0,0.0,0.0,514413.66328431526,7260540.034296194,8009935.307257021,72136454.54218322,72136454.54218322,0.0
18,0.0,12715254.816060832,18.0,18,2028.6182124171592,25.528884475627365,28.618212417159373,1,1,2025.5288844756274,3.1773312025867195,16.98752,16.98752,1.0,2000.0,13752700.0,400000.0,9972700.0,134797755.98667955,134797.75598667955,32000.0,0.0,11034.738551109458,0.0,0.0,0.0,0.0,0.0,0.0,549382.8942879034,7695415.516072324,8479661.513463438,80616116.05564666,80616116.05564666,0.0
19,0.0,12715254.816060832,19.0,19,2031.883499816722,28.618212417159157,31.88349981672225,1,1,2028.6182124171592,3.3532435965390346,16.98752,16.98752,1.0,2000.0,13752700.0,400000.0,9972700.0,134797755.98667955,134797.75598667955,32000.0,0.0,12366.906124390682,0.0,0.0,0.0,0.0,0.0,0.0,585024.1136382181,8129374.898315188,8949136.510443376,89565252.56609003,89565252.56609003,0.0
20,0.0,12715254.816060832,20.0,20,2035.324649892124,31.88349981672195,35.32464989212421,1,1,2031.883499816722,3.529056554264882,16.98752,16.98752,1.0,2000.0,13752700.0,400000.0,9972700.0,134797755.98667955,134797.75598667955,32000.0,0.0,13774.197206719298,0.0,0.0,0.0,0.0,0.0,0.0,621375.1903469433,8562366.130885813,9418346.132022118,98983598.69811215,98983598.69811215,0.0
21,0.0,12715254.816060832,21.0,21,2038.941560559025,35.324649892123944,38.94156055902531,1,1,2035.324649892124,3.704764779537332,16.98752,16.98752,1.0,2000.0,13752700.0,400000.0,9972700.0,134797755.98667955,134797.75598667955,32000.0,0.0,15256.444199919904,0.0,0.0,0.0,0.0,0.0,0.0,658473.778609061,8994337.409216609,9887276.243629232,108870874.94174138,108870874.94174138,0.0
22,0.0,12715254.816060832,22.0,22,2042.7341244430963,38.94156055902499,42.734124443096604,1,1,2038.941560559025,3.8803629886052473,16.98752,16.98752,1.0,2000.0,13752700.0,400000.0,9972700.0,134797755.98667955,134797.75598667955,32000.0,0.0,16813.47053783286,0.0,0.0,0.0,0.0,0.0,0.0,696357.3064268982,9425237.18738255,10355912.743989684,119226787.68573105,119226787.68573105,0.0
23,0.0,12715254.816060832,23.0,23,2046.7022288928108,42.734124443096334,46.70222889281112,1,1,2042.7341244430963,4.0558459108237805,16.98752,16.98752,1.0,2000.0,13752700.0,400000.0,9972700.0,134797755.98667955,134797.75598667955,32000.0,0.0,18445.09073108837,0.0,0.0,0.0,0.0,0.0,0.0,735062.9643385585,9855014.191059548,10824241.566806506,130051029.25253756,130051029.25253756,0.0
24,0.0,12715254.816060832,24.0,24,2050.8457559928634,46.70222889281081,50.845755992863786,1,1,2046.7022288928108,4.231208289281544,16.98752,16.98752,1.0,2000.0,13752700.0,400000.0,9972700.0,134797755.98667955,134797.75598667955,32000.0,0.0,20151.11041412383,0.0,0.0,0.0,0.0,0.0,0.0,774627.6942558535,10283617.430364683,11292248.682434585,141343277.93497214,141343277.93497214,0.0
25,0.0,12715254.816060832,25.0,25,2055.164582578216,50.84575599286336,55.16458257821671,1,1,2050.8457559928634,4.406444881424308,16.98752,16.98752,1.0,2000.0,13752700.0,400000.0,9972700.0,134797755.98667955,134797.75598667955,32000.0,0.0,21931.32639442394,0.0,0.0,0.0,0.0,0.0,0.0,815088.1784167722,10710996.21257312,11759920.099545194,153103198.03451732,153103198.03451732,0.0
26,0.0,12715254.816060832,26.0,26,2059.6585802487657,55.16458257821614,59.65858024876639,1,1,2055.164582578216,4.581550459675056,16.98752,16.98752,1.0,2000.0,13752700.0,400000.0,9972700.0,134797755.98667955,134797.75598667955,32000.0,0.0,23785.526703962347,0.0,0.0,0.0,0.0,0.0,0.0,856480.8284574562,11137100.15470554,12227241.86678079,165330439.9012981,165330439.9012981,0.0
27,0.0,12715254.816060832,27.0,27,2064.327615384628,59.6585802487657,64.32761538462904,1,1,2059.6585802487657,4.756519812050256,16.98752,16.98752,1.0,2000.0,13752700.0,400000.0,9972700.0,134797755.98667955,134797.75598667955,32000.0,0.0,25713.490652822184,0.0,0.0,0.0,0.0,0.0,0.0,898841.7746085554,11561879.195981672,12694200.074399725,178024639.97569782,178024639.97569782,0.0
28,0.0,12715254.816060832,28.0,28,2069.1702424303926,64.32761538462819,69.17024243039364,1,1,2064.327615384628,4.928734279478934,16.98752,16.98752,1.0,2000.0,13752700.0,400000.0,9972700.0,134797755.98667955,134797.75598667955,32000.0,0.0,27714.98888497259,0.0,0.0,0.0,0.0,0.0,0.0,941952.6790613711,11802933.412816785,12971504.180573542,190996144.15627137,190996144.15627137,0.0
29,0.0,12715254.816060832,29.0,29,2074.1819810695656,69.17024243039259,74.18198106956677,1,1,2069.1702424303926,5.094742998867339,16.98752,16.98752,1.0,2000.0,13752700.0,400000.0,9972700.0,134797755.98667955,134797.75598667955,32000.0,0.0,29758.21645719564,0.0,0.0,0.0,0.0,0.0,0.0,985087.1618572194,11774937.613835273,12971356.164346684,203967500.32061806,203967500.32061806,0.0
30,0.0,12715254.816060832,30.0,30,2079.3569113851368,74.18198106956561,79.3569113851377,1,1,2074.1819810695656,5.25511763227453,16.98752,16.98752,1.0,2000.0,13752700.0,400000.0,9972700.0,134797755.98667955,134797.75598667955,32000.0,0.0,31796.59762502202,0.0,0.0,0.0,0.0,0.0,0.0,1027711.9410064085,11745715.668975478,12971356.243353099,216938856.56397116,216938856.56397116,0.0
31,0.0,12715254.816060832,31.0,31,2084.6896425627797,79.35691138513675,84.68964256278043,1,1,2079.3569113851368,5.410344723010927,16.98752,16.98752,1.0,2000.0,13752700.0,400000.0,9972700.0,134797755.98667955,134797.75598667955,32000.0,0.0,33829.92012807726,0.0,0.0,0.0,0.0,0.0,0.0,1069893.463515171,11715383.519079622,12971356.243310926,229910212.8072821,229910212.8072821,0.0
32,0.0,12715254.816060832,32.0,32,2090.1752368140574,84.68964256277968,90.17523681405807,1,1,2084.6896425627797,5.560843779544331,16.98752,16.98752,1.0,2000.0,13752700.0,400000.0,9972700.0,134797755.98667955,134797.75598667955,32000.0,0.0,35857.99177671992,0.0,0.0,0.0,0.0,0.0,0.0,1111687.2049192733,11684140.20194441,12971356.24331095,242881569.05059305,242881569.05059305,0.0
33,0.0,12715254.816060832,33.0,33,2095.8091484543106,90.17523681405737,95.80914845431124,1,1,2090.1752368140574,5.706979500962026,16.98752,16.98752,1.0,2000.0,13752700.0,400000.0,9972700.0,134797755.98667955,134797.75598667955,32000.0,0.0,37880.654837108676,0.0,0.0,0.0,0.0,0.0,0.0,1153140.0812486627,11652140.701123359,12971356.243310947,255852925.293904,255852925.293904,0.0
34,0.0,12715254.816060832,34.0,34,2101.5871738470855,95.80914845431062,101.58717384708604,1,1,2095.8091484543106,5.849071284587558,16.98752,16.98752,1.0,2000.0,13752700.0,400000.0,9972700.0,134797755.98667955,134797.75598667955,32000.0,0.0,39897.77840489095,0.0,0.0,0.0,0.0,0.0,0.0,1194292.0462876498,11619507.29140729,12971356.24331095,268824281.53721493,268824281.53721493,0.0
35,0.0,12715254.816060832,35.0,35,2107.5054098482115,101.58717384708552,107.50540984821211,1,1,2101.5871738470855,5.987400717664583,16.98752,16.98752,1.0,2000.0,13752700.0,400000.0,9972700.0,134797755.98667955,134797.75598667955,32000.0,0.0,41909.252742928766,0.0,0.0,0.0,0.0,0.0,0.0,1235177.3327509009,11586337.565376373,12971356.24331095,281795637.78052586,281795637.78052586,0.0
36,0.0,12715254.816060832,36.0,36,2113.5602189826513,107.50540984821146,113.56021898265202,1,1,2107.5054098482115,6.122217551215233,16.98752,16.98752,1.0,2000.0,13752700.0,400000.0,9972700.0,134797755.98667955,134797.75598667955,32000.0,0.0,43914.985008515694,0.0,0.0,0.0,0.0,0.0,0.0,1275825.4289205784,11552710.246438336,12971356.243310949,294766994.0238368,294766994.0238368,0.0
37,0.0,12715254.816060832,37.0,37,2119.7482000158384,113.56021898265135,119.74820001583925,1,1,2113.5602189826513,6.253744515159212,16.98752,16.98752,1.0,2000.0,13752700.0,400000.0,9972700.0,134797755.98667955,134797.75598667955,32000.0,0.0,45914.8959868996,0.0,0.0,0.0,0.0,0.0,0.0,1316261.8559314623,11518689.462235563,12971356.24331095,307738350.2671477,307738350.2671477,0.0
38,0.0,12715254.816060832,38.0,38,2126.066162892239,119.74820001583839,126.06616289223966,1,1,2119.7482000158384,6.38218123764161,16.98752,16.98752,1.0,2000.0,13752700.0,400000.0,9972700.0,134797755.98667955,134797.75598667955,32000.0,0.0,47908.917564582815,0.0,0.0,0.0,0.0,0.0,0.0,1356508.7928122974,11484327.929036628,12971356.24331095,320709706.51045865,320709706.51045865,0.0
39,0.0,12715254.816060832,39.0,39,2132.5111072429972,126.06616289223894,132.51110724299784,1,1,2126.066162892239,6.50770746387472,16.98752,16.98752,1.0,2000.0,13752700.0,400000.0,9972700.0,134797755.98667955,134797.75598667955,32000.0,0.0,49896.99075387812,0.0,0.0,0.0,0.0,0.0,0.0,1396585.5838445283,11449669.354023108,12971356.24331095,333681062.7537696,333681062.7537696,0.0
40,0.0,12715254.816060832,40.0,40,2139.08020383566,132.51110724299724,139.08020383566083,1,1,2132.5111072429972,6.63048572145125,16.98752,16.98752,1.0,2000.0,13752700.0,400000.0,9972700.0,134797755.98667955,134797.75598667955,32000.0,0.0,51879.06413332916,0.0,0.0,0.0,0.0,0.0,0.0,1436509.1539447256,11414750.268042479,12971356.24331095,346652418.9970805,346652418.9970805,0.0
41,0.0,12715254.816060832,41.0,41,2145.7707784684003,139.0802038356601,145.7707784684009,1,1,2139.08020383566,6.750663544028895,16.98752,16.98752,1.0,2000.0,13752700.0,400000.0,9972700.0,134797755.98667955,134797.75598667955,32000.0,0.0,53855.09260540191,0.0,0.0,0.0,0.0,0.0,0.0,1476294.3514320161,11379601.438322533,12971356.243310949,359623775.24039143,359623775.24039143,0.0
42,0.0,12715254.816060832,42.0,42,2152.580297910179,145.7707784684003,152.58029791017952,1,1,2145.7707784684003,6.868375339528391,16.98752,16.98752,1.0,2000.0,13752700.0,400000.0,9972700.0,134797755.98667955,134797.75598667955,32000.0,0.0,55825.03639873393,0.0,0.0,0.0,0.0,0.0,0.0,1515954.2329315236,11344248.967775824,12971356.243310949,372595131.48370236,372595131.48370236,0.0
43,0.0,12715254.816060832,43.0,43,2159.5063575648587,152.58029791017907,159.506357564859,1,1,2152.580297910179,6.983743969830566,16.98752,16.98752,1.0,2000.0,13752700.0,400000.0,9972700.0,134797755.98667955,134797.75598667955,32000.0,0.0,57788.860260686124,0.0,0.0,0.0,0.0,0.0,0.0,1555500.301771862,11308715.157926617,12971356.24331095,385566487.7270133,385566487.7270133,0.0
44,0.0,12715254.816060832,44.0,44,2166.546670597049,159.50635756485872,166.5466705970493,1,1,2159.5063575648587,7.0968820945500575,16.98752,16.98752,1.0,2000.0,13752700.0,400000.0,9972700.0,134797755.98667955,134797.75598667955,32000.0,0.0,59746.53279927737,0.0,0.0,0.0,0.0,0.0,0.0,1594942.708708058,11273019.191785535,12971356.24331095,398537843.9703242,398537843.9703242,0.0
45,0.0,12715254.816060832,45.0,45,2173.699058304581,166.5466705970489,173.69905830458117,1,1,2166.546670597049,7.207893320513679,16.98752,16.98752,1.0,2000.0,13752700.0,400000.0,9972700.0,134797755.98667955,134797.75598667955,32000.0,0.0,61698.02594333289,0.0,0.0,0.0,0.0,0.0,0.0,1634290.4218991036,11237177.678306056,12971356.243310949,411509200.21363515,411509200.21363515,0.0
46,0.0,12715254.816060832,46.0,46,2180.961441559922,173.69905830458083,180.96144155992258,1,1,2173.699058304581,7.316873190169114,16.98752,16.98752,1.0,2000.0,13752700.0,400000.0,9972700.0,134797755.98667955,134797.75598667955,32000.0,0.0,63643.3144968845,0.0,0.0,0.0,0.0,0.0,0.0,1673551.3716227822,11201205.089519646,12971356.243310949,424480556.4569461,424480556.4569461,0.0
47,0.0,12715254.816060832,47.0,47,2188.3318331728287,180.96144155992215,188.33183317282896,1,1,2180.961441559922,7.423910035643646,16.98752,16.98752,1.0,2000.0,13752700.0,400000.0,9972700.0,134797755.98667955,134797.75598667955,32000.0,0.0,65582.37576924406,0.0,0.0,0.0,0.0,0.0,0.0,1712732.5740999389,11165114.113791792,12971356.24331095,437451912.700257,437451912.700257,0.0
48,0.0,12715254.816060832,48.0,48,2195.808331050697,188.33183317282874,195.808331050697,1,1,2188.3318331728287,7.529085720092461,16.98752,16.98752,1.0,2000.0,13752700.0,400000.0,9972700.0,134797755.98667955,134797.75598667955,32000.0,0.0,67515.18926622978,0.0,0.0,0.0,0.0,0.0,0.0,1751840.23794039,11128915.943036398,12971356.24331095,450423268.94356793,450423268.94356793,0.0
49,0.0,12715254.816060832,49.0,49,2203.389112052732,195.80833105069678,203.38911205273217,1,1,2195.808331050697,7.632476283977866,16.98752,16.98752,1.0,2000.0,13752700.0,400000.0,9972700.0,134797755.98667955,134797.75598667955,32000.0,0.0,69441.73643111276,0.0,0.0,0.0,0.0,0.0,0.0,1790879.85605123,11092620.507565133,12971356.24331095,463394625.18687886,463394625.18687886,0.0
50,0.0,12715254.816060832,50.0,50,2211.0724264500964,203.3891120527319,211.07242645009646,1,1,2203.389112052732,7.734152510750703,16.98752,16.98752,1.0,2000.0,13752700.0,400000.0,9972700.0,134797755.98667955,134797.75598667955,32000.0,0.0,71362.0004262186,0.0,0.0,0.0,0.0,0.0,0.0,1829856.2853199912,11056236.669148846,12971356.24331095,476365981.4301898,476365981.4301898,0.0
51,0.0,12715254.816060832,51.0,51,2218.8565929174088,211.07242645009637,218.856592917409,1,1,2211.0724264500964,7.834180423874333,16.98752,16.98752,1.0,2000.0,13752700.0,400000.0,9972700.0,134797755.98667955,134797.75598667955,32000.0,0.0,73275.96594795046,0.0,0.0,0.0,0.0,0.0,0.0,1868773.8159664567,11019772.380524008,12971356.24331095,489337337.6735007,489337337.6735007,0.0
52,0.0,12715254.816060832,52.0,52,2226.7399939918946,218.85659291740876,226.73999399189495,1,1,2218.8565929174088,7.932621725097614,16.98752,16.98752,1.0,2000.0,13752700.0,400000.0,9972700.0,134797755.98667955,134797.75598667955,32000.0,0.0,75183.61906942439,0.0,0.0,0.0,0.0,0.0,0.0,1907636.2321228832,10983234.817800965,12971356.24331095,502308693.91681165,502308693.91681165,0.0
53,0.0,12715254.816060832,53.0,53,2234.721071945563,226.7399939918946,234.72107194556307,1,1,2226.7399939918946,8.029534182238644,16.98752,16.98752,1.0,2000.0,13752700.0,400000.0,9972700.0,134797755.98667955,134797.75598667955,32000.0,0.0,77084.94710602604,0.0,0.0,0.0,0.0,0.0,0.0,1946446.8649341823,10946630.490868488,12971356.24331095,515280050.1601226,515280050.1601226,0.0
54,0.0,12715254.816060832,54.0,54,2242.7983250233838,234.72107194556293,242.79832502338405,1,1,2234.721071945563,8.124971973403346,16.98752,16.98752,1.0,2000.0,13752700.0,400000.0,9972700.0,134797755.98667955,134797.75598667955,32000.0,0.0,78979.93850008004,0.0,0.0,0.0,0.0,0.0,0.0,1985208.6392529272,10909965.335840773,12971356.24331095,528251406.4034335,528251406.4034335,0.0
55,0.0,12715254.816060832,55.0,55,2250.97030400682,242.79832502338377,250.97030400682021,1,1,2242.7983250233838,8.218985993468996,16.98752,16.98752,1.0,2000.0,13752700.0,400000.0,9972700.0,134797755.98667955,134797.75598667955,32000.0,0.0,80868.58272152259,0.0,0.0,0.0,0.0,0.0,0.0,2023924.114828012,10873244.79277601,12971356.24331095,541222762.6467445,541222762.6467445,0.0
56,0.0,12715254.816060832,56.0,56,2259.235609067436,250.9703040068198,259.23560906743637,1,1,2250.97030400682,8.311624127763318,16.98752,16.98752,1.0,2000.0,13752700.0,400000.0,9972700.0,134797755.98667955,134797.75598667955,32000.0,0.0,82750.87018202843,0.0,0.0,0.0,0.0,0.0,0.0,2062595.5227420316,10836473.871261502,12971356.24331095,554194118.8900554,554194118.8900554,0.0
57,0.0,12715254.816060832,57.0,57,2267.592886879881,259.23560906743614,267.59288687988135,1,1,2259.235609067436,8.402931497126676,16.98752,16.98752,1.0,2000.0,13752700.0,400000.0,9972700.0,134797755.98667955,134797.75598667955,32000.0,0.0,84626.79216049124,0.0,0.0,0.0,0.0,0.0,0.0,2101224.7977343593,10799657.205958208,12971356.24331095,567165475.1333663,567165475.1333663,0.0
58,0.0,12715254.816060832,58.0,58,2276.0408279674084,267.592886879881,276.04082796740863,1,1,2267.592886879881,8.492950677927935,16.98752,16.98752,1.0,2000.0,13752700.0,400000.0,9972700.0,134797755.98667955,134797.75598667955,32000.0,0.0,86496.34073811937,0.0,0.0,0.0,0.0,0.0,0.0,2139813.6069495445,10762799.103802072,12971356.24331095,580136831.3766773,580136831.3766773,0.0
59,0.0,12715254.816060832,59.0,59,2284.5781642564175,276.0408279674084,284.57816425641767,1,1,2276.0408279674084,8.581721900090168,16.98752,16.98752,1.0,2000.0,13752700.0,400000.0,9972700.0,134797755.98667955,134797.75598667955,32000.0,0.0,88359.5087417028,0.0,0.0,0.0,0.0,0.0,0.0,2178363.375569908,10725903.584248517,12971356.24331095,593108187.6199882,593108187.6199882,0.0
60,0.0,12715254.816060832,60.0,60,2293.203666819338,284.5781642564175,293.20366681933854,1,1,2284.5781642564175,8.669283225751519,16.98752,16.98752,1.0,2000.0,13752700.0,400000.0,9972700.0,134797755.98667955,134797.75598667955,32000.0,0.0,90216.28969384682,0.0,0.0,0.0,0.0,0.0,0.0,2216875.3097240347,10688974.413686937,12971356.243310949,606079543.8632991,606079543.8632991,0.0
61,0.0,12715254.816060832,61.0,61,2301.916143787626,293.2036668193382,301.9161437876264,1,1,2293.203666819338,8.7556707108243,16.98752,16.98752,1.0,2000.0,13752700.0,400000.0,9972700.0,134797755.98667955,134797.75598667955,32000.0,0.0,92066.6777691634,0.0,0.0,0.0,0.0,0.0,0.0,2255350.417006673,10652015.134965489,12971356.24331095,619050900.1066101,619050900.1066101,0.0
62,0.0,12715254.816060832,62.0,62,2310.7144384187427,301.91614378762597,310.7144384187433,1,1,2301.916143787626,8.84091855140951,16.98752,16.98752,1.0,2000.0,13752700.0,400000.0,9972700.0,134797755.98667955,134797.75598667955,32000.0,0.0,93910.66775557345,0.0,0.0,0.0,0.0,0.0,0.0,2293789.5248984154,10615029.092781648,12971356.24331095,632022256.349921,632022256.349921,0.0
63,0.0,12715254.816060832,63.0,63,2319.59742730283,310.7144384187427,319.5974273028305,1,1,2310.7144384187427,8.925059216764911,16.98752,16.98752,1.0,2000.0,13752700.0,400000.0,9972700.0,134797755.98667955,134797.75598667955,32000.0,0.0,95748.25502000462,0.0,0.0,0.0,0.0,0.0,0.0,2332193.297333814,10578019.455588602,12971356.24331095,644993612.5932319,644993612.5932319,0.0
64,0.0,12715254.816060832,64.0,64,2328.5640186963647,319.59742730283006,328.5640186963651,1,1,2319.59742730283,9.008123570304335,16.98752,16.98752,1.0,2000.0,13752700.0,400000.0,9972700.0,134797755.98667955,134797.75598667955,32000.0,0.0,97579.43547788134,0.0,0.0,0.0,0.0,0.0,0.0,2370562.249632987,10540989.23453642,12971356.24331095,657964968.8365428,657964968.8365428,0.0
65,0.0,12715254.816060832,65.0,65,2337.613150971476,328.56401869636466,337.6131509714763,1,1,2328.5640186963647,9.090140979917935,16.98752,16.98752,1.0,2000.0,13752700.0,400000.0,9972700.0,134797755.98667955,134797.75598667955,32000.0,0.0,99404.20556589383,0.0,0.0,0.0,0.0,0.0,0.0,2408896.761983285,10503941.299893262,12971356.24331095,670936325.0798538,670936325.0798538,0.0
66,0.0,12715254.816060832,66.0,66,2346.743791170806,337.613150971476,346.7437911708063,1,1,2337.613150971476,9.17113941874211,16.98752,16.98752,1.0,2000.0,13752700.0,400000.0,9972700.0,134797755.98667955,134797.75598667955,32000.0,0.0,101222.56221760967,0.0,0.0,0.0,0.0,0.0,0.0,2447197.091633307,10466878.3953197,12971356.24331095,683907681.3231647,683907681.3231647,0.0
67,0.0,12715254.816060832,67.0,67,2355.954933658862,346.74379117080616,355.9549336588621,1,1,2346.743791170806,9.251145557369544,16.98752,16.98752,1.0,2000.0,13752700.0,400000.0,9972700.0,134797755.98667955,134797.75598667955,32000.0,0.0,103034.50284155656,0.0,0.0,0.0,0.0,0.0,0.0,2485463.383940843,10429803.150298266,12971356.24331095,696879037.5664756,696879037.5664756,0.0
68,0.0,12715254.816060832,68.0,68,2365.245598861732,355.95493365886205,365.2455988617323,1,1,2355.954933658862,9.33018484837082,16.98752,16.98752,1.0,2000.0,13752700.0,400000.0,9972700.0,134797755.98667955,134797.75598667955,32000.0,0.0,104840.02530145684,0.0,0.0,0.0,0.0,0.0,0.0,2523695.6823985497,10392718.090990506,12971356.24331095,709850393.8097866,709850393.8097866,0.0
69,0.0,12715254.816060832,69.0,69,2374.6148320878656,365.2455988617321,374.61483208786575,1,1,2365.245598861732,9.4082816038961,16.98752,16.98752,1.0,2000.0,13752700.0,400000.0,9972700.0,134797755.98667955,134797.75598667955,32000.0,0.0,106639.12789834132,0.0,0.0,0.0,0.0,0.0,0.0,2561893.9377459344,10355625.649732769,12971356.24331095,722821750.0530975,722821750.0530975,0.0
70,0.0,12715254.816060832,70.0,70,2384.061702423332,374.6148320878656,384.06170242333195,1,1,2374.6148320878656,9.485459067036333,16.98752,16.98752,1.0,2000.0,13752700.0,400000.0,9972700.0,134797755.98667955,134797.75598667955,32000.0,0.0,108431.80935430697,0.0,0.0,0.0,0.0,0.0,0.0,2600058.0162630267,10318528.173365055,12971356.243310949,735793106.2964084,735793106.2964084,0.0
71,0.0,12715254.816060832,71.0,71,2393.585301695623,384.061702423332,393.5853016956231,1,1,2384.061702423332,9.561739477545995,16.98752,16.98752,1.0,2000.0,13752700.0,400000.0,9972700.0,134797755.98667955,134797.75598667955,32000.0,0.0,110218.06879771668,0.0,0.0,0.0,0.0,0.0,0.0,2638187.707329812,10281427.930548944,12971356.24331095,748764462.5397193,748764462.5397193,0.0
72,0.0,12715254.816060832,72.0,72,2403.184743500627,393.585301695623,403.1847435006271,1,1,2393.585301695623,9.637144132461986,16.98752,16.98752,1.0,2000.0,13752700.0,400000.0,9972700.0,134797755.98667955,134797.75598667955,32000.0,0.0,111997.90574966541,0.0,0.0,0.0,0.0,0.0,0.0,2676282.730325621,10244327.118209431,12971356.24331095,761735818.7830303,761735818.7830303,0.0
73,0.0,12715254.816060832,73.0,73,2412.8591622879053,403.18474350062706,412.85916228790535,1,1,2403.184743500627,9.711693442094427,16.98752,16.98752,1.0,2000.0,13752700.0,400000.0,9972700.0,134797755.98667955,134797.75598667955,32000.0,0.0,113771.32011156193,0.0,0.0,0.0,0.0,0.0,0.0,2714342.7409341163,10207227.867219547,12971356.24331095,774707175.0263412,774707175.0263412,0.0
74,0.0,12715254.816060832,74.0,74,2422.607712499859,412.8591622879053,422.60771249985936,1,1,2412.8591622879053,9.78540698181364,16.98752,16.98752,1.0,2000.0,13752700.0,400000.0,9972700.0,134797755.98667955,134797.75598667955,32000.0,0.0,115538.31215369438,0.0,0.0,0.0,0.0,0.0,0.0,2752367.3369121104,10170132.24742537,12971356.24331095,787678531.2696521,787678531.2696521,0.0
75,0.0,12715254.816060832,75.0,75,2432.429567760772,422.6077124998592,432.42956776077233,1,1,2422.607712499859,9.858303540012347,16.98752,16.98752,1.0,2000.0,13752700.0,400000.0,9972700.0,134797755.98667955,134797.75598667955,32000.0,0.0,117298.88250466573,0.0,0.0,0.0,0.0,0.0,0.0,2790356.0633739163,10133042.272094764,12971356.24331095,800649887.512963,800649887.512963,0.0
76,0.0,12715254.816060832,76.0,76,2442.3239201120696,432.429567760772,442.32392011206974,1,1,2432.429567760772,9.930401162582477,16.98752,16.98752,1.0,2000.0,13752700.0,400000.0,9972700.0,134797755.98667955,134797.75598667955,32000.0,0.0,119053.03214159947,0.0,0.0,0.0,0.0,0.0,0.0,2828308.417637256,10095959.901865793,12971356.24331095,813621243.756274,813621243.756274,0.0
77,0.0,12715254.816060832,77.0,77,2452.2899792904664,442.3239201120696,452.2899792904664,1,1,2442.3239201120696,10.001717194210908,16.98752,16.98752,1.0,2000.0,13752700.0,400000.0,9972700.0,134797755.98667955,134797.75598667955,32000.0,0.0,120800.76238102878,0.0,0.0,0.0,0.0,0.0,0.0,2866223.853671789,10058887.048256807,12971356.24331095,826592599.9995849,826592599.9995849,0.0
78,0.0,12715254.816060832,78.0,78,2462.3269720459557,452.28997929046636,462.3269720459557,1,1,2452.2899792904664,10.072268316767627,16.98752,16.98752,1.0,2000.0,13752700.0,400000.0,9972700.0,134797755.98667955,134797.75598667955,32000.0,0.0,122542.07487039329,0.0,0.0,0.0,0.0,0.0,0.0,2904101.7861869303,10021825.576793082,12971356.24331095,839563956.2428958,839563956.2428958,0.0
79,0.0,12715254.816060832,79.0,79,2472.434141496856,462.3269720459557,472.4341414968557,1,1,2462.3269720459557,10.1420705850324,16.98752,16.98752,1.0,2000.0,13752700.0,400000.0,9972700.0,134797755.98667955,134797.75598667955,32000.0,0.0,124276.97158007717,0.0,0.0,0.0,0.0,0.0,0.0,2941941.5943917674,9984777.309794974,12971356.24331095,852535312.4862068,852535312.4862068,0.0
80,0.0,12715254.816060832,80.0,80,2482.6107465193627,472.4341414968558,482.61074651936286,1,1,2472.434141496856,10.211139459981863,16.98752,16.98752,1.0,2000.0,13752700.0,400000.0,9972700.0,134797755.98667955,134797.75598667955,32000.0,0.0,126005.4547959298,0.0,0.0,0.0,0.0,0.0,0.0,2979742.6254565166,9947744.028872436,12971356.24331095,865506668.7295177,865506668.7295177,0.0
81,0.0,12715254.816060832,81.0,81,2492.8560611692724,482.6107465193627,492.8560611692725,1,1,2482.6107465193627,10.279489839837387,16.98752,16.98752,1.0,2000.0,13752700.0,400000.0,9972700.0,134797755.98667955,134797.75598667955,32000.0,0.0,127727.52711221842,0.0,0.0,0.0,0.0,0.0,0.0,3017504.197701919,9910727.477158474,12971356.24331095,878478024.9728286,878478024.9728286,0.0
82,0.0,12715254.816060832,82.0,82,2503.1693741337185,492.8560611692724,503.16937413371863,1,1,2492.8560611692724,10.34713608905492,16.98752,16.98752,1.0,2000.0,13752700.0,400000.0,9972700.0,134797755.98667955,134797.75598667955,32000.0,0.0,129443.19142496708,0.0,0.0,0.0,0.0,0.0,0.0,3055225.603540346,9873729.361311926,12971356.243310949,891449381.2161396,891449381.2161396,0.0
83,0.0,12715254.816060832,83.0,83,2513.5499882109566,503.1693741337185,513.5499882109566,1,1,2503.1693741337185,10.414092065420979,16.98752,16.98752,1.0,2000.0,13752700.0,400000.0,9972700.0,134797755.98667955,134797.75598667955,32000.0,0.0,131152.4509256429,0.0,0.0,0.0,0.0,0.0,0.0,3092906.1121900138,9836751.353320412,12971356.24331095,904420737.4594505,904420737.4594505,0.0
84,0.0,12715254.816060832,84.0,84,2523.997219816369,513.5499882109566,523.9972198163689,1,1,2513.5499882109566,10.480371145403659,16.98752,16.98752,1.0,2000.0,13752700.0,400000.0,9972700.0,134797755.98667955,134797.75598667955,32000.0,0.0,132855.30909515364,0.0,0.0,0.0,0.0,0.0,0.0,3130544.9721816024,9799795.092121484,12971356.24331095,917392093.7027614,917392093.7027614,0.0
85,0.0,12715254.816060832,85.0,85,2534.510398513018,523.9972198163691,534.5103985130177,1,1,2523.997219816369,10.545986247893966,16.98752,16.98752,1.0,2000.0,13752700.0,400000.0,9972700.0,134797755.98667955,134797.75598667955,32000.0,0.0,134551.76969812677,0.0,0.0,0.0,0.0,0.0,0.0,3168141.41367473,9762862.185069002,12971356.24331095,930363449.9460723,930363449.9460723,0.0
86,0.0,12715254.816060832,86.0,86,2545.0888665651955,534.5103985130181,545.0888665651948,1,1,2534.510398513018,10.610949856460495,16.98752,16.98752,1.0,2000.0,13752700.0,400000.0,9972700.0,134797755.98667955,134797.75598667955,32000.0,0.0,136241.83677744158,0.0,0.0,0.0,0.0,0.0,0.0,3205694.650600054,9725954.20925471,12971356.24331095,943334806.1893833,943334806.1893833,0.0
87,0.0,12715254.816060832,87.0,87,2555.7319785135405,545.0888665651955,555.7319785135398,1,1,2545.0888665651955,10.675274040229581,16.98752,16.98752,1.0,2000.0,13752700.0,400000.0,9972700.0,134797755.98667955,134797.75598667955,32000.0,0.0,137925.51464899076,0.0,0.0,0.0,0.0,0.0,0.0,3243203.882641281,9689072.712710237,12971356.24331095,956306162.4326942,956306162.4326942,0.0
88,0.0,12715254.816060832,88.0,88,2566.439100770402,555.7319785135405,566.4391007704012,1,1,2555.7319785135405,10.73897047349315,16.98752,16.98752,1.0,2000.0,13752700.0,400000.0,9972700.0,134797755.98667955,134797.75598667955,32000.0,0.0,139602.80789664952,0.0,0.0,0.0,0.0,0.0,0.0,3280668.297070065,9652219.215493863,12971356.24331095,969277518.6760051,969277518.6760051,0.0
89,0.0,12715254.816060832,89.0,89,2577.2096112342174,566.4391007704021,577.2096112342166,1,1,2566.439100770402,10.80205045413768,16.98752,16.98752,1.0,2000.0,13752700.0,400000.0,9972700.0,134797755.98667955,134797.75598667955,32000.0,0.0,141273.72136743317,0.0,0.0,0.0,0.0,0.0,0.0,3318087.0704455446,9615395.210684063,12971356.24331095,982248874.919316,982248874.919316,0.0
90,0.0,12715254.816060832,90.0,90,2588.042898921776,577.2096112342174,588.0428989217753,1,1,2577.2096112342174,10.86452492097964,16.98752,16.98752,1.0,2000.0,13752700.0,400000.0,9972700.0,134797755.98667955,134797.75598667955,32000.0,0.0,142938.2601668267,0.0,0.0,0.0,0.0,0.0,0.0,3355459.3701892495,9578602.165280728,12971356.243310949,995220231.162627,995220231.162627,0.0
91,0.0,12715254.816060832,91.0,91,2598.938363617309,588.0428989217762,598.9383636173079,1,1,2588.042898921776,10.92640447008563,16.98752,16.98752,1.0,2000.0,13752700.0,400000.0,9972700.0,134797755.98667955,134797.75598667955,32000.0,0.0,144596.4296542699,0.0,0.0,0.0,0.0,0.0,0.0,3392784.3560450994,9541841.52103128,12971356.24331095,1008191587.4059379,1008191587.4059379,0.0
92,0.0,12715254.816060832,92.0,92,2609.8954155374263,598.9383636173088,609.8954155374252,1,1,2598.938363617309,10.987699370148846,16.98752,16.98752,1.0,2000.0,13752700.0,400000.0,9972700.0,134797755.98667955,134797.75598667955,32000.0,0.0,146248.2354387864,0.0,0.0,0.0,0.0,0.0,0.0,3430061.181433406,9505114.695185881,12971356.243310949,1021162943.6492488,1021162943.6492488,0.0
93,0.0,12715254.816060832,93.0,93,2620.9134750109947,609.8954155374263,620.9134750109935,1,1,2609.8954155374263,11.048419576987682,16.98752,16.98752,1.0,2000.0,13752700.0,400000.0,9972700.0,134797755.98667955,134797.75598667955,32000.0,0.0,147893.68337474245,0.0,0.0,0.0,0.0,0.0,0.0,3467288.994706948,9468423.081192413,12971356.24331095,1034134299.8925598,1034134299.8925598,0.0
94,0.0,12715254.816060832,94.0,94,2631.991972173102,620.9134750109947,631.9919721731007,1,1,2620.9134750109947,11.108574747226859,16.98752,16.98752,1.0,2000.0,13752700.0,400000.0,9972700.0,134797755.98667955,134797.75598667955,32000.0,0.0,149532.7795577267,0.0,0.0,0.0,0.0,0.0,0.0,3504466.940316578,9431768.04933192,12971356.243310947,1047105656.1358707,1047105656.1358707,0.0
95,0.0,12715254.816060832,95.0,95,2643.130346672324,631.9919721731021,643.1303466723225,1,1,2631.991972173102,11.168174251216682,16.98752,16.98752,1.0,2000.0,13752700.0,400000.0,9972700.0,134797755.98667955,134797.75598667955,32000.0,0.0,151165.5303205397,0.0,0.0,0.0,0.0,0.0,0.0,3541594.1598930815,9395150.947309608,12971356.24331095,1060077012.3791816,1060077012.3791816,0.0
96,0.0,12715254.816060832,96.0,96,2654.328047390553,643.1303466723239,654.3280473905517,1,1,2643.130346672324,11.227227185241556,16.98752,16.98752,1.0,2000.0,13752700.0,400000.0,9972700.0,134797755.98667955,134797.75598667955,32000.0,0.0,152791.94222928563,0.0,0.0,0.0,0.0,0.0,0.0,3578669.7932515405,9358573.100796562,12971356.24331095,1073048368.6224926,1073048368.6224926,0.0
97,0.0,12715254.816060832,97.0,97,2665.584532174706,654.3280473905529,665.5845321747049,1,1,2654.328047390553,11.28574238306495,16.98752,16.98752,1.0,2000.0,13752700.0,400000.0,9972700.0,134797755.98667955,134797.75598667955,32000.0,0.0,154412.0220795581,0.0,0.0,0.0,0.0,0.0,0.0,3615692.9793238477,9322035.81393316,12971356.243310949,1086019724.8658035,1086019724.8658035,0.0
98,0.0,12715254.816060832,98.0,98,2676.899267579666,665.584532174706,676.8992675796645,1,1,2665.584532174706,11.343728426854291,16.98752,16.98752,1.0,2000.0,13752700.0,400000.0,9972700.0,134797755.98667955,134797.75598667955,32000.0,0.0,156025.77689271295,0.0,0.0,0.0,0.0,0.0,0.0,3652662.857024608,9285540.369798891,12971356.24331095,1098991081.1091144,1098991081.1091144,0.0
99,0.0,12715254.816060832,99.0,99,2688.271728621856,676.8992675796658,688.2717286218547,1,1,2676.899267579666,11.401193657525976,16.98752,16.98752,1.0,2000.0,13752700.0,400000.0,9972700.0,134797755.98667955,134797.75598667955,32000.0,0.0,157633.2139122221,0.0,0.0,0.0,0.0,0.0,0.0,3689578.5660552187,9249088.03084527,12971356.24331095,1111962437.3524253,1111962437.3524253,0.0
100,0.0,12715254.816060832,100.0,100,2699.7013985428925,688.2717286218558,699.7013985428914,1,1,2688.271728621856,11.458146184547632,16.98752,16.98752,1.0,2000.0,13752700.0,400000.0,9972700.0,134797755.98667955,134797.75598667955,32000.0,0.0,159234.3406001029,0.0,0.0,0.0,0.0,0.0,0.0,3726439.247650514,9212680.039303714,12971356.24331095,1124933793.5957363,1124933793.5957363,0.0
101,0.0,12715254.816060832,101.0,101,2711.187768582782,699.7013985428925,711.1877685827812,1,1,2699.7013985428925,11.51459389523199,16.98752,16.98752,1.0,2000.0,13752700.0,400000.0,9972700.0,134797755.98667955,134797.75598667955,32000.0,0.0,160829.16463341773,0.0,0.0,0.0,0.0,0.0,0.0,3763244.0452720434,9176317.617566967,12971356.24331095,1137905149.8390472,1137905149.8390472,0.0
102,0.0,12715254.816060832,102.0,102,2722.730337762175,711.1877685827822,722.7303377621744,1,1,2711.187768582782,11.570544463554192,16.98752,16.98752,1.0,2000.0,13752700.0,400000.0,9972700.0,134797755.98667955,134797.75598667955,32000.0,0.0,162417.6939008394,0.0,0.0,0.0,0.0,0.0,0.0,3799992.1052517067,9140001.968543082,12971356.24331095,1150876506.0823581,1150876506.0823581,0.0
103,0.0,12715254.816060832,103.0,103,2734.3286126732132,722.7303377621752,734.3286126732124,1,1,2722.730337762175,11.626005358522024,16.98752,16.98752,1.0,2000.0,13752700.0,400000.0,9972700.0,134797755.98667955,134797.75598667955,32000.0,0.0,163999.9364992786,0.0,0.0,0.0,0.0,0.0,0.0,3836682.577389188,9103734.275992896,12971356.243310949,1163847862.325669,1163847862.325669,0.0
104,0.0,12715254.816060832,104.0,104,2745.9821072785376,734.3286126732132,745.9821072785367,1,1,2734.3286126732132,11.680983852126442,16.98752,16.98752,1.0,2000.0,13752700.0,400000.0,9972700.0,134797755.98667955,134797.75598667955,32000.0,0.0,165575.90073056894,0.0,0.0,0.0,0.0,0.0,0.0,3873314.615506344,9067515.704847604,12971356.24331095,1176819218.56898,1176819218.56898,0.0
105,0.0,12715254.816060832,105.0,105,2757.6903427180496,745.9821072785376,757.6903427180488,1,1,2745.9821072785376,11.735487026897799,16.98752,16.98752,1.0,2000.0,13752700.0,400000.0,9972700.0,134797755.98667955,134797.75598667955,32000.0,0.0,167145.59509820738,0.0,0.0,0.0,0.0,0.0,0.0,3909887.3779615117,9031347.401505012,12971356.243310947,1189790574.812291,1189790574.812291,0.0
106,0.0,12715254.816060832,106.0,106,2769.452847123044,757.6903427180496,769.4528471230434,1,1,2757.6903427180496,11.789521783091383,16.98752,16.98752,1.0,2000.0,13752700.0,400000.0,9972700.0,134797755.98667955,134797.75598667955,32000.0,0.0,168709.028304146,0.0,0.0,0.0,0.0,0.0,0.0,3946400.0281264056,8995230.49411634,12971356.24331095,1202761931.0556018,1202761931.0556018,0.0
107,0.0,12715254.816060832,107.0,107,2781.269155437352,769.4528471230442,781.2691554373512,1,1,2769.452847123044,11.843094845524218,16.98752,16.98752,1.0,2000.0,13752700.0,400000.0,9972700.0,134797755.98667955,134797.75598667955,32000.0,0.0,170266.2092456331,0.0,0.0,0.0,0.0,0.0,0.0,3982851.7348281317,8959166.092852095,12971356.243310949,1215733287.2989128,1215733287.2989128,0.0
108,0.0,12715254.816060832,108.0,108,2793.1388092451557,781.2691554373519,793.1388092451551,1,1,2781.269155437352,11.896212770083588,16.98752,16.98752,1.0,2000.0,13752700.0,400000.0,9972700.0,134797755.98667955,134797.75598667955,32000.0,0.0,171817.14701210085,0.0,0.0,0.0,0.0,0.0,0.0,4019241.6727586226,8923155.290162742,12971356.24331095,1228704643.5422237,1228704643.5422237,0.0
109,0.0,12715254.816060832,109.0,109,2805.0613566051607,793.1388092451557,805.0613566051601,1,1,2793.1388092451557,11.94888194992629,16.98752,16.98752,1.0,2000.0,13752700.0,400000.0,9972700.0,134797755.98667955,134797.75598667955,32000.0,0.0,173361.85088209732,0.0,0.0,0.0,0.0,0.0,0.0,4055569.0228536534,8887199.161020437,12971356.24331095,1241675999.7855346,1241675999.7855346,0.0
110,0.0,12715254.816060832,110.0,110,2817.036351890817,805.0613566051607,817.0363518908164,1,1,2805.0613566051607,12.001108621386406,16.98752,16.98752,1.0,2000.0,13752700.0,400000.0,9972700.0,134797755.98667955,134797.75598667955,32000.0,0.0,174900.330320261,0.0,0.0,0.0,0.0,0.0,0.0,4091832.972643409,8851298.763153944,12971356.243310949,1254647356.0288455,1254647356.0288455,0.0
111,0.0,12715254.816060832,111.0,111,2829.063355636314,817.0363518908171,829.0633556363136,1,1,2817.036351890817,12.05289886960812,16.98752,16.98752,1.0,2000.0,13752700.0,400000.0,9972700.0,134797755.98667955,134797.75598667955,32000.0,0.0,176432.594974336,0.0,0.0,0.0,0.0,0.0,0.0,4128032.7165764743,8815455.137275498,12971356.24331095,1267618712.2721565,1267618712.2721565,0.0
112,0.0,12715254.816060832,112.0,112,2841.1419343880775,829.0633556363141,841.1419343880773,1,1,2829.063355636314,12.104258633919056,16.98752,16.98752,1.0,2000.0,13752700.0,400000.0,9972700.0,134797755.98667955,134797.75598667955,32000.0,0.0,177958.65467222585,0.0,0.0,0.0,0.0,0.0,0.0,4164167.456318937,8779669.307294808,12971356.243310949,1280590068.5154674,1280590068.5154674,0.0
113,0.0,12715254.816060832,113.0,113,2853.2716605615165,841.1419343880775,853.2716605615161,1,1,2841.1419343880775,12.15519371295858,16.98752,16.98752,1.0,2000.0,13752700.0,400000.0,9972700.0,134797755.98667955,134797.75598667955,32000.0,0.0,179478.51941908489,0.0,0.0,0.0,0.0,0.0,0.0,4200236.401030209,8743942.280528005,12971356.24331095,1293561424.7587783,1293561424.7587783,0.0
114,0.0,12715254.816060832,114.0,114,2865.452112302783,853.2716605615165,865.4521123027827,1,1,2853.2716605615165,12.205709769574558,16.98752,16.98752,1.0,2000.0,13752700.0,400000.0,9972700.0,134797755.98667955,134797.75598667955,32000.0,0.0,180992.19939444604,0.0,0.0,0.0,0.0,0.0,0.0,4236238.767617053,8708275.04789798,12971356.24331095,1306532781.0020893,1306532781.0020893,0.0
115,0.0,12715254.816060832,115.0,115,2877.6828733553207,865.452112302783,877.6828733553206,1,1,2865.452112302783,12.255812335501222,16.98752,16.98752,1.0,2000.0,13752700.0,400000.0,9972700.0,134797755.98667955,134797.75598667955,32000.0,0.0,182499.70494938255,0.0,0.0,0.0,0.0,0.0,0.0,4272173.780967163,8672668.58413046,12971356.24331095,1319504137.2454002,1319504137.2454002,0.0
116,0.0,12715254.816060832,116.0,116,2889.9635329309863,877.6828733553207,889.9635329309862,1,1,2877.6828733553207,12.30550681582996,16.98752,16.98752,1.0,2000.0,13752700.0,400000.0,9972700.0,134797755.98667955,134797.75598667955,32000.0,0.0,184001.0466037043,0.0,0.0,0.0,0.0,0.0,0.0,4308040.67416362,8637123.847940056,12971356.24331095,1332475493.488711,1332475493.488711,0.0
117,0.0,12715254.816060832,117.0,117,2902.2936855855432,889.9635329309863,902.2936855855432,1,1,2889.9635329309863,12.354798493284102,16.98752,16.98752,1.0,2000.0,13752700.0,400000.0,9972700.0,134797755.98667955,134797.75598667955,32000.0,0.0,185496.23504318605,0.0,0.0,0.0,0.0,0.0,0.0,4343838.688681387,8601641.782214493,12971356.243310947,1345446849.732022,1345446849.732022,0.0
118,0.0,12715254.816060832,118.0,118,2914.672931098339,902.2936855855432,914.6729310983394,1,1,2902.2936855855432,12.403692532308126,16.98752,16.98752,1.0,2000.0,13752700.0,400000.0,9972700.0,134797755.98667955,134797.75598667955,32000.0,0.0,186985.2811168275,0.0,0.0,0.0,0.0,0.0,0.0,4379567.0745669715,8566223.314192992,12971356.24331095,1358418205.975333,1358418205.975333,0.0
119,0.0,12715254.816060832,119.0,119,2927.1008743559837,914.6729310983392,927.1008743559839,1,1,2914.672931098339,12.45219398298097,16.98752,16.98752,1.0,2000.0,13752700.0,400000.0,9972700.0,134797755.98667955,134797.75598667955,32000.0,0.0,188468.19583414454,0.0,0.0,0.0,0.0,0.0,0.0,4415225.090602283,8530869.355636835,12971356.24331095,1371389562.218644,1371389562.218644,0.0
120,0.0,12715254.816060832,120.0,120,2939.5771252398554,927.1008743559837,939.5771252398557,1,1,2927.1008743559837,12.50030778476266,16.98752,16.98752,1.0,2000.0,13752700.0,400000.0,9972700.0,134797755.98667955,134797.75598667955,32000.0,0.0,189944.99036248968,0.0,0.0,0.0,0.0,0.0,0.0,4450812.004453681,8495580.803001322,12971356.24331095,1384360918.4619548,1384360918.4619548,0.0
121,0.0,12715254.816060832,121.0,121,2952.101298517278,939.5771252398554,952.1012985172785,1,1,2939.5771252398554,12.548038770082776,16.98752,16.98752,1.0,2000.0,13752700.0,400000.0,9972700.0,134797755.98667955,134797.75598667955,32000.0,0.0,191415.6760244025,0.0,0.0,0.0,0.0,0.0,0.0,4486327.092807074,8460358.537598671,12971356.24331095,1397332274.7052658,1397332274.7052658,0.0
122,0.0,12715254.816060832,122.0,122,2964.6730137362088,952.1012985172779,964.6730137362093,1,1,2952.101298517278,12.595391667778902,16.98752,16.98752,1.0,2000.0,13752700.0,400000.0,9972700.0,134797755.98667955,134797.75598667955,32000.0,0.0,192880.26429498807,0.0,0.0,0.0,0.0,0.0,0.0,4521769.641489956,8425203.425760534,12971356.24331095,1410303630.9485767,1410303630.9485767,0.0
123,0.0,12715254.816060832,123.0,123,2977.2918951232946,964.6730137362088,977.291895123295,1,1,2964.6730137362088,12.642371106392575,16.98752,16.98752,1.0,2000.0,13752700.0,400000.0,9972700.0,134797755.98667955,134797.75598667955,32000.0,0.0,194338.76679932387,0.0,0.0,0.0,0.0,0.0,0.0,4557138.945581163,8390116.318995671,12971356.243310949,1423274987.1918876,1423274987.1918876,0.0
124,0.0,12715254.816060832,124.0,124,2989.9575714851558,977.2918951232946,989.9575714851563,1,1,2977.2918951232946,12.688981617329931,16.98752,16.98752,1.0,2000.0,13752700.0,400000.0,9972700.0,134797755.98667955,134797.75598667955,32000.0,0.0,195791.19530989355,0.0,0.0,0.0,0.0,0.0,0.0,4592434.309509067,8355098.054144418,12971356.24331095,1436246343.4351985,1436246343.4351985,0.0
125,0.0,12715254.816060832,125.0,125,3002.669676112768,989.9575714851558,1002.6696761127681,1,1,2989.9575714851558,12.735227637893738,16.98752,16.98752,1.0,2000.0,13752700.0,400000.0,9972700.0,134797755.98667955,134797.75598667955,32000.0,0.0,197237.5617440477,0.0,0.0,0.0,0.0,0.0,0.0,4627655.047138923,8320149.453532334,12971356.243310949,1449217699.6785095,1449217699.6785095,0.0
126,0.0,12715254.816060832,126.0,126,3015.4278174635074,1002.6696761127678,1015.4278174635076,2,1,2.6696761127677746,12.781055063585185,16.98752,16.98752,1.0,2000.0,13752700.0,400000.0,9972700.0,134797755.98667955,134797.75598667955,32000.0,0.0,198677.87816149133,773.7845485131536,58.09066438176849,0.004297180327864949,0.0,0.011480674034211926,0.0,4673402.982265796,8274698.37866638,12971356.24331095,1462189055.9218204,1462189055.9218204,0.0
127,0.0,12715254.816060832,127.0,127,3028.231467447828,1015.4278174635074,1028.2314674478282,2,1,15.427817463507381,12.826244905055983,16.98752,16.98752,1.0,2000.0,13752700.0,400000.0,9972700.0,134797755.98667955,134797.75598667955,32000.0,0.0,200110.32645953572,4471.273586814729,376.0006155409269,0.00429999999999609,0.0,0.06634047509302116,0.0,4759825.466324569,8188680.22576743,12971356.24331095,1475160412.1651313,1475160412.1651313,0.0
128,0.0,12715254.816060832,128.0,128,3041.0799945579915,1028.231467447828,1041.0799945579918,2,1,28.23146744782798,12.870809315271352,16.98752,16.98752,1.0,2000.0,13752700.0,400000.0,9972700.0,134797755.98667955,134797.75598667955,32000.0,0.0,201527.88399648134,8181.936264730887,597.7081687298349,0.004311315789469785,0.0,0.12139573399930204,0.0,4845247.470212943,8103652.499117428,12971356.24331095,1488131768.4084423,1488131768.4084423,0.0
129,0.0,12715254.816060832,129.0,129,3053.9727416956134,1041.0799945579915,1053.9727416956139,2,1,41.07999455799154,12.914684959972659,16.98752,16.98752,1.0,2000.0,13752700.0,400000.0,9972700.0,134797755.98667955,134797.75598667955,32000.0,0.0,202930.72222684286,12910.610602651253,790.2018508479938,0.0059960655737650095,0.0,0.1915552749101707,0.0,4943456.889727679,8005865.265272464,12971356.24331095,1501103124.6517532,1501103124.6517532,0.0
130,0.0,12715254.816060832,130.0,130,3066.909009448227,1053.9727416956134,1066.9090094482274,2,1,53.97274169561342,12.957850545254393,16.98752,16.98752,1.0,2000.0,13752700.0,400000.0,9972700.0,134797755.98667955,134797.75598667955,32000.0,0.0,204316.6323287964,18124.195161448457,894.1169029112813,0.006015789473678896,0.0,0.2689094492528415,0.0,5046861.071163703,7902889.8842105875,12971356.24331095,1514074480.895064,1514074480.895064,0.0
131,0.0,12715254.816060832,131.0,131,3079.8880925952803,1066.9090094482272,1079.8880925952803,2,1,66.90900944822715,13.00031574885158,16.98752,16.98752,1.0,2000.0,13752700.0,400000.0,9972700.0,134797755.98667955,134797.75598667955,32000.0,0.0,205684.71617260823,23355.71128724124,936.9294359839038,0.005996065573764993,0.0,0.34652967501253074,0.0,5149777.18078347,7800393.758476045,12971356.24331095,1527045837.138375,1527045837.138375,0.0
132,0.0,12715254.816060832,132.0,132,3092.9092943224946,1079.8880925952803,1092.9092943224946,2,1,79.88809259528034,13.04208770557705,16.98752,16.98752,1.0,2000.0,13752700.0,400000.0,9972700.0,134797755.98667955,134797.75598667955,32000.0,0.0,207035.05672305208,28604.45776133606,953.4339635823417,0.005999642111536463,0.0,0.4244055481778598,0.0,5252631.737326664,7697951.79904146,12971356.24331095,1540017193.381686,1540017193.381686,0.0
133,0.0,12715254.816060832,133.0,133,3105.971924340966,1092.9092943224946,1105.9719243409659,2,1,92.90929432249459,13.083172331365304,16.98752,16.98752,1.0,2000.0,13752700.0,400000.0,9972700.0,134797755.98667955,134797.75598667955,32000.0,0.0,208367.66335695595,33870.06404085492,959.5754589896665,0.006001687763707638,0.0,0.5025315709884948,0.0,5355613.7630737,7595375.733406735,12971356.24331095,1552988549.624997,1552988549.624997,0.0
134,0.0,12715254.816060832,134.0,134,3119.075297949099,1105.9719243409659,1119.075297949099,2,1,105.97192434096587,13.12357488490092,16.98752,16.98752,1.0,2000.0,13752700.0,400000.0,9972700.0,134797755.98667955,134797.75598667955,32000.0,0.0,209682.51285894826,39152.291739284614,963.3497961572947,0.0060000062841375585,0.0,0.5809042064936685,0.0,5458811.857343496,7492577.42118669,12971356.24331095,1565959905.8683078,1565959905.8683078,0.0
135,0.0,12715254.816060832,135.0,135,3132.2187356987806,1119.075297949099,1132.2187356987806,2,1,119.07529794909897,13.16330061446256,16.98752,16.98752,1.0,2000.0,13752700.0,400000.0,9972700.0,134797755.98667955,134797.75598667955,32000.0,0.0,210979.5667555127,44451.213363831805,963.3497961572947,0.0060000062841375585,0.0,0.6595245304858693,0.0,5562196.208525738,7389586.805955246,12971356.24331095,1578931262.1116188,1578931262.1116188,0.0
136,0.0,12715254.816060832,136.0,136,3145.4015632241335,1132.2187356987806,1145.4015632241335,2,1,132.21873569878062,13.202354436243256,16.98752,16.98752,1.0,2000.0,13752700.0,400000.0,9972700.0,134797755.98667955,134797.75598667955,32000.0,0.0,212258.79175672025,49766.33667447675,963.3497961572947,0.0060000062841375585,0.0,0.73838523957913,0.0,5665797.798414537,7286373.191333341,12971356.24331095,1591902618.3549297,1591902618.3549297,0.0
137,0.0,12715254.816060832,137.0,137,3158.623111036903,1145.4015632241335,1158.623111036903,2,1,145.4015632241335,13.240741189295752,16.98752,16.98752,1.0,2000.0,13752700.0,400000.0,9972700.0,134797755.98667955,134797.75598667955,32000.0,0.0,213520.1492587352,55097.38896191289,963.3497961572947,0.0060000062841375585,0.0,0.8174822875739489,0.0,5769601.106163599,7182952.252862146,12971356.24331095,1604873974.5982406,1604873974.5982406,0.0
138,0.0,12715254.816060832,138.0,138,3171.88271445078,1158.623111036903,1171.8827144507798,2,1,158.62311103690308,13.278465638457712,16.98752,16.98752,1.0,2000.0,13752700.0,400000.0,9972700.0,134797755.98667955,134797.75598667955,32000.0,0.0,214763.60337134355,60444.09948931356,963.3497961572947,0.0060000062841375585,0.0,0.8968116575365916,0.0,5873590.727330181,7079339.544092101,12971356.24331095,1617845330.8415515,1617845330.8415515,0.0
139,0.0,12715254.816060832,139.0,139,3185.1797135085835,1171.88271445078,1185.179713508583,2,1,171.88271445077999,13.315532477149048,16.98752,16.98752,1.0,2000.0,13752700.0,400000.0,9972700.0,134797755.98667955,134797.75598667955,32000.0,0.0,215989.12089683517,65806.1994617284,963.3497961572947,0.0060000062841375585,0.0,0.9763693613450248,0.0,5977751.374831655,6975550.495877181,12971356.24331095,1630816687.0848625,1630816687.0848625,0.0
140,0.0,12715254.816060832,140.0,140,3198.513452912182,1185.1797135085835,1198.5134529121815,2,1,185.17971350858352,13.351946330047788,16.98752,16.98752,1.0,2000.0,13752700.0,400000.0,9972700.0,134797755.98667955,134797.75598667955,32000.0,0.0,217196.6713087636,71183.42199663693,963.3497961572947,0.0060000062841375585,0.0,1.0561514392520173,0.0,6082067.879887461,6871600.415671575,12971356.24331095,1643788043.3281734,1643788043.3281734,0.0
141,0.0,12715254.816060832,141.0,141,3211.883281955031,1198.513452912182,1211.8832819550307,2,1,198.51345291218195,13.387711755650521,16.98752,16.98752,1.0,2000.0,13752700.0,400000.0,9972700.0,134797755.98667955,134797.75598667955,32000.0,0.0,218386.22673058385,76575.50209560855,963.3497961572947,0.0060000062841375585,0.0,1.1361539594646604,0.0,6186525.192945285,6767504.486828973,12971356.24331095,1656759399.5714843,1656759399.5714843,0.0
142,0.0,12715254.816060832,142.0,142,3225.288554457218,1211.8832819550312,1225.2885544572175,2,1,211.88328195503118,13.422833248723126,16.98752,16.98752,1.0,2000.0,13752700.0,400000.0,9972700.0,134797755.98667955,134797.75598667955,32000.0,0.0,219557.7619141694,81982.17661702186,963.3497961572947,0.0060000062841375585,0.0,1.2163730177396006,0.0,6291108.3845904,6663277.767905879,12971356.24331095,1669730755.8147953,1669730755.8147953,0.0
143,0.0,12715254.816060832,143.0,143,3238.7286287029033,1225.2885544572182,1238.7286287029026,2,1,225.2885544572182,13.457315242647145,16.98752,16.98752,1.0,2000.0,13752700.0,400000.0,9972700.0,134797755.98667955,134797.75598667955,32000.0,0.0,220711.2542182081,87403.18424979645,963.3497961572947,0.0060000062841375585,0.0,1.2968047369932991,0.0,6395802.64643713,6558935.191972573,12971356.243310949,1682702112.0581062,1682702112.0581062,0.0
144,0.0,12715254.816060832,144.0,144,3252.20286738006,1238.7286287029033,1252.2028673800596,2,1,238.72862870290328,13.491162111666878,16.98752,16.98752,1.0,2000.0,13752700.0,400000.0,9972700.0,134797755.98667955,134797.75598667955,32000.0,0.0,221846.68358647937,92838.26548809498,963.3497961572947,0.0060000062841375585,0.0,1.377445266926685,0.0,6500593.292001543,6454491.565933312,12971356.24331095,1695673468.301417,1695673468.301417,0.0
145,0.0,12715254.816060832,145.0,145,3265.7106375224143,1252.20286738006,1265.7106375224141,2,1,252.20286738006007,13.52437817304199,16.98752,16.98752,1.0,2000.0,13752700.0,400000.0,9972700.0,134797755.98667955,134797.75598667955,32000.0,0.0,222964.03252601295,98287.16260695452,963.3497961572947,0.0060000062841375585,0.0,1.4582907836635952,0.0,6605465.757554543,6349961.569853985,12971356.243310949,1708644824.544728,1708644824.544728,0.0
146,0.0,12715254.816060832,146.0,146,3279.2513104534905,1265.7106375224143,1279.25131045349,2,1,265.71063752241434,13.556967689110143,16.98752,16.98752,1.0,2000.0,13752700.0,400000.0,9972700.0,134797755.98667955,134797.75598667955,32000.0,0.0,224063.2860851319,103749.61963880675,963.3497961572947,0.0060000062841375585,0.0,1.5393374894024063,0.0,6710405.602954574,6245359.756302828,12971356.243310949,1721616180.788039,1721616180.788039,0.0
147,0.0,12715254.816060832,147.0,147,3292.8242617326778,1279.2513104534905,1292.824261732677,2,1,279.25131045349053,13.588934869263932,16.98752,16.98752,1.0,2000.0,13752700.0,400000.0,9972700.0,134797755.98667955,134797.75598667955,32000.0,0.0,225144.4318313811,109225.38235085104,963.3497961572947,0.0060000062841375585,0.0,1.620581612080315,0.0,6815398.512459246,6140700.5497018155,12971356.24331095,1734587537.03135,1734587537.03135,0.0
148,0.0,12715254.816060832,148.0,148,3306.4288711032327,1292.8242617326778,1306.428871103232,2,1,292.82426173267777,13.620283871846159,16.98752,16.98752,1.0,2000.0,13752700.0,400000.0,9972700.0,134797755.98667955,134797.75598667955,32000.0,0.0,226207.45982934404,114714.19822324358,963.3497961572947,0.0060000062841375585,0.0,1.702019405049731,0.0,6920430.295515255,6035998.245693719,12971356.24331095,1747558893.2746608,1747558893.2746608,0.0
149,0.0,12715254.816060832,149.0,149,3320.0645224421396,1306.4288711032327,1320.0645224421387,2,1,306.4288711032327,13.651018805967281,16.98752,16.98752,1.0,2000.0,13752700.0,400000.0,9972700.0,134797755.98667955,134797.75598667955,32000.0,0.0,227252.36261834894,120215.8164280703,963.3497961572947,0.0060000062841375585,0.0,1.7836471467662975,0.0,7025486.887525998,5931267.010521655,12971356.24331095,1760530249.5179718,1760530249.5179718,0.0
150,0.0,12715254.816060832,150.0,150,3333.730603711748,1320.0645224421396,1333.7306037117467,2,1,320.0645224421396,13.68114373324864,16.98752,16.98752,1.0,2000.0,13752700.0,400000.0,9972700.0,134797755.98667955,134797.75598667955,32000.0,0.0,228279.1351900687,125729.9878090704,963.3497961572947,0.0060000062841375585,0.0,1.8654611404880477,0.0,7130554.350596421,5826520.88042511,12971356.24331095,1773501605.7612827,1773501605.7612827,0.0
151,0.0,12715254.816060832,151.0,151,3347.4265069131197,1333.7306037117478,1347.4265069131184,2,1,333.7306037117478,13.710662669494887,16.98752,16.98752,1.0,2000.0,13752700.0,400000.0,9972700.0,134797755.98667955,134797.75598667955,32000.0,0.0,229287.77496601542,131256.46486207898,963.3497961572947,0.0060000062841375585,0.0,1.9474577139852314,0.0,7235618.874254569,5721773.761052868,12971356.24331095,1786472962.0045936,1786472962.0045936,0.0
152,0.0,12715254.816060832,152.0,152,3361.1516280410165,1347.4265069131197,1361.1516280410153,2,1,347.42650691311974,13.73957958629888,16.98752,16.98752,1.0,2000.0,13752700.0,400000.0,9972700.0,134797755.98667955,134797.75598667955,32000.0,0.0,230278.28177493383,136795.00171616132,963.3497961572947,0.0060000062841375585,0.0,2.0296332192604027,0.0,7340666.77614947,5617039.426890415,12971356.24331095,1799444318.2479045,1799444318.2479045,0.0
153,0.0,12715254.816060832,153.0,153,3374.905367040457,1361.1516280410165,1374.9053670404558,2,1,361.15162804101647,13.76789841258209,16.98752,16.98752,1.0,2000.0,13752700.0,400000.0,9972700.0,134797755.98667955,134797.75598667955,32000.0,0.0,231250.6578300951,142345.3541154091,963.3497961572947,0.0060000062841375585,0.0,2.111984032278332,0.0,7445684.502724977,5512331.520709871,12971356.24331095,1812415674.4912155,1812415674.4912155,0.0
154,0.0,12715254.816060832,154.0,154,3388.6871277647847,1374.905367040457,1388.6871277647836,2,1,374.9053670404569,13.795623036073458,16.98752,16.98752,1.0,2000.0,13752700.0,400000.0,9972700.0,134797755.98667955,134797.75598667955,32000.0,0.0,232204.90770649604,147907.2794013734,963.3497961572947,0.0060000062841375585,0.0,2.1945065527053624,0.0,7550658.629869264,5407663.5530342,12971356.24331095,1825387030.7345264,1825387030.7345264,0.0
155,0.0,12715254.816060832,155.0,155,3402.496317935186,1388.6871277647847,1402.496317935185,2,1,388.6871277647847,13.822757304729462,16.98752,16.98752,1.0,2000.0,13752700.0,400000.0,9972700.0,134797755.98667955,134797.75598667955,32000.0,0.0,233141.03831796482,153480.5364961072,963.3497961572947,0.0060000062841375585,0.0,2.2771972036578094,0.0,7655575.863539646,5303048.901623547,12971356.24331095,1838358386.9778373,1838358386.9778373,0.0
156,0.0,12715254.816060832,156.0,156,3416.3323491016,1402.4963179351862,1416.3323491015988,2,1,402.4963179351862,13.849305028098009,16.98752,16.98752,1.0,2000.0,13752700.0,400000.0,9972700.0,134797755.98667955,134797.75598667955,32000.0,0.0,234059.05889417836,159064.8858857947,963.3497961572947,0.0060000062841375585,0.0,2.3600524314590694,0.0,7760423.040362583,5198500.81097746,12971356.24331095,1851329743.2211483,1851329743.2211483,0.0
157,0.0,12715254.816060832,157.0,157,3430.1946366049633,1416.3323491016,1430.1946366049622,2,1,416.3323491015999,13.875269978628651,16.98752,16.98752,1.0,2000.0,13752700.0,400000.0,9972700.0,134797755.98667955,134797.75598667955,32000.0,0.0,234958.98095759348,164660.08960494318,963.3497961572947,0.0060000062841375585,0.0,2.4430687054050746,0.0,7865187.128208553,5094032.3918642625,12971356.24331095,1864301099.4644592,1864301099.4644592,0.0
158,0.0,12715254.816060832,158.0,158,3444.0825995407436,1430.1946366049633,1444.0825995407422,2,1,430.1946366049633,13.900655892931493,16.98752,16.98752,1.0,2000.0,13752700.0,400000.0,9972700.0,134797755.98667955,134797.75598667955,32000.0,0.0,235840.8183002961,170265.91122111614,963.3497961572947,0.0060000062841375585,0.0,2.5262425175377765,0.0,7969855.2267417535,4989656.620861493,12971356.24331095,1877272455.70777,1877272455.70777,0.0
159,0.0,12715254.816060832,159.0,159,3457.9956607237027,1444.0825995407436,1457.9956607237013,2,1,444.08259954074356,13.925466472987026,16.98752,16.98752,1.0,2000.0,13752700.0,400000.0,9972700.0,134797755.98667955,134797.75598667955,32000.0,0.0,236704.5869607715,175882.1158201851,963.3497961572947,0.0060000062841375585,0.0,2.6095703824263277,0.0,8074414.567944387,4885386.339926709,12971356.24331095,1890243811.951081,1890243811.951081,0.0
160,0.0,12715254.816060832,160.0,160,3471.933246653851,1457.9956607237027,1471.9332466538494,2,1,457.9956607237027,13.94970538730904,16.98752,16.98752,1.0,2000.0,13752700.0,400000.0,9972700.0,134797755.98667955,134797.75598667955,32000.0,0.0,237550.30520059998,181508.46999208097,963.3497961572947,0.0060000062841375585,0.0,2.693048836955673,0.0,8178852.51661552,4781234.255982774,12971356.243310949,1903215168.194392,1903215168.194392,0.0
161,0.0,12715254.816060832,161.0,161,3485.8947874835367,1471.9332466538508,1485.8947874835353,2,1,471.9332466538508,13.973376272062636,16.98752,16.98752,1.0,2000.0,13752700.0,400000.0,9972700.0,134797755.98667955,134797.75598667955,32000.0,0.0,238377.99348108057,187144.7418170258,963.3497961572947,0.0060000062841375585,0.0,2.7766744401222683,0.0,8283156.570844433,4677212.940528686,12971356.24331095,1916186524.437703,1916186524.437703,0.0
162,0.0,12715254.816060832,162.0,162,3499.879716986266,1485.8947874835367,1499.8797169862646,2,1,485.8947874835367,13.99648273339575,16.98752,16.98752,1.0,2000.0,13752700.0,400000.0,9972700.0,134797755.98667955,134797.75598667955,32000.0,0.0,239187.67443978775,192790.68298635536,963.3497961572947,0.006000984413448096,0.0,2.860443507759974,0.0,8387314.112982234,4573335.07816458,12971356.24331095,1929157880.6810138,1929157880.6810138,0.0
163,0.0,12715254.816060832,163.0,163,3513.8874724479647,1499.879716986266,1513.8874724479633,2,1,499.879716986266,14.019028190001608,16.98752,16.98752,1.0,2000.0,13752700.0,400000.0,9972700.0,134797755.98667955,134797.75598667955,32000.0,0.0,239979.37291015056,198446.06374596604,965.5858391143108,0.005999948197706612,0.0,2.9443526309974493,0.0,8491344.172600431,4469581.777492757,12971356.24331095,1942129236.9243248,1942129236.9243248,0.0
164,0.0,12715254.816060832,164.0,164,3527.9174946611975,1513.8874724479647,1527.9174946611959,2,1,513.8874724479647,14.041016236463678,16.98752,16.98752,1.0,2000.0,13752700.0,400000.0,9972700.0,134797755.98667955,134797.75598667955,32000.0,0.0,240753.1104552732,204110.68916510488,967.124133324923,0.006000053203287596,0.0,3.0283989176388766,0.0,8595193.985220954,4366005.771588095,12971356.24331095,1955100593.1676357,1955100593.1676357,0.0
165,0.0,12715254.816060832,165.0,165,3541.9692280264935,1527.9174946611975,1541.9692280264921,2,1,527.9174946611975,14.062450494128797,16.98752,16.98752,1.0,2000.0,13752700.0,400000.0,9972700.0,134797755.98667955,134797.75598667955,32000.0,0.0,241508.9177669799,209784.38600690739,967.124133324923,0.006000053203287596,0.0,3.11257979736158,0.0,8698840.537681494,4262630.1102240905,12971356.24331095,1968071949.4109466,1968071949.4109466,0.0
166,0.0,12715254.816060832,166.0,166,3556.0421205012076,1541.9692280264935,1556.0421205012062,2,1,541.9692280264935,14.083334455299557,16.98752,16.98752,1.0,2000.0,13752700.0,400000.0,9972700.0,134797755.98667955,134797.75598667955,32000.0,0.0,242246.82952728347,215466.82657757308,967.124133324923,0.005999999999994487,0.0,3.196890408158799,0.0,8802292.185534086,4159446.544929253,12971356.24331095,1981043305.6542575,1981043305.6542575,0.0
167,0.0,12715254.816060832,167.0,167,3570.1356235211842,1556.0421205012076,1570.1356235211827,2,1,556.0421205012076,14.103671584653295,16.98752,16.98752,1.0,2000.0,13752700.0,400000.0,9972700.0,134797755.98667955,134797.75598667955,32000.0,0.0,242966.87899028888,221157.80364464084,967.124133324923,0.005999993503293371,0.0,3.2813276753137526,0.0,8905537.46097825,4056466.6023623147,12971356.24331095,1994014661.8975685,1994014661.8975685,0.0
168,0.0,12715254.816060832,168.0,168,3584.2491919734275,1570.1356235211842,1584.249191973426,2,1,570.1356235211842,14.123465319833272,16.98752,16.98752,1.0,2000.0,13752700.0,400000.0,9972700.0,134797755.98667955,134797.75598667955,32000.0,0.0,243669.10140550206,226857.1152167613,967.124133324923,0.005999993503293371,0.0,3.365888601872258,0.0,9008565.086329438,3953701.6175310793,12971356.24331095,2006986018.1408794,2006986018.1408794,0.0
169,0.0,12715254.816060832,169.0,169,3598.382284170173,1584.2491919734275,1598.3822841701713,2,1,584.2491919734275,14.142719073657599,16.98752,16.98752,1.0,2000.0,13752700.0,400000.0,9972700.0,134797755.98667955,134797.75598667955,32000.0,0.0,244353.5339846531,232564.54110582307,967.124133324923,0.005999993503293371,0.0,3.450569920894004,0.0,9111363.643660031,3851163.0634572646,12971356.24331095,2019957374.3841903,2019957374.3841903,0.0
170,0.0,12715254.816060832,170.0,170,3612.5343618244656,1598.382284170173,1612.534361824464,2,1,598.3822841701731,14.161436234927647,16.98752,16.98752,1.0,2000.0,13752700.0,400000.0,9972700.0,134797755.98667955,134797.75598667955,32000.0,0.0,245020.21592558807,238279.86225717803,967.124133324923,0.005999993503293371,0.0,3.5353683822559234,0.0,9213921.847889598,3748862.278770679,12971356.24331095,2032928730.6275012,2032928730.6275012,0.0
171,0.0,12715254.816060832,171.0,171,3626.704890026524,1612.5343618244656,1626.7048900265224,2,1,612.5343618244656,14.179620169189407,16.98752,16.98752,1.0,2000.0,13752700.0,400000.0,9972700.0,134797755.98667955,134797.75598667955,32000.0,0.0,245669.18838900415,244002.86099144092,967.124133324923,0.005999993503293371,0.0,3.6202807562397816,0.0,9316228.550560884,3646810.4639951033,12971356.24331095,2045900086.8708122,2045900086.8708122,0.0
172,0.0,12715254.816060832,172.0,172,3640.893337220852,1626.704890026524,1640.8933372208505,2,1,626.704890026524,14.197274219466788,16.98752,16.98752,1.0,2000.0,13752700.0,400000.0,9972700.0,134797755.98667955,134797.75598667955,32000.0,0.0,246300.4944745417,249733.3209949316,967.124133324923,0.005999993503293371,0.0,3.705303833390368,0.0,9418272.740035176,3545018.6814040868,12971356.24331095,2058871443.114123,2058871443.114123,0.0
173,0.0,12715254.816060832,173.0,173,3655.0991751840697,1640.8933372208521,1655.099175184068,2,1,640.8933372208521,14.214401706968014,16.98752,16.98752,1.0,2000.0,13752700.0,400000.0,9972700.0,134797755.98667955,134797.75598667955,32000.0,0.0,246914.17919685194,255471.02731041852,967.124133324923,0.005999993503293371,0.0,3.7904344243781574,0.0,9520043.541663174,3443497.8548988653,12971356.24331095,2071842799.357434,2071842799.357434,0.0
174,0.0,12715254.816060832,174.0,174,3669.321879003437,1655.0991751840697,1669.321879003435,2,1,655.0991751840697,14.231005931766198,16.98752,16.98752,1.0,2000.0,13752700.0,400000.0,9972700.0,134797755.98667955,134797.75598667955,32000.0,0.0,247510.2894616426,261215.7663281541,967.124133324923,0.005999993503293371,0.0,3.8756693598663015,0.0,9621530.217931557,3342258.7699080016,12971356.24331095,2084814155.600745,2084814155.600745,0.0
175,0.0,12715254.816060832,175.0,175,3683.5609270560476,1669.321879003437,1683.5609270560458,2,1,669.3218790034371,14.247090173455138,16.98752,16.98752,1.0,2000.0,13752700.0,400000.0,9972700.0,134797755.98667955,134797.75598667955,32000.0,0.0,248088.8740417068,266967.32577719004,967.124133324923,0.005999993503293371,0.0,3.9610054903817713,0.0,9722722.168585526,3241312.0733093503,12971356.24331095,2097785511.844056,2097785511.844056,0.0
176,0.0,12715254.816060832,176.0,176,3697.8158009886656,1683.5609270560476,1697.815800988664,2,1,683.5609270560476,14.262657691781316,16.98752,16.98752,1.0,2000.0,13752700.0,400000.0,9972700.0,134797755.98667955,134797.75598667955,32000.0,0.0,248649.98355293839,272725.49471696274,967.124133324923,0.005999993503293371,0.0,4.046439686190516,0.0,9823608.93072745,3140668.27337495,12971356.24331095,2110756868.0873668,2110756868.0873668,0.0
177,0.0,12715254.816060832,177.0,177,3712.085985698183,1697.8158009886656,1712.0859856981813,2,1,697.8158009886656,14.277711727253061,16.98752,16.98752,1.0,2000.0,13752700.0,400000.0,9972700.0,134797755.98667955,134797.75598667955,32000.0,0.0,249193.6704303377,278490.0635291403,967.124133324923,0.005999993503293371,0.0,4.13196883717649,0.0,9924180.178891951,3040337.7397372355,12971356.24331095,2123728224.3306777,2123728224.3306777,0.0
178,0.0,12715254.816060832,178.0,178,3726.3709693126734,1712.0859856981829,1726.3709693126716,2,1,712.0859856981829,14.292255501727787,16.98752,16.98752,1.0,2000.0,13752700.0,400000.0,9972700.0,134797755.98667955,134797.75598667955,32000.0,0.0,249719.98890401103,284260.8239097191,967.124133324923,0.005999993503293371,0.0,4.217589852724391,0.0,10024425.725097628,2940330.7033761647,12971356.24331095,2136699580.5739887,2136699580.5739887,0.0
179,0.0,12715254.816060832,179.0,179,3740.6702431730264,1726.3709693126734,1740.6702431730246,2,1,726.3709693126734,14.30629221897815,16.98752,16.98752,1.0,2000.0,13752700.0,400000.0,9972700.0,134797755.98667955,134797.75598667955,32000.0,0.0,250228.99497516852,290037.56886136223,967.124133324923,0.005999993503293371,0.0,4.303299661605986,0.0,10124335.518875653,2840657.2566284724,12971356.24331095,2149670936.8173,2149670936.8173,0.0
180,0.0,12715254.816060832,180.0,180,3754.983301816163,1740.6702431730264,1754.983301816161,2,1,740.6702431730264,14.319825067294744,16.98752,16.98752,1.0,2000.0,13752700.0,400000.0,9972700.0,134797755.98667955,134797.75598667955,32000.0,0.0,250720.74639212358,295820.0634471484,967.124133324923,0.005998875351446996,0.0,4.389094778052252,0.0,10223899.229513165,2741327.770050748,12971356.24331095,2162642293.060611,2162642293.060611,0.0
181,0.0,12715254.816060832,181.0,181,3769.309642946735,1754.983301816163,1769.309642946733,2,1,754.983301816163,14.332857193849165,16.98752,16.98752,1.0,2000.0,13752700.0,400000.0,9972700.0,134797755.98667955,134797.75598667955,32000.0,0.0,251195.30269845558,301608.4457561618,967.124133324923,0.005999999999994778,0.0,4.47497725089676,0.0,10323111.980948431,2642347.170322185,12971356.24331095,2175613649.3039217,2175613649.3039217,0.0
182,0.0,12715254.816060832,182.0,182,3783.648767354277,1769.309642946735,1783.648767354275,2,1,769.309642946735,14.3453916212347,16.98752,16.98752,1.0,2000.0,13752700.0,400000.0,9972700.0,134797755.98667955,134797.75598667955,32000.0,0.0,251652.72429061035,307401.7220224116,969.4532835453707,0.005999536858350353,0.0,4.560932335591528,0.0,10421986.141503772,2543703.176594387,12971356.24331095,2188585005.5472326,2188585005.5472326,0.0
183,0.0,12715254.816060832,183.0,183,3798.0001789360663,1783.648767354277,1798.000178936064,2,1,783.648767354277,14.357431542343607,16.98752,16.98752,1.0,2000.0,13752700.0,400000.0,9972700.0,134797755.98667955,134797.75598667955,32000.0,0.0,252093.06943907368,313200.2676675528,970.898470492548,0.0060000345353580275,0.0,4.646965602283507,0.0,10520474.355898123,2445443.097564415,12971356.243310949,2201556361.7905436,2201556361.7905436,0.0
184,0.0,12715254.816060832,184.0,184,3812.3633847928795,1798.0001789360663,1812.3633847928775,2,1,798.0001789360663,14.368980171283244,16.98752,16.98752,1.0,2000.0,13752700.0,400000.0,9972700.0,134797755.98667955,134797.75598667955,32000.0,0.0,252516.40460402681,319003.9153019347,970.898470492548,0.0060000345353580275,0.0,4.733074567405381,0.0,10618559.72645015,2347583.8511631386,12971356.24331095,2214527718.0338545,2214527718.0338545,0.0
185,0.0,12715254.816060832,185.0,185,3826.7378951364553,1812.3633847928795,1826.7378951364533,2,1,812.3633847928795,14.380040515868302,16.98752,16.98752,1.0,2000.0,13752700.0,400000.0,9972700.0,134797755.98667955,134797.75598667955,32000.0,0.0,252922.79917434556,324812.3519091607,972.2759860112859,0.006000100950612851,0.0,4.819254586719648,0.0,10716271.965030653,2250095.847627781,12971356.24331095,2227499074.2771654,2227499074.2771654,0.0
186,0.0,12715254.816060832,186.0,186,3841.1232231976405,1826.7378951364553,1841.1232231976383,2,1,826.7378951364553,14.390615606501845,16.98752,16.98752,1.0,2000.0,13752700.0,400000.0,9972700.0,134797755.98667955,134797.75598667955,32000.0,0.0,253312.317416567,330625.21794420085,974.6728076601762,0.006002625820563791,0.0,4.905500325641512,0.0,10813594.441232895,2152995.7353696898,12971356.24331095,2240470430.5204763,2240470430.5204763,0.0
187,0.0,12715254.816060832,187.0,187,3855.5188848947823,1841.1232231976405,1855.5188848947798,2,1,841.1232231976405,14.40070778778133,16.98752,16.98752,1.0,2000.0,13752700.0,400000.0,9972700.0,134797755.98667955,134797.75598667955,32000.0,0.0,253685.0264792657,336442.6074294828,987.350795306278,0.005999999999994487,0.0,4.991813179185704,0.0,10910655.410937207,2056155.5947168146,12971356.24331095,2253441786.7637873,2253441786.7637873,0.0
188,0.0,12715254.816060832,188.0,188,3869.924398539544,1855.5188848947823,1869.9243985395415,2,1,855.5188848947823,14.410319501742109,16.98752,16.98752,1.0,2000.0,13752700.0,400000.0,9972700.0,134797755.98667955,134797.75598667955,32000.0,0.0,254040.9713666057,342264.277864939,1008.8468808640083,0.005999999999994778,0.0,5.078189549368475,0.0,11007423.711537566,1959606.570580162,12971356.24331095,2266413143.007098,2266413143.007098,0.0
189,0.0,12715254.816060832,189.0,189,3884.3392822886526,1869.9243985395442,1884.3392822886499,2,1,869.9243985395442,14.4194479964746,16.98752,16.98752,1.0,2000.0,13752700.0,400000.0,9972700.0,134797755.98667955,134797.75598667955,32000.0,0.0,254380.20247430392,348089.68148154713,1113.216621356866,0.0060004374772093215,0.0,5.164621308917704,0.0,11104950.489906956,1862299.8764949678,12971356.24331095,2279384499.250409,2279384499.250409,0.0
190,0.0,12715254.816060832,190.0,190,3898.7630501859076,1884.3392822886526,1898.7630501859046,2,1,884.3392822886526,14.4280877980349,16.98752,16.98752,1.0,2000.0,13752700.0,400000.0,9972700.0,134797755.98667955,134797.75598667955,32000.0,0.0,254702.58864071834,353918.9994910012,1339.1591976714826,0.006000984413448181,0.0,5.251111146478948,0.0,11203784.364049986,1763688.1371644717,12971356.24331095,2292355855.49372,2292355855.49372,0.0
191,0.0,12715254.816060832,191.0,191,3913.1952654311604,1898.7630501859076,1913.1952654311572,2,1,898.7630501859076,14.436342692470387,16.98752,16.98752,1.0,2000.0,13752700.0,400000.0,9972700.0,134797755.98667955,134797.75598667955,32000.0,0.0,255007.90394705936,358282.75195399305,1603.4862057737823,0.004397114754094535,0.0,5.3158563261156635,0.0,11281545.72875557,1686101.9167908423,12971356.24331095,2305327211.737031,2305327211.737031,0.0
192,0.0,12715254.816060832,192.0,192,3927.628642248236,1913.1952654311604,1927.6286422482326,2,1,913.1952654311604,14.430410941680304,16.98752,16.98752,1.0,2000.0,13752700.0,400000.0,9972700.0,134797755.98667955,134797.75598667955,32000.0,0.0,255299.7881596928,362562.5591808481,198180.47380138256,0.004397114754093899,0.0,5.379356006737617,0.0,14185708.400808932,-1211686.1609108902,12971356.24331095,2318298567.980342,2318298567.980342,0.0
193,0.0,12715254.816060832,193.0,193,3942.05593715469,1927.6286422482358,1942.0559371546867,2,1,927.6286422482358,14.424178871228058,16.98752,16.98752,1.0,2000.0,13752700.0,400000.0,9972700.0,134797755.98667955,134797.75598667955,32000.0,0.0,255090.0309335641,366842.8399867122,198748.65633245977,0.004399737548459999,0.0,5.4428627138713335,0.0,14246654.833309047,-1272496.4060160604,12971356.24331095,2331269924.223653,2331269924.223653,0.0
194,0.0,12715254.816060832,194.0,194,3956.4768482275695,1942.0559371546901,1956.476848227566,2,1,942.0559371546901,14.417643274530816,16.98752,16.98752,1.0,2000.0,13752700.0,400000.0,9972700.0,134797755.98667955,134797.75598667955,32000.0,0.0,254869.74673374786,371121.3560447332,199393.78830584104,0.004397114754094535,0.0,5.5063432373667505,0.0,14308177.721465038,-1333881.4847235838,12971356.24331095,2344241280.466964,2344241280.466964,0.0
195,0.0,12715254.816060832,195.0,195,3970.89106786302,1956.4768482275695,1970.8910678630168,2,1,956.4768482275695,14.4107959963706,16.98752,16.98752,1.0,2000.0,13752700.0,400000.0,9972700.0,134797755.98667955,134797.75598667955,32000.0,0.0,254638.836049739,375398.0797763868,200186.59472675459,0.0044003208166200885,0.0,5.5697971680401395,0.0,14371283.51711646,-1396845.6090476208,12971356.243310949,2357212636.7102747,2357212636.7102747,0.0
196,0.0,12715254.816060832,196.0,196,3985.298285745709,1970.89106786302,1985.2982857457062,2,1,970.89106786302,14.403639769008032,16.98752,16.98752,1.0,2000.0,13752700.0,400000.0,9972700.0,134797755.98667955,134797.75598667955,32000.0,0.0,254397.0255300384,379672.6303578326,200973.52776486965,0.0044000849174909715,0.0,5.633218855592093,0.0,14433740.701183323,-1459162.1482351879,12971356.24331095,2370183992.9535856,2370183992.9535856,0.0
197,0.0,12715254.816060832,197.0,197,3999.698193850014,1985.298285745709,1999.698193850011,2,1,985.2982857457091,14.396176439601497,16.98752,16.98752,1.0,2000.0,13752700.0,400000.0,9972700.0,134797755.98667955,134797.75598667955,32000.0,0.0,254144.42727930346,383945.1963211438,201766.7559634739,0.004400000000010676,0.0,5.696611097280944,0.0,14495727.044747004,-1521008.467524169,12971356.24331095,2383155349.1968966,2383155349.1968966,0.0
198,0.0,12715254.816060832,198.0,198,4014.0904870908885,1999.698193850014,2014.0904870908857,2,1,999.6981938500139,14.388410042148019,16.98752,16.98752,1.0,2000.0,13752700.0,400000.0,9972700.0,134797755.98667955,134797.75598667955,32000.0,0.0,253881.1226981681,388215.5134016331,202535.3202584641,0.00439992335162041,0.0,5.759969972200365,0.0,14556793.01260205,-1581936.0104231967,12971356.24331095,2396126705.4402075,2396126705.4402075,0.0
199,0.0,12715254.816060832,199.0,199,4028.474863757318,2014.0904870908885,2028.474863757315,2,1,1014.0904870908885,14.380343290710634,16.98752,16.98752,1.0,2000.0,13752700.0,400000.0,9972700.0,134797755.98667955,134797.75598667955,32000.0,0.0,253607.2708377078,392483.5464820522,203297.66940316936,0.00439992335162041,0.0,5.823294959314258,0.0,14617205.67837859,-1642211.2497858512,12971356.24331095,2409098061.6835184,2409098061.6835184,0.0
200,0.0,12715254.816060832,200.0,200,4042.851024683551,2028.474863757318,2042.8510246835476,2,1,1028.474863757318,14.371978561754645,16.98752,16.98752,1.0,2000.0,13752700.0,400000.0,9972700.0,134797755.98667955,134797.75598667955,32000.0,0.0,253322.98461939077,396749.3144424049,204058.3645896293,0.004400251069924863,0.0,5.886586338746038,0.0,14677031.254881758,-1701900.2397567069,12971356.24331095,2422069417.9268293,2422069417.9268293,0.0
201,0.0,12715254.816060832,201.0,201,4057.2186739618596,2042.8510246835508,2057.2186739618564,2,1,1042.8510246835508,14.363319994863005,16.98752,16.98752,1.0,2000.0,13752700.0,400000.0,9972700.0,134797755.98667955,134797.75598667955,32000.0,0.0,253028.36552993048,401012.65080103115,204792.32402054608,0.0043993338379974874,0.0,5.949841640400281,0.0,14735907.881114444,-1760641.909560287,12971356.24331095,2435040774.1701403,2435040774.1701403,0.0
202,0.0,12715254.816060832,202.0,202,4071.577521070316,2057.2186739618596,2071.5775210703127,2,1,1057.2186739618596,14.35437422204962,16.98752,16.98752,1.0,2000.0,13752700.0,400000.0,9972700.0,134797755.98667955,134797.75598667955,32000.0,0.0,252723.57756166844,405273.5269746082,205463.78810402149,0.0043997375484598495,0.0,6.013060440185021,0.0,14793326.417799586,-1817928.2425926095,12971356.24331095,2448012130.413451,2448012130.413451,0.0
203,0.0,12715254.816060832,203.0,203,4085.9272842559053,2071.577521070316,2085.927284255902,2,1,1071.577521070316,14.345152149129092,16.98752,16.98752,1.0,2000.0,13752700.0,400000.0,9972700.0,134797755.98667955,134797.75598667955,32000.0,0.0,252408.8726506372,409531.785288457,206011.55817884553,0.0043997375484598495,0.0,6.076240398674384,0.0,14848417.055996478,-1872891.3625494274,12971356.24331095,2460983486.656762,2460983486.656762,0.0
204,0.0,12715254.816060832,204.0,204,4100.267693814709,2085.9272842559053,2100.267693814705,2,1,1085.9272842559053,14.335666968477247,16.98752,16.98752,1.0,2000.0,13752700.0,400000.0,9972700.0,134797755.98667955,134797.75598667955,32000.0,0.0,252084.65297253715,413787.2690058552,206402.2636763365,0.004399737548460148,0.0,6.139379190358997,0.0,14900717.204198623,-1925069.7180201153,12971356.24331095,2473954842.900073,2473954842.900073,0.0
205,0.0,12715254.816060832,205.0,205,4114.598489387236,2100.2676938147088,2114.598489387233,2,1,1100.2676938147088,14.325924176578107,16.98752,16.98752,1.0,2000.0,13752700.0,400000.0,9972700.0,134797755.98667955,134797.75598667955,32000.0,0.0,251751.40060308477,418039.8496179076,206744.18871513972,0.004399518862762412,0.0,6.202474908546956,0.0,14951794.730470985,-1976027.6993126085,12971356.243310949,2486926199.143384,2486926199.143384,0.0
206,0.0,12715254.816060832,206.0,206,4128.91941982208,2114.5984893872364,2128.9194198220766,2,1,1114.5984893872364,14.315936693109254,16.98752,16.98752,1.0,2000.0,13752700.0,400000.0,9972700.0,134797755.98667955,134797.75598667955,32000.0,0.0,251409.32680350478,422289.6592417229,206931.18205685067,0.004397114754094323,0.0,6.265529513465384,0.0,15000142.436387828,-2024261.473219961,12971356.24331095,2499897555.386695,2499897555.386695,0.0
207,0.0,12715254.816060832,207.0,207,4143.230234255028,2128.9194198220803,2143.2302342550242,2,1,1128.9194198220803,14.305692172786042,16.98752,16.98752,1.0,2000.0,13752700.0,400000.0,9972700.0,134797755.98667955,134797.75598667955,32000.0,0.0,251058.9031663621,426793.32622620964,207064.56026593383,0.00600028122802356,0.0,6.332350610768098,0.0,15050891.699160092,-2074890.9646547814,12971356.24331095,2512868911.630006,2512868911.630006,0.0
208,0.0,12715254.816060832,208.0,208,4157.530634181722,2143.2302342550283,2157.5306341817186,2,1,1143.2302342550283,14.295107680602651,16.98752,16.98752,1.0,2000.0,13752700.0,400000.0,9972700.0,134797755.98667955,134797.75598667955,32000.0,0.0,250699.714964577,432580.3535534041,207119.6065198322,0.005996065573764025,0.0,6.41821297969012,0.0,15118346.065124111,-2142187.6467673043,12971356.24331095,2525840267.873317,2525840267.873317,0.0
209,0.0,12715254.816060832,209.0,209,4171.820282647369,2157.5306341817222,2171.820282647365,2,1,1157.5306341817222,14.284189250689987,16.98752,16.98752,1.0,2000.0,13752700.0,400000.0,9972700.0,134797755.98667955,134797.75598667955,32000.0,0.0,250328.87691003052,438363.353000209,207127.15519416743,0.006000984413447817,0.0,6.504015586780647,0.0,15184425.399761725,-2208111.687688174,12971356.24331095,2538811624.1166277,2538811624.1166277,0.0
210,0.0,12715254.816060832,210.0,210,4186.098847320572,2171.820282647369,2186.098847320568,2,1,1171.820282647369,14.272940095716107,16.98752,16.98752,1.0,2000.0,13752700.0,400000.0,9972700.0,134797755.98667955,134797.75598667955,32000.0,0.0,249946.62662317103,444141.9644814625,207127.15519416743,0.006001687763707336,0.0,6.589753089440921,0.0,15249699.864237325,-2273231.962234523,12971356.243310949,2551782980.3599386,2551782980.3599386,0.0
211,0.0,12715254.816060832,211.0,211,4200.365998809089,2186.0988473205716,2200.3659988090853,2,1,1186.0988473205716,14.261362881319037,16.98752,16.98752,1.0,2000.0,13752700.0,400000.0,9972700.0,134797755.98667955,134797.75598667955,32000.0,0.0,249553.10324547815,449916.1742612235,207127.15519416743,0.0059993439037674965,0.0,6.675425283870205,0.0,15314277.496899674,-2337656.2528486,12971356.24331095,2564754336.6032495,2564754336.6032495,0.0
212,0.0,12715254.816060832,212.0,212,4214.621410391936,2200.3659988090894,2214.6214103919315,2,1,1200.3659988090894,14.249460284373512,16.98752,16.98752,1.0,2000.0,13752700.0,400000.0,9972700.0,134797755.98667955,134797.75598667955,32000.0,0.0,249148.42726001394,455685.63652154454,207127.15519416743,0.006002625820563791,0.0,6.761027039153003,0.0,15378153.186778449,-2401379.446168597,12971356.24331095,2577725692.8465605,2577725692.8465605,0.0
213,0.0,12715254.816060832,213.0,213,4228.864758012345,2214.6214103919356,2228.864758012341,2,1,1214.6214103919356,14.237234956445604,16.98752,16.98752,1.0,2000.0,13752700.0,400000.0,9972700.0,134797755.98667955,134797.75598667955,32000.0,0.0,248732.7200350241,461450.52562749124,207127.15519416743,0.005999999999995226,0.0,6.84656094235116,0.0,15441329.336041497,-2464403.925535035,12971356.24331095,2590697049.0898714,2590697049.0898714,0.0
214,0.0,12715254.816060832,214.0,214,4243.095720278575,2228.864758012345,2243.0957202785708,2,1,1228.8647580123452,14.22468957601372,16.98752,16.98752,1.0,2000.0,13752700.0,400000.0,9972700.0,134797755.98667955,134797.75598667955,32000.0,0.0,248306.1025261699,467210.2777610873,207127.15519416743,0.005999999999995226,0.0,6.932018628073543,0.0,15503797.9101551,-2526721.661570244,12971356.24331095,2603668405.3331823,2603668405.3331823,0.0
215,0.0,12715254.816060832,215.0,215,4257.313978450505,2243.095720278575,2257.3139784505006,2,1,1243.0957202785748,14.211826767845723,16.98752,16.98752,1.0,2000.0,13752700.0,400000.0,9972700.0,134797755.98667955,134797.75598667955,32000.0,0.0,247868.6970790929,472965.4743354856,207127.15519416743,0.005996065573765143,0.0,7.017408722771663,0.0,15565567.272406694,-2588340.986146366,12971356.243310949,2616639761.5764933,2616639761.5764933,0.0
216,0.0,12715254.816060832,216.0,216,4271.5192164418495,2257.3139784505047,2271.519216441846,2,1,1257.3139784505047,14.198649214844494,16.98752,16.98752,1.0,2000.0,13752700.0,400000.0,9972700.0,134797755.98667955,134797.75598667955,32000.0,0.0,247420.6245970889,478715.113669753,207127.15519416743,0.006000984413448181,0.0,7.102716364463199,0.0,15626623.330318088,-2649247.826589867,12971356.24331095,2629611117.819804,2629611117.819804,0.0
217,0.0,12715254.816060832,217.0,217,4285.711120833688,2271.5192164418495,2285.711120833685,2,1,1271.5192164418495,14.185159568833805,16.98752,16.98752,1.0,2000.0,13752700.0,400000.0,9972700.0,134797755.98667955,134797.75598667955,32000.0,0.0,246962.00841960008,484459.45832044835,207127.15519416743,0.0059993439037674965,0.0,7.187945448710908,0.0,15686970.115319053,-2709446.193627276,12971356.24331095,2642582474.063115,2642582474.063115,0.0
218,0.0,12715254.816060832,218.0,218,4299.889380843677,2285.7111208336883,2299.8893808436737,2,1,1285.7111208336883,14.171360451143084,16.98752,16.98752,1.0,2000.0,13752700.0,400000.0,9972700.0,134797755.98667955,134797.75598667955,32000.0,0.0,246492.97119176466,490198.7672532444,207127.15519416743,0.005998875351446996,0.0,7.273099817799413,0.0,15746611.629817624,-2768940.0693558156,12971356.24331095,2655553830.306426,2655553830.306426,0.0
219,0.0,12715254.816060832,219.0,219,4314.05368833513,2299.889380843677,2314.0536883351265,2,1,1299.889380843677,14.157254531762245,16.98752,16.98752,1.0,2000.0,13752700.0,400000.0,9972700.0,134797755.98667955,134797.75598667955,32000.0,0.0,246013.6348693723,495932.1787137552,207127.15519416743,0.005999536858350439,0.0,7.358166685842489,0.0,15805536.066267079,-2827717.6623366717,12971356.24331095,2668525186.549737,2668525186.549737,0.0
220,0.0,12715254.816060832,220.0,220,4328.203737810806,2314.0536883351297,2328.2037378108034,2,1,1314.0536883351297,14.14284441959148,16.98752,16.98752,1.0,2000.0,13752700.0,400000.0,9972700.0,134797755.98667955,134797.75598667955,32000.0,0.0,245524.1234494507,501660.38805787597,207127.15519416743,0.0059993439037674965,0.0,7.443156369864926,0.0,15863753.798685184,-2885789.3126146225,12971356.24331095,2681496542.793048,2681496542.793048,0.0
221,0.0,12715254.816060832,221.0,221,4342.339226406607,2328.203737810806,2342.339226406604,2,1,1328.2037378108062,14.128132772010323,16.98752,16.98752,1.0,2000.0,13752700.0,400000.0,9972700.0,134797755.98667955,134797.75598667955,32000.0,0.0,245024.55913904306,507382.54050219076,207127.15519416743,0.00600007290845037,0.0,7.5280561874090735,0.0,15921253.29406102,-2943143.5035974924,12971356.24331095,2694467899.036359,2694467899.036359,0.0
222,0.0,12715254.816060832,222.0,222,4356.459853900367,2342.339226406607,2356.4598539003646,2,1,1342.339226406607,14.113122215510707,16.98752,16.98752,1.0,2000.0,13752700.0,400000.0,9972700.0,134797755.98667955,134797.75598667955,32000.0,0.0,244515.06613885134,513098.90639071085,207127.15519416743,0.00600007290845037,0.0,7.612870149580447,0.0,15978039.071580289,-2999784.7346800594,12971356.24331095,2707439255.27967,2707439255.27967,0.0
223,0.0,12715254.816060832,223.0,223,4370.565322711047,2356.4598539003673,2370.5653227110442,2,1,1356.4598539003673,14.097815405848731,16.98752,16.98752,1.0,2000.0,13752700.0,400000.0,9972700.0,134797755.98667955,134797.75598667955,32000.0,0.0,243995.76787067877,518808.90545689216,207127.15519416743,0.006000437477208824,0.0,7.697589646939817,0.0,16034103.700460404,-3055705.5830946425,12971356.243310949,2720410611.5229807,2720410611.5229807,0.0
224,0.0,12715254.816060832,224.0,224,4384.655337883318,2370.565322711047,2384.6553378833155,2,1,1370.565322711047,14.08221493869348,16.98752,16.98752,1.0,2000.0,13752700.0,400000.0,9972700.0,134797755.98667955,134797.75598667955,32000.0,0.0,243466.78904129763,524513.226414452,207127.15519416743,0.006000984413448376,0.0,7.782224897961704,0.0,16089457.741600772,-3110916.576815992,12971356.243310949,2733381967.7662916,2733381967.7662916,0.0
225,0.0,12715254.816060832,225.0,225,4398.729607077461,2384.6553378833178,2398.7296070774587,2,1,1384.6553378833178,14.066323449592934,16.98752,16.98752,1.0,2000.0,13752700.0,400000.0,9972700.0,134797755.98667955,134797.75598667955,32000.0,0.0,242928.25253496325,530211.144168468,207127.15519416743,0.005999708383989018,0.0,7.8667651443821125,0.0,16144091.852156896,-3165408.386238688,12971356.24331095,2746353324.0096025,2746353324.0096025,0.0
226,0.0,12715254.816060832,226.0,226,4412.787840581363,2398.729607077461,2412.7878405813603,2,1,1398.729607077461,14.050143558209916,16.98752,16.98752,1.0,2000.0,13752700.0,400000.0,9972700.0,134797755.98667955,134797.75598667955,32000.0,0.0,242380.28285099586,535902.7218220438,207127.15734639607,0.0059999999999947335,0.0,7.951211322464458,0.0,16198007.956374073,-3219182.923358846,12971356.243310949,2759324680.2529135,2759324680.2529135,0.0
227,0.0,12715254.816060832,227.0,227,4426.829751138479,2412.7878405813626,2426.8297511384767,2,1,1412.7878405813626,14.033677556022987,16.98752,16.98752,1.0,2000.0,13752700.0,400000.0,9972700.0,134797755.98667955,134797.75598667955,32000.0,0.0,241823.0041577268,541587.6262333469,207132.00355160897,0.006001431980901949,0.0,8.035558489369297,0.0,16251270.23952638,-3272304.216832203,12971356.24331095,2772296036.4962244,2772296036.4962244,0.0
228,0.0,12715254.816060832,228.0,228,4440.855053520904,2426.829751138479,2440.855053520902,2,1,1426.829751138479,14.01692720882715,16.98752,16.98752,1.0,2000.0,13752700.0,400000.0,9972700.0,134797755.98667955,134797.75598667955,32000.0,0.0,241256.52953936855,547266.0933559968,207148.80940484066,0.006005911330044791,0.0,8.11981014595045,0.0,16303981.875975791,-3324875.19216367,12971356.24331095,2785267392.7395353,2785267392.7395353,0.0
229,0.0,12715254.816060832,229.0,229,4454.863462110412,2440.855053520904,2454.86346211041,2,1,1440.8550535209042,13.999889970189002,16.98752,16.98752,1.0,2000.0,13752700.0,400000.0,9972700.0,134797755.98667955,134797.75598667955,32000.0,0.0,240680.95426250965,552938.0337985331,207238.91105010104,0.006000984413448181,0.0,8.203964965903042,0.0,16356997.508460028,-3377748.4855540246,12971356.24331095,2798238748.9828463,2798238748.9828463,0.0
230,0.0,12715254.816060832,230.0,230,4468.854687456694,2454.863462110412,2468.854687456692,2,1,1454.863462110412,13.982560722374629,16.98752,16.98752,1.0,2000.0,13752700.0,400000.0,9972700.0,134797755.98667955,134797.75598667955,32000.0,0.0,240096.22599231332,558602.7570979815,207439.9300532974,0.006000984413448181,0.0,8.288012704798758,0.0,16410821.254718825,-3431427.004232886,12971356.24331095,2811210105.226157,2811210105.226157,0.0
231,0.0,12715254.816060832,231.0,231,4482.828453476059,2468.8546874566937,2482.828453476057,2,1,1468.8546874566937,13.964971316355618,16.98752,16.98752,1.0,2000.0,13752700.0,400000.0,9972700.0,134797755.98667955,134797.75598667955,32000.0,0.0,239502.20533474477,563798.0782014944,207689.01973112603,0.004400320816620018,0.0,8.36509590348385,0.0,16458120.786652148,-3478595.588088283,12971356.24331095,2824181461.469468,2824181461.469468,0.0
232,0.0,12715254.816060832,232.0,232,4496.784536113,2482.8284534760587,2496.7845361129985,2,1,1482.8284534760587,13.947193957527082,16.98752,16.98752,1.0,2000.0,13752700.0,400000.0,9972700.0,134797755.98667955,134797.75598667955,32000.0,0.0,238900.01923662805,567942.1420003141,207991.110971362,0.004399518862873162,0.0,8.426581553129667,0.0,16490940.275863167,-3511317.2637980646,12971356.24331095,2837152817.712779,2837152817.712779,0.0
233,0.0,12715254.816060832,233.0,233,4510.722743296553,2496.7845361130003,2510.722743296551,2,1,1496.7845361130003,13.92922040957791,16.98752,16.98752,1.0,2000.0,13752700.0,400000.0,9972700.0,134797755.98667955,134797.75598667955,32000.0,0.0,238292.16862887793,572080.7893638863,208436.98714069364,0.004399999999996231,0.0,8.487986838896907,0.0,16525245.776627861,-3545520.7486128295,12971356.24331095,2850124173.95609,2850124173.95609,0.0
234,0.0,12715254.816060832,234.0,234,4524.642872971633,2510.722743296553,2524.6428729716304,2,1,1510.7227432965528,13.911038940581138,16.98752,16.98752,1.0,2000.0,13752700.0,400000.0,9972700.0,134797755.98667955,134797.75598667955,32000.0,0.0,237678.3969927872,576214.3538977135,209076.94326617435,0.004399999999996231,0.0,8.549316710504495,0.0,16561717.189184207,-3581884.285273404,12971356.24331095,2863095530.199401,2863095530.199401,0.0
235,0.0,12715254.816060832,235.0,235,4538.544717343415,2524.6428729716326,2538.5447173434122,2,1,1524.6428729716326,13.89264980298271,16.98752,16.98752,1.0,2000.0,13752700.0,400000.0,9972700.0,134797755.98667955,134797.75598667955,32000.0,0.0,237058.33039779685,580342.3596169924,209742.32260124382,0.004404334975364819,0.0,8.610564105745805,0.0,16597978.754240602,-3618037.6816066992,12971356.24331095,2876066886.442712,2876066886.442712,0.0
236,0.0,12715254.816060832,236.0,236,4552.428067949161,2538.544717343415,2552.428067949159,2,1,1538.544717343415,13.874051408510455,16.98752,16.98752,1.0,2000.0,13752700.0,400000.0,9972700.0,134797755.98667955,134797.75598667955,32000.0,0.0,236432.00522168653,584465.1011687077,210459.07586766864,0.004399999999996231,0.0,8.671733396310595,0.0,16634391.2043078,-3654340.8026306466,12971356.24331095,2889038242.6860228,2889038242.6860228,0.0
237,0.0,12715254.816060832,237.0,237,4566.292712804017,2552.4280679491612,2566.2927128040155,2,1,1552.4280679491612,13.855238301202542,16.98752,16.98752,1.0,2000.0,13752700.0,400000.0,9972700.0,134797755.98667955,134797.75598667955,32000.0,0.0,235799.39554533892,588582.1604625868,211282.88065898558,0.004399999999996887,0.0,8.732818378975825,0.0,16671711.252534071,-3691548.53792222,12971356.243310949,2902009598.9293337,2902009598.9293337,0.0
238,0.0,12715254.816060832,238.0,238,4580.138437252781,2566.2927128040174,2580.138437252779,2,1,1566.2927128040174,13.836210596324594,16.98752,16.98752,1.0,2000.0,13752700.0,400000.0,9972700.0,134797755.98667955,134797.75598667955,32000.0,0.0,235160.34476930965,592693.6724713293,212135.0348677173,0.004399999999996887,0.0,8.793821056337142,0.0,16708837.613286788,-3728562.1960176635,12971356.24331095,2914980955.1726446,2914980955.1726446,0.0
239,0.0,12715254.816060832,239.0,239,4593.965027786376,2580.138437252781,2593.965027786374,2,1,1580.138437252781,13.81697047086536,16.98752,16.98752,1.0,2000.0,13752700.0,400000.0,9972700.0,134797755.98667955,134797.75598667955,32000.0,0.0,234514.8864906601,596799.8700929108,212986.079456185,0.004399999999996887,0.0,8.85474488391165,0.0,16745364.327762919,-3764976.780447198,12971356.24331095,2927952311.4159555,2927952311.4159555,0.0
240,0.0,12715254.816060832,240.0,240,4607.772274135642,2593.9650277863757,2607.7722741356397,2,1,1593.9650277863757,13.797522227666716,16.98752,16.98752,1.0,2000.0,13752700.0,400000.0,9972700.0,134797755.98667955,134797.75598667955,32000.0,0.0,233863.12441613752,600900.0969000078,213806.32290743463,0.004399999999996231,0.0,8.915580122259417,0.0,16780875.718845427,-3800377.613442497,12971356.24331095,2940923667.6592665,2940923667.6592665,0.0
241,0.0,12715254.816060832,241.0,241,4621.55997021107,2607.772274135642,2621.5599702110676,2,1,1607.772274135642,13.777869923189161,16.98752,16.98752,1.0,2000.0,13752700.0,400000.0,9972700.0,134797755.98667955,134797.75598667955,32000.0,0.0,233205.23403812243,604994.8159924354,214598.47183845966,0.004399518862762442,0.0,8.976333642411968,0.0,16815422.81379752,-3834815.610657514,12971356.24331095,2953895023.9025774,2953895023.9025774,0.0
242,0.0,12715254.816060832,242.0,242,4635.327914622185,2621.5599702110703,2635.3279146221826,2,1,1621.5599702110703,13.758018899040442,16.98752,16.98752,1.0,2000.0,13752700.0,400000.0,9972700.0,134797755.98667955,134797.75598667955,32000.0,0.0,232541.38203489262,609083.476486773,215344.4915253411,0.004399518862762442,0.0,9.036997270888714,0.0,16848757.48802263,-3868043.2583649936,12971356.243310949,2966866380.1458883,2966866380.1458883,0.0
243,0.0,12715254.816060832,243.0,243,4649.075909729024,2635.327914622185,2649.075909729021,2,1,1635.3279146221848,13.737971314636864,16.98752,16.98752,1.0,2000.0,13752700.0,400000.0,9972700.0,134797755.98667955,134797.75598667955,32000.0,0.0,231871.7779322836,613166.6483515498,216088.6252468587,0.004399999999996887,0.0,9.097579464336805,0.0,16881504.24531462,-3900683.563872418,12971356.24331095,2979837736.3891993,2979837736.3891993,0.0
244,0.0,12715254.816060832,244.0,244,4662.803758750085,2649.075909729024,2662.8037587500817,2,1,1649.0759097290238,13.717726727484559,16.98752,16.98752,1.0,2000.0,13752700.0,400000.0,9972700.0,134797755.98667955,134797.75598667955,32000.0,0.0,231196.523406187,617243.4649467131,216868.62810624985,0.004399518862762442,0.0,9.158067364381166,0.0,16914170.258823145,-3933242.4677928057,12971356.243310949,2992809092.63251,2992809092.63251,0.0
245,0.0,12715254.816060832,245.0,245,4676.511267010291,2662.803758750085,2676.511267010288,2,1,1662.8037587500849,13.697289792928126,16.98752,16.98752,1.0,2000.0,13752700.0,400000.0,9972700.0,134797755.98667955,134797.75598667955,32000.0,0.0,230515.6325481817,621314.7490425598,217611.33136912485,0.004399999999996887,0.0,9.218473178499453,0.0,16945762.73217788,-3964729.58333814,12971356.24331095,3005780448.875821,3005780448.875821,0.0
246,0.0,12715254.816060832,246.0,246,4690.198242883264,2676.511267010291,2690.1982428832616,2,1,1676.5112670102908,13.67666195301922,16.98752,16.98752,1.0,2000.0,13752700.0,400000.0,9972700.0,134797755.98667955,134797.75598667955,32000.0,0.0,229829.29089752998,625379.6613985498,218362.90311262035,0.004399999999996887,0.0,9.278784454844317,0.0,16976908.94473829,-3995770.6705155014,12971356.24331095,3018751805.119132,3018751805.119132,0.0
247,0.0,12715254.816060832,247.0,247,4703.864500286573,2690.1982428832644,2703.864500286571,2,1,1690.1982428832644,13.65585285359923,16.98752,16.98752,1.0,2000.0,13752700.0,400000.0,9972700.0,134797755.98667955,134797.75598667955,32000.0,0.0,229137.5756670253,629438.5874000426,219006.24301864597,0.00439711475409323,0.0,9.339006911394614,0.0,17006019.60245298,-4024780.3351900205,12971356.243310949,3031723161.362443,3031723161.362443,0.0
248,0.0,12715254.816060832,248.0,248,4717.509861453547,2703.8645002865733,2717.5098614535445,2,1,1703.8645002865733,13.634869480347858,16.98752,16.98752,1.0,2000.0,13752700.0,400000.0,9972700.0,134797755.98667955,134797.75598667955,32000.0,0.0,228440.8385199639,633491.3949006458,219578.42775301074,0.004397114754094535,0.0,9.399138587488745,0.0,17033619.19992537,-4052281.826614563,12971356.24331095,3044694517.605754,3044694517.605754,0.0
249,0.0,12715254.816060832,249.0,249,4731.1341534070525,2717.5098614535473,2731.1341534070502,2,1,1717.5098614535473,13.613714426663474,16.98752,16.98752,1.0,2000.0,13752700.0,400000.0,9972700.0,134797755.98667955,134797.75598667955,32000.0,0.0,227739.34053899877,637538.0003079338,220141.39371750943,0.00440072190319543,0.0,9.459178242862352,0.0,17060563.05626275,-4079128.382881573,12971356.24331095,3057665873.849065,3057665873.849065,0.0
250,0.0,12715254.816060832,250.0,250,4744.737212760925,2731.1341534070525,2744.7372127609233,2,1,1731.1341534070525,13.592404281082395,16.98752,16.98752,1.0,2000.0,13752700.0,400000.0,9972700.0,134797755.98667955,134797.75598667955,32000.0,0.0,227033.19510116288,641578.4380951844,220495.89256732713,0.004399737548460412,0.0,9.519126388996918,0.0,17084154.090492576,-4102629.6133572394,12971356.24331095,3070637230.0923758,3070637230.0923758,0.0
251,0.0,12715254.816060832,251.0,251,4758.3188881575015,2744.737212760925,2758.3188881574997,2,1,1744.737212760925,13.570946512070543,16.98752,16.98752,1.0,2000.0,13752700.0,400000.0,9972700.0,134797755.98667955,134797.75598667955,32000.0,0.0,226322.98132197408,645612.4477987705,220770.2774453297,0.004401050119327762,0.0,9.578979161382607,0.0,17106167.189255606,-4124556.083993901,12971356.24331095,3083608586.3356867,3083608586.3356867,0.0
252,0.0,12715254.816060832,252.0,252,4771.879034623809,2758.3188881575015,2771.8790346238075,2,1,1758.3188881575015,13.54934642054464,16.98752,16.98752,1.0,2000.0,13752700.0,400000.0,9972700.0,134797755.98667955,134797.75598667955,32000.0,0.0,225608.97181101257,649640.0513535972,220994.6769452718,0.0043993338379974874,0.0,9.638736885468528,0.0,17127027.13768778,-4145331.5586860506,12971356.24331095,3096579942.5789976,3096579942.5789976,0.0
253,0.0,12715254.816060832,253.0,253,4785.417508542348,2771.8790346238093,2785.417508542346,2,1,1771.8790346238093,13.527601416531915,16.98752,16.98752,1.0,2000.0,13752700.0,400000.0,9972700.0,134797755.98667955,134797.75598667955,32000.0,0.0,224891.36581930917,653823.4287397498,221118.69197013567,0.005898548585480633,0.0,9.700805832470378,0.0,17148254.041206893,-4166472.365297969,12971356.24331095,3109551298.8223085,3109551298.8223085,0.0
254,0.0,12715254.816060832,254.0,254,4798.934124917228,2785.4175085423476,2798.934124917226,2,1,1785.4175085423476,13.505631333228829,16.98752,16.98752,1.0,2000.0,13752700.0,400000.0,9972700.0,134797755.98667955,134797.75598667955,32000.0,0.0,224170.1001035814,659206.9942928653,221201.7166486279,0.005899354838851208,0.0,9.780682022006461,0.0,17184709.3245806,-4202802.601614403,12971356.24331095,3122522655.0656195,3122522655.0656195,0.0
255,0.0,12715254.816060832,255.0,255,4812.428662369424,2798.9341249172276,2812.4286623694225,2,1,1798.9341249172276,13.483443571163884,16.98752,16.98752,1.0,2000.0,13752700.0,400000.0,9972700.0,134797755.98667955,134797.75598667955,32000.0,0.0,223442.5451936381,664581.8253199504,221215.641527947,0.005899999999994623,0.0,9.86042861701085,0.0,17219539.451073796,-4237510.660929092,12971356.24331095,3135494011.3089304,3135494011.3089304,0.0
256,0.0,12715254.816060832,256.0,256,4825.900904624564,2812.4286623694243,2825.9009046245624,2,1,1812.4286623694243,13.46104093911555,16.98752,16.98752,1.0,2000.0,13752700.0,400000.0,9972700.0,134797755.98667955,134797.75598667955,32000.0,0.0,222708.98190753182,669947.871362324,221225.1994466362,0.005896131147536178,0.0,9.94004486882596,0.0,17253628.63411512,-4271478.555379357,12971356.24331095,3148465367.5522413,3148465367.5522413,0.0
257,0.0,12715254.816060832,257.0,257,4839.350638271103,2825.9009046245637,2839.3506382711016,2,1,1825.9009046245637,13.438426353962662,16.98752,16.98752,1.0,2000.0,13752700.0,400000.0,9972700.0,134797755.98667955,134797.75598667955,32000.0,0.0,221969.53837656745,675305.2482679434,221228.58678256714,0.005900087987467645,0.0,10.019532496292827,0.0,17286957.846210927,-4304687.310088006,12971356.24331095,3161436723.7955523,3161436723.7955523,0.0
258,0.0,12715254.816060832,258.0,258,4852.777652712855,2839.350638271103,2852.7776527128535,2,1,1839.350638271103,13.415602529541566,16.98752,16.98752,1.0,2000.0,13752700.0,400000.0,9972700.0,134797755.98667955,134797.75598667955,32000.0,0.0,221224.34601682576,680653.5132229907,221228.97378380378,0.005900006204159199,0.0,10.098884929364129,0.0,17319567.54512362,-4337177.285384872,12971356.24331095,3174408080.038863,3174408080.038863,0.0
259,0.0,12715254.816060832,259.0,259,4866.1817399654565,2852.7776527128553,2866.1817399654547,2,1,1852.7776527128553,13.392571975661014,16.98752,16.98752,1.0,2000.0,13752700.0,400000.0,9972700.0,134797755.98667955,134797.75598667955,32000.0,0.0,220473.52925753655,685992.8165157714,221228.97378380378,0.005900006204159199,0.0,10.178104397873803,0.0,17351498.13247717,-4368988.784317841,12971356.24331095,3187379436.282174,3187379436.282174,0.0
260,0.0,12715254.816060832,260.0,260,4879.562694542125,2866.1817399654565,2879.5626945421236,2,1,1866.1817399654565,13.36933717767655,16.98752,16.98752,1.0,2000.0,13752700.0,400000.0,9972700.0,134797755.98667955,134797.75598667955,32000.0,0.0,219717.20555099443,691323.0027247015,221228.97378380378,0.005900006204159199,0.0,10.257188595825241,0.0,17382755.690048125,-4400127.876655054,12971356.24331095,3200350792.525485,3200350792.525485,0.0
261,0.0,12715254.816060832,261.0,261,4892.920313440343,2879.5626945421254,2892.9203134403415,2,1,1879.5626945421254,13.345900618759305,16.98752,16.98752,1.0,2000.0,13752700.0,400000.0,9972700.0,134797755.98667955,134797.75598667955,32000.0,0.0,218955.4912987454,696643.9901371821,221228.97378380378,0.005900006204159199,0.0,10.33613631084516,0.0,17413342.115022987,-4430596.458456327,12971356.24331095,3213322148.768796,3213322148.768796,0.0
262,0.0,12715254.816060832,262.0,262,4906.254396139676,2892.9203134403433,2906.2543961396736,2,1,1892.9203134403433,13.32226477990523,16.98752,16.98752,1.0,2000.0,13752700.0,400000.0,9972700.0,134797755.98667955,134797.75598667955,32000.0,0.0,218188.50257410502,701955.6980284902,221228.97378380378,0.005900006204159199,0.0,10.41494634521744,0.0,17443259.370457064,-4460396.491789498,12971356.24331095,3226293505.012107,3226293505.012107,0.0
263,0.0,12715254.816060832,263.0,263,4919.5647445996,2906.254396139676,2919.564744599598,2,1,1906.254396139676,13.298432139943104,16.98752,16.98752,1.0,2000.0,13752700.0,400000.0,9972700.0,134797755.98667955,134797.75598667955,32000.0,0.0,217416.35511073162,707258.0466609139,221228.97378380378,0.005900006204159199,0.0,10.493617515870273,0.0,17472509.484562486,-4489530.004018868,12971356.24331095,3239264861.255418,3239264861.255418,0.0
264,0.0,12715254.816060832,264.0,264,4932.851163257343,2919.5647445996,2932.85116325734,2,1,1919.5647445996,13.274405175541277,16.98752,16.98752,1.0,2000.0,13752700.0,400000.0,9972700.0,134797755.98667955,134797.75598667955,32000.0,0.0,216639.16429132287,712550.9572828866,221228.97378380378,0.005900006204159199,0.0,10.572148654363348,0.0,17501094.549998548,-4517999.087092416,12971356.24331095,3252236217.4987288,3252236217.4987288,0.0
265,0.0,12715254.816060832,265.0,265,4946.11345902572,2932.8511632573427,2946.113459025717,2,1,1932.8511632573427,13.250186361213153,16.98752,16.98752,1.0,2000.0,13752700.0,400000.0,9972700.0,134797755.98667955,134797.75598667955,32000.0,0.0,215857.0451364354,717834.3521281288,221228.97378380378,0.005900006204159199,0.0,10.650538606875084,0.0,17529016.72316437,-4545805.896835465,12971356.24331095,3265207573.7420397,3265207573.7420397,0.0
266,0.0,12715254.816060832,266.0,266,4959.351441290987,2946.1134590257197,2959.3514412909844,2,1,1946.1134590257197,13.225778169321389,16.98752,16.98752,1.0,2000.0,13752700.0,400000.0,9972700.0,134797755.98667955,134797.75598667955,32000.0,0.0,215070.11229342685,723108.1544147887,221228.97378380378,0.005900006204159199,0.0,10.728786234189904,0.0,17556278.22349386,-4572952.652245139,12971356.243310949,3278178929.9853506,3278178929.9853506,0.0
267,0.0,12715254.816060832,267.0,267,4972.564921910688,2959.351441290987,2972.5649219106854,2,1,1959.3514412909872,13.201183070080807,16.98752,16.98752,1.0,2000.0,13752700.0,400000.0,9972700.0,134797755.98667955,134797.75598667955,32000.0,0.0,214278.48002552034,728372.2883445865,221228.97378380378,0.005900006204159199,0.0,10.806890411685531,0.0,17582881.332753032,-4599441.634785239,12971356.243310949,3291150286.2286615,3291150286.2286615,0.0
268,0.0,12715254.816060832,268.0,268,4985.753715211508,2972.564921910688,2985.7537152115056,2,1,1972.564921910688,13.176403531559997,16.98752,16.98752,1.0,2000.0,13752700.0,400000.0,9972700.0,134797755.98667955,134797.75598667955,32000.0,0.0,213482.26220099046,733626.6791019602,221228.97378380378,0.005900006204159199,0.0,10.884850029320305,0.0,17608828.394339662,-4625275.187687133,12971356.243310949,3304121642.4719725,3304121642.4719725,0.0
269,0.0,12715254.816060832,269.0,269,4998.917637987129,2985.7537152115083,2998.9176379871265,2,1,1985.7537152115083,13.151442019681593,16.98752,16.98752,1.0,2000.0,13752700.0,400000.0,9972700.0,134797755.98667955,134797.75598667955,32000.0,0.0,212681.57228247076,738871.2528532104,221228.97378380378,0.005900006204159199,0.0,10.962663991620516,0.0,17634121.812585227,-4650455.715250063,12971356.24331095,3317092998.7152834,3317092998.7152834,0.0
270,0.0,12715254.816060832,270.0,270,5012.05650949608,2998.9176379871287,3012.056509496078,2,1,1998.9176379871287,13.126300998221224,16.98752,16.98752,1.0,2000.0,13752700.0,400000.0,9972700.0,134797755.98667955,134797.75598667955,32000.0,0.0,211876.52331638214,744105.936745649,221228.97378380378,0.005900006204159199,0.0,11.040331217667749,0.0,17658764.05205929,-4674985.682144246,12971356.243310949,3330064354.9585943,3330064354.9585943,0.0
271,0.0,12715254.816060832,271.0,271,5025.170284318786,3012.0565094960803,3025.1702843187836,2,2,2012.0565094960803,13.101248647189879,17.648719444131455,17.648719444131455,1.0,2000.0,13752700.0,400000.0,9972700.0,134797755.98667955,134797.75598667955,32000.0,0.0,211067.22792248178,745836.4737437881,220942.44512735424,0.005900006204159199,0.004297180327864949,11.117850641086214,0.05184337287189514,17633357.357784875,-4649599.129796286,12971356.24331095,3343035711.2019053,3343035711.2019053,0.0
272,0.0,12715254.816060832,272.0,272,5038.259061035731,3025.170284318786,3038.259061035729,2,2,2025.170284318786,13.076304786700343,17.648719444131455,17.648719444131455,1.0,2000.0,13752700.0,400000.0,9972700.0,134797755.98667955,134797.75598667955,32000.0,0.0,210262.3272414809,747250.5285700227,220686.50623399197,0.005899924091342267,0.004300705496304547,11.19522151187454,0.1082338524677385,17604366.96285781,-4620638.8872225,12971356.24331095,3356007067.445216,3356007067.445216,0.0
273,0.0,12715254.816060832,273.0,273,5051.322970047842,3038.259061035731,3051.3229700478396,2,2,2038.259061035731,13.051513237521634,17.648719444131455,17.648719444131455,1.0,2000.0,13752700.0,400000.0,9972700.0,134797755.98667955,134797.75598667955,32000.0,0.0,209462.43992148578,747980.2590286777,220485.31687700454,0.005901659634313142,0.005996065573765055,11.272443481449073,0.174628780400317,17567375.129216824,-4583699.241035198,12971356.24331095,3368978423.688527,3368978423.688527,0.0
274,0.0,12715254.816060832,274.0,274,5064.362189410449,3051.3229700478423,3064.3621894104463,2,2,2051.3229700478423,13.026925487692054,17.648719444131455,17.648719444131455,1.0,2000.0,13752700.0,400000.0,9972700.0,134797755.98667955,134797.75598667955,32000.0,0.0,208668.947291773,747892.2512551785,220358.3703462238,0.0058997580479746995,0.005999999999994532,11.349520586282354,0.2530116602868246,17521024.96044367,-4537427.2844721,12971356.24331095,3381949779.931838,3381949779.931838,0.0
275,0.0,12715254.816060832,275.0,275,5077.376919939522,3064.362189410449,3077.376919939519,2,2,2064.362189410449,13.002535570454269,17.648719444131455,17.648719444131455,1.0,2000.0,13752700.0,400000.0,9972700.0,134797755.98667955,134797.75598667955,32000.0,0.0,207883.46488580407,747804.2298384487,220299.7889039468,0.005901659634313142,0.006000605754663908,11.426452262701513,0.3312493141843985,17475988.052004587,-4492466.092879121,12971356.243310949,3394921136.175149,3394921136.175149,0.0
276,0.0,12715254.816060832,276.0,276,5090.367357420724,3077.376919939522,3090.3673574207214,2,2,2077.376919939522,12.978339391950039,17.648719444131455,17.648719444131455,1.0,2000.0,13752700.0,400000.0,9972700.0,134797755.98667955,134797.75598667955,32000.0,0.0,207105.76579463744,747716.7191229289,220282.95281374018,0.005899544577377682,0.006001687763707598,11.503241379565994,0.409336831231868,17431909.543819003,-4448461.720775607,12971356.24331095,3407892492.41846,3407892492.41846,0.0
277,0.0,12715254.816060832,277.0,277,5103.333694800092,3090.367357420724,3103.3336948000892,2,2,2090.367357420724,12.954335366785841,17.648719444131455,17.648719444131455,1.0,2000.0,13752700.0,400000.0,9972700.0,134797755.98667955,134797.75598667955,32000.0,0.0,206335.68438148656,747629.0674423116,220273.17266198172,0.005902582056887339,0.005999999999994542,11.579883241170206,0.4872791845241775,17388321.070776172,-4404947.045276332,12971356.24331095,3420863848.661771,3420863848.661771,0.0
278,0.0,12715254.816060832,278.0,278,5116.27612345757,3103.3336948000924,3116.2761234575664,2,2,2103.3336948000924,12.930521948168641,17.648719444131455,17.648719444131455,1.0,2000.0,13752700.0,400000.0,9972700.0,134797755.98667955,134797.75598667955,32000.0,0.0,205573.1358740691,747541.8568053632,220269.39832481413,0.0058997580479744245,0.0060000062841375585,11.656384921410911,0.5650748126694304,17345211.825454738,-4361911.271717413,12971356.24331095,3433835204.9050817,3433835204.9050817,0.0
279,0.0,12715254.816060832,279.0,279,5129.194833318882,3116.27612345757,3129.194833318879,2,2,2116.27612345757,12.906897774455798,17.648719444131455,17.648719444131455,1.0,2000.0,13752700.0,400000.0,9972700.0,134797755.98667955,134797.75598667955,32000.0,0.0,204818.03736878693,747454.7617502843,220269.39832481413,0.0059009680065574745,0.0060000062841375585,11.732747341676312,0.6427294659462983,17302544.26403289,-4319316.943002775,12971356.24331095,3446806561.1483927,3446806561.1483927,0.0
280,0.0,12715254.816060832,280.0,280,5142.090013089905,3129.194833318882,3142.0900130899026,2,2,2129.194833318882,12.883461767591648,17.648719444131455,17.648719444131455,1.0,2000.0,13752700.0,400000.0,9972700.0,134797755.98667955,134797.75598667955,32000.0,0.0,204070.31244630873,747367.5792189422,220269.39832481413,0.005896131147533266,0.0060000062841375585,11.808966151126652,0.7202418062971201,17260263.192292493,-4277109.002146948,12971356.24331095,3459777917.3917036,3459777917.3917036,0.0
281,0.0,12715254.816060832,281.0,281,5154.961850385519,3142.0900130899054,3154.9618503855163,2,2,2142.0900130899054,12.860212823635754,17.648719444131455,17.648719444131455,1.0,2000.0,13752700.0,400000.0,9972700.0,134797755.98667955,134797.75598667955,32000.0,0.0,203329.89421831974,747280.7051953152,220269.39832481413,0.005899999999999158,0.0060000062841375585,11.885048357229397,0.7976129659583435,17218370.39991187,-4235289.221000241,12971356.24331095,3472749273.6350145,3472749273.6350145,0.0
282,0.0,12715254.816060832,282.0,282,5167.81053172459,3154.961850385519,3167.8105317245872,2,2,2154.961850385519,12.837149854505775,17.648719444131455,17.648719444131455,1.0,2000.0,13752700.0,400000.0,9972700.0,134797755.98667955,134797.75598667955,32000.0,0.0,202596.71548977672,747193.9450043837,220269.39832481413,0.005899999999999158,0.0060000062841375585,11.960992197273507,0.8748440706204217,17176860.058084328,-4193851.773938475,12971356.24331095,3485720629.8783255,3485720629.8783255,0.0
283,0.0,12715254.816060832,283.0,283,5180.6362425374655,3167.81053172459,3180.6362425374623,2,2,2167.81053172459,12.814271771244739,17.648719444131455,17.648719444131455,1.0,2000.0,13752700.0,400000.0,9972700.0,134797755.98667955,134797.75598667955,32000.0,0.0,201870.7100741211,747107.3408918086,220269.39832481413,0.005899999999999158,0.0060000062841375585,12.036799417174015,0.9519362393977282,17135729.43581679,-4152793.9247393706,12971356.243310949,3498691986.1216364,3498691986.1216364,0.0
284,0.0,12715254.816060832,284.0,284,5193.439167166649,3180.6362425374655,3193.4391671666463,2,2,2180.6362425374655,12.791577487123,17.648719444131455,17.648719444131455,1.0,2000.0,13752700.0,400000.0,9972700.0,134797755.98667955,134797.75598667955,32000.0,0.0,201151.81225846673,747020.8916077319,220269.39832481413,0.005899999999999158,0.0060000062841375585,12.11247111096997,1.0288905848735124,17094975.266131155,-4112112.402768015,12971356.24331095,3511663342.3649473,3511663342.3649473,0.0
285,0.0,12715254.816060832,285.0,285,5206.21948886904,3193.439167166649,3206.219488869038,2,2,2193.439167166649,12.769065917660027,17.648719444131455,17.648719444131455,1.0,2000.0,13752700.0,400000.0,9972700.0,134797755.98667955,134797.75598667955,32000.0,0.0,200439.95689611314,746934.5959096275,220269.39832481413,0.005899999999999158,0.0060000062841375585,12.18800836628214,1.105708213103953,17054594.31004677,-4071803.9654090027,12971356.24331095,3524634698.6082582,3524634698.6082582,0.0
286,0.0,12715254.816060832,286.0,286,5218.977389745508,3206.21948886904,3218.977389745506,2,2,2206.21948886904,12.746735835276208,17.648719444131455,17.648719444131455,1.0,2000.0,13752700.0,400000.0,9972700.0,134797755.98667955,134797.75598667955,32000.0,0.0,199735.079401695,746848.4952591907,220271.42461863058,0.00590011386663574,0.0060000062841375585,12.263412897822002,1.1823902236315993,17014609.65531472,-4031891.6227078056,12971356.24331095,3537606054.851569,3537606054.851569,0.0
287,0.0,12715254.816060832,287.0,287,5231.713050623851,3218.977389745508,3231.7130506238495,2,2,2218.977389745508,12.724585921410585,17.648719444131455,17.648719444131455,1.0,2000.0,13752700.0,400000.0,9972700.0,134797755.98667955,134797.75598667955,32000.0,0.0,199037.11120653545,746762.4625167206,220276.94699914934,0.0059009680065574745,0.0060000062841375585,12.3386839118188,1.2589377090628102,16975034.781634144,-3992388.802638085,12971356.24331095,3550577411.09488,3550577411.09488,0.0
288,0.0,12715254.816060832,288.0,288,5244.426651063905,3231.713050623851,3244.4266510639036,2,2,2231.713050623851,12.702614958697916,17.648719444131455,17.648719444131455,1.0,2000.0,13752700.0,400000.0,9972700.0,134797755.98667955,134797.75598667955,32000.0,0.0,198345.98141741654,746676.5858324816,220284.49567348458,0.005902582056885871,0.0060000062841375585,12.413823801129656,1.335351754365513,16935848.411893357,-3953274.2742637736,12971356.243310949,3563548767.338191,3563548767.338191,0.0
289,0.0,12715254.816060832,289.0,289,5257.118369297571,3244.4266510639054,3257.1183692975687,2,2,2244.4266510639054,12.680821508632675,17.648719444131455,17.648719444131455,1.0,2000.0,13752700.0,400000.0,9972700.0,134797755.98667955,134797.75598667955,32000.0,0.0,197661.62281644667,746591.0620475695,220297.06947808285,0.005898279883377078,0.0060000062841375585,12.48883656365437,1.4116334368998542,16897087.472184654,-3914584.8451644043,12971356.24331095,3576520123.581502,3576520123.581502,0.0
290,0.0,12715254.816060832,290.0,290,5269.788379356082,3257.118369297571,3269.78837935608,2,2,2257.118369297571,12.659198608389532,17.648719444131455,17.648719444131455,1.0,2000.0,13752700.0,400000.0,9972700.0,134797755.98667955,134797.75598667955,32000.0,0.0,196983.96181390632,746505.3831132052,220393.88144944934,0.0059009680065574745,0.0060000062841375585,12.563715730844265,1.487783826058351,16859741.43121169,-3877307.1429652176,12971356.24331095,3589491479.824813,3589491479.824813,0.0
291,0.0,12715254.816060832,291.0,291,5282.436850496476,3269.7883793560823,3282.436850496473,2,2,2269.7883793560823,12.63774367239698,17.648719444131455,17.648719444131455,1.0,2000.0,13752700.0,400000.0,9972700.0,134797755.98667955,134797.75598667955,32000.0,0.0,196312.75402314807,746367.7469420098,220565.12751350473,0.004497049180326371,0.0060000062841375585,12.637693757129057,1.5638039660295044,16823015.363880854,-3840648.4676737613,12971356.24331095,3602462836.068124,3602462836.068124,0.0
292,0.0,12715254.816060832,292.0,292,5295.063985743873,3282.436850496476,3295.06398574387,2,2,2282.436850496476,12.616526822396594,17.648719444131455,17.648719444131455,1.0,2000.0,13752700.0,400000.0,9972700.0,134797755.98667955,134797.75598667955,32000.0,0.0,195647.8922832821,745089.2319003529,220865.00883430874,0.004499731583652426,0.0060000062841375585,12.694615281773224,1.639694872356599,16773885.061088258,-3791622.0395652037,12971356.24331095,3615434192.3114347,3615434192.3114347,0.0
293,0.0,12715254.816060832,293.0,293,5307.670019282782,3295.0639857438728,3307.6700192827793,2,2,2295.0639857438728,12.595540255421525,17.648719444131455,17.648719444131455,1.0,2000.0,13752700.0,400000.0,9972700.0,134797755.98667955,134797.75598667955,32000.0,0.0,194991.51759880956,743812.5814170397,221251.95795717512,0.004499731583652426,0.0060000062841375585,12.751436455456242,1.715457763191635,16726363.667399397,-3744201.050124206,12971356.24331095,3628405548.5547457,3628405548.5547457,0.0
294,0.0,12715254.816060832,294.0,294,5320.255176625787,3307.670019282782,3320.2551766257843,2,2,2307.670019282782,12.574774430588162,17.648719444131455,17.648719444131455,1.0,2000.0,13752700.0,400000.0,9972700.0,134797755.98667955,134797.75598667955,32000.0,0.0,194343.3520492816,742538.0781008812,221751.18979784683,0.004500328107906488,0.0060000062841375585,12.808162876365508,1.7910940436431395,16680749.828336122,-3698683.217491707,12971356.24331095,3641376904.7980566,3641376904.7980566,0.0
295,0.0,12715254.816060832,295.0,295,5332.819675046888,3320.2551766257866,3332.8196750468855,2,2,2320.2551766257866,12.554222411614282,17.648719444131455,17.648719444131455,1.0,2000.0,13752700.0,400000.0,9972700.0,134797755.98667955,134797.75598667955,32000.0,0.0,193703.06617571294,741265.699363454,222326.61393282106,0.004511842105257938,0.0060000062841375585,12.864795562432544,1.8666050667880265,16636566.109861394,-3654592.4204478627,12971356.24331095,3654348261.0413675,3654348261.0413675,0.0
296,0.0,12715254.816060832,296.0,296,5345.363724901564,3332.819675046888,3345.3637249015615,2,2,2332.819675046888,12.533877297737375,17.648719444131455,17.648719444131455,1.0,2000.0,13752700.0,400000.0,9972700.0,134797755.98667955,134797.75598667955,32000.0,0.0,193070.41294134094,739995.4423330857,222978.40205290413,0.004498688046643831,0.0060000062841375585,12.921335774695601,1.9419921362716703,16593796.164870689,-3611912.3045407855,12971356.243310949,3667319617.2846785,3667319617.2846785,0.0
297,0.0,12715254.816060832,297.0,297,5357.887529316453,3345.3637249015637,3357.8875293164506,2,2,2345.3637249015637,12.51373153204066,17.648719444131455,17.648719444131455,1.0,2000.0,13752700.0,400000.0,9972700.0,134797755.98667955,134797.75598667955,32000.0,0.0,192445.14814055202,738727.2238912453,223716.6543040434,0.004499999999995972,0.0060000062841375585,12.977783542055711,2.0172565142282606,16552546.75955124,-3570749.270039036,12971356.243310949,3680290973.5279894,3680290973.5279894,0.0
298,0.0,12715254.816060832,298.0,298,5370.391285829772,3357.887529316453,3370.391285829769,2,2,2357.887529316453,12.49378149459653,17.648719444131455,17.648719444131455,1.0,2000.0,13752700.0,400000.0,9972700.0,134797755.98667955,134797.75598667955,32000.0,0.0,191827.00914858613,737461.1722626725,224485.95362235667,0.004499156513585559,0.0060000062841375585,13.034141985749859,2.0923994194189053,16512109.383650465,-3530396.826565697,12971356.24331095,3693262329.7713003,3693262329.7713003,0.0
299,0.0,12715254.816060832,299.0,299,5382.8751891916645,3370.3912858297717,3382.875189191662,2,2,2370.3912858297717,12.474025229189229,17.648719444131455,17.648719444131455,1.0,2000.0,13752700.0,400000.0,9972700.0,134797755.98667955,134797.75598667955,32000.0,0.0,191215.8556425353,736196.9083437733,225263.30632102437,0.004499999999996419,0.0060000062841375585,13.090406666232555,2.1674220370741444,16472183.736001484,-3490555.525465515,12971356.24331095,3706233686.0146112,3706233686.0146112,0.0
300,0.0,12715254.816060832,300.0,300,5395.339432816865,3382.8751891916645,3395.3394328168624,2,2,2382.8751891916645,12.454462021212473,17.648719444131455,17.648719444131455,1.0,2000.0,13752700.0,400000.0,9972700.0,134797755.98667955,134797.75598667955,32000.0,0.0,190611.59913760048,734934.9657083089,226030.62651688108,0.004500738310086135,0.0060000062841375585,13.14658666866231,2.242325535696067,16432546.53312514,-3451002.7225193614,12971356.243310949,3719205042.257922,3719205042.257922,0.0
301,0.0,12715254.816060832,301.0,301,5407.784209035747,3395.339432816865,3407.784209035745,2,2,2395.339432816865,12.435090416552052,17.648719444131455,17.648719444131455,1.0,2000.0,13752700.0,400000.0,9972700.0,134797755.98667955,134797.75598667955,32000.0,0.0,190014.18969133426,733674.6821047188,226799.08676434073,0.0044999999999950765,0.0060000062841375585,13.202673327674376,2.3171110757742923,16393325.933868749,-3411866.18601378,12971356.24331095,3732176398.501233,3732176398.501233,0.0
302,0.0,12715254.816060832,302.0,302,5420.209710017207,3407.784209035747,3420.209710017204,2,2,2407.784209035747,12.415911546366775,17.648719444131455,17.648719444131455,1.0,2000.0,13752700.0,400000.0,9972700.0,134797755.98667955,134797.75598667955,32000.0,0.0,189423.55524308525,732416.7032601918,227531.3033315296,0.004499156513585559,0.0060000062841375585,13.258677377933777,2.39177981129227,16354063.150357647,-3372688.4739825763,12971356.24331095,3745147754.744544,3745147754.744544,0.0
303,0.0,12715254.816060832,303.0,303,5432.616132201764,3420.209710017207,3432.616132201761,2,2,2420.209710017207,12.396932822747514,17.648719444131455,17.648719444131455,1.0,2000.0,13752700.0,400000.0,9972700.0,134797755.98667955,134797.75598667955,32000.0,0.0,188839.70292082467,731160.4302882536,228138.22330251493,0.004497049180323019,0.0060000062841375585,13.314591086751177,2.4663328952645855,16313652.557373902,-3332367.25384172,12971356.24331095,3758119110.987855,3758119110.987855,0.0
304,0.0,12715254.816060832,304.0,304,5445.003678345952,3432.6161322017642,3445.0036783459486,2,2,2432.6161322017642,12.37815946562776,17.648719444131455,17.648719444131455,1.0,2000.0,13752700.0,400000.0,9972700.0,134797755.98667955,134797.75598667955,32000.0,0.0,188262.83067935045,729906.2174938677,228649.74509315388,0.004501969365423963,0.0060000062841375585,13.370420889608644,2.5407715063355933,16272485.619640708,-3291292.8613064312,12971356.24331095,3771090467.231166,3771090467.231166,0.0
305,0.0,12715254.816060832,305.0,305,5457.372555874235,3445.003678345952,3457.372555874232,2,2,2445.003678345952,12.359595590939035,17.648719444131455,17.648719444131455,1.0,2000.0,13752700.0,400000.0,9972700.0,134797755.98667955,134797.75598667955,32000.0,0.0,187693.0689017249,728653.7433693063,229081.1989566463,0.004499507927825063,0.0060000062841375585,13.426163232822908,2.615096861045763,16230759.804132104,-3249662.197114433,12971356.243310949,3784061823.474477,3784061823.474477,0.0
306,0.0,12715254.816060832,306.0,306,5469.72297663566,3457.3725558742353,3469.722976635657,2,2,2457.3725558742353,12.341245931910331,17.648719444131455,17.648719444131455,1.0,2000.0,13752700.0,400000.0,9972700.0,134797755.98667955,134797.75598667955,32000.0,0.0,187130.51388516056,727403.4427107655,229422.77559574027,0.004500738310086135,0.0060000062841375585,13.481825812031595,2.689310203943192,16188369.443928426,-3207369.9293658836,12971356.24331095,3797033179.7177877,3797033179.7177877,0.0
307,0.0,12715254.816060832,307.0,307,5482.055159421673,3469.7229766356604,3482.0551594216695,2,2,2469.7229766356604,12.32311964011482,17.648719444131455,17.648719444131455,1.0,2000.0,13752700.0,400000.0,9972700.0,134797755.98667955,134797.75598667955,32000.0,0.0,186575.2801610693,726154.7854572355,229611.43561651497,0.004511842105257938,0.0060000062841375585,13.537402033792715,2.7634128061234855,16144544.612400262,-3163648.471923956,12971356.243310949,3810004535.9610987,3810004535.9610987,0.0
308,0.0,12715254.816060832,308.0,308,5494.369327083709,3482.055159421673,3494.369327083706,2,2,2482.055159421673,12.305215683958188,17.648719444131455,17.648719444131455,1.0,2000.0,13752700.0,400000.0,9972700.0,134797755.98667955,134797.75598667955,32000.0,0.0,186027.61513911493,724907.982033626,229790.7809005872,0.004501969365421723,0.0060000062841375585,13.592896332939596,2.8374059803366944,16101071.408974025,-3120278.5739184804,12971356.24331095,3822975892.2044096,3822975892.2044096,0.0
309,0.0,12715254.816060832,309.0,309,5506.665703632035,3494.3693270837093,3506.665703632031,2,2,2494.3693270837093,12.287537412692082,17.648719444131455,17.648719444131455,1.0,2000.0,13752700.0,400000.0,9972700.0,134797755.98667955,134797.75598667955,32000.0,0.0,185487.45796019497,723663.0936399364,229898.3760816445,0.004500738310086135,0.005999948197706612,13.648310467949338,2.911290577032944,16057182.536768949,-3076495.24742904,12971356.24331095,3835947248.4477205,3835947248.4477205,0.0
310,0.0,12715254.816060832,310.0,310,5518.944517010727,3506.665703632035,3518.9445170107233,2,2,2506.665703632035,12.270089344692371,17.648719444131455,17.648719444131455,1.0,2000.0,13752700.0,400000.0,9972700.0,134797755.98667955,134797.75598667955,32000.0,0.0,184954.88019367683,722419.9490187864,229917.23709345947,0.004499507927825063,0.005999948197706612,13.703643500999114,2.985068199342391,16012675.55698277,-3032096.67887973,12971356.24331095,3848918604.6910315,3848918604.6910315,0.0
311,0.0,12715254.816060832,311.0,311,5531.205965746832,3518.9445170107274,3531.205965746827,2,2,2518.9445170107274,12.252808127515381,17.648719444131455,17.648719444131455,1.0,2000.0,13752700.0,400000.0,9972700.0,134797755.98667955,134797.75598667955,32000.0,0.0,184429.98834524825,722074.2308631651,229917.45304289748,0.006101000820338887,0.006000053203287596,13.772187320844024,3.0587414540668494,15979358.211234722,-2998854.6434089798,12971356.24331095,3861889960.9343424,3861889960.9343424,0.0
312,0.0,12715254.816060832,312.0,312,5543.450201087205,3531.2059657468317,3543.4502010872,2,2,2531.2059657468317,12.23566255323106,17.648719444131455,17.648719444131455,1.0,2000.0,13752700.0,400000.0,9972700.0,134797755.98667955,134797.75598667955,32000.0,0.0,183910.85108689105,722156.8076927481,229917.7550401049,0.00610051651142524,0.006000053203287596,13.846981861518948,3.1323107988328585,15951583.728587259,-2971139.24215611,12971356.24331095,3874861317.1776533,3874861317.1776533,0.0
313,0.0,12715254.816060832,313.0,313,5555.677358124331,3543.4502010872047,3555.677358124326,2,2,2543.4502010872047,12.218651521020544,17.648719444131455,17.648719444131455,1.0,2000.0,13752700.0,400000.0,9972700.0,134797755.98667955,134797.75598667955,32000.0,0.0,183396.51169276252,722239.4695198096,229921.2273800651,0.006100009668190846,0.005999993503293371,13.921673760341928,3.2057762406357417,15924098.669991713,-2943712.945870591,12971356.24331095,3887832673.4209642,3887832673.4209642,0.0
314,0.0,12715254.816060832,314.0,314,5567.887571096792,3555.6773581243306,3567.887571096788,2,2,2555.6773581243306,12.201774423903478,17.648719444131455,17.648719444131455,1.0,2000.0,13752700.0,400000.0,9972700.0,134797755.98667955,134797.75598667955,32000.0,0.0,182886.92011536862,722321.8925077829,229921.2273800651,0.006100009668190846,0.005999993503293371,13.996259536482885,3.2791391034222444,15896815.663804702,-2916488.641677031,12971356.24331095,3900804029.664275,3900804029.664275,0.0
315,0.0,12715254.816060832,315.0,315,5580.080973510184,3567.8875710967923,3580.08097351018,2,2,2567.8875710967923,12.185030402880162,17.648719444131455,17.648719444131455,1.0,2000.0,13752700.0,400000.0,9972700.0,134797755.98667955,134797.75598667955,32000.0,0.0,182382.0413874857,722404.2012762007,229921.2273800651,0.006100009668190846,0.005999993503293371,14.07074195366557,3.3524003019308433,15869776.964121524,-2889508.4467146667,12971356.24331095,3913775385.907586,3913775385.907586,0.0
316,0.0,12715254.816060832,316.0,316,5592.257698012415,3580.080973510184,3592.2576980124113,2,2,2580.080973510184,12.168418601582824,17.648719444131455,17.648719444131455,1.0,2000.0,13752700.0,400000.0,9972700.0,134797755.98667955,134797.75598667955,32000.0,0.0,181881.83325091453,722486.3967250218,229921.2273800651,0.006100009668190846,0.005999993503293371,14.1451218262754,3.425560637194234,15842980.550249917,-2862770.3383369166,12971356.24331095,3926746742.150897,3926746742.150897,0.0
317,0.0,12715254.816060832,317.0,317,5604.417876396355,3592.257698012415,3604.4178763963514,2,2,2592.257698012415,12.151938166297125,17.648719444131455,17.648719444131455,1.0,2000.0,13752700.0,400000.0,9972700.0,134797755.98667955,134797.75598667955,32000.0,0.0,181386.25379759993,722568.4797484224,229921.2273800651,0.006100009668190846,0.005999993503293371,14.219399963465907,3.4986209050990142,15816424.416961491,-2836272.3093936476,12971356.24331095,3939718098.394208,3939718098.394208,0.0
318,0.0,12715254.816060832,318.0,318,5616.561639602495,3604.4178763963546,3616.5616396024916,2,2,2604.4178763963546,12.135588245983588,17.648719444131455,17.648719444131455,1.0,2000.0,13752700.0,400000.0,9972700.0,134797755.98667955,134797.75598667955,32000.0,0.0,180895.2614669482,722650.4512348151,229921.2273800651,0.006100009668190846,0.005999993503293371,14.293577169174863,3.5715818964015402,15790106.574360019,-2810012.3680990366,12971356.24331095,3952689454.637519,3952689454.637519,0.0
319,0.0,12715254.816060832,319.0,319,5628.689117721637,3616.5616396024952,3628.689117721633,2,2,2616.5616396024952,12.1193679922989,17.648719444131455,17.648719444131455,1.0,2000.0,13752700.0,400000.0,9972700.0,134797755.98667955,134797.75598667955,32000.0,0.0,180408.8150431674,722732.312066867,229921.2273800651,0.006100009668190846,0.005999993503293371,14.367654242140542,3.6444443967439173,15764025.047751658,-2783988.53790245,12971356.24331095,3965660810.88083,3965660810.88083,0.0
320,0.0,12715254.816060832,320.0,320,5640.800439997594,3628.6891177216366,3640.800439997591,2,2,2628.6891177216366,12.103276559617123,17.648719444131455,17.648719444131455,1.0,2000.0,13752700.0,400000.0,9972700.0,134797755.98667955,134797.75598667955,32000.0,0.0,179926.87365262985,722814.0631215173,229921.2273800651,0.006100009668190846,0.005999993503293371,14.441631975918078,3.7172091866700985,15738177.877516998,-2758198.8573589213,12971356.24331095,3978632167.1241407,3978632167.1241407,0.0
321,0.0,12715254.816060832,321.0,321,5652.895734829928,3640.8004399975944,3652.895734829925,2,2,2640.8004399975944,12.087313105050768,17.648719444131455,17.648719444131455,1.0,2000.0,13752700.0,400000.0,9972700.0,134797755.98667955,134797.75598667955,32000.0,0.0,179449.3967612572,722895.7052699953,229921.2273800651,0.006100009668190846,0.005999993503293371,14.515511158895995,3.789877041642137,15712563.118985018,-2732641.3800070714,12971356.24331095,3991603523.3674517,3991603523.3674517,0.0
322,0.0,12715254.816060832,322.0,322,5664.97512977669,3652.895734829928,3664.975129776686,2,2,2652.895734829928,12.071476788471736,17.648719444131455,17.648719444131455,1.0,2000.0,13752700.0,400000.0,9972700.0,134797755.98667955,134797.75598667955,32000.0,0.0,178976.34417192676,722977.23937784,229921.2273800651,0.006100009668190846,0.005999993503293371,14.58929257431285,3.8624487320565577,15687178.84230877,-2707314.174240589,12971356.243310949,4004574879.6107626,4004574879.6107626,0.0
323,0.0,12715254.816060832,323.0,323,5677.038751557192,3664.9751297766898,3677.038751557188,2,2,2664.9751297766898,12.05576677253213,17.648719444131455,17.648719444131455,1.0,2000.0,13752700.0,400000.0,9972700.0,134797755.98667955,134797.75598667955,32000.0,0.0,178507.6760218996,723058.6663049167,229921.2273800651,0.006100009668190846,0.005999993503293371,14.66297700027399,3.934925023260842,15662023.132342888,-2682215.3231883645,12971356.24331095,4017546235.8540735,4017546235.8540735,0.0
324,0.0,12715254.816060832,324.0,324,5689.0867260548,3677.038751557192,3689.0867260547966,2,2,2677.038751557192,12.04018222268489,17.648719444131455,17.648719444131455,1.0,2000.0,13752700.0,400000.0,9972700.0,134797755.98667955,134797.75598667955,32000.0,0.0,178043.35278026995,723139.9869054381,229921.2273800651,0.006100009668190846,0.005999993503293371,14.736565209768452,4.007306675570043,15637094.088522792,-2657342.9245944195,12971356.24331095,4030517592.0973845,4030517592.0973845,0.0
325,0.0,12715254.816060832,325.0,325,5701.119178319745,3689.0867260548002,3701.1191783197414,2,2,2689.0867260548002,12.024722307204305,17.648719444131455,17.648719444131455,1.0,2000.0,13752700.0,400000.0,9972700.0,134797755.98667955,134797.75598667955,32000.0,0.0,177583.33524543516,723221.2020279807,229921.2273800651,0.006100009668190846,0.005999993503293371,14.810057970685978,4.079594444283537,15612389.824745586,-2632695.090695824,12971356.243310949,4043488948.3406954,4043488948.3406954,0.0
326,0.0,12715254.816060832,326.0,326,5713.13623257195,3701.1191783197446,3713.136232571947,2,2,2701.1191783197446,12.009386197206311,17.648719444131455,17.648719444131455,1.0,2000.0,13752700.0,400000.0,9972700.0,134797755.98667955,134797.75598667955,32000.0,0.0,177127.5845425866,723302.3125155054,229921.2273800651,0.006100009668190846,0.005999993503293371,14.883456045834185,4.151789079701891,15587908.469252635,-2608269.9481088636,12971356.24331095,4056460304.5840063,4056460304.5840063,0.0
327,0.0,12715254.816060832,327.0,327,5725.138012203887,3713.13623257195,3725.1380122038845,2,2,2713.13623257195,11.994173066668647,17.648719444131455,17.648719444131455,1.0,2000.0,13752700.0,400000.0,9972700.0,134797755.98667955,134797.75598667955,32000.0,0.0,176676.06212122057,723383.3192053756,229921.2273800651,0.006100009668190846,0.005999993503293371,14.956760192955812,4.223891327143848,15563648.164513728,-2584065.637711584,12971356.24331095,4069431660.827317,4069431660.827317,0.0
328,0.0,12715254.816060832,328.0,328,5737.124639783447,3725.1380122038872,3737.1246397834443,2,2,2725.1380122038872,11.979082092450808,17.648719444131455,17.648719444131455,1.0,2000.0,13752700.0,400000.0,9972700.0,134797755.98667955,134797.75598667955,32000.0,0.0,176228.7297526695,723464.2229293776,229921.2273800651,0.006100009668190846,0.005999993503293371,15.029971164746124,4.295901926963429,15539607.067112867,-2560080.314528949,12971356.24331095,4082403017.070628,4082403017.070628,0.0
329,0.0,12715254.816060832,329.0,329,5749.096237059886,3737.1246397834466,3749.096237059884,2,2,2737.1246397834466,11.964112460428531,17.648719444131455,17.648719444131455,1.0,2000.0,13752700.0,400000.0,9972700.0,134797755.98667955,134797.75598667955,32000.0,0.0,175785.54952765262,723544.937419736,229921.2273800651,0.006100009668190846,0.0060016877637076565,15.10308970887044,4.367822906784576,15515782.308943752,-2536311.11224877,12971356.24331095,4095374373.313939,4095374373.313939,0.0
330,0.0,12715254.816060832,330.0,330,5761.052924966616,3749.0962370598863,3761.052924966614,2,2,2749.0962370598863,11.949263353030897,17.648719444131455,17.648719444131455,1.0,2000.0,13752700.0,400000.0,9972700.0,134797755.98667955,134797.75598667955,32000.0,0.0,175346.484033082,723625.553457335,229921.2273800651,0.006100009668190846,0.005999999999994778,15.17611656800041,4.439653662359129,15492173.159941101,-2512757.295871032,12971356.24331095,4108345729.55725,4108345729.55725,0.0
331,0.0,12715254.816060832,331.0,331,5772.994823611462,3761.052924966616,3772.9948236114606,2,2,2761.052924966616,11.934533936662588,17.648719444131455,17.648719444131455,1.0,2000.0,13752700.0,400000.0,9972700.0,134797755.98667955,134797.75598667955,32000.0,0.0,174911.4959831068,723706.3420150713,229921.2273800651,0.006100009668190846,0.005999536858350439,15.249052479831,4.511390910945737,15468781.031677859,-2489420.2651915285,12971356.24331095,4121317085.800561,4121317085.800561,0.0
332,0.0,12715254.816060832,332.0,332,5784.9220524140865,3772.9948236114624,3784.922052414085,2,2,2772.9948236114624,11.919923668586078,17.648719444131455,17.648719444131455,1.0,2000.0,13752700.0,400000.0,9972700.0,134797755.98667955,134797.75598667955,32000.0,0.0,174480.54784955498,723786.8766187306,229917.55616940928,0.006100009668190846,0.005999536858350353,15.321898177021119,4.58304171281924,15445555.39516752,-2466249.6465870366,12971356.24331095,4134288442.043872,4134288442.043872,0.0
333,0.0,12715254.816060832,333.0,333,5796.834729994264,3784.9220524140865,3796.834729994263,2,2,2784.9220524140865,11.905431491769873,17.648719444131455,17.648719444131455,1.0,2000.0,13752700.0,400000.0,9972700.0,134797755.98667955,134797.75598667955,32000.0,0.0,174053.61082452527,723867.2543109028,229917.45304289748,0.006100009668190846,0.0060000345353580275,15.39465438803185,4.65460535661572,15422582.135195086,-2443331.042026722,12971356.24331095,4147259798.287183,4147259798.287183,0.0
334,0.0,12715254.816060832,334.0,334,5808.732974042523,3796.8347299942643,3808.732974042521,2,2,2796.8347299942643,11.891056604746913,17.648719444131455,17.648719444131455,1.0,2000.0,13752700.0,400000.0,9972700.0,134797755.98667955,134797.75598667955,32000.0,0.0,173630.64128140162,723947.3732484606,229917.45304289748,0.00609952913932267,0.0060000345353580275,15.467319592982609,4.726081833505372,15399816.643917266,-2420619.9795770743,12971356.24331095,4160231154.5304937,4160231154.5304937,0.0
335,0.0,12715254.816060832,335.0,335,5820.616901450887,3808.732974042523,3820.6169014508855,2,2,2808.732974042523,11.876798211981596,17.648719444131455,17.648719444131455,1.0,2000.0,13752700.0,400000.0,9972700.0,134797755.98667955,134797.75598667955,32000.0,0.0,173211.6032921866,724027.5201227198,229917.22824835367,0.006095999999995329,0.006000100950612851,15.539898657761682,4.797471755725319,15377256.685066627,-2398114.2232513907,12971356.24331095,4173202510.7738047,4173202510.7738047,0.0
336,0.0,12715254.816060832,336.0,336,5832.486628424208,3820.616901450887,3832.4866284242066,2,2,2820.616901450887,11.862655734660853,17.648719444131455,17.648719444131455,1.0,2000.0,13752700.0,400000.0,9972700.0,134797755.98667955,134797.75598667955,32000.0,0.0,172796.46131595832,724107.7508590586,229913.67870572986,0.00609885660730498,0.0060004374772090726,15.612392712513497,4.868775423652791,15354864.536732674,-2375776.166839155,12971356.24331095,4186173867.0171156,4186173867.0171156,0.0
337,0.0,12715254.816060832,337.0,337,5844.342270485101,3832.486628424208,3844.3422704850996,2,2,2832.486628424208,11.84862838712523,17.648719444131455,17.648719444131455,1.0,2000.0,13752700.0,400000.0,9972700.0,134797755.98667955,134797.75598667955,32000.0,0.0,172385.1863218755,724187.2820869883,229910.55164113233,0.006099999999994758,0.005999753947149558,15.684793513385998,4.939996216336762,15332673.964924803,-2353639.460633305,12971356.24331095,4199145223.2604265,4199145223.2604265,0.0
338,0.0,12715254.816060832,338.0,338,5856.183942701291,3844.342270485101,3856.183942701289,2,2,2844.342270485101,11.834716045254329,17.648719444131455,17.648719444131455,1.0,2000.0,13752700.0,400000.0,9972700.0,134797755.98667955,134797.75598667955,32000.0,0.0,171977.74345383252,724267.5655226512,229897.01457312924,0.006101000820338887,0.005999999999994487,15.757115928686122,5.011127462910448,15310572.617043119,-2331592.1121151843,12971356.24331095,4212116579.5037374,4212116579.5037374,0.0
339,0.0,12715254.816060832,339.0,339,5868.011759948931,3856.183942701291,3868.011759948929,2,2,2856.183942701291,11.82091845002547,17.648719444131455,17.648719444131455,1.0,2000.0,13752700.0,400000.0,9972700.0,134797755.98667955,134797.75598667955,32000.0,0.0,171574.1172429553,724347.1218393288,229876.43124021983,0.006095999999995329,0.005996065573764025,15.82934873870555,5.082179892498536,15288582.477520209,-2309656.0304314736,12971356.243310949,4225087935.7470484,4225087935.7470484,0.0
340,0.0,12715254.816060832,340.0,340,5879.825838931931,3868.0117599489313,3879.825838931929,2,2,2868.0117599489313,11.807239515974134,17.648719444131455,17.648719444131455,1.0,2000.0,13752700.0,400000.0,9972700.0,134797755.98667955,134797.75598667955,32000.0,0.0,171174.2884276369,724427.1708137997,229788.1057650018,0.00609885660730498,0.0060004374772093215,15.901501176861082,5.153144640638234,15266003.071043612,-2287133.033912774,12971356.24331095,4238059291.9903593,4238059291.9903593,0.0
341,0.0,12715254.816060832,341.0,341,5891.626300799462,3879.825838931931,3891.6263007994608,2,2,2879.825838931931,11.793684219089297,17.648719444131455,17.648719444131455,1.0,2000.0,13752700.0,400000.0,9972700.0,134797755.98667955,134797.75598667955,32000.0,0.0,170778.35860978684,724506.8111943837,229617.2849272841,0.006099999999994238,0.005996065573765143,15.97356635748313,5.2240281935692146,15242659.080862023,-2263848.3991579493,12971356.24331095,4251030648.23367,4251030648.23367,0.0
342,0.0,12715254.816060832,342.0,342,5903.413244849778,3891.626300799462,3903.4132448497767,2,2,2891.626300799462,11.78020388154228,17.648719444131455,17.648719444131455,1.0,2000.0,13752700.0,400000.0,9972700.0,134797755.98667955,134797.75598667955,32000.0,0.0,170386.459638005,725285.8725693059,229427.83427233258,0.006100000000040343,0.00440032081662016,16.04554917487511,5.284452044430633,15227528.530829754,-2248750.5882697203,12971356.24331095,4264002004.476981,4264002004.476981,0.0
343,0.0,12715254.816060832,343.0,343,5915.186728558486,3903.4132448497776,3915.186728558485,2,2,2903.4132448497776,11.76676353587397,17.648719444131455,17.648719444131455,1.0,2000.0,13752700.0,400000.0,9972700.0,134797755.98667955,134797.75598667955,32000.0,0.0,169997.17427611214,726636.1299302506,229158.59507683714,0.006100762499994597,0.004399518862762169,16.11744787990634,5.336316923956965,15218283.248364577,-2239518.8714932455,12971356.243310949,4276973360.720292,4276973360.720292,0.0
344,0.0,12715254.816060832,344.0,344,5926.953678857651,3915.186728558486,3926.9536788576497,2,2,2915.186728558486,11.767137062455824,17.648719444131455,17.648719444131455,1.0,2000.0,13752700.0,400000.0,9972700.0,134797755.98667955,134797.75598667955,32000.0,0.0,169609.4870337373,727985.2826994667,32658.54692549402,0.006099999999995923,0.004401050119327647,16.189267784205192,5.388119391625056,12908945.447463695,62204.91967131252,12971356.24331095,4289944716.963603,4289944716.963603,0.0
345,0.0,12715254.816060832,345.0,345,5938.720969483525,3926.9536788576506,3938.7209694835237,2,2,2926.9536788576506,11.767444189292231,17.648719444131455,17.648719444131455,1.0,2000.0,13752700.0,400000.0,9972700.0,134797755.98667955,134797.75598667955,32000.0,0.0,169620.2554421113,729333.6180861442,32210.408123370766,0.006116052631570314,0.004399737548459999,16.261046753769584,5.43989305209794,12920038.39306678,51148.57595060422,12971356.24331095,4302916073.206914,4302916073.206914,0.0
346,0.0,12715254.816060832,346.0,346,5950.488535472753,3938.7209694835246,3950.4885354727517,2,2,2938.7209694835246,11.767687789163844,17.648719444131455,17.648719444131455,1.0,2000.0,13752700.0,400000.0,9972700.0,134797755.98667955,134797.75598667955,32000.0,0.0,169629.10986643168,730681.6931802139,31729.73807112054,0.006100444768496214,0.004398717201162246,16.33282427788089,5.4916691290901545,12930652.17266753,40569.81229252732,12971356.24331095,4315887429.450225,4315887429.450225,0.0
347,0.0,12715254.816060832,347.0,347,5962.256313589961,3950.488535472753,3962.256313589959,2,2,2950.488535472753,11.767868445250992,17.648719444131455,17.648719444131455,1.0,2000.0,13752700.0,400000.0,9972700.0,134797755.98667955,134797.75598667955,32000.0,0.0,169636.1329814639,732029.8862225325,31248.424515288803,0.0060984993849888215,0.00439981956120179,16.404606024939156,5.543447679026182,12941169.158925883,30087.51858530373,12971356.24331095,4328858785.693536,4328858785.693536,0.0
348,0.0,12715254.816060832,348.0,348,5974.024240439377,3962.256313589961,3974.0242404393744,2,2,2962.256313589961,11.767985253579967,17.648719444131455,17.648719444131455,1.0,2000.0,13752700.0,400000.0,9972700.0,134797755.98667955,134797.75598667955,32000.0,0.0,169641.34148729913,733315.770411708,30850.008930439843,0.004301209563990793,0.004399786148234144,16.475463450530473,5.5952263865815315,12951837.680482112,19454.186369866784,12971356.24331095,4341830141.936847,4341830141.936847,0.0
349,0.0,12715254.816060832,349.0,349,5985.792298423663,3974.0242404393766,3985.7922984236607,2,2,2974.0242404393766,11.768130714992367,17.648719444131455,17.648719444131455,1.0,2000.0,13752700.0,400000.0,9972700.0,134797755.98667955,134797.75598667955,32000.0,0.0,169644.70923738257,733236.631099978,30506.637403725774,0.00430188183807101,0.0044000849174909715,16.52606795162684,5.647005080989215,12947049.50799277,24226.568304127977,12971356.24331095,4354801498.180158,4354801498.180158,0.0
350,0.0,12715254.816060832,350.0,350,5997.560511258119,3985.792298423663,3997.560511258116,2,2,2985.792298423663,11.768294953918737,17.648719444131455,17.648719444131455,1.0,2000.0,13752700.0,400000.0,9972700.0,134797755.98667955,134797.75598667955,32000.0,0.0,169648.90314330478,733157.1201388988,30300.818957617827,0.004298942189417811,0.004400000000010676,16.57666791621316,5.698784753063946,12943911.409525786,27354.319329605,12971356.24331095,4367772854.423469,4367772854.423469,0.0
351,0.0,12715254.816060832,351.0,351,6009.328894046559,3997.560511258119,4009.328894046557,2,2,2997.560511258119,11.768470622962523,17.648719444131455,17.648719444131455,1.0,2000.0,13752700.0,400000.0,9972700.0,134797755.98667955,134797.75598667955,32000.0,0.0,169653.63849997576,733077.8754102406,30197.108232793707,0.00429999999999619,0.00439992335162041,16.627271738408414,5.750564332645934,12942000.980375592,29258.4506212804,12971356.243310949,4380744210.6667795,4380744210.6667795,0.0
352,0.0,12715254.816060832,352.0,352,6021.097455122548,4009.328894046559,4021.0974551225454,2,2,3009.328894046559,11.768651529014813,17.648719444131455,17.648719444131455,1.0,2000.0,13752700.0,400000.0,9972700.0,134797755.98667955,134797.75598667955,32000.0,0.0,169658.7034843266,732998.7739404488,30180.08385177397,0.004299823662083117,0.00439992335162041,16.677878088801197,5.802344314887599,12941125.392526487,30131.153854663644,12971356.24331095,4393715566.91009,4393715566.91009,0.0
353,0.0,12715254.816060832,353.0,353,6032.866200054137,4021.097455122548,4032.866200054135,2,2,3021.097455122548,11.768838334163956,17.648719444131455,17.648719444131455,1.0,2000.0,13752700.0,400000.0,9972700.0,134797755.98667955,134797.75598667955,32000.0,0.0,169663.9195439438,732919.5345307546,30153.12405449879,0.004300000000000241,0.00439992335162041,16.728483177025375,5.854125081580815,12940139.121734733,31114.17530115164,12971356.24331095,4406686923.153401,4406686923.153401,0.0
354,0.0,12715254.816060832,354.0,354,6044.635133898411,4032.866200054137,4044.6351338984086,2,2,3032.866200054137,11.769029354383749,17.648719444131455,17.648719444131455,1.0,2000.0,13752700.0,400000.0,9972700.0,134797755.98667955,134797.75598667955,32000.0,0.0,169669.3057762166,732840.0357826437,30149.692757887573,0.004300000000000241,0.00439711475409226,16.779088780231213,5.905910211070737,12939434.229718708,31816.7461462698,12971356.24331095,4419658279.396712,4419658279.396712,0.0
355,0.0,12715254.816060832,355.0,355,6056.40425923426,4044.6351338984114,4056.404259234258,2,2,3044.6351338984114,11.769221317314603,17.648719444131455,17.648719444131455,1.0,2000.0,13752700.0,400000.0,9972700.0,134797755.98667955,134797.75598667955,32000.0,0.0,169674.81363182428,732760.8871500676,30192.014745386165,0.004300000000000241,0.004404334975364633,16.829695195761595,5.9576909582062205,12939276.171672842,31974.286408468222,12971356.243310949,4432629635.640023,4432629635.640023,0.0
356,0.0,12715254.816060832,356.0,356,6068.173576413071,4056.4042592342603,4068.1735764130685,2,2,3056.4042592342603,11.769413040306219,17.648719444131455,17.648719444131455,1.0,2000.0,13752700.0,400000.0,9972700.0,134797755.98667955,134797.75598667955,32000.0,0.0,169680.34875951728,732681.4217176584,30251.387010597136,0.004300000000000241,0.0043997375484598495,16.880302434705747,6.009477229127984,12939315.75052652,31934.841499530892,12971356.243310949,4445600991.883334,4445600991.883334,0.0
357,0.0,12715254.816060832,357.0,357,6079.943081900903,4068.173576413071,4079.9430819009012,2,2,3068.173576413071,11.769597935359071,17.648719444131455,17.648719444131455,1.0,2000.0,13752700.0,400000.0,9972700.0,134797755.98667955,134797.75598667955,32000.0,0.0,169685.87705882936,732602.1542592406,30404.44606488669,0.004300000000000241,0.00440072190319546,16.930910498574633,6.061261387626008,12940456.335462326,30798.0207830561,12971356.243310949,4458572348.126645,4458572348.126645,0.0
358,0.0,12715254.816060832,358.0,358,6091.712764446335,4079.943081900903,4091.7127644463335,2,2,3079.943081900903,11.769767155505116,17.648719444131455,17.648719444131455,1.0,2000.0,13752700.0,400000.0,9972700.0,134797755.98667955,134797.75598667955,32000.0,0.0,169691.20856101043,732522.7103828806,30684.555119424032,0.004300000000000241,0.00439711475409226,16.981519372172315,6.113048973373287,12943075.5240969,28187.47120120123,12971356.24331095,4471543704.369956,4471543704.369956,0.0
359,0.0,12715254.816060832,359.0,359,6103.482607124665,4091.7127644463353,4103.482607124663,2,2,3091.7127644463353,11.769918201155651,17.648719444131455,17.648719444131455,1.0,2000.0,13752700.0,400000.0,9972700.0,134797755.98667955,134797.75598667955,32000.0,0.0,169696.08814613856,732443.4697267924,31001.99102277643,0.004300000000000241,0.00440072190319543,17.03212900711768,6.164834305280489,12946112.574177774,25160.437163772796,12971356.24331095,4484515060.613267,4484515060.613267,0.0
360,0.0,12715254.816060832,360.0,360,6115.252589858861,4103.482607124665,4115.252589858859,2,2,3103.4826071246653,11.770047267235086,17.648719444131455,17.648719444131455,1.0,2000.0,13752700.0,400000.0,9972700.0,134797755.98667955,134797.75598667955,32000.0,0.0,169700.44371582146,732364.2273460212,31375.86313207601,0.004300000000000241,0.004399999999995977,17.0827393306345,6.216620351348348,12949785.678926276,21499.444785066684,12971356.24331095,4497486416.856578,4497486416.856578,0.0
361,0.0,12715254.816060832,361.0,361,6127.022687175508,4115.252589858861,4127.022687175506,2,2,3115.252589858861,11.770147366058765,17.648719444131455,17.648719444131455,1.0,2000.0,13752700.0,400000.0,9972700.0,134797755.98667955,134797.75598667955,32000.0,0.0,169704.16552436142,732284.729084276,31852.23199162041,0.0042999720643173665,0.004399518862762442,17.133350233858906,6.268410773640607,12954626.758533785,16674.327545082127,12971356.243310949,4510457773.099889,4510457773.099889,0.0
362,0.0,12715254.816060832,362.0,362,6138.792870092192,4127.022687175508,4138.79287009219,2,2,3127.0226871755076,11.770218467309926,17.648719444131455,17.648719444131455,1.0,2000.0,13752700.0,400000.0,9972700.0,134797755.98667955,134797.75598667955,32000.0,0.0,169707.05204795662,732153.5166398861,32384.29458646058,0.0042999720643173665,0.006002625820563791,17.183961323514783,6.320968667876865,12959473.027767008,11844.03701618566,12971356.24331095,4523429129.3432,4523429129.3432,0.0
363,0.0,12715254.816060832,363.0,363,6150.563150519154,4138.792870092192,4150.563150519152,2,2,3138.792870092192,11.77034238661397,17.648719444131455,17.648719444131455,1.0,2000.0,13752700.0,400000.0,9972700.0,134797755.98667955,134797.75598667955,32000.0,0.0,169709.10239104944,730805.0446572774,32971.595691498085,0.0042999720643173665,0.005999343903767254,17.234572781248435,6.391587461381625,12950645.32916979,20642.632294158073,12971356.243310949,4536400485.586511,4536400485.586511,0.0
364,0.0,12715254.816060832,364.0,364,6162.3335799267725,4150.563150519154,4162.333579926771,2,2,3150.563150519154,11.770516428622452,17.648719444131455,17.648719444131455,1.0,2000.0,13752700.0,400000.0,9972700.0,134797755.98667955,134797.75598667955,32000.0,0.0,169712.6758751988,729456.2653586911,33591.1348882876,0.0042999720643173665,0.006002625820563791,17.28518465827355,6.462211233837991,12942267.84243102,28992.50190601781,12971356.24331095,4549371841.829822,4549371841.829822,0.0
365,0.0,12715254.816060832,365.0,365,6174.104207397979,4162.3335799267725,4174.104207397977,2,2,3162.3335799267725,11.77073851378974,17.648719444131455,17.648719444131455,1.0,2000.0,13752700.0,400000.0,9972700.0,134797755.98667955,134797.75598667955,32000.0,0.0,169717.69482067705,728107.5880002428,34234.06043548648,0.0042999720643173665,0.006005911330042549,17.33579717591133,6.532834134416887,12934237.55928051,36996.31508083518,12971356.24331095,4562343198.0731325,4562343198.0731325,0.0
366,0.0,12715254.816060832,366.0,366,6185.875080763091,4174.104207397979,4185.8750807630895,2,2,3174.104207397979,11.771008216435561,17.648719444131455,17.648719444131455,1.0,2000.0,13752700.0,400000.0,9972700.0,134797755.98667955,134797.75598667955,32000.0,0.0,169724.09932101602,726759.0817202041,34876.99680133403,0.0042999720643173665,0.006001687763707336,17.386410545217004,6.6034553483660865,12926277.973997666,44929.66653270046,12971356.24331095,4575314554.316443,4575314554.316443,0.0
367,0.0,12715254.816060832,367.0,367,6197.646247446838,4185.875080763091,4197.646247446836,2,2,3185.8750807630913,11.771325151057567,17.648719444131455,17.648719444131455,1.0,2000.0,13752700.0,400000.0,9972700.0,134797755.98667955,134797.75598667955,32000.0,0.0,169731.877178457,725410.2241784098,35519.946598422604,0.0042999720643173665,0.0059993439037674965,17.437024971859604,6.674082831337719,12918382.280912742,52799.340091968275,12971356.24331095,4588285910.559754,4588285910.559754,0.0
368,0.0,12715254.816060832,368.0,368,6209.417754470995,4197.646247446838,4209.417754470993,2,2,3197.646247446838,11.771688897256084,17.648719444131455,17.648719444131455,1.0,2000.0,13752700.0,400000.0,9972700.0,134797755.98667955,134797.75598667955,32000.0,0.0,169741.01736960254,724061.5577656424,36162.9124171903,0.0042999720643173665,0.006001687763707336,17.48764065976414,6.74470873978184,12910556.225157715,60599.61014195344,12971356.24331095,4601257266.803065,4601257266.803065,0.0
369,0.0,12715254.816060832,369.0,369,6221.18964859304,4209.417754470995,4221.189648593038,2,2,3209.4177544709946,11.772099346834626,17.648719444131455,17.648719444131455,1.0,2000.0,13752700.0,400000.0,9972700.0,134797755.98667955,134797.75598667955,32000.0,0.0,169751.50787988314,722712.7820288946,36801.799146588164,0.004299999999996151,0.00599999999999433,17.538257884223743,6.815337806825545,12902747.534836886,68382.57685788919,12971356.24331095,4614228623.046376,4614228623.046376,0.0
370,0.0,12715254.816060832,370.0,370,6232.961976569516,4221.18964859304,4232.961976569514,2,2,3221.18964859304,11.77255660611697,17.648719444131455,17.648719444131455,1.0,2000.0,13752700.0,400000.0,9972700.0,134797755.98667955,134797.75598667955,32000.0,0.0,169763.34571388667,721363.8246428462,37433.63702955145,0.004300109932247083,0.0059993439037674965,17.58887760550452,6.885972065828772,12894920.259867882,76184.0724417434,12971356.24331095,4627199979.289687,4627199979.289687,0.0
371,0.0,12715254.816060832,371.0,371,6244.734784677224,4232.961976569516,4244.734784677222,2,2,3232.961976569516,11.773059609298226,17.648719444131455,17.648719444131455,1.0,2000.0,13752700.0,400000.0,9972700.0,134797755.98667955,134797.75598667955,32000.0,0.0,169776.5340791797,720015.2560534101,38074.54196207181,0.004300109932247083,0.006000000000174414,17.639499909961835,6.956603139416774,12887270.25138036,83808.8917684083,12971356.24331095,4640171335.532998,4640171335.532998,0.0
372,0.0,12715254.816060832,372.0,372,6256.507341195527,4244.734784677224,4256.507341195525,2,2,3244.7347846772236,11.772053427309185,17.648719444131455,17.648719444131455,1.0,2000.0,13752700.0,400000.0,9972700.0,134797755.98667955,134797.75598667955,32000.0,0.0,169791.0423910094,718666.3688819328,60862.137470126574,0.0042999602606170525,0.006002625820563791,17.690123482665708,7.027240208066536,13139554.050987763,-167643.46322434777,12971356.24331095,4653142691.776309,4653142691.776309,0.0
373,0.0,12715254.816060832,373.0,373,6268.277200939239,4256.507341195527,4268.277200939237,2,2,3256.5073411955273,11.767666060114601,17.648719444131455,17.648719444131455,1.0,2000.0,13752700.0,400000.0,9972700.0,134797755.98667955,134797.75598667955,32000.0,0.0,169762.02132189187,717317.3591775284,110503.88359205685,0.0042999602606170525,0.0059993439037674965,17.740745007860284,7.097877047233219,13704601.294560084,-730826.9803009703,12971356.24331095,4666114048.01962,4666114048.01962,0.0
374,0.0,12715254.816060832,374.0,374,6280.040997669486,4268.277200939239,4280.040997669485,2,2,3268.2772009392393,11.75992740037891,17.648719444131455,17.648719444131455,1.0,2000.0,13752700.0,400000.0,9972700.0,134797755.98667955,134797.75598667955,32000.0,0.0,169635.50651540706,715968.7016659107,160134.25813132207,0.0042999602606170525,0.006001687763707336,17.79135493703128,7.168497064877068,14264029.647190485,-1288405.4816015768,12971356.24331095,4679085404.262931,4679085404.262931,0.0
375,0.0,12715254.816060832,375.0,375,6291.795395429693,4280.040997669486,4291.795395429691,2,2,3280.0409976694864,11.748868120033487,17.648719444131455,17.648719444131455,1.0,2000.0,13752700.0,400000.0,9972700.0,134797755.98667955,134797.75598667955,32000.0,0.0,169412.46826617376,714620.9518555055,209739.06655207352,0.0042999602606170525,0.0059993439037674965,17.84193879548532,7.239077544202725,14817244.036910368,-1839782.7857089348,12971356.24331095,4692056760.506242,4692056760.506242,0.0
376,0.0,12715254.816060832,376.0,376,6303.538418788592,4291.795395429693,4303.53841878859,2,2,3291.7953954296927,11.737178597765663,17.648719444131455,17.648719444131455,1.0,2000.0,13752700.0,400000.0,9972700.0,134797755.98667955,134797.75598667955,32000.0,0.0,169093.98007487552,713274.0544682024,221423.64578380535,0.004299999999997355,0.005996065573765143,17.89248432034602,7.309607042497469,14920561.43020121,-1942745.8424921376,12971356.24331095,4705028116.749553,4705028116.749553,0.0
377,0.0,12715254.816060832,377.0,377,6315.269830344154,4303.538418788592,4315.269830344152,2,2,3303.538418788592,11.725644513358919,17.648719444131455,17.648719444131455,1.0,2000.0,13752700.0,400000.0,9972700.0,134797755.98667955,134797.75598667955,32000.0,0.0,168757.6677589142,711928.8443082949,221992.39928831958,0.004299743513267803,0.005996065573765143,17.94297929092936,7.380060953050706,14892753.244775089,-1915017.2788992492,12971356.24331095,4717999472.992864,4717999472.992864,0.0
378,0.0,12715254.816060832,378.0,378,6326.989787431543,4315.269830344154,4326.989787431541,2,2,3315.269830344154,11.714269661418811,17.648719444131455,17.648719444131455,1.0,2000.0,13752700.0,400000.0,9972700.0,134797755.98667955,134797.75598667955,32000.0,0.0,168426.15558573854,710584.3317544579,222489.03996915385,0.004299194001870424,0.005996065573764025,17.99342098285477,7.450451234535273,14864389.734281348,-1886735.7335773888,12971356.24331095,4730970829.236175,4730970829.236175,0.0
379,0.0,12715254.816060832,379.0,379,6338.698451862017,4326.989787431543,4338.698451862015,2,2,3326.989787431543,11.70305919952851,17.648719444131455,17.648719444131455,1.0,2000.0,13752700.0,400000.0,9972700.0,134797755.98667955,134797.75598667955,32000.0,0.0,168099.53928303556,709241.5445347319,222892.58459925847,0.004300313525332089,0.006005911330044791,18.043818516612664,7.5207717589972365,14835245.771208042,-1857676.8405837524,12971356.243310949,4743942185.4794855,4743942185.4794855,0.0
380,0.0,12715254.816060832,380.0,380,6350.395991828377,4338.698451862017,4350.395991828375,2,2,3338.6984518620166,11.692020733193205,17.648719444131455,17.648719444131455,1.0,2000.0,13752700.0,400000.0,9972700.0,134797755.98667955,134797.75598667955,32000.0,0.0,167777.9534188944,707899.7947215432,223168.13665070146,0.004300705496304724,0.00600007290845037,18.09416439582565,7.591025236869674,14804917.071169,-1827437.6827457682,12971356.243310949,4756913541.722796,4756913541.722796,0.0
381,0.0,12715254.816060832,381.0,381,6362.082580055478,4350.395991828377,4362.082580055476,2,2,3350.395991828377,11.681155721006972,17.648719444131455,17.648719444131455,1.0,2000.0,13752700.0,400000.0,9972700.0,134797755.98667955,134797.75598667955,32000.0,0.0,167461.60231113923,706559.6996111441,223401.64451540963,0.004299743513267803,0.006000984413448181,18.14446617234228,7.661210061150563,14774426.777408877,-1797037.9998598897,12971356.243310949,4769884897.966107,4769884897.966107,0.0
382,0.0,12715254.816060832,382.0,382,6373.758390469084,4362.082580055478,4373.758390469082,2,2,3362.0825800554776,11.67046510620531,17.648719444131455,17.648719444131455,1.0,2000.0,13752700.0,400000.0,9972700.0,134797755.98667955,134797.75598667955,32000.0,0.0,167150.51374855704,705220.8073287699,223600.64962208856,0.004299194001870424,0.006001687763707336,18.19471738254155,7.731326472703875,14743859.924828088,-1766562.5398491668,12971356.24331095,4782856254.209418,4782856254.209418,0.0
383,0.0,12715254.816060832,383.0,383,6385.423599596755,4373.758390469084,4385.423599596753,2,2,3373.7583904690837,11.659953149136077,17.648719444131455,17.648719444131455,1.0,2000.0,13752700.0,400000.0,9972700.0,134797755.98667955,134797.75598667955,32000.0,0.0,166844.70084906573,703882.7805295371,223718.0375791643,0.004300705496306328,0.005999536858350439,18.24492213743677,7.801383587743206,14712666.56309524,-1735463.1976640965,12971356.243310949,4795827610.452729,4795827610.452729,0.0
384,0.0,12715254.816060832,384.0,384,6397.078388093257,4385.423599596755,4397.078388093255,2,2,3385.4235995967547,11.649623843867982,17.648719444131455,17.648719444131455,1.0,2000.0,13752700.0,400000.0,9972700.0,134797755.98667955,134797.75598667955,32000.0,0.0,166544.2716140592,702546.3752185396,223756.2440049292,0.004299999999995549,0.005999708383989018,18.295084738264215,7.8713744906253185,14680891.939487135,-1703785.0770930059,12971356.24331095,4808798966.69604,4808798966.69604,0.0
385,0.0,12715254.816060832,385.0,385,6408.722933578052,4397.078388093257,4408.72293357805,2,2,3397.0783880932568,11.639467125723481,17.648719444131455,17.648719444131455,1.0,2000.0,13752700.0,400000.0,9972700.0,134797755.98667955,134797.75598667955,32000.0,0.0,166249.32623693132,701358.7915203715,223767.81334754277,0.0065010664479031675,0.005999578207376047,18.3473908652005,7.941300847059866,14650860.727110418,-1673845.0146892231,12971356.24331095,4821770322.939351,4821770322.939351,0.0
386,0.0,12715254.816060832,386.0,386,6420.357352893823,4408.722933578052,4420.357352893821,2,2,3408.722933578052,11.629371505819314,17.648719444131455,17.648719444131455,1.0,2000.0,13752700.0,400000.0,9972700.0,134797755.98667955,134797.75598667955,32000.0,0.0,165959.5638392271,701751.2999806544,223767.81334754277,0.006500304663692484,0.006002625820563791,18.423083199489184,8.01116951674212,14639315.638468044,-1662329.087353885,12971356.24331095,4834741679.182662,4834741679.182662,0.0
387,0.0,12715254.816060832,387.0,387,6431.981706966772,4420.357352893823,4431.981706966771,2,2,3420.357352893823,11.619336640078684,17.648719444131455,17.648719444131455,1.0,2000.0,13752700.0,400000.0,9972700.0,134797755.98667955,134797.75598667955,32000.0,0.0,165671.79498494367,702143.4031023135,223766.93878115533,0.006500087043850727,0.005996065573765515,18.498707972579982,8.080976639252773,14627853.432827214,-1650895.9309243606,12971356.243310949,4847713035.425973,4847713035.425973,0.0
388,0.0,12715254.816060832,388.0,388,6443.596058159701,4431.981706966772,4443.596058159699,2,2,3431.9817069667724,11.609365745778078,17.648719444131455,17.648719444131455,1.0,2000.0,13752700.0,400000.0,9972700.0,134797755.98667955,134797.75598667955,32000.0,0.0,165386.00534545686,702534.9740370412,223714.59252041383,0.00649993992883302,0.005996065573764025,18.574266084878804,8.150724997051432,14615886.62299531,-1638960.048588534,12971356.24331095,4860684391.669284,4860684391.669284,0.0
389,0.0,12715254.816060832,389.0,389,6455.2004712114385,4443.596058159701,4455.200471211437,2,2,3443.596058159701,11.599460357697609,17.648719444131455,17.648719444131455,1.0,2000.0,13752700.0,400000.0,9972700.0,134797755.98667955,134797.75598667955,32000.0,0.0,165102.2819485756,702926.575082717,223633.76169584508,0.00649993992883302,0.005996065573764025,18.649758669945207,8.220407380860264,14603693.997423917,-1626799.2931175185,12971356.24331095,4873655747.912595,4873655747.912595,0.0
390,0.0,12715254.816060832,390.0,390,6466.795014703055,4455.2004712114385,4466.795014703053,2,2,3455.2004712114385,11.589626625534931,17.648719444131455,17.648719444131455,1.0,2000.0,13752700.0,400000.0,9972700.0,134797755.98667955,134797.75598667955,32000.0,0.0,164820.66372250297,703317.2838594922,223459.3941882721,0.0064999999999940505,0.006000984413448181,18.725183342872352,8.29003509116121,14590516.690579625,-1613657.3863329953,12971356.24331095,4886627104.155906,4886627104.155906,0.0
391,0.0,12715254.816060832,391.0,391,6478.379752134255,4466.795014703055,4478.379752134253,2,2,3466.795014703055,11.579848236863976,17.648719444131455,17.648719444131455,1.0,2000.0,13752700.0,400000.0,9972700.0,134797755.98667955,134797.75598667955,32000.0,0.0,164541.32051615254,703948.7984463461,223269.06864537648,0.006499612287497595,0.0044019256017463915,18.80055236643594,8.356034306121806,14580051.733755818,-1603218.7795094633,12971356.24331095,4899598460.399217,4899598460.399217,0.0
392,0.0,12715254.816060832,392.0,392,6489.954705525914,4478.379752134255,4489.954705525912,2,2,3478.379752134255,11.570058546453115,17.648719444131455,17.648719444131455,1.0,2000.0,13752700.0,400000.0,9972700.0,134797755.98667955,134797.75598667955,32000.0,0.0,164263.78435628212,705588.6520259238,223014.49964947512,0.006501066447903004,0.004399999999996231,18.875853546538945,8.407004909390286,14580560.09923044,-1603716.1757438676,12971356.24331095,4912569816.642528,4912569816.642528,0.0
393,0.0,12715254.816060832,393.0,393,6501.519860412998,4489.954705525914,4501.519860412996,2,2,3489.9547055259136,11.560251227716856,17.648719444131455,17.648719444131455,1.0,2000.0,13752700.0,400000.0,9972700.0,134797755.98667955,134797.75598667955,32000.0,0.0,163986.16209123217,707226.5335889766,222854.84335178664,0.0064981049562622345,0.004397114754094323,18.951087031926207,8.457937076835512,14582102.428641083,-1605243.9595302755,12971356.243310949,4925541172.8858385,4925541172.8858385,0.0
394,0.0,12715254.816060832,394.0,394,6513.075209337954,4501.519860412998,4513.075209337952,2,2,3501.5198604129982,11.55044662219453,17.648719444131455,17.648719444131455,1.0,2000.0,13752700.0,400000.0,9972700.0,134797755.98667955,134797.75598667955,32000.0,0.0,163708.27534871313,708863.5342368074,222409.79610076846,0.006499999999993081,0.004397114754095171,19.02625937268256,8.50882116982619,14580300.790439019,-1603439.1742530407,12971356.24331095,4938512529.129149,4938512529.129149,0.0
395,0.0,12715254.816060832,395.0,395,6524.620773937208,4513.075209337954,4524.620773937206,2,2,3513.075209337954,11.540682576312761,17.648719444131455,17.648719444131455,1.0,2000.0,13752700.0,400000.0,9972700.0,134797755.98667955,134797.75598667955,32000.0,0.0,163430.70103590214,709873.6950703287,222053.3152986053,0.004299743513267803,0.004397114754094535,19.09209254380764,8.559666541990861,14572297.48306992,-1595454.0029046836,12971356.24331095,4951483885.37246,4951483885.37246,0.0
396,0.0,12715254.816060832,396.0,396,6536.156632036697,4524.620773937208,4536.156632036696,2,2,3524.6207739372076,11.531033622666127,17.648719444131455,17.648719444131455,1.0,2000.0,13752700.0,400000.0,9972700.0,134797755.98667955,134797.75598667955,32000.0,0.0,163154.50905083097,709795.9601484464,221718.89164571447,0.0043004341241755,0.004404334975364819,19.141739419692527,8.610466774195565,14552105.656942235,-1575322.3192694436,12971356.243310949,4964455241.615771,4964455241.615771,0.0
397,0.0,12715254.816060832,397.0,397,6547.682895694104,4536.156632036697,4547.682895694103,2,2,3536.1566320366974,11.521493692148695,17.648719444131455,17.648719444131455,1.0,2000.0,13752700.0,400000.0,9972700.0,134797755.98667955,134797.75598667955,32000.0,0.0,162881.8020986445,709718.073731918,221457.95056243805,0.004299529797700088,0.00440072190319543,19.191342177053958,8.661225135609278,14532953.876422163,-1556227.4163411702,12971356.24331095,4977426597.859082,4977426597.859082,0.0
398,0.0,12715254.816060832,398.0,398,6559.199675719478,4547.682895694104,4559.1996757194765,2,2,3547.6828956941044,11.512066358598743,17.648719444131455,17.648719444131455,1.0,2000.0,13752700.0,400000.0,9972700.0,134797755.98667955,134797.75598667955,32000.0,0.0,162612.40070032215,709640.6193679105,221133.2154569183,0.004299898019688361,0.004399999999996231,19.240906588827492,8.71193874105359,14513261.821739174,-1536594.3989191405,12971356.24331095,4990397954.102393,4990397954.102393,0.0
399,0.0,12715254.816060832,399.0,399,6570.707084235494,4559.199675719478,4570.707084235492,2,2,3559.1996757194784,11.502750673433276,17.648719444131455,17.648719444131455,1.0,2000.0,13752700.0,400000.0,9972700.0,134797755.98667955,134797.75598667955,32000.0,0.0,162346.3980098566,709562.7404707359,220809.496851357,0.004299898019688361,0.004399999999996887,19.290427568451783,8.762615213165194,14493769.647521745,-1517160.8748654828,12971356.24331095,5003369310.345704,5003369310.345704,0.0
400,0.0,12715254.816060832,400.0,400,6582.2052326007615,4570.707084235494,4582.20523260076,2,2,3570.707084235494,11.493546057100847,17.648719444131455,17.648719444131455,1.0,2000.0,13752700.0,400000.0,9972700.0,134797755.98667955,134797.75598667955,32000.0,0.0,162083.75949258287,709485.2867779671,220480.76412477478,0.0042999999999960145,0.004399999999996887,19.339908342210634,8.813245170635627,14474416.087515663,-1497865.783253605,12971356.24331095,5016340666.589015,5016340666.589015,0.0
401,0.0,12715254.816060832,401.0,401,6593.694231215598,4582.2052326007615,4593.694231215596,2,2,3582.2052326007615,11.48445117257121,17.648719444131455,17.648719444131455,1.0,2000.0,13752700.0,400000.0,9972700.0,134797755.98667955,134797.75598667955,32000.0,0.0,161824.46118420557,709407.6719260596,220158.43060022732,0.0042999999999960145,0.004399999999996231,19.389350380181238,8.86383878344276,14455323.862203682,-1478831.4140601724,12971356.243310949,5029312022.832326,5029312022.832326,0.0
402,0.0,12715254.816060832,402.0,402,6605.17418810171,4593.694231215598,4605.174188101708,2,2,3593.694231215598,11.475462599651497,17.648719444131455,17.648719444131455,1.0,2000.0,13752700.0,400000.0,9972700.0,134797755.98667955,134797.75598667955,32000.0,0.0,161568.45795058602,709330.355986494,219871.8527551682,0.0042999999999960145,0.004399999999996231,19.438753074224987,8.914388617347997,14436831.27368915,-1460394.8874015552,12971356.24331095,5042283379.075637,5042283379.075637,0.0
403,0.0,12715254.816060832,403.0,403,6616.645206751258,4605.17418810171,4616.645206751256,2,2,3605.1741881017097,11.46657469944543,17.648719444131455,17.648719444131455,1.0,2000.0,13752700.0,400000.0,9972700.0,134797755.98667955,134797.75598667955,32000.0,0.0,161315.64629810036,709253.0159560698,219653.36813125885,0.004299884050160054,0.004399999999996231,19.48811826722526,8.964901307646842,14419297.412325883,-1442914.0304468973,12971356.243310949,5055254735.318948,5055254735.318948,0.0
404,0.0,12715254.816060832,404.0,404,6628.107388127684,4616.645206751258,4628.1073881276825,2,2,3616.6452067512582,11.457788053406574,17.648719444131455,17.648719444131455,1.0,2000.0,13752700.0,400000.0,9972700.0,134797755.98667955,134797.75598667955,32000.0,0.0,161065.8607890035,709175.5509394121,219415.10788545883,0.004299884050160054,0.004397114754094535,19.53744231735554,9.015374709501723,14401706.798119493,-1425376.87597021,12971356.24331095,5068226091.562259,5068226091.562259,0.0
405,0.0,12715254.816060832,405.0,405,6639.560831567801,4628.107388127684,4639.560831567799,2,2,3628.1073881276843,11.449098826826496,17.648719444131455,17.648719444131455,1.0,2000.0,13752700.0,400000.0,9972700.0,134797755.98667955,134797.75598667955,32000.0,0.0,160819.11116906337,709098.3558590878,219219.50451224638,0.00429999999999616,0.004399999999996887,19.58672964894704,9.065807387761037,14384777.36620955,-1408498.8554278286,12971356.24331095,5081197447.80557,5081197447.80557,0.0
406,0.0,12715254.816060832,406.0,406,6651.005635796402,4639.560831567801,4651.0056357964,2,2,3639.560831567801,11.440509630376644,17.648719444131455,17.648719444131455,1.0,2000.0,13752700.0,400000.0,9972700.0,134797755.98667955,134797.75598667955,32000.0,0.0,160575.2833343888,709021.0537591876,218975.52993244946,0.004299529797698728,0.004399999999996231,19.635979625561713,9.116204298897499,14367459.56991377,-1391234.071185195,12971356.24331095,5094168804.048881,5094168804.048881,0.0
407,0.0,12715254.816060832,407.0,407,6662.441902567854,4651.005635796402,4662.441902567853,2,2,3651.005635796402,11.432023912527088,17.648719444131455,17.648719444131455,1.0,2000.0,13752700.0,400000.0,9972700.0,134797755.98667955,134797.75598667955,32000.0,0.0,160334.4442383574,708944.1541345237,218670.366586575,0.0043004341241755,0.004399175257727992,19.68519361757066,9.166559253886147,14349618.231344478,-1373447.8243276968,12971356.24331095,5107140160.2921915,5107140160.2921915,0.0
408,0.0,12715254.816060832,408.0,408,6673.869735872591,4662.441902567854,4673.869735872589,2,2,3662.4419025678544,11.423642696947507,17.648719444131455,17.648719444131455,1.0,2000.0,13752700.0,400000.0,9972700.0,134797755.98667955,134797.75598667955,32000.0,0.0,160096.68415232416,708866.8372401675,218338.91676075844,0.004299529797698728,0.004399999999996887,19.7343682209544,9.216881011297641,14331647.966069799,-1355533.3573267614,12971356.24331095,5120111516.535502,5120111516.535502,0.0
409,0.0,12715254.816060832,409.0,409,6685.289243046337,4673.869735872591,4685.289243046335,2,2,3673.8697358725913,11.41537165054367,17.648719444131455,17.648719444131455,1.0,2000.0,13752700.0,400000.0,9972700.0,134797755.98667955,134797.75598667955,32000.0,0.0,159862.02527271459,708790.1393760635,217913.80054941738,0.004299999999997355,0.004397114754095171,19.78350946425014,9.267160224043135,14312796.005383143,-1336740.5419022182,12971356.24331095,5133082872.778813,5133082872.778813,0.0
410,0.0,12715254.816060832,410.0,410,6696.700534167848,4685.289243046337,4696.700534167846,2,2,3685.289243046337,11.407210592476817,17.648719444131455,17.648719444131455,1.0,2000.0,13752700.0,400000.0,9972700.0,134797755.98667955,134797.75598667955,32000.0,0.0,159630.61965204426,708712.9643006626,217478.69650972582,0.004297180327866014,0.004399999999996887,19.832612619756176,9.317408429403093,14294011.900557593,-1318015.6100306464,12971356.24331095,5146054229.022124,5146054229.022124,0.0
411,0.0,12715254.816060832,411.0,411,6708.103718139802,4696.700534167848,4708.103718139801,2,2,3696.7005341678478,11.399157351432065,17.648719444131455,17.648719444131455,1.0,2000.0,13752700.0,400000.0,9972700.0,134797755.98667955,134797.75598667955,32000.0,0.0,159402.45553886623,708636.3561594208,217060.91509239093,0.004297180327870528,0.004397114754093899,19.88168337292172,9.367615820796493,14275617.310136875,-1299679.0852246783,12971356.24331095,5159025585.265435,5159025585.265435,0.0
412,0.0,12715254.816060832,412.0,412,6719.498902557442,4708.103718139802,4719.4989025574405,2,2,3708.1037181398024,11.391211483847195,17.648719444131455,17.648719444131455,1.0,2000.0,13752700.0,400000.0,9972700.0,134797755.98667955,134797.75598667955,32000.0,0.0,159177.46569531693,708559.1638552102,216637.22343840558,0.004297180327864121,0.004399175257727992,19.93071499102334,9.417792744376614,14257331.222392002,-1281450.9352928537,12971356.24331095,5171996941.508746,5171996941.508746,0.0
413,0.0,12715254.816060832,413.0,413,6730.886192687766,4719.498902557442,4730.886192687764,2,2,3719.4989025574423,11.383368776799829,17.648719444131455,17.648719444131455,1.0,2000.0,13752700.0,400000.0,9972700.0,134797755.98667955,134797.75598667955,32000.0,0.0,158955.63136042198,708482.6194169371,216260.13406675792,0.004299743513267803,0.00440072190319543,19.979715812836172,9.467929259253664,14239762.362490172,-1263937.7342477387,12971356.24331095,5184968297.752057,5184968297.752057,0.0
414,0.0,12715254.816060832,414.0,414,6742.26568910463,4730.886192687766,4742.265689104628,2,2,3730.886192687766,11.375624056926833,17.648719444131455,17.648719444131455,1.0,2000.0,13752700.0,400000.0,9972700.0,134797755.98667955,134797.75598667955,32000.0,0.0,158736.828768061,708405.6831352654,215944.88144267484,0.004299823662083117,0.004399737548460412,20.028680473630963,9.518035426909732,14223063.57832193,-1247291.774160376,12971356.243310949,5197939653.995368,5197939653.995368,0.0
415,0.0,12715254.816060832,415.0,415,6753.637486049895,4742.26568910463,4753.637486049894,2,2,3742.26568910463,11.367969833604015,17.648719444131455,17.648719444131455,1.0,2000.0,13752700.0,400000.0,9972700.0,134797755.98667955,134797.75598667955,32000.0,0.0,158520.90778855231,708329.1528377495,215724.32730458316,0.004300082987547879,0.004397114754093899,20.077612512748463,9.568102949284437,14207606.329701472,-1231883.1827594654,12971356.24331095,5210911010.238679,5210911010.238679,0.0
416,0.0,12715254.816060832,416.0,416,6765.001653037876,4753.637486049895,4765.001653037874,2,2,3753.6374860498954,11.360364142357906,17.648719444131455,17.648719444131455,1.0,2000.0,13752700.0,400000.0,9972700.0,134797755.98667955,134797.75598667955,32000.0,0.0,158307.65421872036,708821.614640349,215522.18096667697,0.006795540983603518,0.004400320816619653,20.134956391494313,9.618140151461454,14198949.417852597,-1223251.054456767,12971356.243310949,5223882366.48199,5223882366.48199,0.0
417,0.0,12715254.816060832,417.0,417,6776.3581898715665,4765.001653037876,4776.358189871565,2,2,3765.001653037876,11.35270952502211,17.648719444131455,17.648719444131455,1.0,2000.0,13752700.0,400000.0,9972700.0,134797755.98667955,134797.75598667955,32000.0,0.0,158095.8949725398,710659.8049202124,215358.0556647912,0.0068029759299732115,0.0044010501193280606,20.21223272058549,9.66814317371739,14206022.65653881,-1230293.414511102,12971356.243310949,5236853722.725301,5236853722.725301,0.0
418,0.0,12715254.816060832,418.0,418,6787.70706627268,4776.3581898715665,4787.707066272678,2,2,3776.3581898715665,11.345043277204375,17.648719444131455,17.648719444131455,1.0,2000.0,13752700.0,400000.0,9972700.0,134797755.98667955,134797.75598667955,32000.0,0.0,157882.9166104215,711881.9124424087,215285.60968064948,0.006800131236132369,0.005905812807876017,20.289454876141953,9.72723286834005,14207070.43483583,-1231331.5889614986,12971356.243310949,5249825078.968612,5249825078.968612,0.0
419,0.0,12715254.816060832,419.0,419,6799.048288439723,4787.70706627268,4799.048288439722,2,2,3787.70706627268,11.337401056882694,17.648719444131455,17.648719444131455,1.0,2000.0,13752700.0,400000.0,9972700.0,134797755.98667955,134797.75598667955,32000.0,0.0,157669.75852800923,712570.5422327332,215240.78387869807,0.006800131236132369,0.005899648076344657,20.36662872505217,9.794189487960596,14202372.546628531,-1226644.4917452103,12971356.24331095,5262796435.211923,5262796435.211923,0.0
420,0.0,12715254.816060832,420.0,420,6810.381879061242,4799.048288439723,4810.38187906124,2,2,3799.0482884397234,11.329780186154332,17.648719444131455,17.648719444131455,1.0,2000.0,13752700.0,400000.0,9972700.0,134797755.98667955,134797.75598667955,32000.0,0.0,157457.41183764092,713258.6244739919,215232.47609166623,0.006800131236132369,0.005899999999994623,20.443750524166198,9.861102181793575,14198113.358566975,-1222394.5844972776,12971356.24331095,5275767791.455234,5275767791.455234,0.0
421,0.0,12715254.816060832,421.0,421,6821.707859361193,4810.381879061242,4821.707859361191,2,2,3810.381879061242,11.322180413747638,17.648719444131455,17.648719444131455,1.0,2000.0,13752700.0,400000.0,9972700.0,134797755.98667955,134797.75598667955,32000.0,0.0,157245.80085655474,713946.0266259774,215226.56997582738,0.006799999999993899,0.005899758047974974,20.520817017614142,9.927969660473744,14193901.46549886,-1218191.8489129622,12971356.24331095,5288739147.6985445,5288739147.6985445,0.0
422,0.0,12715254.816060832,422.0,422,6833.026250195691,4821.707859361193,4833.0262501956895,2,2,3821.707859361193,11.314601255247728,17.648719444131455,17.648719444131455,1.0,2000.0,13752700.0,400000.0,9972700.0,134797755.98667955,134797.75598667955,32000.0,0.0,157034.91741877704,714633.1100757291,215226.0544853149,0.006800495807503919,0.005900087987467645,20.59783480361317,9.994793160303505,14189774.208124595,-1214073.4915657954,12971356.24331095,5301710503.941855,5301710503.941855,0.0
423,0.0,12715254.816060832,423.0,423,6844.337072172473,4833.026250195691,4844.337072172471,2,2,3833.0262501956913,11.30704269831616,17.648719444131455,17.648719444131455,1.0,2000.0,13752700.0,400000.0,9972700.0,134797755.98667955,134797.75598667955,32000.0,0.0,156824.7469174355,715319.6454139132,215224.4874105131,0.0067995943930745295,0.005900006204159199,20.67479879760614,10.06157100048169,14185655.54594506,-1209963.7421669676,12971356.24331095,5314681860.185166,5314681860.185166,0.0
424,0.0,12715254.816060832,424.0,424,6855.640345693813,4844.337072172473,4855.6403456938115,2,2,3844.337072172473,11.299504344364031,17.648719444131455,17.648719444131455,1.0,2000.0,13752700.0,400000.0,9972700.0,134797755.98667955,134797.75598667955,32000.0,0.0,156615.28786239235,716005.9284607993,215227.07508046535,0.006800787492755957,0.005900006204159199,20.751715128001432,10.128304920318843,14181607.4461212,-1205924.3460022844,12971356.24331095,5327653216.428477,5327653216.428477,0.0
425,0.0,12715254.816060832,425.0,425,6866.936090725617,4855.640345693813,4866.936090725615,2,2,3855.6403456938133,11.29198571924321,17.648719444131455,17.648719444131455,1.0,2000.0,13752700.0,400000.0,9972700.0,134797755.98667955,134797.75598667955,32000.0,0.0,156406.52807466948,716691.387591284,215235.51273592928,0.006799721140039214,0.005900006204159199,20.828574697980333,10.194994304222057,14177641.840318896,-1201967.1906918096,12971356.243310949,5340624572.671788,5340624572.671788,0.0
426,0.0,12715254.816060832,426.0,426,6878.224326637113,4866.936090725617,4878.2243266371115,2,2,3866.936090725617,11.284486103749188,17.648719444131455,17.648719444131455,1.0,2000.0,13752700.0,400000.0,9972700.0,134797755.98667955,134797.75598667955,32000.0,0.0,156198.4533174009,717376.7046968329,215252.6682146629,0.006799256424269418,0.005900006204159199,20.90538774259429,10.2616392699903,14173797.78855919,-1198131.194587772,12971356.24331095,5353595928.915099,5353595928.915099,0.0
427,0.0,12715254.816060832,427.0,427,6889.505071989512,4878.224326637113,4889.50507198951,2,2,3878.2243266371133,11.277004601046768,17.648719444131455,17.648719444131455,1.0,2000.0,13752700.0,400000.0,9972700.0,134797755.98667955,134797.75598667955,32000.0,0.0,155991.04261649295,718061.403697269,215281.63830961628,0.006801912798867284,0.005900006204159199,20.982147312500175,10.328239931902141,14170103.422961026,-1194444.3864783144,12971356.24331095,5366567285.15841,5366567285.15841,0.0
428,0.0,12715254.816060832,428.0,428,6900.778344635926,4889.505071989512,4900.778344635924,2,2,3889.5050719895116,11.269540691782748,17.648719444131455,17.648719444131455,1.0,2000.0,13752700.0,400000.0,9972700.0,134797755.98667955,134797.75598667955,32000.0,0.0,155784.2701457367,718745.5676116246,215317.0711481541,0.006799594393074991,0.005900006204159199,21.058854748966127,10.39479639946883,14166497.92699222,-1190846.1658479592,12971356.243310949,5379538641.401721,5379538641.401721,0.0
429,0.0,12715254.816060832,429.0,429,6912.044160962227,4900.778344635926,4912.044160962225,2,2,3900.7783446359263,11.26209196081773,17.648719444131455,17.648719444131455,1.0,2000.0,13752700.0,400000.0,9972700.0,134797755.98667955,134797.75598667955,32000.0,0.0,155578.12056959028,719429.642165633,215385.6086993617,0.00680018591938072,0.005900006204159199,21.13551677057717,10.461308778023856,14163284.328582285,-1187638.4673545824,12971356.24331095,5392509997.645032,5392509997.645032,0.0
430,0.0,12715254.816060832,430.0,430,6923.302539439237,4912.044160962227,4923.302539439235,2,2,3912.0441609622267,11.254664993203598,17.648719444131455,17.648719444131455,1.0,2000.0,13752700.0,400000.0,9972700.0,134797755.98667955,134797.75598667955,32000.0,0.0,155372.52628404627,720015.2537696686,215457.63665125734,0.005099999999995181,0.005900006204159199,21.21067390090504,10.527777164243947,14159022.8271911,-1183386.6767132964,12971356.24331095,5405481353.888343,5405481353.888343,0.0
431,0.0,12715254.816060832,431.0,431,6934.553541330067,4923.302539439237,4934.553541330065,2,2,3923.302539439237,11.24733878845658,17.648719444131455,17.648719444131455,1.0,2000.0,13752700.0,400000.0,9972700.0,134797755.98667955,134797.75598667955,32000.0,0.0,155167.66803382212,719408.2551625783,215594.153972168,0.005100239043820308,0.005900006204159199,21.26809233979259,10.594201667107079,14142147.467542294,-1166566.6332648753,12971356.24331095,5418452710.131654,5418452710.131654,0.0
432,0.0,12715254.816060832,432.0,432,6945.797265867727,4934.553541330067,4945.797265867725,2,2,3934.5535413300668,11.240110286865233,17.648719444131455,17.648719444131455,1.0,2000.0,13752700.0,400000.0,9972700.0,134797755.98667955,134797.75598667955,32000.0,0.0,154965.7215323419,718801.7229696955,215761.54366545,0.005099044048729302,0.005900006204159199,21.325474176983214,10.660582648065981,14125791.840565842,-1150264.6653488006,12971356.24331095,5431424066.374965,5431424066.374965,0.0
433,0.0,12715254.816060832,433.0,433,6957.033810604937,4945.797265867727,4957.033810604935,2,2,3945.797265867727,11.232979187553346,17.648719444131455,17.648719444131455,1.0,2000.0,13752700.0,400000.0,9972700.0,134797755.98667955,134797.75598667955,32000.0,0.0,154766.5970945947,718195.3712830017,215921.13045774432,0.005099999999995435,0.005900006204159199,21.38281575592294,10.726920692596035,14109514.100864833,-1134040.5157501104,12971356.243310949,5444395422.618276,5444395422.618276,0.0
434,0.0,12715254.816060832,434.0,434,6968.263268961902,4957.033810604937,4968.2632689619,2,2,3957.0338106049367,11.225937526376887,17.648719444131455,17.648719444131455,1.0,2000.0,13752700.0,400000.0,9972700.0,134797755.98667955,134797.75598667955,32000.0,0.0,154570.28124930811,717589.5128250477,216181.85444092454,0.005100371855627939,0.005900006204159199,21.440122292051107,10.793216376258883,14094535.675040754,-1119111.1792808266,12971356.24331095,5457366778.861587,5457366778.861587,0.0
435,0.0,12715254.816060832,435.0,435,6979.481934608608,4968.263268961902,4979.481934608606,2,2,3968.263268961902,11.21139376703436,17.648719444131455,17.648719444131455,1.0,2000.0,13752700.0,400000.0,9972700.0,134797755.98667955,134797.75598667955,32000.0,0.0,154376.5498489931,716984.1526612535,324654.8154999709,0.005099999999995174,0.005900006204159199,21.49739441170337,10.859470250234327,15288946.459863408,-2309176.7985838214,12971356.243310949,5470338135.1048975,5470338135.1048975,0.0
436,0.0,12715254.816060832,436.0,436,6990.683365875578,4979.481934608608,4990.683365875576,2,2,3979.481934608608,11.191468766905798,17.648719444131455,17.648719444131455,1.0,2000.0,13752700.0,400000.0,9972700.0,134797755.98667955,134797.75598667955,32000.0,0.0,153976.80399438372,716379.2565555184,403878.4007189533,0.005100019801595674,0.005900006204159199,21.554609739547168,10.925660447152278,16141623.335077368,-3158720.1590001616,12971356.24331095,5483309491.348208,5483309491.348208,0.0
437,0.0,12715254.816060832,437.0,437,7001.864973457025,4990.683365875578,5001.864973457024,2,2,3990.6833658755777,11.171746395988825,17.648719444131455,17.648719444131455,1.0,2000.0,13752700.0,400000.0,9972700.0,134797755.98667955,134797.75598667955,32000.0,0.0,153429.99212176926,715775.2957016414,404207.56775278033,0.005100019801595674,0.005900006204159199,21.611737260814927,10.991748961122864,16103869.89313226,-3121063.967289074,12971356.24331095,5496280847.591519,5496280847.591519,0.0
438,0.0,12715254.816060832,438.0,438,7013.02695924914,5001.864973457025,5013.026959249139,2,2,4001.8649734570254,11.152225188240704,17.648719444131455,17.648719444131455,1.0,2000.0,13752700.0,400000.0,9972700.0,134797755.98667955,134797.75598667955,32000.0,0.0,152889.6989819544,715172.4037049264,404536.15224464395,0.005100019801595674,0.005900006204159199,21.66876368089398,11.057720515225878,16066517.823095664,-3083808.8436391465,12971356.243310949,5509252203.83483,5509252203.83483,0.0
439,0.0,12715254.816060832,439.0,439,7024.16952368366,5013.02695924914,5024.169523683659,2,2,4013.0269592491404,11.132903680799268,17.648719444131455,17.648719444131455,1.0,2000.0,13752700.0,400000.0,9972700.0,134797755.98667955,134797.75598667955,32000.0,0.0,152355.85514530726,714570.5696794974,404864.1601274977,0.005100019801595674,0.005900006204159199,21.7256900294589,11.123576300650093,16029563.283661813,-3046950.9402637132,12971356.24331095,5522223560.078141,5522223560.078141,0.0
440,0.0,12715254.816060832,440.0,440,7035.292865771615,5024.16952368366,5035.292865771613,2,2,4024.1695236836604,11.113780495109802,17.648719444131455,17.648719444131455,1.0,2000.0,13752700.0,400000.0,9972700.0,134797755.98667955,134797.75598667955,32000.0,0.0,151828.3918482935,713969.8097679006,405190.41496741155,0.005100019801595674,0.005899924091342267,21.782517328715507,11.189317100093694,15992989.671498533,-3010473.6948188543,12971356.24331095,5535194916.321452,5535194916.321452,0.0
441,0.0,12715254.816060832,441.0,441,7046.397183894486,5035.292865771615,5046.397183894484,2,2,4035.2928657716147,11.094855750634068,17.648719444131455,17.648719444131455,1.0,2000.0,13752700.0,400000.0,9972700.0,134797755.98667955,134797.75598667955,32000.0,0.0,151307.24319451678,713370.1475331831,405493.5666202348,0.00509996420926993,0.005900968006668046,21.83924598105962,11.25494296634657,15956557.725481523,-2974138.715428875,12971356.243310947,5548166272.564763,5548166272.564763,0.0
442,0.0,12715254.816060832,442.0,442,7057.482675686893,5046.397183894486,5057.4826756868915,2,2,4046.3971838944863,11.07612783417966,17.648719444131455,17.648719444131455,1.0,2000.0,13752700.0,400000.0,9972700.0,134797755.98667955,134797.75598667955,32000.0,0.0,150792.38455603787,712771.1488349955,405798.5873906171,0.00509996420926993,0.005896131147535702,21.89587760605461,11.320461960330805,15920538.526499376,-2938216.0646838835,12971356.24331095,5561137628.808074,5561137628.808074,0.0
443,0.0,12715254.816060832,443.0,443,7068.549537233584,5057.482675686893,5068.549537233582,2,2,4057.4826756868933,11.057595259200951,17.648719444131455,17.648719444131455,1.0,2000.0,13752700.0,400000.0,9972700.0,134797755.98667955,134797.75598667955,32000.0,0.0,150283.74455388452,712173.459874065,406103.0910268757,0.00509996420926993,0.005899851104095779,21.952413217438043,11.385865508076463,15884908.825230315,-2902682.5588030224,12971356.24331095,5574108985.051385,5574108985.051385,0.0
444,0.0,12715254.816060832,444.0,444,7079.597963147127,5068.549537233584,5079.5979631471255,2,2,4068.5495372335836,11.039256567887357,17.648719444131455,17.648719444131455,1.0,2000.0,13752700.0,400000.0,9972700.0,134797755.98667955,134797.75598667955,32000.0,0.0,149781.2558224716,711576.7162785976,406407.08291519637,0.00509996420926993,0.005900968006558575,22.00885381523511,11.451160015808446,15849660.935691683,-2867530.520379198,12971356.24331095,5587080341.294696,5587080341.294696,0.0
445,0.0,12715254.816060832,445.0,445,7090.628146579192,5079.597963147127,5090.62814657919,2,2,4079.5979631471273,11.021110296240792,17.648719444131455,17.648719444131455,1.0,2000.0,13752700.0,400000.0,9972700.0,134797755.98667955,134797.75598667955,32000.0,0.0,149284.85232526407,710981.049683074,406710.5684013263,0.00509996420926993,0.005899544577377682,22.065200391962954,11.516344522977542,15814792.717317438,-2832757.797009079,12971356.24331095,5600051697.538007,5600051697.538007,0.0
446,0.0,12715254.816060832,446.0,446,7101.640279225101,5090.628146579192,5101.640279225099,2,2,4090.6281465791917,11.003154995578742,17.648719444131455,17.648719444131455,1.0,2000.0,13752700.0,400000.0,9972700.0,134797755.98667955,134797.75598667955,32000.0,0.0,148794.46839833338,710386.2878208641,407013.55279088346,0.00509996420926993,0.005902582056887339,22.121453932688162,11.581422570577606,15780298.700280476,-2798358.9197278176,12971356.24331095,5613023053.781318,5613023053.781318,0.0
447,0.0,12715254.816060832,447.0,447,7112.63455133085,5101.640279225101,5112.634551330848,2,2,4101.640279225101,10.9853892159188,17.648719444131455,17.648719444131455,1.0,2000.0,13752700.0,400000.0,9972700.0,134797755.98667955,134797.75598667955,32000.0,0.0,148310.03932449353,709792.495192974,407316.04134948185,0.00509996420926993,0.0058997580479744245,22.177615415050035,11.64639417924379,15746176.066696178,-2764331.0617956812,12971356.24331095,5625994410.024629,5625994410.024629,0.0
448,0.0,12715254.816060832,448.0,448,7123.611151692668,5112.63455133085,5123.611151692666,2,2,4112.63455133085,10.967811507717162,17.648719444131455,17.648719444131455,1.0,2000.0,13752700.0,400000.0,9972700.0,134797755.98667955,134797.75598667955,32000.0,0.0,147831.50087590073,709199.7135854559,407618.03930292506,0.00509996420926993,0.005896131147535702,22.233685809296325,11.711259699242422,15712421.76515567,-2730671.164006619,12971356.24331095,5638965766.26794,5638965766.26794,0.0
449,0.0,12715254.816060832,449.0,449,7134.570267662478,5123.611151692668,5134.570267662476,2,2,4123.611151692668,10.950420431903163,17.648719444131455,17.648719444131455,1.0,2000.0,13752700.0,400000.0,9972700.0,134797755.98667955,134797.75598667955,32000.0,0.0,147358.78935429594,708607.8435337464,407919.55183719256,0.00509996420926993,0.005899713244223116,22.28966607828106,11.776021569187455,15679031.222406879,-2697374.6513030645,12971356.24331095,5651937122.5112505,5651937122.5112505,0.0
450,0.0,12715254.816060832,450.0,450,7145.512085154608,5134.570267662478,5145.512085154606,2,2,4134.570267662478,10.933214552357754,17.648719444131455,17.648719444131455,1.0,2000.0,13752700.0,400000.0,9972700.0,134797755.98667955,134797.75598667955,32000.0,0.0,146891.84185341676,708016.8933264954,408220.58409859135,0.00509996420926993,0.005900595658786922,22.345557177492328,11.840680621587936,15646001.084607527,-2664438.1636541095,12971356.24331095,5664908478.754561,5664908478.754561,0.0
451,0.0,12715254.816060832,451.0,451,7156.436788235039,5145.512085154608,5156.436788235037,2,2,4145.512085154608,10.916191608503151,17.648719444131455,17.648719444131455,1.0,2000.0,13752700.0,400000.0,9972700.0,134797755.98667955,134797.75598667955,32000.0,0.0,146430.596048662,707426.844720312,408532.96939281555,0.005100034235082145,0.005899999999999158,22.40136056221945,11.90523858241114,15613456.36123693,-2631986.212043457,12971356.24331095,5677879834.997872,5677879834.997872,0.0
452,0.0,12715254.816060832,452.0,452,7167.344558914552,5156.436788235039,5167.34455891455,2,2,4156.436788235039,10.899349750522708,17.648719444131455,17.648719444131455,1.0,2000.0,13752700.0,400000.0,9972700.0,134797755.98667955,134797.75598667955,32000.0,0.0,145974.96806110442,706837.8197440145,408850.8992449495,0.005100034235082145,0.005899999999999158,22.457076921937755,11.969694330585673,15581329.845170971,-2599951.823283128,12971356.24331095,5690851191.241183,5690851191.241183,0.0
453,0.0,12715254.816060832,453.0,453,7178.235577573794,5167.344558914552,5178.235577573792,2,2,4167.344558914552,10.882687567961083,17.648719444131455,17.648719444131455,1.0,2000.0,13752700.0,400000.0,9972700.0,134797755.98667955,134797.75598667955,32000.0,0.0,145524.8856056688,706249.7077085057,409168.33633168007,0.005100034235082145,0.005899999999999158,22.512706925831697,12.034050177594793,15549550.447782746,-2568264.1617114446,12971356.24331095,5703822547.484494,5703822547.484494,0.0
454,0.0,12715254.816060832,454.0,454,7189.110023185223,5178.235577573794,5189.1100231852215,2,2,4178.235577573794,10.866203654897541,17.648719444131455,17.648719444131455,1.0,2000.0,13752700.0,400000.0,9972700.0,134797755.98667955,134797.75598667955,32000.0,0.0,145080.28865977202,705662.4988882394,409485.2859024307,0.005100034235082145,0.005899999999999158,22.56825149384875,12.098307187684311,15518114.768318783,-2536919.821656588,12971356.243310947,5716793903.727805,5716793903.727805,0.0
455,0.0,12715254.816060832,455.0,455,7199.9680733176865,5189.110023185223,5199.968073317685,2,2,4189.110023185223,10.849896610029695,17.648719444131455,17.648719444131455,1.0,2000.0,13752700.0,400000.0,9972700.0,134797755.98667955,134797.75598667955,32000.0,0.0,144641.11779039315,705076.1836335945,409801.75316564384,0.005100034235082145,0.005899999999999158,22.623711538754577,12.162466416791734,15487019.434013199,-2505915.4255456896,12971356.24331095,5729765259.971116,5729765259.971116,0.0
456,0.0,12715254.816060832,456.0,456,7210.80990414108,5199.9680733176865,5210.809904141078,2,2,4199.9680733176865,10.833765036756366,17.648719444131455,17.648719444131455,1.0,2000.0,13752700.0,400000.0,9972700.0,134797755.98667955,134797.75598667955,32000.0,0.0,144207.314149209,704490.7523706277,410117.7432889142,0.005100034235082145,0.005899999999999158,22.679087966156377,12.226528912573258,15456261.099888148,-2475247.623704615,12971356.24331095,5742736616.214427,5742736616.214427,0.0
457,0.0,12715254.816060832,457.0,457,7221.635690563457,5210.80990414108,5221.635690563455,2,2,4210.80990414108,10.817807807997934,17.648719444131455,17.648719444131455,1.0,2000.0,13752700.0,400000.0,9972700.0,134797755.98667955,134797.75598667955,32000.0,0.0,143778.81946776473,703906.117674853,410429.5632173431,0.005100034235082145,0.00590011386663574,22.734381674526652,12.29049687062218,15425795.75783625,-2444872.5623962767,12971356.24331095,5755707972.457738,5755707972.457738,0.0
458,0.0,12715254.816060832,458.0,458,7232.445606252915,5221.635690563457,5232.445606252913,2,2,4221.635690563457,10.802023570919733,17.648719444131455,17.648719444131455,1.0,2000.0,13752700.0,400000.0,9972700.0,134797755.98667955,134797.75598667955,32000.0,0.0,143355.5830692068,703322.3696493045,410740.3713275468,0.005100034235082145,0.005898548585481183,22.78959355590246,12.354369846113025,15395655.748725448,-2414822.44026908,12971356.24331095,5768679328.701049,5768679328.701049,0.0
459,0.0,12715254.816060832,459.0,459,7243.2398236060635,5232.445606252915,5243.239823606062,2,2,4232.445606252915,10.78641113537659,17.648719444131455,17.648719444131455,1.0,2000.0,13752700.0,400000.0,9972700.0,134797755.98667955,134797.75598667955,32000.0,0.0,142937.54870271424,702739.6119811127,411047.8045562493,0.005100034235082145,0.005896131147540573,22.844724495997053,12.418147186348722,15365813.660066541,-2385069.9355667755,12971356.24331095,5781650684.94436,5781650684.94436,0.0
460,0.0,12715254.816060832,460.0,460,7254.018513874145,5243.2398236060635,5254.0185138741435,2,2,4243.2398236060635,10.770969400786887,17.648719444131455,17.648719444131455,1.0,2000.0,13752700.0,400000.0,9972700.0,134797755.98667955,134797.75598667955,32000.0,0.0,142524.6648471857,702157.6744473609,411350.7959729021,0.005100034235082145,0.005899354838703583,22.899775374039027,12.481832296162468,15336253.480686938,-2355599.0844928543,12971356.243310949,5794622041.187671,5794622041.187671,0.0
461,0.0,12715254.816060832,461.0,461,7264.78184861184,5254.018513874145,5264.7818486118385,2,2,4254.018513874145,10.755700074603414,17.648719444131455,17.648719444131455,1.0,2000.0,13752700.0,400000.0,9972700.0,134797755.98667955,134797.75598667955,32000.0,0.0,142116.8827450421,701576.4513935654,411609.4246820834,0.005100034235082145,0.005901408114553548,22.95474706341559,12.545427616541506,15306543.87152033,-2325980.237330731,12971356.24331095,5807593397.430982,5807593397.430982,0.0
462,0.0,12715254.816060832,462.0,462,7275.530002905445,5264.78184861184,5275.530002905443,2,2,4264.78184861184,10.740608512605364,17.648719444131455,17.648719444131455,1.0,2000.0,13752700.0,400000.0,9972700.0,134797755.98667955,134797.75598667955,32000.0,0.0,141714.22801615926,700996.2151386664,411771.01319564047,0.005099999999995175,0.005896131147540573,23.009640187918066,12.608929730869544,15276128.26849216,-2295659.0393240675,12971356.24331095,5820564753.674293,5820564753.674293,0.0
463,0.0,12715254.816060832,463.0,463,7286.2631358607305,5275.530002905445,5286.263135860729,2,2,4275.530002905445,10.725657397965628,17.648719444131455,17.648719444131455,1.0,2000.0,13752700.0,400000.0,9972700.0,134797755.98667955,134797.75598667955,32000.0,0.0,141316.82224578725,701010.468969744,411849.9287887613,0.005099999999995181,0.0044999999999950765,23.0644537348154,12.66353179307304,15251513.343444722,-2271116.3380141505,12971356.24331095,5833536109.9176035,5833536109.9176035,0.0
464,0.0,12715254.816060832,464.0,464,7296.981377709219,5286.2631358607305,5296.981377709217,2,2,4286.2631358607305,10.71082629901134,17.648719444131455,17.648719444131455,1.0,2000.0,13752700.0,400000.0,9972700.0,134797755.98667955,134797.75598667955,32000.0,0.0,140923.66510770516,701444.6104089941,411785.00133344985,0.005099695794806294,0.004497049180326371,23.11919433152179,12.711831014905309,15230096.824804632,-2249759.973338485,12971356.243310949,5846507466.160914,5846507466.160914,0.0
465,0.0,12715254.816060832,465.0,465,7307.684850429599,5296.981377709219,5307.684850429597,2,2,4296.981377709219,10.696119141749417,17.648719444131455,17.648719444131455,1.0,2000.0,13752700.0,400000.0,9972700.0,134797755.98667955,134797.75598667955,32000.0,0.0,140534.20500930137,701877.9980610912,411652.15848832397,0.00510083675143037,0.004499731583652426,23.173857712159716,12.76006420464095,15208158.914569046,-2227884.8678174093,12971356.24331095,5859478822.404225,5859478822.404225,0.0
466,0.0,12715254.816060832,466.0,466,7318.373682311272,5307.684850429599,5318.37368231127,2,2,4307.684850429599,10.681544621598205,17.648719444131455,17.648719444131455,1.0,2000.0,13752700.0,400000.0,9972700.0,134797755.98667955,134797.75598667955,32000.0,0.0,140148.5317507604,702310.6212252523,411382.7357047318,0.00510223194748088,0.004500328107906488,23.228441977073647,12.808229621392398,15184978.326290917,-2204772.646889407,12971356.24331095,5872450178.647536,5872450178.647536,0.0
467,0.0,12715254.816060832,467.0,467,7329.048009317067,5318.373682311272,5329.048009317065,2,2,4318.373682311272,10.667109389992543,17.648719444131455,17.648719444131455,1.0,2000.0,13752700.0,400000.0,9972700.0,134797755.98667955,134797.75598667955,32000.0,0.0,139766.8594914121,702742.9648761617,411004.09875402873,0.005101434599148959,0.004499999999996419,23.282956307093112,12.8563292503993,15160871.31295211,-2180738.346502505,12971356.24331095,5885421534.890847,5885421534.890847,0.0
468,0.0,12715254.816060832,468.0,468,7339.707972794267,5329.048009317067,5339.7079727942655,2,2,4329.048009317067,10.652817564406856,17.648719444131455,17.648719444131455,1.0,2000.0,13752700.0,400000.0,9972700.0,134797755.98667955,134797.75598667955,32000.0,0.0,139389.34785413218,703174.686092481,410551.71204817033,0.00510051489146476,0.004499507927825623,23.337396809437667,12.9043642868196,15136226.07190512,-2156168.6394526428,12971356.24331095,5898392891.134158,5898392891.134158,0.0
469,0.0,12715254.816060832,469.0,469,7350.353718248895,5339.707972794267,5350.3537182488935,2,2,4339.707972794267,10.638673344850014,17.648719444131455,17.648719444131455,1.0,2000.0,13752700.0,400000.0,9972700.0,134797755.98667955,134797.75598667955,32000.0,0.0,139016.08952415563,703605.8055773354,410023.6986784599,0.0050992278576791165,0.004500521134951519,23.391761486280686,12.95233242565353,15111032.588880666,-2131053.5735045467,12971356.24331095,5911364247.377469,5911364247.377469,0.0
470,0.0,12715254.816060832,470.0,470,7360.985396863769,5350.353718248895,5360.985396863767,2,2,4350.353718248895,10.624683884897703,17.648719444131455,17.648719444131455,1.0,2000.0,13752700.0,400000.0,9972700.0,134797755.98667955,134797.75598667955,32000.0,0.0,138647.17890956718,704036.376229865,409377.1708547757,0.005113421052628001,0.004499999999995918,23.446055967706542,13.000238512118683,15084847.380408585,-2104951.4821459567,12971356.24331095,5924335603.62078,5924335603.62078,0.0
471,0.0,12715254.816060832,471.0,471,7371.603162632352,5360.985396863769,5371.60316263235,2,2,4360.985396863769,10.610847652268898,17.648719444131455,17.648719444131455,1.0,2000.0,13752700.0,400000.0,9972700.0,134797755.98667955,134797.75598667955,32000.0,0.0,138282.78687615605,704466.0059714369,408735.3311124041,0.00510083675143037,0.004499999999995649,23.50027565609851,13.048083765885577,15058984.795099793,-2079171.4186560847,12971356.24331095,5937306959.864091,5937306959.864091,0.0
472,0.0,12715254.816060832,472.0,472,7382.207147401941,5371.603162632352,5382.207147401939,2,2,4371.603162632352,10.597121886909134,17.648719444131455,17.648719444131455,1.0,2000.0,13752700.0,400000.0,9972700.0,134797755.98667955,134797.75598667955,32000.0,0.0,137922.857677084,705497.0472597192,408084.1845064996,0.006015789473677251,0.004497049180324136,23.563350640464673,13.095861147101965,15039651.167619528,-2059894.4456647509,12971356.24331095,5950278316.107402,5950278316.107402,0.0
473,0.0,12715254.816060832,473.0,473,7392.7974599675645,5382.207147401941,5392.797459967563,2,2,4382.207147401941,10.583503244338116,17.648719444131455,17.648719444131455,1.0,2000.0,13752700.0,400000.0,9972700.0,134797755.98667955,134797.75598667955,32000.0,0.0,137566.26555036055,706569.1733201875,407427.65103277686,0.005999975546634817,0.004500738310086135,23.626976660399567,13.143579987386564,15020884.688817468,-2041182.8032243785,12971356.243310949,5963249672.350713,5963249672.350713,0.0
474,0.0,12715254.816060832,474.0,474,7403.374206577793,5392.7974599675645,5403.3742065777915,2,2,4392.7974599675645,10.569989976119288,17.648719444131455,17.648719444131455,1.0,2000.0,13752700.0,400000.0,9972700.0,134797755.98667955,134797.75598667955,32000.0,0.0,137212.9126305714,707639.8517142159,406785.89569822326,0.005999975546634817,0.004497049180324136,23.690518276824527,13.191235903249353,15002442.555066975,-2022794.6569638315,12971356.24331095,5976221028.594024,5976221028.594024,0.0
475,0.0,12715254.816060832,475.0,475,7413.937492849242,5403.374206577793,5413.93749284924,2,2,4403.374206577793,10.556582566776807,17.648719444131455,17.648719444131455,1.0,2000.0,13752700.0,400000.0,9972700.0,134797755.98667955,134797.75598667955,32000.0,0.0,136862.74291669624,708709.1628622205,406127.1569461826,0.005999975546634817,0.004499999999996419,23.753978497848852,13.238830709598524,14983987.971190866,-2004394.5790782382,12971356.24331095,5989192384.837335,5989192384.837335,0.0
476,0.0,12715254.816060832,476.0,476,7424.487419684231,5413.937492849242,5424.487419684229,2,2,4413.937492849242,10.543271103201548,17.648719444131455,17.648719444131455,1.0,2000.0,13752700.0,400000.0,9972700.0,134797755.98667955,134797.75598667955,32000.0,0.0,136515.7584742406,709777.1137410615,405599.658431643,0.005999975546634817,0.004499507927825063,23.817357957169644,13.286364936615204,14967078.725494565,-1987533.9544267366,12971356.243310949,6002163741.080646,6002163741.080646,0.0
477,0.0,12715254.816060832,477.0,477,7435.024080960952,5424.487419684231,5435.02408096095,2,2,4424.487419684231,10.530051450240096,17.648719444131455,17.648719444131455,1.0,2000.0,13752700.0,400000.0,9972700.0,134797755.98667955,134797.75598667955,32000.0,0.0,136171.69280561586,710843.6383762317,405122.3728641344,0.005999975546634817,0.004499999999996419,23.88065726019837,13.33384016857741,14950842.31589219,-1971343.8128408326,12971356.243310949,6015135097.3239565,6015135097.3239565,0.0
478,0.0,12715254.816060832,478.0,478,7445.547566670694,5435.024080960952,5445.5475666706925,2,2,4435.024080960952,10.516919969244785,17.648719444131455,17.648719444131455,1.0,2000.0,13752700.0,400000.0,9972700.0,134797755.98667955,134797.75598667955,32000.0,0.0,135830.42984226186,711908.5108947302,404688.97585192765,0.005999999999994637,0.004499507927825063,23.943873605763063,13.381256955600435,14935201.084248925,-1955746.7894890234,12971356.24331095,6028106453.567267,6028106453.567267,0.0
479,0.0,12715254.816060832,479.0,479,7456.057962076597,5445.547566670694,5456.057962076595,2,2,4445.547566670694,10.503870842559456,17.648719444131455,17.648719444131455,1.0,2000.0,13752700.0,400000.0,9972700.0,134797755.98667955,134797.75598667955,32000.0,0.0,135491.8669083872,712972.7231850509,404330.0380498069,0.005998875351447413,0.004499507927825063,24.00701687552287,13.428610462651939,14920477.272412796,-1941063.7674771403,12971356.24331095,6041077809.810578,6041077809.810578,0.0
480,0.0,12715254.816060832,480.0,480,7466.555346497243,5456.057962076597,5466.555346497241,2,2,4456.057962076597,10.490897998732322,17.648719444131455,17.648719444131455,1.0,2000.0,13752700.0,400000.0,9972700.0,134797755.98667955,134797.75598667955,32000.0,0.0,135155.8457795341,714035.1717353718,404051.07079367485,0.006000984413448181,0.004500738310087815,24.070079176258705,13.475909169364357,14906704.13820148,-1927327.8293638024,12971356.24331095,6054049166.053889,6054049166.053889,0.0
481,0.0,12715254.816060832,481.0,481,7477.039792453191,5466.555346497243,5477.039792453189,2,2,4466.555346497243,10.477993913163509,17.648719444131455,17.648719444131455,1.0,2000.0,13752700.0,400000.0,9972700.0,134797755.98667955,134797.75598667955,32000.0,0.0,134822.20250426215,715096.3060183843,403873.19096442696,0.005999999999993435,0.004501265822780335,24.13306239898065,13.523148297902457,14894093.37150404,-1914749.7456706422,12971356.243310949,6067020522.2972,6067020522.2972,0.0
482,0.0,12715254.816060832,482.0,482,7487.511368421674,5477.039792453191,5487.511368421672,2,2,4477.039792453191,10.465158023802346,17.648719444131455,17.648719444131455,1.0,2000.0,13752700.0,400000.0,9972700.0,134797755.98667955,134797.75598667955,32000.0,0.0,134490.73664425715,716156.3699742776,403697.836681564,0.005999343903768242,0.004500738310086135,24.195970584529874,13.570328269756523,14881603.737636385,-1902292.5789182342,12971356.243310949,6079991878.540511,6079991878.540511,0.0
483,0.0,12715254.816060832,483.0,483,7497.970140423849,5487.511368421674,5497.970140423848,2,2,4487.511368421674,10.452385980547673,17.648719444131455,17.648719444131455,1.0,2000.0,13752700.0,400000.0,9972700.0,134797755.98667955,134797.75598667955,32000.0,0.0,134161.4272673644,717215.0170292407,403579.45743076305,0.005999999999993435,0.004497049180326371,24.258797330527127,13.617447824677571,14869797.349289594,-1890516.0865946794,12971356.243310949,6092963234.783822,6092963234.783822,0.0
484,0.0,12715254.816060832,484.0,484,7508.416170102156,5497.970140423849,5508.416170102154,2,2,4497.970140423849,10.439673376065759,17.648719444131455,17.648719444131455,1.0,2000.0,13752700.0,400000.0,9972700.0,134797755.98667955,134797.75598667955,32000.0,0.0,133834.15654077817,718272.5564595611,403519.15439245314,0.006005911330040307,0.004497049180323019,24.321553179133762,13.664512916081618,14858679.384946538,-1879425.3983070096,12971356.24331095,6105934591.027133,6105934591.027133,0.0
485,0.0,12715254.816060832,485.0,485,7518.849515032738,5508.416170102156,5518.849515032736,2,2,4508.416170102156,10.427016485099527,17.648719444131455,17.648719444131455,1.0,2000.0,13752700.0,400000.0,9972700.0,134797755.98667955,134797.75598667955,32000.0,0.0,133508.8057436969,719328.4603239883,403508.3272871165,0.00600098441345042,0.004497049180326371,24.384227457922826,13.711520704628343,14848145.449344344,-1868916.5301874115,12971356.243310949,6118905947.270444,6118905947.270444,0.0
486,0.0,12715254.816060832,486.0,486,7529.2702614335,5518.849515032738,5529.2702614334985,2,2,4518.849515032738,10.414476316425574,17.648719444131455,17.648719444131455,1.0,2000.0,13752700.0,400000.0,9972700.0,134797755.98667955,134797.75598667955,32000.0,0.0,133185.27415615818,719497.9854612125,403508.3272871165,0.006000342368040244,0.006101000820338887,24.44682971861531,13.771607713698376,14828611.073256591,-1849445.3640502198,12971356.24331095,6131877303.513755,6131877303.513755,0.0
487,0.0,12715254.816060832,487.0,487,7539.678533945117,5529.2702614335,5539.678533945115,2,2,4529.2702614335,10.402068706807672,17.648719444131455,17.648719444131455,1.0,2000.0,13752700.0,400000.0,9972700.0,134797755.98667955,134797.75598667955,32000.0,0.0,132865.11325810177,719427.727278768,403508.3272871165,0.005999935459579833,0.006099332968829777,24.50935505951658,13.835175478220576,14806797.273753943,-1827704.899822213,12971356.24331095,6144848659.757066,6144848659.757066,0.0
488,0.0,12715254.816060832,488.0,488,7550.074464695056,5539.678533945117,5550.074464695054,2,2,4539.678533945117,10.389792793069773,17.648719444131455,17.648719444131455,1.0,2000.0,13752700.0,400000.0,9972700.0,134797755.98667955,134797.75598667955,32000.0,0.0,132548.7158919056,719357.3317003516,403504.64062341285,0.005999935459579833,0.00610051651142524,24.571804022831998,13.898668903706765,14785180.497905714,-1806161.1927091253,12971356.24331095,6157820016.000377,6157820016.000377,0.0
489,0.0,12715254.816060832,489.0,489,7560.4581846736955,5550.074464695056,5560.458184673694,2,2,4550.074464695056,10.37764716420937,17.648719444131455,17.648719444131455,1.0,2000.0,13752700.0,400000.0,9972700.0,134797755.98667955,134797.75598667955,32000.0,0.0,132236.04799658264,719287.3706441843,403504.5529499489,0.005999935459579833,0.006100009668190846,24.634178936373896,13.962081832394468,14763840.213589143,-1784893.3634549577,12971356.24331095,6170791372.243688,6170791372.243688,0.0
490,0.0,12715254.816060832,490.0,490,7570.829823605504,5560.4581846736955,5570.8298236055025,2,2,4560.4581846736955,10.365630699408094,17.648719444131455,17.648719444131455,1.0,2000.0,13752700.0,400000.0,9972700.0,134797755.98667955,134797.75598667955,32000.0,0.0,131927.06181440788,719217.3336016122,403504.5529499489,0.005999935459579833,0.006100009668190846,24.69648058607608,14.025422624655954,14742731.978355143,-1763857.1454742388,12971356.24331095,6183762728.486999,6183762728.486999,0.0
491,0.0,12715254.816060832,491.0,491,7581.1895100944585,5570.829823605504,5581.189510094457,2,2,4570.829823605504,10.35374227850035,17.648719444131455,17.648719444131455,1.0,2000.0,13752700.0,400000.0,9972700.0,134797755.98667955,134797.75598667955,32000.0,0.0,131621.71725072662,719147.3780443645,403504.5529499489,0.005999935459579833,0.006100009668190846,24.758709750277,14.088689722414973,14721854.226258548,-1743050.9682055558,12971356.24331095,6196734084.7303095,6196734084.7303095,0.0
492,0.0,12715254.816060832,492.0,492,7591.537371627218,5581.1895100944585,5591.537371627216,2,2,4581.1895100944585,10.341980787018924,17.648719444131455,17.648719444131455,1.0,2000.0,13752700.0,400000.0,9972700.0,134797755.98667955,134797.75598667955,32000.0,0.0,131319.9744827669,719077.5031050219,403504.5529499489,0.005999935459579833,0.006100009668190846,24.820867200592204,14.151883910157018,14701204.670575846,-1722472.5435199277,12971356.24331095,6209705440.97362,6209705440.97362,0.0
493,0.0,12715254.816060832,493.0,493,7601.8735345788455,5591.537371627218,5601.873534578844,2,2,4591.537371627218,10.3303451162367,17.648719444131455,17.648719444131455,1.0,2000.0,13752700.0,400000.0,9972700.0,134797755.98667955,134797.75598667955,32000.0,0.0,131021.79408385899,719007.7079237007,403504.5529499489,0.005999935459579833,0.006100009668190846,24.88295370193343,14.215005965551951,14680781.043299757,-1702119.6020913674,12971356.24331095,6222676797.216931,6222676797.216931,0.0
494,0.0,12715254.816060832,494.0,494,7612.19812420653,5601.8735345788455,5612.1981242065285,2,2,4601.8735345788455,10.318834139132896,17.648719444131455,17.648719444131455,1.0,2000.0,13752700.0,400000.0,9972700.0,134797755.98667955,134797.75598667955,32000.0,0.0,130727.1370201804,718938.335295834,403504.5529499489,0.005999989388137906,0.006100009668190846,24.944975111260106,14.278056659488875,14660584.625967633,-1681993.4090778877,12971356.24331095,6235648153.460242,6235648153.460242,0.0
495,0.0,12715254.816060832,495.0,495,7622.511264666235,5612.19812420653,5622.511264666233,2,2,4612.19812420653,10.307446780274963,17.648719444131455,17.648719444131455,1.0,2000.0,13752700.0,400000.0,9972700.0,134797755.98667955,134797.75598667955,32000.0,0.0,130435.9640388948,718868.7346079749,403504.5529499489,0.005999989388137906,0.006100009668190846,25.006922539463094,14.341036756037857,14640606.466788597,-1662085.0403064834,12971356.243310949,6248619509.703553,6248619509.703553,0.0
496,0.0,12715254.816060832,496.0,496,7632.813079030583,5622.511264666235,5632.813079030581,2,2,4622.511264666235,10.296181948422104,17.648719444131455,17.648719444131455,1.0,2000.0,13752700.0,400000.0,9972700.0,134797755.98667955,134797.75598667955,32000.0,0.0,130148.23743204588,718799.2111018726,403504.5529499489,0.005999989388137906,0.006100009668190846,25.068801272779695,14.403947012551463,14620847.538108254,-1642395.4534595076,12971356.243310949,6261590865.946864,6261590865.946864,0.0
497,0.0,12715254.816060832,497.0,497,7643.103689283908,5632.813079030583,5643.1036892839065,2,2,4632.813079030583,10.285038558227583,17.648719444131455,17.648719444131455,1.0,2000.0,13752700.0,400000.0,9972700.0,134797755.98667955,134797.75598667955,32000.0,0.0,129863.91932589117,718729.7639478634,403504.5529499489,0.005999989388137906,0.006100009668190846,25.130612049644352,14.466788179773896,14601305.645841694,-1622922.4534748553,12971356.24331095,6274562222.190175,6274562222.190175,0.0
498,0.0,12715254.816060832,498.0,498,7653.3832163281595,5643.103689283908,5653.383216328158,2,2,4643.103689283908,10.2740155302741,17.648719444131455,17.648719444131455,1.0,2000.0,13752700.0,400000.0,9972700.0,134797755.98667955,134797.75598667955,32000.0,0.0,129582.97222667946,718660.3923236198,403504.5529499489,0.005999989388137906,0.006100009668190846,25.19235560196177,14.529561001810764,14581978.614113899,-1603663.8635843752,12971356.243310949,6287533578.433486,6287533578.433486,0.0
499,0.0,12715254.816060832,499.0,499,7663.651779988851,5653.3832163281595,5663.651779988849,2,2,4653.3832163281595,10.263111791107896,17.648719444131455,17.648719444131455,1.0,2000.0,13752700.0,400000.0,9972700.0,134797755.98667955,134797.75598667955,32000.0,0.0,129305.35901748393,718591.0954141106,403504.5529499489,0.005999989388137906,0.006100009668190846,25.25403265514235,14.592266216165125,14562864.285159847,-1584617.5252108946,12971356.24331095,6300504934.676797,6300504934.676797,0.0
500,0.0,12715254.816060832,500.0,500,7673.909499021041,5663.651779988851,5673.909499021039,2,2,4663.651779988851,10.252326273271585,17.648719444131455,17.648719444131455,1.0,2000.0,13752700.0,400000.0,9972700.0,134797755.98667955,134797.75598667955,32000.0,0.0,129031.04295505295,718521.8724115622,403504.5529499489,0.005999989388137906,0.006100009668190846,25.315643928137916,14.654904553773774,14543960.519225037,-1565781.2978701724,12971356.24331095,6313476290.920108,6313476290.920108,0.0
501,0.0,12715254.816060832,501.0,501,7684.156491115345,5673.909499021041,5684.156491115343,2,2,4673.909499021041,10.24165791533573,17.648719444131455,17.648719444131455,1.0,2000.0,13752700.0,400000.0,9972700.0,134797755.98667955,134797.75598667955,32000.0,0.0,128759.98766667816,718452.722515416,403504.5529499489,0.005999989388137906,0.006100009668190846,25.377190133477555,14.717476739043718,14525265.19446625,-1547153.0590692328,12971356.24331095,6326447647.163419,6326447647.163419,0.0
502,0.0,12715254.816060832,502.0,502,7694.392872903977,5684.156491115345,5694.392872903975,2,2,4684.156491115345,10.231105661929154,17.648719444131455,17.648719444131455,1.0,2000.0,13752700.0,400000.0,9972700.0,134797755.98667955,134797.75598667955,32000.0,0.0,128492.15714707981,718383.6449322897,403504.5529499489,0.005999989388137906,0.006100009668190846,25.438671977303713,14.779983489888847,14506776.20685269,-1528730.7042070096,12971356.24331095,6339419003.40673,6339419003.40673,0.0
503,0.0,12715254.816060832,503.0,503,7704.618759966826,5694.392872903977,5704.618759966824,2,2,4694.392872903977,10.220668463767986,17.648719444131455,17.648719444131455,1.0,2000.0,13752700.0,400000.0,9972700.0,134797755.98667955,134797.75598667955,32000.0,0.0,128227.51575530952,718314.638875936,403504.5529499489,0.005999989388137906,0.006100009668190846,25.500090159408437,14.842425517766799,14488491.470067343,-1510512.1464749936,12971356.24331095,6352390359.650041,6352390359.650041,0.0
504,0.0,12715254.816060832,504.0,504,7714.834266837552,5704.618759966826,5714.83426683755,2,2,4704.618759966826,10.21034527768346,17.648719444131455,17.648719444131455,1.0,2000.0,13752700.0,400000.0,9972700.0,134797755.98667955,134797.75598667955,32000.0,0.0,127966.02821167026,718245.7035672013,403504.5529499489,0.005999989388137906,0.006100009668190846,25.561445373269823,14.904803527716002,14470408.915408645,-1492495.3167571733,12971356.24331095,6365361715.893352,6365361715.893352,0.0
505,0.0,12715254.816060832,505.0,505,7725.039507009717,5714.834266837552,5725.039507009716,2,2,4714.834266837552,10.20013506664847,17.648719444131455,17.648719444131455,1.0,2000.0,13752700.0,400000.0,9972700.0,134797755.98667955,134797.75598667955,32000.0,0.0,127707.65959465335,718176.838233985,403504.5529499489,0.005999989388137906,0.006100009668190846,25.622738306088632,14.967118218392901,14452526.491692338,-1474678.1635319877,12971356.24331095,6378333072.1366625,6378333072.1366625,0.0
506,0.0,12715254.816060832,506.0,506,7735.234592942943,5725.039507009717,5735.234592942941,2,2,4725.039507009717,10.19003679980286,17.648719444131455,17.648719444131455,1.0,2000.0,13752700.0,400000.0,9972700.0,134797755.98667955,134797.75598667955,32000.0,0.0,127452.37533789294,718108.0421111978,403504.5529499489,0.005999989388137906,0.006100009668190846,25.683969638825022,15.029370282109323,14434842.165153584,-1457058.65277237,12971356.24331095,6391304428.379973,6391304428.379973,0.0
507,0.0,12715254.816060832,507.0,507,7745.419636069083,5735.234592942943,5745.419636069081,2,2,4735.234592942943,10.1800494524775,17.648719444131455,17.648719444131455,1.0,2000.0,13752700.0,400000.0,9972700.0,134797755.98667955,134797.75598667955,32000.0,0.0,127200.14122713722,718039.3144407216,403504.5529499489,0.005999989388137906,0.006100009668190846,25.74514004623553,15.091560404870034,14417353.919349272,-1439634.7678478006,12971356.243310947,6404275784.623284,6404275784.623284,0.0
508,0.0,12715254.816060832,508.0,508,7755.594746798431,5745.419636069083,5755.594746798429,2,2,4745.419636069083,10.170172006217117,17.648719444131455,17.648719444131455,1.0,2000.0,13752700.0,400000.0,9972700.0,134797755.98667955,134797.75598667955,32000.0,0.0,126950.9233972371,717970.6544713653,403504.5529499489,0.005999989388137906,0.006100009668190846,25.8062501969101,15.15368926641043,14400059.755060503,-1422404.509424851,12971356.24331095,6417247140.866595,6417247140.866595,0.0
509,0.0,12715254.816060832,509.0,509,7765.76003452594,5755.594746798431,5765.760034525938,2,2,4755.594746798431,10.160403448801897,17.648719444131455,17.648719444131455,1.0,2000.0,13752700.0,400000.0,9972700.0,134797755.98667955,134797.75598667955,32000.0,0.0,126704.6883291518,717902.0614588249,403504.5529499489,0.005999989388137906,0.006100009668190846,25.867300753309312,15.215757540234362,14382957.690195257,-1405365.8953702454,12971356.24331095,6430218497.109906,6430218497.109906,0.0
510,0.0,12715254.816060832,510.0,510,7775.915607637475,5765.76003452594,5775.915607637473,2,2,4765.76003452594,10.150742774267883,17.648719444131455,17.648719444131455,1.0,2000.0,13752700.0,400000.0,9972700.0,134797755.98667955,134797.75598667955,32000.0,0.0,126461.40284697122,717833.5346656415,403504.5529499489,0.005999989388137906,0.006100009668190846,25.928292371801735,15.27776589365211,14366045.759691209,-1388516.9606512026,12971356.24331095,6443189853.353217,6443189853.353217,0.0
511,0.0,12715254.816060832,511.0,511,7786.061573516072,5775.915607637475,5786.06157351607,2,2,4775.915607637475,10.141188982926149,17.648719444131455,17.648719444131455,1.0,2000.0,13752700.0,400000.0,9972700.0,134797755.98667955,134797.75598667955,32000.0,0.0,126221.03411495575,717765.073361158,403504.5529499489,0.005999989388137906,0.006100009668190846,25.989225702701404,15.339714987818493,14349322.01541869,-1371855.7572377927,12971356.24331095,6456161209.596528,6456161209.596528,0.0
512,0.0,12715254.816060832,512.0,512,7796.198038548226,5786.061573516072,5796.198038548224,2,2,4786.061573516072,10.131741081380785,17.648719444131455,17.648719444131455,1.0,2000.0,13752700.0,400000.0,9972700.0,134797755.98667955,134797.75598667955,32000.0,0.0,125983.5496345928,717696.6768214782,403504.5529499489,0.005999989388137906,0.006100009668190846,26.050101390305393,15.401605477771069,14332784.526083801,-1355380.3540054928,12971356.24331095,6469132565.839839,6469132565.839839,0.0
513,0.0,12715254.816060832,513.0,513,7806.325108125617,5796.198038548226,5806.325108125615,2,2,4796.198038548226,10.12239807340053,17.648719444131455,17.648719444131455,1.0,2000.0,13752700.0,400000.0,9972700.0,134797755.98667955,134797.75598667955,32000.0,0.0,125748.91724167037,717628.4749156766,403504.5529499489,0.005999989388137906,0.00609952913932267,26.11092007293155,15.463436074954739,14316432.693123518,-1339090.146763913,12971356.243310947,6482103922.08315,6482103922.08315,0.0
514,0.0,12715254.816060832,514.0,514,7816.442886648961,5806.325108125617,5816.442886648959,2,2,4806.325108125617,10.113158973286682,17.648719444131455,17.648719444131455,1.0,2000.0,13752700.0,400000.0,9972700.0,134797755.98667955,134797.75598667955,32000.0,0.0,125517.10487656889,717560.4082502112,403504.5529499489,0.005999989388137906,0.006101715893102343,26.17168238292883,15.525208292942953,14300264.009000363,-1322982.6309584372,12971356.24331095,6495075278.326461,6495075278.326461,0.0
515,0.0,12715254.816060832,515.0,515,7826.551477548938,5816.442886648961,5826.551477548936,2,2,4816.442886648961,10.104022826667713,17.648719444131455,17.648719444131455,1.0,2000.0,13752700.0,400000.0,9972700.0,134797755.98667955,134797.75598667955,32000.0,0.0,125288.08091323695,717492.1200667488,403504.5529499489,0.005999989388137906,0.0060993329688289475,26.23238894670042,15.586928051377356,14284273.000660026,-1307052.3499483692,12971356.243310949,6508046634.569772,6508046634.569772,0.0
516,0.0,12715254.816060832,516.0,516,7836.650983291479,5826.551477548938,5836.650983291477,2,2,4826.551477548938,10.094988658413628,17.648719444131455,17.648719444131455,1.0,2000.0,13752700.0,400000.0,9972700.0,134797755.98667955,134797.75598667955,32000.0,0.0,125061.81467023218,717423.9937674605,403504.5529499489,0.005999989388137906,0.006102669584239271,26.293040384829315,15.648590282286735,14268461.704415178,-1291301.3230932527,12971356.24331095,6521017990.813083,6521017990.813083,0.0
517,0.0,12715254.816060832,517.0,517,7846.741505374585,5836.650983291479,5846.7415053745835,2,2,4836.650983291479,10.08605550779893,17.648719444131455,17.648719444131455,1.0,2000.0,13752700.0,400000.0,9972700.0,134797755.98667955,134797.75598667955,32000.0,0.0,124838.27511653725,717355.9149352859,403504.5529499489,0.005999989388137906,0.006099999999994758,26.35363731211,15.710197298076329,14252827.115353277,-1275726.5511375717,12971356.24331095,6533989347.056394,6533989347.056394,0.0
518,0.0,12715254.816060832,518.0,518,7856.82314434392,5846.741505374585,5856.823144343918,2,2,4846.741505374585,10.077222430870261,17.648719444131455,17.648719444131455,1.0,2000.0,13752700.0,400000.0,9972700.0,134797755.98667955,134797.75598667955,32000.0,0.0,124617.43174034139,717287.7342783118,403504.5529499489,0.005999989388137906,0.006099999999994758,26.41418033752941,15.771751922783503,14237365.912294777,-1260324.7201621511,12971356.24331095,6546960703.299705,6546960703.299705,0.0
519,0.0,12715254.816060832,519.0,519,7866.895999789318,5856.82314434392,5866.895999789316,2,2,4856.82314434392,10.068488459926417,17.648719444131455,17.648719444131455,1.0,2000.0,13752700.0,400000.0,9972700.0,134797755.98667955,134797.75598667955,32000.0,0.0,124399.25460351256,717219.8797068269,403504.5529499489,0.005999989388137906,0.006101715893102343,26.474670064360453,15.83324841075813,14222080.598084902,-1245098.3142327091,12971356.24331095,6559932059.5430155,6559932059.5430155,0.0
520,0.0,12715254.816060832,520.0,520,7876.960170351366,5866.895999789318,5876.9601703513645,2,2,4866.895999789318,10.059852664170664,17.648719444131455,17.648719444131455,1.0,2000.0,13752700.0,400000.0,9972700.0,134797755.98667955,134797.75598667955,32000.0,0.0,124183.7133378975,717151.9177173309,403504.5529499489,0.005999989388137906,0.006102669584238725,26.53510709014109,15.894693791447922,14206964.999936888,-1230041.1808903113,12971356.24331095,6572903415.786326,6572903415.786326,0.0
521,0.0,12715254.816060832,521.0,521,7887.015753739058,5876.960170351366,5887.015753739056,2,2,4876.960170351366,10.051314111213214,17.648719444131455,17.648719444131455,1.0,2000.0,13752700.0,400000.0,9972700.0,134797755.98667955,134797.75598667955,32000.0,0.0,123970.77864040647,717083.9600270792,403504.5529499489,0.005999989388137906,0.006099999999994627,26.595492006713787,15.956086999141702,14192018.481989872,-1215152.679879578,12971356.243310949,6585874772.029637,6585874772.029637,0.0
522,0.0,12715254.816060832,522.0,522,7897.062846723233,5887.015753739058,5897.062846723231,2,2,4887.015753739058,10.04287185713642,17.648719444131455,17.648719444131455,1.0,2000.0,13752700.0,400000.0,9972700.0,134797755.98667955,134797.75598667955,32000.0,0.0,123760.42131878552,717016.2615578937,403504.5529499489,0.005999989388137906,0.006099999999994238,26.655825400331473,16.017424837806562,14177241.838763958,-1200433.5949355937,12971356.24331095,6598846128.272948,6598846128.272948,0.0
523,0.0,12715254.816060832,523.0,523,7907.101545183815,5897.062846723233,5907.101545183813,2,2,4897.062846723233,10.034525064028273,17.648719444131455,17.648719444131455,1.0,2000.0,13752700.0,400000.0,9972700.0,134797755.98667955,134797.75598667955,32000.0,0.0,123552.61204510684,716948.6175698518,403503.3369030026,0.005999989388137906,0.006099332968829777,26.71610785161816,16.078710925801392,14162619.103113338,-1185868.024162263,12971356.24331095,6611817484.516259,6611817484.516259,0.0
524,0.0,12715254.816060832,524.0,524,7917.131944308664,5907.101545183815,5917.131944308662,2,2,4907.101545183815,10.026273185669835,17.648719444131455,17.648719444131455,1.0,2000.0,13752700.0,400000.0,9972700.0,134797755.98667955,134797.75598667955,32000.0,0.0,123347.32424424922,716880.7931193457,403497.0517230515,0.005999989388137906,0.006100762499994597,26.776339935852366,16.13994932427295,14148107.913235016,-1171413.7915377722,12971356.24331095,6624788840.75957,6624788840.75957,0.0
525,0.0,12715254.816060832,525.0,525,7927.154138850386,5917.131944308664,5927.154138850384,2,2,4917.131944308664,10.018115897773686,17.648719444131455,17.648719444131455,1.0,2000.0,13752700.0,400000.0,9972700.0,134797755.98667955,134797.75598667955,32000.0,0.0,123144.53864226036,716813.3513083026,403481.9984810662,0.005999989388137906,0.006099332968831435,26.836522224160248,16.201132249580304,14133676.022419726,-1157038.7917274686,12971356.24331095,6637760197.002881,6637760197.002881,0.0
526,0.0,12715254.816060832,526.0,526,7937.168223264353,5927.154138850386,5937.168223264352,2,2,4927.154138850386,10.010052930161386,17.648719444131455,17.648719444131455,1.0,2000.0,13752700.0,400000.0,9972700.0,134797755.98667955,134797.75598667955,32000.0,0.0,122944.24152300169,716745.665583797,403458.0311670518,0.005999989388137906,0.006095999999994145,26.896655285056433,16.26226956643031,14119315.201435013,-1142734.8286411741,12971356.24331095,6650731553.246192,6650731553.246192,0.0
527,0.0,12715254.816060832,527.0,527,7947.17429178753,5937.168223264353,5947.174291787528,2,2,4937.168223264353,10.002084116191698,17.648719444131455,17.648719444131455,1.0,2000.0,13752700.0,400000.0,9972700.0,134797755.98667955,134797.75598667955,32000.0,0.0,122746.42058917487,716678.3214512416,403423.0779669287,0.005999989388137906,0.006106009852210648,26.956739685272154,16.323353154385657,14105010.226788877,-1128486.7441487084,12971356.24331095,6663702909.489503,6663702909.489503,0.0
528,0.0,12715254.816060832,528.0,528,7957.172439782401,5947.17429178753,5957.172439782399,2,2,4947.17429178753,9.994211873550169,17.648719444131455,17.648719444131455,1.0,2000.0,13752700.0,400000.0,9972700.0,134797755.98667955,134797.75598667955,32000.0,0.0,122551.06616753347,716610.9070300834,403340.616904537,0.006000115796587364,0.006101715893102343,27.016775713755205,16.3843894134833,14090393.429418983,-1113928.545975699,12971356.24331095,6676674265.732814,6676674265.732814,0.0
529,0.0,12715254.816060832,529.0,529,7967.162766236239,5957.172439782401,5967.162766236237,2,2,4957.172439782401,9.986441034125711,17.648719444131455,17.648719444131455,1.0,2000.0,13752700.0,400000.0,9972700.0,134797755.98667955,134797.75598667955,32000.0,0.0,122358.2319424287,716543.4706507232,403175.69460428413,0.006000115796587364,0.006101000820338887,27.07676575947585,16.44538001561331,14075122.71301025,-1098719.7104913918,12971356.24331095,6689645621.976125,6689645621.976125,0.0
530,0.0,12715254.816060832,530.0,530,7977.145352426309,5967.162766236239,5977.145352426307,2,2,4967.162766236239,9.978731346014362,17.648719444131455,17.648719444131455,1.0,2000.0,13752700.0,400000.0,9972700.0,134797755.98667955,134797.75598667955,32000.0,0.0,122168.03054688551,717133.9050964509,402913.54868371907,0.006000115796587364,0.004301209563990793,27.13670887504459,16.496562830368347,14065596.114381727,-1089228.9579823886,12971356.243310949,6702616978.219436,6702616978.219436,0.0
531,0.0,12715254.816060832,531.0,531,7987.120239965782,5977.145352426309,5987.1202399657805,2,2,4977.145352426309,9.971043732931888,17.648719444131455,17.648719444131455,1.0,2000.0,13752700.0,400000.0,9972700.0,134797755.98667955,134797.75598667955,32000.0,0.0,121979.47211301375,718277.7812511384,402648.02482659713,0.0060004374772093215,0.004300313525332802,27.19660353015214,16.539485746646644,14061629.229973892,-1085272.568922058,12971356.24331095,6715588334.462747,6715588334.462747,0.0
532,0.0,12715254.816060832,532.0,532,7997.08745573134,5987.120239965782,5997.087455731338,2,2,4987.120239965782,9.96338779818309,17.648719444131455,17.648719444131455,1.0,2000.0,13752700.0,400000.0,9972700.0,134797755.98667955,134797.75598667955,32000.0,0.0,121791.59857694933,719420.737484061,402244.230519837,0.005998523985233884,0.004299999999997355,27.256453585267874,16.582377711851215,14056309.11734065,-1079969.2349798332,12971356.243310949,6728559690.706058,6728559690.706058,0.0
533,0.0,12715254.816060832,533.0,533,8007.0470329260015,5997.08745573134,6007.047032926,2,2,4997.08745573134,9.955766591139676,17.648719444131455,17.648719444131455,1.0,2000.0,13752700.0,400000.0,9972700.0,134797755.98667955,134797.75598667955,32000.0,0.0,121604.64311080503,720562.8236927716,401794.22395153815,0.0059999999999946286,0.00429999999999619,27.316258654385102,16.625237599643267,14050567.612922685,-1074246.5388946896,12971356.24331095,6741531046.9493685,6741531046.9493685,0.0
534,0.0,12715254.816060832,534.0,534,8016.999008443152,6007.0470329260015,6016.99900844315,2,2,5007.0470329260015,9.948184443160702,17.648719444131455,17.648719444131455,1.0,2000.0,13752700.0,400000.0,9972700.0,134797755.98667955,134797.75598667955,32000.0,0.0,121418.67831113483,721703.6681409121,401279.5756259807,0.005998523985233884,0.004299999999997355,27.37601417359325,16.668066361580276,14044224.645910194,-1067925.2522642363,12971356.24331095,6754502403.192679,6754502403.192679,0.0
535,0.0,12715254.816060832,535.0,535,8026.943420719222,6016.999008443152,6026.94342071922,2,2,5016.999008443152,9.940640108978418,17.648719444131455,17.648719444131455,1.0,2000.0,13752700.0,400000.0,9972700.0,134797755.98667955,134797.75598667955,32000.0,0.0,121233.80780105214,722844.0201018614,400778.50051013724,0.005999999999995226,0.004300117566639819,27.435726770656135,16.71085950842528,14038070.206468415,-1061791.7325352884,12971356.24331095,6767473759.43599,6767473759.43599,0.0
536,0.0,12715254.816060832,536.0,536,8036.880307965505,6026.943420719222,6036.880307965504,2,2,5026.943420719222,9.933134383589076,17.648719444131455,17.648719444131455,1.0,2000.0,13752700.0,400000.0,9972700.0,134797755.98667955,134797.75598667955,32000.0,0.0,121049.9990758823,723983.2925703358,400262.6191949247,0.005999343903768242,0.004300000000000241,27.495391525064356,16.753620829091073,14031815.548459439,-1055558.56414729,12971356.243310947,6780445115.679301,6780445115.679301,0.0
537,0.0,12715254.816060832,537.0,537,8046.809708938963,6036.880307965505,6046.809708938961,2,2,5036.880307965505,9.925667563326693,17.648719444131455,17.648719444131455,1.0,2000.0,13752700.0,400000.0,9972700.0,134797755.98667955,134797.75598667955,32000.0,0.0,120867.26938598843,725121.8878271672,399738.5109391547,0.006002625820559311,0.004300000000000241,27.555013526148052,16.796349444250097,14025531.321479699,-1049296.0720459784,12971356.24331095,6793416471.922612,6793416471.922612,0.0
538,0.0,12715254.816060832,538.0,538,8056.731662397835,6046.809708938963,6056.731662397833,2,2,5046.809708938963,9.918239354416738,17.648719444131455,17.648719444131455,1.0,2000.0,13752700.0,400000.0,9972700.0,134797755.98667955,134797.75598667955,32000.0,0.0,120685.62380765266,726259.549606922,399214.7975371549,0.006001687763708393,0.004300000000000241,27.614589486219774,16.839045868435967,14019300.806036064,-1043087.1510123071,12971356.24331095,6806387828.165923,6806387828.165923,0.0
539,0.0,12715254.816060832,539.0,539,8066.646206802889,6056.731662397835,6066.646206802887,2,2,5056.731662397835,9.910849455690002,17.648719444131455,17.648719444131455,1.0,2000.0,13752700.0,400000.0,9972700.0,134797755.98667955,134797.75598667955,32000.0,0.0,120505.05306708865,727396.4140926285,398691.4769446721,0.006000984413448181,0.004300000000000241,27.674121592493304,16.881710268309117,14013124.857742373,-1036932.651105753,12971356.24331095,6819359184.409234,6819359184.409234,0.0
540,0.0,12715254.816060832,540.0,540,8076.553380312227,6066.646206802889,6076.553380312225,2,2,5066.646206802889,9.903497562987278,17.648719444131455,17.648719444131455,1.0,2000.0,13752700.0,400000.0,9972700.0,134797755.98667955,134797.75598667955,32000.0,0.0,120325.54774335473,728532.5559187048,398168.5471331429,0.006000984413448181,0.004300000000000241,27.733611117703955,16.924342809250852,14007003.709725881,-1030832.8027720628,12971356.243310947,6832330540.652545,6832330540.652545,0.0
541,0.0,12715254.816060832,541.0,541,8086.453220798619,6076.553380312227,6086.453220798618,2,2,5076.553380312227,9.896183409797468,17.648719444131455,17.648719444131455,1.0,2000.0,13752700.0,400000.0,9972700.0,134797755.98667955,134797.75598667955,32000.0,0.0,120147.09837561632,729667.4698823245,397646.00608996744,0.005999343903768242,0.004300000000000241,27.793050730215885,16.96694365534101,14000931.87686403,-1024782.1448556538,12971356.24331095,6845301896.895856,6845301896.895856,0.0
542,0.0,12715254.816060832,542.0,542,8096.345765839418,6086.453220798619,6096.345765839416,2,2,5086.453220798619,9.888906671799774,17.648719444131455,17.648719444131455,1.0,2000.0,13752700.0,400000.0,9972700.0,134797755.98667955,134797.75598667955,32000.0,0.0,119969.69644842953,730802.0087078123,397123.8518175956,0.005999999999993435,0.004300000000000241,27.852453244788844,17.0095129694325,13994917.31737853,-1018788.596988476,12971356.24331095,6858273253.139167,6858273253.139167,0.0
543,0.0,12715254.816060832,543.0,543,8106.231052721398,6096.345765839418,6106.231052721396,2,2,5096.345765839418,9.881667092158326,17.648719444131455,17.648719444131455,1.0,2000.0,13752700.0,400000.0,9972700.0,134797755.98667955,134797.75598667955,32000.0,0.0,119793.33207536844,731935.2445311574,396602.08233405865,0.005999343903768242,0.004300000000000241,27.91180505624791,17.052050913107934,13988950.356396288,-1012842.5278666781,12971356.24331095,6871244609.382478,6871244609.382478,0.0
544,0.0,12715254.816060832,544.0,544,8116.109118443095,6106.231052721398,6116.109118443093,2,2,5106.231052721398,9.87446435123607,17.648719444131455,17.648719444131455,1.0,2000.0,13752700.0,400000.0,9972700.0,134797755.98667955,134797.75598667955,32000.0,0.0,119617.99703729985,733068.1002852843,396080.69567271386,0.006002625820559311,0.004300000000000241,27.97112001852101,17.094557646700448,13983039.648148626,-1006952.5498207448,12971356.24331095,6884215965.625789,6884215965.625789,0.0
545,0.0,12715254.816060832,545.0,545,8125.979999828005,6116.109118443095,6125.979999828003,2,2,5116.109118443095,9.86729841858429,17.648719444131455,17.648719444131455,1.0,2000.0,13752700.0,400000.0,9972700.0,134797755.98667955,134797.75598667955,32000.0,0.0,119443.68162419416,734199.6045106894,395556.56589332153,0.005999999999997016,0.0042999720643173665,28.03038383065581,17.137033282843404,13977144.430031465,-1001078.089726464,12971356.24331095,6897187321.8691,6897187321.8691,0.0
546,0.0,12715254.816060832,546.0,546,8135.8437340618075,6125.979999828005,6135.843734061806,2,2,5125.979999828005,9.860170049020752,17.648719444131455,17.648719444131455,1.0,2000.0,13752700.0,400000.0,9972700.0,134797755.98667955,134797.75598667955,32000.0,0.0,119270.38314971015,735330.8225700039,395017.3976441478,0.006000984413452658,0.0042999720643173665,28.089612274994582,17.179477797048705,13971154.533043869,-995109.495291083,12971356.24331095,6910158678.112411,6910158678.112411,0.0
547,0.0,12715254.816060832,547.0,547,8145.700358564675,6135.8437340618075,6145.7003585646735,2,2,5135.8437340618075,9.853078956714372,17.648719444131455,17.648719444131455,1.0,2000.0,13752700.0,400000.0,9972700.0,134797755.98667955,134797.75598667955,32000.0,0.0,119098.11790961721,736461.0567492697,394478.6197873614,0.006000984413448181,0.0042999720643173665,28.14879538891341,17.221891578703907,13965216.002931047,-989192.1280674883,12971356.24331095,6923130034.355721,6923130034.355721,0.0
548,0.0,12715254.816060832,548.0,548,8155.549910473192,6145.700358564675,6155.54991047319,2,2,5145.700358564675,9.846024860318556,17.648719444131455,17.648719444131455,1.0,2000.0,13752700.0,400000.0,9972700.0,134797755.98667955,134797.75598667955,32000.0,0.0,118926.87703587826,737590.2735942127,393940.23027899413,0.006000984413448181,0.0042999720643173665,28.207932836955507,17.264274788714705,13959328.03846644,-983325.1891077305,12971356.243310949,6936101390.599032,6936101390.599032,0.0
549,0.0,12715254.816060832,549.0,549,8165.392426547569,6155.549910473192,6165.392426547567,2,2,5155.549910473192,9.839007288436092,17.648719444131455,17.648719444131455,1.0,2000.0,13752700.0,400000.0,9972700.0,134797755.98667955,134797.75598667955,32000.0,0.0,118756.65179876353,738719.0530067418,393404.39248695306,0.006000000000176517,0.0042999720643173665,28.267033382836267,17.30662758676737,13953517.059188653,-977534.9719189476,12971356.24331095,6949072746.842343,6949072746.842343,0.0
550,0.0,12715254.816060832,550.0,550,8175.2279421869325,6165.392426547569,6175.227942186931,2,2,5165.392426547569,9.83202399029057,17.648719444131455,17.648719444131455,1.0,2000.0,13752700.0,400000.0,9972700.0,134797755.98667955,134797.75598667955,32000.0,0.0,118587.42891682571,739846.6657933004,392897.31586815085,0.006005911330040307,0.0042999720643173665,28.326086365547972,17.348950130929786,13948031.596386917,-972068.8321760965,12971356.24331095,6962044103.085654,6962044103.085654,0.0
551,0.0,12715254.816060832,551.0,551,8185.056489450458,6175.2279421869325,6185.056489450456,2,2,5175.2279421869325,9.82507053675904,17.648719444131455,17.648719444131455,1.0,2000.0,13752700.0,400000.0,9972700.0,134797755.98667955,134797.75598667955,32000.0,0.0,118419.1522884204,740973.6728434437,392449.9035312535,0.005996065573759556,0.0042999720643173665,28.3851002592479,17.391242573417205,13943175.053330267,-967228.7298492581,12971356.24331095,6975015459.328965,6975015459.328965,0.0
552,0.0,12715254.816060832,552.0,552,8194.878107283745,6185.056489450458,6194.878107283742,2,2,5185.056489450458,9.818165129812897,17.648719444131455,17.648719444131455,1.0,2000.0,13752700.0,400000.0,9972700.0,134797755.98667955,134797.75598667955,32000.0,0.0,118251.71353905593,741774.1926957736,392065.39070476877,0.004104039408867394,0.0042999720643173665,28.439240084780234,17.433505052083188,13935786.025674967,-959868.2124414641,12971356.24331095,6987986815.572276,6987986815.572276,0.0
553,0.0,12715254.816060832,553.0,553,8204.692873866385,6194.878107283745,6204.692873866382,2,2,5194.878107283745,9.811368035467869,17.648719444131455,17.648719444131455,1.0,2000.0,13752700.0,400000.0,9972700.0,134797755.98667955,134797.75598667955,32000.0,0.0,118085.54898243552,741641.9244234547,391746.17685303156,0.00409731147540886,0.0042999720643173665,28.479510297145804,17.475737734392723,13920002.803133711,-944153.4283933854,12971356.24331095,7000958171.815587,7000958171.815587,0.0
554,0.0,12715254.816060832,554.0,554,8214.500894568871,6204.692873866385,6214.500894568869,2,2,5204.692873866385,9.804673369505727,17.648719444131455,17.648719444131455,1.0,2000.0,13752700.0,400000.0,9972700.0,134797755.98667955,134797.75598667955,32000.0,0.0,117922.10484106575,741509.5205066566,391495.1036968563,0.00409731147540886,0.0042999720643173665,28.519749036762118,17.51794095651587,13905071.099609017,-929286.4121342361,12971356.24331095,7013929528.058898,7013929528.058898,0.0
555,0.0,12715254.816060832,555.0,555,8224.302262567457,6214.500894568871,6224.302262567454,2,2,5214.500894568871,9.798062627664825,17.648719444131455,17.648719444131455,1.0,2000.0,13752700.0,400000.0,9972700.0,134797755.98667955,134797.75598667955,32000.0,0.0,117761.23435630111,741377.4548504684,391492.8979450117,0.004110789473674001,0.004299999999996151,28.55996400317097,17.560115386644593,13892746.604093058,-917014.4810439559,12971356.24331095,7026900884.302209,7026900884.302209,0.0
556,0.0,12715254.816060832,556.0,556,8234.097062092082,6224.302262567457,6234.097062092078,2,2,5224.302262567457,9.791536421583656,17.648719444131455,17.648719444131455,1.0,2000.0,13752700.0,400000.0,9972700.0,134797755.98667955,134797.75598667955,32000.0,0.0,117602.48828816162,741245.1782524054,391469.890267056,0.00410179431072,0.004300109932247083,28.600148210824152,17.60226218777116,13880360.392095366,-904681.34690998,12971356.243310947,7039872240.54552,7039872240.54552,0.0
557,0.0,12715254.816060832,557.0,557,8243.885377880937,6234.097062092082,6243.885377880933,2,2,5234.097062092082,9.785095156128028,17.648719444131455,17.648719444131455,1.0,2000.0,13752700.0,400000.0,9972700.0,134797755.98667955,134797.75598667955,32000.0,0.0,117445.87723161909,741113.1174367154,391428.47154454194,0.004104039408861265,0.004300109932247083,28.640307533643163,17.64438090249137,13867941.159873545,-892315.568766341,12971356.243310949,7052843596.788831,7052843596.788831,0.0
558,0.0,12715254.816060832,558.0,558,8253.66794246444,6243.885377880937,6253.667942464437,2,2,5243.885377880937,9.780034010878516,17.648719444131455,17.648719444131455,1.0,2000.0,13752700.0,400000.0,9972700.0,134797755.98667955,134797.75598667955,32000.0,0.0,117291.40683773825,740981.1506538525,372868.48883159447,0.004099551667575354,0.0042999602606170525,28.6804397016162,17.686471067196578,13675426.617381467,-700714.0504649162,12971356.24331095,7065814953.032142,7065814953.032142,0.0
559,0.0,12715254.816060832,559.0,559,8263.44690090608,6253.667942464441,6263.446900906076,2,2,5253.667942464441,9.777882872399342,17.648719444131455,17.648719444131455,1.0,2000.0,13752700.0,400000.0,9972700.0,134797755.98667955,134797.75598667955,32000.0,0.0,117170.10493607714,740849.3368352982,332228.94049440895,0.004099551667575354,0.0042999602606170525,28.720548613377925,17.728535706152563,13270497.78935744,-297714.6940425333,12971356.24331095,7078786309.275453,7078786309.275453,0.0
560,0.0,12715254.816060832,560.0,560,8273.225145312743,6263.4469009060795,6273.225145312739,2,2,5263.4469009060795,9.778605940927111,17.648719444131455,17.648719444131455,1.0,2000.0,13752700.0,400000.0,9972700.0,134797755.98667955,134797.75598667955,32000.0,0.0,117118.56699629151,740717.4820897155,291636.44953129167,0.004104039408861265,0.0042999602606170525,28.760641411636886,17.770584838841835,12870812.254738532,100064.4120603368,12971356.24331095,7091757665.518764,7091757665.518764,0.0
561,0.0,12715254.816060832,561.0,561,8283.00553383198,6273.225145312743,6283.005533831976,2,2,5273.225145312743,9.7821710975475,17.648719444131455,17.648719444131455,1.0,2000.0,13752700.0,400000.0,9972700.0,134797755.98667955,134797.75598667955,32000.0,0.0,117135.88933122037,740585.6586074736,251044.28026754156,0.004101153305200291,0.0042999602606170525,28.800731603429337,17.81263090120909,12475507.434397576,493485.07410818426,12971356.24331095,7104729021.762074,7104729021.762074,0.0
562,0.0,12715254.816060832,562.0,562,8292.790847886761,6283.00553383198,6292.790847886757,2,2,5283.00553383198,9.788457012014229,17.648719444131455,17.648719444131455,1.0,2000.0,13752700.0,400000.0,9972700.0,134797755.98667955,134797.75598667955,32000.0,0.0,117221.31744257474,740453.9149204846,211732.9876274627,0.004110789473674001,0.004299999999995869,28.840832211046877,17.854686195475892,12096663.711333808,870527.5836221033,12971356.24331095,7117700378.005385,7117700378.005385,0.0
563,0.0,12715254.816060832,563.0,563,8302.582414985169,6292.790847886761,6302.582414985164,2,2,5292.790847886761,9.794677184800891,17.648719444131455,17.648719444131455,1.0,2000.0,13752700.0,400000.0,9972700.0,134797755.98667955,134797.75598667955,32000.0,0.0,117372.01607816189,740321.963565796,211803.1057496381,0.004099999999997184,0.004299529797698728,28.880952996332734,17.896764748585447,12105263.8927901,861973.5788866325,12971356.24331095,7130671734.248696,7130671734.248696,0.0
564,0.0,12715254.816060832,564.0,564,8312.380169658982,6302.582414985169,6312.380169658977,2,2,5302.582414985169,9.800832162824872,17.648719444131455,17.648719444131455,1.0,2000.0,13752700.0,400000.0,9972700.0,134797755.98667955,134797.75598667955,32000.0,0.0,117521.23391421241,740190.0031001647,211876.84540095652,0.00410179431072,0.004301209563990793,28.92109783364686,17.938867488902712,12113805.12683938,853478.0739333504,12971356.24331095,7143643090.492007,7143643090.492007,0.0
565,0.0,12715254.816060832,565.0,565,8322.184047629007,6312.380169658982,6322.184047629003,2,2,5312.380169658982,9.806923777225723,17.648719444131455,17.648719444131455,1.0,2000.0,13752700.0,400000.0,9972700.0,134797755.98667955,134797.75598667955,32000.0,0.0,117668.9810777315,740058.0417442281,211935.730880198,0.004097311475404882,0.004304236453196044,28.961268338683613,17.9809959101521,12122107.951744642,845219.683702937,12971356.24331095,7156614446.735318,7156614446.735318,0.0
566,0.0,12715254.816060832,566.0,566,8331.993986964542,6322.184047629007,6331.993986964538,2,2,5322.184047629007,9.812954893844388,17.648719444131455,17.648719444131455,1.0,2000.0,13752700.0,400000.0,9972700.0,134797755.98667955,134797.75598667955,32000.0,0.0,117815.29861608618,739925.8340551263,211964.90293495098,0.004104039408867394,0.004299999999995549,29.001462942266237,18.023152084802938,12130027.18368487,837342.9125861805,12971356.24331095,7169585802.978629,7169585802.978629,0.0
567,0.0,12715254.816060832,567.0,567,8341.809924272382,6331.993986964542,6341.809924272377,2,2,5331.993986964542,9.81891972183431,17.648719444131455,17.648719444131455,1.0,2000.0,13752700.0,400000.0,9972700.0,134797755.98667955,134797.75598667955,32000.0,0.0,117960.25259206505,739793.6056148931,212087.33260961826,0.004097311475404882,0.00429999999999619,29.041685522455374,18.0653365439457,12138770.374253241,828645.9290754029,12971356.243310949,7182557159.22194,7182557159.22194,0.0
568,0.0,12715254.816060832,568.0,568,8351.63179668646,6341.809924272382,6351.631796686455,2,2,5341.809924272382,9.824825106322379,17.648719444131455,17.648719444131455,1.0,2000.0,13752700.0,400000.0,9972700.0,134797755.98667955,134797.75598667955,32000.0,0.0,118103.7010171878,739661.1997562121,212123.5312509885,0.004099999999994737,0.004300705496304724,29.081930389513555,18.107545922322515,12146573.954897614,820883.9571392318,12971356.24331095,7195528515.465251,7195528515.465251,0.0
569,0.0,12715254.816060832,569.0,569,8361.459545747613,6351.631796686461,6361.459545747608,2,2,5351.631796686461,9.83067301598297,17.648719444131455,17.648719444131455,1.0,2000.0,13752700.0,400000.0,9972700.0,134797755.98667955,134797.75598667955,32000.0,0.0,118245.80575303263,739528.8990993178,212141.7745534858,0.004101794310718056,0.004298942189418613,29.12220080350811,18.14977928675235,12154117.165792948,813380.9836030288,12971356.24331095,7208499871.708562,7208499871.708562,0.0
570,0.0,12715254.816060832,570.0,570,8371.293116749393,6361.459545747613,6371.293116749388,2,2,5361.459545747613,9.836468987577197,17.648719444131455,17.648719444131455,1.0,2000.0,13752700.0,400000.0,9972700.0,134797755.98667955,134797.75598667955,32000.0,0.0,118386.61163529025,739396.2404163533,212091.2113492078,0.004101794310718056,0.004297180327864121,29.162493066987707,18.19203981271515,12160900.141847841,806634.5262403066,12971356.24331095,7221471227.951873,7221471227.951873,0.0
571,0.0,12715254.816060832,571.0,571,8381.132456513084,6371.293116749393,6381.132456513078,2,2,5371.293116749393,9.842210539802391,17.648719444131455,17.648719444131455,1.0,2000.0,13752700.0,400000.0,9972700.0,134797755.98667955,134797.75598667955,32000.0,0.0,118526.24962587075,739263.7736184724,212084.94401829867,0.004104039408867394,0.004301209563990793,29.2028115033774,18.23432366458096,12168043.10053759,799529.6573967441,12971356.24331095,7234442584.195184,7234442584.195184,0.0
572,0.0,12715254.816060832,572.0,572,8390.97748413487,6381.1324565130835,6390.977484134864,2,2,5381.1324565130835,9.847844703769496,17.648719444131455,17.648719444131455,1.0,2000.0,13752700.0,400000.0,9972700.0,134797755.98667955,134797.75598667955,32000.0,0.0,118664.65767950166,739916.9809484673,212059.1456279969,0.006399300164015888,0.004300705496305258,29.254811026642624,18.276631523096817,12182616.60895132,785029.0382775189,12971356.24331095,7247413940.438495,7247413940.438495,0.0
573,0.0,12715254.816060832,573.0,573,8400.82806605108,6390.97748413487,6400.828066051076,2,2,5390.97748413487,9.85331912865372,17.648719444131455,17.648719444131455,1.0,2000.0,13752700.0,400000.0,9972700.0,134797755.98667955,134797.75598667955,32000.0,0.0,118800.55550421211,741310.6246448675,212058.53037857608,0.0063996182523058135,0.004300705496304724,29.317821615209187,18.318964561266505,12204550.520420622,763202.3322726643,12971356.24331095,7260385296.681806,7260385296.681806,0.0
574,0.0,12715254.816060832,574.0,574,8410.684067887534,6400.828066051081,6410.684067887529,2,2,5400.828066051081,9.858684544251833,17.648719444131455,17.648719444131455,1.0,2000.0,13752700.0,400000.0,9972700.0,134797755.98667955,134797.75598667955,32000.0,0.0,118932.67486758929,742001.1378706839,212062.22128902999,0.006399668479688188,0.0064999999999941485,29.380866237174658,18.371764009330345,12219409.871200562,748416.6559091049,12971356.24331095,7273356652.925117,7273356652.925117,0.0
575,0.0,12715254.816060832,575.0,575,8420.545407855414,6410.684067887534,6420.545407855409,2,2,5410.684067887534,9.863995391509185,17.648719444131455,17.648719444131455,1.0,2000.0,13752700.0,400000.0,9972700.0,134797755.98667955,134797.75598667955,32000.0,0.0,119062.23465526072,741934.3034973658,212063.38716490197,0.006399668479688188,0.006500087043850727,29.443941381463155,18.43583077803913,12226658.107128842,741206.1996494986,12971356.24331095,7286328009.168427,7286328009.168427,0.0
576,0.0,12715254.816060832,576.0,576,8430.412031749156,6420.545407855414,6430.4120317491515,2,2,5420.545407855414,9.869252395975224,17.648719444131455,17.648719444131455,1.0,2000.0,13752700.0,400000.0,9972700.0,134797755.98667955,134797.75598667955,32000.0,0.0,119190.54622755019,741867.8212863514,212063.11339146996,0.006400138828627577,0.006500087043850727,29.507054550250068,18.499930346199353,12233816.769029712,734084.7811107788,12971356.24331095,7299299365.411738,7299299365.411738,0.0
577,0.0,12715254.816060832,577.0,577,8440.283885991726,6430.412031749156,6440.283885991723,2,2,5430.412031749156,9.874456089166953,17.648719444131455,17.648719444131455,1.0,2000.0,13752700.0,400000.0,9972700.0,134797755.98667955,134797.75598667955,32000.0,0.0,119317.62499794179,741801.421167571,212064.30587077234,0.006400138828627577,0.00649993992883302,29.57020231293987,18.56406329025652,12240912.761944503,727025.6243440951,12971356.24331095,7312270721.655049,7312270721.655049,0.0
578,0.0,12715254.816060832,578.0,578,8450.160917559238,6440.2838859917265,6450.160917559236,2,2,5440.2838859917265,9.879607045858556,17.648719444131455,17.648719444131455,1.0,2000.0,13752700.0,400000.0,9972700.0,134797755.98667955,134797.75598667955,32000.0,0.0,119443.48174468573,741735.018315961,212066.32646222477,0.006400138828627577,0.00649993992883302,29.6333835505883,18.628229749819422,12247939.732506873,720035.0557557516,12971356.24331095,7325242077.89836,7325242077.89836,0.0
579,0.0,12715254.816060832,579.0,579,8460.043074038489,6450.160917559238,6460.043074038485,2,2,5450.160917559238,9.884705912641333,17.648719444131455,17.648719444131455,1.0,2000.0,13752700.0,400000.0,9972700.0,134797755.98667955,134797.75598667955,32000.0,0.0,119568.1283412081,741668.4964229417,212068.15429634685,0.006399999999999967,0.0065001777170136344,29.69659779237584,18.692430979743857,12254887.301650735,713123.408770095,12971356.243310949,7338213434.141671,7338213434.141671,0.0
580,0.0,12715254.816060832,580.0,580,8469.930303767402,6460.043074038489,6469.930303767398,2,2,5460.043074038489,9.889753545183984,17.648719444131455,17.648719444131455,1.0,2000.0,13752700.0,400000.0,9972700.0,134797755.98667955,134797.75598667955,32000.0,0.0,119691.578449773,741602.2109719131,212066.3252361622,0.006399999999999967,0.006499999999993081,29.759843593843044,18.75666026124815,12261725.767181592,706320.2500658267,12971356.24331095,7351184790.384982,7351184790.384982,0.0
581,0.0,12715254.816060832,581.0,581,8479.822556199428,6469.930303767402,6479.822556199424,2,2,5469.930303767402,9.894751318867726,17.648719444131455,17.648719444131455,1.0,2000.0,13752700.0,400000.0,9972700.0,134797755.98667955,134797.75598667955,32000.0,0.0,119813.85085098699,741535.4416122547,212053.9814236923,0.006399999999999967,0.006498781630735253,29.823121864108085,18.82092919132306,12268381.653968224,699698.7160646678,12971356.24331095,7364156146.628293,7364156146.628293,0.0
582,0.0,12715254.816060832,582.0,582,8489.71978195591,6479.822556199428,6489.719781955905,2,2,5479.822556199428,9.899700194094427,17.648719444131455,17.648719444131455,1.0,2000.0,13752700.0,400000.0,9972700.0,134797755.98667955,134797.75598667955,32000.0,0.0,119934.9769862374,741468.54900726,212036.45566946868,0.006399999999999967,0.006499999999993081,29.88643227967305,18.885232095294157,12274912.881225891,693201.1616996784,12971356.24331095,7377127502.871604,7377127502.871604,0.0
583,0.0,12715254.816060832,583.0,583,8499.621934015635,6489.71978195591,6499.62193401563,2,2,5489.71978195591,9.904603925356517,17.648719444131455,17.648719444131455,1.0,2000.0,13752700.0,400000.0,9972700.0,134797755.98667955,134797.75598667955,32000.0,0.0,120054.9783178677,741402.0846972078,211973.1142001533,0.006399999999999967,0.0064981049562622345,29.949774524514535,18.94956047391162,12280925.58328434,687219.6257640388,12971356.24331095,7390098859.114915,7390098859.114915,0.0
584,0.0,12715254.816060832,584.0,584,8509.52896678893,6499.621934015635,6509.5289667889265,2,2,5499.621934015635,9.909461621234888,17.648719444131455,17.648719444131455,1.0,2000.0,13752700.0,400000.0,9972700.0,134797755.98667955,134797.75598667955,32000.0,0.0,120173.94417477996,741335.4413830818,211930.32623022512,0.006399903461804758,0.0064981049562622345,30.013148286504713,19.01392302556878,12287073.239913885,681103.6730677893,12971356.24331095,7403070215.358226,7403070215.358226,0.0
585,0.0,12715254.816060832,585.0,585,8519.440834205745,6509.52896678893,6519.440834205742,2,2,5509.52896678893,9.914273212396518,17.648719444131455,17.648719444131455,1.0,2000.0,13752700.0,400000.0,9972700.0,134797755.98667955,134797.75598667955,32000.0,0.0,120291.85128784078,741367.9435784972,211797.1461018579,0.006399903461804758,0.004297180327870528,30.07655233984674,19.0768448424644,12293240.119299663,674968.4972655985,12971356.24331095,7416041571.601537,7416041571.601537,0.0
586,0.0,12715254.816060832,586.0,586,8529.357443613908,6519.440834205745,6529.357443613905,2,2,5519.440834205745,9.91894560392994,17.648719444131455,17.648719444131455,1.0,2000.0,13752700.0,400000.0,9972700.0,134797755.98667955,134797.75598667955,32000.0,0.0,120408.69632930288,742770.7843382317,211631.20228465102,0.006399903461804758,0.004300313525332089,30.139987334440562,19.11946582944413,12312545.92683601,655755.1905821367,12971356.24331095,7429012927.844848,7429012927.844848,0.0
587,0.0,12715254.816060832,587.0,587,8539.278658850464,6529.357443613908,6539.278658850462,2,2,5529.357443613908,9.923484869184223,17.648719444131455,17.648719444131455,1.0,2000.0,13752700.0,400000.0,9972700.0,134797755.98667955,134797.75598667955,32000.0,0.0,120522.21531980833,744174.2871098958,211400.08394885933,0.006399874644984963,0.0042971803278647035,30.203452581261985,19.162107246352498,12331022.286904642,637367.2351651147,12971356.24331095,7441984284.088159,7441984284.088159,0.0
588,0.0,12715254.816060832,588.0,588,8549.204349272992,6539.278658850464,6549.20434927299,2,2,5539.278658850464,9.927895975871625,17.648719444131455,17.648719444131455,1.0,2000.0,13752700.0,400000.0,9972700.0,134797755.98667955,134797.75598667955,32000.0,0.0,120632.55113743708,745578.5764198481,211118.46874938102,0.006399874644984963,0.004297180327864121,30.26694711510186,19.20476628037751,12348822.945063084,619651.6183628141,12971356.243310949,7454955640.33147,7454955640.33147,0.0
589,0.0,12715254.816060832,589.0,589,8559.134388570626,6549.204349272992,6559.134388570624,2,2,5549.204349272992,9.932182619396555,17.648719444131455,17.648719444131455,1.0,2000.0,13752700.0,400000.0,9972700.0,134797755.98667955,134797.75598667955,32000.0,0.0,120739.8201719668,746983.2672550809,210804.1003054623,0.006400123516364645,0.004299898019688361,30.330470976045163,19.247448684058398,12366125.629455514,602431.4516579474,12971356.24331095,7467926996.57478,7467926996.57478,0.0
590,0.0,12715254.816060832,590.0,590,8569.068653378987,6559.1343885706265,6569.068653378984,2,2,5559.1343885706265,9.936346997323861,17.648719444131455,17.648719444131455,1.0,2000.0,13752700.0,400000.0,9972700.0,134797755.98667955,134797.75598667955,32000.0,0.0,120844.10819167769,748388.8925389223,210477.22664285437,0.006400123516364645,0.004299898019688361,30.39402445407238,19.290146840369722,12383140.392434629,585497.6673405567,12971356.24331095,7480898352.818091,7480898352.818091,0.0
591,0.0,12715254.816060832,591.0,591,8579.007022109674,6569.068653378987,6579.00702210967,2,2,5569.068653378987,9.940390464049184,17.648719444131455,17.648719444131455,1.0,2000.0,13752700.0,400000.0,9972700.0,134797755.98667955,134797.75598667955,32000.0,0.0,120945.46477275297,749795.0962904332,210149.86849360718,0.0063999696790216646,0.004299898019688361,30.457604684114052,19.33286316594625,12399985.248852253,568732.8059720455,12971356.24331095,7493869709.061402,7493869709.061402,0.0
592,0.0,12715254.816060832,592.0,592,8588.949374752185,6579.007022109674,6588.949374752182,2,2,5579.007022109674,9.944314820973775,17.648719444131455,17.648719444131455,1.0,2000.0,13752700.0,400000.0,9972700.0,134797755.98667955,134797.75598667955,32000.0,0.0,121043.91915775592,751201.7344241319,209815.5387831705,0.0063999696790216646,0.0042999999999960145,30.52120994264939,19.375598075069572,12416596.065269006,552200.714036201,12971356.24331095,7506841065.304713,7506841065.304713,0.0
593,0.0,12715254.816060832,593.0,593,8598.895592858074,6588.949374752185,6598.895592858073,2,2,5588.949374752185,9.94812139080713,17.648719444131455,17.648719444131455,1.0,2000.0,13752700.0,400000.0,9972700.0,134797755.98667955,134797.75598667955,32000.0,0.0,121139.51164183239,752608.931272654,209480.63679935152,0.0063999696790216646,0.0042999999999960145,30.584840698099597,19.41835019143233,12433039.546093436,535835.0038688022,12971356.24331095,7519812421.548024,7519812421.548024,0.0
594,0.0,12715254.816060832,594.0,594,8608.845560602029,6598.895592858074,6608.845560602027,2,2,5598.895592858074,9.95181409710151,17.648719444131455,17.648719444131455,1.0,2000.0,13752700.0,400000.0,9972700.0,134797755.98667955,134797.75598667955,32000.0,0.0,121232.2710276371,754016.5332533896,209107.92859238037,0.0063999696790216646,0.004299884050160054,30.648496192398227,19.461121035679742,12448946.806861514,520002.8697482285,12971356.24331095,7532783777.791335,7532783777.791335,0.0
595,0.0,12715254.816060832,595.0,595,8618.799164102682,6608.845560602029,6618.799164102681,2,2,5608.845560602029,9.955392904205691,17.648719444131455,17.648719444131455,1.0,2000.0,13752700.0,400000.0,9972700.0,134797755.98667955,134797.75598667955,32000.0,0.0,121322.28968350372,755424.8856677572,208752.98095705622,0.0063999696790216646,0.004299884050160054,30.71217568426678,19.503904743281577,12464876.883680673,504147.8603956436,12971356.24331095,7545755134.034646,7545755134.034646,0.0
596,0.0,12715254.816060832,596.0,596,8628.75629048058,6618.799164102682,6628.756290480579,2,2,5618.799164102682,9.958859851590846,17.648719444131455,17.648719444131455,1.0,2000.0,13752700.0,400000.0,9972700.0,134797755.98667955,134797.75598667955,32000.0,0.0,121409.56364945856,756833.5526902165,208386.5658226004,0.0063999696790216646,0.004299529797699732,30.775878444867963,19.5467070517625,12480535.407174408,488562.99687181605,12971356.243310949,7558726490.277957,7558726490.277957,0.0
597,0.0,12715254.816060832,597.0,597,8638.716827982882,6628.75629048058,6638.716827982881,2,2,5628.75629048058,9.962215153013224,17.648719444131455,17.648719444131455,1.0,2000.0,13752700.0,400000.0,9972700.0,134797755.98667955,134797.75598667955,32000.0,0.0,121494.13969094436,758243.0269818258,208033.92371553436,0.0063999696790216646,0.00429999999999616,30.839603751776696,19.589519929064487,12496180.04353783,472991.80557039764,12971356.243310949,7571697846.521268,7571697846.521268,0.0
598,0.0,12715254.816060832,598.0,598,8648.680664557269,6638.716827982882,6648.680664557268,2,2,5638.716827982882,9.965457995759749,17.648719444131455,17.648719444131455,1.0,2000.0,13752700.0,400000.0,9972700.0,134797755.98667955,134797.75598667955,32000.0,0.0,121576.0201747847,759652.7594421578,207710.205031922,0.0063999696790216646,0.004299529797698728,30.90335088977819,19.63235080699899,12511955.664145313,457290.08567268413,12971356.24331095,7584669202.764579,7584669202.764579,0.0
599,0.0,12715254.816060832,599.0,599,8658.647687378312,6648.680664557269,6658.647687378312,2,2,5648.680664557269,9.96858764632825,17.648719444131455,17.648719444131455,1.0,2000.0,13752700.0,400000.0,9972700.0,134797755.98667955,134797.75598667955,32000.0,0.0,121655.18250493359,761063.0019083596,207414.1262654727,0.0063999696790216646,0.0043004341241755,30.96711914174099,19.675195231916167,12527850.658910852,441469.39763615513,12971356.243310947,7597640559.00789,7597640559.00789,0.0
600,0.0,12715254.816060832,600.0,600,8668.617782756912,6658.647687378312,6668.617782756911,2,2,5658.647687378312,9.971603110869584,17.648719444131455,17.648719444131455,1.0,2000.0,13752700.0,400000.0,9972700.0,134797755.98667955,134797.75598667955,32000.0,0.0,121731.60608659706,762473.8171614052,207149.43140603663,0.006400166320169885,0.004299999999997355,31.03090917105784,19.718052935724792,12543901.52892119,425493.41165987536,12971356.24331095,7610611915.251201,7610611915.251201,0.0
601,0.0,12715254.816060832,601.0,601,8678.590834940105,6668.617782756912,6678.590834940104,2,2,5668.617782756912,9.974501255517982,17.648719444131455,17.648719444131455,1.0,2000.0,13752700.0,400000.0,9972700.0,134797755.98667955,134797.75598667955,32000.0,0.0,121805.26403586235,763885.0126398809,206947.0082415671,0.006400166320169885,0.004300705496304724,31.094719439708832,19.760925237446795,12560411.384278288,409060.4105919306,12971356.24331095,7623583271.494512,7623583271.494512,0.0
602,0.0,12715254.816060832,602.0,602,8688.56672548412,6678.590834940105,6688.566725484118,2,2,5678.590834940105,9.977279832509497,17.648719444131455,17.648719444131455,1.0,2000.0,13752700.0,400000.0,9972700.0,134797755.98667955,134797.75598667955,32000.0,0.0,121876.077238004,765296.5716735545,206794.67784920608,0.006400166320169885,0.004299529797699797,31.158548632401004,19.803811069126144,12577254.467202926,392295.57679271535,12971356.24331095,7636554627.737823,7636554627.737823,0.0
603,0.0,12715254.816060832,603.0,603,8698.545333723785,6688.566725484119,6698.545333723784,2,2,5688.566725484119,9.979936646822182,17.648719444131455,17.648719444131455,1.0,2000.0,13752700.0,400000.0,9972700.0,134797755.98667955,134797.75598667955,32000.0,0.0,121943.98824884591,766708.6670498026,206691.83810036496,0.006399952548655795,0.004300705496306328,31.222394669811454,19.846705787786338,12594423.049350455,375206.605599044,12971356.24331095,7649525983.981133,7649525983.981133,0.0
604,0.0,12715254.816060832,604.0,604,8708.5265371676,6698.545333723785,6708.526537167598,2,2,5698.545333723785,9.98247024080555,17.648719444131455,17.648719444131455,1.0,2000.0,13752700.0,400000.0,9972700.0,134797755.98667955,134797.75598667955,32000.0,0.0,122008.94095636587,768120.895997746,206628.67633516094,0.006399952548655795,0.004297180327864509,31.28625728904694,19.88961510646268,12611812.186349737,357897.96389313665,12971356.24331095,7662497340.224444,7662497340.224444,0.0
605,0.0,12715254.816060832,605.0,605,8718.510212576011,6708.5265371676,6718.5102125760095,2,2,5708.5265371676,9.984880576017709,17.648719444131455,17.648719444131455,1.0,2000.0,13752700.0,400000.0,9972700.0,134797755.98667955,134797.75598667955,32000.0,0.0,122070.89733299633,769533.7314229578,206584.6524809263,0.006399952548655795,0.004301881838068869,31.350136517465835,19.93253203599358,12629219.975488342,340570.6348404327,12971356.24331095,7675468696.467755,7675468696.467755,0.0
606,0.0,12715254.816060832,606.0,606,8728.496236413625,6718.510212576011,6728.496236413624,2,2,5718.510212576011,9.987167099210362,17.648719444131455,17.648719444131455,1.0,2000.0,13752700.0,400000.0,9972700.0,134797755.98667955,134797.75598667955,32000.0,0.0,122129.85414373627,770946.5726767384,206567.70492419874,0.006399952548655795,0.004299743513267803,31.41403156634085,19.97546469950188,12646718.879838208,323152.4926082052,12971356.243310949,7688440052.711066,7688440052.711066,0.0
607,0.0,12715254.816060832,607.0,607,8738.484485273251,6728.4962364136245,6738.484485273249,2,2,5728.4962364136245,9.989330620041859,17.648719444131455,17.648719444131455,1.0,2000.0,13752700.0,400000.0,9972700.0,134797755.98667955,134797.75598667955,32000.0,0.0,122185.79566774865,772359.9739985863,206557.878869614,0.006399952548655795,0.004299823662083117,31.47794164505132,20.018404083092065,12664114.757841488,305836.7967813207,12971356.24331095,7701411408.954377,7701411408.954377,0.0
608,0.0,12715254.816060832,608.0,608,8748.474836721596,6738.484485273251,6748.474836721595,2,2,5738.484485273251,9.99137227664945,17.648719444131455,17.648719444131455,1.0,2000.0,13752700.0,400000.0,9972700.0,134797755.98667955,134797.75598667955,32000.0,0.0,122238.73963971969,773773.6910327423,206550.5833237129,0.006399952548655795,0.004300082987547879,31.541865963797097,20.0613530224807,12681360.206871364,288670.74025151785,12971356.24331095,7714382765.197688,7714382765.197688,0.0
609,0.0,12715254.816060832,609.0,609,8758.46716940479,6748.474836721596,6758.467169404788,2,2,5748.474836721596,9.99329308973733,17.648719444131455,17.648719444131455,1.0,2000.0,13752700.0,400000.0,9972700.0,134797755.98667955,134797.75598667955,32000.0,0.0,122288.71196398404,775187.6210767872,206547.4050154164,0.006399952548655795,0.004299999999995549,31.6058037390109,20.104312257900638,12698471.149429196,271638.48024722893,12971356.243310949,7727354121.440999,7727354121.440999,0.0
610,0.0,12715254.816060832,610.0,610,8768.461411428085,6758.46716940479,6768.461411428083,2,2,5758.46716940479,9.995190956852559,17.648719444131455,17.648719444131455,1.0,2000.0,13752700.0,400000.0,9972700.0,134797755.98667955,134797.75598667955,32000.0,0.0,122335.73580230503,775218.8818550705,206547.4050154164,0.006399952548655795,0.006800418332814234,31.66975419403372,20.167798895435485,12701679.975274734,268444.7802855853,12971356.24331095,7740325477.68431,7740325477.68431,0.0
611,0.0,12715254.816060832,611.0,611,8778.457550500047,6768.461411428085,6778.457550500045,2,2,5768.461411428085,9.997087187071257,17.648719444131455,17.648719444131455,1.0,2000.0,13752700.0,400000.0,9972700.0,134797755.98667955,134797.75598667955,32000.0,0.0,122382.20677333529,774949.4205684554,206547.4050154164,0.006399952548655795,0.006799669501816326,31.73371686874259,20.235759578637044,12701861.891799396,268264.1592953112,12971356.24331095,7753296833.927621,7753296833.927621,0.0
612,0.0,12715254.816060832,612.0,612,8788.455585029405,6778.457550500047,6788.455585029404,2,2,5778.457550500047,9.998981871646146,17.648719444131455,17.648719444131455,1.0,2000.0,13752700.0,400000.0,9972700.0,134797755.98667955,134797.75598667955,32000.0,0.0,122428.64647673277,774680.0670480945,206546.33093962976,0.006399952548655795,0.006800131236132369,31.79769168447291,20.303730803927586,12702030.966830924,268096.3199269105,12971356.24331095,7766268190.170932,7766268190.170932,0.0
613,0.0,12715254.816060832,613.0,613,8798.45551354003,6788.4555850294055,6798.455513540028,2,2,5788.4555850294055,10.000875149602589,17.648719444131455,17.648719444131455,1.0,2000.0,13752700.0,400000.0,9972700.0,134797755.98667955,134797.75598667955,32000.0,0.0,122475.05712514762,774410.4041146439,206543.90333158014,0.006399952548655795,0.006800131236132369,31.86167863104063,20.37171875083061,12702180.397836752,267948.0337840308,12971356.24331095,7779239546.414243,7779239546.414243,0.0
614,0.0,12715254.816060832,614.0,614,8808.457334570772,6798.45551354003,6808.457334570771,2,2,5798.45551354003,10.002766911883835,17.648719444131455,17.648719444131455,1.0,2000.0,13752700.0,400000.0,9972700.0,134797755.98667955,134797.75598667955,32000.0,0.0,122521.44210347478,774140.7719438842,206543.3035405113,0.00640010119377033,0.006800131236132369,31.92567891335685,20.439719577054795,12702345.450750658,267784.1958247837,12971356.243310947,7792210902.657554,7792210902.657554,0.0
615,0.0,12715254.816060832,615.0,615,8818.461046571492,6808.457334570772,6818.461046571492,2,2,5808.457334570772,10.004657089557547,17.648719444131455,17.648719444131455,1.0,2000.0,13752700.0,400000.0,9972700.0,134797755.98667955,134797.75598667955,32000.0,0.0,122567.79871951065,773871.2226314906,206543.92295169004,0.00640010119377033,0.006795540983600141,31.989691580075583,20.50773155830841,12702520.429768303,267610.4757950778,12971356.24331095,7805182258.900865,7805182258.900865,0.0
616,0.0,12715254.816060832,616.0,616,8828.466648031595,6818.461046571492,6828.4666480315955,2,2,5818.461046571492,10.006545830649022,17.648719444131455,17.648719444131455,1.0,2000.0,13752700.0,400000.0,9972700.0,134797755.98667955,134797.75598667955,32000.0,0.0,122614.12526255177,773601.6925464768,206542.73690926968,0.00640010119377033,0.006799999999993899,32.05371634919353,20.575755356683793,12702674.476073066,267457.59188484657,12971356.24331095,7818153615.144176,7818153615.144176,0.0
617,0.0,12715254.816060832,617.0,617,8838.474137427149,6828.4666480315955,6838.474137427148,2,2,5828.4666480315955,10.00843296045611,17.648719444131455,17.648719444131455,1.0,2000.0,13752700.0,400000.0,9972700.0,134797755.98667955,134797.75598667955,32000.0,0.0,122660.42533957718,773331.8867686416,206544.62655124636,0.00640010119377033,0.006802975929969826,32.117753211042725,20.643795338256464,12702853.496078249,267279.84684945334,12971356.24331095,7831124971.387486,7831124971.387486,0.0
618,0.0,12715254.816060832,618.0,618,8848.483513144689,6838.474137427149,6848.483513144687,2,2,5838.474137427149,10.010318474622531,17.648719444131455,17.648719444131455,1.0,2000.0,13752700.0,400000.0,9972700.0,134797755.98667955,134797.75598667955,32000.0,0.0,122706.69464683172,773062.124747408,206546.86615353785,0.00640010119377033,0.006798970476906086,32.181802155869846,20.711846753588514,12703033.264497753,267101.35554437735,12971356.24331095,7844096327.630797,7844096327.630797,0.0
619,0.0,12715254.816060832,619.0,619,8858.494773773704,6848.483513144689,6858.494773773702,2,2,5848.483513144689,10.012202783407462,17.648719444131455,17.648719444131455,1.0,2000.0,13752700.0,400000.0,9972700.0,134797755.98667955,134797.75598667955,32000.0,0.0,122752.93305512723,772792.4318951692,206543.50912981565,0.006399969860369832,0.006801115668575096,32.245862175016,20.7799082169763,12703154.76227119,266980.86850061547,12971356.243310949,7857067683.874108,7857067683.874108,0.0
620,0.0,12715254.816060832,620.0,620,8868.507918398996,6858.494773773704,6868.507918398996,2,2,5858.494773773704,10.014086467179395,17.648719444131455,17.648719444131455,1.0,2000.0,13752700.0,400000.0,9972700.0,134797755.98667955,134797.75598667955,32000.0,0.0,122799.15060568837,772522.3872827991,206532.48356386356,0.006399969860369832,0.006800787492755957,32.30993394130601,20.847986646587863,12703193.726632586,266942.5385338086,12971356.243310949,7870039040.117419,7870039040.117419,0.0
621,0.0,12715254.816060832,621.0,621,8878.522946588555,6868.5079183989965,6878.522946588555,2,2,5868.5079183989965,10.015969911938825,17.648719444131455,17.648719444131455,1.0,2000.0,13752700.0,400000.0,9972700.0,134797755.98667955,134797.75598667955,32000.0,0.0,122845.36152087823,772252.4863458615,206515.9805767074,0.006399969860369832,0.006799256424269418,32.374017765115404,20.91607500200036,12703177.774031052,266958.8753136128,12971356.24331095,7883010396.36073,7883010396.36073,0.0
622,0.0,12715254.816060832,622.0,622,8888.539858456246,6878.522946588555,6888.539858456246,2,2,5878.522946588555,10.017853823444185,17.648719444131455,17.648719444131455,1.0,2000.0,13752700.0,400000.0,9972700.0,134797755.98667955,134797.75598667955,32000.0,0.0,122891.5752641582,771982.3773349391,206489.72570919574,0.006399969860369832,0.006801912798867284,32.43811364367933,20.984178499369882,12703061.32133799,267075.25518129795,12971356.24331095,7895981752.604041,7895981752.604041,0.0
623,0.0,12715254.816060832,623.0,623,8898.558654669605,6888.539858456246,6898.558654669605,2,2,5888.539858456246,10.019738603272303,17.648719444131455,17.648719444131455,1.0,2000.0,13752700.0,400000.0,9972700.0,134797755.98667955,134797.75598667955,32000.0,0.0,122937.80915417171,771712.4276405055,206457.58737457736,0.006399969860369832,0.006799594393074991,32.50222157772654,21.052291688437215,12702887.625362057,267248.61852783855,12971356.24331095,7908953108.847352,7908953108.847352,0.0
624,0.0,12715254.816060832,624.0,624,8908.579337056995,6898.558654669605,6908.579337056995,2,2,5898.558654669605,10.021626171507778,17.648719444131455,17.648719444131455,1.0,2000.0,13752700.0,400000.0,9972700.0,134797755.98667955,134797.75598667955,32000.0,0.0,122984.07305543388,771442.1053069237,206398.34876678052,0.006399969860369832,0.00680018591938072,32.566341571529215,21.1204224661228,12702440.286281826,267694.3828256898,12971356.24331095,7921924465.090663,7921924465.090663,0.0
625,0.0,12715254.816060832,625.0,625,8918.601907995486,6908.579337056995,6918.601907995486,2,2,5908.579337056995,10.023515705472638,17.648719444131455,17.648719444131455,1.0,2000.0,13752700.0,400000.0,9972700.0,134797755.98667955,134797.75598667955,32000.0,0.0,123030.41412377583,771171.9759552069,206350.3211722928,0.006399969860369832,0.006799999999992798,32.63047363678886,21.188562451985266,12702109.961821115,268023.6656476322,12971356.24331095,7934895821.333974,7934895821.333974,0.0
626,0.0,12715254.816060832,626.0,626,8928.626342264071,6918.601907995486,6928.62634226407,2,2,5918.601907995486,10.025352831697246,17.648719444131455,17.648719444131455,1.0,2000.0,13752700.0,400000.0,9972700.0,134797755.98667955,134797.75598667955,32000.0,0.0,123076.81219487438,771750.7012660007,206229.76891047694,0.006399969860369832,0.005100371855627939,32.69461778871861,21.244120032030974,12709529.494114328,260638.261413602,12971356.24331095,7947867177.577285,7947867177.577285,0.0
627,0.0,12715254.816060832,627.0,627,8938.652577724566,6928.626342264071,6938.652577724565,2,2,5928.626342264071,10.027118089291745,17.648719444131455,17.648719444131455,1.0,2000.0,13752700.0,400000.0,9972700.0,134797755.98667955,134797.75598667955,32000.0,0.0,123121.93176502449,772629.0090858375,206095.695585053,0.006399969860369832,0.005099840649893702,32.75877386590482,21.295244618990843,12719727.394064913,250487.0563143399,12971356.243310949,7960838533.820596,7960838533.820596,0.0
628,0.0,12715254.816060832,628.0,628,8948.680542573098,6938.652577724566,6948.680542573097,2,2,5938.652577724566,10.028811607771603,17.648719444131455,17.648719444131455,1.0,2000.0,13752700.0,400000.0,9972700.0,134797755.98667955,134797.75598667955,32000.0,0.0,123165.29404133714,773507.4666753893,205970.72905638462,0.006399969860369832,0.00509944231820179,32.82294147066496,21.346378511385044,12729912.189755438,240348.84744504737,12971356.24331095,7973809890.063907,7973809890.063907,0.0
629,0.0,12715254.816060832,629.0,629,8958.71016726,6948.680542573098,6958.710167259998,2,2,5948.680542573098,10.03043776603063,17.648719444131455,17.648719444131455,1.0,2000.0,13752700.0,400000.0,9972700.0,134797755.98667955,134797.75598667955,32000.0,0.0,123206.9012736137,774386.0845945833,205794.14236361452,0.006399969860369832,0.0051005148915233564,32.88712014345641,21.39752109299289,12739477.671686416,230827.09817057048,12971356.24331095,7986781246.307218,7986781246.307218,0.0
630,0.0,12715254.816060832,630.0,630,8968.74138740915,6958.71016726,6968.74138740915,2,2,5958.71016726,10.032002532272204,17.648719444131455,17.648719444131455,1.0,2000.0,13752700.0,400000.0,9972700.0,134797755.98667955,134797.75598667955,32000.0,0.0,123246.86017831157,775264.8348286725,205542.58607448143,0.006399969860369832,0.005100371855627939,32.9513094391634,21.448672334354587,12748196.5608281,222148.0629037873,12971356.24331095,7999752602.550529,7999752602.550529,0.0
631,0.0,12715254.816060832,631.0,631,8978.77822315828,6968.741387409151,6978.77822315828,2,2,5968.741387409151,10.04166896598642,17.648719444131455,17.648719444131455,1.0,2000.0,13752700.0,400000.0,9972700.0,134797755.98667955,134797.75598667955,32000.0,0.0,123285.31663920698,776143.6514154087,88720.16258457719,0.006399999999993904,0.005099999999995174,33.01550895941548,21.499832815784337,11592012.200032154,1373100.7207925937,12971356.24331095,8012723958.793839,8012723958.793839,0.0
632,0.0,12715254.816060832,632.0,632,8988.827121756924,6978.7782231582805,6988.827121756923,2,2,5978.7782231582805,10.056128231299807,17.648719444131455,17.648719444131455,1.0,2000.0,13752700.0,400000.0,9972700.0,134797755.98667955,134797.75598667955,32000.0,0.0,123523.01663750708,777023.0801818724,17914.171083142952,0.006400123516350439,0.005100019801595674,33.07974506260583,21.55102079721589,10905647.835426396,2056382.9360388406,12971356.24331095,8025695315.03715,8025695315.03715,0.0
633,0.0,12715254.816060832,633.0,633,8998.890381822242,6988.827121756924,6998.8903818222425,2,2,5988.827121756924,10.070391899339597,17.648719444131455,17.648719444131455,1.0,2000.0,13752700.0,400000.0,9972700.0,134797755.98667955,134797.75598667955,32000.0,0.0,123879.00088032261,777903.62026407,17618.87255690029,0.006400123516350439,0.005100019801595674,33.14405925484043,21.602270379053195,10930705.5323652,2031464.4190253245,12971356.24331095,8038666671.280461,8038666671.280461,0.0
634,0.0,12715254.816060832,634.0,634,9008.967808933185,6998.8903818222425,7008.967808933185,2,2,5998.8903818222425,10.084462322544885,17.648719444131455,17.648719444131455,1.0,2000.0,13752700.0,400000.0,9972700.0,134797755.98667955,134797.75598667955,32000.0,0.0,124230.67143269861,778785.4187774203,17323.152002322728,0.006400123516350439,0.005100019801595674,33.20846536223563,21.65359320465493,10955543.85896019,2006763.192333798,12971356.24331095,8051638027.523772,8051638027.523772,0.0
635,0.0,12715254.816060832,635.0,635,9019.059211014417,7008.967808933185,7019.059211014417,2,2,6008.967808933185,10.09834183991998,17.648719444131455,17.648719444131455,1.0,2000.0,13752700.0,400000.0,9972700.0,134797755.98667955,134797.75598667955,32000.0,0.0,124578.06591016354,779668.0972050295,17027.01513269803,0.006400000000003737,0.005100019801595674,33.272956777169064,21.70498828246987,10980161.290263262,1982280.8081707812,12971356.24331095,8064609383.767083,8064609383.767083,0.0
636,0.0,12715254.816060832,636.0,636,9029.164398288185,7019.059211014417,7029.164398288185,2,2,6019.059211014417,10.112032707616141,17.648719444131455,17.648719444131455,1.0,2000.0,13752700.0,400000.0,9972700.0,134797755.98667955,134797.75598667955,32000.0,0.0,124921.2221969511,780552.2776679439,16730.46759238237,0.006400000000003737,0.005100019801595674,33.33754175048899,21.75645463291002,11004566.356857358,1958008.8071541148,12971356.24331095,8077580740.010394,8077580740.010394,0.0
637,0.0,12715254.816060832,637.0,637,9039.283182895233,7029.164398288185,7039.283182895233,2,2,6029.164398288185,10.125536506479705,17.648719444131455,17.648719444131455,1.0,2000.0,13752700.0,400000.0,9972700.0,134797755.98667955,134797.75598667955,32000.0,0.0,125260.17671287581,781437.684274563,16442.89227544335,0.006400000000003737,0.00509996420926993,33.40221494904114,21.807991016236453,11028853.010023225,1933853.6873803672,12971356.24331095,8090552096.253705,8090552096.253705,0.0
638,0.0,12715254.816060832,638.0,638,9049.415378515949,7039.283182895233,7049.415378515949,2,2,6039.283182895233,10.138854734952249,17.648719444131455,17.648719444131455,1.0,2000.0,13752700.0,400000.0,9972700.0,134797755.98667955,134797.75598667955,32000.0,0.0,125594.94969146521,782324.4122999768,16164.94279290672,0.006402800875271192,0.00509996420926993,33.46697680955059,21.85959645557371,11053030.438861832,1909806.3271233772,12971356.24331095,8103523452.497016,8103523452.497016,0.0
639,0.0,12715254.816060832,639.0,639,9059.560800671075,7049.415378515949,7059.560800671075,2,2,6049.415378515949,10.151989575300309,17.648719444131455,17.648719444131455,1.0,2000.0,13752700.0,400000.0,9972700.0,134797755.98667955,134797.75598667955,32000.0,0.0,125925.55978716795,783212.2823100412,15886.624927757595,0.006399737543566572,0.00509996420926993,33.53182400942426,21.911270290600683,11076997.37080158,1885967.5767890688,12971356.243310949,8116494808.740327,8116494808.740327,0.0
640,0.0,12715254.816060832,640.0,640,9069.719267049722,7059.560800671075,7069.7192670497225,2,2,6059.560800671075,10.164943181993202,17.648719444131455,17.648719444131455,1.0,2000.0,13752700.0,400000.0,9972700.0,134797755.98667955,134797.75598667955,32000.0,0.0,126252.04311283253,784101.1798852339,15607.94374739435,0.006395803278684769,0.00509996420926993,33.596753910177256,21.963011580479762,11100754.776540693,1862336.4994190976,12971356.243310949,8129466164.983638,8129466164.983638,0.0
641,0.0,12715254.816060832,641.0,641,9079.890597471744,7069.7192670497225,7079.890597471743,2,2,6069.7192670497225,10.177717662047582,17.648719444131455,17.648719444131455,1.0,2000.0,13752700.0,400000.0,9972700.0,134797755.98667955,134797.75598667955,32000.0,0.0,126574.43561910886,784991.281618034,15328.904259653527,0.006398800374877684,0.00509996420926993,33.661768202140635,22.014819395431935,11124306.551429488,1838909.2454125762,12971356.243310949,8142437521.226949,8142437521.226949,0.0
642,0.0,12715254.816060832,642.0,642,9090.074613854624,7079.890597471744,7090.074613854623,2,2,6079.890597471744,10.190315103712308,17.648719444131455,17.648719444131455,1.0,2000.0,13752700.0,400000.0,9972700.0,134797755.98667955,134797.75598667955,32000.0,0.0,126892.77259023524,785882.3676332169,15049.511413842692,0.006401800281286667,0.00509996420926993,33.7268627041041,22.0666928165449,11147652.532310044,1815686.0048787335,12971356.24331095,8155408877.47026,8155408877.47026,0.0
643,0.0,12715254.816060832,643.0,643,9100.271140175053,7090.074613854624,7100.271140175052,2,2,6090.074613854624,10.202737537147028,17.648719444131455,17.648719444131455,1.0,2000.0,13752700.0,400000.0,9972700.0,134797755.98667955,134797.75598667955,32000.0,0.0,127207.0893433603,786774.7880586216,14769.770101650573,0.006399300164021013,0.00509996420926993,33.79204170271474,22.11863093560421,11170798.32801999,1792661.2204624352,12971356.24331095,8168380233.713571,8168380233.713571,0.0
644,0.0,12715254.816060832,644.0,644,9110.480002429218,7100.271140175053,7110.480002429216,2,2,6100.271140175053,10.214986971181354,17.648719444131455,17.648719444131455,1.0,2000.0,13752700.0,400000.0,9972700.0,134797755.98667955,134797.75598667955,32000.0,0.0,127517.42023358853,787668.3824500137,14489.68515820184,0.006395803278670647,0.00509996420926993,33.857301919742085,22.170632854897274,11193744.311621575,1769834.5467016129,12971356.24331095,8181351589.9568815,8181351589.9568815,0.0
645,0.0,12715254.816060832,645.0,645,9120.70102862421,7110.480002429218,7120.701028624208,2,2,6110.480002429218,10.227065418802699,17.648719444131455,17.648719444131455,1.0,2000.0,13752700.0,400000.0,9972700.0,134797755.98667955,134797.75598667955,32000.0,0.0,127823.79955622088,788562.6350557405,14209.261363148757,0.0064000000001826,0.00509996420926993,33.922634815543866,22.222697687010886,11216487.218714178,1747209.2590360837,12971356.24331095,8194322946.200192,8194322946.200192,0.0
646,0.0,12715254.816060832,646.0,646,9130.934048734947,7120.701028624209,7130.9340487349455,2,2,6120.701028624209,10.238974802672153,17.648719444131455,17.648719444131455,1.0,2000.0,13752700.0,400000.0,9972700.0,134797755.98667955,134797.75598667955,32000.0,0.0,128126.26217357577,789458.3836593316,13928.503440906665,0.006399999999991444,0.00509996420926993,33.98805194319201,22.27482455478735,11239037.58137286,1724774.8958976471,12971356.243310949,8207294302.443503,8207294302.443503,0.0
647,0.0,12715254.816060832,647.0,647,9141.17889465942,7130.934048734947,7141.17889465942,2,2,6130.934048734947,10.250717046275946,17.648719444131455,17.648719444131455,1.0,2000.0,13752700.0,400000.0,9972700.0,134797755.98667955,134797.75598667955,32000.0,0.0,128424.8411369502,790355.1831812406,13647.416061836873,0.006399999999991444,0.00509996420926993,34.05354583190067,22.327012591104854,11261392.773076648,1702534.0960648907,12971356.243310947,8220265658.686814,8220265658.686814,0.0
648,0.0,12715254.816060832,648.0,648,9151.435400384922,7141.178894659421,7151.435400384922,2,2,6141.178894659421,10.262294404728461,17.648719444131455,17.648719444131455,1.0,2000.0,13752700.0,400000.0,9972700.0,134797755.98667955,134797.75598667955,32000.0,0.0,128719.56995444503,791252.6217860898,13361.25286585017,0.006401050041011004,0.005100034235082145,34.119109717634416,22.37926114234686,11283501.957686381,1680537.498806748,12971356.24331095,8233237014.930125,8233237014.930125,0.0
649,0.0,12715254.816060832,649.0,649,9161.70340236729,7151.435400384922,7161.703402367289,2,2,6151.435400384922,10.273709560005349,17.648719444131455,17.648719444131455,1.0,2000.0,13752700.0,400000.0,9972700.0,134797755.98667955,134797.75598667955,32000.0,0.0,129010.49090041831,792151.3827570498,13062.768840727345,0.006399999999995263,0.005100034235082145,34.18475320246038,22.431569672679235,11305300.170273062,1658849.8129812812,12971356.24331095,8246208371.173436,8246208371.173436,0.0
650,0.0,12715254.816060832,650.0,650,9171.982739324087,7161.7034023672895,7171.982739324085,2,2,6161.7034023672895,10.28496435358734,17.648719444131455,17.648719444131455,1.0,2000.0,13752700.0,400000.0,9972700.0,134797755.98667955,134797.75598667955,32000.0,0.0,129297.657451098,793050.9522811504,12763.950252438899,0.006401050041011004,0.005100034235082145,34.25046731512703,22.483936834315198,11326907.434039608,1637351.5587619129,12971356.24331095,8259179727.416747,8259179727.416747,0.0
651,0.0,12715254.816060832,651.0,651,9182.27325179128,7171.982739324087,7182.273251791277,2,2,6171.982739324087,10.296060580797048,17.648719444131455,17.648719444131455,1.0,2000.0,13752700.0,400000.0,9972700.0,134797755.98667955,134797.75598667955,32000.0,0.0,129581.10239933875,793951.5871905385,12464.80179461363,0.006399300164021013,0.005100034235082145,34.31625504371785,22.53636180470881,11348328.241833331,1616038.2836643562,12971356.243310949,8272151083.660058,8272151083.660058,0.0
652,0.0,12715254.816060832,652.0,652,9192.574782093181,7182.273251791279,7192.57478209318,2,2,6182.273251791279,10.307000023008241,17.648719444131455,17.648719444131455,1.0,2000.0,13752700.0,400000.0,9972700.0,134797755.98667955,134797.75598667955,32000.0,0.0,129860.85776721749,794853.0955777806,12165.328107961412,0.006399737543566572,0.005100034235082145,34.3821127276221,22.58884377058803,11369562.444698583,1594910.1563445625,12971356.24331095,8285122439.903369,8285122439.903369,0.0
653,0.0,12715254.816060832,653.0,653,9202.887174314495,7192.574782093181,7202.887174314495,2,2,6192.574782093181,10.317784419620954,17.648719444131455,17.648719444131455,1.0,2000.0,13752700.0,400000.0,9972700.0,134797755.98667955,134797.75598667955,32000.0,0.0,130136.95560600756,795755.6917499414,11865.533781147773,0.006400221032631017,0.005100034235082145,34.448042742371356,22.64138192780147,11390614.054002088,1573963.2024332203,12971356.24331095,8298093796.14668,8298093796.14668,0.0
654,0.0,12715254.816060832,654.0,654,9213.210274267029,7202.8871743144955,7213.210274267028,2,2,6202.8871743144955,10.328415485445285,17.648719444131455,17.648719444131455,1.0,2000.0,13752700.0,400000.0,9972700.0,134797755.98667955,134797.75598667955,32000.0,0.0,130409.42727897182,796659.3520095755,11565.423351607305,0.006398800374877684,0.005100034235082145,34.51404394119226,22.693975481175766,11411484.599629266,1553195.9177561596,12971356.24331095,8311065152.389991,8311065152.389991,0.0
655,0.0,12715254.816060832,655.0,655,9223.543929402658,7213.210274267029,7223.543929402657,2,2,6213.210274267029,10.338894785814174,17.648719444131455,17.648719444131455,1.0,2000.0,13752700.0,400000.0,9972700.0,134797755.98667955,134797.75598667955,32000.0,0.0,130678.3038889828,797563.692020376,11267.152046560535,0.0064000000000579895,0.005100034235082145,34.58010983530574,22.74662364434586,11432194.019509062,1532588.4680434463,12971356.243310949,8324036508.633302,8324036508.633302,0.0
656,0.0,12715254.816060832,656.0,656,9233.887988597528,7223.543929402658,7233.8879885975275,2,2,6223.543929402658,10.349223603926017,17.648719444131455,17.648719444131455,1.0,2000.0,13752700.0,400000.0,9972700.0,134797755.98667955,134797.75598667955,32000.0,0.0,130943.61310536602,798469.1742372289,10973.947274535154,0.0063999999999942705,0.005100034235082145,34.64624650817382,22.799325639311103,11452781.910447901,1512101.4425075904,12971356.24331095,8337007864.876613,8337007864.876613,0.0
657,0.0,12715254.816060832,657.0,657,9244.242327961576,7233.8879885975275,7244.242327961576,2,2,6233.8879885975275,10.359455124171083,17.648719444131455,17.648719444131455,1.0,2000.0,13752700.0,400000.0,9972700.0,134797755.98667955,134797.75598667955,32000.0,0.0,131205.37577497278,798634.920743072,10685.578991866967,0.004199999999997076,0.005100034235082145,34.70146075210639,22.852080695334653,11465604.666346345,1499345.994218427,12971356.24331095,8349979221.119924,8349979221.119924,0.0
658,0.0,12715254.816060832,658.0,658,9254.606878161892,7244.242327961576,7254.6068781618915,2,2,6244.242327961576,10.369645276460345,17.648719444131455,17.648719444131455,1.0,2000.0,13752700.0,400000.0,9972700.0,134797755.98667955,134797.75598667955,32000.0,0.0,131464.93032540026,798006.6229424815,10409.336892194407,0.004197245901633653,0.005100034235082145,34.74494615633539,22.904888180572957,11470226.38360548,1494756.4451868443,12971356.24331095,8362950577.3632345,8362950577.3632345,0.0
659,0.0,12715254.816060832,659.0,659,9264.98159687805,7254.606878161892,7264.981596878048,2,2,6254.606878161892,10.37979215585254,17.648719444131455,17.648719444131455,1.0,2000.0,13752700.0,400000.0,9972700.0,134797755.98667955,134797.75598667955,32000.0,0.0,131723.69037053,797377.9779367545,10168.822315463683,0.004200689089414504,0.005100034235082145,34.78847848468164,22.9577477414258,11475146.939445172,1489869.1582548944,12971356.24331095,8375921933.606545,8375921933.606545,0.0
660,0.0,12715254.816060832,660.0,660,9275.36644001275,7264.9815968780495,7275.366440012748,2,2,6264.9815968780495,10.389894113548916,17.648719444131455,17.648719444131455,1.0,2000.0,13752700.0,400000.0,9972700.0,134797755.98667955,134797.75598667955,32000.0,0.0,131981.60436840495,796748.6990954631,9960.908826076171,0.004199540732638547,0.005099999999995175,34.83205301057994,23.01065890407573,11480329.522694888,1484720.7808923353,12971356.24331095,8388893289.849856,8388893289.849856,0.0
661,0.0,12715254.816060832,661.0,661,9285.76136135453,7275.366440012751,7285.761361354528,2,2,6275.366440012751,10.399948570010869,17.648719444131455,17.648719444131455,1.0,2000.0,13752700.0,400000.0,9972700.0,134797755.98667955,134797.75598667955,32000.0,0.0,132238.62712117904,796118.84967112,9799.021777481226,0.004199999999996658,0.005099999999995181,34.87566856805039,23.06361956406266,11485912.562379437,1479173.4606643694,12971356.243310949,8401864646.093167,8401864646.093167,0.0
662,0.0,12715254.816060832,662.0,662,9296.166310179822,7285.761361354531,7296.1663101798185,2,2,6285.761361354531,10.409949080570554,17.648719444131455,17.648719444131455,1.0,2000.0,13752700.0,400000.0,9972700.0,134797755.98667955,134797.75598667955,32000.0,0.0,132494.6895671171,795488.1105142346,9738.982942534907,0.0041998687705006865,0.005099695794806294,34.919326134654526,23.11663543418258,11492469.279938629,1472656.3764557955,12971356.243310947,8414836002.336478,8414836002.336478,0.0
663,0.0,12715254.816060832,663.0,663,9306.581231445154,7296.166310179822,7306.58123144515,2,2,6296.166310179822,10.419893450091932,17.648719444131455,17.648719444131455,1.0,2000.0,13752700.0,400000.0,9972700.0,134797755.98667955,134797.75598667955,32000.0,0.0,132749.62382858785,794857.1225030588,9720.395309737427,0.004200424028265089,0.00510083675143037,34.96302889044541,23.169700185750873,11499373.8758882,1465792.6707480673,12971356.24331095,8427807358.579789,8427807358.579789,0.0
664,0.0,12715254.816060832,664.0,664,9317.006067071161,7306.581231445154,7317.006067071156,2,2,6306.581231445154,10.429777801922258,17.648719444131455,17.648719444131455,1.0,2000.0,13752700.0,400000.0,9972700.0,134797755.98667955,134797.75598667955,32000.0,0.0,133003.36990130422,794225.5555639623,9767.864257632455,0.004199967954831404,0.00509999999999442,35.00677209970712,23.22281398036801,11506876.703905532,1458333.0302823004,12971356.24331095,8440778714.8231,8440778714.8231,0.0
665,0.0,12715254.816060832,665.0,665,9327.4407553687,7317.006067071161,7327.440755368696,2,2,6317.006067071161,10.439598793156927,17.648719444131455,17.648719444131455,1.0,2000.0,13752700.0,400000.0,9972700.0,134797755.98667955,134797.75598667955,32000.0,0.0,133255.8246219011,793593.1318849496,9874.567537774892,0.004199967954831404,0.0050992278576791165,35.050556075270734,23.275981252773377,11514900.58682857,1450354.292891223,12971356.24331095,8453750071.066411,8453750071.066411,0.0
666,0.0,12715254.816060832,666.0,666,9337.885232803987,7327.4407553687,7337.885232803984,2,2,6327.4407553687,10.449356077417798,17.648719444131455,17.648719444131455,1.0,2000.0,13752700.0,400000.0,9972700.0,134797755.98667955,134797.75598667955,32000.0,0.0,133506.89812855236,792960.0961798973,9997.93366192965,0.004199967954831404,0.00510051489146476,35.09438143173905,23.329198986739655,11523002.207784073,1442297.9106720753,12971356.24331095,8466721427.309722,8466721427.309722,0.0
667,0.0,12715254.816060832,667.0,667,9348.339434671532,7337.885232803987,7348.339434671529,2,2,6337.885232803987,10.459047657672032,17.648719444131455,17.648719444131455,1.0,2000.0,13752700.0,400000.0,9972700.0,134797755.98667955,134797.75598667955,32000.0,0.0,133756.57698001864,792326.4682719611,10161.505734176415,0.004199967954831404,0.005099695794806294,35.13824790227222,23.382466621309987,11531426.94553647,1433919.5278531301,12971356.24331095,8479692783.553033,8479692783.553033,0.0
668,0.0,12715254.816060832,668.0,668,9358.803294528205,7348.339434671532,7358.803294528201,2,2,6348.339434671532,10.468672055672828,17.648719444131455,17.648719444131455,1.0,2000.0,13752700.0,400000.0,9972700.0,134797755.98667955,134797.75598667955,32000.0,0.0,134004.80543418217,791692.4572809691,10357.913809742511,0.004199967954831404,0.005099442318203394,35.18215521510925,23.43578078200366,11540098.528321322,1425295.091725106,12971356.24331095,8492664139.796344,8492664139.796344,0.0
669,0.0,12715254.816060832,669.0,669,9369.276746752268,7358.803294528205,7369.276746752264,2,2,6358.803294528205,10.478232392453886,17.648719444131455,17.648719444131455,1.0,2000.0,13752700.0,400000.0,9972700.0,134797755.98667955,134797.75598667955,32000.0,0.0,134251.5408963008,791057.7557223017,10521.997290481844,0.004199795868768371,0.005099999999997463,35.226103841358494,23.489146502091327,11548332.674947653,1417106.0371640285,12971356.243310949,8505635496.039655,8505635496.039655,0.0
670,0.0,12715254.816060832,670.0,670,9379.75974366508,7369.276746752268,7379.759743665076,2,2,6369.276746752268,10.487761433168675,17.648719444131455,17.648719444131455,1.0,2000.0,13752700.0,400000.0,9972700.0,134797755.98667955,134797.75598667955,32000.0,0.0,134496.8587360806,789962.0200171699,10690.568943466313,0.004199999999996658,0.0060002072180916554,35.27009185635643,23.5493919940348,11551709.134294067,1413754.3080337103,12971356.24331095,8518606852.282966,8518606852.282966,0.0
671,0.0,12715254.816060832,671.0,671,9390.2522608384,7379.759743665079,7390.252260838396,2,2,6379.759743665079,10.497272913471981,17.648719444131455,17.648719444131455,1.0,2000.0,13752700.0,400000.0,9972700.0,134797755.98667955,134797.75598667955,32000.0,0.0,134741.59635184883,788690.0309743292,10845.686726797418,0.004199827762965326,0.005999975546634817,35.31411960498448,23.612292297825654,11553049.081505964,1412430.5498299366,12971356.24331095,8531578208.526277,8531578208.526277,0.0
672,0.0,12715254.816060832,672.0,672,9400.754282526133,7390.252260838401,7400.754282526128,2,2,6390.252260838401,10.506770461992325,17.648719444131455,17.648719444131455,1.0,2000.0,13752700.0,400000.0,9972700.0,134797755.98667955,134797.75598667955,32000.0,0.0,134986.10480939285,787417.1171672445,10954.269560234881,0.004199999999996241,0.005999975546634817,35.35818817551809,23.675247144288228,11553854.269364676,1411639.273997695,12971356.24331095,8544549564.7695875,8544549564.7695875,0.0
673,0.0,12715254.816060832,673.0,673,9411.265795175108,7400.7542825261335,7411.265795175103,2,2,6400.7542825261335,10.516254835958485,17.648719444131455,17.648719444131455,1.0,2000.0,13752700.0,400000.0,9972700.0,134797755.98667955,134797.75598667955,32000.0,0.0,135230.47628771816,786143.0081275862,11057.030604359254,0.004199675800844789,0.005999975546634817,35.402296039189565,23.738259017604854,11554551.87479454,1410955.0811332674,12971356.243310949,8557520921.012898,8557520921.012898,0.0
674,0.0,12715254.816060832,674.0,674,9421.786788126818,7411.265795175108,7421.786788126813,2,2,6411.265795175108,10.525731067461187,17.648719444131455,17.648719444131455,1.0,2000.0,13752700.0,400000.0,9972700.0,134797755.98667955,134797.75598667955,32000.0,0.0,135474.72932415476,784868.0020988905,11092.549272787044,0.004199999999997076,0.005999975546634817,35.44644753973216,23.801327836456842,11554502.038271597,1411015.2008942454,12971356.24331095,8570492277.256209,8570492277.256209,0.0
675,0.0,12715254.816060832,675.0,675,9432.31725379083,7421.786788126818,7432.317253790827,2,2,6421.786788126818,10.535200260565833,17.648719444131455,17.648719444131455,1.0,2000.0,13752700.0,400000.0,9972700.0,134797755.98667955,134797.75598667955,32000.0,0.0,135718.9927680341,783591.4293253674,11116.819042998231,0.0041998687705006865,0.005999975546634817,35.49063267600016,23.864453536893418,11554290.157901907,1411236.6624244165,12971356.24331095,8583463633.49952,8583463633.49952,0.0
676,0.0,12715254.816060832,676.0,676,9442.857185519833,7432.31725379083,7442.85718551983,2,2,6432.31725379083,10.544663197440114,17.648719444131455,17.648719444131455,1.0,2000.0,13752700.0,400000.0,9972700.0,134797755.98667955,134797.75598667955,32000.0,0.0,135963.29454952735,782314.0067722643,11133.549678092651,0.0041995407326365555,0.005999999999993686,35.534862209464976,23.92763624274234,11553963.878383836,1411572.0213557759,12971356.243310949,8596434989.742832,8596434989.742832,0.0
677,0.0,12715254.816060832,677.0,677,9453.406577276613,7442.857185519833,7453.406577276611,2,2,6442.857185519833,10.55412031612101,17.648719444131455,17.648719444131455,1.0,2000.0,13752700.0,400000.0,9972700.0,134797755.98667955,134797.75598667955,32000.0,0.0,136207.65438562375,781035.581194946,11147.684795693971,0.004199675800844789,0.005999999999994637,35.57913014554219,23.99087223311631,11553574.39454265,1411970.2959447873,12971356.24331095,8609406345.986143,8609406345.986143,0.0
678,0.0,12715254.816060832,678.0,678,9463.96542362729,7453.4065772766135,7463.965423627287,2,2,6453.4065772766135,10.563572385232284,17.648719444131455,17.648719444131455,1.0,2000.0,13752700.0,400000.0,9972700.0,134797755.98667955,134797.75598667955,32000.0,0.0,136452.08316776884,779755.6281494102,11154.960943679704,0.004199827762965326,0.005998875351447413,35.62343700839187,24.054169813373218,11553071.844856318,1412481.1459558962,12971356.24331095,8622377702.229454,8622377702.229454,0.0
679,0.0,12715254.816060832,679.0,679,9474.533719665453,7463.965423627291,7474.533719665448,2,2,6463.965423627291,10.573019691089982,17.648719444131455,17.648719444131455,1.0,2000.0,13752700.0,400000.0,9972700.0,134797755.98667955,134797.75598667955,32000.0,0.0,136696.60038410156,778474.3927745459,11161.897785905388,0.004200524999996807,0.006001687763708393,35.66778265672897,24.117525205091965,11552528.28515586,1413032.8128986026,12971356.24331095,8635349058.472765,8635349058.472765,0.0
680,0.0,12715254.816060832,680.0,680,9485.111467987092,7474.533719665453,7485.111467987088,2,2,6474.533719665453,10.582476952188998,17.648719444131455,17.648719444131455,1.0,2000.0,13752700.0,400000.0,9972700.0,134797755.98667955,134797.75598667955,32000.0,0.0,136941.2131005162,776992.4982104038,11161.897785905388,0.0035001208772197233,0.006000984413448181,35.709204426010196,24.180933906622844,11549773.20992134,1415786.9658263458,12971356.24331095,8648320414.716076,8648320414.716076,0.0
681,0.0,12715254.816060832,681.0,681,9495.698689095825,7485.111467987092,7495.698689095821,2,2,6485.111467987092,10.591965265276377,17.648719444131455,17.648719444131455,1.0,2000.0,13752700.0,400000.0,9972700.0,134797755.98667955,134797.75598667955,32000.0,0.0,137186.30259342387,775209.9185749227,11161.897785905388,0.0034999999999966217,0.005999999999993435,35.74622503795168,24.244402727919645,11543838.735205328,1421707.618905562,12971356.243310947,8661291770.959387,8661291770.959387,0.0
682,0.0,12715254.816060832,682.0,682,9506.295413996157,7495.698689095825,7506.295413996152,2,2,6495.698689095825,10.601484535386373,17.648719444131455,17.648719444131455,1.0,2000.0,13752700.0,400000.0,9972700.0,134797755.98667955,134797.75598667955,32000.0,0.0,137432.41702150606,773426.0506545167,11161.897785905388,0.0035000000000005894,0.005998875351447413,35.783279611832214,24.307924625493346,11537906.099486493,1427626.5328309685,12971356.24331095,8674263127.202698,8674263127.202698,0.0
683,0.0,12715254.816060832,683.0,683,9516.90167360774,7506.295413996157,7516.901673607736,2,2,6506.295413996157,10.61103468778057,17.648719444131455,17.648719444131455,1.0,2000.0,13752700.0,400000.0,9972700.0,134797755.98667955,134797.75598667955,32000.0,0.0,137679.55608369462,771640.6310393639,11161.897785905388,0.0035000000000005894,0.005998523985233884,35.82036814898338,24.371503508898183,11531972.262980366,1433546.734834247,12971356.24331095,8687234483.446009,8687234483.446009,0.0
684,0.0,12715254.816060832,684.0,684,9527.517498783867,7516.901673607739,7527.517498783864,2,2,6516.901673607739,10.620615664476178,17.648719444131455,17.648719444131455,1.0,2000.0,13752700.0,400000.0,9972700.0,134797755.98667955,134797.75598667955,32000.0,0.0,137927.72000297107,769853.4429184791,11161.897785905388,0.0035000000000005894,0.006000342368040244,35.85749005762393,24.435142003186662,11526034.696610717,1439470.743611201,12971356.24331095,8700205839.68932,8700205839.68932,0.0
685,0.0,12715254.816060832,685.0,685,9538.142920316719,7527.517498783867,7538.142920316716,2,2,6527.517498783867,10.630227401228618,17.648719444131455,17.648719444131455,1.0,2000.0,13752700.0,400000.0,9972700.0,134797755.98667955,134797.75598667955,32000.0,0.0,138176.90943833304,768064.5954512525,11161.897785905388,0.0035000000000005894,0.005999935459579833,35.89464544574038,24.498838596742818,11520094.337192545,1445397.6260409935,12971356.24331095,8713177195.93263,8713177195.93263,0.0
686,0.0,12715254.816060832,686.0,686,9548.777968927969,7538.142920316719,7548.777968927965,2,2,6538.142920316719,10.63986982126911,17.648719444131455,17.648719444131455,1.0,2000.0,13752700.0,400000.0,9972700.0,134797755.98667955,134797.75598667955,32000.0,0.0,138427.12488724387,766274.2879475241,11161.897785905388,0.0035000000000005894,0.005999935459579833,35.931834421105364,24.56259044017076,11514153.072875742,1451325.5014649269,12971356.24331095,8726148552.175941,8726148552.175941,0.0
687,0.0,12715254.816060832,687.0,687,9559.42267526898,7548.777968927969,7559.422675268975,2,2,6548.777968927969,10.649542860750529,17.648719444131455,17.648719444131455,1.0,2000.0,13752700.0,400000.0,9972700.0,134797755.98667955,134797.75598667955,32000.0,0.0,138678.36652160264,764482.3583499676,11161.897785905388,0.0035000000000005894,0.005999935459579833,35.96905709124475,24.626400045447753,11508208.949948376,1457256.3155661395,12971356.24331095,8739119908.419252,8739119908.419252,0.0
688,0.0,12715254.816060832,688.0,688,9570.077069928164,7559.422675268979,7570.077069928159,2,2,6559.422675268979,10.659246457618014,17.648719444131455,17.648719444131455,1.0,2000.0,13752700.0,400000.0,9972700.0,134797755.98667955,134797.75598667955,32000.0,0.0,138930.63485012914,762688.8014940468,11161.897785905388,0.0035000000000005894,0.005999935459579833,36.00631356343829,24.690267596479995,11502261.69190703,1463190.3436200616,12971356.24331095,8752091264.662563,8752091264.662563,0.0
689,0.0,12715254.816060832,689.0,689,9580.741183432765,7570.077069928164,7580.741183432761,2,2,6570.077069928164,10.668980551585273,17.648719444131455,17.648719444131455,1.0,2000.0,13752700.0,400000.0,9972700.0,134797755.98667955,134797.75598667955,32000.0,0.0,139183.93042919668,760893.6122258333,11161.897785905388,0.0035000000000005894,0.005999935459579833,36.04360394474544,24.754193276795995,11496311.024886621,1469127.8582819067,12971356.24331095,8765062620.905874,8765062620.905874,0.0
690,0.0,12715254.816060832,690.0,690,9591.415046244663,7580.741183432765,7591.4150462446605,2,2,6580.741183432765,10.678745072213099,17.648719444131455,17.648719444131455,1.0,2000.0,13752700.0,400000.0,9972700.0,134797755.98667955,134797.75598667955,32000.0,0.0,139438.25386237836,759096.9551457195,11161.897785905388,0.0035001208772202728,0.005999935459579833,36.08093086051066,24.818177269557236,11490358.483035246,1475067.3314307167,12971356.24331095,8778033977.149185,8778033977.149185,0.0
691,0.0,12715254.816060832,691.0,691,9602.09874790505,7591.415046244663,7602.098747905047,2,2,6591.415046244663,10.688658248560259,17.648719444131455,17.648719444131455,1.0,2000.0,13752700.0,400000.0,9972700.0,134797755.98667955,134797.75598667955,32000.0,0.0,139693.60548871153,755611.1624714456,11161.897785905388,0.0004999966692201626,0.005999935459579833,36.09325449532368,24.882219757533033,11466436.884500042,1498904.2286183035,12971356.24331095,8791005333.392496,8791005333.392496,0.0
692,0.0,12715254.816060832,692.0,692,9612.79245305184,7602.098747905049,7612.792453051837,2,2,6602.098747905049,10.698752045018878,17.648719444131455,17.648719444131455,1.0,2000.0,13752700.0,400000.0,9972700.0,134797755.98667955,134797.75598667955,32000.0,0.0,139953.0835642812,751650.4798042425,11161.897785905388,0.0004999966692201626,0.005999989388137906,36.09859631056881,24.946326388827394,11437593.679958683,1527643.6146580034,12971356.24331095,8803976689.635807,8803976689.635807,0.0
693,0.0,12715254.816060832,693.0,693,9623.496341609643,7612.792453051839,7623.496341609642,2,2,6612.792453051839,10.709025070590078,17.648719444131455,17.648719444131455,1.0,2000.0,13752700.0,400000.0,9972700.0,134797755.98667955,134797.75598667955,32000.0,0.0,140217.53676797464,747686.394545368,11161.897785905388,0.0004999966692201626,0.005999989388137906,36.10394312752383,25.01048850622801,11408885.03258172,1556249.5858145906,12971356.243310949,8816948045.879118,8816948045.879118,0.0
694,0.0,12715254.816060832,694.0,694,9634.210592135309,7623.496341609643,7634.210592135307,2,2,6623.496341609643,10.719475980741164,17.648719444131455,17.648719444131455,1.0,2000.0,13752700.0,400000.0,9972700.0,134797755.98667955,134797.75598667955,32000.0,0.0,140486.94200409536,743718.5343638704,11161.897785905388,0.0004999966692201626,0.005999989388137906,36.109295036150435,25.074711723986645,11380303.303952085,1584729.7534642029,12971356.243310949,8829919402.122429,8829919402.122429,0.0
695,0.0,12715254.816060832,695.0,695,9644.93538185343,7634.210592135309,7644.935381853426,2,2,6634.210592135309,10.73010345549814,17.648719444131455,17.648719444131455,1.0,2000.0,13752700.0,400000.0,9972700.0,134797755.98667955,134797.75598667955,32000.0,0.0,140761.27749456625,739746.8330699154,11161.897785905388,0.0004999966692201626,0.005999989388137906,36.11465212572646,25.13899711344249,11351844.195923267,1613088.4019116336,12971356.24331095,8842890758.36574,8842890758.36574,0.0
696,0.0,12715254.816060832,696.0,696,9655.670886680766,7644.935381853429,7655.670886680763,2,2,6644.935381853429,10.740906199174745,17.648719444131455,17.648719444131455,1.0,2000.0,13752700.0,400000.0,9972700.0,134797755.98667955,134797.75598667955,32000.0,0.0,141040.52220297407,735771.2249675269,11161.897785905388,0.0004999966692201626,0.005999989388137906,36.1200144848636,25.203345737941223,11323503.466560919,1641329.7593233068,12971356.24331095,8855862114.60905,8855862114.60905,0.0
697,0.0,12715254.816060832,697.0,697,9666.417281250404,7655.670886680766,7666.417281250401,2,2,6655.670886680766,10.75188294010236,17.648719444131455,17.648719444131455,1.0,2000.0,13752700.0,400000.0,9972700.0,134797755.98667955,134797.75598667955,32000.0,0.0,141324.6558248513,731791.644845534,11161.897785905388,0.0004999966692201626,0.005999989388137906,36.12538220151967,25.267758652981545,11295276.929103592,1669457.998771101,12971356.24331095,8868833470.852362,8868833470.852362,0.0
698,0.0,12715254.816060832,698.0,698,9677.174738935635,7666.417281250404,7677.174738935632,2,2,6666.417281250404,10.763032430360887,17.648719444131455,17.648719444131455,1.0,2000.0,13752700.0,400000.0,9972700.0,134797755.98667955,134797.75598667955,32000.0,0.0,141613.65877813863,727808.0279686147,11161.897785905388,0.0004999966692201626,0.005999989388137906,36.130755363010614,25.332236906360116,11267160.450937955,1697477.2392603825,12971356.24331095,8881804827.095673,8881804827.095673,0.0
699,0.0,12715254.816060832,699.0,699,9687.943431873571,7677.174738935635,7687.943431873568,2,2,6677.174738935635,10.77435344551067,17.648719444131455,17.648719444131455,1.0,2000.0,13752700.0,400000.0,9972700.0,134797755.98667955,134797.75598667955,32000.0,0.0,141907.51219382524,723820.3100684448,11161.897785905388,0.0004999966692201626,0.005999989388137906,36.136134056022506,25.396781538314848,11239149.95258856,1725391.5467430586,12971356.24331095,8894776183.338984,8894776183.338984,0.0
700,0.0,12715254.816060832,700.0,700,9698.723530988489,7687.943431873571,7698.723530988486,2,2,6687.943431873571,10.785844784325564,17.648719444131455,17.648719444131455,1.0,2000.0,13752700.0,400000.0,9972700.0,134797755.98667955,134797.75598667955,32000.0,0.0,142206.19790676486,719828.4273349443,11161.897785905388,0.0004999966692201626,0.005999989388137906,36.14151836662333,25.46139358166658,11211241.406721896,1753204.9351181574,12971356.24331095,8907747539.582294,8907747539.582294,0.0
701,0.0,12715254.816060832,701.0,701,9709.515206014916,7698.723530988489,7709.515206014913,2,2,6698.723530988489,10.797505268527209,17.648719444131455,17.648719444131455,1.0,2000.0,13752700.0,400000.0,9972700.0,134797755.98667955,134797.75598667955,32000.0,0.0,142509.69844666464,715832.3164076218,11161.897785905388,0.0004999966692201626,0.005999989388137906,36.14690838027465,25.52607406195916,11183430.837164601,1780921.3672139084,12971356.243310949,8920718895.825605,8920718895.825605,0.0
702,0.0,12715254.816060832,702.0,702,9720.318625520225,7709.515206014916,7720.318625520224,2,2,6709.515206014916,10.809333742093338,17.648719444131455,17.648719444131455,1.0,2000.0,13752700.0,400000.0,9972700.0,134797755.98667955,134797.75598667955,32000.0,0.0,142817.99702924423,711831.9204614068,11161.897785905388,0.0004999453253139581,0.005999989388137906,36.15230427226586,25.590823997597955,11155714.383555323,1808544.690397136,12971356.24331095,8933690252.068916,8933690252.068916,0.0
703,0.0,12715254.816060832,703.0,703,9731.133956845737,7720.318625520225,7731.133956845735,2,2,6720.318625520225,10.821328908930047,17.648719444131455,17.648719444131455,1.0,2000.0,13752700.0,400000.0,9972700.0,134797755.98667955,134797.75598667955,32000.0,0.0,143131.07753624802,707827.1791181861,11164.213434397072,0.0005000257334028964,0.005999989388137906,36.15770615816679,25.655644399985412,11128113.152527045,1836053.882159491,12971356.243310949,8946661608.312227,8946661608.312227,0.0
704,0.0,12715254.816060832,704.0,704,9741.961366160904,7731.133956845737,7741.961366160901,2,2,6731.133956845737,10.833489721402188,17.648719444131455,17.648719444131455,1.0,2000.0,13752700.0,400000.0,9972700.0,134797755.98667955,134797.75598667955,32000.0,0.0,143448.92021017533,703817.9973589132,11165.672123073064,0.0004999453253139374,0.005999989388137906,36.16311363222198,25.720536273167678,11100588.594994064,1863487.3427624207,12971356.24331095,8959632964.555538,8959632964.555538,0.0
705,0.0,12715254.816060832,705.0,705,9752.801018477727,7741.961366160904,7752.801018477724,2,2,6741.961366160904,10.845814912243014,17.648719444131455,17.648719444131455,1.0,2000.0,13752700.0,400000.0,9972700.0,134797755.98667955,134797.75598667955,32000.0,0.0,143771.5119410654,699804.373162591,11169.65043033309,0.0004999453253139581,0.005999989388137906,36.168527661460764,25.785500614159705,11073174.106666608,1890811.8079759483,12971356.24331095,8972604320.79885,8972604320.79885,0.0
706,0.0,12715254.816060832,706.0,706,9763.653077657971,7752.801018477727,7763.6530776579675,2,2,6752.801018477727,10.858303448244088,17.648719444131455,17.648719444131455,1.0,2000.0,13752700.0,400000.0,9972700.0,134797755.98667955,134797.75598667955,32000.0,0.0,144098.83386052537,695786.1673155007,11173.220797408414,0.0004999062792861745,0.005999989388137906,36.17394717043357,25.85053841303175,11045833.30978783,1918063.5154750824,12971356.24331095,8985575677.04216,8985575677.04216,0.0
707,0.0,12715254.816060832,707.0,707,9774.5177063917,7763.653077657971,7774.517706391696,2,2,6763.653077657971,10.870954019213196,17.648719444131455,17.648719444131455,1.0,2000.0,13752700.0,400000.0,9972700.0,134797755.98667955,134797.75598667955,32000.0,0.0,144430.87337333307,691763.3863227498,11180.566486773829,0.0005000000000034875,0.005999989388137906,36.179373238825804,25.91565065295266,11018608.577198915,1945200.2575573782,12971356.243310949,8998547033.285471,8998547033.285471,0.0
708,0.0,12715254.816060832,708.0,708,9785.3950659464,7774.5177063917,7785.395065946397,2,2,6774.5177063917,10.883765090187994,17.648719444131455,17.648719444131455,1.0,2000.0,13752700.0,400000.0,9972700.0,134797755.98667955,134797.75598667955,32000.0,0.0,144767.61057761323,687735.9511114508,11195.24874741697,0.0004999614048629422,0.005999989388137906,36.18480566956834,25.98083831006109,10991534.48177511,1972187.5943106888,12971356.243310947,9011518389.528782,9011518389.528782,0.0
709,0.0,12715254.816060832,709.0,709,9796.285315975007,7785.395065946401,7796.285315975003,2,2,6785.395065946401,10.89673496702443,17.648719444131455,17.648719444131455,1.0,2000.0,13752700.0,400000.0,9972700.0,134797755.98667955,134797.75598667955,32000.0,0.0,145109.01960953375,683703.7969411652,11219.90876045154,0.0004999453253140202,0.005999989388137906,36.190244469707785,26.046102351960254,10964635.677755302,1999000.9645289576,12971356.24331095,9024489745.772093,9024489745.772093,0.0
710,0.0,12715254.816060832,710.0,710,9807.188614196868,7796.285315975007,7807.188614196864,2,2,6796.285315975007,10.909861476697838,17.648719444131455,17.648719444131455,1.0,2000.0,13752700.0,400000.0,9972700.0,134797755.98667955,134797.75598667955,32000.0,0.0,145455.07035342683,679666.8335529505,11261.793211380374,0.0005000000000013055,0.005999989388137906,36.19568925798429,26.11144373656606,10937986.55383768,2025566.2616493092,12971356.24331095,9037461102.015404,9037461102.015404,0.0
711,0.0,12715254.816060832,711.0,711,9818.105114847904,7807.188614196868,7818.105114847901,2,2,6807.188614196868,10.923139825375324,17.648719444131455,17.648719444131455,1.0,2000.0,13752700.0,400000.0,9972700.0,134797755.98667955,134797.75598667955,32000.0,0.0,145805.71986490104,675625.082708938,11358.646951421315,0.0004999614048630299,0.005999989388137906,36.20114130359795,26.17686341019293,10911994.379738929,2051477.766427349,12971356.24331095,9050432458.258715,9050432458.258715,0.0
712,0.0,12715254.816060832,712.0,712,9829.034967918471,7818.105114847904,7829.034967918468,2,2,6818.105114847904,10.936566315759569,17.648719444131455,17.648719444131455,1.0,2000.0,13752700.0,400000.0,9972700.0,134797755.98667955,134797.75598667955,32000.0,0.0,146160.85496475807,671578.4038334638,11495.713548961432,0.0004996721311505124,0.005999989388137906,36.20659944623557,26.242362298254744,10886491.374165542,2076902.5990487004,12971356.243310949,9063403814.502026,9063403814.502026,0.0
713,0.0,12715254.816060832,713.0,713,9839.978319803085,7829.034967918471,7839.978319803083,2,2,6829.034967918471,10.950137453469761,17.648719444131455,17.648719444131455,1.0,2000.0,13752700.0,400000.0,9972700.0,134797755.98667955,134797.75598667955,32000.0,0.0,146520.39140428335,667526.7767796295,11670.708961777722,0.0004996721311505124,0.005999989388137906,36.21206428691733,26.307941300692054,10861447.82434864,2101870.3435220406,12971356.24331095,9076375170.745337,9076375170.745337,0.0
714,0.0,12715254.816060832,714.0,714,9850.935315044993,7839.9783198030855,7850.935315044991,2,2,6839.9783198030855,10.963853030346156,17.648719444131455,17.648719444131455,1.0,2000.0,13752700.0,400000.0,9972700.0,134797755.98667955,134797.75598667955,32000.0,0.0,146884.2500561045,663470.1553229376,11837.37511462533,0.0005002188183801915,0.005999989388137906,36.217536018173945,26.3736012958704,10836353.64551192,2126889.1347103612,12971356.24331095,9089346526.988647,9089346526.988647,0.0
715,0.0,12715254.816060832,715.0,715,9861.906095515356,7850.935315044993,7861.906095515353,2,2,6850.935315044993,10.97770791037819,17.648719444131455,17.648719444131455,1.0,2000.0,13752700.0,400000.0,9972700.0,134797755.98667955,134797.75598667955,32000.0,0.0,147252.43975701247,659408.4700173711,12066.17111164517,0.0004999062792861745,0.005999989388137906,36.223014476889865,26.439343151047726,10811976.633419976,2151194.085823805,12971356.24331095,9102317883.231958,9102317883.231958,0.0
716,0.0,12715254.816060832,716.0,716,9872.890799715926,7861.906095515356,7872.890799715922,2,2,6861.906095515356,10.991700490760376,17.648719444131455,17.648719444131455,1.0,2000.0,13752700.0,400000.0,9972700.0,134797755.98667955,134797.75598667955,32000.0,0.0,147624.83693283534,655341.6706964872,12307.537853692773,0.0005004926108413287,0.005999989388137906,36.22849976996893,26.505167717449496,10787768.242864799,2175331.6462518363,12971356.24331095,9115289239.47527,9115289239.47527,0.0
717,0.0,12715254.816060832,717.0,717,9883.889563119663,7872.890799715926,7883.88956311966,2,2,6872.890799715926,11.005826316715131,17.648719444131455,17.648719444131455,1.0,2000.0,13752700.0,400000.0,9972700.0,134797755.98667955,134797.75598667955,32000.0,0.0,148001.4126062628,651269.7198048264,12602.480522270642,0.0005000820344520721,0.005999989388137906,36.23399217120823,26.571075826084744,10764174.83676366,2198857.128323492,12971356.24331095,9128260595.71858,9128260595.71858,0.0
718,0.0,12715254.816060832,718.0,718,9894.902519667676,7883.889563119663,7894.902519667673,2,2,6883.889563119663,11.020086779311534,17.648719444131455,17.648719444131455,1.0,2000.0,13752700.0,400000.0,9972700.0,134797755.98667955,134797.75598667955,32000.0,0.0,148382.0608192817,647192.5642064937,12868.37022066938,0.0005000820344520721,0.005999989388137906,36.23949170506458,26.637068289789806,10740284.01718228,2222679.481850029,12971356.243310949,9141231951.961891,9141231951.961891,0.0
719,0.0,12715254.816060832,719.0,719,9905.92980086746,7894.902519667676,7905.929800867457,2,2,6894.902519667676,11.03447562025619,17.648719444131455,17.648719444131455,1.0,2000.0,13752700.0,400000.0,9972700.0,134797755.98667955,134797.75598667955,32000.0,0.0,148766.83296385713,643110.116292823,13214.265536356106,0.0004999453253140202,0.005999989388137906,36.24499787532974,26.70314591220991,10717292.975756446,2245606.01103223,12971356.24331095,9154203308.205202,9154203308.205202,0.0
720,0.0,12715254.816060832,720.0,720,9916.971531320061,7905.92980086746,7916.971531320059,2,2,6905.92980086746,11.04898528494721,17.648719444131455,17.648719444131455,1.0,2000.0,13752700.0,400000.0,9972700.0,134797755.98667955,134797.75598667955,32000.0,0.0,149155.57396218457,639022.3953157945,13659.542790288153,0.0005000820344520721,0.005999989388137906,36.25051175668971,26.769309482388625,10695409.536746316,2267429.633511164,12971356.24331095,9167174664.448513,9167174664.448513,0.0
721,0.0,12715254.816060832,721.0,721,9928.02783210066,7916.971531320061,7928.027832100658,2,2,6916.971531320061,11.06361627625126,17.648719444131455,17.648719444131455,1.0,2000.0,13752700.0,400000.0,9972700.0,134797755.98667955,134797.75598667955,32000.0,0.0,149548.0928880505,634929.2885611305,14090.502755495005,0.0004999453253137716,0.005999989388137906,36.25603242440296,26.835559747930912,10673372.881211365,2289406.428678485,12971356.24331095,9180146020.691824,9180146020.691824,0.0
722,0.0,12715254.816060832,722.0,722,9939.098777160274,7928.027832100661,7939.098777160271,2,2,6928.027832100661,11.078273842974731,17.648719444131455,17.648719444131455,1.0,2000.0,13752700.0,400000.0,9972700.0,134797755.98667955,134797.75598667955,32000.0,0.0,149944.41625746145,632203.6449694604,14492.472357254685,0.0031996500820105065,0.005999989388137906,36.28192962264633,26.90189743528657,10666172.372166464,2296602.727442776,12971356.24331095,9193117376.935135,9193117376.935135,0.0
723,0.0,12715254.816060832,723.0,723,9950.18437022597,7939.098777160274,7950.1843702259675,2,2,6939.098777160274,11.09291228841858,17.648719444131455,17.648719444131455,1.0,2000.0,13752700.0,400000.0,9972700.0,134797755.98667955,134797.75598667955,32000.0,0.0,150341.9853914242,630114.372022073,14909.672282282894,0.003201400437635596,0.005999989388137906,36.31735654454058,26.968322988160907,10666156.190625917,2296641.412457526,12971356.243310949,9206088733.178446,9206088733.178446,0.0
724,0.0,12715254.816060832,724.0,724,9961.284593506953,7950.18437022597,7961.284593506951,2,2,6950.18437022597,11.107534273547827,17.648719444131455,17.648719444131455,1.0,2000.0,13752700.0,400000.0,9972700.0,134797755.98667955,134797.75598667955,32000.0,0.0,150739.5612222212,628022.2762112463,15297.831674963974,0.0032005250205084167,0.006000115796587364,36.35282957539815,27.03483653294266,10665731.959746324,2297086.5211132625,12971356.24331095,9219060089.421757,9219060089.421757,0.0
725,0.0,12715254.816060832,725.0,725,9972.399430302143,7961.284593506953,7972.399430302142,2,2,6961.284593506953,11.12213931683342,17.648719444131455,17.648719444131455,1.0,2000.0,13752700.0,400000.0,9972700.0,134797755.98667955,134797.75598667955,32000.0,0.0,151137.21410659858,625927.45953648,15701.273725804385,0.0032005250205084167,0.006000115796587364,36.38835131695462,27.10143915799653,10665393.957385788,2297445.614176627,12971356.243310949,9232031445.665068,9232031445.665068,0.0
726,0.0,12715254.816060832,726.0,726,9983.528862395699,7972.399430302143,7983.528862395698,2,2,6972.399430302143,11.13672487027739,17.648719444131455,17.648719444131455,1.0,2000.0,13752700.0,400000.0,9972700.0,134797755.98667955,134797.75598667955,32000.0,0.0,151534.92915423843,623829.9625701007,16149.455438882267,0.0032005250205108045,0.0060004374772093215,36.42391742903518,27.168125921174376,10665469.476439085,2297392.599514306,12971356.24331095,9245002801.908379,9245002801.908379,0.0
727,0.0,12715254.816060832,727.0,727,9994.672871111687,7983.5288623956985,7994.672871111685,2,2,6983.5288623956985,11.1512925616977,17.648719444131455,17.648719444131455,1.0,2000.0,13752700.0,400000.0,9972700.0,134797755.98667955,134797.75598667955,32000.0,0.0,151932.63502441233,621729.5287177218,16583.404088344447,0.0032005250205084167,0.0059985239852361205,36.45953265412708,27.234905372065207,10665299.1421961,2297584.4189567044,12971356.24331095,9257974158.15169,9257974158.15169,0.0
728,0.0,12715254.816060832,728.0,728,10005.831439385474,7994.672871111687,8005.8314393854735,2,2,6994.672871111687,11.165843985878789,17.648719444131455,17.648719444131455,1.0,2000.0,13752700.0,400000.0,9972700.0,134797755.98667955,134797.75598667955,32000.0,0.0,152330.3741008037,619626.4360325196,17003.07059481849,0.0032005250205066962,0.006002625820565284,36.49519373193258,27.301770124884555,10664886.842476834,2298017.20917093,12971356.24331095,9270945514.395,9270945514.395,0.0
729,0.0,12715254.816060832,729.0,729,10017.004550711285,8005.831439385474,8017.004550711283,2,2,7005.831439385474,11.180378665740472,17.648719444131455,17.648719444131455,1.0,2000.0,13752700.0,400000.0,9972700.0,134797755.98667955,134797.75598667955,32000.0,0.0,152728.18809830726,617520.4765293754,17437.96448644864,0.003199212792124544,0.005998523985233884,36.53089980351937,27.3687224065841,10664560.293478312,2298364.4594508526,12971356.243310949,9283916870.638311,9283916870.638311,0.0
730,0.0,12715254.816060832,730.0,730,10028.192189889332,8017.0045507112845,8028.1921898893315,2,2,7017.0045507112845,11.194899690356902,17.648719444131455,17.648719444131455,1.0,2000.0,13752700.0,400000.0,9972700.0,134797755.98667955,134797.75598667955,32000.0,0.0,153126.06220894726,615412.0879884937,17836.843441996458,0.0031994001875054346,0.005999999999995226,36.56665517135191,27.43576002426493,10663752.797165537,2299190.8034007,12971356.24331095,9296888226.881622,9296888226.881622,0.0
731,0.0,12715254.816060832,731.0,731,10039.394342085458,8028.192189889332,8039.3943420854575,2,2,7028.192189889332,11.209404701894458,17.648719444131455,17.648719444131455,1.0,2000.0,13752700.0,400000.0,9972700.0,134797755.98667955,134797.75598667955,32000.0,0.0,153524.0793695125,613300.9626645349,18277.2378960985,0.0032002333211777825,0.006000984413448181,36.6024559587039,27.50288366723133,10663329.07783778,2299634.6737677143,12971356.24331095,9309859583.124933,9309859583.124933,0.0
732,0.0,12715254.816060832,732.0,732,10050.61099163992,8039.3943420854575,8050.610991639921,2,2,7039.3943420854575,11.223894407031805,17.648719444131455,17.648719444131455,1.0,2000.0,13752700.0,400000.0,9972700.0,134797755.98667955,134797.75598667955,32000.0,0.0,153922.17336929563,611186.7074869558,18716.135299774844,0.0031996500820097107,0.005999343903768242,36.63830188125345,27.570098883165674,10662802.493616987,2300180.937175375,12971356.24331095,9322830939.368244,9322830939.368244,0.0
733,0.0,12715254.816060832,733.0,733,10061.842126336027,8050.61099163992,8061.842126336028,2,2,7050.61099163992,11.238374985181135,17.648719444131455,17.648719444131455,1.0,2000.0,13752700.0,400000.0,9972700.0,134797755.98667955,134797.75598667955,32000.0,0.0,154320.3619337448,609070.1342785911,19074.590322110656,0.0032001105163153975,0.005999343903768242,36.67419473283583,27.63739542085354,10661298.846363671,2301700.6399415247,12971356.24331095,9335802295.611555,9335802295.611555,0.0
734,0.0,12715254.816060832,734.0,734,10073.087738756116,8061.842126336027,8073.087738756118,2,2,7061.842126336027,11.252849854997809,17.648719444131455,17.648719444131455,1.0,2000.0,13752700.0,400000.0,9972700.0,134797755.98667955,134797.75598667955,32000.0,0.0,154718.81357674272,606950.3780013635,19391.999337412544,0.003200110516341164,0.005999343903768242,36.71013425767206,27.704785859122442,10659254.345776288,2303759.180116931,12971356.24331095,9348773651.854866,9348773651.854866,0.0
735,0.0,12715254.816060832,735.0,735,10084.34782513385,8073.087738756116,8084.347825133851,2,2,7073.087738756116,11.267322900469683,17.648719444131455,17.648719444131455,1.0,2000.0,13752700.0,400000.0,9972700.0,134797755.98667955,134797.75598667955,32000.0,0.0,155117.62157742714,604828.3638746974,19660.342009412943,0.0031999000156196235,0.006000984413448181,36.746120134140725,27.772256148831275,10656591.72786686,2306433.5644984934,12971356.24331095,9361745008.098177,9361745008.098177,0.0
736,0.0,12715254.816060832,736.0,736,10095.622384767506,8084.347825133849,8095.622384767507,2,2,7084.347825133849,11.28179636684317,17.648719444131455,17.648719444131455,1.0,2000.0,13752700.0,400000.0,9972700.0,134797755.98667955,134797.75598667955,32000.0,0.0,155516.89254572446,602703.1775428175,19903.37376363987,0.003200087491452712,0.005999999999993435,36.782153376726754,27.83982087080024,10653570.416689424,2309465.3215219085,12971356.24331095,9374716364.341488,9374716364.341488,0.0
737,0.0,12715254.816060832,737.0,737,10106.911419406964,8095.622384767506,8106.911419406965,2,2,7095.622384767506,11.296272912071938,17.648719444131455,17.648719444131455,1.0,2000.0,13752700.0,400000.0,9972700.0,134797755.98667955,134797.75598667955,32000.0,0.0,155916.68834707182,600575.6973091037,20114.029050831345,0.0031998091261529068,0.005999343903768242,36.8182322362492,27.907465244424035,10650122.361969752,2312922.2715387773,12971356.243310949,9387687720.584799,9387687720.584799,0.0
738,0.0,12715254.816060832,738.0,738,10118.214933662906,8106.911419406964,8118.214933662907,2,2,7106.911419406964,11.310755599812724,17.648719444131455,17.648719444131455,1.0,2000.0,13752700.0,400000.0,9972700.0,134797755.98667955,134797.75598667955,32000.0,0.0,156317.08258741253,598445.0075341148,20287.08535442001,0.003199999999997842,0.005999343903768242,36.85435590209879,27.975202044474454,10646180.21670334,2316871.537115892,12971356.24331095,9400659076.82811,9400659076.82811,0.0
739,0.0,12715254.816060832,739.0,739,10129.532904514412,8118.214933662906,8129.532904514413,2,2,7118.214933662906,11.325186103197527,17.648719444131455,17.648719444131455,1.0,2000.0,13752700.0,400000.0,9972700.0,134797755.98667955,134797.75598667955,32000.0,0.0,156718.16049240125,597189.2465132443,20419.049909938036,0.006100762500037028,0.005998875351447413,36.90354249970227,28.04302042139323,10651616.409273518,2311475.8108917843,12971356.24331095,9413630433.07142,9413630433.07142,0.0
740,0.0,12715254.816060832,740.0,740,10140.865233574901,8129.532904514412,8140.865233574902,2,2,7129.532904514412,11.339472017780965,17.648719444131455,17.648719444131455,1.0,2000.0,13752700.0,400000.0,9972700.0,134797755.98667955,134797.75598667955,32000.0,0.0,157118.30433327152,597265.2799667007,20546.23134599683,0.006100348074173707,0.005999999999997016,36.972580336953584,28.11093014708364,10671966.727076633,2291218.602851647,12971356.24331095,9426601789.314732,9426601789.314732,0.0
741,0.0,12715254.816060832,741.0,741,10152.211778523302,8140.865233574901,8152.211778523302,2,2,7140.865233574901,11.353617879019902,17.648719444131455,17.648719444131455,1.0,2000.0,13752700.0,400000.0,9972700.0,134797755.98667955,134797.75598667955,32000.0,0.0,157514.94141149597,597342.0004123107,20629.767870611442,0.006100166780582279,0.005999999999993435,37.041710215808976,28.17892172144652,10691673.04403006,2271602.470853344,12971356.24331095,9439573145.558043,9439573145.558043,0.0
742,0.0,12715254.816060832,742.0,742,10163.572400728377,8152.211778523302,8163.572400728378,2,2,7152.211778523302,11.367626531131275,17.648719444131455,17.648719444131455,1.0,2000.0,13752700.0,400000.0,9972700.0,134797755.98667955,134797.75598667955,32000.0,0.0,157908.18270493046,597418.3648876019,20694.12273144661,0.006099999999993847,0.005996065573759556,37.11092540898869,28.247003891680382,10711003.949299289,2252359.8069023862,12971356.24331095,9452544501.801353,9452544501.801353,0.0
743,0.0,12715254.816060832,743.0,743,10174.946966061289,8163.572400728377,8174.946966061289,2,2,7163.572400728377,11.381504134690571,17.648719444131455,17.648719444131455,1.0,2000.0,13752700.0,400000.0,9972700.0,134797755.98667955,134797.75598667955,32000.0,0.0,158298.0928653176,597495.0404230196,20690.897056028494,0.006099529139323205,0.006000984413448181,37.180223835929795,28.315164680463397,10729420.305967396,2234027.8727573263,12971356.243310949,9465515858.044664,9465515858.044664,0.0
744,0.0,12715254.816060832,744.0,744,10186.33534683054,8174.946966061289,8186.3353468305395,2,2,7174.946966061289,11.395257403811899,17.648719444131455,17.648719444131455,1.0,2000.0,13752700.0,400000.0,9972700.0,134797755.98667955,134797.75598667955,32000.0,0.0,158684.82955077375,597571.3736189076,20611.97321597616,0.006100706427325631,0.005996065573777435,37.2496072222923,28.383415507973872,10746826.95682666,2216701.532052745,12971356.243310949,9478487214.287975,9478487214.287975,0.0
745,0.0,12715254.816060832,745.0,745,10197.737405588327,8186.3353468305395,8197.737405588327,2,2,7186.3353468305395,11.408860111761573,17.648719444131455,17.648719444131455,1.0,2000.0,13752700.0,400000.0,9972700.0,134797755.98667955,134797.75598667955,32000.0,0.0,159068.56684143413,598137.6904336312,20435.56459558861,0.006099157458558472,0.004100672682523312,37.31907809270501,28.444483911882923,10768555.559908617,2195067.8525600554,12971356.24331095,9491458570.531286,9491458570.531286,0.0
746,0.0,12715254.816060832,746.0,746,10209.152961231412,8197.737405588327,8209.152961231412,2,2,7197.7374055883265,11.422251174406837,17.648719444131455,17.648719444131455,1.0,2000.0,13752700.0,400000.0,9972700.0,134797755.98667955,134797.75598667955,32000.0,0.0,159448.55908593675,599674.6414921852,20181.04647836156,0.006095999999987329,0.004104039408861265,37.38862975246306,28.49123176385791,10800280.05977265,2163472.592906712,12971356.24331095,9504429926.774597,9504429926.774597,0.0
747,0.0,12715254.816060832,747.0,747,10220.581808812736,8209.152961231412,8220.581808812736,2,2,7209.152961231412,11.435443988243335,17.648719444131455,17.648719444131455,1.0,2000.0,13752700.0,400000.0,9972700.0,134797755.98667955,134797.75598667955,32000.0,0.0,159823.081816767,601213.3179595476,19763.462056660297,0.006099703523688321,0.00409731147540886,37.45826309219036,28.53803569583877,10829948.74248757,2133925.1202398622,12971356.24331095,9517401283.017908,9517401283.017908,0.0
748,0.0,12715254.816060832,748.0,748,10232.023757961493,8220.581808812736,8232.023757961493,2,2,7220.581808812736,11.44845430926988,17.648719444131455,17.648719444131455,1.0,2000.0,13752700.0,400000.0,9972700.0,134797755.98667955,134797.75598667955,32000.0,0.0,160192.48953010704,602753.7466636313,19147.330499300242,0.006100098426787008,0.0041107894736862995,37.52797839091168,28.584895588803395,10857166.261797734,2106819.4883305863,12971356.24331095,9530372639.261219,9530372639.261219,0.0
749,0.0,12715254.816060832,749.0,749,10243.47862604106,8232.023757961493,8243.47862604106,2,2,7232.023757961493,11.461281849862534,17.648719444131455,17.648719444131455,1.0,2000.0,13752700.0,400000.0,9972700.0,134797755.98667955,134797.75598667955,32000.0,0.0,160557.20493751412,604296.2826370208,18558.829680913626,0.006100098426787008,0.004097311475404882,37.597775406913385,28.6318059334047,10884531.03686352,2079566.393649023,12971356.24331095,9543343995.50453,9543343995.50453,0.0
750,0.0,12715254.816060832,750.0,750,10254.946232834869,8243.47862604106,8254.946232834869,2,2,7243.47862604106,11.473931737753587,17.648719444131455,17.648719444131455,1.0,2000.0,13752700.0,400000.0,9972700.0,134797755.98667955,134797.75598667955,32000.0,0.0,160917.20251143572,605840.3155682948,17921.317350870766,0.006100098426787008,0.004097311475396927,37.6676512296646,28.67877287432814,10911159.423886146,2053046.4281718924,12971356.24331095,9556315351.74784,9556315351.74784,0.0
751,0.0,12715254.816060832,751.0,751,10266.426404857342,8254.946232834869,8266.426404857342,2,2,7254.946232834869,11.486412307193785,17.648719444131455,17.648719444131455,1.0,2000.0,13752700.0,400000.0,9972700.0,134797755.98667955,134797.75598667955,32000.0,0.0,161272.60916522058,607386.3095018925,17187.877189802784,0.006099971612723951,0.00409731147540886,37.737604245058726,28.725787912420174,10936523.331436826,2027785.8937104282,12971356.24331095,9569286707.991152,9569286707.991152,0.0
752,0.0,12715254.816060832,752.0,752,10277.918973902424,8266.426404857342,8277.918973902424,2,2,7266.426404857342,11.4987257829717,17.648719444131455,17.648719444131455,1.0,2000.0,13752700.0,400000.0,9972700.0,134797755.98667955,134797.75598667955,32000.0,0.0,161623.64292129473,608933.7242115141,16444.961112853565,0.006099971612723951,0.004101794310718056,37.807632968505,28.772857578450466,10961613.323245926,2002797.6948321166,12971356.24331095,9582258064.234463,9582258064.234463,0.0
753,0.0,12715254.816060832,753.0,753,10289.423774995214,8277.918973902424,8289.423774995214,2,2,7277.918973902424,11.510876402607364,17.648719444131455,17.648719444131455,1.0,2000.0,13752700.0,400000.0,9972700.0,134797755.98667955,134797.75598667955,32000.0,0.0,161970.35092417322,610482.890380311,15663.177042206964,0.006099971612723951,0.004100672682523312,37.877737313437265,28.819976879492984,10986097.63639078,1978412.4724312383,12971356.243310949,9595229420.477774,9595229420.477774,0.0
754,0.0,12715254.816060832,754.0,754,10300.940643514683,8289.423774995214,8300.940643514683,2,2,7289.4237749952135,11.522860636331002,17.648719444131455,17.648719444131455,1.0,2000.0,13752700.0,400000.0,9972700.0,134797755.98667955,134797.75598667955,32000.0,0.0,162312.83755622624,612033.634758377,14952.757695582623,0.006099971612723951,0.00409731147540886,37.947916273513314,28.867147379721686,11011243.279586667,1953367.6003185776,12971356.243310949,9608200776.721085,9608200776.721085,0.0
755,0.0,12715254.816060832,755.0,755,10312.469411907008,8300.940643514683,8312.469411907008,2,2,7300.940643514683,11.534676148320685,17.648719444131455,17.648719444131455,1.0,2000.0,13752700.0,400000.0,9972700.0,134797755.98667955,134797.75598667955,32000.0,0.0,162650.98862427546,613586.2145738951,14296.780969934445,0.006099971612723951,0.004097311475396927,38.01816884454956,28.914364258447566,11036855.906866778,1927856.7509091834,12971356.24331095,9621172132.964396,9621172132.964396,0.0
756,0.0,12715254.816060832,756.0,756,10324.009908827382,8312.469411907008,8324.009908827382,2,2,7312.469411907008,11.546317692425427,17.648719444131455,17.648719444131455,1.0,2000.0,13752700.0,400000.0,9972700.0,134797755.98667955,134797.75598667955,32000.0,0.0,162984.7234621317,615140.124444905,13737.423837072141,0.006099971612723951,0.004097311475404882,38.08849400447241,28.96163399197054,11063413.09771191,1901403.9778822914,12971356.24331095,9634143489.207706,9634143489.207706,0.0
757,0.0,12715254.816060832,757.0,757,10335.561958580955,8324.009908827382,8335.561958580955,2,2,7324.009908827382,11.557781814718215,17.648719444131455,17.648719444131455,1.0,2000.0,13752700.0,400000.0,9972700.0,134797755.98667955,134797.75598667955,32000.0,0.0,163313.87901166014,616695.660178545,13249.41465213983,0.006099971612723951,0.004099999999994737,38.15889070808342,29.008951146189144,11090622.878195358,1874300.2442685012,12971356.24331095,9647114845.451017,9647114845.451017,0.0
758,0.0,12715254.816060832,758.0,758,10347.125381815478,8335.561958580955,8347.125381815478,2,2,7335.5619585809545,11.569064654329345,17.648719444131455,17.648719444131455,1.0,2000.0,13752700.0,400000.0,9972700.0,134797755.98667955,134797.75598667955,32000.0,0.0,163638.34258387308,618252.9458725693,12838.766246006262,0.006099971612723951,0.00409731147540886,38.22935788364899,29.056312808126158,11118553.026763448,1846477.9976812608,12971356.24331095,9660086201.694328,9660086201.694328,0.0
759,0.0,12715254.816060832,759.0,759,10358.699993374408,8347.125381815478,8358.699993374408,2,2,7347.125381815478,11.58015846352932,17.648719444131455,17.648719444131455,1.0,2000.0,13752700.0,400000.0,9972700.0,134797755.98667955,134797.75598667955,32000.0,0.0,163957.9897956644,619811.5530286198,12561.68127843989,0.006099999999994532,0.004097311475396927,38.29989472907101,29.103724533331725,11147843.825682633,1817299.128247074,12971356.243310949,9673057557.93764,9673057557.93764,0.0
760,0.0,12715254.816060832,760.0,760,10370.285601119445,8358.699993374408,8370.285601119445,2,2,7358.699993374408,11.591057026543202,17.648719444131455,17.648719444131455,1.0,2000.0,13752700.0,400000.0,9972700.0,134797755.98667955,134797.75598667955,32000.0,0.0,164272.58579955096,621371.8773887528,12396.806501139969,0.006099999999994532,0.004100672682523312,38.37049985958043,29.151179065395166,11178246.488586534,1787011.5557823747,12971356.24331095,9686028914.18095,9686028914.18095,0.0
761,0.0,12715254.816060832,761.0,761,10381.882009440218,8370.285601119445,8381.882009440218,2,2,7370.285601119445,11.601759615002742,17.648719444131455,17.648719444131455,1.0,2000.0,13752700.0,400000.0,9972700.0,134797755.98667955,134797.75598667955,32000.0,0.0,164581.93866590626,622933.5530197426,12266.996257598068,0.006100000000000427,0.004097311475402751,38.44117206682512,29.198680625331097,11208859.183403768,1756514.041285792,12971356.24331095,9699000270.424261,9699000270.424261,0.0
762,0.0,12715254.816060832,762.0,762,10393.489051350602,8381.882009440218,8393.489051350602,2,2,7381.882009440218,11.612324205762723,17.648719444131455,17.648719444131455,1.0,2000.0,13752700.0,400000.0,9972700.0,134797755.98667955,134797.75598667955,32000.0,0.0,164886.012051278,623594.7753694667,12237.56703461085,0.006100000000000427,0.006416842105261188,38.51191015758184,29.259608132152138,11230000.04287119,1735455.6990464847,12971356.24331095,9711971626.667572,9711971626.667572,0.0
763,0.0,12715254.816060832,763.0,763,10405.106620488785,8393.489051350602,8405.106620488785,2,2,7393.489051350602,11.62281407060489,17.648719444131455,17.648719444131455,1.0,2000.0,13752700.0,400000.0,9972700.0,134797755.98667955,134797.75598667955,32000.0,0.0,165186.439988185,623359.8754634716,12221.463238868759,0.006100000000000427,0.006400646138309228,38.58271311323518,29.333896307633893,11240759.49483621,1724743.2704365808,12971356.243310949,9724942982.910883,9724942982.910883,0.0
764,0.0,12715254.816060832,764.0,764,10416.734642203259,8405.106620488785,8416.734642203259,2,2,7405.106620488785,11.633229358343598,17.648719444131455,17.648719444131455,1.0,2000.0,13752700.0,400000.0,9972700.0,134797755.98667955,134797.75598667955,32000.0,0.0,165485.01347681752,623125.0518568462,12213.997632585993,0.006100000000000427,0.006399668479688188,38.653580284978105,29.40824756714826,11251527.522183727,1714022.0614511487,12971356.243310949,9737914339.154194,9737914339.154194,0.0
765,0.0,12715254.816060832,765.0,765,10428.373042153431,8416.734642203259,8428.373042153431,2,2,7416.734642203259,11.643570542002303,17.648719444131455,17.648719444131455,1.0,2000.0,13752700.0,400000.0,9972700.0,134797755.98667955,134797.75598667955,32000.0,0.0,165781.73099718857,622890.0574847225,12210.74184809641,0.006100000000000427,0.006400138828627577,38.7245112174364,29.48266512103291,11262250.196051477,1703345.8220461619,12971356.24331095,9750885695.397505,9750885695.397505,0.0
766,0.0,12715254.816060832,766.0,766,10440.021746594874,8428.373042153431,8440.021746594874,2,2,7428.373042153431,11.6538383408819,17.648719444131455,17.648719444131455,1.0,2000.0,13752700.0,400000.0,9972700.0,134797755.98667955,134797.75598667955,32000.0,0.0,166076.60033406515,622654.6240559674,12208.359676431337,0.006100000000000427,0.006400138828627577,38.79550545713246,29.557152496457103,11272886.251226418,1692755.6826353853,12971356.24331095,9763857051.640816,9763857051.640816,0.0
767,0.0,12715254.816060832,767.0,767,10451.680682520702,8440.021746594874,8451.680682520702,2,2,7440.021746594874,11.664033510776207,17.648719444131455,17.648719444131455,1.0,2000.0,13752700.0,400000.0,9972700.0,134797755.98667955,134797.75598667955,32000.0,0.0,166369.63639237607,622418.9821774495,12205.975395621792,0.006100000000000427,0.006400138828627577,38.86656255422526,29.631705822055984,11283428.997599376,1682258.315639673,12971356.24331095,9776828407.884127,9776828407.884127,0.0
768,0.0,12715254.816060832,768.0,768,10463.34977765673,8451.680682520702,8463.34977765673,2,2,7451.680682520702,11.674156761277066,17.648719444131455,17.648719444131455,1.0,2000.0,13752700.0,400000.0,9972700.0,134797755.98667955,134797.75598667955,32000.0,0.0,166660.85523212515,622183.1564065128,12204.093906268183,0.006100000000000427,0.006399999999999967,38.93768206337282,29.706324288129206,11293885.435221737,1671846.7492695362,12971356.243310949,9789799764.127438,9789799764.127438,0.0
769,0.0,12715254.816060832,769.0,769,10475.028960383419,8463.34977765673,8475.028960383419,2,2,7463.349777656729,11.684208692100775,17.648719444131455,17.648719444131455,1.0,2000.0,13752700.0,400000.0,9972700.0,134797755.98667955,134797.75598667955,32000.0,0.0,166950.27170641703,621947.2112307034,12204.093906268183,0.006100000000000427,0.006399999999999967,39.00886354370259,29.78100649699978,11304273.16916266,1661503.441882315,12971356.24331095,9802771120.370749,9802771120.370749,0.0
770,0.0,12715254.816060832,770.0,770,10486.718159746159,8475.028960383419,8486.718159746159,2,2,7475.028960383419,11.69419003337756,17.648719444131455,17.648719444131455,1.0,2000.0,13752700.0,400000.0,9972700.0,134797755.98667955,134797.75598667955,32000.0,0.0,167237.89763169005,621711.0620872063,12204.093906268183,0.006100000000000427,0.006399999999999967,39.0801065583354,29.855753266450595,11314569.986877628,1651250.5359977686,12971356.24331095,9815742476.61406,9815742476.61406,0.0
771,0.0,12715254.816060832,771.0,771,10498.41730551609,8486.718159746159,8498.41730551609,2,2,7486.718159746159,11.704101506485179,17.648719444131455,17.648719444131455,1.0,2000.0,13752700.0,400000.0,9972700.0,134797755.98667955,134797.75598667955,32000.0,0.0,167523.74865751513,621474.7104107002,12204.093906268183,0.006100000000000427,0.006399999999999967,39.15141067444812,29.930564142372127,11324776.719875246,1641087.2074086377,12971356.24331095,9828713832.85737,9828713832.85737,0.0
772,0.0,12715254.816060832,772.0,772,10510.126328181423,8498.41730551609,8510.126328181423,2,2,7498.41730551609,11.71394382418048,17.648719444131455,17.648719444131455,1.0,2000.0,13752700.0,400000.0,9972700.0,134797755.98667955,134797.75598667955,32000.0,0.0,167807.8402907831,621238.1576211884,12204.093906268183,0.006100000000000427,0.006399999999999967,39.22277546364471,30.005438675299686,11334894.191074464,1631012.6403644392,12971356.24331095,9841685189.100681,9841685189.100681,0.0
773,0.0,12715254.816060832,773.0,773,10521.845159042552,8510.126328181423,8521.845159042552,2,2,7510.126328181423,11.723717898076636,17.648719444131455,17.648719444131455,1.0,2000.0,13752700.0,400000.0,9972700.0,134797755.98667955,134797.75598667955,32000.0,0.0,168090.18789716862,621001.4742260427,12201.07069943597,0.006100000000000427,0.006399903461804758,39.29420050190324,30.0803753950905,11344888.69662377,1621060.4311478136,12971356.24331095,9854656545.343992,9854656545.343992,0.0
774,0.0,12715254.816060832,774.0,774,10533.573730213458,8521.845159042552,8533.573730213458,2,2,7521.845159042552,11.733424443735844,17.648719444131455,17.648719444131455,1.0,2000.0,13752700.0,400000.0,9972700.0,134797755.98667955,134797.75598667955,32000.0,0.0,168370.812658261,620764.59965996,12197.734790326782,0.006100000000000427,0.006399903461804758,39.365685370156136,30.155374781286945,11354792.199706106,1611198.7275269483,12971356.24331095,9867627901.587303,9867627901.587303,0.0
775,0.0,12715254.816060832,775.0,775,10545.311974432916,8533.573730213458,8545.311974432916,2,2,7533.5737302134585,11.743063995179998,17.648719444131455,17.648719444131455,1.0,2000.0,13752700.0,400000.0,9972700.0,134797755.98667955,134797.75598667955,32000.0,0.0,168649.7302416508,620527.5428747149,12196.545231932952,0.006100000000000427,0.006399874644984963,39.43722965429867,30.230436286966437,11364634.385881035,1601397.9464020364,12971356.24331095,9880599257.830614,9880599257.830614,0.0
776,0.0,12715254.816060832,776.0,776,10557.059825004133,8545.311974432916,8557.059825004133,2,2,7545.311974432916,11.752637147253616,17.648719444131455,17.648719444131455,1.0,2000.0,13752700.0,400000.0,9972700.0,134797755.98667955,134797.75598667955,32000.0,0.0,168926.9511937437,620290.2987016436,12196.545231932952,0.006100000000000427,0.006399874644984963,39.508832944037366,30.305559578523187,11374404.623813314,1591668.6874900446,12971356.243310949,9893570614.073925,9893570614.073925,0.0
777,0.0,12715254.816060832,777.0,777,10568.817215937643,8557.059825004133,8568.817215937643,2,2,7557.059825004133,11.76214471976613,17.648719444131455,17.648719444131455,1.0,2000.0,13752700.0,400000.0,9972700.0,134797755.98667955,134797.75598667955,32000.0,0.0,169202.48789588187,620052.6823399303,12194.612386511533,0.006100000000000427,0.006400123516364645,39.580494832521794,30.380746991004273,11384064.831834747,1582048.9105119545,12971356.24331095,9906541970.317236,9906541970.317236,0.0
778,0.0,12715254.816060832,778.0,778,10580.584081981997,8568.817215937643,8580.584081981997,2,2,7568.817215937643,11.771587368941228,17.648719444131455,17.648719444131455,1.0,2000.0,13752700.0,400000.0,9972700.0,134797755.98667955,134797.75598667955,32000.0,0.0,169476.35930068477,619814.8710324933,12192.770894765277,0.006100000000000427,0.0063999696790216646,39.652214917216206,30.45599549211328,11393641.73033586,1572511.9875004343,12971356.24331095,9919513326.560547,9919513326.560547,0.0
779,0.0,12715254.816060832,779.0,779,10592.36035847294,8580.584081981997,8592.36035847294,2,2,7580.584081981997,11.78096561294824,17.648719444131455,17.648719444131455,1.0,2000.0,13752700.0,400000.0,9972700.0,134797755.98667955,134797.75598667955,32000.0,0.0,169748.5797511554,619576.9730085942,12192.770894765277,0.006100000000000427,0.0063999696790216646,39.723992800086776,30.531303078014258,11403157.884482367,1563035.431274424,12971356.24331095,9932484682.803858,9932484682.803858,0.0
780,0.0,12715254.816060832,780.0,780,10604.145981329468,8592.36035847294,8604.145981329468,2,2,7592.360358472941,11.790280100105772,17.648719444131455,17.648719444131455,1.0,2000.0,13752700.0,400000.0,9972700.0,134797755.98667955,134797.75598667955,32000.0,0.0,170019.1596974994,619338.8847278636,12192.770894765277,0.006100000000000427,0.0063999696790216646,39.79582808668154,30.606670890488072,11412591.055078786,1553641.4112684273,12971356.24331095,9945456039.047169,9945456039.047169,0.0
781,0.0,12715254.816060832,781.0,781,10615.940887115115,8604.145981329468,8615.940887115115,2,2,7604.145981329468,11.799531471187903,17.648719444131455,17.648719444131455,1.0,2000.0,13752700.0,400000.0,9972700.0,134797755.98667955,134797.75598667955,32000.0,0.0,170288.11342771395,619100.6074858671,12192.770894765277,0.006100000000000427,0.0063999696790216646,39.867720386106356,30.68209851941823,11421941.992517885,1544329.183206081,12971356.24331095,9958427395.29048,9958427395.29048,0.0
782,0.0,12715254.816060832,782.0,782,10627.745013030475,8615.940887115115,8627.745013030475,2,2,7615.940887115115,11.808720359533066,17.648719444131455,17.648719444131455,1.0,2000.0,13752700.0,400000.0,9972700.0,134797755.98667955,134797.75598667955,32000.0,0.0,170555.45510095335,618862.1425651386,12192.770894765277,0.006100000000000427,0.0063999696790216646,39.93966931139881,30.757585558813293,11431211.439617222,1535098.0102829041,12971356.24331095,9971398751.53379,9971398751.53379,0.0
783,0.0,12715254.816060832,783.0,783,10639.558296905818,8627.745013030475,8639.558296905818,2,2,7627.745013030475,11.817847391150929,17.648719444131455,17.648719444131455,1.0,2000.0,13752700.0,400000.0,9972700.0,134797755.98667955,134797.75598667955,32000.0,0.0,170821.19874882215,618623.4912353337,12192.770894765277,0.006100000000000427,0.0063999696790216646,40.01167447948251,30.833131606758947,11440400.13171173,1525947.1630723744,12971356.24331095,9984370107.777102,9984370107.777102,0.0
784,0.0,12715254.816060832,784.0,784,10651.380677193807,8639.558296905818,8651.380677193807,2,2,7639.558296905818,11.82691318482734,17.648719444131455,17.648719444131455,1.0,2000.0,13752700.0,400000.0,9972700.0,134797755.98667955,134797.75598667955,32000.0,0.0,171085.3582766527,618384.6547533757,12192.770894765277,0.006100000000000427,0.0063999696790216646,40.08373551112211,30.908736265370816,11449508.796744715,1516875.9194412543,12971356.24331095,9997341464.020412,9997341464.020412,0.0
785,0.0,12715254.816060832,785.0,785,10663.212092962334,8651.380677193807,8663.212092962334,2,2,7651.380677193807,11.835918352227361,17.648719444131455,17.648719444131455,1.0,2000.0,13752700.0,400000.0,9972700.0,134797755.98667955,134797.75598667955,32000.0,0.0,171347.9474647674,618145.6343636052,12192.770894765277,0.006100000000000427,0.0063999696790216646,40.15585203087885,30.98439914074781,11458538.155357491,1507883.564458686,12971356.243310947,10010312820.263723,10010312820.263723,0.0
786,0.0,12715254.816060832,786.0,786,10675.052483992775,8663.212092962334,8675.052483992775,2,2,7663.212092962334,11.844863708652852,17.648719444131455,17.648719444131455,1.0,2000.0,13752700.0,400000.0,9972700.0,134797755.98667955,134797.75598667955,32000.0,0.0,171608.97996972574,617906.2774248023,12189.923934955832,0.006100000000000427,0.006400166320169885,40.228023667066864,31.060122125948293,11467453.491953198,1499004.704078785,12971356.24331095,10023284176.507034,10023284176.507034,0.0
787,0.0,12715254.816060832,787.0,787,10686.90179077421,8675.052483992775,8686.90179077421,2,2,7675.052483992775,11.853749854217567,17.648719444131455,17.648719444131455,1.0,2000.0,13752700.0,400000.0,9972700.0,134797755.98667955,134797.75598667955,32000.0,0.0,171868.4754387877,617666.735975336,12187.020502786763,0.006100000000000427,0.006400166320169885,40.30025005235256,31.13590259783896,11476290.460621556,1490203.8039415015,12971356.24331095,10036255532.750345,10036255532.750345,0.0
788,0.0,12715254.816060832,788.0,788,10698.759954349258,8686.90179077421,8698.759954349258,2,2,7686.901790774211,11.862577295877585,17.648719444131455,17.648719444131455,1.0,2000.0,13752700.0,400000.0,9972700.0,134797755.98667955,134797.75598667955,32000.0,0.0,172126.44736779464,617427.0792157757,12185.222220430045,0.006100000000000427,0.006399952548655795,40.37253082371932,31.211739166671432,11485064.302212732,1481465.6757920047,12971356.24331095,10049226888.993656,10049226888.993656,0.0
789,0.0,12715254.816060832,789.0,789,10710.626916238727,8698.759954349258,8710.626916238727,2,2,7698.759954349258,11.87134648306086,17.648719444131455,17.648719444131455,1.0,2000.0,13752700.0,400000.0,9972700.0,134797755.98667955,134797.75598667955,32000.0,0.0,172382.9066233212,617187.3490641619,12185.222220430045,0.006100000000000427,0.006399952548655795,40.444865621527114,31.28763085086593,11493784.314549303,1472781.0547406932,12971356.24331095,10062198245.236967,10062198245.236967,0.0
790,0.0,12715254.816060832,790.0,790,10722.502618476941,8710.626916238727,8722.502618476941,2,2,7710.626916238727,11.880057993367046,17.648719444131455,17.648719444131455,1.0,2000.0,13752700.0,400000.0,9972700.0,134797755.98667955,134797.75598667955,32000.0,0.0,172637.86246807975,616947.4410417306,12185.222220430045,0.006100000000000427,0.006399952548655795,40.517254089052884,31.36357884385524,11502428.511048667,1464171.8588624552,12971356.24331095,10075169601.480278,10075169601.480278,0.0
791,0.0,12715254.816060832,791.0,791,10734.387003672553,8722.502618476941,8734.387003672553,2,2,7722.502618476941,11.888712397854851,17.648719444131455,17.648719444131455,1.0,2000.0,13752700.0,400000.0,9972700.0,134797755.98667955,134797.75598667955,32000.0,0.0,172891.3279590612,616707.3563203426,12185.222220430045,0.006100000000000427,0.006399952548655795,40.589695872705995,31.439582774661776,11510997.570394961,1455637.4146362378,12971356.243310947,10088140957.723589,10088140957.723589,0.0
792,0.0,12715254.816060832,792.0,792,10746.280015002047,8734.387003672553,8746.280015002047,2,2,7734.387003672553,11.8973102611329,17.648719444131455,17.648719444131455,1.0,2000.0,13752700.0,400000.0,9972700.0,134797755.98667955,134797.75598667955,32000.0,0.0,173143.31603666185,616467.0960602481,12185.222220430045,0.006100000000000427,0.006399952548655795,40.66219062239923,31.515642275983637,11519492.164558588,1447177.0551705717,12971356.24331095,10101112313.9669,10101112313.9669,0.0
793,0.0,12715254.816060832,793.0,793,10758.181596206225,8746.280015002047,8758.181596206225,2,2,7746.280015002047,11.905852147221637,17.648719444131455,17.648719444131455,1.0,2000.0,13752700.0,400000.0,9972700.0,134797755.98667955,134797.75598667955,32000.0,0.0,173393.83952583125,616226.5791835833,12185.222220430045,0.0060999999999941604,0.006399952548655795,40.73473677150909,31.591756984153022,11527911.98304396,1438791.0928130953,12971356.24331095,10114083670.21021,10114083670.21021,0.0
794,0.0,12715254.816060832,794.0,794,10770.091691574407,8758.181596206225,8770.091691574407,2,2,7758.181596206225,11.914338589143286,17.648719444131455,17.648719444131455,1.0,2000.0,13752700.0,400000.0,9972700.0,134797755.98667955,134797.75598667955,32000.0,0.0,173642.91130559004,615986.1583208808,12185.222220430045,0.006099332968829777,0.006399952548655795,40.8073391919735,31.667926539113736,11536261.864468455,1430474.7073187602,12971356.243310949,10127055026.453522,10127055026.453522,0.0
795,0.0,12715254.816060832,795.0,795,10782.010245944593,8770.091691574407,8782.010245944593,2,2,7770.091691574407,11.922770151228036,17.648719444131455,17.648719444131455,1.0,2000.0,13752700.0,400000.0,9972700.0,134797755.98667955,134797.75598667955,32000.0,0.0,173890.54342051732,615745.3028004604,12185.222220430045,0.006101000820395718,0.006399952548655795,40.8799896536486,31.74415058432007,11544536.122931477,1422233.569011801,12971356.24331095,10140026382.696833,10140026382.696833,0.0
796,0.0,12715254.816060832,796.0,796,10793.937229394773,8782.010245944593,8793.937229394773,2,2,7782.010245944593,11.931196749130613,17.648719444131455,17.648719444131455,1.0,2000.0,13752700.0,400000.0,9972700.0,134797755.98667955,134797.75598667955,32000.0,0.0,174136.7488967924,614800.9731505372,12185.222220430045,0.004899081537015831,0.006399952548655795,40.942256777157986,31.820428766737834,11544374.17302068,1422401.4567267038,12971356.243310949,10152997738.940144,10152997738.940144,0.0
797,0.0,12715254.816060832,797.0,797,10805.872646213083,8793.937229394773,8805.872646213083,2,2,7793.937229394773,11.939636887491965,17.648719444131455,17.648719444131455,1.0,2000.0,13752700.0,400000.0,9972700.0,134797755.98667955,134797.75598667955,32000.0,0.0,174382.9834364195,613595.3934451797,12184.405102230196,0.004900803937648959,0.00640010119377033,41.00070221100799,31.896761437604997,11541077.067536544,1425694.4449965726,12971356.24331095,10165969095.183455,10165969095.183455,0.0
798,0.0,12715254.816060832,798.0,798,10817.816510021708,8805.872646213083,8817.816510021708,2,2,7805.8726462130835,11.948090729756327,17.648719444131455,17.648719444131455,1.0,2000.0,13752700.0,400000.0,9972700.0,134797755.98667955,134797.75598667955,32000.0,0.0,174629.78803131953,612388.6250433055,12181.734044005776,0.004899464188076515,0.00640010119377033,41.05918521267741,31.973149313032014,11537747.39410633,1429019.9235713591,12971356.24331095,10178940451.426765,10178940451.426765,0.0
799,0.0,12715254.816060832,799.0,799,10829.768834531158,8817.816510021708,8829.768834531158,2,2,7817.816510021708,11.956558289142134,17.648719444131455,17.648719444131455,1.0,2000.0,13752700.0,400000.0,9972700.0,134797755.98667955,134797.75598667955,32000.0,0.0,174877.1683059491,611180.9381533404,12179.061095407233,0.00490214442012987,0.00640010119377033,41.117708648293025,32.049591250051826,11534410.569118055,1432352.557735567,12971356.24331095,10191911807.670076,10191911807.670076,0.0
800,0.0,12715254.816060832,800.0,800,10841.729633456021,8829.768834531158,8841.729633456021,2,2,7829.768834531158,11.965039560583346,17.648719444131455,17.648719444131455,1.0,2000.0,13752700.0,400000.0,9972700.0,134797755.98667955,134797.75598667955,32000.0,0.0,175125.12549902548,609972.593752224,12176.38625336615,0.004900803937648959,0.00640010119377033,41.17627647772936,32.126087336413086,11531069.684415502,1435689.2655599825,12971356.24331095,10204883163.913387,10204883163.913387,0.0
801,0.0,12715254.816060832,801.0,801,10853.69892051213,8841.729633456021,8853.69892051213,2,2,7841.7296334560215,11.973534551632286,17.648719444131455,17.648719444131455,1.0,2000.0,13752700.0,400000.0,9972700.0,134797755.98667955,134797.75598667955,32000.0,0.0,175373.66031574752,608763.2251461851,12173.899208927138,0.004901378340362298,0.006399969860369832,41.23488323678761,32.202637548567964,11527722.589319173,1439032.1908774266,12971356.24331095,10217854520.156698,10217854520.156698,0.0
802,0.0,12715254.816060832,802.0,802,10865.676709328796,8853.69892051213,8865.676709328796,2,2,7853.69892051213,11.982043081701372,17.648719444131455,17.648719444131455,1.0,2000.0,13752700.0,400000.0,9972700.0,134797755.98667955,134797.75598667955,32000.0,0.0,175622.77383243688,607553.2139806685,12173.899208927138,0.004899081537015831,0.006399969860369832,41.29353332641808,32.27924062497718,11524401.2784121,1442349.440871083,12971356.24331095,10230825876.40001,10230825876.40001,0.0
803,0.0,12715254.816060832,803.0,803,10877.663013449715,8865.676709328796,8877.663013449715,2,2,7865.676709328796,11.990565160136946,17.648719444131455,17.648719444131455,1.0,2000.0,13752700.0,400000.0,9972700.0,134797755.98667955,134797.75598667955,32000.0,0.0,175872.46160439093,606342.3657119772,12173.899208927138,0.004901378340362298,0.006399969860369832,41.3522254069247,32.35589811239771,11521073.496305076,1445673.1679806805,12971356.24331095,10243797232.64332,10243797232.64332,0.0
804,0.0,12715254.816060832,804.0,804,10889.657846433736,8877.663013449715,8889.657846433736,2,2,7877.663013449715,11.999100807906064,17.648719444131455,17.648719444131455,1.0,2000.0,13752700.0,400000.0,9972700.0,134797755.98667955,134797.75598667955,32000.0,0.0,176122.72475287516,605130.5157498991,12173.899208927138,0.004899994442144418,0.006399969860369832,41.410957122954805,32.43261009750882,11517737.25100155,1449005.3579316344,12971356.24331095,10256768588.886631,10256768588.886631,0.0
805,0.0,12715254.816060832,805.0,805,10901.661221853145,8889.657846433736,8901.661221853145,2,2,7889.657846433736,12.007650030910682,17.648719444131455,17.648719444131455,1.0,2000.0,13752700.0,400000.0,9972700.0,134797755.98667955,134797.75598667955,32000.0,0.0,176373.56474290765,603917.8781954856,12173.899208927138,0.004899994442144418,0.006399969860369832,41.469731737910955,32.50937666708673,11514395.092887178,1452343.4684914418,12971356.24331095,10269739945.129942,10269739945.129942,0.0
806,0.0,12715254.816060832,806.0,806,10913.67315328884,8901.661221853145,8913.67315328884,2,2,7901.6612218531445,12.016212840483274,17.648719444131455,17.648719444131455,1.0,2000.0,13752700.0,400000.0,9972700.0,134797755.98667955,134797.75598667955,32000.0,0.0,176624.9825994159,602704.377029385,12173.899208927138,0.004899994442144418,0.006399969860369832,41.52854821075303,32.58619790799364,11511046.084829615,1455688.433863176,12971356.243310949,10282711301.373253,10282711301.373253,0.0
807,0.0,12715254.816060832,807.0,807,10925.693654333132,8913.67315328884,8925.693654333132,2,2,7913.673153288841,12.02478924810003,17.648719444131455,17.648719444131455,1.0,2000.0,13752700.0,400000.0,9972700.0,134797755.98667955,134797.75598667955,32000.0,0.0,176876.979509049,601490.0108786123,12173.899208927138,0.004899994442144418,0.006399969860369832,41.58740660802736,32.66307390714693,11507690.188974427,1459040.2918310172,12971356.24331095,10295682657.616564,10295682657.616564,0.0
808,0.0,12715254.816060832,808.0,808,10937.722738589871,8925.693654333132,8937.722738589871,2,2,7925.693654333132,12.03337926537947,17.648719444131455,17.648719444131455,1.0,2000.0,13752700.0,400000.0,9972700.0,134797755.98667955,134797.75598667955,32000.0,0.0,177129.55666499704,600274.7783690323,12173.899208927138,0.004899994442144418,0.006399969860369832,41.64630699633618,32.74000475153694,11504327.367595203,1462399.0800528408,12971356.243310949,10308654013.859875,10308654013.859875,0.0
809,0.0,12715254.816060832,809.0,809,10949.760419674602,8937.722738589871,8949.760419674602,2,2,7937.722738589871,12.041982904081072,17.648719444131455,17.648719444131455,1.0,2000.0,13752700.0,400000.0,9972700.0,134797755.98667955,134797.75598667955,32000.0,0.0,177382.71526696905,599058.6781253393,12173.899208927138,0.004899994442144418,0.006399969860369832,41.705249442338285,32.81699052822792,11500957.58309123,1465764.8360614239,12971356.243310949,10321625370.103186,10321625370.103186,0.0
810,0.0,12715254.816060832,810.0,810,10961.806711214695,8949.760419674602,8961.806711214695,2,2,7949.7604196746015,12.050600176103922,17.648719444131455,17.648719444131455,1.0,2000.0,13752700.0,400000.0,9972700.0,134797755.98667955,134797.75598667955,32000.0,0.0,177636.4565211715,597841.7087710487,12173.899208927138,0.004899994442144418,0.006399969860369832,41.764234012749775,32.894031324358934,11497580.797985312,1469137.597267463,12971356.24331095,10334596726.346497,10334596726.346497,0.0
811,0.0,12715254.816060832,811.0,811,10973.86162684949,8961.806711214695,8973.86162684949,2,2,7961.806711214695,12.059231093485371,17.648719444131455,17.648719444131455,1.0,2000.0,13752700.0,400000.0,9972700.0,134797755.98667955,134797.75598667955,32000.0,0.0,177890.78164028694,596623.8689284779,12173.899208927138,0.004899994442144418,0.006399969860369832,41.82326077434468,32.971127227144756,11494196.974921511,1472517.4009605795,12971356.24331095,10347568082.589808,10347568082.589808,0.0
812,0.0,12715254.816060832,812.0,812,10985.92518023083,8973.86162684949,8985.92518023083,2,2,7973.86162684949,12.06787566919457,17.648719444131455,17.648719444131455,1.0,2000.0,13752700.0,400000.0,9972700.0,134797755.98667955,134797.75598667955,32000.0,0.0,178145.69184345336,595405.1458986308,12173.899208927138,0.004899994442144418,0.006399999999993904,41.8823297939557,33.048278491833614,11490805.94048086,1475904.4200678507,12971356.24331095,10360539438.833118,10360539438.833118,0.0
813,0.0,12715254.816060832,813.0,813,10997.997385026585,8985.92518023083,8997.997385026585,2,2,7985.92518023083,12.076533922315601,17.648719444131455,17.648719444131455,1.0,2000.0,13752700.0,400000.0,9972700.0,134797755.98667955,134797.75598667955,32000.0,0.0,178401.18837974442,594185.453052601,12173.899208927138,0.004899994442144418,0.006400123516350439,41.941441138476776,33.125486470636204,11487406.631992504,1479299.7139887612,12971356.243310949,10373510795.07643,10373510795.07643,0.0
814,0.0,12715254.816060832,814.0,814,11010.07825492096,8997.997385026585,9010.07825492096,2,2,7997.997385026585,12.085205866433087,17.648719444131455,17.648719444131455,1.0,2000.0,13752700.0,400000.0,9972700.0,134797755.98667955,134797.75598667955,32000.0,0.0,178657.27268162832,592964.8684437692,12173.899208927138,0.004899994442144418,0.006400123516350439,42.000594874880406,33.20275007244371,11483999.97575344,1482702.3593942989,12971356.24331095,10386482151.31974,10386482151.31974,0.0
815,0.0,12715254.816060832,815.0,815,11022.16780359819,9010.07825492096,9022.16780359819,2,2,8010.07825492096,12.0938914880272,17.648719444131455,17.648719444131455,1.0,2000.0,13752700.0,400000.0,9972700.0,134797755.98667955,134797.75598667955,32000.0,0.0,178913.94602173418,591743.7784576254,12173.899208927138,0.004899994442144418,0.006400000000003737,42.05979107021911,33.280063631490826,11480590.610908372,1486107.7316761795,12971356.243310947,10399453507.563051,10399453507.563051,0.0
816,0.0,12715254.816060832,816.0,816,11034.266044751665,9022.16780359819,9034.266044751665,2,2,8022.1678035981895,12.102590818922433,17.648719444131455,17.648719444131455,1.0,2000.0,13752700.0,400000.0,9972700.0,134797755.98667955,134797.75598667955,32000.0,0.0,179171.20887211652,590521.5409045225,12173.899208927138,0.004899994442144418,0.006400000000003737,42.11902979154557,33.35743674302514,11477170.745071923,1489523.598906372,12971356.24331095,10412424863.806362,10412424863.806362,0.0
817,0.0,12715254.816060832,817.0,817,11046.372992097098,9034.266044751665,9046.372992097098,2,2,8034.266044751665,12.111303871945484,17.648719444131455,17.648719444131455,1.0,2000.0,13752700.0,400000.0,9972700.0,134797755.98667955,134797.75598667955,32000.0,0.0,179429.0630495753,589298.4245534445,12173.899208927138,0.004899994442144418,0.006400000000003737,42.17831110595732,33.434865486407425,11473743.62117587,1492946.7283582361,12971356.24331095,10425396220.049673,10425396220.049673,0.0
818,0.0,12715254.816060832,818.0,818,11058.488659371582,9046.372992097098,9058.488659371582,2,2,8046.372992097098,12.12003067702139,17.648719444131455,17.648719444131455,1.0,2000.0,13752700.0,400000.0,9972700.0,134797755.98667955,134797.75598667955,32000.0,0.0,179687.50981128705,588074.1863645158,12173.899208927138,0.004899994442144418,0.006399737543566572,42.237635080661285,33.51235353483751,11470306.282872617,1496380.067245673,12971356.243310949,10438367576.292984,10438367576.292984,0.0
819,0.0,12715254.816060832,819.0,819,11070.613060325999,9058.488659371582,9070.613060325999,2,2,8058.488659371582,12.128771231812276,17.648719444131455,17.648719444131455,1.0,2000.0,13752700.0,400000.0,9972700.0,134797755.98667955,134797.75598667955,32000.0,0.0,179946.55092462598,586849.2842351518,12173.899208927138,0.004899994442144418,0.0063998384857994976,42.297001782969126,33.589894161783754,11466864.262721237,1499818.1002851455,12971356.24331095,10451338932.536295,10451338932.536295,0.0
820,0.0,12715254.816060832,820.0,820,11082.746208710954,9070.613060325999,9082.746208710954,2,2,8070.613060325999,12.137525538096847,17.648719444131455,17.648719444131455,1.0,2000.0,13752700.0,400000.0,9972700.0,134797755.98667955,134797.75598667955,32000.0,0.0,180206.18720220544,585623.6617783775,12173.899208927138,0.004899994442144418,0.006402800875271192,42.3564112802601,33.667488271241346,11463416.844497975,1503261.5414885858,12971356.24331095,10464310288.779606,10464310288.779606,0.0
821,0.0,12715254.816060832,821.0,821,11094.888118286524,9082.746208710954,9094.888118286524,2,2,8082.746208710954,12.146293613041594,17.648719444131455,17.648719444131455,1.0,2000.0,13752700.0,400000.0,9972700.0,134797755.98667955,134797.75598667955,32000.0,0.0,180466.41958024263,584397.1016060051,12173.899208927138,0.004899994442144418,0.006395803278684769,42.41586363991209,33.7451391559859,11459961.365869904,1506713.0449702318,12971356.243310949,10477281645.022917,10477281645.022917,0.0
822,0.0,12715254.816060832,822.0,822,11107.038802836702,9094.888118286524,9107.038802836702,2,2,8094.888118286524,12.155075487312727,17.648719444131455,17.648719444131455,1.0,2000.0,13752700.0,400000.0,9972700.0,134797755.98667955,134797.75598667955,32000.0,0.0,180727.24945441342,583169.4114077494,12173.899208927138,0.004899994442144418,0.006398800374877684,42.475358929349404,33.82284973675755,11456495.480774697,1510174.9496109844,12971356.24331095,10490253001.266228,10490253001.266228,0.0
823,0.0,12715254.816060832,823.0,823,11119.19827616344,9107.038802836702,9119.19827616344,2,2,8107.0388028367015,12.163871166165977,17.648719444131455,17.648719444131455,1.0,2000.0,13752700.0,400000.0,9972700.0,134797755.98667955,134797.75598667955,32000.0,0.0,180988.67862528164,581940.9513883897,12173.899208927138,0.004899994442144418,0.006402800875268006,42.53489721611352,33.900614736724236,11453023.553923732,1513642.9042747305,12971356.243310949,10503224357.509539,10503224357.509539,0.0
824,0.0,12715254.816060832,824.0,824,11131.366552074245,9119.19827616344,9131.366552074245,2,2,8119.198276163441,12.172680655442107,17.648719444131455,17.648719444131455,1.0,2000.0,13752700.0,400000.0,9972700.0,134797755.98667955,134797.75598667955,32000.0,0.0,181250.70814017797,580711.7145433207,12173.899208927138,0.004899994442144418,0.006399999999991444,42.594478567833946,33.9784343274431,11449545.473510932,1517117.0204544358,12971356.243310949,10516195713.75285,10516195713.75285,0.0
825,0.0,12715254.816060832,825.0,825,11143.54364439499,9131.366552074245,9143.54364439499,2,2,8131.366552074245,12.181503986044522,17.648719444131455,17.648719444131455,1.0,2000.0,13752700.0,400000.0,9972700.0,134797755.98667955,134797.75598667955,32000.0,0.0,181513.33906573374,579481.345228792,12173.899208927138,0.004899994442144418,0.006399999999991444,42.65410305216737,34.05631385327217,11446056.894362496,1520601.6299873549,12971356.24331095,10529167069.99616,10529167069.99616,0.0
826,0.0,12715254.816060832,826.0,826,11155.729566958787,9143.54364439499,9155.729566958787,2,2,8143.543644394989,12.190341141550492,17.648719444131455,17.648719444131455,1.0,2000.0,13752700.0,400000.0,9972700.0,134797755.98667955,134797.75598667955,32000.0,0.0,181776.57321847274,578250.5156869597,12173.899208927138,0.004899994442144418,0.006399300164021013,42.713770736860496,34.134243407872894,11442565.983118376,1524088.5914322694,12971356.24331095,10542138426.239471,10542138426.239471,0.0
827,0.0,12715254.816060832,827.0,827,11167.924333606836,9155.729566958787,9167.924333606836,2,2,8155.7295669587875,12.199192154546344,17.648719444131455,17.648719444131455,1.0,2000.0,13752700.0,400000.0,9972700.0,134797755.98667955,134797.75598667955,32000.0,0.0,182040.41100553874,577018.5318787587,12173.899208927138,0.004899994442144418,0.006395803278681239,42.77348168969551,34.212233356514375,11439064.252313726,1527586.3661808488,12971356.24331095,10555109782.482782,10555109782.482782,0.0
828,0.0,12715254.816060832,828.0,828,11180.127958206038,9167.924333606836,9180.127958206038,2,2,8167.924333606836,12.208057043857776,17.648719444131455,17.648719444131455,1.0,2000.0,13752700.0,400000.0,9972700.0,134797755.98667955,134797.75598667955,32000.0,0.0,182304.85429884272,575785.58786731,12173.899208927138,0.004899994442144418,0.006399300164017831,42.833235978494194,34.29028088769568,11435554.062343843,1531092.6011827472,12971356.24331095,10568081138.726093,10568081138.726093,0.0
829,0.0,12715254.816060832,829.0,829,11192.340454641502,9180.127958206038,9192.340454641502,2,2,8180.127958206038,12.216935827071064,17.648719444131455,17.648719444131455,1.0,2000.0,13752700.0,400000.0,9972700.0,134797755.98667955,134797.75598667955,32000.0,0.0,182569.9045629547,574551.7010240203,12173.899208927138,0.004899994442144418,0.006399737543566572,42.8930336712043,34.36838581162426,11432035.610569546,1534607.0997535558,12971356.24331095,10581052494.969404,10581052494.969404,0.0
830,0.0,12715254.816060832,830.0,830,11204.56183680361,9192.340454641502,9204.56183680361,2,2,8192.340454641502,12.225828497143317,17.648719444131455,17.648719444131455,1.0,2000.0,13752700.0,400000.0,9972700.0,134797755.98667955,134797.75598667955,32000.0,0.0,182835.56322839635,573317.2219208154,12173.899208927138,0.004899994442144418,0.006400221032631017,42.95287483586279,34.4465429948866,11428513.154580634,1538125.617374931,12971356.243310949,10594023851.212715,10594023851.212715,0.0
831,0.0,12715254.816060832,831.0,831,11216.792118593272,9204.56183680361,9216.792118593272,2,2,8204.56183680361,12.23473508218065,17.648719444131455,17.648719444131455,1.0,2000.0,13752700.0,400000.0,9972700.0,134797755.98667955,134797.75598667955,32000.0,0.0,183101.83099091297,572081.6527849609,12173.899208927138,0.004899994442144418,0.006401050041011004,43.012759540532436,34.52475989102057,11424980.58488206,1541654.2449020494,12971356.24331095,10606995207.456026,10606995207.456026,0.0
832,0.0,12715254.816060832,832.0,832,11229.031314069563,9216.792118593272,9229.031314069563,2,2,8216.792118593272,12.243655870401057,17.648719444131455,17.648719444131455,1.0,2000.0,13752700.0,400000.0,9972700.0,134797755.98667955,134797.75598667955,32000.0,0.0,183368.7096006489,570845.1881718778,12169.999493599349,0.004899994442144418,0.006400466642354857,43.072687853327636,34.603033681513566,11421392.669049358,1545238.0771061357,12971356.243310949,10619966563.699337,10619966563.699337,0.0
833,0.0,12715254.816060832,833.0,833,11241.279436979197,9229.031314069563,9241.279436979197,2,2,8229.031314069563,12.252589948865305,17.648719444131455,17.648719444131455,1.0,2000.0,13752700.0,400000.0,9972700.0,134797755.98667955,134797.75598667955,32000.0,0.0,183636.20861418766,569628.2981425842,12158.801860256435,0.004900044968563313,0.004204137931032881,43.13265989446591,34.681060771423034,11417958.178215308,1548668.978634911,12971356.243310949,10632937919.942648,10632937919.942648,0.0
834,0.0,12715254.816060832,834.0,834,11253.536437861429,9241.279436979197,9253.536437861429,2,2,8241.279436979197,12.261411815598464,17.648719444131455,17.648719444131455,1.0,2000.0,13752700.0,400000.0,9972700.0,134797755.98667955,134797.75598667955,32000.0,0.0,183904.301557418,570206.0608132203,12139.356532990523,0.004900044968563313,0.004199999999996241,43.192676247503606,34.73250483530937,11436363.722894741,1530326.1908839592,12971356.24331095,10645909276.185959,10645909276.185959,0.0
835,0.0,12715254.816060832,835.0,835,11265.802206528646,9253.536437861429,9265.802206528646,2,2,8253.536437861429,12.270125518834993,17.648719444131455,17.648719444131455,1.0,2000.0,13752700.0,400000.0,9972700.0,134797755.98667955,134797.75598667955,32000.0,0.0,184169.2191468296,570784.531432913,12075.49930915216,0.004900044968563313,0.004200689089414504,43.252736103006264,34.78398189779061,11454106.029269433,1512644.3708205486,12971356.24331095,10658880632.42927,10658880632.42927,0.0
836,0.0,12715254.816060832,836.0,836,11278.076636759126,9265.802206528646,9278.076636759126,2,2,8265.802206528646,12.278734942123375,17.648719444131455,17.648719444131455,1.0,2000.0,13752700.0,400000.0,9972700.0,134797755.98667955,134797.75598667955,32000.0,0.0,184431.075803758,571363.1859557906,11969.594415613676,0.004900044968563313,0.004199540732638547,43.31283892104962,34.83549919423322,11471211.304564673,1495597.4060792439,12971356.24331095,10671851988.67258,10671851988.67258,0.0
837,0.0,12715254.816060832,837.0,837,11290.359661181074,9278.076636759126,9290.359661181074,2,2,8278.076636759126,12.287313901770439,17.648719444131455,17.648719444131455,1.0,2000.0,13752700.0,400000.0,9972700.0,134797755.98667955,134797.75598667955,32000.0,0.0,184689.98142917885,570925.1484734333,11842.28853577077,0.0023000000000005507,0.00420183807439259,43.35789186454256,34.88705131835645,11475479.12379331,1491348.8417073765,12971356.24331095,10684823344.915892,10684823344.915892,0.0
838,0.0,12715254.816060832,838.0,838,11302.651292063123,9290.359661181074,9302.651292063123,2,2,8290.359661181074,12.295947862329477,17.648719444131455,17.648719444131455,1.0,2000.0,13752700.0,400000.0,9972700.0,134797755.98667955,134797.75598667955,32000.0,0.0,184948.15157778532,569352.3128936518,11637.272462838664,0.0023000000000005507,0.004200424028265089,43.38614282071305,34.93863850246736,11464840.389571304,1501961.7445543085,12971356.24331095,10697794701.159203,10697794701.159203,0.0
839,0.0,12715254.816060832,839.0,839,11314.951585484274,9302.651292063123,9314.951585484274,2,2,8302.651292063123,12.304638979970905,17.648719444131455,17.648719444131455,1.0,2000.0,13752700.0,400000.0,9972700.0,134797755.98667955,134797.75598667955,32000.0,0.0,185208.15894557792,567778.0620181997,11397.462229255336,0.0023000000000005507,0.004199967954831404,43.41441357174177,34.99026648023816,11453804.930239385,1512970.2935365622,12971356.24331095,10710766057.402514,10710766057.402514,0.0
840,0.0,12715254.816060832,840.0,840,11327.260598964438,9314.951585484274,9327.260598964438,2,2,8314.951585484274,12.313387980357133,17.648719444131455,17.648719444131455,1.0,2000.0,13752700.0,400000.0,9972700.0,134797755.98667955,134797.75598667955,32000.0,0.0,185470.07202358881,566202.9392308856,11142.447971528782,0.0023000000000005507,0.004199967954831404,43.44270424661042,35.04192731844202,11442621.597391527,1524126.3934643804,12971356.243310949,10723737413.645824,10723737413.645824,0.0
841,0.0,12715254.816060832,841.0,841,11339.578390227804,9327.260598964438,9339.578390227804,2,2,8327.260598964438,12.322194546375409,17.648719444131455,17.648719444131455,1.0,2000.0,13752700.0,400000.0,9972700.0,134797755.98667955,134797.75598667955,32000.0,0.0,185733.9163546343,564626.6997902379,10887.25292629584,0.0023000000000005507,0.004199967954831404,43.47101497761481,35.0936247806143,11431472.292342845,1535248.692829779,12971356.243310949,10736708769.889135,10736708769.889135,0.0
842,0.0,12715254.816060832,842.0,842,11351.905016683566,9339.578390227804,9351.905016683566,2,2,8339.578390227804,12.331058365147685,17.648719444131455,17.648719444131455,1.0,2000.0,13752700.0,400000.0,9972700.0,134797755.98667955,134797.75598667955,32000.0,0.0,185999.6860874367,563049.3363043444,10631.875896797053,0.0023000000000005507,0.004199967954831404,43.499345897520556,35.145359109194736,11420356.290487746,1546337.913784498,12971356.24331095,10749680126.132446,10749680126.132446,0.0
843,0.0,12715254.816060832,843.0,843,11364.240535044575,9351.905016683566,9364.240535044575,2,2,8351.905016683566,12.339978356872153,17.648719444131455,17.648719444131455,1.0,2000.0,13752700.0,400000.0,9972700.0,134797755.98667955,134797.75598667955,32000.0,0.0,186267.3754957314,561470.9125300961,10387.223615446603,0.0023000000000005507,0.004199212746014521,43.527697138368815,35.19712949026079,11409407.950349914,1557260.1003644923,12971356.243310949,10762651482.375757,10762651482.375757,0.0
844,0.0,12715254.816060832,844.0,844,11376.584999895318,9364.240535044575,9376.584999895318,2,2,8364.240535044575,12.34895134461327,17.648719444131455,17.648719444131455,1.0,2000.0,13752700.0,400000.0,9972700.0,134797755.98667955,134797.75598667955,32000.0,0.0,186536.95566388965,559891.1782200425,10183.543969941102,0.0023000000000005507,0.004200000000021584,43.556068830599145,35.24893976718403,11398995.298888933,1567648.32481137,12971356.24331095,10775622838.619068,10775622838.619068,0.0
845,0.0,12715254.816060832,845.0,845,11388.938463520397,9376.584999895318,9388.938463520397,2,2,8376.584999895318,12.35797590554597,17.648719444131455,17.648719444131455,1.0,2000.0,13752700.0,400000.0,9972700.0,134797755.98667955,134797.75598667955,32000.0,0.0,186808.33415674174,558310.3920206679,9995.983451221857,0.0023000000000005507,0.004199827762965326,43.584461099755856,35.30078622795993,11388812.109486213,1577807.8891640208,12971356.24331095,10788594194.86238,10788594194.86238,0.0
846,0.0,12715254.816060832,846.0,846,11401.300975887474,9388.938463520397,9401.300975887474,2,2,8388.938463520397,12.367048828607139,17.648719444131455,17.648719444131455,1.0,2000.0,13752700.0,400000.0,9972700.0,134797755.98667955,134797.75598667955,32000.0,0.0,187081.47139051705,556728.4707658434,9850.262297746185,0.0023000000000005507,0.004199999999996241,43.612874066093546,35.35267022678248,11379172.919323282,1587425.191355255,12971356.24331095,10801565551.10569,10801565551.10569,0.0
847,0.0,12715254.816060832,847.0,847,11413.672584478389,9401.300975887474,9413.672584478389,2,2,8401.300975887474,12.376168353222726,17.648719444131455,17.648719444131455,1.0,2000.0,13752700.0,400000.0,9972700.0,134797755.98667955,134797.75598667955,32000.0,0.0,187356.27349321268,555145.4080194889,9726.117163440971,0.0023000000000005507,0.004199675800844789,43.64130784453783,35.40459197406967,11369824.447336933,1596752.74808191,12971356.24331095,10814536907.349,10814536907.349,0.0
848,0.0,12715254.816060832,848.0,848,11426.053332999658,9413.672584478389,9426.053332999658,2,2,8413.672584478389,12.385328689316658,17.648719444131455,17.648719444131455,1.0,2000.0,13752700.0,400000.0,9972700.0,134797755.98667955,134797.75598667955,32000.0,0.0,187632.69030645685,553560.9021192999,9681.432764597641,0.0023000000000005507,0.004200000000121288,43.66976254429694,35.45655605480609,11361475.928567007,1605083.4302298583,12971356.24331095,10827508263.592312,10827508263.592312,0.0
849,0.0,12715254.816060832,849.0,849,11438.443261395378,9426.053332999658,9438.443261395378,2,2,8426.053332999658,12.394528102121424,17.648719444131455,17.648719444131455,1.0,2000.0,13752700.0,400000.0,9972700.0,134797755.98667955,134797.75598667955,32000.0,0.0,187910.54925945261,551975.6311435072,9658.469289883078,0.0023000000000005507,0.004200375838921931,43.69823826589587,35.50855250884139,11353416.792330211,1613125.679139914,12971356.24331095,10840479619.835623,10840479619.835623,0.0
850,0.0,12715254.816060832,850.0,850,11450.842408451534,9438.443261395378,9450.842408451534,2,2,8438.443261395378,12.403766010189107,17.648719444131455,17.648719444131455,1.0,2000.0,13752700.0,400000.0,9972700.0,134797755.98667955,134797.75598667955,32000.0,0.0,188189.80042099018,550388.9835496512,9641.626787009109,0.0022999999999976325,0.004200486392584164,43.72673510120601,35.56059050152826,11345444.808516547,1621081.1196953547,12971356.24331095,10853450976.078934,10853450976.078934,0.0
851,0.0,12715254.816060832,851.0,851,11463.250812318664,9450.842408451534,9463.250812318664,2,2,8450.842408451534,12.413041724068894,17.648719444131455,17.648719444131455,1.0,2000.0,13752700.0,400000.0,9972700.0,134797755.98667955,134797.75598667955,32000.0,0.0,188470.42876351517,548801.2243292908,9632.253788533471,0.0022999969263048287,0.0041997494780760215,43.75525311989134,35.612666170839724,11337579.246933727,1628930.5376357841,12971356.24331095,10866422332.322245,10866422332.322245,0.0
852,0.0,12715254.816060832,852.0,852,11475.668510683963,9463.250812318664,9475.668510683963,2,2,8463.250812318664,12.422355006530315,17.648719444131455,17.648719444131455,1.0,2000.0,13752700.0,400000.0,9972700.0,134797755.98667955,134797.75598667955,32000.0,0.0,188752.41593325717,547212.236837177,9624.116760945994,0.0022999969263048287,0.004199868770531254,43.78379241064609,35.6647813361405,11329740.666446995,1636753.1371518124,12971356.243310949,10879393688.565556,10879393688.565556,0.0
853,0.0,12715254.816060832,853.0,853,11488.095531869889,9475.668510683963,9488.095531869889,2,2,8475.668510683963,12.431687365321327,17.648719444131455,17.648719444131455,1.0,2000.0,13752700.0,400000.0,9972700.0,134797755.98667955,134797.75598667955,32000.0,0.0,189035.75728762927,545875.4254157072,9623.737506583848,0.0022999969263048287,0.0035001208772197233,43.81235307871806,35.713176331745366,11325150.474521622,1641337.0270444574,12971356.24331095,10892365044.808867,10892365044.808867,0.0
854,0.0,12715254.816060832,854.0,854,11500.531883242227,9488.095531869889,9500.531883242227,2,2,8488.095531869889,12.441015379356536,17.648719444131455,17.648719444131455,1.0,2000.0,13752700.0,400000.0,9972700.0,134797755.98667955,134797.75598667955,32000.0,0.0,189319.89216763515,544870.4529272619,9623.737506583848,0.0022999969263048287,0.0034999999999966217,43.84093518924882,35.75666926154146,11324688.788493946,1641804.6285362002,12971356.243310949,10905336401.052177,10905336401.052177,0.0
855,0.0,12715254.816060832,855.0,855,11512.97756053606,9500.531883242227,9512.97756053606,2,2,8500.531883242227,12.450339208308067,17.648719444131455,17.648719444131455,1.0,2000.0,13752700.0,400000.0,9972700.0,134797755.98667955,134797.75598667955,32000.0,0.0,189604.10799499767,543864.6621755268,9623.737506583848,0.0022999969263048287,0.0035000000000005894,43.86953875917964,35.80019579134462,11324200.59435949,1642298.6444610695,12971356.24331095,10918307757.295488,10918307757.295488,0.0
856,0.0,12715254.816060832,856.0,856,11525.43255964477,9512.97756053606,9525.43255964477,2,2,8512.97756053606,12.45965900911327,17.648719444131455,17.648719444131455,1.0,2000.0,13752700.0,400000.0,9972700.0,134797755.98667955,134797.75598667955,32000.0,0.0,189888.4093423681,542858.0699746694,9623.737506583848,0.0022999969263048287,0.0035000000000005894,43.89816377870124,35.84375566187304,11323686.291020583,1642818.677617668,12971356.243310949,10931279113.5388,10931279113.5388,0.0
857,0.0,12715254.816060832,857.0,857,11537.89687661625,9525.43255964477,9537.89687661625,2,2,8525.43255964477,12.468974933845894,17.648719444131455,17.648719444131455,1.0,2000.0,13752700.0,400000.0,9972700.0,134797755.98667955,134797.75598667955,32000.0,0.0,190172.80071363744,541850.7238360438,9623.737506583848,0.0022999969263048287,0.0035000000000005894,43.926810238368404,35.88734815875354,11323146.656048749,1643363.9532351184,12971356.24331095,10944250469.78211,10944250469.78211,0.0
858,0.0,12715254.816060832,858.0,858,11550.370507649712,9537.89687661625,9550.370507649712,2,2,8537.89687661625,12.478287133075307,17.648719444131455,17.648719444131455,1.0,2000.0,13752700.0,400000.0,9972700.0,134797755.98667955,134797.75598667955,32000.0,0.0,190457.2864785746,540842.6240792932,9623.737506583848,0.0022999969263048287,0.0035000000000005894,43.9554781290913,35.93097326815373,11322581.875308618,1643934.2864942027,12971356.243310949,10957221826.025421,10957221826.025421,0.0
859,0.0,12715254.816060832,859.0,859,11562.853449094191,9550.370507649712,9562.853449094191,2,2,8550.370507649712,12.487595755884696,17.648719444131455,17.648719444131455,1.0,2000.0,13752700.0,400000.0,9972700.0,134797755.98667955,134797.75598667955,32000.0,0.0,190741.87097495416,539833.7710118206,9623.737506583848,0.0022999969263048287,0.0035000000000005894,43.98416744212812,35.97463097677085,11321992.13250841,1644529.4947180536,12971356.243310949,10970193182.268732,10970193182.268732,0.0
860,0.0,12715254.816060832,860.0,860,11575.345697447077,9562.853449094191,9575.345697447077,2,2,8562.853449094191,12.496900949889016,17.648719444131455,17.648719444131455,1.0,2000.0,13752700.0,400000.0,9972700.0,134797755.98667955,134797.75598667955,32000.0,0.0,191026.55850892712,538824.164928911,9623.737506583848,0.0022999969263048287,0.0035000000000005894,44.01287816908166,36.01832127182654,11321377.609224671,1645149.397348624,12971356.24331095,10983164538.512043,10983164538.512043,0.0
861,0.0,12715254.816060832,861.0,861,11587.847249352648,9575.345697447077,9587.847249352648,2,2,8575.345697447077,12.506202861252698,17.648719444131455,17.648719444131455,1.0,2000.0,13752700.0,400000.0,9972700.0,134797755.98667955,134797.75598667955,32000.0,0.0,191311.3533553878,537813.8061138534,9623.737506583848,0.0022999969263048287,0.0035000000000005894,44.041610301895936,36.06204414106164,11320738.48492671,1645793.8159223504,12971356.24331095,10996135894.755354,10996135894.755354,0.0
862,0.0,12715254.816060832,862.0,862,11600.358067679961,9587.847249352648,9600.358067679961,2,2,8587.847249352648,12.51543379337335,17.648719444131455,17.648719444131455,1.0,2000.0,13752700.0,400000.0,9972700.0,134797755.98667955,134797.75598667955,32000.0,0.0,191596.25975833632,537768.4509324337,9623.737506583848,0.0022999969263048287,0.0004999966692201626,44.07036383285279,36.09147060876121,11332126.643932901,1634445.9973484282,12971356.24331095,11009107250.998665,11009107250.998665,0.0
863,0.0,12715254.816060832,863.0,863,11612.878097506064,9600.358067679961,9612.878097506064,2,2,8600.358067679961,12.524625858832051,17.648719444131455,17.648719444131455,1.0,2000.0,13752700.0,400000.0,9972700.0,134797755.98667955,134797.75598667955,32000.0,0.0,191879.2017194818,537274.9219983936,9623.737506583848,-0.002500012882945214,0.0004999966692201626,44.06929669070257,36.09772597625409,11337833.737274818,1628762.5412667517,12971356.24331095,11022078607.241976,11022078607.241976,0.0
864,0.0,12715254.816060832,864.0,864,11625.407371733076,9612.878097506064,9625.407371733076,2,2,8612.878097506064,12.533922595191047,17.648719444131455,17.648719444131455,1.0,2000.0,13752700.0,400000.0,9972700.0,134797755.98667955,134797.75598667955,32000.0,0.0,192161.1598070625,534743.4060497658,9623.737506583848,-0.002500012882945214,0.0004999966692201626,44.037996454842464,36.10398594946568,11318019.914003007,1648525.7331719485,12971356.24331095,11035049963.485287,11035049963.485287,0.0
865,0.0,12715254.816060832,865.0,865,11637.94599471427,9625.407371733076,9637.94599471427,2,2,8625.407371733076,12.543323367197626,17.648719444131455,17.648719444131455,1.0,2000.0,13752700.0,400000.0,9972700.0,134797755.98667955,134797.75598667955,32000.0,0.0,192446.53913724484,532210.0209084388,9623.737506583848,-0.002500012882945214,0.0004999966692201626,44.006673107860976,36.110250544846934,11298277.989953302,1668217.4696926288,12971356.24331095,11048021319.728598,11048021319.728598,0.0
866,0.0,12715254.816060832,866.0,866,11650.494070171944,9637.94599471427,9650.494070171944,2,2,8637.94599471427,12.552827548152624,17.648719444131455,17.648719444131455,1.0,2000.0,13752700.0,400000.0,9972700.0,134797755.98667955,134797.75598667955,32000.0,0.0,192735.32734025535,529674.7454744661,9623.737506583848,-0.002500012882945214,0.0004999966692201626,43.9753263888736,36.11651981457413,11278606.317772916,1687839.3937673639,12971356.24331095,11060992675.971909,11060992675.971909,0.0
867,0.0,12715254.816060832,867.0,867,11663.051701205935,9650.494070171944,9663.051701205935,2,2,8650.494070171944,12.562434519828162,17.648719444131455,17.648719444131455,1.0,2000.0,13752700.0,400000.0,9972700.0,134797755.98667955,134797.75598667955,32000.0,0.0,193027.5123307328,527137.5587754804,9623.737506583848,-0.002500012882945214,0.0004999966692201626,43.94395603857324,36.12279381050809,11259003.26827322,1707393.130199356,12971356.24331095,11073964032.21522,11073964032.21522,0.0
868,0.0,12715254.816060832,868.0,868,11675.618990302042,9663.051701205935,9675.618990302042,2,2,8663.051701205935,12.572143672385819,17.648719444131455,17.648719444131455,1.0,2000.0,13752700.0,400000.0,9972700.0,134797755.98667955,134797.75598667955,32000.0,0.0,193323.08230458852,524598.4399649757,9623.737506583848,-0.002500012882945214,0.0004999966692201626,43.912561799208994,36.12907258419839,11239467.230175626,1726880.285907439,12971356.243310949,11086935388.45853,11086935388.45853,0.0
869,0.0,12715254.816060832,869.0,869,11688.196039340382,9675.618990302042,9688.196039340382,2,2,8675.618990302042,12.581954404295269,17.648719444131455,17.648719444131455,1.0,2000.0,13752700.0,400000.0,9972700.0,134797755.98667955,134797.75598667955,32000.0,0.0,193622.0257359107,522057.36832060275,9623.737506583848,-0.002500012882945214,0.0004999966692201626,43.88114341456503,36.13535618688757,11219996.609860666,1746302.4501815033,12971356.24331095,11099906744.701841,11099906744.701841,0.0
870,0.0,12715254.816060832,870.0,870,11700.782949603657,9688.196039340382,9700.782949603657,2,2,8688.196039340382,12.59186612225338,17.648719444131455,17.648719444131455,1.0,2000.0,13752700.0,400000.0,9972700.0,134797755.98667955,134797.75598667955,32000.0,0.0,193924.33137391225,519514.32324247883,9623.737506583848,-0.002500012882945214,0.0004999966692201626,43.84970062993975,36.14164466951536,11200589.83112022,1765661.1949270603,12971356.24331095,11112878100.945152,11112878100.945152,0.0
871,0.0,12715254.816060832,871.0,871,11713.379821785336,9700.782949603657,9713.379821785336,2,2,8700.782949603657,12.601878241103787,17.648719444131455,17.648719444131455,1.0,2000.0,13752700.0,400000.0,9972700.0,134797755.98667955,134797.75598667955,32000.0,0.0,194229.98823992166,516969.28425151756,9623.737506583848,-0.002500012882945214,0.0004999966692201626,43.818233192125085,36.14793808272277,11181245.334912935,1784958.0749126219,12971356.24331095,11125849457.188463,11125849457.188463,0.0
872,0.0,12715254.816060832,872.0,872,11725.986755995933,9713.379821785336,9725.986755995933,2,2,8713.379821785336,12.611990180091027,17.648719444131455,17.648719444131455,1.0,2000.0,13752700.0,400000.0,9972700.0,134797755.98667955,134797.75598667955,32000.0,0.0,194538.98562441624,514422.23270722,9623.787968554674,-0.0024999678353219497,0.0005000257334028964,43.78674097578168,36.154236577740306,11161962.235347578,1804193.973668784,12971356.243310949,11138820813.431774,11138820813.431774,0.0
873,0.0,12715254.816060832,873.0,873,11738.603851772412,9725.986755995933,9738.603851772412,2,2,8725.986755995933,12.622201372867384,17.648719444131455,17.648719444131455,1.0,2000.0,13752700.0,400000.0,9972700.0,134797755.98667955,134797.75598667955,32000.0,0.0,194851.31297082282,511873.1585096404,9623.787771631645,-0.0024999678353219497,0.0005000257334028964,43.75522404575317,36.16054036926492,11142737.85888358,1823371.5572196238,12971356.24331095,11151792169.675085,11151792169.675085,0.0
874,0.0,12715254.816060832,874.0,874,11751.231207971363,9738.603851772412,9751.231207971363,2,2,8738.603851772412,12.632511025035775,17.648719444131455,17.648719444131455,1.0,2000.0,13752700.0,400000.0,9972700.0,134797755.98667955,134797.75598667955,32000.0,0.0,195166.9601840887,509322.0628681874,9627.07388924158,-0.0024999999999977623,0.0004999873817033226,43.72368181056558,36.16684884787861,11123613.001515191,1842450.1464342682,12971356.24331095,11164763525.918396,11164763525.918396,0.0
875,0.0,12715254.816060832,875.0,875,11763.868922721189,9751.231207971363,9763.868922721189,2,2,8751.231207971363,12.64291847461455,17.648719444131455,17.648719444131455,1.0,2000.0,13752700.0,400000.0,9972700.0,134797755.98667955,134797.75598667955,32000.0,0.0,195485.91012712175,506768.84508648113,9631.979721774975,-0.0024996214988630854,0.0004996721311403542,43.692113195695754,36.173162433094646,11104563.9513683,1861453.3847773317,12971356.24331095,11177734882.161707,11177734882.161707,0.0
876,0.0,12715254.816060832,876.0,876,11776.517093453578,9763.868922721189,9776.517093453578,2,2,8763.868922721189,12.653422990162154,17.648719444131455,17.648719444131455,1.0,2000.0,13752700.0,400000.0,9972700.0,134797755.98667955,134797.75598667955,32000.0,0.0,195808.14975579362,504213.5959451495,9639.505642942951,-0.0025000863408723246,0.0005000000000034875,43.66051958450408,36.17948116135741,11085603.16465661,1880368.8512622535,12971356.24331095,11190706238.405018,11190706238.405018,0.0
877,0.0,12715254.816060832,877.0,877,11789.175817232743,9776.517093453578,9789.175817232743,2,2,8776.517093453578,12.664024568167383,17.648719444131455,17.648719444131455,1.0,2000.0,13752700.0,400000.0,9972700.0,134797755.98667955,134797.75598667955,32000.0,0.0,196133.6638757561,501656.1813574717,9639.534731673863,-0.002500068352713125,0.0004999614048629422,43.62889924080598,36.18580528593266,11066599.834261393,1899326.9800276943,12971356.24331095,11203677594.648329,11203677594.648329,0.0
878,0.0,12715254.816060832,878.0,878,11801.845191701876,9789.175817232743,9801.845191701876,2,2,8789.175817232743,12.674724370098238,17.648719444131455,17.648719444131455,1.0,2000.0,13752700.0,400000.0,9972700.0,134797755.98667955,134797.75598667955,32000.0,0.0,196462.45987235516,499096.6184978676,9615.496915024343,-0.002500117178343647,0.0004996721311505124,43.597252401271724,36.19213478867308,11047343.991606764,1918537.144769864,12971356.24331095,11216648950.89164,11216648950.89164,0.0
879,0.0,12715254.816060832,879.0,879,11814.525314005294,9801.845191701876,9814.525314005294,2,2,8801.845191701876,12.68552023673909,17.648719444131455,17.648719444131455,1.0,2000.0,13752700.0,400000.0,9972700.0,134797755.98667955,134797.75598667955,32000.0,0.0,196794.58137600365,496534.88724970404,9614.575886078,-0.0024999879381473,0.0004999062792861745,43.565578543259335,36.19846944540802,11028432.402716095,1937404.278545448,12971356.24331095,11229620307.13495,11229620307.13495,0.0
880,0.0,12715254.816060832,880.0,880,11827.216282808282,9814.525314005294,9827.216282808282,2,2,8814.525314005294,12.696417369237084,17.648719444131455,17.648719444131455,1.0,2000.0,13752700.0,400000.0,9972700.0,134797755.98667955,134797.75598667955,32000.0,0.0,197129.96900397827,493971.0122121593,9532.254698040333,-0.0024999879381473,0.0005002188183804403,43.53387839044656,36.20480961483619,11008539.656958792,1957250.032278311,12971356.24331095,11242591663.378262,11242591663.378262,0.0
881,0.0,12715254.816060832,881.0,881,11839.918202025983,9827.216282808282,9839.918202025983,2,2,8827.216282808282,12.707421066164398,17.648719444131455,17.648719444131455,1.0,2000.0,13752700.0,400000.0,9972700.0,134797755.98667955,134797.75598667955,32000.0,0.0,197468.79216698476,491404.9636727226,9366.627332616243,-0.0024999879381473,0.0005000820344520721,43.50215112151569,36.211154916485654,10987644.56382783,1978095.5567429373,12971356.24331095,11255563019.621572,11255563019.621572,0.0
882,0.0,12715254.816060832,882.0,882,11852.63117725848,9839.918202025983,9852.63117725848,2,2,8839.918202025983,12.718529398829705,17.648719444131455,17.648719444131455,1.0,2000.0,13752700.0,400000.0,9972700.0,134797755.98667955,134797.75598667955,32000.0,0.0,197811.22393717847,488836.68396756094,9220.058881101322,-0.0024999879381473,0.0005002188183801915,43.47039647668011,36.21750594613052,10967047.967531217,1998643.700271329,12971356.24331095,11268534375.864883,11268534375.864883,0.0
883,0.0,12715254.816060832,883.0,883,11865.35531555351,9852.63117725848,9865.35531555351,2,2,8852.63117725848,12.72974719123015,17.648719444131455,17.648719444131455,1.0,2000.0,13752700.0,400000.0,9972700.0,134797755.98667955,134797.75598667955,32000.0,0.0,198157.21283439698,486266.17705742276,8996.681884421365,-0.0024999879381473,0.0005002188183804403,43.43861419194091,36.22386238100609,10945530.604305638,2020110.286637948,12971356.24331095,11281505732.108194,11281505732.108194,0.0
884,0.0,12715254.816060832,884.0,884,11878.090727415536,9865.35531555351,9878.090727415536,2,2,8865.35531555351,12.741076532823525,17.648719444131455,17.648719444131455,1.0,2000.0,13752700.0,400000.0,9972700.0,134797755.98667955,134797.75598667955,32000.0,0.0,198506.91785197405,483693.42243423255,8734.934211688042,-0.0024999879381473,0.0005000000000152926,43.40680399968001,36.23022425777347,10923583.410885472,2042005.779483485,12971356.24331095,11294477088.351505,11294477088.351505,0.0
885,0.0,12715254.816060832,885.0,885,11890.837524327368,9878.090727415536,9890.837524327368,2,2,8878.090727415536,12.752517290839712,17.648719444131455,17.648719444131455,1.0,2000.0,13752700.0,400000.0,9972700.0,134797755.98667955,134797.75598667955,32000.0,0.0,198860.4132387013,481118.2877723138,8466.378369682763,-0.0025065789473733124,0.0004996721311512573,43.37496443246154,36.23659207231844,10901606.732727006,2063930.9672900497,12971356.24331095,11307448444.594816,11307448444.594816,0.0
886,0.0,12715254.816060832,886.0,886,11903.595821489516,9890.837524327368,9903.595821489516,2,2,8890.837524327368,12.76407703345625,17.648719444131455,17.648719444131455,1.0,2000.0,13752700.0,400000.0,9972700.0,134797755.98667955,134797.75598667955,32000.0,0.0,199217.70413512815,478444.7635107975,8177.470504968557,-0.002700034401475531,0.0005002188183801915,43.34167057880567,36.24296541107162,10878205.073455807,2087277.4376938737,12971356.24331095,11320419800.838127,11320419800.838127,0.0
887,0.0,12715254.816060832,887.0,887,11916.365745895433,9903.595821489516,9916.365745895433,2,2,8903.595821489516,12.775771778376807,17.648719444131455,17.648719444131455,1.0,2000.0,13752700.0,400000.0,9972700.0,134797755.98667955,134797.75598667955,32000.0,0.0,199579.0365821065,475693.06002166186,7726.944652887618,-0.002700034401475531,0.000500000000001007,43.30722273756362,36.24934471074144,10851840.86118737,2113578.492158455,12971356.24331095,11333391157.081438,11333391157.081438,0.0
888,0.0,12715254.816060832,888.0,888,11929.147432334994,9916.365745895433,9929.147432334994,2,2,8916.365745895433,12.78760110074546,17.648719444131455,17.648719444131455,1.0,2000.0,13752700.0,400000.0,9972700.0,134797755.98667955,134797.75598667955,32000.0,0.0,199944.92205313238,472938.8745249505,7271.386759667935,-0.0026999378381537577,0.0004999453253137716,43.272743625070845,36.25572956481178,10825486.899509514,2139869.6901780297,12971356.24331095,11346362513.324749,11346362513.324749,0.0
889,0.0,12715254.816060832,889.0,889,11941.94106953673,9929.147432334994,9941.94106953673,2,2,8929.147432334994,12.799673302727507,17.648719444131455,17.648719444131455,1.0,2000.0,13752700.0,400000.0,9972700.0,134797755.98667955,134797.75598667955,32000.0,0.0,200315.35884193846,468605.65604302566,6840.04821495865,-0.0026999378381537577,0.0031996500820105065,43.23823386621726,36.28551195162793,10779391.852517515,2185847.3271446475,12971356.243310949,11359333869.56806,11359333869.56806,0.0
890,0.0,12715254.816060832,890.0,890,11954.746926527381,9941.94106953673,9954.746926527381,2,2,8941.94106953673,12.812040678574986,17.648719444131455,17.648719444131455,1.0,2000.0,13752700.0,400000.0,9972700.0,134797755.98667955,134797.75598667955,32000.0,0.0,200693.75490428024,463518.12760143785,6393.432673556986,-0.0026999999999976904,0.003201400437634003,43.20368963224737,36.32645159206454,10723663.972883362,2241431.6893875347,12971356.24331095,11372305225.81137,11372305225.81137,0.0
891,0.0,12715254.816060832,891.0,891,11967.565297300074,9954.746926527381,9967.565297300074,2,2,8954.746926527381,12.824700866812641,17.648719444131455,17.648719444131455,1.0,2000.0,13752700.0,400000.0,9972700.0,134797755.98667955,134797.75598667955,32000.0,0.0,201081.77327808872,458425.9571233215,5954.051338199525,-0.002699704756696486,0.003199999999998053,43.16911481656854,36.36742952488427,10668211.333686331,2296742.4284499777,12971356.24331095,11385276582.054682,11385276582.054682,0.0
892,0.0,12715254.816060832,892.0,892,11980.396474068466,9967.565297300074,9980.396474068466,2,2,8967.565297300074,12.83765266996976,17.648719444131455,17.648719444131455,1.0,2000.0,13752700.0,400000.0,9972700.0,134797755.98667955,134797.75598667955,32000.0,0.0,201479.3665959505,453328.74425688497,5506.10350016077,-0.002699704756696486,0.003199999999999963,43.134505400414064,36.40844767135688,10612819.89868072,2351992.99682887,12971356.24331095,11398247938.297993,11398247938.297993,0.0
893,0.0,12715254.816060832,893.0,893,11993.240749340514,9980.396474068466,9993.240749340514,2,2,8980.396474068466,12.850897874124414,17.648719444131455,17.648719444131455,1.0,2000.0,13752700.0,400000.0,9972700.0,134797755.98667955,134797.75598667955,32000.0,0.0,201886.5244416076,448226.2925774398,5007.563347698992,-0.002700759493670109,0.0032014004376317087,43.0998607550946,36.449508317154425,10556942.794411333,2407728.7696153787,12971356.24331095,11411219294.541304,11411219294.541304,0.0
894,0.0,12715254.816060832,894.0,894,12006.098415272914,9993.240749340514,10006.098415272914,2,2,8993.240749340514,12.864433990677636,17.648719444131455,17.648719444131455,1.0,2000.0,13752700.0,400000.0,9972700.0,134797755.98667955,134797.75598667955,32000.0,0.0,202303.33080968983,443118.7370540567,4519.041279941401,-0.002699704756696486,0.0032005250205066962,43.06518161124659,36.49061019037153,10501355.481854603,2463176.4507213808,12971356.24331095,11424190650.784615,11424190650.784615,0.0
895,0.0,12715254.816060832,895.0,895,12018.969837225983,10006.098415272914,10018.969837225983,2,2,9006.098415272914,12.878409915460635,17.648719444131455,17.648719444131455,1.0,2000.0,13752700.0,400000.0,9972700.0,134797755.98667955,134797.75598667955,32000.0,0.0,202729.7358281151,435865.7521652589,4026.9061387435304,-0.006002625820571257,0.003199212792124544,42.99871249387696,36.53175391619366,10418388.2894956,2545929.5577562205,12971356.24331095,11437162007.027925,11437162007.027925,0.0
896,0.0,12715254.816060832,896.0,896,12031.855478617248,10018.969837225983,10031.855478617248,2,2,9018.969837225983,12.89287286706834,17.648719444131455,17.648719444131455,1.0,2000.0,13752700.0,400000.0,9972700.0,134797755.98667955,134797.75598667955,32000.0,0.0,203170.4663895276,427884.7288145509,3544.5794486814516,-0.005999999999997016,0.003200900140644698,42.921487216640735,36.57294341956397,10326521.19166471,2637559.555348058,12971356.243310949,11450133363.271236,11450133363.271236,0.0
897,0.0,12715254.816060832,897.0,897,12044.755825469529,10031.855478617248,10044.755825469529,2,2,9031.855478617248,12.90782083749108,17.648719444131455,17.648719444131455,1.0,2000.0,13752700.0,400000.0,9972700.0,134797755.98667955,134797.75598667955,32000.0,0.0,203627.05918882406,419894.41913648986,3048.8657537132785,-0.006000984413443704,0.003199999999999963,42.84417004641079,36.61417881157179,10234723.672381774,2729121.7969607986,12971356.24331095,11463104719.514547,11463104719.514547,0.0
898,0.0,12715254.816060832,898.0,898,12057.671359955275,10044.755825469529,10057.671359955275,2,2,9044.755825469529,12.92324813400195,17.648719444131455,17.648719444131455,1.0,2000.0,13752700.0,400000.0,9972700.0,134797755.98667955,134797.75598667955,32000.0,0.0,204099.50249664194,411895.53769660904,2591.906487497273,-0.00599999999999983,0.003200149988279053,42.76676888717932,36.65545739417031,10143663.211878939,2819950.668334288,12971356.24331095,11476076075.757858,11476076075.757858,0.0
899,0.0,12715254.816060832,899.0,899,12070.602557949534,10057.671359955275,10070.602557949534,2,2,9057.671359955275,12.939147854518664,17.648719444131455,17.648719444131455,1.0,2000.0,13752700.0,400000.0,9972700.0,134797755.98667955,134797.75598667955,32000.0,0.0,204587.6693579065,403886.9430485804,2192.8772949196978,-0.00599999999999983,0.0031999000156196235,42.68927568026484,36.69678804436545,10053557.025648877,2909829.5684505347,12971356.24331095,11489047432.00117,11489047432.00117,0.0
900,0.0,12715254.816060832,900.0,900,12083.549887866395,10070.602557949534,10083.549887866395,2,2,9070.602557949534,12.955511979202727,17.648719444131455,17.648719444131455,1.0,2000.0,13752700.0,400000.0,9972700.0,134797755.98667955,134797.75598667955,32000.0,0.0,205091.39532134132,395868.7042594173,1868.5717729230807,-0.00599999999999983,0.0031999000156196235,42.61168849229929,36.73816780403892,9964607.267510474,2998556.9070027475,12971356.24331095,11502018788.24448,11502018788.24448,0.0
901,0.0,12715254.816060832,901.0,901,12096.51381125158,10083.549887866395,10096.51381125158,2,2,9083.549887866395,12.972334791167574,17.648719444131455,17.648719444131455,1.0,2000.0,13752700.0,400000.0,9972700.0,134797755.98667955,134797.75598667955,32000.0,0.0,205610.48103800009,387840.41390613787,1587.7047328592148,-0.00599999999999983,0.003200087491452712,42.53400451279813,36.77959990765821,9876388.146872569,3086557.3249571836,12971356.243310949,11514990144.487791,11514990144.487791,0.0
902,0.0,12715254.816060832,902.0,902,12109.49478413791,10096.51381125158,10109.49478413791,2,2,9096.51381125158,12.989610981496288,17.648719444131455,17.648719444131455,1.0,2000.0,13752700.0,400000.0,9972700.0,134797755.98667955,134797.75598667955,32000.0,0.0,206144.80066931742,379801.86676594743,1345.5040033834448,-0.00599999999999983,0.0031998091261529068,42.45622097248702,36.82108463084823,9788820.901764195,3173909.385788605,12971356.24331095,11527961500.731102,11527961500.731102,0.0
903,0.0,12715254.816060832,903.0,903,12122.493256915812,10109.49478413791,10122.493256915812,2,2,9109.49478413791,13.007334574304991,17.648719444131455,17.648719444131455,1.0,2000.0,13752700.0,400000.0,9972700.0,134797755.98667955,134797.75598667955,32000.0,0.0,206694.24197699598,371752.81182115176,1152.4949224361228,-0.00599999999999983,0.0032002333211779595,42.37833513516903,36.8626229617722,9702025.046735771,3260493.911929191,12971356.24331095,11540932856.974413,11540932856.974413,0.0
904,0.0,12715254.816060832,904.0,904,12135.509734465824,10122.493256915812,10135.509734465824,2,2,9122.493256915812,13.025620525718441,17.648719444131455,17.648719444131455,1.0,2000.0,13752700.0,400000.0,9972700.0,134797755.98667955,134797.75598667955,32000.0,0.0,207258.67209168975,361979.36257517413,1002.659532114772,-0.00599999999999983,0.006099157458558472,42.30034429850163,36.92964120443908,9593644.440337049,3368606.9165863874,12971356.24331095,11553904213.217724,11553904213.217724,0.0
905,0.0,12715254.816060832,905.0,905,12148.544805983749,10135.509734465824,10148.544805983749,2,2,9135.509734465824,13.044522510132374,17.648719444131455,17.648719444131455,1.0,2000.0,13752700.0,400000.0,9972700.0,134797755.98667955,134797.75598667955,32000.0,0.0,207841.8178480215,351364.1445068473,873.2021024588283,-0.00599999999999983,0.006100166780582279,42.22224543320156,37.00904077805035,9474892.642717011,3487065.6186688878,12971356.24331095,11566875569.461035,11566875569.461035,0.0
906,0.0,12715254.816060832,906.0,906,12161.599083962445,10148.544805983749,10161.599083962445,2,2,9148.544805983749,13.064033447258595,17.648719444131455,17.648719444131455,1.0,2000.0,13752700.0,400000.0,9972700.0,134797755.98667955,134797.75598667955,32000.0,0.0,208445.470208754,340733.55351987877,796.7076481810013,-0.00599999999999983,0.006099999999993847,42.14403500409401,37.08855687649744,9356960.351802018,3604709.628949719,12971356.24331095,11579846925.704346,11579846925.704346,0.0
907,0.0,12715254.816060832,907.0,907,12174.673174236204,10161.599083962445,10174.673174236204,2,2,9161.599083962445,13.084147100259417,17.648719444131455,17.648719444131455,1.0,2000.0,13752700.0,400000.0,9972700.0,134797755.98667955,134797.75598667955,32000.0,0.0,209069.48814108683,330087.4744975471,762.3635103552333,-0.00599999999999983,0.006099529139323205,42.065709336221836,37.168187532814876,9239682.92984929,3721703.1810400817,12971356.24331095,11592818281.947657,11592818281.947657,0.0
908,0.0,12715254.816060832,908.0,908,12187.767677524353,10174.673174236204,10187.767677524353,2,2,9174.673174236204,13.104859476035326,17.648719444131455,17.648719444131455,1.0,2000.0,13752700.0,400000.0,9972700.0,134797755.98667955,134797.75598667955,32000.0,0.0,209713.75904300297,319425.3826217491,739.7542431857668,-0.00599999999999983,0.006100706427325631,41.98726479457928,37.24793689874526,9122634.709009567,3838470.848083684,12971356.24331095,11605789638.190968,11605789638.190968,0.0
909,0.0,12715254.816060832,909.0,909,12200.883190836274,10187.767677524353,10200.883190836274,2,2,9187.767677524353,13.12616714780549,17.648719444131455,17.648719444131455,1.0,2000.0,13752700.0,400000.0,9972700.0,134797755.98667955,134797.75598667955,32000.0,0.0,210378.24381112528,308746.41969133826,722.4265102706526,-0.00599999999999983,0.006099157458558472,41.908697774850395,37.3278141031393,9005699.61826685,3955128.4412210532,12971356.24331095,11618760994.434278,11618760994.434278,0.0
910,0.0,12715254.816060832,910.0,910,12214.020307706965,10200.883190836274,10214.020307706965,2,2,9200.883190836274,13.148066593578429,17.648719444131455,17.648719444131455,1.0,2000.0,13752700.0,400000.0,9972700.0,134797755.98667955,134797.75598667955,32000.0,0.0,211062.9233903569,298050.3391111154,712.6698231355073,-0.00599999999999983,0.0061002106717261894,41.830004694978875,37.4078192226841,8888884.47082403,4071669.2141552153,12971356.243310949,11631732350.67759,11631732350.67759,0.0
911,0.0,12715254.816060832,911.0,911,12227.179618304606,10214.020307706965,10227.179618304606,2,2,9214.020307706965,13.170554601702873,17.648719444131455,17.648719444131455,1.0,2000.0,13752700.0,400000.0,9972700.0,134797755.98667955,134797.75598667955,32000.0,0.0,211767.77755773702,287336.8785532327,707.0321376403759,-0.00599999999999983,0.006100098426787008,41.75118199375472,37.487952588339,8772120.72401279,4188161.57543625,12971356.24331095,11644703706.9209,11644703706.9209,0.0
912,0.0,12715254.816060832,912.0,912,12240.361709685361,10227.179618304606,10240.361709685361,2,2,9227.179618304606,13.193628159805984,17.648719444131455,17.648719444131455,1.0,2000.0,13752700.0,400000.0,9972700.0,134797755.98667955,134797.75598667955,32000.0,0.0,212492.797932635,276605.0257459672,704.3607553577658,-0.00599999999999983,0.006100098426787008,41.67222613016888,37.568225678213274,8655360.415222785,4304653.408158708,12971356.243310949,11657675063.164211,11657675063.164211,0.0
913,0.0,12715254.816060832,913.0,913,12253.567166026862,10240.361709685361,10253.567166026862,2,2,9240.361709685361,13.217284523196184,17.648719444131455,17.648719444131455,1.0,2000.0,13752700.0,400000.0,9972700.0,134797755.98667955,134797.75598667955,32000.0,0.0,213237.98442355116,265854.5944569952,701.6847485030643,-0.00599999999999983,0.006100098426787008,41.59313358188435,37.648637733106774,8538542.685798522,4421205.45766348,12971356.24331095,11670646419.407522,11670646419.407522,0.0
914,0.0,12715254.816060832,914.0,914,12266.796568780826,10253.567166026862,10266.796568780826,2,2,9253.567166026862,13.241520984732716,17.648719444131455,17.648719444131455,1.0,2000.0,13752700.0,400000.0,9972700.0,134797755.98667955,134797.75598667955,32000.0,0.0,214003.3474547237,255085.13117786084,699.548080791174,-0.00599999999999983,0.006099971612723951,41.51390084383535,37.72919197667783,8421649.706786726,4537835.552177945,12971356.24331095,11683617775.650833,11683617775.650833,0.0
915,0.0,12715254.816060832,915.0,915,12280.050496671867,10266.796568780826,10280.050496671867,2,2,9266.796568780826,13.266334797350096,17.648719444131455,17.648719444131455,1.0,2000.0,13752700.0,400000.0,9972700.0,134797755.98667955,134797.75598667955,32000.0,0.0,214788.9005366682,244296.2289734033,699.548080791174,-0.00599999999999983,0.006099971612723951,41.434524427311565,37.80989095793031,8304678.392429986,4654546.813630251,12971356.243310949,11696589131.894144,11696589131.894144,0.0
916,0.0,12715254.816060832,916.0,916,12293.329525794452,10280.050496671867,10293.329525794452,2,2,9280.050496671867,13.291723447818063,17.648719444131455,17.648719444131455,1.0,2000.0,13752700.0,400000.0,9972700.0,134797755.98667955,134797.75598667955,32000.0,0.0,215594.65772034295,233487.3259185379,699.548080791174,-0.00599999999999983,0.006099971612723951,41.35500085996532,37.89073954182275,8187574.317834789,4771393.56850153,12971356.24331095,11709560488.137455,11709560488.137455,0.0
917,0.0,12715254.816060832,917.0,917,12306.634229767573,10293.329525794452,10306.634229767573,2,2,9293.329525794452,13.317684498422024,17.648719444131455,17.648719444131455,1.0,2000.0,13752700.0,400000.0,9972700.0,134797755.98667955,134797.75598667955,32000.0,0.0,216420.6424612637,222657.95219410662,699.548080791174,-0.00599999999999983,0.006099971612723951,41.27532668522982,37.971741242515044,8070312.769736644,4888400.508655315,12971356.24331095,11722531844.380766,11722531844.380766,0.0
918,0.0,12715254.816060832,918.0,918,12319.965171388361,10306.634229767573,10319.965171388361,2,2,9306.634229767573,13.344198743154035,17.648719444131455,17.648719444131455,1.0,2000.0,13752700.0,400000.0,9972700.0,134797755.98667955,134797.75598667955,32000.0,0.0,217266.88248940007,212047.24334363188,699.548080791174,-0.0051999052219108555,0.006099971612723951,41.19905346632598,38.05289955906678,7956058.330622627,5002411.199871865,12971356.24331095,11735503200.624077,11735503200.624077,0.0
919,0.0,12715254.816060832,919.0,919,12333.322885922467,10319.965171388361,10333.322885922467,2,2,9319.965171388361,13.371230325057947,17.648719444131455,17.648719444131455,1.0,2000.0,13752700.0,400000.0,9972700.0,134797755.98667955,134797.75598667955,32000.0,0.0,218132.8591185723,201894.41126799805,699.548080791174,-0.0051999052219108555,0.006099971612723951,41.12973383337905,38.13421792452447,7847985.547329182,5110259.102277617,12971356.24331095,11748474556.867388,11748474556.867388,0.0
920,0.0,12715254.816060832,920.0,920,12346.707889732348,10333.322885922467,10346.707889732348,2,2,9333.322885922467,13.398777294704104,17.648719444131455,17.648719444131455,1.0,2000.0,13752700.0,400000.0,9972700.0,134797755.98667955,134797.75598667955,32000.0,0.0,219017.50549704285,191721.18896781612,699.548080791174,-0.0051999052219108555,0.006099971612723951,41.06027498382036,38.215699603993386,7739691.04336559,5218331.089345241,12971356.24331095,11761445913.110699,11761445913.110699,0.0
921,0.0,12715254.816060832,921.0,921,12360.120697361532,10346.707889732348,10360.120697361532,2,2,9346.707889732348,13.42683796366336,17.648719444131455,17.648719444131455,1.0,2000.0,13752700.0,400000.0,9972700.0,134797755.98667955,134797.75598667955,32000.0,0.0,219920.86041652082,181526.94759049467,696.9758354088375,-0.005202275711148293,0.006099999999994532,40.99067101722783,38.297348027363924,7631116.838786974,5326685.024315966,12971356.24331095,11774417269.35401,11774417269.35401,0.0
922,0.0,12715254.816060832,922.0,922,12373.561821622781,10360.120697361532,10373.561821622781,2,2,9360.120697361532,13.455410558834668,17.648719444131455,17.648719444131455,1.0,2000.0,13752700.0,400000.0,9972700.0,134797755.98667955,134797.75598667955,32000.0,0.0,220842.97268552775,171311.72763260256,693.4791881953065,-0.00519999999999586,0.006099999999994532,40.92092549371657,38.37916615390187,7522270.561264433,5435313.32968531,12971356.24331095,11787388625.59732,11787388625.59732,0.0
923,0.0,12715254.816060832,923.0,923,12387.031773490406,10373.561821622781,10387.031773490406,2,2,9373.561821622781,13.484493176415318,17.648719444131455,17.648719444131455,1.0,2000.0,13752700.0,400000.0,9972700.0,134797755.98667955,134797.75598667955,32000.0,0.0,221783.88980082935,161074.93908323557,691.9994064559423,-0.005199999999989653,0.006100000000000427,40.851032687558096,38.46115701189547,7413168.940629446,5544199.346731407,12971356.24331095,11800359981.840631,11800359981.840631,0.0
924,0.0,12715254.816060832,924.0,924,12400.531062093614,10387.031773490406,10400.531062093614,2,2,9387.031773490406,13.514084030001433,17.648719444131455,17.648719444131455,1.0,2000.0,13752700.0,400000.0,9972700.0,134797755.98667955,134797.75598667955,32000.0,0.0,222743.65637536935,150815.95395870385,691.9994064559423,-0.005199431383266587,0.006100000000000427,40.78098639827514,38.543323718287986,7303781.536534429,5653373.466701533,12971356.243310949,11813331338.083942,11813331338.083942,0.0
925,0.0,12715254.816060832,925.0,925,12414.060194840758,10400.531062093614,10414.060194840758,2,2,9400.531062093614,13.544181464288522,17.648719444131455,17.648719444131455,1.0,2000.0,13752700.0,400000.0,9972700.0,134797755.98667955,134797.75598667955,32000.0,0.0,223722.32228317624,140534.87886338055,691.9994064559423,-0.005201462728546385,0.006100000000000427,40.71079131324944,38.62566937876756,7194075.162915828,5762868.819928013,12971356.24331095,11826302694.327253,11826302694.327253,0.0
926,0.0,12715254.816060832,926.0,926,12427.619677530487,10414.060194840758,10427.619677530487,2,2,9414.060194840758,13.574783915167274,17.648719444131455,17.648719444131455,1.0,2000.0,13752700.0,400000.0,9972700.0,134797755.98667955,134797.75598667955,32000.0,0.0,224719.94313353157,130230.89346444482,691.9994064559423,-0.005202275711148293,0.006100000000000427,40.64043835635922,38.70819708852515,7084024.163514678,5872711.025982621,12971356.24331095,11839274050.570564,11839274050.570564,0.0
927,0.0,12715254.816060832,927.0,927,12441.210014414128,10427.619677530487,10441.210014414128,2,2,9427.619677530487,13.605889852113904,17.648719444131455,17.648719444131455,1.0,2000.0,13752700.0,400000.0,9972700.0,134797755.98667955,134797.75598667955,32000.0,0.0,225736.57897076808,119903.9861040819,691.9994064559423,-0.005199786754159739,0.006100000000000427,40.569930440008754,38.7909099329325,6973613.9203703785,5982914.693369636,12971356.24331095,11852245406.813875,11852245406.813875,0.0
928,0.0,12715254.816060832,928.0,928,12454.831708249749,10441.210014414128,10454.831708249749,2,2,9441.210014414128,13.637497819129045,17.648719444131455,17.648719444131455,1.0,2000.0,13752700.0,400000.0,9972700.0,134797755.98667955,134797.75598667955,32000.0,0.0,226772.29236812377,109553.55795149981,691.9994064559423,-0.005199431383264323,0.006100000000000427,40.49926175525337,38.87381098792271,6862821.930627391,6093502.2956038825,12971356.24331095,11865216763.057186,11865216763.057186,0.0
929,0.0,12715254.816060832,929.0,929,12468.485260299653,10454.831708249749,10468.485260299653,2,2,9454.831708249749,13.669606280676916,17.648719444131455,17.648719444131455,1.0,2000.0,13752700.0,400000.0,9972700.0,134797755.98667955,134797.75598667955,32000.0,0.0,227827.1497892681,99179.12152101772,694.0698954008824,-0.005200087490531361,0.006100000000000427,40.428428136071666,38.95690332032001,6751655.508593956,6204466.561742034,12971356.24331095,11878188119.300497,11878188119.300497,0.0
930,0.0,12715254.816060832,930.0,930,12482.171170401716,10468.485260299653,10482.171170401716,2,2,9468.485260299653,13.702213923451508,17.648719444131455,17.648719444131455,1.0,2000.0,13752700.0,400000.0,9972700.0,134797755.98667955,134797.75598667955,32000.0,0.0,228901.21643918418,88780.41155219277,695.7737436236181,-0.00520000751559169,0.006100000000000427,40.35742870448327,39.04018998782443,6640063.59233374,6315858.453516493,12971356.24331095,11891159475.543808,11891159475.543808,0.0
931,0.0,12715254.816060832,931.0,931,12495.889937153766,10482.171170401716,10495.889937153766,2,2,9482.171170401716,13.735319580650533,17.648719444131455,17.648719444131455,1.0,2000.0,13752700.0,400000.0,9972700.0,134797755.98667955,134797.75598667955,32000.0,0.0,229994.56634493475,78357.11528697409,695.7737436236181,-0.00520000751559169,0.006100000000000427,40.28626186909482,39.12367403944702,6528009.464758606,6427714.62413905,12971356.24331095,11904130831.787119,11904130831.787119,0.0
932,0.0,12715254.816060832,932.0,932,12509.642057956959,10495.889937153766,10509.642057956959,2,2,9495.889937153766,13.768922025732122,17.648719444131455,17.648719444131455,1.0,2000.0,13752700.0,400000.0,9972700.0,134797755.98667955,134797.75598667955,32000.0,0.0,231107.27987868738,67908.79513992838,695.7737436236181,-0.00520000751559169,0.006100000000000427,40.214924178879514,39.20735851663453,6415496.440356171,6540031.792418303,12971356.24331095,11917102188.03043,11917102188.03043,0.0
933,0.0,12715254.816060832,933.0,933,12523.428029014012,10509.642057956959,10523.428029014012,2,2,9509.642057956959,13.803020088374295,17.648719444131455,17.648719444131455,1.0,2000.0,13752700.0,400000.0,9972700.0,134797755.98667955,134797.75598667955,32000.0,0.0,232239.43684459667,57435.0722864413,695.7737436236181,-0.00520000751559169,0.006100000000000427,40.143413047347586,39.29124645353401,6302505.351952225,6652829.103557814,12971356.24331095,11930073544.27374,11930073544.27374,0.0
934,0.0,12715254.816060832,934.0,934,12537.248345385126,10523.428029014012,10537.248345385126,2,2,9523.428029014012,13.837612653853428,17.648719444131455,17.648719444131455,1.0,2000.0,13752700.0,400000.0,9972700.0,134797755.98667955,134797.75598667955,32000.0,0.0,233391.1203610788,46935.56881463806,695.7737436236181,-0.00520000751559169,0.006100000000000427,40.071725894241176,39.375340876982044,6189017.102662662,6766125.632530157,12971356.24331095,11943044900.517052,11943044900.517052,0.0
935,0.0,12715254.816060832,935.0,935,12551.103501043264,10537.248345385126,10551.103501043264,2,2,9537.248345385126,13.87269866242314,17.648719444131455,17.648719444131455,1.0,2000.0,13752700.0,400000.0,9972700.0,134797755.98667955,134797.75598667955,32000.0,0.0,234562.41684865352,36409.9076827974,695.7737436236181,-0.00520000751559169,0.006100000000000427,39.99986014524354,39.45964480684584,6075012.661575178,6879940.388406679,12971356.24331095,11956016256.760363,11956016256.760363,0.0
936,0.0,12715254.816060832,936.0,936,12564.993988928823,10551.103501043264,10564.993988928823,2,2,9551.103501043264,13.908277108693825,17.648719444131455,17.648719444131455,1.0,2000.0,13752700.0,400000.0,9972700.0,134797755.98667955,134797.75598667955,32000.0,0.0,235753.41601853605,25857.71267724017,695.7737436236181,-0.00520000751559169,0.006100000000000427,39.92781323169152,39.54416125636049,5960473.059504167,6994292.318613432,12971356.243310949,11968987613.003674,11968987613.003674,0.0
937,0.0,12715254.816060832,937.0,937,12578.920301003676,10564.993988928823,10578.920301003676,2,2,9564.993988928823,13.944347041013076,17.648719444131455,17.648719444131455,1.0,2000.0,13752700.0,400000.0,9972700.0,134797755.98667955,134797.75598667955,32000.0,0.0,236964.21086196543,15278.608370703078,695.7737436236181,-0.00520000751559169,0.006100000000000427,39.85558259029138,39.62889323246241,5845379.384817935,7109200.313115526,12971356.243310949,11981958969.246984,11981958969.246984,0.0
938,0.0,12715254.816060832,938.0,938,12592.882928304607,10578.920301003676,10592.882928304607,2,2,9578.920301003676,13.980907560847193,17.648719444131455,17.648719444131455,1.0,2000.0,13752700.0,400000.0,9972700.0,134797755.98667955,134797.75598667955,32000.0,0.0,238194.89764025743,4672.2200811735775,695.7737436236181,-0.00520000751559169,0.006100000000000427,39.78316566283767,39.71384373611902,5729712.779336949,7224683.208527651,12971356.24331095,11994930325.490295,11994930325.490295,0.0
939,0.0,12715254.816060832,939.0,939,12606.882360996113,10592.882928304607,10606.882360996113,2,2,9592.882928304607,14.017957822164004,17.648719444131455,17.648719444131455,1.0,2000.0,13752700.0,400000.0,9972700.0,134797755.98667955,134797.75598667955,32000.0,0.0,239445.57587556887,-5961.826168808301,695.7737436236181,-0.00520000751559169,0.006100000000000427,39.71055989593542,39.799015762654705,5613454.434302205,7340759.79215623,12971356.24331095,12007901681.733606,12007901681.733606,0.0
940,0.0,12715254.816060832,940.0,940,12620.919088418508,10606.882360996113,10620.919088418508,2,2,9606.882360996113,14.055497022626556,17.648719444131455,17.648719444131455,1.0,2000.0,13752700.0,400000.0,9972700.0,134797755.98667955,134797.75598667955,32000.0,0.0,240716.34834236198,-16623.787234956657,695.7737436236181,-0.005199747266094871,0.006100000000000427,39.637764468608964,39.88441230207289,5496587.219490233,7457447.176663444,12971356.243310949,12020873037.976917,12020873037.976917,0.0
941,0.0,12715254.816060832,941.0,941,12634.993599145168,10620.919088418508,10634.993599145168,2,2,9620.919088418508,14.093524430693389,17.648719444131455,17.648719444131455,1.0,2000.0,13752700.0,400000.0,9972700.0,134797755.98667955,134797.75598667955,32000.0,0.0,242007.32077750337,-27314.312584621664,695.7737436236181,-0.00519902530458687,0.006100000000000427,39.56477272965974,39.97003633934951,5379088.527584903,7574767.939163048,12971356.24331095,12033844394.220228,12033844394.220228,0.0
942,0.0,12715254.816060832,942.0,942,12649.106381033025,10634.993599145168,10649.106381033025,2,2,9634.993599145168,14.132039345021678,17.648719444131455,17.648719444131455,1.0,2000.0,13752700.0,400000.0,9972700.0,134797755.98667955,134797.75598667955,32000.0,0.0,243318.60282622548,-38033.48453398895,695.7737436236181,-0.0052008531583264146,0.006100000000000427,39.49158643805658,40.05589085478214,5260943.751992517,7692736.674607318,12971356.24331095,12046815750.46354,12046815750.46354,0.0
943,0.0,12715254.816060832,943.0,943,12663.257921267834,10649.106381033025,10663.257921267834,2,2,9649.106381033025,14.171041124597105,17.648719444131455,17.648719444131455,1.0,2000.0,13752700.0,400000.0,9972700.0,134797755.98667955,134797.75598667955,32000.0,0.0,244650.3066603199,-48781.81987888039,695.7737436236181,-0.005201462728546385,0.006100000000000427,39.41820090200535,40.14197882429808,5142132.196467401,7811374.053588029,12971356.24331095,12059787106.70685,12059787106.70685,0.0
944,0.0,12715254.816060832,944.0,944,12677.448706428893,10663.257921267834,10677.448706428893,2,2,9663.257921267834,14.210529197520215,17.648719444131455,17.648719444131455,1.0,2000.0,13752700.0,400000.0,9972700.0,134797755.98667955,134797.75598667955,32000.0,0.0,246002.54802990242,-59559.96947638516,695.7737436236181,-0.005196590163914076,0.006100000000000427,39.34460943654502,40.228303219730414,5022631.273396891,7930702.634006357,12971356.24331095,12072758462.950161,12072758462.950161,0.0
945,0.0,12715254.816060832,945.0,945,12691.67922242049,10677.448706428893,10691.67922242049,2,2,9677.448706428893,14.250502785670033,17.648719444131455,17.648719444131455,1.0,2000.0,13752700.0,400000.0,9972700.0,134797755.98667955,134797.75598667955,32000.0,0.0,247375.4465901288,-70367.58563301315,698.6794825184289,-0.0051987207872034764,0.006100000000000427,39.27082016855232,40.31486700921288,4902473.899467883,8050689.594435611,12971356.24331095,12085729819.193472,12085729819.193472,0.0
946,0.0,12715254.816060832,946.0,946,12705.94995410233,10691.67922242049,10705.94995410233,2,2,9691.67922242049,14.290960578011417,17.648719444131455,17.648719444131455,1.0,2000.0,13752700.0,400000.0,9972700.0,134797755.98667955,134797.75598667955,32000.0,0.0,248769.116314377,-81205.74803896014,713.4850329818519,-0.005201462728546385,0.006100000000000427,39.19682004263434,40.401673156761625,4781759.8426476745,8171235.408258051,12971356.24331095,12098701175.436783,12098701175.436783,0.0
947,0.0,12715254.816060832,947.0,947,12720.261384185947,10705.94995410233,10720.261384185947,2,2,9705.94995410233,14.331899589222768,17.648719444131455,17.648719444131455,1.0,2000.0,13752700.0,400000.0,9972700.0,134797755.98667955,134797.75598667955,32000.0,0.0,250183.65394678857,-92074.4518856906,764.373363691457,-0.005199431383264645,0.006100000000000427,39.12261208777976,40.48872462002086,4660822.489733729,8292007.441158855,12971356.24331095,12111672531.680094,12111672531.680094,0.0
948,0.0,12715254.816060832,948.0,948,12734.61399135668,10720.261384185947,10734.61399135668,2,2,9720.261384185947,14.373314752244486,17.648719444131455,17.648719444131455,1.0,2000.0,13752700.0,400000.0,9972700.0,134797755.98667955,134797.75598667955,32000.0,0.0,251619.09864856562,-102974.07903118069,881.8633046463598,-0.00520052498737608,0.006100000000000427,39.04819358288598,40.57602434353093,4540083.280680888,8412585.177568387,12971356.24331095,12124643887.923405,12124643887.923405,0.0
949,0.0,12715254.816060832,949.0,949,12749.00824805382,10734.61399135668,10749.00824805382,2,2,9734.61399135668,14.415198642034998,17.648719444131455,17.648719444131455,1.0,2000.0,13752700.0,400000.0,9972700.0,134797755.98667955,134797.75598667955,32000.0,0.0,253075.416784684,-113905.1068611459,1100.6899849488505,-0.0051999999999953455,0.006100000000000427,38.973560364941555,40.66357524727241,4420026.496026368,8532485.370983645,12971356.24331095,12137615244.166716,12137615244.166716,0.0
950,0.0,12715254.816060832,950.0,950,12763.444621892686,10749.00824805382,10763.444621892686,2,2,9749.00824805382,14.45754903569675,17.648719444131455,17.648719444131455,1.0,2000.0,13752700.0,400000.0,9972700.0,134797755.98667955,134797.75598667955,32000.0,0.0,254552.49106442637,-124867.87055428259,1348.1985383677136,-0.005196590163914076,0.0060999999999941604,38.8987091227656,40.751378993124895,4299593.521852412,8652764.271518333,12971356.24331095,12150586600.410027,12150586600.410027,0.0
951,0.0,12715254.816060832,951.0,951,12777.923575109826,10763.444621892686,10777.923575109826,2,2,9763.444621892686,14.500357398584237,17.648719444131455,17.648719444131455,1.0,2000.0,13752700.0,400000.0,9972700.0,134797755.98667955,134797.75598667955,32000.0,0.0,256050.38704648064,-135862.9958958158,1715.17893463384,-0.005199786754148446,0.006098499384986228,38.82363954558582,40.8394445551179,4180078.5149693787,8772130.527002085,12971356.24331095,12163557956.653337,12163557956.653337,0.0
952,0.0,12715254.816060832,952.0,952,12792.445520367904,10777.923575109826,10792.445520367904,2,2,9777.923575109826,14.543533117573856,17.648719444131455,17.648719444131455,1.0,2000.0,13752700.0,400000.0,9972700.0,134797755.98667955,134797.75598667955,32000.0,0.0,257568.94674117884,-145689.04429089694,2167.9033110015716,-0.0037999511096891256,0.004901378340362298,38.760639324571805,40.922233829235424,4078423.873678378,8873678.18883802,12971356.24331095,12176529312.896648,12176529312.896648,0.0
953,0.0,12715254.816060832,953.0,953,12807.010776994897,10792.445520367904,10807.010776994897,2,2,9792.445520367904,14.586980136413123,17.648719444131455,17.648719444131455,1.0,2000.0,13752700.0,400000.0,9972700.0,134797755.98667955,134797.75598667955,32000.0,0.0,259105.08553891024,-154204.3535312711,2650.9469454963823,-0.003799987278417994,0.004899464188078952,38.70545645024558,40.9933929578312,3995969.925369061,8956068.859708529,12971356.24331095,12189500669.13996,12189500669.13996,0.0
954,0.0,12715254.816060832,954.0,954,12821.619616133292,10807.010776994897,10821.619616133292,2,2,9807.010776994897,14.630698140374339,17.648719444131455,17.648719444131455,1.0,2000.0,13752700.0,400000.0,9972700.0,134797755.98667955,134797.75598667955,32000.0,0.0,260655.487137636,-162744.88833981188,3148.763922556649,-0.003799987278417994,0.004899464188076515,38.65010866035611,41.064761443684255,3913081.5592650776,9038894.822668634,12971356.24331095,12202472025.38327,12202472025.38327,0.0
955,0.0,12715254.816060832,955.0,955,12836.272309091166,10821.619616133292,10836.272309091166,2,2,9821.619616133292,14.674687775375336,17.648719444131455,17.648719444131455,1.0,2000.0,13752700.0,400000.0,9972700.0,134797755.98667955,134797.75598667955,32000.0,0.0,262220.2268915726,-171310.92198830462,3648.0704795559886,-0.003799987278417994,0.004899464188196947,38.594595257477756,41.13634264391397,3829556.4929223773,9122357.93209082,12971356.24331095,12215443381.626581,12215443381.626581,0.0
956,0.0,12715254.816060832,956.0,956,12850.969127836173,10836.272309091166,10850.969127836173,2,2,9836.272309091166,14.718949714641381,17.648719444131455,17.648719444131455,1.0,2000.0,13752700.0,400000.0,9972700.0,134797755.98667955,134797.75598667955,32000.0,0.0,263799.4150983191,-179902.84894232915,4148.875889366895,-0.003799987278417994,0.004900803937648959,38.538915210643275,41.208141380255576,3745384.28987511,9206468.612729628,12971356.24331095,12228414737.869892,12228414737.869892,0.0
957,0.0,12715254.816060832,957.0,957,12865.710344691815,10850.969127836173,10865.710344691815,2,2,9850.969127836173,14.763483996640957,17.648719444131455,17.648719444131455,1.0,2000.0,13752700.0,400000.0,9972700.0,134797755.98667955,134797.75598667955,32000.0,0.0,265393.16386012343,-188520.66693364433,4660.197855552811,-0.0038000461753414003,0.004899799056792152,38.48306724489411,41.280156344096525,3660693.026640699,9291099.066467091,12971356.24331095,12241386094.113203,12241386094.113203,0.0
958,0.0,12715254.816060832,958.0,958,12880.496231525967,10865.710344691815,10880.496231525967,2,2,9865.710344691815,14.808289671664127,17.648719444131455,17.648719444131455,1.0,2000.0,13752700.0,400000.0,9972700.0,134797755.98667955,134797.75598667955,32000.0,0.0,267001.56315586524,-197164.65574820113,5196.416859073298,-0.0038000461753414003,0.004901378340362298,38.42704994016194,41.35239026656448,3575686.9856078844,9376045.439377977,12971356.24331095,12254357450.356514,12254357450.356514,0.0
959,0.0,12715254.816060832,959.0,959,12895.327059967478,10880.496231525967,10895.327059967478,2,2,9880.496231525967,14.853367211357297,17.648719444131455,17.648719444131455,1.0,2000.0,13752700.0,400000.0,9972700.0,134797755.98667955,134797.75598667955,32000.0,0.0,268624.6676748952,-205834.58617601372,5737.251541758674,-0.0037992877225842495,0.004899994442144418,38.37086342536741,41.42483987578182,3490066.023347413,9461607.24782605,12971356.24331095,12267328806.599825,12267328806.599825,0.0
960,0.0,12715254.816060832,960.0,960,12910.203047381758,10895.327059967478,10910.203047381758,2,2,9895.327059967478,14.898607617201634,17.648719444131455,17.648719444131455,1.0,2000.0,13752700.0,400000.0,9972700.0,134797755.98667955,134797.75598667955,32000.0,0.0,270262.5839563944,-212994.81248196712,6302.762659057907,-0.0020999829883774517,0.004899994442144418,38.337297822123624,41.49751085271762,3426955.784476651,9524706.356006853,12971356.24331095,12280300162.843136,12280300162.843136,0.0
961,0.0,12715254.816060832,961.0,961,12925.124352096434,10910.203047381758,10925.124352096434,2,2,9910.203047381758,14.944001812150256,17.648719444131455,17.648719444131455,1.0,2000.0,13752700.0,400000.0,9972700.0,134797755.98667955,134797.75598667955,32000.0,0.0,271911.4234408897,-220013.1679982652,6851.067753528854,-0.002099999999998329,0.004899994442144418,38.30605844049476,41.570403108369,3365456.695992193,9586198.523407731,12971356.24331095,12293271519.086447,12293271519.086447,0.0
962,0.0,12715254.816060832,962.0,962,12940.091128451242,10925.124352096434,10940.091128451242,2,2,9925.124352096434,14.989550897464317,17.648719444131455,17.648719444131455,1.0,2000.0,13752700.0,400000.0,9972700.0,134797755.98667955,134797.75598667955,32000.0,0.0,273570.90794789896,-227052.96624321828,7401.661092387736,-0.0021005907172986036,0.004899994442144418,38.27472296671509,41.64351741854046,3303427.3465401162,9648220.720848855,12971356.24331095,12306242875.329758,12306242875.329758,0.0
963,0.0,12715254.816060832,963.0,963,12955.10353112924,10940.091128451242,10955.10353112924,2,2,9940.091128451242,15.035254458529716,17.648719444131455,17.648719444131455,1.0,2000.0,13752700.0,400000.0,9972700.0,134797755.98667955,134797.75598667955,32000.0,0.0,275241.12923189986,-234114.21378214014,7975.952208060659,-0.002099770366317331,0.004899994442144418,38.243292059638605,41.716854539495834,3241187.100581917,9710454.239539055,12971356.24331095,12319214231.573069,12319214231.573069,0.0
964,0.0,12715254.816060832,964.0,964,12970.161715049491,10955.10353112924,10970.161715049491,2,2,9955.10353112924,15.081113381974328,17.648719444131455,17.648719444131455,1.0,2000.0,13752700.0,400000.0,9972700.0,134797755.98667955,134797.75598667955,32000.0,0.0,276922.12387510366,-241196.875776939,8555.419151178823,-0.002100344544710762,0.004899994442144418,38.21176699410569,41.79041522918126,3178457.718684833,9773176.75681418,12971356.24331095,12332185587.81638,12332185587.81638,0.0
965,0.0,12715254.816060832,965.0,965,12985.26583537031,10970.161715049491,10985.26583537031,2,2,9970.161715049491,15.127127259662869,17.648719444131455,17.648719444131455,1.0,2000.0,13752700.0,400000.0,9972700.0,134797755.98667955,134797.75598667955,32000.0,0.0,278613.9765289573,-248301.21653528768,9158.605521542157,-0.0021005907172968125,0.004899994442144418,38.18014460767478,41.864200246699276,3115513.6296341172,9836114.399938833,12971356.243310949,12345156944.05969,12345156944.05969,0.0
966,0.0,12715254.816060832,966.0,966,13000.416048660514,10985.26583537031,11000.416048660514,2,2,9985.26583537031,15.173299320746375,17.648719444131455,17.648719444131455,1.0,2000.0,13752700.0,400000.0,9972700.0,134797755.98667955,134797.75598667955,32000.0,0.0,280316.7244342934,-255427.19432496067,9733.788346975656,-0.0020994833948312767,0.004899994442144418,38.148426279803545,41.938210352324774,3051572.23895345,9900048.209256647,12971356.24331095,12358128300.303001,12358128300.303001,0.0
967,0.0,12715254.816060832,967.0,967,13015.612512748568,11000.416048660514,11015.612512748568,2,2,10000.416048660514,15.219628855363565,17.648719444131455,17.648719444131455,1.0,2000.0,13752700.0,400000.0,9972700.0,134797755.98667955,134797.75598667955,32000.0,0.0,282030.540039279,-262574.9712073557,10336.762704140081,-0.0021000903614437415,0.004899994442144418,38.116610373166516,42.01244631324408,2987474.2051069457,9964139.214518273,12971356.24331095,12371099656.546312,12371099656.546312,0.0
968,0.0,12715254.816060832,968.0,968,13030.85536164619,11015.612512748568,11030.85536164619,2,2,10015.612512748568,15.266068939880906,17.648719444131455,17.648719444131455,1.0,2000.0,13752700.0,400000.0,9972700.0,134797755.98667955,134797.75598667955,32000.0,0.0,283755.4505563937,-269027.4973352619,10907.129550674927,0.0,0.004899994442144418,38.09533655999657,42.086908902815786,2933224.6841361104,10018401.827748505,12971356.24331095,12384071012.789623,12384071012.789623,0.0
969,0.0,12715254.816060832,969.0,969,13046.144656062519,11030.85536164619,11046.144656062519,2,2,10030.85536164619,15.312519892777813,17.648719444131455,17.648719444131455,1.0,2000.0,13752700.0,400000.0,9972700.0,134797755.98667955,134797.75598667955,32000.0,0.0,285489.75457456574,-274061.5110996905,11475.478134448578,0.0,0.004899994442144418,38.09533655999657,42.16159877769658,2900401.742178003,10051280.017047768,12971356.24331095,12397042369.032934,12397042369.032934,0.0
970,0.0,12715254.816060832,970.0,970,13061.480407672141,11046.144656062519,11061.480407672141,2,2,10046.144656062519,15.358983326465157,17.648719444131455,17.648719444131455,1.0,2000.0,13752700.0,400000.0,9972700.0,134797755.98667955,134797.75598667955,32000.0,0.0,287229.75019672734,-279110.86368837924,12045.558497167158,0.0,0.004899994442144418,38.09533655999657,42.2365162353609,2867205.874804428,10084530.13265374,12971356.24331095,12410013725.276245,12410013725.276245,0.0
971,0.0,12715254.816060832,971.0,971,13076.862630494377,11061.480407672141,11076.862630494377,2,2,10061.480407672141,15.405462318006679,17.648719444131455,17.648719444131455,1.0,2000.0,13752700.0,400000.0,9972700.0,134797755.98667955,134797.75598667955,32000.0,0.0,288975.5018077275,-284175.5589569085,12596.284508273877,0.0,0.004899994442144418,38.09533655999657,42.31166133301416,2833312.8943398832,10118475.758441556,12971356.24331095,12422985081.519556,12422985081.519556,0.0
972,0.0,12715254.816060832,972.0,972,13092.291342375165,11076.862630494377,11092.291342375165,2,2,10076.862630494377,15.451961443567326,17.648719444131455,17.648719444131455,1.0,2000.0,13752700.0,400000.0,9972700.0,134797755.98667955,134797.75598667955,32000.0,0.0,290727.1298086166,-289255.6015352173,13105.951333976513,0.0,0.004899994442144418,38.09533655999657,42.387034139350945,2798386.2522905436,10153452.833769903,12971356.24331095,12435956437.762867,12435956437.762867,0.0
973,0.0,12715254.816060832,973.0,973,13107.766568322464,11092.291342375165,11107.766568322464,2,2,10092.291342375165,15.498490451029259,17.648719444131455,17.648719444131455,1.0,2000.0,13752700.0,400000.0,9972700.0,134797755.98667955,134797.75598667955,32000.0,0.0,292484.8127555268,-294350.9973169996,13500.547898090595,0.0,0.004899994442144418,38.09533655999657,42.46263474181625,2761277.3627833156,10190607.8122534,12971356.24331095,12448927794.006178,12448927794.006178,0.0
974,0.0,12715254.816060832,974.0,974,13123.288343179454,11107.766568322464,11123.288343179454,2,2,10107.766568322464,15.545059262950165,17.648719444131455,17.648719444131455,1.0,2000.0,13752700.0,400000.0,9972700.0,134797755.98667955,134797.75598667955,32000.0,0.0,294248.9276692903,-299461.75456123723,13776.593178807527,0.0,0.004899994442144418,38.09533655999657,42.538463262948945,2721922.0673088757,10230004.830670152,12971356.24331095,12461899150.249489,12461899150.249489,0.0
975,0.0,12715254.816060832,975.0,975,13138.856712353609,11123.288343179454,11138.856712353609,2,2,10123.288343179454,15.591679085359932,17.648719444131455,17.648719444131455,1.0,2000.0,13752700.0,400000.0,9972700.0,134797755.98667955,134797.75598667955,32000.0,0.0,296019.86267357506,-304587.88477503456,13914.851195147487,0.0,0.004899994442144418,38.09533655999657,42.61451987348041,2680010.4518629056,10271953.321875902,12971356.24331095,12474870506.4928,12474870506.4928,0.0
976,0.0,12715254.816060832,976.0,976,13154.471730337817,11138.856712353609,11154.471730337817,2,2,10138.856712353609,15.638356883055172,17.648719444131455,17.648719444131455,1.0,2000.0,13752700.0,400000.0,9972700.0,134797755.98667955,134797.75598667955,32000.0,0.0,297798.0594585416,-309729.40295439697,13974.465552892458,0.0,0.004899994442144418,38.09533655999657,42.69080479590702,2636453.347122029,10315544.265768776,12971356.24331095,12487841862.73611,12487841862.73611,0.0
977,0.0,12715254.816060832,977.0,977,13170.133457106002,11154.471730337817,11170.133457106002,2,2,10154.471730337817,15.685096653314295,17.648719444131455,17.648719444131455,1.0,2000.0,13752700.0,400000.0,9972700.0,134797755.98667955,134797.75598667955,32000.0,0.0,299583.8023522039,-314886.32709582616,13996.879741268845,0.0,0.004899994442144418,38.09533655999657,42.76731829724363,2591892.2245266195,10360137.449616028,12971356.243310949,12500813218.979422,12500813218.979422,0.0
978,0.0,12715254.816060832,978.0,978,13185.841885517326,11170.133457106002,11185.841885517326,2,2,10170.133457106002,15.731760169334544,17.648719444131455,17.648719444131455,1.0,2000.0,13752700.0,400000.0,9972700.0,134797755.98667955,134797.75598667955,32000.0,0.0,301377.2648541688,-318062.73450818006,14006.023603600059,0.0020001280409716916,0.004899994442144418,38.12495044315312,42.844060671362115,2578040.7226214246,10374077.715023004,12971356.24331095,12513784575.222733,12513784575.222733,0.0
979,0.0,12715254.816060832,979.0,979,13201.596936385018,11185.841885517326,11201.596936385018,2,2,10185.841885517326,15.778341566048608,17.648719444131455,17.648719444131455,1.0,2000.0,13752700.0,400000.0,9972700.0,134797755.98667955,134797.75598667955,32000.0,0.0,303173.1405811895,-321133.04916821717,14008.45582286542,0.0019998456194675533,0.004899994442144418,38.15636726674942,42.92103188327243,2565651.7908862857,10386557.196404083,12971356.24331095,12526755931.466043,12526755931.466043,0.0
980,0.0,12715254.816060832,980.0,980,13217.398528575459,11201.596936385018,11217.398528575459,2,2,10201.596936385018,15.824842814831321,17.648719444131455,17.648719444131455,1.0,2000.0,13752700.0,400000.0,9972700.0,134797755.98667955,134797.75598667955,32000.0,0.0,304971.17665424914,-324212.5103517967,14008.45582286542,0.0020000000000005595,0.004899994442144418,38.18787683276662,42.99823154495982,2552982.3162239227,10399315.783168403,12971356.24331095,12539727287.709354,12539727287.709354,0.0
981,0.0,12715254.816060832,981.0,981,13233.246582821688,11217.398528575459,11233.246582821688,2,2,10217.398528575459,15.871265677628587,17.648719444131455,17.648719444131455,1.0,2000.0,13752700.0,400000.0,9972700.0,134797755.98667955,134797.75598667955,32000.0,0.0,306771.42138979514,-327300.9243884414,14008.45582286542,0.0020000000000005595,0.004899994442144418,38.21948161714749,43.07565925887002,2540073.9756423263,10412311.899979787,12971356.24331095,12552698643.952665,12552698643.952665,0.0
982,0.0,12715254.816060832,982.0,982,13249.141021617343,11233.246582821688,11249.141021617343,2,2,10233.246582821688,15.917611913679183,17.648719444131455,17.648719444131455,1.0,2000.0,13752700.0,400000.0,9972700.0,134797755.98667955,134797.75598667955,32000.0,0.0,308573.9159070923,-330398.57873771293,14008.45582286542,0.0020008752735237523,0.004900044968563313,38.25117723074525,43.153314900905904,2526922.4998837635,10425549.832272228,12971356.24331095,12565670000.195976,12565670000.195976,0.0
983,0.0,12715254.816060832,983.0,983,13265.081769199667,11249.141021617343,11265.081769199667,2,2,10249.141021617343,15.963883250969348,17.648719444131455,17.648719444131455,1.0,2000.0,13752700.0,400000.0,9972700.0,134797755.98667955,134797.75598667955,32000.0,0.0,310378.7020672643,-333505.35113869596,14008.45582286542,0.0020003281378156096,0.004900044968563313,38.28296538223748,43.231198365754686,2513530.1084995265,10439027.387964953,12971356.243310949,12578641356.439287,12578641356.439287,0.0
984,0.0,12715254.816060832,984.0,984,13281.068751516148,11265.081769199667,11281.068751516148,2,2,10265.081769199667,16.01008138199141,17.648719444131455,17.648719444131455,1.0,2000.0,13752700.0,400000.0,9972700.0,134797755.98667955,134797.75598667955,32000.0,0.0,312185.8213519601,-336621.05239094753,14008.45582286542,0.0019999179823645625,0.004900044968563313,38.31484797112337,43.309308745740594,2499900.1043895967,10452741.292913673,12971356.24331095,12591612712.682598,12591612712.682598,0.0
985,0.0,12715254.816060832,985.0,985,13297.101841934742,11281.068751516148,11297.101841934742,2,2,10281.068751516148,16.056099455197106,17.648719444131455,17.648719444131455,1.0,2000.0,13752700.0,400000.0,9972700.0,134797755.98667955,134797.75598667955,32000.0,0.0,313995.3146760352,-338204.3377676852,14008.45582286542,0.001999507995078932,0.0023000000000005507,38.34682168184718,43.36477372848371,2510736.886011679,10442030.88184688,12971356.24331095,12604584068.925909,12604584068.925909,0.0
986,0.0,12715254.816060832,986.0,986,13313.18081692407,11297.101841934742,11313.18081692407,2,2,10297.101841934742,16.10185052346074,17.648719444131455,17.648719444131455,1.0,2000.0,13752700.0,400000.0,9972700.0,134797755.98667955,134797.75598667955,32000.0,0.0,315802.9539010965,-338528.6017327603,14008.45582286542,0.0020000019764115444,0.0023000000000005507,38.37888667166186,43.40164983644649,2541773.434499362,10411154.696958955,12971356.24331095,12617555425.16922,12617555425.16922,0.0
987,0.0,12715254.816060832,987.0,987,13329.305410622688,11313.18081692407,11329.305410622688,2,2,10313.18081692407,16.147336873773984,17.648719444131455,17.648719444131455,1.0,2000.0,13752700.0,400000.0,9972700.0,134797755.98667955,134797.75598667955,32000.0,0.0,317605.2480928443,-338853.71105298336,14008.45582286542,0.0020000019764115444,0.0023000000000005507,38.41104465341919,43.438631478921955,2572803.871662702,10380282.496598812,12971356.243310949,12630526781.41253,12630526781.41253,0.0
988,0.0,12715254.816060832,988.0,988,13345.475359443159,11329.305410622688,11345.475359443159,2,2,10329.305410622688,16.19256076716833,17.648719444131455,17.648719444131455,1.0,2000.0,13752700.0,400000.0,9972700.0,134797755.98667955,134797.75598667955,32000.0,0.0,319402.1979410477,-339179.74276207556,14008.45582286542,0.0020000019764115444,0.0023000000000005507,38.44329387268526,43.47571804442878,2603825.303833016,10349417.21304624,12971356.24331095,12643498137.655842,12643498137.655842,0.0
989,0.0,12715254.816060832,989.0,989,13361.690402043534,11345.475359443159,11361.690402043534,2,2,10345.475359443159,16.237524433583165,17.648719444131455,17.648719444131455,1.0,2000.0,13752700.0,400000.0,9972700.0,134797755.98667955,134797.75598667955,32000.0,0.0,321193.80464308785,-339506.6915304237,14008.45582286542,0.0020000019764115444,0.0023000000000005507,38.475633802284676,43.51290892671587,2634836.1858903184,10318560.431325734,12971356.243310949,12656469493.899153,12656469493.899153,0.0
990,0.0,12715254.816060832,990.0,990,13377.950279296601,11361.690402043534,11377.950279296601,2,2,10361.690402043534,16.282230072551805,17.648719444131455,17.648719444131455,1.0,2000.0,13752700.0,400000.0,9972700.0,134797755.98667955,134797.75598667955,32000.0,0.0,322980.06967073254,-339834.55207381636,14008.45582286542,0.0020000019764115444,0.0023000000000005507,38.50806391953302,43.55020352469675,2665834.995577193,10287713.712568905,12971356.24331095,12669440850.142464,12669440850.142464,0.0
991,0.0,12715254.816060832,991.0,991,13394.25473425981,11377.950279296601,11394.25473425981,2,2,10377.950279296601,16.326679853867258,17.648719444131455,17.648719444131455,1.0,2000.0,13752700.0,400000.0,9972700.0,134797755.98667955,134797.75598667955,32000.0,0.0,324760.99476600013,-340163.319152822,14008.45582286542,0.0020000019764115444,0.0023000000000005507,38.54058370617537,43.58760124237881,2696820.2332235677,10256878.594325406,12971356.243310947,12682412206.385775,12682412206.385775,0.0
992,0.0,12715254.816060832,992.0,992,13410.603512145857,11394.25473425981,11410.603512145857,2,2,10394.25473425981,16.37087591822837,17.648719444131455,17.648719444131455,1.0,2000.0,13752700.0,400000.0,9972700.0,134797755.98667955,134797.75598667955,32000.0,0.0,326536.5819370769,-340492.9875721842,14008.45582286542,0.0020000019764115444,0.0023000000000005507,38.5731926483261,43.6251014887942,2727790.421476011,10226056.590861008,12971356.24331095,12695383562.629086,12695383562.629086,0.0
993,0.0,12715254.816060832,993.0,993,13426.996360293904,11410.603512145857,11426.996360293904,2,2,10410.603512145857,16.414820377867116,17.648719444131455,17.648719444131455,1.0,2000.0,13752700.0,400000.0,9972700.0,134797755.98667955,134797.75598667955,32000.0,0.0,328306.8334542863,-340823.5521802226,14008.45582286542,0.0020000019764115444,0.0023000000000005507,38.605890236410104,43.662703677932114,2758744.105031527,10195249.19345967,12971356.24331095,12708354918.872396,12708354918.872396,0.0
994,0.0,12715254.816060832,994.0,994,13443.433028141417,11426.996360293904,11443.433028141417,2,2,10426.996360293904,16.458515317157648,17.648719444131455,17.648719444131455,1.0,2000.0,13752700.0,400000.0,9972700.0,134797755.98667955,134797.75598667955,32000.0,0.0,330071.75184611086,-341155.0078682539,14008.45582286542,0.0020000019764115444,0.0023000000000005507,38.638675965105215,43.70040722867263,2789679.850375554,10164457.870709948,12971356.24331095,12721326275.115707,12721326275.115707,0.0
995,0.0,12715254.816060832,995.0,995,13459.91326731804,11443.433028141417,11459.91326731804,2,2,10443.433028141417,16.501963036088195,17.648719444131455,17.648719444131455,1.0,2000.0,13752700.0,400000.0,9972700.0,134797755.98667955,134797.75598667955,32000.0,0.0,331831.3398952633,-341487.34957001946,14005.006840204727,0.0020000019764115444,0.0022999999999976325,38.67154933328586,43.73821156472189,2820539.426249515,10133740.792864744,12971356.24331095,12734297631.359018,12734297631.359018,0.0
996,0.0,12715254.816060832,996.0,996,13476.436831507775,11459.91326731804,11476.436831507775,2,2,10459.91326731804,16.545165343383875,17.648719444131455,17.648719444131455,1.0,2000.0,13752700.0,400000.0,9972700.0,134797755.98667955,134797.75598667955,32000.0,0.0,333585.6104544159,-341820.56906720804,14004.681485697743,0.0020000019764115444,0.0022999969263048287,38.70450984421084,43.77611606740325,2851429.813997272,10102991.194553768,12971356.243310947,12747268987.60233,12747268987.60233,0.0
997,0.0,12715254.816060832,997.0,997,13493.003476289605,11476.436831507775,11493.003476289605,2,2,10476.436831507775,16.588124220273553,17.648719444131455,17.648719444131455,1.0,2000.0,13752700.0,400000.0,9972700.0,134797755.98667955,134797.75598667955,32000.0,0.0,335334.5578938908,-342154.66434910934,14004.681485697743,0.0020000019764115444,0.0022999969263048287,38.73755700524767,43.81412021425125,2882303.476275809,10072256.56727987,12971356.24331095,12760240343.84564,12760240343.84564,0.0
998,0.0,12715254.816060832,998.0,998,13509.61295922315,11493.003476289605,11509.61295922315,2,2,10493.003476289605,16.630841646817615,17.648719444131455,17.648719444131455,1.0,2000.0,13752700.0,400000.0,9972700.0,134797755.98667955,134797.75598667955,32000.0,0.0,337078.18480535195,-342489.64990497346,14004.681485697743,0.001999625117148028,0.0022999969263048287,38.770690042481505,43.85222344632864,2913153.3623232516,10041543.98394379,12971356.24331095,12773211700.088951,12773211700.088951,0.0
999,0.0,12715254.816060832,999.0,999,13526.265039833033,11509.61295922315,11526.265039833033,2,2,10509.61295922315,16.673319572950884,17.648719444131455,17.648719444131455,1.0,2000.0,13752700.0,400000.0,9972700.0,134797755.98667955,134797.75598667955,32000.0,0.0,338816.495004866,-342825.4490857505,14004.681485697743,0.001998688524590492,0.0022999969263048287,38.80390953554541,43.8904252060233,2943979.336737369,10010853.612878978,12971356.24331095,12786183056.332262,12786183056.332262,0.0
1000,0.0,12715254.816060832,1000.0,1000,13542.95947958342,11526.265039833033,11542.95947958342,2,2,10526.265039833033,16.715559927821953,17.648719444131455,17.648719444131455,1.0,2000.0,13752700.0,400000.0,9972700.0,134797755.98667955,134797.75598667955,32000.0,0.0,340549.4923376402,-343162.11017982836,14004.681485697743,0.0019999179823691022,0.0022999969263048287,38.837214214889904,43.92872494024262,2974779.207948415,9980187.674395084,12971356.24331095,12799154412.575573,12799154412.575573,0.0
1001,0.0,12715254.816060832,1001.0,1001,13559.696041855794,11542.95947958342,11559.696041855794,2,2,10542.95947958342,16.75756461692507,17.648719444131455,17.648719444131455,1.0,2000.0,13752700.0,400000.0,9972700.0,134797755.98667955,134797.75598667955,32000.0,0.0,342277.18103324366,-343499.63404451916,14004.681485697743,0.0019999999999994796,0.0022999969263048287,38.870603519163325,43.967122100354885,3005551.5928050983,9949547.580976084,12971356.243310947,12812125768.818884,12812125768.818884,0.0
1002,0.0,12715254.816060832,1002.0,1002,13576.474491926134,11559.696041855794,11576.474491926134,2,2,10559.696041855794,16.799335523755232,17.648719444131455,17.648719444131455,1.0,2000.0,13752700.0,400000.0,9972700.0,134797755.98667955,134797.75598667955,32000.0,0.0,343999.56556576333,-343838.0382329008,14004.681485697743,0.0019999999999994796,0.0022999969263048287,38.90407664370806,44.00561614213826,3036294.848015508,9918935.00409593,12971356.24331095,12825097125.062195,12825097125.062195,0.0
1003,0.0,12715254.816060832,1003.0,1003,13593.294596941352,11576.474491926134,11593.294596941352,2,2,10576.474491926134,16.840874506680166,17.648719444131455,17.648719444131455,1.0,2000.0,13752700.0,400000.0,9972700.0,134797755.98667955,134797.75598667955,32000.0,0.0,345716.650698638,-344177.28936977946,14004.681485697743,0.0019999999999994796,0.0022999969263048287,38.93763354384873,44.0442065257282,3067008.204500483,9888350.741720095,12971356.24331095,12838068481.305506,12838068481.305506,0.0
1004,0.0,12715254.816060832,1004.0,1004,13610.156125895406,11593.294596941352,11610.156125895406,2,2,10593.294596941352,16.882183401427273,17.648719444131455,17.648719444131455,1.0,2000.0,13752700.0,400000.0,9972700.0,134797755.98667955,134797.75598667955,32000.0,0.0,347428.4413334436,-344517.3827469932,14004.681485697743,0.0019999999999994796,0.0022999969263048287,38.97127375387916,44.082892715563325,3097690.433046358,9857796.050498832,12971356.24331095,12851039837.548817,12851039837.548817,0.0
1005,0.0,12715254.816060832,1005.0,1005,13627.058667146657,11610.156125895406,11627.058667146657,2,2,10610.156125895406,16.922899101076162,17.648719444131455,17.648719444131455,1.0,2000.0,13752700.0,400000.0,9972700.0,134797755.98667955,134797.75598667955,32000.0,0.0,349134.94258929754,-339677.1758274977,14004.681485697743,0.0019999999999994796,-0.002500012882945214,39.00499681178726,44.04480141893612,3215880.950539756,9739871.056119103,12971356.243310949,12864011193.792128,12864011193.792128,0.0
1006,0.0,12715254.816060832,1006.0,1006,13644.001619391875,11627.058667146657,11644.001619391875,2,2,10627.058667146657,16.96300538935798,17.648719444131455,17.648719444131455,1.0,2000.0,13752700.0,400000.0,9972700.0,134797755.98667955,134797.75598667955,32000.0,0.0,350821.02963187534,-334550.70573102095,14004.681485697743,0.0019999999999994796,-0.002500012882945214,39.038801894289755,44.002544848053475,3338994.3847797243,9617027.519451799,12971356.24331095,12876982550.035439,12876982550.035439,0.0
1007,0.0,12715254.816060832,1007.0,1007,13660.98437480102,11644.001619391875,11660.98437480102,2,2,10644.001619391875,17.00250542893339,17.648719444131455,17.648719444131455,1.0,2000.0,13752700.0,400000.0,9972700.0,134797755.98667955,134797.75598667955,32000.0,0.0,352485.85100325017,-329411.9791490225,14004.681485697743,0.0019999999999994796,-0.002500012882945214,39.07268779878018,43.96018724916531,3462381.495013059,9493907.289943477,12971356.24331095,12889953906.27875,12889953906.27875,0.0
1008,0.0,12715254.816060832,1008.0,1008,13678.006328694491,11660.98437480102,11678.006328694491,2,2,10660.98437480102,17.041402358007094,17.648719444131455,17.648719444131455,1.0,2000.0,13752700.0,400000.0,9972700.0,134797755.98667955,134797.75598667955,32000.0,0.0,354129.358804614,-324261.1804338105,14004.681485697743,0.0019999999999994796,-0.002500012882945214,39.106653309598464,43.917730141854534,3586025.5095916037,9370527.200735811,12971356.24331095,12902925262.52206,12902925262.52206,0.0
1009,0.0,12715254.816060832,1009.0,1009,13695.066879519056,11678.006328694491,11695.066879519056,2,2,10678.006328694491,17.079699291121845,17.648719444131455,17.648719444131455,1.0,2000.0,13752700.0,400000.0,9972700.0,134797755.98667955,134797.75598667955,32000.0,0.0,355751.5080511749,-319098.4929821816,14004.681485697743,0.0019999999999994796,-0.002500012882945214,39.140697217385394,43.87517503782796,3709909.800160721,9246903.93997199,12971356.24331095,12915896618.765371,12915896618.765371,0.0
1010,0.0,12715254.816060832,1010.0,1010,13712.165428692411,11695.066879519056,11712.165428692411,2,2,10695.066879519056,17.117399055590397,17.648719444131455,17.648719444131455,1.0,2000.0,13752700.0,400000.0,9972700.0,134797755.98667955,134797.75598667955,32000.0,0.0,357352.2566470563,-313924.1208880944,14008.45582286542,0.001998688524578753,-0.002500012882945214,39.17481799788111,43.8325234409764,3834082.018255543,9122990.014187828,12971356.24331095,12928867975.008682,12928867975.008682,0.0
1011,0.0,12715254.816060832,1011.0,1011,13729.301380594965,11712.165428692411,11729.301380594965,2,2,10712.165428692411,17.15450474951719,17.648719444131455,17.648719444131455,1.0,2000.0,13752700.0,400000.0,9972700.0,134797755.98667955,134797.75598667955,32000.0,0.0,358931.5542747006,-308738.2214108121,14011.843760003243,0.002000562587901687,-0.0024999678353219497,39.209014885976835,43.78977691945343,3958455.142563625,8998872.38987551,12971356.24331095,12941839331.251993,12941839331.251993,0.0
1012,0.0,12715254.816060832,1012.0,1012,13746.47414259352,11729.301380594965,11746.47414259352,2,2,10729.301380594965,17.191019247596202,17.648719444131455,17.648719444131455,1.0,2000.0,13752700.0,400000.0,9972700.0,134797755.98667955,134797.75598667955,32000.0,0.0,360489.36567147967,-303540.98512988415,14017.719736763773,0.002000145825736217,-0.002499947084345969,39.24328723768364,43.74693765690693,4083062.1154985544,8874518.25577708,12971356.24331095,12954810687.495304,12954810687.495304,0.0
1013,0.0,12715254.816060832,1013.0,1013,13763.68317717206,11746.47414259352,11763.68317717206,2,2,10746.47414259352,17.22704990948375,17.648719444131455,17.648719444131455,1.0,2000.0,13752700.0,400000.0,9972700.0,134797755.98667955,134797.75598667955,32000.0,0.0,362025.6498947483,-299871.78376139275,14081.684207553022,0.0,-0.0024999999999977623,39.25479575999637,43.704006083512816,4182368.572328361,8775422.767140485,12971356.24331095,12967782043.738615,12967782043.738615,0.0
1014,0.0,12715254.816060832,1014.0,1014,13780.928023080472,11763.68317717206,11780.928023080472,2,2,10763.68317717206,17.26264190734013,17.648719444131455,17.648719444131455,1.0,2000.0,13752700.0,400000.0,9972700.0,134797755.98667955,134797.75598667955,32000.0,0.0,363544.77951520897,-296972.1412052593,14318.735465173544,0.0,-0.0025000863408723246,39.25479575999637,43.660983964414335,4271360.875930938,8686623.24027208,12971356.24331095,12980753399.981926,12980753399.981926,0.0
1015,0.0,12715254.816060832,1015.0,1015,13798.208238984012,11780.928023080472,11798.208238984012,2,2,10780.928023080472,17.29778989973909,17.648719444131455,17.648719444131455,1.0,2000.0,13752700.0,400000.0,9972700.0,134797755.98667955,134797.75598667955,32000.0,0.0,365048.53688579315,-294066.4518562991,14666.344111460008,0.0,-0.002499936908515107,39.25479575999637,43.61787212879524,4362324.583030437,8595853.181027614,12971356.243310949,12993724756.225237,12993724756.225237,0.0
1016,0.0,12715254.816060832,1016.0,1016,13815.523378368047,11798.208238984012,11815.523378368047,2,2,10798.208238984012,17.332488868331183,17.648719444131455,17.648719444131455,1.0,2000.0,13752700.0,400000.0,9972700.0,134797755.98667955,134797.75598667955,32000.0,0.0,366536.5808840067,-291154.7362394971,15120.242768972841,0.0,-0.0024999879381473,39.25479575999637,43.574670881185604,4455182.651964218,8503189.515998254,12971356.24331095,13006696112.468548,13006696112.468548,0.0
1017,0.0,12715254.816060832,1017.0,1017,13832.87306745473,11815.523378368047,11832.87306745473,2,2,10815.523378368047,17.36688930503599,17.648719444131455,17.648719444131455,1.0,2000.0,13752700.0,400000.0,9972700.0,134797755.98667955,134797.75598667955,32000.0,0.0,368008.5837042598,-290414.7869315528,15650.919569758478,-0.0020000222432276947,-0.0024999879381473,39.2224867795295,43.53138324157818,4511656.044243187,8446853.329614399,12971356.24331095,13019667468.711859,13019667468.711859,0.0
1018,0.0,12715254.816060832,1018.0,1018,13850.257013562503,11832.87306745473,11850.257013562503,2,2,10832.87306745473,17.401002910509508,17.648719444131455,17.648719444131455,1.0,2000.0,13752700.0,400000.0,9972700.0,134797755.98667955,134797.75598667955,32000.0,0.0,369470.83406338247,-289830.1381274309,16199.201848109615,-0.002000000000000688,-0.0024999879381473,39.18778722508697,43.48800922813087,4565678.819022435,8392962.64768614,12971356.24331095,13032638824.95517,13032638824.95517,0.0
1019,0.0,12715254.816060832,1019.0,1019,13867.674930294954,11850.257013562503,11867.674930294954,2,2,10850.257013562503,17.434830554391887,17.648719444131455,17.648719444131455,1.0,2000.0,13752700.0,400000.0,9972700.0,134797755.98667955,134797.75598667955,32000.0,0.0,370923.7553071614,-289244.3230284234,16761.271670081635,-0.002000000000000688,-0.0024999879381473,39.15301933287141,43.444549572544034,4619901.409399985,8338871.103363166,12971356.24331095,13045610181.19848,13045610181.19848,0.0
1020,0.0,12715254.816060832,1020.0,1020,13885.126532566774,11867.674930294954,11885.126532566774,2,2,10867.674930294954,17.468373989248526,17.648719444131455,17.648719444131455,1.0,2000.0,13752700.0,400000.0,9972700.0,134797755.98667955,134797.75598667955,32000.0,0.0,372367.3126639372,-288657.36316603783,17324.439853889842,-0.002000000000000688,-0.0024999879381473,39.1181834994065,43.40100499080525,4674100.076055302,8284802.12192215,12971356.24331095,13058581537.441792,13058581537.441792,0.0
1021,0.0,12715254.816060832,1021.0,1021,13902.611536002532,11885.126532566774,11902.611536002532,2,2,10885.126532566774,17.5016328822678,17.648719444131455,17.648719444131455,1.0,2000.0,13752700.0,400000.0,9972700.0,134797755.98667955,134797.75598667955,32000.0,0.0,373801.5100396117,-288050.00941672194,17898.809908319876,-0.002000000000000688,-0.002700034401475531,39.083280294862845,43.35709045302581,4728785.372259446,8230245.936786047,12971356.24331095,13071552893.685102,13071552893.685102,0.0
1022,0.0,12715254.816060832,1022.0,1022,13920.12965000782,11902.611536002532,11920.12965000782,2,2,10902.611536002532,17.534595128307014,17.648719444131455,17.648719444131455,1.0,2000.0,13752700.0,400000.0,9972700.0,134797755.98667955,134797.75598667955,32000.0,0.0,375226.26309345494,-287225.03931617946,18454.196255310355,-0.002000145825736217,-0.002700034401475531,39.048310300308344,43.309880342239346,4786880.289812357,8172283.91162897,12971356.24331095,13084524249.928413,13084524249.928413,0.0
1023,0.0,12715254.816060832,1023.0,1023,13937.680579327372,11920.12965000782,11937.680579327372,2,2,10920.12965000782,17.567263510795755,17.648719444131455,17.648719444131455,1.0,2000.0,13752700.0,400000.0,9972700.0,134797755.98667955,134797.75598667955,32000.0,0.0,376640.9822342189,-286398.57649231335,18996.310465343377,-0.001999781301256081,-0.0026999378381537577,39.0132735398386,43.262581317938626,4844696.613093949,8114598.752696131,12971356.24331095,13097495606.171724,13097495606.171724,0.0
1024,0.0,12715254.816060832,1024.0,1024,13955.264034669566,11937.680579327372,11955.264034669566,2,2,10937.680579327372,17.599647173591872,17.648719444131455,17.648719444131455,1.0,2000.0,13752700.0,400000.0,9972700.0,134797755.98667955,134797.75598667955,32000.0,0.0,378045.7153907266,-285570.40968978324,19434.326398588408,-0.002000328137841816,-0.0026999999999976904,38.97817272354699,43.21519295581262,4900638.911953378,8058783.568639012,12971356.243310947,13110466962.415035,13110466962.415035,0.0
1025,0.0,12715254.816060832,1025.0,1025,13972.879734407143,11955.264034669566,11972.879734407143,2,2,10955.264034669566,17.63175230155965,17.648719444131455,17.648719444131455,1.0,2000.0,13752700.0,400000.0,9972700.0,134797755.98667955,134797.75598667955,32000.0,0.0,379440.7862777775,-284740.9691718351,19809.810635803053,-0.0020052631578846257,-0.002698229508196459,38.94300534310637,43.16771913136814,4955426.40572294,8004120.261177739,12971356.24331095,13123438318.658346,13123438318.658346,0.0
1026,0.0,12715254.816060832,1026.0,1026,13990.519970279987,11972.879734407143,11990.519970279987,2,2,10972.879734407143,17.648719444131455,17.648719444131455,17.648719444131455,1.0,2000.0,13752700.0,400000.0,9972700.0,134797755.98667955,134797.75598667955,32000.0,0.0,380826.3942988537,-283909.84359104896,20095.744986976362,-0.0019999179823638165,-0.002702660098522805,38.90777377272691,43.120156115636306,5006476.254745453,4235965.340198033,9246886.485175598,13132685205.143522,13132685205.143522,0.0
1027,0.0,12715254.816060832,1027.0,1027,14008.168689724118,11990.519970279987,12008.168689724118,2,2,10990.519970279987,17.648719444131455,17.648719444131455,17.648719444131455,1.0,2000.0,13752700.0,400000.0,9972700.0,134797755.98667955,134797.75598667955,32000.0,0.0,381559.69007163803,-283077.6275568507,20269.198792855175,-0.0019999179823827567,-0.002698229508196459,38.8724937478326,43.07252846628628,5039574.49377493,0.0,5039574.49377493,13137724779.637297,13137724779.637297,0.0
1028,0.0,12715254.816060832,1028.0,1028,14025.817409168249,12008.168689724118,12025.817409168249,2,2,11008.168689724118,17.648719444131455,17.648719444131455,17.648719444131455,1.0,2000.0,13752700.0,400000.0,9972700.0,134797755.98667955,134797.75598667955,32000.0,0.0,381559.69007163803,-279644.4600792816,20384.778091539476,-0.0020004773269685656,-0.0059960655737684955,38.837195465660486,42.986292133218,5102205.330007292,0.0,5102205.330007292,13142826984.967304,13142826984.967304,0.0
1029,0.0,12715254.816060832,1029.0,1029,14043.46612861238,12025.817409168249,12043.46612861238,2,2,11025.817409168249,17.648719444131455,17.648719444131455,17.648719444131455,1.0,2000.0,13752700.0,400000.0,9972700.0,134797755.98667955,134797.75598667955,32000.0,0.0,381559.69007163803,-272587.9515641137,20416.914028893894,0.0,-0.0060059113300582456,38.836000559996414,42.88039951261771,5227310.827189058,0.0,5227310.827189058,13148054295.794493,13148054295.794493,0.0
1030,0.0,12715254.816060832,1030.0,1030,14061.11484805651,12043.46612861238,12061.11484805651,2,2,11043.46612861238,17.648719444131455,17.648719444131455,17.648719444131455,1.0,2000.0,13752700.0,400000.0,9972700.0,134797755.98667955,134797.75598667955,32000.0,0.0,381559.69007163803,-265450.91963062534,20420.688366061568,0.0,-0.00599999999999983,38.836000559996414,42.774507068322215,5353336.91366476,0.0,5353336.91366476,13153407632.708157,13153407632.708157,0.0
1031,0.0,12715254.816060832,1031.0,1031,14078.76356750064,12061.11484805651,12078.76356750064,2,2,11061.11484805651,17.648719444131455,17.648719444131455,17.648719444131455,1.0,2000.0,13752700.0,400000.0,9972700.0,134797755.98667955,134797.75598667955,32000.0,0.0,381559.69007163803,-258313.89629930333,20420.688366061568,0.0,-0.00599999999999983,38.836000559996414,42.66861475165743,5479296.236105483,0.0,5479296.236105483,13158886928.944262,13158886928.944262,0.0
1032,0.0,12715254.816060832,1032.0,1032,14096.412286944771,12078.76356750064,12096.412286944771,2,2,11078.76356750064,17.648719444131455,17.648719444131455,17.648719444131455,1.0,2000.0,13752700.0,400000.0,9972700.0,134797755.98667955,134797.75598667955,32000.0,0.0,381559.69007163803,-251176.8729679818,20420.688366061568,0.0,-0.00599999999999983,38.836000559996414,42.56272243499265,5605255.558546197,0.0,5605255.558546197,13164492184.502808,13164492184.502808,0.0
1033,0.0,12715254.816060832,1033.0,1033,14114.061006388902,12096.412286944771,12114.061006388902,2,2,11096.412286944771,17.648719444131455,17.648719444131455,17.648719444131455,1.0,2000.0,13752700.0,400000.0,9972700.0,134797755.98667955,134797.75598667955,32000.0,0.0,381559.69007163803,-244039.8496366603,20420.688366061568,0.0,-0.00599999999999983,38.836000559996414,42.45683011832787,5731214.88098691,0.0,5731214.88098691,13170223399.383795,13170223399.383795,0.0
1034,0.0,12715254.816060832,1034.0,1034,14131.709725833032,12114.061006388902,12131.709725833032,2,2,11114.061006388902,17.648719444131455,17.648719444131455,17.648719444131455,1.0,2000.0,13752700.0,400000.0,9972700.0,134797755.98667955,134797.75598667955,32000.0,0.0,381559.69007163803,-236902.82630533827,20420.688366061568,0.0,-0.00599999999999983,38.836000559996414,42.350937801663086,5857174.203427633,0.0,5857174.203427633,13176080573.587223,13176080573.587223,0.0
1035,0.0,12715254.816060832,1035.0,1035,14149.358445277163,12131.709725833032,12149.358445277163,2,2,11131.709725833032,17.648719444131455,17.648719444131455,17.648719444131455,1.0,2000.0,13752700.0,400000.0,9972700.0,134797755.98667955,134797.75598667955,32000.0,0.0,381559.69007163803,-229765.80297401678,20420.688366061568,0.0,-0.00599999999999983,38.836000559996414,42.24504548499831,5983133.525868348,0.0,5983133.525868348,13182063707.11309,13182063707.11309,0.0
1036,0.0,12715254.816060832,1036.0,1036,14167.007164721294,12149.358445277163,12167.007164721294,2,2,11149.358445277163,17.648719444131455,17.648719444131455,17.648719444131455,1.0,2000.0,13752700.0,400000.0,9972700.0,134797755.98667955,134797.75598667955,32000.0,0.0,381559.69007163803,-220935.0972697725,20420.688366061568,0.002099770366317331,-0.00599999999999983,38.861129796911754,42.13915316833353,6138984.173336246,0.0,6138984.173336246,13188202691.286427,13188202691.286427,0.0
1037,0.0,12715254.816060832,1037.0,1037,14184.655884165424,12167.007164721294,12184.655884165424,2,2,11167.007164721294,17.648719444131455,17.648719444131455,17.648719444131455,1.0,2000.0,13752700.0,400000.0,9972700.0,134797755.98667955,134797.75598667955,32000.0,0.0,381559.69007163803,-211300.14794840815,20420.688366061568,0.0021000084021846046,-0.00599999999999983,38.89819163034895,42.03326085166875,6309028.69076743,0.0,6309028.69076743,13194511719.977194,13194511719.977194,0.0
1038,0.0,12715254.816060832,1038.0,1038,14202.304603609555,12184.655884165424,12202.304603609555,2,2,11184.655884165424,17.648719444131455,17.648719444131455,17.648719444131455,1.0,2000.0,13752700.0,400000.0,9972700.0,134797755.98667955,134797.75598667955,32000.0,0.0,381559.69007163803,-201665.15645669244,20420.688366061568,0.0021000084021846046,-0.00599999999999983,38.93525408946942,41.927368535003964,6479073.952451314,0.0,6479073.952451314,13200990793.929646,13200990793.929646,0.0
1039,0.0,12715254.816060832,1039.0,1039,14219.953323053685,12202.304603609555,12219.953323053685,2,2,11202.304603609555,17.648719444131455,17.648719444131455,17.648719444131455,1.0,2000.0,13752700.0,400000.0,9972700.0,134797755.98667955,134797.75598667955,32000.0,0.0,381559.69007163803,-192030.1649649772,20420.688366061568,0.0021000084021846046,-0.00599999999999983,38.97231654858989,41.821476218339185,6649119.2141351905,0.0,6649119.2141351905,13207639913.143782,13207639913.143782,0.0
1040,0.0,12715254.816060832,1040.0,1040,14237.602042497816,12219.953323053685,12237.602042497816,2,2,11219.953323053685,17.648719444131455,17.648719444131455,17.648719444131455,1.0,2000.0,13752700.0,400000.0,9972700.0,134797755.98667955,134797.75598667955,32000.0,0.0,381559.69007163803,-182395.15822355644,20420.688366061568,0.0020996063730072605,-0.00599999999999983,39.00937923397088,41.71558390167441,6819164.74495684,0.0,6819164.74495684,13214459077.888739,13214459077.888739,0.0
1041,0.0,12715254.816060832,1041.0,1041,14255.250761941947,12237.602042497816,12255.250761941947,2,2,11237.602042497816,17.648719444131455,17.648719444131455,17.648719444131455,1.0,2000.0,13752700.0,400000.0,9972700.0,134797755.98667955,134797.75598667955,32000.0,0.0,381559.69007163803,-172760.22072911137,20425.20579563599,0.0021001531170240636,-0.00599999999999983,39.04644089193157,41.60969158500962,6989288.780505212,0.0,6989288.780505212,13221448366.669245,13221448366.669245,0.0
1042,0.0,12715254.816060832,1042.0,1042,14272.899481386077,12255.250761941947,12272.899481386077,2,2,11255.250761941947,17.648719444131455,17.648719444131455,17.648719444131455,1.0,2000.0,13752700.0,400000.0,9972700.0,134797755.98667955,134797.75598667955,32000.0,0.0,381559.69007163803,-163125.17632908456,20452.73956202649,0.002100344544707774,-0.00599999999999983,39.08350413605489,41.50379926834484,7159820.911671301,0.0,7159820.911671301,13228608187.580915,13228608187.580915,0.0
1043,0.0,12715254.816060832,1043.0,1043,14290.548200830208,12272.899481386077,12290.548200830208,2,2,11272.899481386077,17.648719444131455,17.648719444131455,17.648719444131455,1.0,2000.0,13752700.0,400000.0,9972700.0,134797755.98667955,134797.75598667955,32000.0,0.0,381559.69007163803,-153490.19476466373,20581.933175026126,0.002098622950818174,-0.00599999999999983,39.120566447883675,41.39790695168006,7332146.0999809485,0.0,7332146.0999809485,13235940333.680897,13235940333.680897,0.0
1044,0.0,12715254.816060832,1044.0,1044,14308.196920274338,12290.548200830208,12308.196920274338,2,2,11290.548200830208,17.648719444131455,17.648719444131455,17.648719444131455,1.0,2000.0,13752700.0,400000.0,9972700.0,134797755.98667955,134797.75598667955,32000.0,0.0,381559.69007163803,-143855.28030167246,20806.956524988953,0.002100153117057739,-0.00599999999999983,39.157627764125714,41.292014635015285,7506161.376178357,0.0,7506161.376178357,13243446495.057076,13243446495.057076,0.0
1045,0.0,12715254.816060832,1045.0,1045,14325.84563971847,12308.196920274338,12325.84563971847,2,2,11308.196920274338,17.648719444131455,17.648719444131455,17.648719444131455,1.0,2000.0,13752700.0,400000.0,9972700.0,134797755.98667955,134797.75598667955,32000.0,0.0,381559.69007163803,-134544.09101341566,21180.89538806434,0.0021005907172986036,-0.0051999052219108555,39.19469126172381,41.19092762379962,7677091.485701678,0.0,7677091.485701678,13251123586.542778,13251123586.542778,0.0
1046,0.0,12715254.816060832,1046.0,1046,14343.4943591626,12325.84563971847,12343.4943591626,2,2,11325.84563971847,17.648719444131455,17.648719444131455,17.648719444131455,1.0,2000.0,13752700.0,400000.0,9972700.0,134797755.98667955,134797.75598667955,32000.0,0.0,381559.69007163803,-125860.79363120276,21596.03206207678,0.0020999999999984542,-0.0051999052219108555,39.231754043405225,41.09915595540204,7837667.195740931,0.0,7837667.195740931,13258961253.73852,13258961253.73852,0.0
1047,0.0,12715254.816060832,1047.0,1047,14361.14307860673,12343.4943591626,12361.14307860673,2,2,11343.4943591626,17.648719444131455,17.648719444131455,17.648719444131455,1.0,2000.0,13752700.0,400000.0,9972700.0,134797755.98667955,134797.75598667955,32000.0,0.0,381559.69007163803,-117177.39434437343,22213.19234596196,0.0020999875860855883,-0.005199431383266587,39.268815377307945,41.00738132726267,8001810.162277903,0.0,8001810.162277903,13266963063.900797,13266963063.900797,0.0
1048,0.0,12715254.816060832,1048.0,1048,14378.791798050861,12361.14307860673,12378.791798050861,2,2,11361.14307860673,17.648719444131455,17.648719444131455,17.648719444131455,1.0,2000.0,13752700.0,400000.0,9972700.0,134797755.98667955,134797.75598667955,32000.0,0.0,381559.69007163803,-108494.10655402389,22815.373465733086,0.0020999875860855883,-0.00519999999999586,39.30587746905093,40.915609111241544,8165686.797979827,0.0,8165686.797979827,13275128750.698776,13275128750.698776,0.0
1049,0.0,12715254.816060832,1049.0,1049,14396.440517494992,12378.791798050861,12396.440517494992,2,2,11378.791798050861,17.648719444131455,17.648719444131455,17.648719444131455,1.0,2000.0,13752700.0,400000.0,9972700.0,134797755.98667955,134797.75598667955,32000.0,0.0,381559.69007163803,-99810.71211079501,23477.476733200278,0.0020996063730072605,-0.005200853158318653,39.34294019660126,40.823835948614494,8330622.865141675,0.0,8330622.865141675,13283459373.563917,13283459373.563917,0.0
1050,0.0,12715254.816060832,1050.0,1050,14414.089236939122,12396.440517494992,12414.089236939122,2,2,11396.440517494992,17.648719444131455,17.648719444131455,17.648719444131455,1.0,2000.0,13752700.0,400000.0,9972700.0,134797755.98667955,134797.75598667955,32000.0,0.0,381559.69007163803,-91127.12959874482,24181.21014922237,0.002100153117032183,-0.005199431383266587,39.38000314196648,40.732060213417284,8496296.97028965,0.0,8496296.97028965,13291955670.534206,13291955670.534206,0.0
1051,0.0,12715254.816060832,1051.0,1051,14431.737956383253,12414.089236939122,12431.737956383253,2,2,11414.089236939122,17.648719444131455,17.648719444131455,17.648719444131455,1.0,2000.0,13752700.0,400000.0,9972700.0,134797755.98667955,134797.75598667955,32000.0,0.0,381559.69007163803,-82443.79720081166,24822.800189520323,0.0020999433733296263,-0.005202275711148293,39.41706516951421,40.6402872713563,8660869.910240278,0.0,8660869.910240278,13300616540.444447,13300616540.444447,0.0
1052,0.0,12715254.816060832,1052.0,1052,14449.386675827383,12431.737956383253,12449.386675827383,2,2,11431.737956383253,17.648719444131455,17.648719444131455,17.648719444131455,1.0,2000.0,13752700.0,400000.0,9972700.0,134797755.98667955,134797.75598667955,32000.0,0.0,381559.69007163803,-73760.63048496701,25457.83955725235,0.0021000099133764785,-0.005199786754159739,39.45412667771468,40.54851626818021,8825324.31513192,0.0,8825324.31513192,13309441864.759579,13309441864.759579,0.0
1053,0.0,12715254.816060832,1053.0,1053,14467.035395271514,12449.386675827383,12467.035395271514,2,2,11449.386675827383,17.648719444131455,17.648719444131455,17.648719444131455,1.0,2000.0,13752700.0,400000.0,9972700.0,134797755.98667955,134797.75598667955,32000.0,0.0,381559.69007163803,-65077.2304653469,26118.762759154182,0.0021000099133764785,-0.005200087490531361,39.49118916350576,40.45674278105675,8990239.654063845,0.0,8990239.654063845,13318432104.413643,13318432104.413643,0.0
1054,0.0,12715254.816060832,1054.0,1054,14484.684114715645,12467.035395271514,12484.684114715645,2,2,11467.035395271514,17.648719444131455,17.648719444131455,17.648719444131455,1.0,2000.0,13752700.0,400000.0,9972700.0,134797755.98667955,134797.75598667955,32000.0,0.0,381559.69007163803,-56393.74414772456,26778.323705652176,0.0021000099133764785,-0.00520000751559169,39.528251649296834,40.36496801352618,9155132.473981563,0.0,9155132.473981563,13327587236.887625,13327587236.887625,0.0
1055,0.0,12715254.816060832,1055.0,1055,14502.332834159775,12484.684114715645,12502.332834159775,2,2,11484.684114715645,17.648719444131455,17.648719444131455,17.648719444131455,1.0,2000.0,13752700.0,400000.0,9972700.0,134797755.98667955,134797.75598667955,32000.0,0.0,381559.69007163803,-47710.337929409434,27415.966801157876,0.002100083515607689,-0.00520000751559169,39.56531424043162,40.27319453977613,9319637.058246102,0.0,9319637.058246102,13336906873.945871,13336906873.945871,0.0
1056,0.0,12715254.816060832,1056.0,1056,14519.981553603906,12502.332834159775,12519.981553603906,2,2,11502.332834159775,17.648719444131455,17.648719444131455,17.648719444131455,1.0,2000.0,13752700.0,400000.0,9972700.0,134797755.98667955,134797.75598667955,32000.0,0.0,381559.69007163803,-42269.45059130962,28083.17137025854,-0.002499911331799124,-0.00520000751559169,39.554267441962985,40.18142106602608,9427437.05865525,0.0,9427437.05865525,13346334311.004526,13346334311.004526,0.0
1057,0.0,12715254.816060832,1057.0,1057,14537.630273048037,12519.981553603906,12537.630273048037,2,2,11519.981553603906,17.648719444131455,17.648719444131455,17.648719444131455,1.0,2000.0,13752700.0,400000.0,9972700.0,134797755.98667955,134797.75598667955,32000.0,0.0,381559.69007163803,-39057.72691116301,28735.685321554654,-0.002500048248578154,-0.00520000751559169,39.51014644813202,40.08964759227603,9495635.90447804,0.0,9495635.90447804,13355829946.909004,13355829946.909004,0.0
1058,0.0,12715254.816060832,1058.0,1058,14555.278992492167,12537.630273048037,12555.278992492167,2,2,11537.630273048037,17.648719444131455,17.648719444131455,17.648719444131455,1.0,2000.0,13752700.0,400000.0,9972700.0,134797755.98667955,134797.75598667955,32000.0,0.0,381559.69007163803,-35846.11486411421,29363.706523249137,-0.002500048248578154,-0.00520000751559169,39.46602379799607,39.997874118525985,9563400.514453469,0.0,9563400.514453469,13365393347.423458,13365393347.423458,0.0
1059,0.0,12715254.816060832,1059.0,1059,14572.927711936298,12555.278992492167,12572.927711936298,2,2,11555.278992492167,17.648719444131455,17.648719444131455,17.648719444131455,1.0,2000.0,13752700.0,400000.0,9972700.0,134797755.98667955,134797.75598667955,32000.0,0.0,381559.69007163803,-32634.36998022878,30016.85797110626,-0.002499999999998471,-0.00520000751559169,39.42190311876588,39.90610064477594,9631610.985493045,0.0,9631610.985493045,13375024958.40895,13375024958.40895,0.0
1060,0.0,12715254.816060832,1060.0,1060,14590.576431380428,12572.927711936298,12590.576431380428,2,2,11572.927711936298,17.648719444131455,17.648719444131455,17.648719444131455,1.0,2000.0,13752700.0,400000.0,9972700.0,134797755.98667955,134797.75598667955,32000.0,0.0,381559.69007163803,-29422.83533906189,30510.92296608695,-0.0024999999999977623,-0.00520000751559169,39.37777932015559,39.81432717102589,9697010.073843691,0.0,9697010.073843691,13384721968.482794,13384721968.482794,0.0
1061,0.0,12715254.816060832,1061.0,1061,14608.225150824559,12590.576431380428,12608.225150824559,2,2,11590.576431380428,17.648719444131455,17.648719444131455,17.648719444131455,1.0,2000.0,13752700.0,400000.0,9972700.0,134797755.98667955,134797.75598667955,32000.0,0.0,381559.69007163803,-26661.231873889614,30934.946609561695,-0.005300000000048095,-0.00520000751559169,39.32697987368008,39.72255369727584,9753232.312937822,0.0,9753232.312937822,13394475200.795732,13394475200.795732,0.0
1062,0.0,12715254.816060832,1062.0,1062,14625.87387026869,12608.225150824559,12625.87387026869,2,2,11608.225150824559,17.648719444131455,17.648719444131455,17.648719444131455,1.0,2000.0,13752700.0,400000.0,9972700.0,134797755.98667955,134797.75598667955,32000.0,0.0,381559.69007163803,-26780.439528843162,31228.601284159246,-0.005300248418087167,-0.005199747266094871,39.23343978826142,39.63078230086956,9756311.079445383,0.0,9756311.079445383,13404231511.875177,13404231511.875177,0.0
1063,0.0,12715254.816060832,1063.0,1063,14643.52258971282,12625.87387026869,12643.52258971282,2,2,11625.87387026869,17.648719444131455,17.648719444131455,17.648719444131455,1.0,2000.0,13752700.0,400000.0,9972700.0,134797755.98667955,134797.75598667955,32000.0,0.0,381559.69007163803,-26899.08007248939,31357.195598928603,-0.005299999999998918,-0.005202275711157357,39.139904507572204,39.5390072949383,9756486.750759346,0.0,9756486.750759346,13413987998.625937,13413987998.625937,0.0
1064,0.0,12715254.816060832,1064.0,1064,14661.17130915695,12643.52258971282,12661.17130915695,2,2,11643.52258971282,17.648719444131455,17.648719444131455,17.648719444131455,1.0,2000.0,13752700.0,400000.0,9972700.0,134797755.98667955,134797.75598667955,32000.0,0.0,381559.69007163803,-27018.078823393735,31442.809916424416,-0.005300000000157438,-0.0052008531583264146,39.04636523451836,39.447233611378635,9755897.558260318,0.0,9755897.558260318,13423743896.184196,13423743896.184196,0.0
1065,0.0,12715254.816060832,1065.0,1065,14678.820028601082,12661.17130915695,12678.820028601082,2,2,11661.17130915695,17.648719444131455,17.648719444131455,17.648719444131455,1.0,2000.0,13752700.0,400000.0,9972700.0,134797755.98667955,134797.75598667955,32000.0,0.0,381559.69007163803,-27137.24357914502,31492.65978410512,-0.005296524590165145,-0.00519902530458687,38.95282536476824,39.355461794143615,9754674.239247458,0.0,9754674.239247458,13433498570.423445,13433498570.423445,0.0
1066,0.0,12715254.816060832,1066.0,1066,14696.468748045212,12678.820028601082,12696.468748045212,2,2,11678.820028601082,17.648719444131455,17.648719444131455,17.648719444131455,1.0,2000.0,13752700.0,400000.0,9972700.0,134797755.98667955,134797.75598667955,32000.0,0.0,381559.69007163803,-27256.03387498364,31488.885446937442,-0.005300386438201492,-0.005196590163932173,38.85928865073249,39.263687576745426,9752511.130425757,0.0,9752511.130425757,13443251081.553871,13443251081.553871,0.0
1067,0.0,12715254.816060832,1067.0,1067,14714.117467489343,12696.468748045212,12714.117467489343,2,2,11696.468748045212,17.648719444131455,17.648719444131455,17.648719444131455,1.0,2000.0,13752700.0,400000.0,9972700.0,134797755.98667955,134797.75598667955,32000.0,0.0,381559.69007163803,-27375.12790245785,31469.66130788986,-0.005300000000000109,-0.005200853158321884,38.7657505953565,39.17191652448611,9750069.991910787,0.0,9750069.991910787,13453001151.545782,13453001151.545782,0.0
1068,0.0,12715254.816060832,1068.0,1068,14731.766186933473,12714.117467489343,12731.766186933473,2,2,11714.117467489343,17.648719444131455,17.648719444131455,17.648719444131455,1.0,2000.0,13752700.0,400000.0,9972700.0,134797755.98667955,134797.75598667955,32000.0,0.0,381559.69007163803,-27493.906145763645,31357.862723817343,-0.005300000000000109,-0.005199786754148446,38.67221238230261,39.08014062924584,9746000.60617407,0.0,9746000.60617407,13462747152.151957,13462747152.151957,0.0
1069,0.0,12715254.816060832,1069.0,1069,14749.414906377604,12731.766186933473,12749.414906377604,2,2,11731.766186933473,17.648719444131455,17.648719444131455,17.648719444131455,1.0,2000.0,13752700.0,400000.0,9972700.0,134797755.98667955,134797.75598667955,32000.0,0.0,381559.69007163803,-27612.968403679624,31141.473138638616,-0.005300000000000109,-0.005200000000046631,38.578674169248714,38.988368947942334,9740080.310708275,0.0,9740080.310708275,13472487232.462666,13472487232.462666,0.0
1070,0.0,12715254.816060832,1070.0,1070,14767.063625821735,12749.414906377604,12767.063625821735,2,2,11749.414906377604,17.648719444131455,17.648719444131455,17.648719444131455,1.0,2000.0,13752700.0,400000.0,9972700.0,134797755.98667955,134797.75598667955,32000.0,0.0,381559.69007163803,-27731.86617339032,30830.988911914472,-0.0052999999999942095,-0.005196590163925725,38.48513701619459,38.89659588612015,9732502.268318838,0.0,9732502.268318838,13482219734.730984,13482219734.730984,0.0
1071,0.0,12715254.816060832,1071.0,1071,14784.712345265865,12767.063625821735,12784.712345265865,2,2,11767.063625821735,17.648719444131455,17.648719444131455,17.648719444131455,1.0,2000.0,13752700.0,400000.0,9972700.0,134797755.98667955,134797.75598667955,32000.0,0.0,381559.69007163803,-27850.93020428951,30374.940898352164,-0.0053008695652117825,-0.0051996898299966655,38.39159619216182,38.8048216201436,9722352.277197195,0.0,9722352.277197195,13491942087.00818,13491942087.00818,0.0
1072,0.0,12715254.816060832,1072.0,1072,14802.361064709996,12784.712345265865,12802.361064709996,2,2,11784.712345265865,17.648719444131455,17.648719444131455,17.648719444131455,1.0,2000.0,13752700.0,400000.0,9972700.0,134797755.98667955,134797.75598667955,32000.0,0.0,381559.69007163803,-29438.7595629449,29802.07968199628,-0.005296524590153498,-0.0037999511096891256,38.29805821063118,38.73484232988394,9684218.85543324,0.0,9684218.85543324,13501626305.863613,13501626305.863613,0.0
1073,0.0,12715254.816060832,1073.0,1073,14820.009784154126,12802.361064709996,12820.009784154126,2,2,11802.361064709996,17.648719444131455,17.648719444131455,17.648719444131455,1.0,2000.0,13752700.0,400000.0,9972700.0,134797755.98667955,134797.75598667955,32000.0,0.0,381559.69007163803,-31222.946453991128,29202.36360803098,-0.005305221674868159,-0.003799987278417994,38.20452133236025,38.66777750788704,9642146.020821718,0.0,9642146.020821718,13511268451.884436,13511268451.884436,0.0
1074,0.0,12715254.816060832,1074.0,1074,14837.658503598257,12820.009784154126,12837.658503598257,2,2,11820.009784154126,17.648719444131455,17.648719444131455,17.648719444131455,1.0,2000.0,13752700.0,400000.0,9972700.0,134797755.98667955,134797.75598667955,32000.0,0.0,381559.69007163803,-33007.249890774016,28599.15884565282,-0.005296524590165145,-0.003799987278417994,38.11098263752414,38.600712598518975,9600009.558444163,0.0,9600009.558444163,13520868461.44288,13520868461.44288,0.0
1075,0.0,12715254.816060832,1075.0,1075,14855.307223042388,12837.658503598257,12855.307223042388,2,2,11837.658503598257,17.648719444131455,17.648719444131455,17.648719444131455,1.0,2000.0,13752700.0,400000.0,9972700.0,134797755.98667955,134797.75598667955,32000.0,0.0,381559.69007163803,-34791.57476293285,28021.382631115674,-0.005305221674868159,-0.003799987278417994,38.01744362465045,38.53364768915091,9558321.499066388,0.0,9558321.499066388,13530426782.941948,13530426782.941948,0.0
1076,0.0,12715254.816060832,1076.0,1076,14872.955942486518,12855.307223042388,12872.955942486518,2,2,11855.307223042388,17.648719444131455,17.648719444131455,17.648719444131455,1.0,2000.0,13752700.0,400000.0,9972700.0,134797755.98667955,134797.75598667955,32000.0,0.0,381559.69007163803,-36575.82148127674,27442.797628466687,-0.005299006560444438,-0.0038000461753414003,37.92390527436283,38.46658228279747,9516620.54492889,0.0,9516620.54492889,13539943403.486877,13539943403.486877,0.0
1077,0.0,12715254.816060832,1077.0,1077,14890.604661930649,12872.955942486518,12890.604661930649,2,2,11872.955942486518,17.648719444131455,17.648719444131455,17.648719444131455,1.0,2000.0,13752700.0,400000.0,9972700.0,134797755.98667955,134797.75598667955,32000.0,0.0,381559.69007163803,-37997.617259174694,26936.034502646944,-0.004800165774472816,-0.0038000461753414003,37.83574408152016,38.39951633397412,9482583.949905695,0.0,9482583.949905695,13549425987.436783,13549425987.436783,0.0
1078,0.0,12715254.816060832,1078.0,1078,14908.25338137478,12890.604661930649,12908.25338137478,2,2,11890.604661930649,17.648719444131455,17.648719444131455,17.648719444131455,1.0,2000.0,13752700.0,400000.0,9972700.0,134797755.98667955,134797.75598667955,32000.0,0.0,381559.69007163803,-40182.29139764566,26518.56582330489,-0.004800000000030882,-0.0020999829883774517,37.751028422729014,38.347214777665315,9436659.46136055,0.0,9436659.46136055,13558862646.898144,13558862646.898144,0.0
1079,0.0,12715254.816060832,1079.0,1079,14925.90210081891,12908.25338137478,12925.90210081891,2,2,11908.25338137478,17.648719444131455,17.648719444131455,17.648719444131455,1.0,2000.0,13752700.0,400000.0,9972700.0,134797755.98667955,134797.75598667955,32000.0,0.0,381559.69007163803,-43393.97024789808,26204.280285849483,-0.004799999999997613,-0.002099999999998329,37.66631456939706,38.31015273910941,9374430.705111897,0.0,9374430.705111897,13568237077.603256,13568237077.603256,0.0
1080,0.0,12715254.816060832,1080.0,1080,14943.55082026304,12925.90210081891,12943.55082026304,2,2,11925.90210081891,17.648719444131455,17.648719444131455,17.648719444131455,1.0,2000.0,13752700.0,400000.0,9972700.0,134797755.98667955,134797.75598667955,32000.0,0.0,381559.69007163803,-46605.35656353604,25962.476505450188,-0.004799337016571103,-0.0021005907172986036,37.581603590828294,38.27308923496827,9313486.32191968,0.0,9313486.32191968,13577550563.925177,13577550563.925177,0.0
1081,0.0,12715254.816060832,1081.0,1081,14961.199539707171,12943.55082026304,12961.199539707171,2,2,11943.55082026304,17.648719444131455,17.648719444131455,17.648719444131455,1.0,2000.0,13752700.0,400000.0,9972700.0,134797755.98667955,134797.75598667955,32000.0,0.0,381559.69007163803,-49817.230244995786,25802.999384225346,-0.004800108609591352,-0.002098622950821303,37.49688617156165,38.23602652119653,9253986.297455354,0.0,9253986.297455354,13586804550.222631,13586804550.222631,0.0
1082,0.0,12715254.816060832,1082.0,1082,14978.848259151302,12961.199539707171,12978.848259151302,2,2,11961.199539707171,17.648719444131455,17.648719444131455,17.648719444131455,1.0,2000.0,13752700.0,400000.0,9972700.0,134797755.98667955,134797.75598667955,32000.0,0.0,381559.69007163803,-53028.80764256623,25704.08637247367,-0.004799878864348848,-0.0020999999999964493,37.412173887458174,38.19896454661138,9195560.38099874,0.0,9195560.38099874,13596000110.60363,13596000110.60363,0.0
1083,0.0,12715254.816060832,1083.0,1083,14996.496978595433,12978.848259151302,12996.496978595433,2,2,11978.848259151302,17.648719444131455,17.648719444131455,17.648719444131455,1.0,2000.0,13752700.0,400000.0,9972700.0,134797755.98667955,134797.75598667955,32000.0,0.0,381559.69007163803,-56240.567921689915,25631.4449083253,-0.00480004256262509,-0.0020999999999989556,37.32745939368589,38.16190307577875,9137594.896089915,0.0,9137594.896089915,13605137705.49972,13605137705.49972,0.0
1084,0.0,12715254.816060832,1084.0,1084,15014.145698039563,12996.496978595433,13014.145698039563,2,2,11996.496978595433,17.648719444131455,17.648719444131455,17.648719444131455,1.0,2000.0,13752700.0,400000.0,9972700.0,134797755.98667955,134797.75598667955,32000.0,0.0,381559.69007163803,-59452.27968880377,25568.365451124697,-0.00480004256262509,-0.0021000903614437415,37.24274478917824,38.12484077443602,9079799.024533885,0.0,9079799.024533885,13614217504.524254,13614217504.524254,0.0
1085,0.0,12715254.816060832,1085.0,1085,15031.794417483694,13014.145698039563,13031.794417483694,2,2,12014.145698039563,17.648719444131455,17.648719444131455,17.648719444131455,1.0,2000.0,13752700.0,400000.0,9972700.0,134797755.98667955,134797.75598667955,32000.0,0.0,381559.69007163803,-63173.34187296379,25525.609859626456,-0.0047999261822333885,0.0,37.15803101791905,38.09533655999657,9013372.460572457,0.0,9013372.460572457,13623230876.984827,13623230876.984827,0.0
1086,0.0,12715254.816060832,1086.0,1086,15049.443136927825,13031.794417483694,13049.443136927825,2,2,12031.794417483694,17.648719444131455,17.648719444131455,17.648719444131455,1.0,2000.0,13752700.0,400000.0,9972700.0,134797755.98667955,134797.75598667955,32000.0,0.0,381559.69007163803,-68882.87273150096,25475.382992808438,-0.0047999261822333885,0.0,37.073318467376275,38.09533655999657,8911720.112411495,0.0,8911720.112411495,13632142597.097239,13632142597.097239,0.0
1087,0.0,12715254.816060832,1087.0,1087,15067.091856371955,13049.443136927825,13067.091856371955,2,2,12049.443136927825,17.648719444131455,17.648719444131455,17.648719444131455,1.0,2000.0,13752700.0,400000.0,9972700.0,134797755.98667955,134797.75598667955,32000.0,0.0,381559.69007163803,-74592.37504882211,25424.063608083536,-0.004799803157719199,0.0,36.98860634030073,38.09533655999657,8810048.98642442,0.0,8810048.98642442,13640952646.083662,13640952646.083662,0.0
1088,0.0,12715254.816060832,1088.0,1088,15084.740575816086,13067.091856371955,13084.740575816086,2,2,12067.091856371955,17.648719444131455,17.648719444131455,17.648719444131455,1.0,2000.0,13752700.0,400000.0,9972700.0,134797755.98667955,134797.75598667955,32000.0,0.0,381559.69007163803,-80301.97467761753,25290.74414784027,-0.0047999999999957035,0.0,36.903892769410724,38.09533655999657,8706928.946687216,0.0,8706928.946687216,13649659575.03035,13649659575.03035,0.0
1089,0.0,12715254.816060832,1089.0,1089,15102.389295260216,13084.740575816086,13102.389295260216,2,2,12084.740575816086,17.648719444131455,17.648719444131455,17.648719444131455,1.0,2000.0,13752700.0,400000.0,9972700.0,134797755.98667955,134797.75598667955,32000.0,0.0,381559.69007163803,-86011.61110151306,25093.209159532205,-0.004800787530763293,0.0,36.81917865259027,38.09533655999657,8602674.935724841,0.0,8602674.935724841,13658262249.966074,13658262249.966074,0.0
1090,0.0,12715254.816060832,1090.0,1090,15120.038014704347,13102.389295260216,13120.038014704347,2,2,12102.389295260216,17.648719444131455,17.648719444131455,17.648719444131455,1.0,2000.0,13752700.0,400000.0,9972700.0,134797755.98667955,134797.75598667955,32000.0,0.0,381559.69007163803,-91721.38463785514,24947.564169378744,-0.00480210065645145,0.0,36.73446250142665,38.09533655999657,8499334.296922753,0.0,8499334.296922753,13666761584.262997,13666761584.262997,0.0
1091,0.0,12715254.816060832,1091.0,1091,15137.686734148478,13120.038014704347,13137.686734148478,2,2,12120.038014704347,17.648719444131455,17.648719444131455,17.648719444131455,1.0,2000.0,13752700.0,400000.0,9972700.0,134797755.98667955,134797.75598667955,32000.0,0.0,381559.69007163803,-98759.88611126636,24955.781392024153,-0.005996065573777435,0.0,36.63003195772966,38.09533655999657,8375258.782568491,0.0,8375258.782568491,13675136843.045565,13675136843.045565,0.0
1092,0.0,12715254.816060832,1092.0,1092,15155.335453592608,13137.686734148478,13155.335453592608,2,2,12137.686734148478,17.648719444131455,17.648719444131455,17.648719444131455,1.0,2000.0,13752700.0,400000.0,9972700.0,134797755.98667955,134797.75598667955,32000.0,0.0,381559.69007163803,-105896.9017563797,24938.970200193075,-0.005999999999997016,0.0,36.52413975510548,38.09533655999657,8249002.89977136,0.0,8249002.89977136,13683385845.945335,13683385845.945335,0.0
1093,0.0,12715254.816060832,1093.0,1093,15172.984173036739,13155.335453592608,13172.984173036739,2,2,12155.335453592608,17.648719444131455,17.648719444131455,17.648719444131455,1.0,2000.0,13752700.0,400000.0,9972700.0,134797755.98667955,134797.75598667955,32000.0,0.0,381559.69007163803,-113035.20579302007,24920.743138245816,-0.00600043747721263,0.0019999999999970345,36.418247343747,38.09535546718178,8122699.290219185,0.0,8122699.290219185,13691508545.235554,13691508545.235554,0.0
1094,0.0,12715254.816060832,1094.0,1094,15190.63289248087,13172.984173036739,13190.63289248087,2,2,12172.984173036739,17.648719444131455,17.648719444131455,17.648719444131455,1.0,2000.0,13752700.0,400000.0,9972700.0,134797755.98667955,134797.75598667955,32000.0,0.0,381559.69007163803,-122551.07989700895,24911.003011807625,-0.005999536858349821,0.0020001280409716916,36.31235669051671,38.130652240023025,7954584.397133351,0.0,7954584.397133351,13699463129.632687,13699463129.632687,0.0
1095,0.0,12715254.816060832,1095.0,1095,15208.281611925,13190.63289248087,13208.281611925,2,2,12190.63289248087,17.648719444131455,17.648719444131455,17.648719444131455,1.0,2000.0,13752700.0,400000.0,9972700.0,134797755.98667955,134797.75598667955,32000.0,0.0,381559.69007163803,-132067.1364926947,24909.431833122642,-0.0059960655737684955,0.0019998456194510995,36.206464622393014,38.16595030560788,7786610.454769809,0.0,7786610.454769809,13707249740.087456,13707249740.087456,0.0
1096,0.0,12715254.816060832,1096.0,1096,15225.93033136913,13208.281611925,13225.93033136913,2,2,12208.281611925,17.648719444131455,17.648719444131455,17.648719444131455,1.0,2000.0,13752700.0,400000.0,9972700.0,134797755.98667955,134797.75598667955,32000.0,0.0,381559.69007163803,-141583.10640359306,24909.431833122642,-0.006000694846548927,0.001999781301256081,36.100571670649785,38.201246201427345,7618665.771573567,0.0,7618665.771573567,13714868405.85903,13714868405.85903,0.0
1097,0.0,12715254.816060832,1097.0,1097,15243.579050813261,13225.93033136913,13243.579050813261,2,2,12225.93033136913,17.648719444131455,17.648719444131455,17.648719444131455,1.0,2000.0,13752700.0,400000.0,9972700.0,134797755.98667955,134797.75598667955,32000.0,0.0,381559.69007163803,-151099.1883538354,24909.431833122642,-0.0059999999999946286,0.002000093742674398,35.99467937178145,38.23654441245419,7450719.111026377,0.0,7450719.111026377,13722319124.970057,13722319124.970057,0.0
1098,0.0,12715254.816060832,1098.0,1098,15261.227770257392,13243.579050813261,13261.227770257392,2,2,12243.579050813261,17.648719444131455,17.648719444131455,17.648719444131455,1.0,2000.0,13752700.0,400000.0,9972700.0,134797755.98667955,134797.75598667955,32000.0,0.0,381559.69007163803,-160615.33332738292,24909.431833122642,-0.005999965565726307,0.0020008752735217613,35.88878472044032,38.27184120608767,7282771.338198555,0.0,7282771.338198555,13729601896.308254,13729601896.308254,0.0
1099,0.0,12715254.816060832,1099.0,1099,15278.876489701523,13261.227770257392,13278.876489701523,2,2,12261.227770257392,17.648719444131455,17.648719444131455,17.648719444131455,1.0,2000.0,13752700.0,400000.0,9972700.0,134797755.98667955,134797.75598667955,32000.0,0.0,381559.69007163803,-170131.40273441703,24909.431833122642,-0.005999965565726307,0.001999625117148028,35.78289301149638,38.30713982093479,7114824.899022928,0.0,7114824.899022928,13736716721.207277,13736716721.207277,0.0
1100,0.0,12715254.816060832,1100.0,1100,15296.525209145653,13278.876489701523,13296.525209145653,2,2,12278.876489701523,17.648719444131455,17.648719444131455,17.648719444131455,1.0,2000.0,13752700.0,400000.0,9972700.0,134797755.98667955,134797.75598667955,32000.0,0.0,381559.69007163803,-179647.33926023936,24909.431833122642,-0.005999965565726307,0.0019998456194510995,35.677001302552426,38.342436464217755,6946880.805030526,0.0,6946880.805030526,13743663602.012308,13743663602.012308,0.0
1101,0.0,12715254.816060832,1101.0,1101,15314.173928589784,13296.525209145653,13314.173928589784,2,2,12296.525209145653,17.648719444131455,17.648719444131455,17.648719444131455,1.0,2000.0,13752700.0,400000.0,9972700.0,134797755.98667955,134797.75598667955,32000.0,0.0,381559.69007163803,-189163.29583340688,24909.431833122642,-0.005999965565726307,0.0020000019764115444,35.571109593608476,38.377733404944024,6778936.357228154,0.0,6778936.357228154,13750442538.369535,13750442538.369535,0.0
1102,0.0,12715254.816060832,1102.0,1102,15331.822648033914,13314.173928589784,13331.822648033914,2,2,12314.173928589784,17.648719444131455,17.648719444131455,17.648719444131455,1.0,2000.0,13752700.0,400000.0,9972700.0,134797755.98667955,134797.75598667955,32000.0,0.0,381559.69007163803,-198679.28833308216,24909.431833122642,-0.005999965565726307,0.0020000019764115444,35.46521788466453,38.413030878713414,6610991.275368926,0.0,6610991.275368926,13757053529.644905,13757053529.644905,0.0
1103,0.0,12715254.816060832,1103.0,1103,15349.471367478045,13331.822648033914,13349.471367478045,2,2,12331.822648033914,17.648719444131455,17.648719444131455,17.648719444131455,1.0,2000.0,13752700.0,400000.0,9972700.0,134797755.98667955,134797.75598667955,32000.0,0.0,381559.69007163803,-208195.28083275844,24909.431833122642,-0.005999965565726307,0.0020000019764115444,35.35932617572058,38.44832835248281,6443046.19350968,0.0,6443046.19350968,13763496575.838415,13763496575.838415,0.0
1104,0.0,12715254.816060832,1104.0,1104,15367.120086922176,13349.471367478045,13367.120086922176,2,2,12349.471367478045,17.648719444131455,17.648719444131455,17.648719444131455,1.0,2000.0,13752700.0,400000.0,9972700.0,134797755.98667955,134797.75598667955,32000.0,0.0,381559.69007163803,-217711.52349338314,24909.431833122642,-0.00600000000000217,0.0020000019764115444,35.253430755128065,38.4836258262522,6275096.696630039,0.0,6275096.696630039,13769771672.535046,13769771672.535046,0.0
1105,0.0,12715254.816060832,1105.0,1105,15384.768806366306,13367.120086922176,13384.768806366306,2,2,12367.120086922176,17.648719444131455,17.648719444131455,17.648719444131455,1.0,2000.0,13752700.0,400000.0,9972700.0,134797755.98667955,134797.75598667955,32000.0,0.0,381559.69007163803,-227227.55695276425,24909.431833122642,-0.00600000000000217,0.0020000019764115444,35.14753843846324,38.5189233000216,6107150.8918844545,0.0,6107150.8918844545,13775878823.42693,13775878823.42693,0.0
1106,0.0,12715254.816060832,1106.0,1106,15402.417525810437,13384.768806366306,13402.417525810437,2,2,12384.768806366306,17.648719444131455,17.648719444131455,17.648719444131455,1.0,2000.0,13752700.0,400000.0,9972700.0,134797755.98667955,134797.75598667955,32000.0,0.0,381559.69007163803,-236743.59041214533,24909.431833122642,-0.00600000000000217,0.0020000019764115444,35.04164612179842,38.554220773790995,5939205.08713887,0.0,5939205.08713887,13781818028.514069,13781818028.514069,0.0
1107,0.0,12715254.816060832,1107.0,1107,15420.066245254568,13402.417525810437,13420.066245254568,2,2,12402.417525810437,17.648719444131455,17.648719444131455,17.648719444131455,1.0,2000.0,13752700.0,400000.0,9972700.0,134797755.98667955,134797.75598667955,32000.0,0.0,381559.69007163803,-246259.62387152595,24909.431833122642,-0.00600000000000217,0.0020000019764115444,34.9357538051336,38.589518247560385,5771259.282393293,0.0,5771259.282393293,13787589287.796461,13787589287.796461,0.0
1108,0.0,12715254.816060832,1108.0,1108,15437.714964698698,13420.066245254568,13437.714964698698,2,2,12420.066245254568,17.648719444131455,17.648719444131455,17.648719444131455,1.0,2000.0,13752700.0,400000.0,9972700.0,134797755.98667955,134797.75598667955,32000.0,0.0,381559.69007163803,-255775.64174871665,24909.795417588208,-0.005999855526128572,0.0020000019764115444,34.8298617196624,38.62481572132978,5603320.169453643,0.0,5603320.169453643,13793192607.965916,13793192607.965916,0.0
1109,0.0,12715254.816060832,1109.0,1109,15455.363684142829,13437.714964698698,13455.363684142829,2,2,12437.714964698698,17.648719444131455,17.648719444131455,17.648719444131455,1.0,2000.0,13752700.0,400000.0,9972700.0,134797755.98667955,134797.75598667955,32000.0,0.0,381559.69007163803,-265291.5033558628,24913.80530307816,-0.005999855526128572,0.0020000019764115444,34.72397195277644,38.66011319509917,5435448.167023954,0.0,5435448.167023954,13798628056.13294,13798628056.13294,0.0
1110,0.0,12715254.816060832,1110.0,1110,15473.01240358696,13455.363684142829,13473.01240358696,2,2,12455.363684142829,17.648719444131455,17.648719444131455,17.648719444131455,1.0,2000.0,13752700.0,400000.0,9972700.0,134797755.98667955,134797.75598667955,32000.0,0.0,381559.69007163803,-274807.42573064833,24916.980507457876,-0.006000100950612948,0.0020000019764115444,34.61808128427845,38.69541066886857,5267560.361070506,0.0,5267560.361070506,13803895616.49401,13803895616.49401,0.0
1111,0.0,12715254.816060832,1111.0,1111,15490.66112303109,13473.01240358696,13490.66112303109,2,2,12473.01240358696,17.648719444131455,17.648719444131455,17.648719444131455,1.0,2000.0,13752700.0,400000.0,9972700.0,134797755.98667955,134797.75598667955,32000.0,0.0,381559.69007163803,-284323.57927117374,24916.980507457876,-0.006000100950612948,0.0020000019764115444,34.51218718596462,38.730708142637965,5099612.437046495,0.0,5099612.437046495,13808995228.931057,13808995228.931057,0.0
1112,0.0,12715254.816060832,1112.0,1112,15508.30984247522,13490.66112303109,13508.30984247522,2,2,12490.66112303109,17.648719444131455,17.648719444131455,17.648719444131455,1.0,2000.0,13752700.0,400000.0,9972700.0,134797755.98667955,134797.75598667955,32000.0,0.0,381559.69007163803,-293839.74616223766,24919.834665372662,-0.006000135761958443,0.0019986885245904013,34.40629400692712,38.7660067337662,4931714.649634863,0.0,4931714.649634863,13813926943.580692,13813926943.580692,0.0
1113,0.0,12715254.816060832,1113.0,1113,15525.958561919351,13508.30984247522,13525.958561919351,2,2,12508.30984247522,17.648719444131455,17.648719444131455,17.648719444131455,1.0,2000.0,13752700.0,400000.0,9972700.0,134797755.98667955,134797.75598667955,32000.0,0.0,381559.69007163803,-303355.7648959319,24921.642644107273,-0.006000238616021287,0.001999781301256081,34.30040174061687,38.80130403940453,4763801.013288243,0.0,4763801.013288243,13818690744.59398,13818690744.59398,0.0
1114,0.0,12715254.816060832,1114.0,1114,15543.607281363482,13525.958561919351,13543.607281363482,2,2,12525.958561919351,17.648719444131455,17.648719444131455,17.648719444131455,1.0,2000.0,13752700.0,400000.0,9972700.0,134797755.98667955,134797.75598667955,32000.0,0.0,381559.69007163803,-312871.69115956896,24924.529181793227,-0.005996065573759556,0.0019999179823691022,34.19451078544504,38.83660128419913,4595908.044104055,0.0,4595908.044104055,13823286652.638084,13823286652.638084,0.0
1115,0.0,12715254.816060832,1115.0,1115,15561.256000807613,13543.607281363482,13561.256000807613,2,2,12543.607281363482,17.648719444131455,17.648719444131455,17.648719444131455,1.0,2000.0,13752700.0,400000.0,9972700.0,134797755.98667955,134797.75598667955,32000.0,0.0,381559.69007163803,-322387.7069345131,24927.280363724472,-0.005999826313498341,0.0019999999999994796,34.088619095919874,38.87189912272345,4428011.10630418,0.0,4428011.10630418,13827714663.744389,13827714663.744389,0.0
1116,0.0,12715254.816060832,1116.0,1116,15578.904720251743,13561.256000807613,13578.904720251743,2,2,12561.256000807613,17.648719444131455,17.648719444131455,17.648719444131455,1.0,2000.0,13752700.0,400000.0,9972700.0,134797755.98667955,134797.75598667955,32000.0,0.0,381559.69007163803,-331903.8328489848,24928.413371557894,-0.005999961019971841,0.0019999999999994796,33.98272537261382,38.9071965616117,4260083.66598202,0.0,4260083.66598202,13831974747.41037,13831974747.41037,0.0
1117,0.0,12715254.816060832,1117.0,1117,15596.553439695874,13578.904720251743,13596.553439695874,2,2,12578.904720251743,17.648719444131455,17.648719444131455,17.648719444131455,1.0,2000.0,13752700.0,400000.0,9972700.0,134797755.98667955,134797.75598667955,32000.0,0.0,381559.69007163803,-341419.8175905181,24932.740947829454,-0.005999961019971841,0.0019999999999994796,33.87683374389662,38.94249400049995,4092215.0972235533,0.0,4092215.0972235533,13836066962.507593,13836066962.507593,0.0
1118,0.0,12715254.816060832,1118.0,1118,15614.202159140004,13596.553439695874,13614.202159140004,2,2,12596.553439695874,17.648719444131455,17.648719444131455,17.648719444131455,1.0,2000.0,13752700.0,400000.0,9972700.0,134797755.98667955,134797.75598667955,32000.0,0.0,381559.69007163803,-350935.81046171946,24935.852193296134,-0.005999978833365165,0.0019999999999994796,33.770941994559195,38.977791439388206,3924324.9183057286,0.0,3924324.9183057286,13839991287.4259,13839991287.4259,0.0
1119,0.0,12715254.816060832,1119.0,1119,15631.850878584135,13614.202159140004,13631.850878584135,2,2,12614.202159140004,17.648719444131455,17.648719444131455,17.648719444131455,1.0,2000.0,13752700.0,400000.0,9972700.0,134797755.98667955,134797.75598667955,32000.0,0.0,381559.69007163803,-360451.81639235356,24935.852193296134,-0.005999978833365165,0.0019999999999994796,33.66505005145841,39.013088878276456,3756379.5994072766,0.0,3756379.5994072766,13843747667.025307,13843747667.025307,0.0
1120,0.0,12715254.816060832,1120.0,1120,15649.499598028266,13631.850878584135,13649.499598028266,2,2,12631.850878584135,17.648719444131455,17.648719444131455,17.648719444131455,1.0,2000.0,13752700.0,400000.0,9972700.0,134797755.98667955,134797.75598667955,32000.0,0.0,381559.69007163803,-369967.8223229877,24935.852193296134,-0.005999978833365165,0.0019999999999994796,33.55915810835762,39.048386317164706,3588434.280508823,0.0,3588434.280508823,13847336101.305815,13847336101.305815,0.0
1121,0.0,12715254.816060832,1121.0,1121,15667.148317472396,13649.499598028266,13667.148317472396,2,2,12649.499598028266,17.648719444131455,17.648719444131455,17.648719444131455,1.0,2000.0,13752700.0,400000.0,9972700.0,134797755.98667955,134797.75598667955,32000.0,0.0,381559.69007163803,-379483.82825362135,24935.852193296134,-0.005999978833365165,0.0019999999999994796,33.45326616525684,39.083683756052956,3420488.961610379,0.0,3420488.961610379,13850756590.267426,13850756590.267426,0.0
1122,0.0,12715254.816060832,1122.0,1122,15684.797036916527,13667.148317472396,13684.797036916527,2,2,12667.148317472396,17.648719444131455,17.648719444131455,17.648719444131455,1.0,2000.0,13752700.0,400000.0,9972700.0,134797755.98667955,134797.75598667955,32000.0,0.0,381559.69007163803,-388999.92424977524,24935.852193296134,-0.006001687763708393,0.0019999999999994796,33.34737288585014,39.11898119494121,3252542.0531708365,0.0,3252542.0531708365,13854009132.320597,13854009132.320597,0.0
1123,0.0,12715254.816060832,1123.0,1123,15702.445756360657,13684.797036916527,13702.445756360657,2,2,12684.797036916527,17.648719444131455,17.648719444131455,17.648719444131455,1.0,2000.0,13752700.0,400000.0,9972700.0,134797755.98667955,134797.75598667955,32000.0,0.0,381559.69007163803,-398516.0663626242,24934.113734031034,-0.006000115796579145,0.0019999179823708643,33.24147836948825,39.15427808110963,3084563.649250847,0.0,3084563.649250847,13857093695.969847,13857093695.969847,0.0
1124,0.0,12715254.816060832,1124.0,1124,15720.094475804788,13702.445756360657,13720.094475804788,2,2,12702.445756360657,17.648719444131455,17.648719444131455,17.648719444131455,1.0,2000.0,13752700.0,400000.0,9972700.0,134797755.98667955,134797.75598667955,32000.0,0.0,381559.69007163803,-408032.10436134797,24932.077856128457,-0.00600043747720865,0.0020002019182210175,33.13558619634683,39.18957576575285,2916581.833753751,0.0,2916581.833753751,13860010277.8036,13860010277.8036,0.0
1125,0.0,12715254.816060832,1125.0,1125,15737.743195248919,13720.094475804788,13737.743195248919,2,2,12720.094475804788,17.648719444131455,17.648719444131455,17.648719444131455,1.0,2000.0,13752700.0,400000.0,9972700.0,134797755.98667955,134797.75598667955,32000.0,0.0,381559.69007163803,-417547.95878980606,24932.077856128457,-0.006000128383433223,0.0019986885245906728,33.02969564284091,39.224872346391784,2748639.1886746986,0.0,2748639.1886746986,13862758916.992275,13862758916.992275,0.0
1126,0.0,12715254.816060832,1126.0,1126,15755.39191469305,13737.743195248919,13755.39191469305,2,2,12737.743195248919,17.648719444131455,17.648719444131455,17.648719444131455,1.0,2000.0,13752700.0,400000.0,9972700.0,134797755.98667955,134797.75598667955,32000.0,0.0,381559.69007163803,-426701.93933640094,24888.800134006215,-0.006000128383433223,0.0,32.92380106037293,39.25479575999637,2586319.357834892,0.0,2586319.357834892,13865345236.350111,13865345236.350111,0.0
1127,0.0,12715254.816060832,1127.0,1127,15773.04063413718,13755.39191469305,13773.04063413718,2,2,12755.39191469305,17.648719444131455,17.648719444131455,17.648719444131455,1.0,2000.0,13752700.0,400000.0,9972700.0,134797755.98667955,134797.75598667955,32000.0,0.0,381559.69007163803,-432691.09310436045,24728.10811112459,-0.00379999370344916,0.0,32.834939732910605,39.25479575999637,2477782.454847664,0.0,2477782.454847664,13867823018.804958,13867823018.804958,0.0
1128,0.0,12715254.816060832,1128.0,1128,15790.68935358131,13773.04063413718,13790.68935358131,2,2,12773.04063413718,17.648719444131455,17.648719444131455,17.648719444131455,1.0,2000.0,13752700.0,400000.0,9972700.0,134797755.98667955,134797.75598667955,32000.0,0.0,381559.69007163803,-437211.20039109275,24426.610759602365,-0.00379999370344916,0.0,32.767874710148966,39.25479575999637,2392687.307316587,0.0,2392687.307316587,13870215706.112274,13870215706.112274,0.0
1129,0.0,12715254.816060832,1129.0,1129,15808.338073025441,13790.68935358131,13808.338073025441,2,2,12790.68935358131,17.648719444131455,17.648719444131455,17.648719444131455,1.0,2000.0,13752700.0,400000.0,9972700.0,134797755.98667955,134797.75598667955,32000.0,0.0,381559.69007163803,-441731.3076778245,23961.15034426221,-0.00379999370344916,0.0,32.700809687387334,39.25479575999637,2304698.421672996,0.0,2304698.421672996,13872520404.533947,13872520404.533947,0.0
1130,0.0,12715254.816060832,1130.0,1130,15825.986792469572,13808.338073025441,13825.986792469572,2,2,12808.338073025441,17.648719444131455,17.648719444131455,17.648719444131455,1.0,2000.0,13752700.0,400000.0,9972700.0,134797755.98667955,134797.75598667955,32000.0,0.0,381559.69007163803,-445042.39974022727,23362.624275750604,-0.00379999370344916,-0.0020000222432276947,32.633744664625695,39.23685755003909,2235698.668146799,0.0,2235698.668146799,13874756103.202093,13874756103.202093,0.0
1131,0.0,12715254.816060832,1131.0,1131,15843.635511913702,13825.986792469572,13843.635511913702,2,2,12825.986792469572,17.648719444131455,17.648719444131455,17.648719444131455,1.0,2000.0,13752700.0,400000.0,9972700.0,134797755.98667955,134797.75598667955,32000.0,0.0,381559.69007163803,-447183.47659752483,22749.57966811672,-0.00379999370344916,-0.002000000000000688,32.566679641864056,39.20155977505729,2187091.951097164,0.0,2187091.951097164,13876943195.15319,13876943195.15319,0.0
1132,0.0,12715254.816060832,1132.0,1132,15861.284231357833,13843.635511913702,13861.284231357833,2,2,12843.635511913702,17.648719444131455,17.648719444131455,17.648719444131455,1.0,2000.0,13752700.0,400000.0,9972700.0,134797755.98667955,134797.75598667955,32000.0,0.0,381559.69007163803,-449324.5761071491,22112.358172096378,-0.00379999370344916,-0.002000000000000688,32.49961461910242,39.16626233616902,2138058.143142804,0.0,2138058.143142804,13879081253.296333,13879081253.296333,0.0
1133,0.0,12715254.816060832,1133.0,1133,15878.932950801964,13861.284231357833,13878.932950801964,2,2,12861.284231357833,17.648719444131455,17.648719444131455,17.648719444131455,1.0,2000.0,13752700.0,400000.0,9972700.0,134797755.98667955,134797.75598667955,32000.0,0.0,381559.69007163803,-451465.67561677244,21475.13667607604,-0.00379999370344916,-0.002000000000000688,32.432549596340785,39.13096489728074,2089024.3351884624,0.0,2089024.3351884624,13881170277.631521,13881170277.631521,0.0
1134,0.0,12715254.816060832,1134.0,1134,15896.581670246094,13878.932950801964,13896.581670246094,2,2,12878.932950801964,17.648719444131455,17.648719444131455,17.648719444131455,1.0,2000.0,13752700.0,400000.0,9972700.0,134797755.98667955,134797.75598667955,32000.0,0.0,381559.69007163803,-453606.77512639674,20837.9151800557,-0.00379999370344916,-0.002000000000000688,32.365484573579145,39.09566745839247,2039990.527234103,0.0,2039990.527234103,13883210268.158756,13883210268.158756,0.0
1135,0.0,12715254.816060832,1135.0,1135,15914.230389690225,13896.581670246094,13914.230389690225,2,2,12896.581670246094,17.648719444131455,17.648719444131455,17.648719444131455,1.0,2000.0,13752700.0,400000.0,9972700.0,134797755.98667955,134797.75598667955,32000.0,0.0,381559.69007163803,-455747.8746360211,20200.693684035363,-0.00379999370344916,-0.002000000000000688,32.298419550817506,39.0603700195042,1990956.7192797426,0.0,1990956.7192797426,13885201224.878036,13885201224.878036,0.0
1136,0.0,12715254.816060832,1136.0,1136,15931.879109134356,13914.230389690225,13931.879109134356,2,2,12914.230389690225,17.648719444131455,17.648719444131455,17.648719444131455,1.0,2000.0,13752700.0,400000.0,9972700.0,134797755.98667955,134797.75598667955,32000.0,0.0,381559.69007163803,-457888.930156215,19561.863855980362,-0.00379999370344916,-0.002000093742675251,32.231354528055874,39.025071927942896,1941895.3026816465,0.0,1941895.3026816465,13887143120.180717,13887143120.180717,0.0
1137,0.0,12715254.816060832,1137.0,1137,15949.527828578486,13931.879109134356,13949.527828578486,2,2,12931.879109134356,17.648719444131455,17.648719444131455,17.648719444131455,1.0,2000.0,13752700.0,400000.0,9972700.0,134797755.98667955,134797.75598667955,32000.0,0.0,381559.69007163803,-460030.04146589234,19026.06247454981,-0.00379999370344916,-0.002000145825736217,32.164289505294235,38.98977466413251,1894651.221619848,0.0,1894651.221619848,13889037771.402338,13889037771.402338,0.0
1138,0.0,12715254.816060832,1138.0,1138,15967.176548022617,13949.527828578486,13967.176548022617,2,2,12949.527828578486,17.648719444131455,17.648719444131455,17.648719444131455,1.0,2000.0,13752700.0,400000.0,9972700.0,134797755.98667955,134797.75598667955,32000.0,0.0,381559.69007163803,-462171.2159854962,18603.914826279644,-0.00379999370344916,-0.002000328137812625,32.097224482532596,38.954478338170475,1849411.8678341168,0.0,1849411.8678341168,13890887183.270172,13890887183.270172,0.0
1139,0.0,12715254.816060832,1139.0,1139,15984.825267466747,13967.176548022617,13984.825267466747,2,2,12967.176548022617,17.648719444131455,17.648719444131455,17.648719444131455,1.0,2000.0,13752700.0,400000.0,9972700.0,134797755.98667955,134797.75598667955,32000.0,0.0,381559.69007163803,-464312.2811581488,18269.094396536668,-0.00379999370344916,-0.0020002316155167663,32.030159459770964,38.91918038982311,1805715.657461673,0.0,1805715.657461673,13892692898.927633,13892692898.927633,0.0
1140,0.0,12715254.816060832,1140.0,1140,16002.473986910878,13984.825267466747,14002.473986910878,2,2,12984.825267466747,17.648719444131455,17.648719444131455,17.648719444131455,1.0,2000.0,13752700.0,400000.0,9972700.0,134797755.98667955,134797.75598667955,32000.0,0.0,381559.69007163803,-466453.3585899395,18044.530730229795,-0.00379999370344916,-0.0019998807038467716,31.963094437009325,38.88388262336509,1763965.1214158419,0.0,1763965.1214158419,13894456864.04905,13894456864.04905,0.0
1141,0.0,12715254.816060832,1141.0,1141,16020.122706355009,14002.473986910878,14020.122706355009,2,2,13002.473986910878,17.648719444131455,17.648719444131455,17.648719444131455,1.0,2000.0,13752700.0,400000.0,9972700.0,134797755.98667955,134797.75598667955,32000.0,0.0,381559.69007163803,-466242.43433979305,17896.781651279405,-0.0011999963119479352,-0.0019995079950804236,31.930926545204738,38.84858523955075,1765080.0822881158,0.0,1765080.0822881158,13896221944.131338,13896221944.131338,0.0
1142,0.0,12715254.816060832,1142.0,1142,16037.77142579914,14020.122706355009,14037.77142579914,2,2,13020.122706355009,17.648719444131455,17.648719444131455,17.648719444131455,1.0,2000.0,13752700.0,400000.0,9972700.0,134797755.98667955,134797.75598667955,32000.0,0.0,381559.69007163803,-466821.6413372371,17844.42130477212,-0.0011999963119479352,0.0,31.909748146961178,38.836000559996414,1753933.7274246432,0.0,1753933.7274246432,13897975877.858763,13897975877.858763,0.0
1143,0.0,12715254.816060832,1143.0,1143,16055.42014524327,14037.77142579914,14055.42014524327,2,2,13037.77142579914,17.648719444131455,17.648719444131455,17.648719444131455,1.0,2000.0,13752700.0,400000.0,9972700.0,134797755.98667955,134797.75598667955,32000.0,0.0,381559.69007163803,-468249.04161654937,17835.394580811717,-0.0011999963119479352,0.0,31.888569748717615,38.836000559996414,1728582.6302419093,0.0,1728582.6302419093,13899704460.489004,13899704460.489004,0.0
1144,0.0,12715254.816060832,1144.0,1144,16073.0688646874,14055.42014524327,14073.0688646874,2,2,13055.42014524327,17.648719444131455,17.648719444131455,17.648719444131455,1.0,2000.0,13752700.0,400000.0,9972700.0,134797755.98667955,134797.75598667955,32000.0,0.0,381559.69007163803,-469676.4418958614,17835.394580811717,-0.0011999963119479352,0.0,31.867391350474055,38.836000559996414,1703390.8431778562,0.0,1703390.8431778562,13901407851.332182,13901407851.332182,0.0
1145,0.0,12715254.816060832,1145.0,1145,16090.717584131531,14073.0688646874,14090.717584131531,2,2,13073.0688646874,17.648719444131455,17.648719444131455,17.648719444131455,1.0,2000.0,13752700.0,400000.0,9972700.0,134797755.98667955,134797.75598667955,32000.0,0.0,381559.69007163803,-471103.8421751735,17835.394580811717,-0.0011999963119479352,0.0,31.846212952230495,38.836000559996414,1678199.056113802,0.0,1678199.056113802,13903086050.388296,13903086050.388296,0.0
1146,0.0,12715254.816060832,1146.0,1146,16108.366303575662,14090.717584131531,14108.366303575662,2,2,13090.717584131531,17.648719444131455,17.648719444131455,17.648719444131455,1.0,2000.0,13752700.0,400000.0,9972700.0,134797755.98667955,134797.75598667955,32000.0,0.0,381559.69007163803,-472531.24245448556,17835.394580811717,-0.0011999963119479352,0.0,31.825034553986935,38.836000559996414,1653007.2690497488,0.0,1653007.2690497488,13904739057.657347,13904739057.657347,0.0
1147,0.0,12715254.816060832,1147.0,1147,16126.015023019792,14108.366303575662,14126.015023019792,2,2,13108.366303575662,17.648719444131455,17.648719444131455,17.648719444131455,1.0,2000.0,13752700.0,400000.0,9972700.0,134797755.98667955,134797.75598667955,32000.0,0.0,381559.69007163803,-473958.6427337976,17835.394580811717,-0.0011999963119479352,0.0,31.803856155743375,38.836000559996414,1627815.4819856957,0.0,1627815.4819856957,13906366873.139332,13906366873.139332,0.0
1148,0.0,12715254.816060832,1148.0,1148,16143.663742463923,14126.015023019792,14143.663742463923,2,2,13126.015023019792,17.648719444131455,17.648719444131455,17.648719444131455,1.0,2000.0,13752700.0,400000.0,9972700.0,134797755.98667955,134797.75598667955,32000.0,0.0,381559.69007163803,-475386.0485996904,17835.394580811717,-0.001199928422307412,0.0,31.78267767461148,38.836000559996414,1602623.5963256466,0.0,1602623.5963256466,13907969496.735657,13907969496.735657,0.0
1149,0.0,12715254.816060832,1149.0,1149,16161.312461908054,14143.663742463923,14161.312461908054,2,2,13143.663742463923,17.648719444131455,17.648719444131455,17.648719444131455,1.0,2000.0,13752700.0,400000.0,9972700.0,134797755.98667955,134797.75598667955,32000.0,0.0,381559.69007163803,-477701.22648357577,17835.394580811717,-0.001199997788201819,0.0021005907172986036,31.76149834561822,38.84917162306924,1561763.6713896953,0.0,1561763.6713896953,13909531260.407047,13909531260.407047,0.0
1150,0.0,12715254.816060832,1150.0,1150,16178.961181352184,14161.312461908054,14178.961181352184,2,2,13161.312461908054,17.648719444131455,17.648719444131455,17.648719444131455,1.0,2000.0,13752700.0,400000.0,9972700.0,134797755.98667955,134797.75598667955,32000.0,0.0,381559.69007163803,-481626.50396562973,17835.394580811717,-0.001199997788201819,0.0021000084021846046,31.740319921320673,38.8862327065932,1492487.5503685581,0.0,1492487.5503685581,13911023747.957417,13911023747.957417,0.0
1151,0.0,12715254.816060832,1151.0,1151,16196.609900796315,14178.961181352184,14196.609900796315,2,2,13178.961181352184,17.648719444131455,17.648719444131455,17.648719444131455,1.0,2000.0,13752700.0,400000.0,9972700.0,134797755.98667955,134797.75598667955,32000.0,0.0,381559.69007163803,-485551.87416134536,17835.394580811717,-0.001199997788201819,0.0021000084021846046,31.71914149702312,38.92329516571367,1423209.7930700176,0.0,1423209.7930700176,13912446957.750486,13912446957.750486,0.0
1152,0.0,12715254.816060832,1152.0,1152,16214.258620240445,14196.609900796315,14214.258620240445,2,2,13196.609900796315,17.648719444131455,17.648719444131455,17.648719444131455,1.0,2000.0,13752700.0,400000.0,9972700.0,134797755.98667955,134797.75598667955,32000.0,0.0,381559.69007163803,-489477.24435706105,17835.394580811717,-0.001199997788201819,0.0021000084021846046,31.697963072725567,38.96035762483414,1353932.035771476,0.0,1353932.035771476,13913800889.786259,13913800889.786259,0.0
1153,0.0,12715254.816060832,1153.0,1153,16231.907339684576,14214.258620240445,14231.907339684576,2,2,13214.258620240445,17.648719444131455,17.648719444131455,17.648719444131455,1.0,2000.0,13752700.0,400000.0,9972700.0,134797755.98667955,134797.75598667955,32000.0,0.0,381559.69007163803,-493402.63433966826,17835.394580811717,-0.001199997788201819,0.002100243196293136,31.67678464842802,38.99742037753356,1284653.9292596374,0.0,1284653.9292596374,13915085543.715519,13915085543.715519,0.0
1154,0.0,12715254.816060832,1154.0,1154,16249.556059128707,14231.907339684576,14249.556059128707,2,2,13231.907339684576,17.648719444131455,17.648719444131455,17.648719444131455,1.0,2000.0,13752700.0,400000.0,9972700.0,134797755.98667955,134797.75598667955,32000.0,0.0,381559.69007163803,-497328.0362927853,17831.62024364404,-0.001199997788201819,0.002100344544710762,31.655606224130466,39.034483307839935,1215308.999265869,0.0,1215308.999265869,13916300852.714785,13916300852.714785,0.0
1155,0.0,12715254.816060832,1155.0,1155,16267.204778572837,14249.556059128707,14267.204778572837,2,2,13249.556059128707,17.648719444131455,17.648719444131455,17.648719444131455,1.0,2000.0,13752700.0,400000.0,9972700.0,134797755.98667955,134797.75598667955,32000.0,0.0,381559.69007163803,-501253.35415379814,17817.364918733816,-0.001199997788201819,0.0021001531170240636,31.634427799832917,39.07154499046821,1145780.57737789,0.0,1145780.57737789,13917446633.292162,13917446633.292162,0.0
1156,0.0,12715254.816060832,1156.0,1156,16284.853498016968,14267.204778572837,14284.853498016968,2,2,13267.204778572837,17.648719444131455,17.648719444131455,17.648719444131455,1.0,2000.0,13752700.0,400000.0,9972700.0,134797755.98667955,134797.75598667955,32000.0,0.0,381559.69007163803,-505178.7123695823,17736.990906474657,-0.001199997788201819,0.0021000984298090966,31.613249375535364,39.10860727184193,1075084.5331168375,0.0,1075084.5331168375,13918521717.82528,13918521717.82528,0.0
1157,0.0,12715254.816060832,1157.0,1157,16302.502217461099,14284.853498016968,14302.502217461099,2,2,13284.853498016968,17.648719444131455,17.648719444131455,17.648719444131455,1.0,2000.0,13752700.0,400000.0,9972700.0,134797755.98667955,134797.75598667955,32000.0,0.0,381559.69007163803,-509104.02425648476,17510.56546932763,-0.001199997788201819,0.0020999999999989556,31.59207095123781,39.14566886583208,1001811.6858789594,0.0,1001811.6858789594,13919523529.511158,13919523529.511158,0.0
1158,0.0,12715254.816060832,1158.0,1158,16320.15093690523,14302.502217461099,14320.15093690523,2,2,13302.502217461099,17.648719444131455,17.648719444131455,17.648719444131455,1.0,2000.0,13752700.0,400000.0,9972700.0,134797755.98667955,134797.75598667955,32000.0,0.0,381559.69007163803,-513029.3929762548,17232.765050259117,-0.001199997788201819,0.002098622950824432,31.570892526940263,39.182731303053885,927631.1329713659,0.0,927631.1329713659,13920451160.644129,13920451160.644129,0.0
1159,0.0,12715254.816060832,1159.0,1159,16337.79965634936,14320.15093690523,14337.79965634936,2,2,13320.15093690523,17.648719444131455,17.648719444131455,17.648719444131455,1.0,2000.0,13752700.0,400000.0,9972700.0,134797755.98667955,134797.75598667955,32000.0,0.0,381559.69007163803,-516954.7795607833,16823.753163509384,-0.001199997788201819,0.002099770366317331,31.54971410264271,39.219794005335864,851134.5503927044,0.0,851134.5503927044,13921302295.19452,13921302295.19452,0.0
1160,0.0,12715254.816060832,1160.0,1160,16355.44837579349,14337.79965634936,14355.44837579349,2,2,13337.79965634936,17.648719444131455,17.648719444131455,17.648719444131455,1.0,2000.0,13752700.0,400000.0,9972700.0,134797755.98667955,134797.75598667955,32000.0,0.0,381559.69007163803,-520880.15701113635,16237.196059032305,-0.001199997788201819,0.0020999875860855883,31.528535678345158,39.256856572093696,771504.6832842252,0.0,771504.6832842252,13922073799.877806,13922073799.877806,0.0
1161,0.0,12715254.816060832,1161.0,1161,16373.097095237621,14355.44837579349,14373.097095237621,2,2,13355.44837579349,17.648719444131455,17.648719444131455,17.648719444131455,1.0,2000.0,13752700.0,400000.0,9972700.0,134797755.98667955,134797.75598667955,32000.0,0.0,381559.69007163803,-524805.4773935191,15638.789276428857,-0.0012031578947401247,0.0020999875860855883,31.50735762575264,39.29391866383668,691666.691707587,0.0,691666.691707587,13922765466.569513,13922765466.569513,0.0
1162,0.0,12715254.816060832,1162.0,1162,16390.74581468175,14373.097095237621,14390.745814681752,2,2,13373.097095237621,17.648719444131455,17.648719444131455,17.648719444131455,1.0,2000.0,13752700.0,400000.0,9972700.0,134797755.98667955,134797.75598667955,32000.0,0.0,381559.69007163803,-528730.8335366205,15013.193300145753,-0.0011998687807532322,0.002099770366317331,31.486178965308635,39.33098067831146,611348.2145488954,0.0,611348.2145488954,13923376814.784061,13923376814.784061,0.0
1163,0.0,12715254.816060832,1163.0,1163,16408.394534125884,14390.745814681752,14408.394534125882,2,2,13390.745814681752,17.648719444131455,17.648719444131455,17.648719444131455,1.0,2000.0,13752700.0,400000.0,9972700.0,134797755.98667955,134797.75598667955,32000.0,0.0,381559.69007163803,-532656.2264228677,14358.86827373825,-0.0012011822660068945,0.002100153117032183,31.465000461021457,39.368043394102685,530522.0579751882,0.0,530522.0579751882,13923907336.842037,13923907336.842037,0.0
1164,0.0,12715254.816060832,1164.0,1164,16426.043253570017,14408.394534125884,14426.043253570013,2,2,13408.394534125884,17.648719444131455,17.648719444131455,17.648719444131455,1.0,2000.0,13752700.0,400000.0,9972700.0,134797755.98667955,134797.75598667955,32000.0,0.0,381559.69007163803,-536581.6484946207,13990.262362612355,-0.0011992131147507462,0.0020999433733296263,31.443822029892264,39.40510661607847,454737.96282010974,0.0,454737.96282010974,13924362074.804857,13924362074.804857,0.0
1165,0.0,12715254.816060832,1165.0,1165,16443.69197301415,14426.043253570017,14443.691973014144,2,2,13426.043253570017,17.648719444131455,17.648719444131455,17.648719444131455,1.0,2000.0,13752700.0,400000.0,9972700.0,134797755.98667955,134797.75598667955,32000.0,0.0,381559.69007163803,-540506.9778735645,13709.916705591902,-0.0011992131147565703,0.0020999433733296263,31.42264306351887,39.44216792752293,380513.18403718964,0.0,380513.18403718964,13924742587.988894,13924742587.988894,0.0
1166,0.0,12715254.816060832,1166.0,1166,16461.34069245828,14443.691973014149,14461.340692458274,2,2,13443.691973014149,17.648719444131455,17.648719444131455,17.648719444131455,1.0,2000.0,13752700.0,400000.0,9972700.0,134797755.98667955,134797.75598667955,32000.0,0.0,381559.69007163803,-544432.3458764561,13756.548952062263,-0.0012001968826875749,0.0021000099133764785,31.401464516257175,39.479230231144236,312058.46487418923,0.0,312058.46487418923,13925054646.453768,13925054646.453768,0.0
1167,0.0,12715254.816060832,1167.0,1167,16478.989411902414,14461.340692458281,14478.989411902405,2,2,13461.340692458281,17.648719444131455,17.648719444131455,17.648719444131455,1.0,2000.0,13752700.0,400000.0,9972700.0,134797755.98667955,134797.75598667955,32000.0,0.0,381559.69007163803,-550220.4082349137,13992.587328084337,-0.006100285915157933,0.0021000099133764785,31.352649276323653,39.51629271693531,214072.35126109526,0.0,214072.35126109526,13925268718.805029,13925268718.805029,0.0
1168,0.0,12715254.816060832,1168.0,1168,16496.638131346546,14478.989411902414,14496.638131346535,2,2,13478.989411902414,17.648719444131455,17.648719444131455,17.648719444131455,1.0,2000.0,13752700.0,400000.0,9972700.0,134797755.98667955,134797.75598667955,32000.0,0.0,381559.69007163803,-559974.3499864885,14268.360249738325,-0.006100074123573965,0.0020999999999978813,31.244992038564103,39.553355124991505,46794.808737712076,0.0,46794.808737712076,13925315513.613766,13925315513.613766,0.0
1169,0.0,12715254.816060832,1169.0,1169,16514.28685079068,14496.638131346546,14514.286850790666,2,2,13496.638131346546,17.648719444131455,17.648719444131455,17.648719444131455,1.0,2000.0,13752700.0,400000.0,9972700.0,134797755.98667955,134797.75598667955,32000.0,0.0,381559.69007163803,-568251.1770184346,14552.343004865914,-0.006095999999987329,-0.002499911331799124,31.137336975308536,39.568503694057,-94268.65746449065,0.0,-94268.65746449065,13925221244.9563,13925315513.613766,94268.65746449065
1170,0.0,12715254.816060832,1170.0,1170,16531.93557023481,14514.286850790679,14531.935570234797,2,2,13514.286850790679,17.648719444131455,17.648719444131455,17.648719444131455,1.0,2000.0,13752700.0,400000.0,9972700.0,134797755.98667955,134797.75598667955,32000.0,0.0,381559.69007163803,-572533.4396391687,14818.491894297928,-0.0060999999999945395,-0.002499911331799124,31.029680630173747,39.524383460326874,-165147.92196396424,0.0,-165147.92196396424,13925056097.034336,13925315513.613766,259416.5794284549
1171,0.0,12715254.816060832,1171.0,1171,16549.584289678944,14531.935570234811,14549.584289678927,2,2,13531.935570234811,17.648719444131455,17.648719444131455,17.648719444131455,1.0,2000.0,13752700.0,400000.0,9972700.0,134797755.98667955,134797.75598667955,32000.0,0.0,381559.69007163803,-576815.6274220387,15135.929174538698,-0.006099902376565237,-0.002500048248578154,30.922022998605208,39.480260829790446,-235120.6912508471,0.0,-235120.6912508471,13924820976.343084,13925315513.613766,494537.270679302
1172,0.0,12715254.816060832,1172.0,1172,16567.233009123076,14549.584289678944,14567.233009123058,2,2,13549.584289678944,17.648719444131455,17.648719444131455,17.648719444131455,1.0,2000.0,13752700.0,400000.0,9972700.0,134797755.98667955,134797.75598667955,32000.0,0.0,381559.69007163803,-579683.9705507746,15415.888591788385,-0.0045000000000029365,-0.002499999999998471,30.835344316441734,39.436139875798936,-280802.3491886269,0.0,-280802.3491886269,13924540173.993896,13925315513.613766,775339.6198679289
1173,0.0,12715254.816060832,1173.0,1173,16584.88172856721,14567.233009123076,14584.881728567188,2,2,13567.233009123076,17.648719444131455,17.648719444131455,17.648719444131455,1.0,2000.0,13752700.0,400000.0,9972700.0,134797755.98667955,134797.75598667955,32000.0,0.0,381559.69007163803,-582062.8498565176,15807.709155558861,-0.004497049180319667,-0.002501094091899713,30.75592590519954,39.392016997309945,-315871.3914447093,0.0,-315871.3914447093,13924224302.602451,13925315513.613766,1091211.0113126382
1174,0.0,12715254.816060832,1174.0,1174,16602.53044801134,14584.881728567208,14602.53044801132,2,2,13584.881728567208,17.648719444131455,17.648719444131455,17.648719444131455,1.0,2000.0,13752700.0,400000.0,9972700.0,134797755.98667955,134797.75598667955,32000.0,0.0,381559.69007163803,-584441.8351781337,16311.76638478836,-0.004499979775736097,-0.0024999999999987567,30.676506080752752,39.347894278578345,-348961.47132516024,0.0,-348961.47132516024,13923875341.131126,13925315513.613766,1440172.4826377984
1175,0.0,12715254.816060832,1175.0,1175,16620.179167455473,14602.530448011341,14620.17916745545,2,2,13602.530448011341,17.648719444131455,17.648719444131455,17.648719444131455,1.0,2000.0,13752700.0,400000.0,9972700.0,134797755.98667955,134797.75598667955,32000.0,0.0,381559.69007163803,-584114.9212856039,16920.274790317777,-0.004499979775736097,-0.00529959089154411,30.597087200186515,39.26362496277842,-332452.46562492865,0.0,-332452.46562492865,13923542888.6655,13925315513.613766,1772624.9482627271
1176,0.0,12715254.816060832,1176.0,1176,16637.827886899606,14620.179167455473,14637.82788689958,2,2,13620.179167455473,17.648719444131455,17.648719444131455,17.648719444131455,1.0,2000.0,13752700.0,400000.0,9972700.0,134797755.98667955,134797.75598667955,32000.0,0.0,381559.69007163803,-583163.2632085482,17661.8796432095,-0.004500046137285119,-0.0053023194748266144,30.51766814514466,39.170086116645244,-302568.5432291385,0.0,-302568.5432291385,13923240320.12227,13925315513.613766,2075193.4914918656
1177,0.0,12715254.816060832,1177.0,1177,16655.47660634374,14637.827886899606,14655.476606343711,2,2,13637.827886899606,17.648719444131455,17.648719444131455,17.648719444131455,1.0,2000.0,13752700.0,400000.0,9972700.0,134797755.98667955,134797.75598667955,32000.0,0.0,381559.69007163803,-582211.6273193324,18568.96552720914,-0.004500046137285119,-0.0052994204483278375,30.438248093382064,39.07654660299324,-269764.48412896163,0.0,-269764.48412896163,13922970555.638142,13925315513.613766,2344957.975620827
1178,0.0,12715254.816060832,1178.0,1178,16673.12532578787,14655.476606343738,14673.125325787842,2,2,13655.476606343738,17.648719444131455,17.648719444131455,17.648719444131455,1.0,2000.0,13752700.0,400000.0,9972700.0,134797755.98667955,134797.75598667955,32000.0,0.0,381559.69007163803,-581260.0653260308,19458.087700868648,-0.004500046137285119,-0.005298696186955821,30.358828041619468,38.983008185738036,-237278.76568100997,0.0,-237278.76568100997,13922733276.872461,13925315513.613766,2582236.7413018374
1179,0.0,12715254.816060832,1179.0,1179,16690.774045232003,14673.12532578787,14690.774045231972,2,2,13673.12532578787,17.648719444131455,17.648719444131455,17.648719444131455,1.0,2000.0,13752700.0,400000.0,9972700.0,134797755.98667955,134797.75598667955,32000.0,0.0,381559.69007163803,-580308.4491610677,20458.73386516555,-0.004500054681325031,-0.005313947368425813,30.279409098371428,38.88947007325016,-202823.83555055346,0.0,-202823.83555055346,13922530453.036911,13925315513.613766,2785060.576852391
1180,0.0,12715254.816060832,1180.0,1180,16708.422764676136,14690.774045232003,14708.422764676103,2,2,13690.774045232003,17.648719444131455,17.648719444131455,17.648719444131455,1.0,2000.0,13752700.0,400000.0,9972700.0,134797755.98667955,134797.75598667955,32000.0,0.0,381559.69007163803,-579356.9388758615,21423.43448077379,-0.004500738310089494,-0.005299903399247993,30.199989012892146,38.795932389473464,-169005.16696629196,0.0,-169005.16696629196,13922361447.869946,13925315513.613766,2954065.743818683
1181,0.0,12715254.816060832,1181.0,1181,16726.071484120268,14708.422764676136,14726.071484120233,2,2,13708.422764676136,17.648719444131455,17.648719444131455,17.648719444131455,1.0,2000.0,13752700.0,400000.0,9972700.0,134797755.98667955,134797.75598667955,32000.0,0.0,381559.69007163803,-578405.3021357732,22327.749585406073,-0.004497049180319667,-0.005300000000000109,30.120570405145127,38.70239430721261,-136249.99355700143,0.0,-136249.99355700143,13922225197.876389,13925315513.613766,3090315.7373756845
1182,0.0,12715254.816060832,1182.0,1182,16743.7202035644,14726.071484120268,14743.720203564364,2,2,13726.071484120268,17.648719444131455,17.648719444131455,17.648719444131455,1.0,2000.0,13752700.0,400000.0,9972700.0,134797755.98667955,134797.75598667955,32000.0,0.0,381559.69007163803,-577453.8261662783,23185.893300394808,-0.004497049180333076,-0.005300000000000109,30.041149281244977,38.6088560941587,-104312.52344497203,0.0,-104312.52344497203,13922120885.352943,13925315513.613766,3194628.2608206565
1183,0.0,12715254.816060832,1183.0,1183,16761.368923008533,14743.7202035644,14761.368923008495,2,2,13743.7202035644,17.648719444131455,17.648719444131455,17.648719444131455,1.0,2000.0,13752700.0,400000.0,9972700.0,134797755.98667955,134797.75598667955,32000.0,0.0,381559.69007163803,-576502.0185433221,23601.30734044424,-0.004497049180326371,-0.005301490858056562,29.961732654393984,38.51531745739754,-80182.81189664628,0.0,-80182.81189664628,13922040702.541046,13925315513.613766,3274811.072717303
1184,0.0,12715254.816060832,1184.0,1184,16779.017642452665,14761.368923008533,14779.017642452625,2,2,13761.368923008533,17.648719444131455,17.648719444131455,17.648719444131455,1.0,2000.0,13752700.0,400000.0,9972700.0,134797755.98667955,134797.75598667955,32000.0,0.0,381559.69007163803,-575550.6488651808,23802.04485416208,-0.004497049180319667,-0.005300613781118128,29.882311530493613,38.42178082139272,-59849.595297957916,0.0,-59849.595297957916,13921980852.945747,13925315513.613766,3334660.6680152607
1185,0.0,12715254.816060832,1185.0,1185,16796.666361896798,14779.017642452665,14796.666361896756,2,2,13779.017642452665,17.648719444131455,17.648719444131455,17.648719444131455,1.0,2000.0,13752700.0,400000.0,9972700.0,134797755.98667955,134797.75598667955,32000.0,0.0,381559.69007163803,-574598.7014790883,23946.415008176944,-0.004497049180333076,-0.005300869565215738,29.80289490364262,38.32824011096,-40500.994610922586,0.0,-40500.994610922586,13921940351.951136,13925315513.613766,3375161.662626183
1186,0.0,12715254.816060832,1186.0,1186,16814.31508134093,14796.666361896798,14814.315081340887,2,2,13796.666361896798,17.648719444131455,17.648719444131455,17.648719444131455,1.0,2000.0,13752700.0,400000.0,9972700.0,134797755.98667955,134797.75598667955,32000.0,0.0,381559.69007163803,-573647.1803906563,23974.010362302157,-0.004497049180333076,-0.005313947368425813,29.72347377974246,38.23470122847451,-23220.843213095366,0.0,-23220.843213095366,13921917131.107922,13925315513.613766,3398382.5058392785
1187,0.0,12715254.816060832,1187.0,1187,16831.963800785063,14814.31508134093,14831.963800785017,2,2,13814.31508134093,17.648719444131455,17.648719444131455,17.648719444131455,1.0,2000.0,13752700.0,400000.0,9972700.0,134797755.98667955,134797.75598667955,32000.0,0.0,381559.69007163803,-573113.4678661395,23974.010362302157,-0.005999753947092907,-0.005296524590169291,29.63785722364676,38.14116595710629,-13801.500604078223,0.0,-13801.500604078223,13921903329.607317,13925315513.613766,3412184.0064433566
1188,0.0,12715254.816060832,1188.0,1188,16849.612520229195,14831.963800785063,14849.612520229148,2,2,13831.963800785063,17.648719444131455,17.648719444131455,17.648719444131455,1.0,2000.0,13752700.0,400000.0,9972700.0,134797755.98667955,134797.75598667955,32000.0,0.0,381559.69007163803,-573946.1659068081,23959.408919797745,-0.0060001157965788015,-0.005302319474841053,29.531964169676396,38.047627679142,-28755.251467756647,0.0,-28755.251467756647,13921874574.355848,13925315513.613766,3440939.257911113
1189,0.0,12715254.816060832,1189.0,1189,16867.261239673328,14849.612520229195,14867.261239673278,2,2,13849.612520229195,17.648719444131455,17.648719444131455,17.648719444131455,1.0,2000.0,13752700.0,400000.0,9972700.0,134797755.98667955,134797.75598667955,32000.0,0.0,381559.69007163803,-574778.925089182,23921.447259531094,-0.005999944549704697,-0.005300613781119989,29.42607034277549,37.95408953540924,-44122.359333677035,0.0,-44122.359333677035,13921830451.996515,13925315513.613766,3485061.6172447903
1190,0.0,12715254.816060832,1190.0,1190,16884.90995911746,14867.261239673328,14884.909959117409,2,2,13867.261239673328,17.648719444131455,17.648719444131455,17.648719444131455,1.0,2000.0,13752700.0,400000.0,9972700.0,134797755.98667955,134797.75598667955,32000.0,0.0,381559.69007163803,-575781.4857316004,23826.61993433925,-0.0059999999999946286,-0.004800787530758253,29.32018248195715,37.86307670919485,-63489.851695396756,0.0,-63489.851695396756,13921766962.14482,13925315513.613766,3548551.4689401872
1191,0.0,12715254.816060832,1191.0,1191,16902.558678561592,14884.90995911746,14902.55867856154,2,2,13884.90995911746,17.648719444131455,17.648719444131455,17.648719444131455,1.0,2000.0,13752700.0,400000.0,9972700.0,134797755.98667955,134797.75598667955,32000.0,0.0,381559.69007163803,-577209.1386318494,23608.436594488165,-0.005998875351447413,-0.004799999999996181,29.214286622603545,37.77836299623232,-92536.75374790732,0.0,-92536.75374790732,13921674425.391071,13925315513.613766,3641088.2226880947
1192,0.0,12715254.816060832,1192.0,1192,16920.207398005725,14902.558678561592,14920.20739800567,2,2,13902.558678561592,17.648719444131455,17.648719444131455,17.648719444131455,1.0,2000.0,13752700.0,400000.0,9972700.0,134797755.98667955,134797.75598667955,32000.0,0.0,381559.69007163803,-578636.4893659635,23296.27755946197,-0.00600043747720865,-0.004800787530756573,29.108397172866066,37.693651209634204,-123236.87363378963,0.0,-123236.87363378963,13921551188.517437,13925315513.613766,3764325.0963218845
1193,0.0,12715254.816060832,1193.0,1193,16937.856117449857,14920.207398005725,14937.8561174498,2,2,13920.207398005725,17.648719444131455,17.648719444131455,17.648719444131455,1.0,2000.0,13752700.0,400000.0,9972700.0,134797755.98667955,134797.75598667955,32000.0,0.0,381559.69007163803,-580063.8101450907,22918.735111224527,-0.0060001640464742,-0.004799337016571103,29.002503133373892,37.60893438883799,-155090.39836857762,0.0,-155090.39836857762,13921396098.119068,13925315513.613766,3919415.494690462
1194,0.0,12715254.816060832,1194.0,1194,16955.50483689399,14937.856117449857,14955.504836893931,2,2,13937.856117449857,17.648719444131455,17.648719444131455,17.648719444131455,1.0,2000.0,13752700.0,400000.0,9972700.0,134797755.98667955,134797.75598667955,32000.0,0.0,381559.69007163803,-581491.2066776596,22438.282263965517,-0.00600043747720865,-0.004800108609591352,28.8966117654472,37.52422136356427,-188761.49681482173,0.0,-188761.49681482173,13921207336.622253,13925315513.613766,4108176.991505284
1195,0.0,12715254.816060832,1195.0,1195,16973.153556338122,14955.50483689399,14973.153556338062,2,2,13955.50483689399,17.648719444131455,17.648719444131455,17.648719444131455,1.0,2000.0,13752700.0,400000.0,9972700.0,134797755.98667955,134797.75598667955,32000.0,0.0,381559.69007163803,-582918.7776948154,21857.442359663928,-0.006001687763708393,-0.004799878864348848,28.790717241524682,37.43950777112991,-224207.37769615222,0.0,-224207.37769615222,13920983129.244556,13925315513.613766,4332384.369201436
1196,0.0,12715254.816060832,1196.0,1196,16990.802275782255,14973.153556338122,14990.802275782193,2,2,13973.153556338122,17.648719444131455,17.648719444131455,17.648719444131455,1.0,2000.0,13752700.0,400000.0,9972700.0,134797755.98667955,134797.75598667955,32000.0,0.0,381559.69007163803,-584346.1809318525,21240.81737719937,-0.006002625820559311,-0.00480004256262509,28.684825237837973,37.354794209570656,-260281.858278025,0.0,-260281.858278025,13920722847.386278,13925315513.613766,4592666.227479461
1197,0.0,12715254.816060832,1197.0,1197,17008.450995226387,14990.802275782255,15008.450995226323,2,2,13990.802275782255,17.648719444131455,17.648719444131455,17.648719444131455,1.0,2000.0,13752700.0,400000.0,9972700.0,134797755.98667955,134797.75598667955,32000.0,0.0,381559.69007163803,-585773.4684101535,20611.67306880919,-0.006001687763708393,-0.00480004256262509,28.578933908720114,37.27007960506299,-296575.24593733123,0.0,-296575.24593733123,13920426272.14034,13925315513.613766,4889241.473416792
1198,0.0,12715254.816060832,1198.0,1198,17026.09971467052,15008.450995226387,15026.099714670454,2,2,14008.450995226387,17.648719444131455,17.648719444131455,17.648719444131455,1.0,2000.0,13752700.0,400000.0,9972700.0,134797755.98667955,134797.75598667955,32000.0,0.0,381559.69007163803,-587200.8784993942,19984.298230775927,-0.005996065573759556,-0.0047999261822333885,28.473040930915296,37.185365171052055,-332839.56863681844,0.0,-332839.56863681844,13920093432.571705,13925315513.613766,5222081.042053611
1199,0.0,12715254.816060832,1199.0,1199,17043.748434114652,15026.09971467052,15043.748434114585,2,2,14026.09971467052,17.648719444131455,17.648719444131455,17.648719444131455,1.0,2000.0,13752700.0,400000.0,9972700.0,134797755.98667955,134797.75598667955,32000.0,0.0,381559.69007163803,-588628.3293383067,19376.4706375083,-0.005999999999989855,-0.0047999261822333885,28.367149231974025,37.10065262050927,-368759.6266770574,0.0,-368759.6266770574,13919724672.945028,13925315513.613766,5590840.668730669
1200,0.0,12715254.816060832,1200.0,1200,17061.397153558784,15043.748434114652,15061.397153558715,2,2,14043.748434114652,17.648719444131455,17.648719444131455,17.648719444131455,1.0,2000.0,13752700.0,400000.0,9972700.0,134797755.98667955,134797.75598667955,32000.0,0.0,381559.69007163803,-590055.6600537781,18768.643044240678,-0.005999999999989855,-0.0047999261822333885,28.261259315309324,37.01594006996649,-404677.5646923857,0.0,-404677.5646923857,13919319995.380337,13925315513.613766,5995518.233423054
1201,0.0,12715254.816060832,1201.0,1201,17079.045873002917,15061.397153558784,15079.045873002846,2,2,14061.397153558784,17.648719444131455,17.648719444131455,17.648719444131455,1.0,2000.0,13752700.0,400000.0,9972700.0,134797755.98667955,134797.75598667955,32000.0,0.0,381559.69007163803,-591483.2607773129,18224.071328098657,-0.006000984413452658,-0.004801145584722438,28.155363640658887,36.93122576755901,-439483.8827756906,0.0,-439483.8827756906,13918880511.49756,13925315513.613766,6435002.116198745
1202,0.0,12715254.816060832,1202.0,1202,17096.69459244705,15079.045873002917,15096.694592446976,2,2,14079.045873002917,17.648719444131455,17.648719444131455,17.648719444131455,1.0,2000.0,13752700.0,400000.0,9972700.0,134797755.98667955,134797.75598667955,32000.0,0.0,381559.69007163803,-592910.5219886429,17869.662145965507,-0.005999999999997016,-0.004802100656450558,28.04947348197965,36.84651194376581,-470928.0836918362,0.0,-470928.0836918362,13918409583.413868,13925315513.613766,6905930.199890581
1203,0.0,12715254.816060832,1203.0,1203,17114.34331189118,15096.69459244705,15114.343311891107,2,2,14096.69459244705,17.648719444131455,17.648719444131455,17.648719444131455,1.0,2000.0,13752700.0,400000.0,9972700.0,134797755.98667955,134797.75598667955,32000.0,0.0,381559.69007163803,-594338.07103736,17591.91660846505,-0.005999999999997016,-0.004802100656683778,27.94357876531496,36.76179783264263,-501024.3494135867,0.0,-501024.3494135867,13917908559.064455,13925315513.613766,7406954.549304168
1204,0.0,12715254.816060832,1204.0,1204,17131.992031335314,15114.343311891182,15131.992031335238,2,2,14114.343311891182,17.648719444131455,17.648719444131455,17.648719444131455,1.0,2000.0,13752700.0,400000.0,9972700.0,134797755.98667955,134797.75598667955,32000.0,0.0,381559.69007163803,-594897.1370981693,17375.593538104622,-0.006000984413443704,-0.005999343903768242,27.837688578613662,36.664202532702866,-514708.97464963014,0.0,-514708.97464963014,13917393850.089806,13925315513.613766,7921663.523953798
1205,0.0,12715254.816060832,1205.0,1205,17149.640750779447,15131.992031335314,15149.640750779368,2,2,14131.992031335314,17.648719444131455,17.648719444131455,17.648719444131455,1.0,2000.0,13752700.0,400000.0,9972700.0,134797755.98667955,134797.75598667955,32000.0,0.0,381559.69007163803,-594897.1707970778,17273.263212885355,-0.005996065573759556,-0.006005911330040307,27.731795096042987,36.55830955012432,-516515.56859263376,0.0,-516515.56859263376,13916877334.521214,13925315513.613766,8438179.092546431
1206,0.0,12715254.816060832,1206.0,1206,17167.28947022358,15149.640750779447,15167.289470223499,2,2,14149.640750779447,17.648719444131455,17.648719444131455,17.648719444131455,1.0,2000.0,13752700.0,400000.0,9972700.0,134797755.98667955,134797.75598667955,32000.0,0.0,381559.69007163803,-594897.0622640672,17249.261382236018,-0.006000984413452658,-0.006000984413448181,27.6259022034248,36.45241504719727,-516937.25469925517,0.0,-516937.25469925517,13916360397.266514,13925315513.613766,8955116.347245686
1207,0.0,12715254.816060832,1207.0,1207,17184.93818966771,15167.289470223579,15184.93818966763,2,2,14167.289470223579,17.648719444131455,17.648719444131455,17.648719444131455,1.0,2000.0,13752700.0,400000.0,9972700.0,134797755.98667955,134797.75598667955,32000.0,0.0,381559.69007163803,-594897.137014691,17248.330571210503,-0.005998875351447413,-0.006000984413452658,27.52001090724442,36.34652486009505,-516955.0015746874,0.0,-516955.0015746874,13915843442.264938,13925315513.613766,9472071.348820373
1208,0.0,12715254.816060832,1208.0,1208,17202.586909111844,15184.938189667711,15202.58690911176,2,2,14184.938189667711,17.648719444131455,17.648719444131455,17.648719444131455,1.0,2000.0,13752700.0,400000.0,9972700.0,134797755.98667955,134797.75598667955,32000.0,0.0,381559.69007163803,-594896.939120797,17248.330571210503,-0.006001687763703275,-0.005999999999997016,27.41412000529948,36.24063102199005,-516951.50900087174,0.0,-516951.50900087174,13915326490.755938,13925315513.613766,9989022.857821245
1209,0.0,12715254.816060832,1209.0,1209,17220.235628555976,15202.586909111844,15220.23562855589,2,2,14202.586909111844,17.648719444131455,17.648719444131455,17.648719444131455,1.0,2000.0,13752700.0,400000.0,9972700.0,134797755.98667955,134797.75598667955,32000.0,0.0,381559.69007163803,-594896.9268639837,17248.330571210503,-0.0059999999999946286,-0.005998875351452526,27.308227265326206,36.13473810016192,-516951.29268381366,0.0,-516951.29268381366,13914809539.463253,13925315513.613766,10505974.150505058
1210,0.0,12715254.816060832,1210.0,1210,17237.88434800011,15220.235628555976,15237.884348000021,2,2,14220.235628555976,17.648719444131455,17.648719444131455,17.648719444131455,1.0,2000.0,13752700.0,400000.0,9972700.0,134797755.98667955,134797.75598667955,32000.0,0.0,381559.69007163803,-594897.0006972294,17248.330571210503,-0.006000694846551034,-0.0059999999999946286,27.20233565835765,36.02884758866035,-516952.5957460521,0.0,-516952.5957460521,13914292586.867506,13925315513.613766,11022926.74625111
1211,0.0,12715254.816060832,1211.0,1211,17255.53306744424,15237.884348000109,15255.533067444152,2,2,14237.884348000109,17.648719444131455,17.648719444131455,17.648719444131455,1.0,2000.0,13752700.0,400000.0,9972700.0,134797755.98667955,134797.75598667955,32000.0,0.0,381559.69007163803,-594897.190274945,17248.330571210503,-0.005999536858349821,-0.006000115796578091,27.096442098155386,35.92295684123066,-516955.94154996733,0.0,-516955.94154996733,13913775630.925957,13925315513.613766,11539882.687801078
1212,0.0,12715254.816060832,1212.0,1212,17273.181786888374,15255.533067444241,15273.181786888283,2,2,14255.533067444241,17.648719444131455,17.648719444131455,17.648719444131455,1.0,2000.0,13752700.0,400000.0,9972700.0,134797755.98667955,134797.75598667955,32000.0,0.0,381559.69007163803,-594897.1615546134,17248.330571210503,-0.00599999999999437,-0.005999965565726307,26.990546715331828,35.817061032282325,-516955.4346728924,0.0,-516955.4346728924,13913258675.491283,13925315513.613766,12056838.12247397
1213,0.0,12715254.816060832,1213.0,1213,17290.830506332506,15273.181786888374,15290.830506332413,2,2,14273.181786888374,17.648719444131455,17.648719444131455,17.648719444131455,1.0,2000.0,13752700.0,400000.0,9972700.0,134797755.98667955,134797.75598667955,32000.0,0.0,381559.69007163803,-594897.121635674,17248.330571210503,-0.0059999999999948515,-0.005999965565726307,26.88465559866686,35.71116932333837,-516954.7301547313,0.0,-516954.7301547313,13912741720.76113,13925315513.613766,12573792.8526287
1214,0.0,12715254.816060832,1214.0,1214,17308.47922577664,15290.830506332506,15308.479225776544,2,2,14290.830506332506,17.648719444131455,17.648719444131455,17.648719444131455,1.0,2000.0,13752700.0,400000.0,9972700.0,134797755.98667955,134797.75598667955,32000.0,0.0,381559.69007163803,-594897.0558064857,17248.330571210503,-0.005999787196305738,-0.005999965565726307,26.77876486643334,35.6052776143944,-516953.5683538552,0.0,-516953.5683538552,13912224767.192776,13925315513.613766,13090746.420982556
1215,0.0,12715254.816060832,1215.0,1215,17326.12794522077,15308.479225776638,15326.127945220675,2,2,14308.479225776638,17.648719444131455,17.648719444131455,17.648719444131455,1.0,2000.0,13752700.0,400000.0,9972700.0,134797755.98667955,134797.75598667955,32000.0,0.0,381559.69007163803,-594897.2722164618,17248.330571210503,-0.005999976976650196,-0.005999965565726307,26.672869946605427,35.499385905450445,-516957.38771280885,0.0,-516957.38771280885,13911707809.805063,13925315513.613766,13607703.808695365
1216,0.0,12715254.816060832,1216.0,1216,17343.776664664903,15326.127945220771,15343.776664664805,2,2,14326.127945220771,17.648719444131455,17.648719444131455,17.648719444131455,1.0,2000.0,13752700.0,400000.0,9972700.0,134797755.98667955,134797.75598667955,32000.0,0.0,381559.69007163803,-594897.2857898003,17248.330571210503,-0.005999976976650196,-0.005999965565726307,26.566978036273273,35.39349419650649,-516957.6272648521,0.0,-516957.6272648521,13911190852.1778,13925315513.613766,14124661.435960216
1217,0.0,12715254.816060832,1217.0,1217,17361.425384109036,15343.776664664903,15361.425384108936,2,2,14343.776664664903,17.648719444131455,17.648719444131455,17.648719444131455,1.0,2000.0,13752700.0,400000.0,9972700.0,134797755.98667955,134797.75598667955,32000.0,0.0,381559.69007163803,-594897.2993631386,17248.330571210503,-0.005999976976650196,-0.005999965565726307,26.461086125941122,35.28760248756253,-516957.8668168913,0.0,-516957.8668168913,13910673894.310982,13925315513.613766,14641619.302777108
1218,0.0,12715254.816060832,1218.0,1218,17379.07410355317,15361.425384109036,15379.074103553066,2,2,14361.425384109036,17.648719444131455,17.648719444131455,17.648719444131455,1.0,2000.0,13752700.0,400000.0,9972700.0,134797755.98667955,134797.75598667955,32000.0,0.0,381559.69007163803,-594896.9733040758,17248.330571210503,-0.00600000999242265,-0.00600000000000217,26.35519513147278,35.1817066553421,-516952.1122919689,0.0,-516952.1122919689,13910156942.19869,13925315513.613766,15158571.415069077
1219,0.0,12715254.816060832,1219.0,1219,17396.7228229973,15379.074103553168,15396.722822997197,2,2,14379.074103553168,17.648719444131455,17.648719444131455,17.648719444131455,1.0,2000.0,13752700.0,400000.0,9972700.0,134797755.98667955,134797.75598667955,32000.0,0.0,381559.69007163803,-594896.9851900985,17248.330571210503,-0.00600000999242265,-0.00600000000000217,26.24930263845452,35.07581433867726,-516952.3220650497,0.0,-516952.3220650497,13909639989.876625,13925315513.613766,15675523.737134127
1220,0.0,12715254.816060832,1220.0,1220,17414.371542441433,15396.7228229973,15414.371542441328,2,2,14396.7228229973,17.648719444131455,17.648719444131455,17.648719444131455,1.0,2000.0,13752700.0,400000.0,9972700.0,134797755.98667955,134797.75598667955,32000.0,0.0,381559.69007163803,-594896.9970761213,17248.330571210503,-0.00600000999242265,-0.00600000000000217,26.143410145436263,34.969922022012426,-516952.5318381306,0.0,-516952.5318381306,13909123037.344788,13925315513.613766,16192476.268972257
1221,0.0,12715254.816060832,1221.0,1221,17432.020261885566,15414.371542441433,15432.020261885458,2,2,14414.371542441433,17.648719444131455,17.648719444131455,17.648719444131455,1.0,2000.0,13752700.0,400000.0,9972700.0,134797755.98667955,134797.75598667955,32000.0,0.0,381559.69007163803,-594897.0089621447,17248.330571210503,-0.00600000999242265,-0.00600000000000217,26.037517652418003,34.8640297053476,-516952.7416112238,0.0,-516952.7416112238,13908606084.603176,13925315513.613766,16709429.01058348
1222,0.0,12715254.816060832,1222.0,1222,17449.668981329698,15432.020261885566,15449.668981329589,2,2,14432.020261885566,17.648719444131455,17.648719444131455,17.648719444131455,1.0,2000.0,13752700.0,400000.0,9972700.0,134797755.98667955,134797.75598667955,32000.0,0.0,381559.69007163803,-594897.1528311247,17245.25096884992,-0.00600000999242265,-0.005999855526128572,25.931625159399744,34.75813934691947,-517009.6317525499,0.0,-517009.6317525499,13908089074.971424,13925315513.613766,17226438.64233603
1223,0.0,12715254.816060832,1223.0,1223,17467.31770077383,15449.668981329698,15467.31770077372,2,2,14449.668981329698,17.648719444131455,17.648719444131455,17.648719444131455,1.0,2000.0,13752700.0,400000.0,9972700.0,134797755.98667955,134797.75598667955,32000.0,0.0,381559.69007163803,-594897.3365693823,17241.241083359968,-0.00600000999242265,-0.005999855526128572,25.825732666381487,34.652249580033505,-517083.643841525,0.0,-517083.643841525,13907571991.327583,13925315513.613766,17743522.286177553
1224,0.0,12715254.816060832,1224.0,1224,17484.966420217963,15467.31770077383,15484.96642021785,2,2,14467.31770077383,17.648719444131455,17.648719444131455,17.648719444131455,1.0,2000.0,13752700.0,400000.0,9972700.0,134797755.98667955,134797.75598667955,32000.0,0.0,381559.69007163803,-594897.261804608,17240.781896875273,-0.00600000999242265,-0.006000100950612948,25.719840173363227,34.54635597772713,-517090.4283924401,0.0,-517090.4283924401,13907054900.89919,13925315513.613766,18260612.714569993
1225,0.0,12715254.816060832,1225.0,1225,17502.615139662095,15484.966420217963,15502.61513966198,2,2,14484.966420217963,17.648719444131455,17.648719444131455,17.648719444131455,1.0,2000.0,13752700.0,400000.0,9972700.0,134797755.98667955,134797.75598667955,32000.0,0.0,381559.69007163803,-594897.2289288518,17239.143585124468,-0.00600000999242265,-0.006000135761958443,25.613947680344967,34.44046299692989,-517118.76228189317,0.0,-517118.76228189317,13906537782.13691,13925315513.613766,18777731.476851888
1226,0.0,12715254.816060832,1226.0,1226,17520.263859106228,15502.615139662095,15520.263859106111,2,2,14502.615139662095,17.648719444131455,17.648719444131455,17.648719444131455,1.0,2000.0,13752700.0,400000.0,9972700.0,134797755.98667955,134797.75598667955,32000.0,0.0,381559.69007163803,-594897.2056135584,17237.007559707596,-0.00600000999242265,-0.005999890640682859,25.50805518732671,34.33457015798164,-517156.0489101297,0.0,-517156.0489101297,13906020626.088,13925315513.613766,19294887.525762018
1227,0.0,12715254.816060832,1227.0,1227,17537.91257855036,15520.263859106228,15537.912578550242,2,2,14520.263859106228,17.648719444131455,17.648719444131455,17.648719444131455,1.0,2000.0,13752700.0,400000.0,9972700.0,134797755.98667955,134797.75598667955,32000.0,0.0,381559.69007163803,-594897.3027597283,17233.233222539922,-0.00600000999242265,-0.006000164046475692,25.40216269430845,34.2286791063252,-517224.37563338655,0.0,-517224.37563338655,13905503401.712366,13925315513.613766,19812111.901395403
1228,0.0,12715254.816060832,1228.0,1228,17555.561297994493,15537.91257855036,15555.561297994373,2,2,14537.91257855036,17.648719444131455,17.648719444131455,17.648719444131455,1.0,2000.0,13752700.0,400000.0,9972700.0,134797755.98667955,134797.75598667955,32000.0,0.0,381559.69007163803,-594897.2832409224,17231.519032382028,-0.00600000999242265,-0.005999826313498341,25.29627020129019,34.1227863237056,-517254.2844126279,0.0,-517254.2844126279,13904986147.427954,13925315513.613766,20329366.18580803
1229,0.0,12715254.816060832,1229.0,1229,17573.210017438625,15555.561297994493,15573.210017438503,2,2,14555.561297994493,17.648719444131455,17.648719444131455,17.648719444131455,1.0,2000.0,13752700.0,400000.0,9972700.0,134797755.98667955,134797.75598667955,32000.0,0.0,381559.69007163803,-594897.3067558688,17229.458885372245,-0.00600000999242265,-0.006000115796578091,25.190377708271935,34.016894179579594,-517291.05837791,0.0,-517291.05837791,13904468856.369576,13925315513.613766,20846657.24418594
1230,0.0,12715254.816060832,1230.0,1230,17590.858736882758,15573.210017438625,15590.858736882634,2,2,14573.210017438625,17.648719444131455,17.648719444131455,17.648719444131455,1.0,2000.0,13752700.0,400000.0,9972700.0,134797755.98667955,134797.75598667955,32000.0,0.0,381559.69007163803,-594897.3102764034,17226.417833212337,-0.00600000999242265,-0.005999961019971841,25.084485215253675,33.911001738795655,-517344.79118722276,0.0,-517344.79118722276,13903951511.578388,13925315513.613766,21364002.035373162
1231,0.0,12715254.816060832,1231.0,1231,17608.50745632689,15590.858736882758,15608.507456326764,2,2,14590.858736882758,17.648719444131455,17.648719444131455,17.648719444131455,1.0,2000.0,13752700.0,400000.0,9972700.0,134797755.98667955,134797.75598667955,32000.0,0.0,381559.69007163803,-594897.3685293237,17222.090256940777,-0.00600000999242265,-0.005999961019971841,24.97859272223542,33.80511011007844,-517422.1954561594,0.0,-517422.1954561594,13903434089.382933,13925315513.613766,21881424.23082932
1232,0.0,12715254.816060832,1232.0,1232,17626.156175771022,15608.50745632689,15626.156175770895,2,2,14608.50745632689,17.648719444131455,17.648719444131455,17.648719444131455,1.0,2000.0,13752700.0,400000.0,9972700.0,134797755.98667955,134797.75598667955,32000.0,0.0,381559.69007163803,-594897.3088665889,17224.55882923218,-0.005999917406567056,-0.005999978833365165,24.8727016451749,33.6992181477994,-517377.5753454921,0.0,-517377.5753454921,13902916711.807587,13925315513.613766,22398801.806174815
1233,0.0,12715254.816060832,1233.0,1233,17643.804895215155,15626.156175771022,15643.804895215026,2,2,14626.156175771022,17.648719444131455,17.648719444131455,17.648719444131455,1.0,2000.0,13752700.0,400000.0,9972700.0,134797755.98667955,134797.75598667955,32000.0,0.0,381559.69007163803,-594897.2357991738,17227.61534689843,-0.005999917406567056,-0.005999978833365165,24.76681078617843,33.593326204698606,-517322.3421764159,0.0,-517322.3421764159,13902399389.46541,13925315513.613766,22916124.14835123
1234,0.0,12715254.816060832,1234.0,1234,17661.453614659287,15643.804895215155,15661.453614659156,2,2,14643.804895215155,17.648719444131455,17.648719444131455,17.648719444131455,1.0,2000.0,13752700.0,400000.0,9972700.0,134797755.98667955,134797.75598667955,32000.0,0.0,381559.69007163803,-594897.3937040449,17229.458885372245,-0.0059998824796732445,-0.005999978833365165,24.660916500236393,33.48743426159781,-517292.5929018749,0.0,-517292.5929018749,13901882096.872509,13925315513.613766,23433416.741253104
1235,0.0,12715254.816060832,1235.0,1235,17679.10233410342,15661.453614659287,15679.102334103287,2,2,14661.453614659287,17.648719444131455,17.648719444131455,17.648719444131455,1.0,2000.0,13752700.0,400000.0,9972700.0,134797755.98667955,134797.75598667955,32000.0,0.0,381559.69007163803,-594897.0198441334,17230.128222107847,-0.00599988247968664,-0.005999999999989855,24.55502625765483,33.38153847204095,-517274.1818169259,0.0,-517274.1818169259,13901364822.690693,13925315513.613766,23950690.92307003
1236,0.0,12715254.816060832,1236.0,1236,17696.751053547552,15679.10233410342,15696.751053547418,2,2,14679.10233410342,17.648719444131455,17.648719444131455,17.648719444131455,1.0,2000.0,13752700.0,400000.0,9972700.0,134797755.98667955,134797.75598667955,32000.0,0.0,381559.69007163803,-594896.9606360269,17233.233222539922,-0.006000006478012653,-0.006000115796579145,24.449135909881054,33.275647245794,-517218.3375881662,0.0,-517218.3375881662,13900847604.353106,13925315513.613766,24467909.260658193
1237,0.0,12715254.816060832,1237.0,1237,17714.399772991685,15696.751053547552,15714.399772991548,2,2,14696.751053547552,17.648719444131455,17.648719444131455,17.648719444131455,1.0,2000.0,13752700.0,400000.0,9972700.0,134797755.98667955,134797.75598667955,32000.0,0.0,381559.69007163803,-594897.1374846827,17233.233222539922,-0.006000006478012653,-0.005999999999993947,24.34324347888763,33.16975743871155,-517221.45874047646,0.0,-517221.45874047646,13900330382.894365,13925315513.613766,24985130.71939867
1238,0.0,12715254.816060832,1238.0,1238,17732.048492435817,15714.399772991685,15732.048492435679,2,2,14714.399772991685,17.648719444131455,17.648719444131455,17.648719444131455,1.0,2000.0,13752700.0,400000.0,9972700.0,134797755.98667955,134797.75598667955,32000.0,0.0,381559.69007163803,-594896.9678787536,17230.958952444227,-0.006000006478012653,-0.005999725337600655,24.237351047894208,33.06386249126779,-517258.60336787556,0.0,-517258.60336787556,13899813124.290997,13925315513.613766,25502389.322766546
1239,0.0,12715254.816060832,1239.0,1239,17749.69721187995,15732.048492435817,15749.69721187981,2,2,14732.048492435817,17.648719444131455,17.648719444131455,17.648719444131455,1.0,2000.0,13752700.0,400000.0,9972700.0,134797755.98667955,134797.75598667955,32000.0,0.0,381559.69007163803,-594896.9643795841,17229.458885372245,-0.006000006478012653,-0.006000128383433223,24.131458616900787,32.957970008357044,-517285.0158749158,0.0,-517285.0158749158,13899295839.275122,13925315513.613766,26019674.33864146
1240,0.0,12715254.816060832,1240.0,1240,17767.345931324082,15749.69721187995,15767.34593132394,2,2,14749.69721187995,17.648719444131455,17.648719444131455,17.648719444131455,1.0,2000.0,13752700.0,400000.0,9972700.0,134797755.98667955,134797.75598667955,32000.0,0.0,381559.69007163803,-595200.3934799182,17229.458885372245,-0.006000006478012653,-0.00379999370344916,24.025566185907362,32.8565795677434,-522640.15093789896,0.0,-522640.15093789896,13898773199.124184,13925315513.613766,26542314.48957936
1241,0.0,12715254.816060832,1241.0,1241,17784.994650768214,15767.345931324082,15784.99465076807,2,2,14767.345931324082,17.648719444131455,17.648719444131455,17.648719444131455,1.0,2000.0,13752700.0,400000.0,9972700.0,134797755.98667955,134797.75598667955,32000.0,0.0,381559.69007163803,-597817.3172301291,17229.458885372245,-0.006000006478012653,-0.00379999370344916,23.91967375491394,32.789514544981756,-568825.5040120555,0.0,-568825.5040120555,13898204373.620173,13925315513.613766,27111139.993591417
1242,0.0,12715254.816060832,1242.0,1242,17802.643370212347,15784.994650768214,15802.643370212201,2,2,14784.994650768214,17.648719444131455,17.648719444131455,17.648719444131455,1.0,2000.0,13752700.0,400000.0,9972700.0,134797755.98667955,134797.75598667955,32000.0,0.0,381559.69007163803,-600434.2409803402,17229.458885372245,-0.006000006478012653,-0.00379999370344916,23.81378132392052,32.72244952222011,-615010.8570862141,0.0,-615010.8570862141,13897589362.763086,13925315513.613766,27726150.85067763
1243,0.0,12715254.816060832,1243.0,1243,17820.29208965648,15802.643370212347,15820.292089656332,2,2,14802.643370212347,17.648719444131455,17.648719444131455,17.648719444131455,1.0,2000.0,13752700.0,400000.0,9972700.0,134797755.98667955,134797.75598667955,32000.0,0.0,381559.69007163803,-603051.164730552,17229.458885372245,-0.006000006478012653,-0.00379999370344916,23.707888892927095,32.65538449945847,-661196.2101603871,0.0,-661196.2101603871,13896928166.552925,13925315513.613766,28387347.060838018
1244,0.0,12715254.816060832,1244.0,1244,17837.94080910061,15820.29208965648,15837.940809100463,2,2,14820.29208965648,17.648719444131455,17.648719444131455,17.648719444131455,1.0,2000.0,13752700.0,400000.0,9972700.0,134797755.98667955,134797.75598667955,32000.0,0.0,381559.69007163803,-605668.0884807629,17229.458885372245,-0.006000006478012653,-0.00379999370344916,23.601996461933673,32.588319476696824,-707381.5632345437,0.0,-707381.5632345437,13896220784.98969,13925315513.613766,29094728.624072563
1245,0.0,12715254.816060832,1245.0,1245,17855.589528544744,15837.940809100612,15855.589528544593,2,2,14837.940809100612,17.648719444131455,17.648719444131455,17.648719444131455,1.0,2000.0,13752700.0,400000.0,9972700.0,134797755.98667955,134797.75598667955,32000.0,0.0,381559.69007163803,-608285.0122309739,17229.458885372245,-0.006000006478012653,-0.00379999370344916,23.496104030940252,32.52125445393518,-753566.9163087023,0.0,-753566.9163087023,13895467218.073381,13925315513.613766,29848295.540381264
1246,0.0,12715254.816060832,1246.0,1246,17873.238247988877,15855.589528544744,15873.238247988724,2,2,14855.589528544744,17.648719444131455,17.648719444131455,17.648719444131455,1.0,2000.0,13752700.0,400000.0,9972700.0,134797755.98667955,134797.75598667955,32000.0,0.0,381559.69007163803,-610901.9359811852,17229.458885372245,-0.006000006478012653,-0.00379999370344916,23.390211599946827,32.45418943117353,-799752.269382865,0.0,-799752.269382865,13894667465.803999,13925315513.613766,30648047.80976413
1247,0.0,12715254.816060832,1247.0,1247,17890.88696743301,15873.238247988877,15890.886967432854,2,2,14873.238247988877,17.648719444131455,17.648719444131455,17.648719444131455,1.0,2000.0,13752700.0,400000.0,9972700.0,134797755.98667955,134797.75598667955,32000.0,0.0,381559.69007163803,-613518.8597313965,17229.458885372245,-0.006000006478012653,-0.00379999370344916,23.284319168953406,32.38712440841189,-845937.6224570299,0.0,-845937.6224570299,13893821528.181541,13925315513.613766,31493985.43222116
1248,0.0,12715254.816060832,1248.0,1248,17908.53568687714,15890.886967433009,15908.535686876985,2,2,14890.886967433009,17.648719444131455,17.648719444131455,17.648719444131455,1.0,2000.0,13752700.0,400000.0,9972700.0,134797755.98667955,134797.75598667955,32000.0,0.0,381559.69007163803,-616135.7834816076,17229.458885372245,-0.006000006478012653,-0.00379999370344916,23.178426737959985,32.32005938565025,-892122.9755311884,0.0,-892122.9755311884,13892929405.20601,13925315513.613766,32386108.407752346
1249,0.0,12715254.816060832,1249.0,1249,17926.184406321274,15908.535686877141,15926.184406321116,2,2,14908.535686877141,17.648719444131455,17.648719444131455,17.648719444131455,1.0,2000.0,13752700.0,400000.0,9972700.0,134797755.98667955,134797.75598667955,32000.0,0.0,381559.69007163803,-618752.7072318189,17229.458885372245,-0.006000006478012653,-0.00379999370344916,23.07253430696656,32.2529943628886,-938308.3286053533,0.0,-938308.3286053533,13891991096.877405,13925315513.613766,33324416.7363577
1250,0.0,12715254.816060832,1250.0,1250,17943.833125765406,15926.184406321274,15943.833125765246,2,2,14926.184406321274,17.648719444131455,17.648719444131455,17.648719444131455,1.0,2000.0,13752700.0,400000.0,9972700.0,134797755.98667955,134797.75598667955,32000.0,0.0,381559.69007163803,-621369.6309820303,17229.458885372245,-0.006000006478012653,-0.00379999370344916,22.96664187597314,32.18592934012696,-984493.681679518,0.0,-984493.681679518,13891006603.195726,13925315513.613766,34308910.41803722
1251,0.0,12715254.816060832,1251.0,1251,17961.48184520954,15943.833125765406,15961.481845209377,2,2,14943.833125765406,17.648719444131455,17.648719444131455,17.648719444131455,1.0,2000.0,13752700.0,400000.0,9972700.0,134797755.98667955,134797.75598667955,32000.0,0.0,381559.69007163803,-623986.5547322413,17229.458885372245,-0.006000006478012653,-0.00379999370344916,22.860749444979717,32.118864317365315,-1030679.0347536766,0.0,-1030679.0347536766,13889975924.160973,13925315513.613766,35339589.4527909
1252,0.0,12715254.816060832,1252.0,1252,17979.13056465367,15961.481845209539,15979.130564653507,2,2,14961.481845209539,17.648719444131455,17.648719444131455,17.648719444131455,1.0,2000.0,13752700.0,400000.0,9972700.0,134797755.98667955,134797.75598667955,32000.0,0.0,381559.69007163803,-626603.4784824526,17229.458885372245,-0.006000006478012653,-0.00379999370344916,22.754857013986292,32.05179929460367,-1076864.3878278395,0.0,-1076864.3878278395,13888899059.773146,13925315513.613766,36416453.84061874
1253,0.0,12715254.816060832,1253.0,1253,17996.779284097804,15979.130564653671,15996.779284097638,2,2,14979.130564653671,17.648719444131455,17.648719444131455,17.648719444131455,1.0,2000.0,13752700.0,400000.0,9972700.0,134797755.98667955,134797.75598667955,32000.0,0.0,381559.69007163803,-629220.4022326638,17229.458885372245,-0.006000006478012653,-0.00379999370344916,22.64896458299287,31.984734271842026,-1123049.740902002,0.0,-1123049.740902002,13887776010.032244,13925315513.613766,37539503.581520736
1254,0.0,12715254.816060832,1254.0,1254,18014.428003541936,15996.779284097804,16014.428003541769,2,2,14996.779284097804,17.648719444131455,17.648719444131455,17.648719444131455,1.0,2000.0,13752700.0,400000.0,9972700.0,134797755.98667955,134797.75598667955,32000.0,0.0,381559.69007163803,-633191.4313474748,17229.458885372245,-0.006000006478012653,-0.0011999963119479352,22.543072151999446,31.937760167578066,-1193133.319653779,0.0,-1193133.319653779,13886582876.71259,13925315513.613766,38732636.901174515
1255,0.0,12715254.816060832,1255.0,1255,18032.07672298607,16014.428003541936,16032.0767229859,2,2,15014.428003541936,17.648719444131455,17.648719444131455,17.648719444131455,1.0,2000.0,13752700.0,400000.0,9972700.0,134797755.98667955,134797.75598667955,32000.0,0.0,381559.69007163803,-638901.0621051063,17229.458885372245,-0.006000006478012653,-0.0011999963119479352,22.437179721006025,31.916581769334503,-1293900.991024801,0.0,-1293900.991024801,13885288975.721565,13925315513.613766,40026537.892199315
1256,0.0,12715254.816060832,1256.0,1256,18049.7254424302,16032.076722986068,16049.72544243003,2,2,15032.076722986068,17.648719444131455,17.648719444131455,17.648719444131455,1.0,2000.0,13752700.0,400000.0,9972700.0,134797755.98667955,134797.75598667955,32000.0,0.0,381559.69007163803,-644610.6928627377,17229.458885372245,-0.006000006478012653,-0.0011999963119479352,22.331287290012604,31.89540337109094,-1394668.662395821,0.0,-1394668.662395821,13883894307.05917,13925315513.613766,41421206.554595135
1257,0.0,12715254.816060832,1257.0,1257,18067.374161874333,16049.725442430201,16067.37416187416,2,2,15049.725442430201,17.648719444131455,17.648719444131455,17.648719444131455,1.0,2000.0,13752700.0,400000.0,9972700.0,134797755.98667955,134797.75598667955,32000.0,0.0,381559.69007163803,-650320.3236203692,17229.458885372245,-0.006000006478012653,-0.0011999963119479352,22.225394859019183,31.874224972847376,-1495436.3337668432,0.0,-1495436.3337668432,13882398870.725403,13925315513.613766,42916642.888361976
1258,0.0,12715254.816060832,1258.0,1258,18085.022881318466,16067.374161874333,16085.022881318291,2,2,15067.374161874333,17.648719444131455,17.648719444131455,17.648719444131455,1.0,2000.0,13752700.0,400000.0,9972700.0,134797755.98667955,134797.75598667955,32000.0,0.0,381559.69007163803,-656029.9543780012,17229.458885372245,-0.006000006478012653,-0.0011999963119479352,22.119502428025758,31.853046574603816,-1596204.0051378733,0.0,-1596204.0051378733,13880802666.720264,13925315513.613766,44512846.89349985
1259,0.0,12715254.816060832,1259.0,1259,18102.6716007626,16085.022881318466,16102.671600762422,2,2,15085.022881318466,17.648719444131455,17.648719444131455,17.648719444131455,1.0,2000.0,13752700.0,400000.0,9972700.0,134797755.98667955,134797.75598667955,32000.0,0.0,381559.69007163803,-661739.5851356327,17229.458885372245,-0.006000006478012653,-0.0011999963119479352,22.013609997032336,31.831868176360253,-1696971.6765088956,0.0,-1696971.6765088956,13879105695.043756,13925315513.613766,46209818.57000875
1260,0.0,12715254.816060832,1260.0,1260,18120.32032020673,16102.671600762598,16120.320320206552,2,2,15102.671600762598,17.648719444131455,17.648719444131455,17.648719444131455,1.0,2000.0,13752700.0,400000.0,9972700.0,134797755.98667955,134797.75598667955,32000.0,0.0,381559.69007163803,-667449.2158932643,17229.458885372245,-0.006000006478012653,-0.0011999963119479352,21.90771756603891,31.81068977811669,-1797739.3478799197,0.0,-1797739.3478799197,13877307955.695877,13925315513.613766,48007557.91788866
1261,0.0,12715254.816060832,1261.0,1261,18137.969039650863,16120.32032020673,16137.969039650683,2,2,15120.32032020673,17.648719444131455,17.648719444131455,17.648719444131455,1.0,2000.0,13752700.0,400000.0,9972700.0,134797755.98667955,134797.75598667955,32000.0,0.0,381559.69007163803,-673158.8315331714,17229.458885372245,-0.006000006478012653,-0.0012001968826891433,21.80182513504549,31.78951115557081,-1898506.7524424647,0.0,-1898506.7524424647,13875409448.943434,13925315513.613766,49906064.67033113
1262,0.0,12715254.816060832,1262.0,1262,18155.617759094996,16137.969039650863,16155.617759094814,2,2,15137.969039650863,17.648719444131455,17.648719444131455,17.648719444131455,1.0,2000.0,13752700.0,400000.0,9972700.0,134797755.98667955,134797.75598667955,32000.0,0.0,381559.69007163803,-678868.4096570722,17229.458885372245,-0.006000006478012653,-0.001199997788201819,21.69593270405207,31.76833197639836,-1999273.4948955404,0.0,-1999273.4948955404,13873410175.448538,13925315513.613766,51905338.16522667
1263,0.0,12715254.816060832,1263.0,1263,18173.266478539128,16155.617759094996,16173.266478538944,2,2,15155.617759094996,17.648719444131455,17.648719444131455,17.648719444131455,1.0,2000.0,13752700.0,400000.0,9972700.0,134797755.98667955,134797.75598667955,32000.0,0.0,381559.69007163803,-684578.0386586942,17229.458885372245,-0.006000006478012653,-0.001199997788201819,21.590040273058644,31.74715355210081,-2100041.135275245,0.0,-2100041.135275245,13871310134.313263,13925315513.613766,54005379.30050191
1264,0.0,12715254.816060832,1264.0,1264,18190.91519798326,16173.266478539128,16190.915197983075,2,2,15173.266478539128,17.648719444131455,17.648719444131455,17.648719444131455,1.0,2000.0,13752700.0,400000.0,9972700.0,134797755.98667955,134797.75598667955,32000.0,0.0,381559.69007163803,-690287.6676603158,17229.458885372245,-0.006000006478012653,-0.001199997788201819,21.484147842065223,31.725975127803252,-2200808.7756549395,0.0,-2200808.7756549395,13869109325.537607,13925315513.613766,56206188.076156855
1265,0.0,12715254.816060832,1265.0,1265,18208.563917427393,16190.91519798326,16208.563917427206,2,2,15190.91519798326,17.648719444131455,17.648719444131455,17.648719444131455,1.0,2000.0,13752700.0,400000.0,9972700.0,134797755.98667955,134797.75598667955,32000.0,0.0,381559.69007163803,-695997.2966619376,17229.458885372245,-0.006000006478012653,-0.001199997788201819,21.3782554110718,31.7047967035057,-2301576.41603464,0.0,-2301576.41603464,13866807749.121572,13925315513.613766,58507764.49219149
1266,0.0,12715254.816060832,1266.0,1266,18226.212636871525,16208.563917427393,16226.212636871336,2,2,15208.563917427393,17.648719444131455,17.648719444131455,17.648719444131455,1.0,2000.0,13752700.0,400000.0,9972700.0,134797755.98667955,134797.75598667955,32000.0,0.0,381559.69007163803,-701706.9256635597,17229.458885372245,-0.006000006478012653,-0.001199997788201819,21.272362980078377,31.683618279208147,-2402344.0564143443,0.0,-2402344.0564143443,13864405405.065159,13925315513.613766,60910108.54860584
1267,0.0,12715254.816060832,1267.0,1267,18243.861356315658,16226.212636871525,16243.861356315467,2,2,15226.212636871525,17.648719444131455,17.648719444131455,17.648719444131455,1.0,2000.0,13752700.0,400000.0,9972700.0,134797755.98667955,134797.75598667955,32000.0,0.0,381559.69007163803,-707416.5546651816,17229.458885372245,-0.006000006478012653,-0.001199997788201819,21.166470549084956,31.662439854910595,-2503111.696794045,0.0,-2503111.696794045,13861902293.368364,13925315513.613766,63413220.245399885
1268,0.0,12715254.816060832,1268.0,1268,18261.51007575979,16243.861356315658,16261.510075759597,2,2,15243.861356315658,17.648719444131455,17.648719444131455,17.648719444131455,1.0,2000.0,13752700.0,400000.0,9972700.0,134797755.98667955,134797.75598667955,32000.0,0.0,381559.69007163803,-713126.1836668033,17229.458885372245,-0.006000006478012653,-0.001199997788201819,21.060578118091534,31.641261430613042,-2603879.3371737436,0.0,-2603879.3371737436,13859298414.03119,13925315513.613766,66017099.58257363
1269,0.0,12715254.816060832,1269.0,1269,18279.158795203923,16261.51007575979,16279.158795203728,2,2,15261.51007575979,17.648719444131455,17.648719444131455,17.648719444131455,1.0,2000.0,13752700.0,400000.0,9972700.0,134797755.98667955,134797.75598667955,32000.0,0.0,381559.69007163803,-718835.8126684251,17229.458885372245,-0.006000006478012653,-0.001199997788201819,20.95468568709811,31.620083006315486,-2704646.977553444,0.0,-2704646.977553444,13856593767.053637,13925315513.613766,68721746.56012708
1270,0.0,12715254.816060832,1270.0,1270,18296.807514648055,16279.158795203923,16296.807514647859,2,2,15279.158795203923,17.648719444131455,17.648719444131455,17.648719444131455,1.0,2000.0,13752700.0,400000.0,9972700.0,134797755.98667955,134797.75598667955,32000.0,0.0,381559.69007163803,-724545.441670047,17229.458885372245,-0.006000006478012653,-0.001199997788201819,20.84879325610469,31.598904582017934,-2805414.6179331443,0.0,-2805414.6179331443,13853788352.435703,13925315513.613766,71527161.17806022
1271,0.0,12715254.816060832,1271.0,1271,18314.456234092188,16296.807514648055,16314.45623409199,2,2,15296.807514648055,17.648719444131455,17.648719444131455,17.648719444131455,1.0,2000.0,13752700.0,400000.0,9972700.0,134797755.98667955,134797.75598667955,32000.0,0.0,381559.69007163803,-730255.0706716687,17229.458885372245,-0.006000006478012653,-0.001199997788201819,20.742900825111267,31.57772615772038,-2906182.258312843,0.0,-2906182.258312843,13850882170.177391,13925315513.613766,74433343.43637305
1272,0.0,12715254.816060832,1272.0,1272,18332.10495353632,16314.456234092188,16332.10495353612,2,2,15314.456234092188,17.648719444131455,17.648719444131455,17.648719444131455,1.0,2000.0,13752700.0,400000.0,9972700.0,134797755.98667955,134797.75598667955,32000.0,0.0,381559.69007163803,-735964.6996732908,17229.458885372245,-0.006000006478012653,-0.001199997788201819,20.637008394117842,31.55654773342283,-3006949.898692548,0.0,-3006949.898692548,13847875220.278698,13925315513.613766,77440293.3350656
1273,0.0,12715254.816060832,1273.0,1273,18349.753672980452,16332.10495353632,16349.75367298025,2,2,15332.10495353632,17.648719444131455,17.648719444131455,17.648719444131455,1.0,2000.0,13752700.0,400000.0,9972700.0,134797755.98667955,134797.75598667955,32000.0,0.0,381559.69007163803,-741674.3286749125,17229.458885372245,-0.006000006478012653,-0.001199997788201819,20.53111596312442,31.535369309125272,-3107717.539072244,0.0,-3107717.539072244,13844767502.739626,13925315513.613766,80548010.87413785
1274,0.0,12715254.816060832,1274.0,1274,18367.402392424585,16349.753672980452,16367.402392424381,2,2,15349.753672980452,17.648719444131455,17.648719444131455,17.648719444131455,1.0,2000.0,13752700.0,400000.0,9972700.0,134797755.98667955,134797.75598667955,32000.0,0.0,381559.69007163803,-747383.9568402854,17227.14340011109,-0.006000006478012653,-0.0011999999999989259,20.425223532131,31.51419087242026,-3208526.030042974,0.0,-3208526.030042974,13841558976.709583,13925315513.613766,83756536.90418082
1275,0.0,12715254.816060832,1275.0,1275,18385.051111868717,16367.402392424585,16385.051111868514,2,2,15367.402392424585,17.648719444131455,17.648719444131455,17.648719444131455,1.0,2000.0,13752700.0,400000.0,9972700.0,134797755.98667955,134797.75598667955,32000.0,0.0,381559.69007163803,-753093.5919448698,17225.68454820457,-0.006000006478012653,-0.0012011822660068945,20.319331101137575,31.49301253867262,-3309319.525000157,0.0,-3309319.525000157,13838249657.184584,13925315513.613766,87065856.42918098
1276,0.0,12715254.816060832,1276.0,1276,18402.69983131285,16385.051111868717,16402.699831312646,2,2,15385.051111868717,17.648719444131455,17.648719444131455,17.648719444131455,1.0,2000.0,13752700.0,400000.0,9972700.0,134797755.98667955,134797.75598667955,32000.0,0.0,381559.69007163803,-758803.196806099,17183.772285332296,-0.006000006478012653,-0.0011992131147525343,20.213438670144154,31.47183375620304,-3410826.4371015416,0.0,-3410826.4371015416,13834838830.747482,13925315513.613766,90476682.86628252
1277,0.0,12715254.816060832,1277.0,1277,18420.348550756982,16402.69983131285,16420.34855075678,2,2,15402.69983131285,17.648719444131455,17.648719444131455,17.648719444131455,1.0,2000.0,13752700.0,400000.0,9972700.0,134797755.98667955,134797.75598667955,32000.0,0.0,381559.69007163803,-764512.8611031794,16983.247890328897,-0.006000006478012653,-0.0012031578947401247,20.10754623915073,31.450655855585694,-3515133.699190006,0.0,-3515133.699190006,13831323697.048292,13925315513.613766,93991816.56547253
1278,0.0,12715254.816060832,1278.0,1278,18437.997270201115,16420.348550756982,16437.99727020091,2,2,15420.348550756982,17.648719444131455,17.648719444131455,17.648719444131455,1.0,2000.0,13752700.0,400000.0,9972700.0,134797755.98667955,134797.75598667955,32000.0,0.0,381559.69007163803,-770222.2983955262,16671.232050139966,-0.005998875351447413,-0.0012001968826893658,20.00165593941101,31.42947671814323,-3621404.6361721163,0.0,-3621404.6361721163,13827702292.41212,13925315513.613766,97613221.20164464
1279,0.0,12715254.816060832,1279.0,1279,18455.645989645247,16437.997270201115,16455.645989645043,2,2,15437.997270201115,17.648719444131455,17.648719444131455,17.648719444131455,1.0,2000.0,13752700.0,400000.0,9972700.0,134797755.98667955,134797.75598667955,32000.0,0.0,381559.69007163803,-775931.8835079557,16074.741496845805,-0.006000984413448181,-0.0012031578947401247,19.89576401960728,31.40829815384957,-3732698.796389937,0.0,-3732698.796389937,13823969593.61573,13925315513.613766,101345919.99803458
1280,0.0,12715254.816060832,1280.0,1280,18473.29470908938,16455.645989645247,16473.294709089176,2,2,15455.645989645247,17.648719444131455,17.648719444131455,17.648719444131455,1.0,2000.0,13752700.0,400000.0,9972700.0,134797755.98667955,134797.75598667955,32000.0,0.0,381559.69007163803,-781641.5169668858,15242.894943983385,-0.005999343903768242,-0.0011992131147543223,19.789872082064267,31.387120289135698,-3848147.5418674564,0.0,-3848147.5418674564,13820121446.073862,13925315513.613766,105194067.53990203
1281,0.0,12715254.816060832,1281.0,1281,18490.943428533512,16473.29470908938,16490.943428533308,2,2,15473.29470908938,17.648719444131455,17.648719444131455,17.648719444131455,1.0,2000.0,13752700.0,400000.0,9972700.0,134797755.98667955,134797.75598667955,32000.0,0.0,381559.69007163803,-781540.4741416945,14309.994030974525,-0.005998875351447413,-0.006100074123573965,19.683981117429745,31.279730147835338,-3862828.7718766807,0.0,-3862828.7718766807,13816258617.301985,13925315513.613766,109056896.31177871
1282,0.0,12715254.816060832,1282.0,1282,18508.592147977644,16490.943428533512,16508.59214797744,2,2,15490.943428533512,17.648719444131455,17.648719444131455,17.648719444131455,1.0,2000.0,13752700.0,400000.0,9972700.0,134797755.98667955,134797.75598667955,32000.0,0.0,381559.69007163803,-781421.8743270806,13356.742144248918,-0.006001687763708393,-0.006100210671727147,19.5780861058787,31.172075465824708,-3877559.3121308424,0.0,-3877559.3121308424,13812381057.989855,13925315513.613766,112934455.62390955
1283,0.0,12715254.816060832,1283.0,1283,18526.240867421777,16508.592147977644,16526.240867421573,2,2,15508.592147977644,17.648719444131455,17.648719444131455,17.648719444131455,1.0,2000.0,13752700.0,400000.0,9972700.0,134797755.98667955,134797.75598667955,32000.0,0.0,381559.69007163803,-781302.6721330449,12438.291342877703,-0.006000984413452658,-0.0060959999999994465,19.472195769967644,31.064416521925143,-3891665.026567821,0.0,-3891665.026567821,13808489392.963287,13925315513.613766,116826120.65047736
1284,0.0,12715254.816060832,1284.0,1284,18543.88958686591,16526.240867421777,16543.889586865705,2,2,15526.240867421777,17.648719444131455,17.648719444131455,17.648719444131455,1.0,2000.0,13752700.0,400000.0,9972700.0,134797755.98667955,134797.75598667955,32000.0,0.0,381559.69007163803,-781183.935242829,11490.94390353681,-0.006000984413452658,-0.006099902376565237,19.36630108212685,30.956760129828268,-3906288.9416777757,0.0,-3906288.9416777757,13804583104.02161,13925315513.613766,120732409.59215514
1285,0.0,12715254.816060832,1285.0,1285,18561.53830631004,16543.88958686591,16561.538306309838,2,2,15543.88958686591,17.648719444131455,17.648719444131455,17.648719444131455,1.0,2000.0,13752700.0,400000.0,9972700.0,134797755.98667955,134797.75598667955,32000.0,0.0,381559.69007163803,-781864.7333331108,10551.110913743592,-0.005999343903768242,-0.0045000000000029365,19.260410401373694,30.860970479100406,-3934891.004932459,0.0,-3934891.004932459,13800648213.016678,13925315513.613766,124667300.5970876
1286,0.0,12715254.816060832,1286.0,1286,18579.187025754174,16561.53830631004,16579.18702575397,2,2,15561.538306310042,17.648719444131455,17.648719444131455,17.648719444131455,1.0,2000.0,13752700.0,400000.0,9972700.0,134797755.98667955,134797.75598667955,32000.0,0.0,381559.69007163803,-783649.0145940991,9623.734821329597,-0.006000984413448181,-0.0045000000000029365,19.154517707430198,30.781551241601758,-3982748.2847912726,0.0,-3982748.2847912726,13796665464.731886,13925315513.613766,128650048.88187888
1287,0.0,12715254.816060832,1287.0,1287,18596.835745198307,16579.187025754174,16596.835745198103,2,2,15579.187025754174,17.648719444131455,17.648719444131455,17.648719444131455,1.0,2000.0,13752700.0,400000.0,9972700.0,134797755.98667955,134797.75598667955,32000.0,0.0,381559.69007163803,-785433.3309034568,8645.876091351902,-0.005998875351447413,-0.004499979775736097,19.04862461760969,30.702132128240233,-4031497.137116085,0.0,-4031497.137116085,13792633967.59477,13925315513.613766,132681546.01899497
1288,0.0,12715254.816060832,1288.0,1288,18614.48446464244,16596.835745198307,16614.484464642235,2,2,15596.835745198307,17.648719444131455,17.648719444131455,17.648719444131455,1.0,2000.0,13752700.0,400000.0,9972700.0,134797755.98667955,134797.75598667955,32000.0,0.0,381559.69007163803,-787217.498835665,7711.849933867776,-0.006000017192223147,-0.004499979775736097,18.9427339620625,30.622713247673996,-4079469.781999762,0.0,-4079469.781999762,13788554497.81277,13925315513.613766,136761015.80099472
1289,0.0,12715254.816060832,1289.0,1289,18632.13318408657,16614.48446464244,16632.133184086368,2,2,15614.484464642439,17.648719444131455,17.648719444131455,17.648719444131455,1.0,2000.0,13752700.0,400000.0,9972700.0,134797755.98667955,134797.75598667955,32000.0,0.0,381559.69007163803,-789001.7991755527,6777.823776383648,-0.006000017192223147,-0.004499979775736097,18.83684134197698,30.54329436710776,-4127444.763709425,0.0,-4127444.763709425,13784427053.04906,13925315513.613766,140888460.56470415
1290,0.0,12715254.816060832,1290.0,1290,18649.781903530704,16632.13318408657,16649.7819035305,2,2,15632.133184086571,17.648719444131455,17.648719444131455,17.648719444131455,1.0,2000.0,13752700.0,400000.0,9972700.0,134797755.98667955,134797.75598667955,32000.0,0.0,381559.69007163803,-790786.0342893213,5815.362783071887,-0.006000017192223147,-0.004500046137285119,18.730948721891465,30.463874518778844,-4175920.4327015746,0.0,-4175920.4327015746,13780251132.61636,13925315513.613766,145064380.99740574
1291,0.0,12715254.816060832,1291.0,1291,18667.430622974836,16649.781903530704,16667.430622974633,2,2,15649.781903530704,17.648719444131455,17.648719444131455,17.648719444131455,1.0,2000.0,13752700.0,400000.0,9972700.0,134797755.98667955,134797.75598667955,32000.0,0.0,381559.69007163803,-792570.2556918884,4846.924494671331,-0.006000017192223147,-0.004500046137285119,18.625056101805946,30.384454467016248,-4224501.351312632,0.0,-4224501.351312632,13776026631.265047,13925315513.613766,149288882.34871837
1292,0.0,12715254.816060832,1292.0,1292,18685.07934241897,16667.430622974836,16685.079342418765,2,2,15667.430622974836,17.648719444131455,17.648719444131455,17.648719444131455,1.0,2000.0,13752700.0,400000.0,9972700.0,134797755.98667955,134797.75598667955,32000.0,0.0,381559.69007163803,-794354.5550864368,3844.7753355387654,-0.006000017192223147,-0.004500054681325031,18.51916348172043,30.30503557242398,-4273678.600082054,0.0,-4273678.600082054,13771752952.664965,13925315513.613766,153562560.9488004
1293,0.0,12715254.816060832,1293.0,1293,18702.7280618631,16685.07934241897,16702.728061862897,2,2,15685.079342418969,17.648719444131455,17.648719444131455,17.648719444131455,1.0,2000.0,13752700.0,400000.0,9972700.0,134797755.98667955,134797.75598667955,32000.0,0.0,381559.69007163803,-796138.7540652798,2879.346986640928,-0.006000017192223147,-0.004500086847434016,18.413270861634913,30.225615187959644,-4322206.0013652695,0.0,-4322206.0013652695,13767430746.663599,13925315513.613766,157884766.9501657
1294,0.0,12715254.816060832,1294.0,1294,18720.376781307234,16702.7280618631,16720.37678130703,2,2,15702.728061863101,17.648719444131455,17.648719444131455,17.648719444131455,1.0,2000.0,13752700.0,400000.0,9972700.0,134797755.98667955,134797.75598667955,32000.0,0.0,381559.69007163803,-797922.9612024368,1955.6285714042986,-0.006000017192223147,-0.004499731583653646,18.307378241549394,30.146194924540556,-4369997.419715059,0.0,-4369997.419715059,13763060749.243883,13925315513.613766,162254764.36988074
1295,0.0,12715254.816060832,1295.0,1295,18738.025500751366,16720.376781307234,16738.025500751162,2,2,15720.376781307234,17.648719444131455,17.648719444131455,17.648719444131455,1.0,2000.0,13752700.0,400000.0,9972700.0,134797755.98667955,134797.75598667955,32000.0,0.0,381559.69007163803,-799707.3009089924,1089.2923476104977,-0.006000017192223147,-0.004497049180319667,18.201485621463878,30.066776628059237,-4416778.455547107,0.0,-4416778.455547107,13758643970.788336,13925315513.613766,166671542.82542783
1296,0.0,12715254.816060832,1296.0,1296,18755.6742201955,16738.025500751366,16755.674220195295,2,2,15738.025500751366,17.648719444131455,17.648719444131455,17.648719444131455,1.0,2000.0,13752700.0,400000.0,9972700.0,134797755.98667955,134797.75598667955,32000.0,0.0,381559.69007163803,-801491.7305528864,489.78378094493206,-0.006000017192223147,-0.0045012658227812944,18.095593001378358,29.987359665982005,-4458851.912197418,0.0,-4458851.912197418,13754185118.876139,13925315513.613766,171130394.73762524
1297,0.0,12715254.816060832,1297.0,1297,18773.32293963963,16755.6742201955,16773.322939639427,2,2,15755.674220195498,17.648719444131455,17.648719444131455,17.648719444131455,1.0,2000.0,13752700.0,400000.0,9972700.0,134797755.98667955,134797.75598667955,32000.0,0.0,381559.69007163803,-803275.9022884567,261.73277157467487,-0.006000017192223147,-0.004497049180319667,17.98970038129284,29.907938877308084,-4494365.066881973,0.0,-4494365.066881973,13749690753.809258,13925315513.613766,175624759.80450723
1298,0.0,12715254.816060832,1298.0,1298,18790.971659083763,16773.32293963963,16790.97165908356,2,2,15773.322939639631,17.648719444131455,17.648719444131455,17.648719444131455,1.0,2000.0,13752700.0,400000.0,9972700.0,134797755.98667955,134797.75598667955,32000.0,0.0,381559.69007163803,-805060.0514301404,66.13210337728219,-0.006000017192223147,-0.004497049180319667,17.883807761207322,29.82851775340771,-4529305.1158461375,0.0,-4529305.1158461375,13745161448.69341,13925315513.613766,180154064.92035335
1299,0.0,12715254.816060832,1299.0,1299,18808.620378527896,16790.971659083763,16808.620378527692,2,2,15790.971659083763,17.648719444131455,17.648719444131455,17.648719444131455,1.0,2000.0,13752700.0,400000.0,9972700.0,134797755.98667955,134797.75598667955,32000.0,0.0,381559.69007163803,-806538.7409607623,11.323011502907372,-0.0027999430315368075,-0.004497049180319667,17.782451755324416,29.74910112655672,-4556369.402802535,0.0,-4556369.402802535,13740605079.290607,13925315513.613766,184710434.32315588
1300,0.0,12715254.816060832,1300.0,1300,18826.26909797203,16808.620378527896,16826.269097971825,2,2,15808.620378527896,17.648719444131455,17.648719444131455,17.648719444131455,1.0,2000.0,13752700.0,400000.0,9972700.0,134797755.98667955,134797.75598667955,32000.0,0.0,381559.69007163803,-804516.3971257772,11.323011502907372,-0.0027999430315368075,-0.0044999999999950765,17.73303634630127,29.669680116621567,-4520677.623839316,0.0,-4520677.623839316,13736084401.666769,13925315513.613766,189231111.9469952
1301,0.0,12715254.816060832,1301.0,1301,18843.91781741616,16826.26909797203,16843.917817415957,2,2,15826.269097972028,17.648719444131455,17.648719444131455,17.648719444131455,1.0,2000.0,13752700.0,400000.0,9972700.0,134797755.98667955,134797.75598667955,32000.0,0.0,381559.69007163803,-800867.8144404703,11.323011502907372,-0.0027999430315368075,-0.0059999999999946286,17.68362093727812,29.566130532165005,-4456284.811657618,0.0,-4456284.811657618,13731628116.855112,13925315513.613766,193687396.7586528
1302,0.0,12715254.816060832,1302.0,1302,18861.566536860293,16843.91781741616,16861.56653686009,2,2,15843.91781741616,17.648719444131455,17.648719444131455,17.648719444131455,1.0,2000.0,13752700.0,400000.0,9972700.0,134797755.98667955,134797.75598667955,32000.0,0.0,381559.69007163803,-797061.4822076957,11.323011502907372,-0.0028004593929447682,-0.005999944549704697,17.63420336112706,29.46023824388074,-4389107.921970225,0.0,-4389107.921970225,13727239008.933142,13925315513.613766,198076504.68062302
1303,0.0,12715254.816060832,1303.0,1303,18879.215256304426,16861.566536860293,16879.215256304222,2,2,15861.566536860293,17.648719444131455,17.648719444131455,17.648719444131455,1.0,2000.0,13752700.0,400000.0,9972700.0,134797755.98667955,134797.75598667955,32000.0,0.0,381559.69007163803,-793255.1590118528,11.323011502907372,-0.0027996938217549516,-0.005999944549704697,17.58478660114083,29.35434690584265,-4321931.191773104,0.0,-4321931.191773104,13722917077.74137,13925315513.613766,202398435.87239614
1304,0.0,12715254.816060832,1304.0,1304,18896.863975748558,16879.215256304426,16896.863975748354,2,2,15879.215256304426,17.648719444131455,17.648719444131455,17.648719444131455,1.0,2000.0,13752700.0,400000.0,9972700.0,134797755.98667955,134797.75598667955,32000.0,0.0,381559.69007163803,-789448.6606331499,11.323011502907372,-0.0027999999999960426,-0.006000605754664397,17.535371842344865,29.248454969799326,-4254751.369822835,0.0,-4254751.369822835,13718662326.371546,13925315513.613766,206653187.24221897
1305,0.0,12715254.816060832,1305.0,1305,18914.51269519269,16896.863975748558,16914.512695192487,2,2,15896.863975748558,17.648719444131455,17.648719444131455,17.648719444131455,1.0,2000.0,13752700.0,400000.0,9972700.0,134797755.98667955,134797.75598667955,32000.0,0.0,381559.69007163803,-785642.4129918893,11.323011502907372,-0.0028004593929405893,-0.005998875351447413,17.48595429872464,29.142563969133764,-4187575.973067339,0.0,-4187575.973067339,13714474750.398478,13925315513.613766,210840763.2152863
1306,0.0,12715254.816060832,1306.0,1306,18932.161414636823,16914.51269519269,16932.16141463662,2,2,15914.51269519269,17.648719444131455,17.648719444131455,17.648719444131455,1.0,2000.0,13752700.0,400000.0,9972700.0,134797755.98667955,134797.75598667955,32000.0,0.0,381559.69007163803,-781835.9913766556,11.323011502907372,-0.002801225382932476,-0.0060001640464742,17.436538652343412,29.036672284448017,-4120397.505894003,0.0,-4120397.505894003,13710354352.892584,13925315513.613766,214961160.72118032
1307,0.0,12715254.816060832,1307.0,1307,18949.810134080955,16932.161414636823,16949.81013408075,2,2,15932.161414636823,17.648719444131455,17.648719444131455,17.648719444131455,1.0,2000.0,13752700.0,400000.0,9972700.0,134797755.98667955,134797.75598667955,32000.0,0.0,381559.69007163803,-775390.9633090037,11.323011502907372,0.0,-0.005998523985233884,17.42626943999742,28.93077791839711,-4006651.0137184616,0.0,-4006651.0137184616,13706347701.878866,13925315513.613766,218967811.73489878
1308,0.0,12715254.816060832,1308.0,1308,18967.458853525088,16949.810134080955,16967.458853524884,2,2,15949.810134080955,17.648719444131455,17.648719444131455,17.648719444131455,1.0,2000.0,13752700.0,400000.0,9972700.0,134797755.98667955,134797.75598667955,32000.0,0.0,381559.69007163803,-768253.9758720275,11.323011502907372,0.0,-0.005999343903768242,17.42626943999742,28.824886134298247,-3880692.3247669763,0.0,-3880692.3247669763,13702467009.5541,13925315513.613766,222848504.05966574
1309,0.0,12715254.816060832,1309.0,1309,18985.10757296922,16967.458853525088,16985.107572969016,2,2,15967.458853525088,17.648719444131455,17.648719444131455,17.648719444131455,1.0,2000.0,13752700.0,400000.0,9972700.0,134797755.98667955,134797.75598667955,32000.0,0.0,381559.69007163803,-761116.991409799,11.323011502907372,0.0,-0.005996065573771476,17.42626943999742,28.718994394335844,-3754733.6883159806,0.0,-3754733.6883159806,13698712275.865784,13925315513.613766,226603237.74798173
1310,0.0,12715254.816060832,1310.0,1310,19002.756292413353,16985.10757296922,17002.75629241315,2,2,15985.10757296922,17.648719444131455,17.648719444131455,17.648719444131455,1.0,2000.0,13752700.0,400000.0,9972700.0,134797755.98667955,134797.75598667955,32000.0,0.0,381559.69007163803,-753980.0074542306,11.323011502907372,0.0,-0.005999343903768242,17.42626943999742,28.613102661890778,-3628775.0608068863,0.0,-3628775.0608068863,13695083500.804977,13925315513.613766,230232012.80878863
1311,0.0,12715254.816060832,1311.0,1311,19020.405011857485,17002.756292413353,17020.40501185728,2,2,16002.756292413353,17.648719444131455,17.648719444131455,17.648719444131455,1.0,2000.0,13752700.0,400000.0,9972700.0,134797755.98667955,134797.75598667955,32000.0,0.0,381559.69007163803,-746842.928842784,11.323011502907372,0.0,-0.006000984413452658,17.42626943999742,28.507209525032447,-3502814.762742755,0.0,-3502814.762742755,13691580686.042234,13925315513.613766,233734827.5715314
1312,0.0,12715254.816060832,1312.0,1312,19038.053731301618,17020.405011857485,17038.053731301414,2,2,16020.405011857485,17.648719444131455,17.648719444131455,17.648719444131455,1.0,2000.0,13752700.0,400000.0,9972700.0,134797755.98667955,134797.75598667955,32000.0,0.0,381559.69007163803,-739705.9479266657,11.323011502907372,0.0,-0.006000984413452658,17.42626943999742,28.40131783768383,-3376856.1888760617,0.0,-3376856.1888760617,13688203829.85336,13925315513.613766,237111683.76040745
1313,0.0,12715254.816060832,1313.0,1313,19055.70245074575,17038.053731301618,17055.702450745546,2,2,16038.053731301618,17.648719444131455,17.648719444131455,17.648719444131455,1.0,2000.0,13752700.0,400000.0,9972700.0,134797755.98667955,134797.75598667955,32000.0,0.0,381559.69007163803,-732568.7366312257,11.323011502907372,0.0,-0.005999999999997016,17.42626943999742,28.295422732187486,-3250893.5491093555,0.0,-3250893.5491093555,13684952936.30425,13925315513.613766,240362577.30951682
1314,0.0,12715254.816060832,1314.0,1314,19073.351170189882,17055.70245074575,17073.35117018968,2,2,16055.70245074575,17.648719444131455,17.648719444131455,17.648719444131455,1.0,2000.0,13752700.0,400000.0,9972700.0,134797755.98667955,134797.75598667955,32000.0,0.0,381559.69007163803,-725431.8750572185,11.323011502907372,0.0,-0.005999999999989855,17.42626943999742,28.189532815522814,-3124937.0814781,0.0,-3124937.0814781,13681827999.222773,13925315513.613766,243487514.3909949
1315,0.0,12715254.816060832,1315.0,1315,19090.999889634015,17073.351170189882,17090.99988963381,2,2,16073.351170189882,17.648719444131455,17.648719444131455,17.648719444131455,1.0,2000.0,13752700.0,400000.0,9972700.0,134797755.98667955,134797.75598667955,32000.0,0.0,381559.69007163803,-718294.6899685769,11.323011502907372,0.0,-0.005999999999989855,17.42626943999742,28.083638098857843,-2998974.904227826,0.0,-2998974.904227826,13678829024.318544,13925315513.613766,246486489.29522273
1316,0.0,12715254.816060832,1316.0,1316,19108.648609078147,17090.999889634015,17108.648609077944,2,2,16090.999889634015,17.648719444131455,17.648719444131455,17.648719444131455,1.0,2000.0,13752700.0,400000.0,9972700.0,134797755.98667955,134797.75598667955,32000.0,0.0,381559.69007163803,-711157.8283945676,11.323011502907372,0.0,-0.005999999999997016,17.42626943999742,27.97774818219314,-2873018.4365965337,0.0,-2873018.4365965337,13675956005.881948,13925315513.613766,249359507.73181927
1317,0.0,12715254.816060832,1317.0,1317,19126.29732852228,17108.648609078147,17126.297328522076,2,2,16108.648609078147,17.648719444131455,17.648719444131455,17.648719444131455,1.0,2000.0,13752700.0,400000.0,9972700.0,134797755.98667955,134797.75598667955,32000.0,0.0,381559.69007163803,-704020.9422312514,11.323011502907372,0.0,-0.006000984413452658,17.42626943999742,27.87185790069585,-2747061.5349954623,0.0,-2747061.5349954623,13673208944.346952,13925315513.613766,252106569.26681474
1318,0.0,12715254.816060832,1318.0,1318,19143.946047966412,17126.29732852228,17143.94604796621,2,2,16126.29732852228,17.648719444131455,17.648719444131455,17.648719444131455,1.0,2000.0,13752700.0,400000.0,9972700.0,134797755.98667955,134797.75598667955,32000.0,0.0,381559.69007163803,-696883.6199746083,11.323011502907372,0.0,-0.005999999999989855,17.42626943999742,27.765961148863447,-2621096.936905613,0.0,-2621096.936905613,13670587847.410048,13925315513.613766,254727666.20372036
1319,0.0,12715254.816060832,1319.0,1319,19161.594767410545,17143.946047966412,17161.59476741034,2,2,16143.946047966412,17.648719444131455,17.648719444131455,17.648719444131455,1.0,2000.0,13752700.0,400000.0,9972700.0,134797755.98667955,134797.75598667955,32000.0,0.0,381559.69007163803,-689746.8111313649,11.323011502907372,0.0,-0.006002625820559311,17.42626943999742,27.660072014567344,-2495141.399904814,0.0,-2495141.399904814,13668092706.010143,13925315513.613766,257222807.60362518
1320,0.0,12715254.816060832,1320.0,1320,19179.243486854677,17161.594767410545,17179.243486854473,2,2,16161.594767410545,17.648719444131455,17.648719444131455,17.648719444131455,1.0,2000.0,13752700.0,400000.0,9972700.0,134797755.98667955,134797.75598667955,32000.0,0.0,381559.69007163803,-682609.8906658498,11.323011502907372,0.0,-0.005996065573759556,17.42626943999742,27.554181224126882,-2369183.8929138575,0.0,-2369183.8929138575,13665723522.11723,13925315513.613766,259591991.49653903
1321,0.0,12715254.816060832,1321.0,1321,19196.89220629881,17179.243486854677,17196.892206298606,2,2,16179.243486854677,17.648719444131455,17.648719444131455,17.648719444131455,1.0,2000.0,13752700.0,400000.0,9972700.0,134797755.98667955,134797.75598667955,32000.0,0.0,381559.69007163803,-675472.5922381738,11.323011502907372,0.0,-0.005998875351447413,17.42626943999742,27.44828482584587,-2243219.715374764,0.0,-2243219.715374764,13663480302.401855,13925315513.613766,261835211.2119138
1322,0.0,12715254.816060832,1322.0,1322,19214.540925742942,17196.89220629881,17214.54092574274,2,2,16196.89220629881,17.648719444131455,17.648719444131455,17.648719444131455,1.0,2000.0,13752700.0,400000.0,9972700.0,134797755.98667955,134797.75598667955,32000.0,0.0,381559.69007163803,-668335.7925984266,11.323011502907372,0.0,-0.005999343903768242,17.42626943999742,27.34239582810243,-2117264.3408038863,0.0,-2117264.3408038863,13661363038.061052,13925315513.613766,263952475.5527177
1323,0.0,12715254.816060832,1323.0,1323,19232.189645187074,17214.540925742942,17232.18964518687,2,2,16214.540925742942,17.648719444131455,17.648719444131455,17.648719444131455,1.0,2000.0,13752700.0,400000.0,9972700.0,134797755.98667955,134797.75598667955,32000.0,0.0,381559.69007163803,-661198.5790063728,11.323011502907372,0.0,-0.005999708383955787,17.42626943999742,27.23650068853113,-1991301.6605048883,0.0,-1991301.6605048883,13659371736.400547,13925315513.613766,265943777.21322256
1324,0.0,12715254.816060832,1324.0,1324,19249.838364631207,17232.189645187074,17249.838364631003,2,2,16232.189645187074,17.648719444131455,17.648719444131455,17.648719444131455,1.0,2000.0,13752700.0,400000.0,9972700.0,134797755.98667955,134797.75598667955,32000.0,0.0,381559.69007163803,-654844.3342929634,11.323011502907372,-0.0013999999999987276,-0.006000984413448181,17.414655536735527,27.130608588026288,-1879157.3782785693,0.0,-1879157.3782785693,13657492579.022268,13925315513.613766,267822934.59150115
1325,0.0,12715254.816060832,1325.0,1325,19267.48708407534,17249.838364631207,17267.487084075135,2,2,16249.838364631207,17.648719444131455,17.648719444131455,17.648719444131455,1.0,2000.0,13752700.0,400000.0,9972700.0,134797755.98667955,134797.75598667955,32000.0,0.0,381559.69007163803,-649372.5261483063,11.323011502907372,-0.0013999999999987276,-0.00599999999999437,17.389947329513763,27.02471493221,-1782586.9714814033,0.0,-1782586.9714814033,13655709992.050787,13925315513.613766,269605521.56298256
1326,0.0,12715254.816060832,1326.0,1326,19285.13580351947,17267.48708407534,17285.135803519268,2,2,16267.48708407534,17.648719444131455,17.648719444131455,17.648719444131455,1.0,2000.0,13752700.0,400000.0,9972700.0,134797755.98667955,134797.75598667955,32000.0,0.0,381559.69007163803,-643901.0655892958,11.323011502907372,-0.0013999999999987154,-0.005999890640683183,17.365239682292,26.91882699353663,-1686022.6991257963,0.0,-1686022.6991257963,13654023969.351662,13925315513.613766,271291544.2621083
1327,0.0,12715254.816060832,1327.0,1327,19302.784522963604,17285.13580351947,17302.7845229634,2,2,16285.135803519472,17.648719444131455,17.648719444131455,17.648719444131455,1.0,2000.0,13752700.0,400000.0,9972700.0,134797755.98667955,134797.75598667955,32000.0,0.0,381559.69007163803,-638429.1538158406,11.323011502907372,-0.001399081967209204,-0.0059999999999948515,17.340531173775087,26.812931498880335,-1589450.4634130455,0.0,-1589450.4634130455,13652434518.888248,13925315513.613766,272880994.7255214
1328,0.0,12715254.816060832,1328.0,1328,19320.433242407737,17302.784522963604,17320.433242407533,2,2,16302.784522963604,17.648719444131455,17.648719444131455,17.648719444131455,1.0,2000.0,13752700.0,400000.0,9972700.0,134797755.98667955,134797.75598667955,32000.0,0.0,381559.69007163803,-634627.5037357742,11.323011502907372,-0.0030979672131075504,-0.005999976976650196,17.291042950102927,26.7070380323725,-1522356.2077251936,0.0,-1522356.2077251936,13650912162.680523,13925315513.613766,274403350.93324655
1329,0.0,12715254.816060832,1329.0,1329,19338.08196185187,17320.433242407737,17338.081961851665,2,2,16320.433242407737,17.648719444131455,17.648719444131455,17.648719444131455,1.0,2000.0,13752700.0,400000.0,9972700.0,134797755.98667955,134797.75598667955,32000.0,0.0,381559.69007163803,-631178.0710857775,13.333589070215801,-0.003100872011316071,-0.005999976976650196,17.236330417717358,26.601146122040348,-1461442.6545245687,0.0,-1461442.6545245687,13649450720.026,13925315513.613766,275864793.5877711
1330,0.0,12715254.816060832,1330.0,1330,19355.730681296,17338.08196185187,17355.730681295798,2,2,16338.081961851869,17.648719444131455,17.648719444131455,17.648719444131455,1.0,2000.0,13752700.0,400000.0,9972700.0,134797755.98667955,134797.75598667955,32000.0,0.0,381559.69007163803,-627728.5291193625,81.90604174320734,-0.0031003129732437426,-0.005999976976650196,17.181619507264102,26.495254211708193,-1399352.4401697312,0.0,-1399352.4401697312,13648051367.585829,13925315513.613766,277264146.02794087
1331,0.0,12715254.816060832,1331.0,1331,19373.379400740134,17355.730681296,17373.37940073993,2,2,16355.730681296001,17.648719444131455,17.648719444131455,17.648719444131455,1.0,2000.0,13752700.0,400000.0,9972700.0,134797755.98667955,134797.75598667955,32000.0,0.0,381559.69007163803,-624279.0551908048,196.70437730643525,-0.003100226029890877,-0.00600000999242265,17.126908691209106,26.389363405254862,-1336447.5989577614,0.0,-1336447.5989577614,13646714919.986872,13925315513.613766,278600593.62689865
1332,0.0,12715254.816060832,1332.0,1332,19391.028120184266,17373.379400740134,17391.028120184063,2,2,16373.379400740134,17.648719444131455,17.648719444131455,17.648719444131455,1.0,2000.0,13752700.0,400000.0,9972700.0,134797755.98667955,134797.75598667955,32000.0,0.0,381559.69007163803,-620829.4599575241,367.96728804226024,-0.0031001453011791935,-0.00600000999242265,17.07219798839248,26.283470912236602,-1272544.0894270157,0.0,-1272544.0894270157,13645442375.897444,13925315513.613766,279873137.71632564
1333,0.0,12715254.816060832,1333.0,1333,19408.6768396284,17391.028120184266,17408.676839628195,2,2,16391.028120184266,17.648719444131455,17.648719444131455,17.648719444131455,1.0,2000.0,13752700.0,400000.0,9972700.0,134797755.98667955,134797.75598667955,32000.0,0.0,381559.69007163803,-617379.8803383018,667.4652766199545,-0.003100037669357692,-0.00600000999242265,17.017487053909417,26.177578419218346,-1206377.6705526777,0.0,-1206377.6705526777,13644235998.22689,13925315513.613766,281079515.3868783
1334,0.0,12715254.816060832,1334.0,1334,19426.32555907253,17408.6768396284,17426.325559072327,2,2,16408.6768396284,17.648719444131455,17.648719444131455,17.648719444131455,1.0,2000.0,13752700.0,400000.0,9972700.0,134797755.98667955,134797.75598667955,32000.0,0.0,381559.69007163803,-613930.3312981596,9043.255550652162,-0.0030999961328549513,-0.00600000999242265,16.962775665723242,26.071685926200086,-997675.5746651555,0.0,-997675.5746651555,13643238322.652225,13925315513.613766,282077190.96154344
1335,0.0,12715254.816060832,1335.0,1335,19443.974278516664,17426.32555907253,17443.97427851646,2,2,16426.32555907253,17.648719444131455,17.648719444131455,17.648719444131455,1.0,2000.0,13752700.0,400000.0,9972700.0,134797755.98667955,134797.75598667955,32000.0,0.0,381559.69007163803,-610480.7535353443,28619.47756430148,-0.0030999961328549513,-0.00600000999242265,16.90806470369659,25.96579343318183,-591299.6944335869,0.0,-591299.6944335869,13642647022.957792,13925315513.613766,282668490.655977
1336,0.0,12715254.816060832,1336.0,1336,19461.622997960796,17443.974278516664,17461.622997960592,2,2,16443.974278516664,17.648719444131455,17.648719444131455,17.648719444131455,1.0,2000.0,13752700.0,400000.0,9972700.0,134797755.98667955,134797.75598667955,32000.0,0.0,381559.69007163803,-607031.1757725284,48195.699577950676,-0.0030999961328549513,-0.00600000999242265,16.853353741669938,25.85990094016357,-184923.81420201017,0.0,-184923.81420201017,13642462099.14359,13925315513.613766,282853414.470179
1337,0.0,12715254.816060832,1337.0,1337,19479.27171740493,17461.622997960796,17479.271717404725,2,2,16461.622997960796,17.648719444131455,17.648719444131455,17.648719444131455,1.0,2000.0,13752700.0,400000.0,9972700.0,134797755.98667955,134797.75598667955,32000.0,0.0,381559.69007163803,-603581.5980097129,67771.9215916,-0.0030999961328549513,-0.00600000999242265,16.798642779643284,25.75400844714531,221452.06602956253,0.0,221452.06602956253,13642683551.209621,13925536965.679796,282853414.470179
1338,0.0,12715254.816060832,1338.0,1338,19496.92043684906,17479.27171740493,17496.920436848857,2,2,16479.27171740493,17.648719444131455,17.648719444131455,17.648719444131455,1.0,2000.0,13752700.0,400000.0,9972700.0,134797755.98667955,134797.75598667955,32000.0,0.0,381559.69007163803,-600132.0202468975,87348.14360524931,-0.0030999961328549513,-0.00600000999242265,16.74393181761663,25.648115954127054,627827.9462611331,0.0,627827.9462611331,13643311379.155882,13926164793.626057,282853414.470179
1339,0.0,12715254.816060832,1339.0,1339,19514.569156293193,17496.92043684906,17514.56915629299,2,2,16496.92043684906,17.648719444131455,17.648719444131455,17.648719444131455,1.0,2000.0,13752700.0,400000.0,9972700.0,134797755.98667955,134797.75598667955,32000.0,0.0,381559.69007163803,-596682.4424840817,106924.36561889862,-0.0030999961328549513,-0.00600000999242265,16.68922085558998,25.542223461108794,1034203.8264927098,0.0,1034203.8264927098,13644345582.982374,13927198997.452549,282853414.470179
1340,0.0,12715254.816060832,1340.0,1340,19532.217875737326,17514.569156293193,17532.217875737122,2,2,16514.569156293193,17.648719444131455,17.648719444131455,17.648719444131455,1.0,2000.0,13752700.0,400000.0,9972700.0,134797755.98667955,134797.75598667955,32000.0,0.0,381559.69007163803,-593232.8647212662,126500.58763254795,-0.0030999961328549513,-0.00600000999242265,16.634509893563326,25.436330968090534,1440579.7067242826,0.0,1440579.7067242826,13645786162.689098,13928639577.159273,282853414.470179
1341,0.0,12715254.816060832,1341.0,1341,19549.86659518146,17532.217875737326,17549.866595181255,2,2,16532.217875737326,17.648719444131455,17.648719444131455,17.648719444131455,1.0,2000.0,13752700.0,400000.0,9972700.0,134797755.98667955,134797.75598667955,32000.0,0.0,381559.69007163803,-589783.2869584505,146076.80964619727,-0.0030999961328549513,-0.00600000999242265,16.579798931536676,25.330438475072278,1846955.5869558596,0.0,1846955.5869558596,13647633118.276054,13930486532.74623,282853414.470179
1342,0.0,12715254.816060832,1342.0,1342,19567.51531462559,17549.86659518146,17567.515314625387,2,2,16549.86659518146,17.648719444131455,17.648719444131455,17.648719444131455,1.0,2000.0,13752700.0,400000.0,9972700.0,134797755.98667955,134797.75598667955,32000.0,0.0,381559.69007163803,-586333.7091956349,165653.03165984657,-0.0030999961328549513,-0.00600000999242265,16.52508796951002,25.224545982054018,2253331.467187432,0.0,2253331.467187432,13649886449.743242,13932739864.213417,282853414.470179
1343,0.0,12715254.816060832,1343.0,1343,19585.164034069723,17567.51531462559,17585.16403406952,2,2,16567.51531462559,17.648719444131455,17.648719444131455,17.648719444131455,1.0,2000.0,13752700.0,400000.0,9972700.0,134797755.98667955,134797.75598667955,32000.0,0.0,381559.69007163803,-582884.1329712089,178789.66614374003,-0.0031000000000068876,-0.00600000999242265,16.47037698465822,25.11865348903576,2546056.8466198114,0.0,2546056.8466198114,13652432506.589863,13935285921.060038,282853414.470179
1344,0.0,12715254.816060832,1344.0,1344,19602.812753513856,17585.164034069723,17602.812753513652,2,2,16585.164034069723,17.648719444131455,17.648719444131455,17.648719444131455,1.0,2000.0,13752700.0,400000.0,9972700.0,134797755.98667955,134797.75598667955,32000.0,0.0,381559.69007163803,-579434.6739310063,179111.1215852369,-0.0030979672131075504,-0.00600000999242265,16.415664261139142,25.0127609960175,2612608.658355137,0.0,2612608.658355137,13655045115.248219,13937898529.718393,282853414.470179
1345,0.0,12715254.816060832,1345.0,1345,19620.461472957988,17602.812753513856,17620.461472957784,2,2,16602.812753513856,17.648719444131455,17.648719444131455,17.648719444131455,1.0,2000.0,13752700.0,400000.0,9972700.0,134797755.98667955,134797.75598667955,32000.0,0.0,381559.69007163803,-575985.1664482448,179333.64275655517,-0.0031001453011458894,-0.005999917406567056,16.360953145073164,24.90686939170805,2677415.261861803,0.0,2677415.261861803,13657722530.51008,13940575944.980255,282853414.470179
1346,0.0,12715254.816060832,1346.0,1346,19638.11019240212,17620.461472957988,17638.110192401917,2,2,16620.461472957988,17.648719444131455,17.648719444131455,17.648719444131455,1.0,2000.0,13752700.0,400000.0,9972700.0,134797755.98667955,134797.75598667955,32000.0,0.0,381559.69007163803,-572535.5994654312,179484.05150340847,-0.003101356673962205,-0.005999917406567056,16.30624365712496,24.800978532711582,2740950.223520377,0.0,2740950.223520377,13660463480.7336,13943316895.203775,282853414.470179
1347,0.0,12715254.816060832,1347.0,1347,19655.758911846253,17638.11019240212,17655.75891184605,2,2,16638.11019240212,17.648719444131455,17.648719444131455,17.648719444131455,1.0,2000.0,13752700.0,400000.0,9972700.0,134797755.98667955,134797.75598667955,32000.0,0.0,381559.69007163803,-569085.9270637226,179536.32650780244,-0.003100226029892933,-0.0059998824796732445,16.251532107437498,24.695084047871262,2802755.1107987845,0.0,2802755.1107987845,13663266235.844398,13946119650.314573,282853414.470179
1348,0.0,12715254.816060832,1348.0,1348,19673.407631290385,17655.758911846253,17673.40763129018,2,2,16655.758911846253,17.648719444131455,17.648719444131455,17.648719444131455,1.0,2000.0,13752700.0,400000.0,9972700.0,134797755.98667955,134797.75598667955,32000.0,0.0,381559.69007163803,-564069.1950706784,179554.36958366408,-0.001399081967228804,-0.0059998824796732445,16.22007532936469,24.589193805289742,2891612.4434542125,0.0,2891612.4434542125,13666157848.287853,13949011262.758028,282853414.470179
1349,0.0,12715254.816060832,1349.0,1349,19691.056350734518,17673.407631290385,17691.056350734314,2,2,16673.407631290385,17.648719444131455,17.648719444131455,17.648719444131455,1.0,2000.0,13752700.0,400000.0,9972700.0,134797755.98667955,134797.75598667955,32000.0,0.0,381559.69007163803,-558597.6359426469,179566.5882875357,-0.00140368421052625,-0.00599988247968664,16.195366840707305,24.483303562708024,2988394.0999034178,0.0,2988394.0999034178,13669146242.387756,13951999656.857931,282853414.470179
1350,0.0,12715254.816060832,1350.0,1350,19708.70507017865,17691.056350734518,17708.705070178446,2,2,16691.056350734518,17.648719444131455,17.648719444131455,17.648719444131455,1.0,2000.0,13752700.0,400000.0,9972700.0,134797755.98667955,134797.75598667955,32000.0,0.0,381559.69007163803,-553125.9007497452,179575.02204897744,-0.0014000316777903433,-0.006000006478012653,16.170659376861728,24.377411732656196,3085112.064285064,0.0,3085112.064285064,13672231354.452042,13955084768.922216,282853414.470179
1351,0.0,12715254.816060832,1351.0,1351,19726.353789622783,17708.70507017865,17726.35378962258,2,2,16708.70507017865,17.648719444131455,17.648719444131455,17.648719444131455,1.0,2000.0,13752700.0,400000.0,9972700.0,134797755.98667955,134797.75598667955,32000.0,0.0,381559.69007163803,-547378.5009158924,179577.01560667015,0.0,-0.006000006478012653,16.15004135999758,24.27151930166277,3186581.4952263935,0.0,3186581.4952263935,13675417935.947268,13958271350.417442,282853414.470179
1352,0.0,12715254.816060832,1352.0,1352,19744.002509066915,17726.353789622783,17744.00250906671,2,2,16726.353789622783,17.648719444131455,17.648719444131455,17.648719444131455,1.0,2000.0,13752700.0,400000.0,9972700.0,134797755.98667955,134797.75598667955,32000.0,0.0,381559.69007163803,-540241.4698789486,179577.01560667015,0.0,-0.006000006478012653,16.15004135999758,24.16562687066935,3312540.953661473,0.0,3312540.953661473,13678730476.900928,13961583891.371103,282853414.470179
1353,0.0,12715254.816060832,1353.0,1353,19761.651228511048,17744.002509066915,17761.651228510844,2,2,16744.002509066915,17.648719444131455,17.648719444131455,17.648719444131455,1.0,2000.0,13752700.0,400000.0,9972700.0,134797755.98667955,134797.75598667955,32000.0,0.0,381559.69007163803,-533104.4388420047,179577.01560667015,0.0,-0.006000006478012653,16.15004135999758,24.059734439675925,3438500.4120965544,0.0,3438500.4120965544,13682168977.313025,13965022391.7832,282853414.470179
1354,0.0,12715254.816060832,1354.0,1354,19779.29994795518,17761.651228511048,17779.299947954976,2,2,16761.651228511048,17.648719444131455,17.648719444131455,17.648719444131455,1.0,2000.0,13752700.0,400000.0,9972700.0,134797755.98667955,134797.75598667955,32000.0,0.0,381559.69007163803,-525967.407805061,179577.01560667015,0.0,-0.006000006478012653,16.15004135999758,23.953842008682503,3564459.8705316335,0.0,3564459.8705316335,13685733437.183556,13968586851.65373,282853414.470179
1355,0.0,12715254.816060832,1355.0,1355,19796.948667399312,17779.29994795518,17796.94866739911,2,2,16779.29994795518,17.648719444131455,17.648719444131455,17.648719444131455,1.0,2000.0,13752700.0,400000.0,9972700.0,134797755.98667955,134797.75598667955,32000.0,0.0,381559.69007163803,-518830.3767681172,179577.01560667015,0.0,-0.006000006478012653,16.15004135999758,23.847949577689082,3690419.328966713,0.0,3690419.328966713,13689423856.512522,13972277270.982697,282853414.470179
1356,0.0,12715254.816060832,1356.0,1356,19814.597386843445,17796.948667399312,17814.59738684324,2,2,16796.948667399312,17.648719444131455,17.648719444131455,17.648719444131455,1.0,2000.0,13752700.0,400000.0,9972700.0,134797755.98667955,134797.75598667955,32000.0,0.0,381559.69007163803,-511693.3457311732,179577.01560667015,0.0,-0.006000006478012653,16.15004135999758,23.742057146695657,3816378.787401797,0.0,3816378.787401797,13693240235.299923,13976093649.770098,282853414.470179
1357,0.0,12715254.816060832,1357.0,1357,19832.246106287577,17814.597386843445,17832.246106287374,2,2,16814.597386843445,17.648719444131455,17.648719444131455,17.648719444131455,1.0,2000.0,13752700.0,400000.0,9972700.0,134797755.98667955,134797.75598667955,32000.0,0.0,381559.69007163803,-504556.31469422946,179577.01560667015,0.0,-0.006000006478012653,16.15004135999758,23.636164715702236,3942338.245836875,0.0,3942338.245836875,13697182573.54576,13980035988.015934,282853414.470179
1358,0.0,12715254.816060832,1358.0,1358,19849.89482573171,17832.246106287577,17849.894825731506,2,2,16832.246106287577,17.648719444131455,17.648719444131455,17.648719444131455,1.0,2000.0,13752700.0,400000.0,9972700.0,134797755.98667955,134797.75598667955,32000.0,0.0,381559.69007163803,-497419.2836572857,179577.01560667015,0.0,-0.006000006478012653,16.15004135999758,23.530272284708815,4068297.704271954,0.0,4068297.704271954,13701250871.25003,13984104285.720205,282853414.470179
1359,0.0,12715254.816060832,1359.0,1359,19867.543545175842,17849.89482573171,17867.54354517564,2,2,16849.89482573171,17.648719444131455,17.648719444131455,17.648719444131455,1.0,2000.0,13752700.0,400000.0,9972700.0,134797755.98667955,134797.75598667955,32000.0,0.0,381559.69007163803,-490282.2526203417,179577.01560667015,0.0,-0.006000006478012653,16.15004135999758,23.42437985371539,4194257.162707037,0.0,4194257.162707037,13705445128.412737,13988298542.882912,282853414.470179
1360,0.0,12715254.816060832,1360.0,1360,19885.192264619975,17867.543545175842,17885.19226461977,2,2,16867.543545175842,17.648719444131455,17.648719444131455,17.648719444131455,1.0,2000.0,13752700.0,400000.0,9972700.0,134797755.98667955,134797.75598667955,32000.0,0.0,381559.69007163803,-483145.22158339794,179577.01560667015,0.0,-0.006000006478012653,16.15004135999758,23.31848742272197,4320216.621142116,0.0,4320216.621142116,13709765345.033878,13992618759.504053,282853414.470179
1361,0.0,12715254.816060832,1361.0,1361,19902.840984064107,17885.192264619975,17902.840984063903,2,2,16885.192264619975,17.648719444131455,17.648719444131455,17.648719444131455,1.0,2000.0,13752700.0,400000.0,9972700.0,134797755.98667955,134797.75598667955,32000.0,0.0,381559.69007163803,-476008.1905464542,179577.01560667015,0.0,-0.006000006478012653,16.15004135999758,23.212594991728547,4446176.0795771945,0.0,4446176.0795771945,13714211521.113455,13997064935.58363,282853414.470179
1362,0.0,12715254.816060832,1362.0,1362,19920.48970350824,17902.840984064107,17920.489703508036,2,2,16902.840984064107,17.648719444131455,17.648719444131455,17.648719444131455,1.0,2000.0,13752700.0,400000.0,9972700.0,134797755.98667955,134797.75598667955,32000.0,0.0,381559.69007163803,-468871.1595095102,179577.01560667015,0.0,-0.006000006478012653,16.15004135999758,23.106702560735123,4572135.538012278,0.0,4572135.538012278,13718783656.651466,14001637071.121641,282853414.470179
1363,0.0,12715254.816060832,1363.0,1363,19938.138422952372,17920.48970350824,17938.13842295217,2,2,16920.48970350824,17.648719444131455,17.648719444131455,17.648719444131455,1.0,2000.0,13752700.0,400000.0,9972700.0,134797755.98667955,134797.75598667955,32000.0,0.0,381559.69007163803,-461734.12847256643,179577.01560667015,0.0,-0.006000006478012653,16.15004135999758,23.0008101297417,4698094.996447356,0.0,4698094.996447356,13723481751.647913,14006335166.118088,282853414.470179
1364,0.0,12715254.816060832,1364.0,1364,19955.787142396504,17938.138422952372,17955.7871423963,2,2,16938.138422952372,17.648719444131455,17.648719444131455,17.648719444131455,1.0,2000.0,13752700.0,400000.0,9972700.0,134797755.98667955,134797.75598667955,32000.0,0.0,381559.69007163803,-454597.0974356227,179577.01560667015,0.0,-0.006000006478012653,16.15004135999758,22.89491769874828,4824054.454882436,0.0,4824054.454882436,13728305806.102795,14011159220.57297,282853414.470179
1365,0.0,12715254.816060832,1365.0,1365,19973.435861840637,17955.787142396504,17973.435861840433,2,2,16955.787142396504,17.648719444131455,17.648719444131455,17.648719444131455,1.0,2000.0,13752700.0,400000.0,9972700.0,134797755.98667955,134797.75598667955,32000.0,0.0,381559.69007163803,-447460.0663986787,179577.01560667015,0.0,-0.006000006478012653,16.15004135999758,22.789025267754855,4950013.913317519,0.0,4950013.913317519,13733255820.016111,14016109234.486286,282853414.470179
1366,0.0,12715254.816060832,1366.0,1366,19991.08458128477,17973.435861840637,17991.084581284566,2,2,16973.435861840637,17.648719444131455,17.648719444131455,17.648719444131455,1.0,2000.0,13752700.0,400000.0,9972700.0,134797755.98667955,134797.75598667955,32000.0,0.0,381559.69007163803,-440323.035361735,179577.01560667015,0.0,-0.006000006478012653,16.15004135999758,22.683132836761434,5075973.371752596,0.0,5075973.371752596,13738331793.387863,14021185207.858038,282853414.470179
1367,0.0,12715254.816060832,1367.0,1367,20008.7333007289,17991.08458128477,18008.733300728698,2,2,16991.08458128477,17.648719444131455,17.648719444131455,17.648719444131455,1.0,2000.0,13752700.0,400000.0,9972700.0,134797755.98667955,134797.75598667955,32000.0,0.0,381559.69007163803,-433186.0043247912,179577.01560667015,0.0,-0.006000006478012653,16.15004135999758,22.577240405768013,5201932.8301876765,0.0,5201932.8301876765,13743533726.21805,14026387140.688225,282853414.470179
1368,0.0,12715254.816060832,1368.0,1368,20026.382020173034,18008.7333007289,18026.38202017283,2,2,17008.7333007289,17.648719444131455,17.648719444131455,17.648719444131455,1.0,2000.0,13752700.0,400000.0,9972700.0,134797755.98667955,134797.75598667955,32000.0,0.0,381559.69007163803,-426048.97328784724,179577.01560667015,0.0,-0.006000006478012653,16.15004135999758,22.471347974774588,5327892.288622759,0.0,5327892.288622759,13748861618.506672,14031715032.976847,282853414.470179
1369,0.0,12715254.816060832,1369.0,1369,20044.030739617167,18026.382020173034,18044.030739616963,2,2,17026.382020173034,17.648719444131455,17.648719444131455,17.648719444131455,1.0,2000.0,13752700.0,400000.0,9972700.0,134797755.98667955,134797.75598667955,32000.0,0.0,381559.69007163803,-418911.94225090346,179577.01560667015,0.0,-0.006000006478012653,16.15004135999758,22.365455543781167,5453851.747057839,0.0,5453851.747057839,13754315470.253729,14037168884.723904,282853414.470179
1370,0.0,12715254.816060832,1370.0,1370,20061.6794590613,18044.030739617167,18061.679459061095,2,2,17044.030739617167,17.648719444131455,17.648719444131455,17.648719444131455,1.0,2000.0,13752700.0,400000.0,9972700.0,134797755.98667955,134797.75598667955,32000.0,0.0,381559.69007163803,-411774.9112139597,179577.01560667015,0.0,-0.006000006478012653,16.15004135999758,22.259563112787745,5579811.205492918,0.0,5579811.205492918,13759895281.45922,14042748695.929396,282853414.470179
1371,0.0,12715254.816060832,1371.0,1371,20079.32817850543,18061.6794590613,18079.328178505228,2,2,17061.6794590613,17.648719444131455,17.648719444131455,17.648719444131455,1.0,2000.0,13752700.0,400000.0,9972700.0,134797755.98667955,134797.75598667955,32000.0,0.0,381559.69007163803,-404637.88017701573,179577.01560667015,0.0,-0.006000006478012653,16.15004135999758,22.15367068179432,5705770.663927999,0.0,5705770.663927999,13765601052.123148,14048454466.593323,282853414.470179
1372,0.0,12715254.816060832,1372.0,1372,20096.976897949564,18079.32817850543,18096.97689794936,2,2,17079.32817850543,17.648719444131455,17.648719444131455,17.648719444131455,1.0,2000.0,13752700.0,400000.0,9972700.0,134797755.98667955,134797.75598667955,32000.0,0.0,381559.69007163803,-397500.84914007195,179577.01560667015,0.0,-0.006000006478012653,16.15004135999758,22.0477782508009,5831730.122363079,0.0,5831730.122363079,13771432782.24551,14054286196.715685,282853414.470179
1373,0.0,12715254.816060832,1373.0,1373,20114.625617393696,18096.976897949564,18114.625617393493,2,2,17096.976897949564,17.648719444131455,17.648719444131455,17.648719444131455,1.0,2000.0,13752700.0,400000.0,9972700.0,134797755.98667955,134797.75598667955,32000.0,0.0,381559.69007163803,-390363.818103128,179577.01560667015,0.0,-0.006000006478012653,16.15004135999758,21.941885819807474,5957689.580798162,0.0,5957689.580798162,13777390471.82631,14060243886.296484,282853414.470179
1374,0.0,12715254.816060832,1374.0,1374,20132.27433683783,18114.625617393696,18132.274336837625,2,2,17114.625617393696,17.648719444131455,17.648719444131455,17.648719444131455,1.0,2000.0,13752700.0,400000.0,9972700.0,134797755.98667955,134797.75598667955,32000.0,0.0,381559.69007163803,-383226.7870661842,179577.01560667015,0.0,-0.006000006478012653,16.15004135999758,21.835993388814053,6083649.039233242,0.0,6083649.039233242,13783474120.865543,14066327535.335718,282853414.470179
1375,0.0,12715254.816060832,1375.0,1375,20149.92305628196,18132.27433683783,18149.923056281757,2,2,17132.27433683783,17.648719444131455,17.648719444131455,17.648719444131455,1.0,2000.0,13752700.0,400000.0,9972700.0,134797755.98667955,134797.75598667955,32000.0,0.0,381559.69007163803,-376089.7560292405,179577.01560667015,0.0,-0.006000006478012653,16.15004135999758,21.730100957820632,6209608.497668319,0.0,6209608.497668319,13789683729.363213,14072537143.833387,282853414.470179
1376,0.0,12715254.816060832,1376.0,1376,20167.571775726094,18149.92305628196,18167.57177572589,2,2,17149.92305628196,17.648719444131455,17.648719444131455,17.648719444131455,1.0,2000.0,13752700.0,400000.0,9972700.0,134797755.98667955,134797.75598667955,32000.0,0.0,381559.69007163803,-367454.3858854215,179577.01560667015,0.002200360951596802,-0.006000006478012653,16.17227228062245,21.62420852682721,6362011.7226328105,0.0,6362011.7226328105,13796045741.085846,14078899155.55602,282853414.470179
1377,0.0,12715254.816060832,1377.0,1377,20185.220495170226,18167.571775726094,18185.220495170022,2,2,17167.571775726094,17.648719444131455,17.648719444131455,17.648719444131455,1.0,2000.0,13752700.0,400000.0,9972700.0,134797755.98667955,134797.75598667955,32000.0,0.0,381559.69007163803,-357700.4919095277,179577.01560667015,0.002199999999997057,-0.006000006478012653,16.211098786594974,21.518316095833786,6534155.460901164,0.0,6534155.460901164,13802579896.546747,14085433311.016922,282853414.470179
1378,0.0,12715254.816060832,1378.0,1378,20202.86921461436,18185.220495170226,18202.869214614155,2,2,17185.220495170226,17.648719444131455,17.648719444131455,17.648719444131455,1.0,2000.0,13752700.0,400000.0,9972700.0,134797755.98667955,134797.75598667955,32000.0,0.0,381559.69007163803,-347946.61162877316,179577.01560667015,0.002199999999997057,-0.006000006478012653,16.24992508937214,21.412423664840365,6706298.9574678475,0.0,6706298.9574678475,13809286195.504215,14092139609.97439,282853414.470179
1379,0.0,12715254.816060832,1379.0,1379,20220.51793405849,18202.86921461436,18220.517934058287,2,2,17202.86921461436,17.648719444131455,17.648719444131455,17.648719444131455,1.0,2000.0,13752700.0,400000.0,9972700.0,134797755.98667955,134797.75598667955,32000.0,0.0,381559.69007163803,-338192.6085659246,179577.01560667015,0.002198557377045947,-0.006000006478012653,16.288753213872422,21.30653123384694,6878444.620981261,0.0,6878444.620981261,13816164640.125196,14099018054.595371,282853414.470179
1380,0.0,12715254.816060832,1380.0,1380,20238.166653502623,18220.51793405849,18238.16665350242,2,2,17220.51793405849,17.648719444131455,17.648719444131455,17.648719444131455,1.0,2000.0,13752700.0,400000.0,9972700.0,134797755.98667955,134797.75598667955,32000.0,0.0,381559.69007163803,-328438.6155764251,179577.01560667015,0.002200360951596802,-0.006000006478012653,16.327581188914,21.20063880285352,7050590.1067129625,0.0,7050590.1067129625,13823215230.231909,14106068644.702084,282853414.470179
1381,0.0,12715254.816060832,1381.0,1381,20255.815372946756,18238.166653502623,18255.815372946552,2,2,17238.166653502623,17.648719444131455,17.648719444131455,17.648719444131455,1.0,2000.0,13752700.0,400000.0,9972700.0,134797755.98667955,134797.75598667955,32000.0,0.0,381559.69007163803,-318684.7121180849,179577.01560667015,0.002199759431380278,-0.006000006478012653,16.366407835577984,21.094746371860097,7222734.012334352,0.0,7222734.012334352,13830437964.244244,14113291378.714418,282853414.470179
1382,0.0,12715254.816060832,1382.0,1382,20273.46409239089,18255.815372946756,18273.464092390685,2,2,17255.815372946756,17.648719444131455,17.648719444131455,17.648719444131455,1.0,2000.0,13752700.0,400000.0,9972700.0,134797755.98667955,134797.75598667955,32000.0,0.0,381559.69007163803,-308655.67790595925,179577.01560667015,0.0035993252108660456,-0.006000006478012653,16.409316608858564,20.988853940866672,7399733.6234397525,0.0,7399733.6234397525,13837837697.867683,14120691112.337858,282853414.470179
1383,0.0,12715254.816060832,1383.0,1383,20291.11281183502,18273.46409239089,18291.112811834817,2,2,17273.46409239089,17.648719444131455,17.648719444131455,17.648719444131455,1.0,2000.0,13752700.0,400000.0,9972700.0,134797755.98667955,134797.75598667955,32000.0,0.0,381559.69007163803,-297236.36557835294,179577.01560667015,0.003600590648065639,-0.006000006478012653,16.472852997269744,20.88296150987325,7601269.86295459,0.0,7601269.86295459,13845438967.730639,14128292382.200813,282853414.470179
1384,0.0,12715254.816060832,1384.0,1384,20308.761531279153,18291.11281183502,18308.76153127895,2,2,17291.11281183502,17.648719444131455,17.648719444131455,17.648719444131455,1.0,2000.0,13752700.0,400000.0,9972700.0,134797755.98667955,134797.75598667955,32000.0,0.0,381559.69007163803,-285817.10796162754,179577.01560667015,0.0035976393442580627,-0.006000006478012653,16.536388573933273,20.77706907887983,7802805.136892437,0.0,7802805.136892437,13853241772.86753,14136095187.337706,282853414.470179
1385,0.0,12715254.816060832,1385.0,1385,20326.410250723286,18308.761531279153,18326.410250723082,2,2,17308.761531279153,17.648719444131455,17.648719444131455,17.648719444131455,1.0,2000.0,13752700.0,400000.0,9972700.0,134797755.98667955,134797.75598667955,32000.0,0.0,381559.69007163803,-274397.87131092005,179577.01560667015,0.00359960634226188,-0.006000006478012653,16.599923839523104,20.671176647886405,8004340.040806916,0.0,8004340.040806916,13861246112.908339,14144099527.378513,282853414.470179
1386,0.0,12715254.816060832,1386.0,1386,20344.058970167418,18326.410250723286,18344.058970167214,2,2,17326.410250723286,17.648719444131455,17.648719444131455,17.648719444131455,1.0,2000.0,13752700.0,400000.0,9972700.0,134797755.98667955,134797.75598667955,32000.0,0.0,381559.69007163803,-262978.5997820637,179577.01560667015,0.003600000000006786,-0.006000006478012653,16.663459622601508,20.565284216892984,8205875.560276059,0.0,8205875.560276059,13869451988.468615,14152305402.93879,282853414.470179
1387,0.0,12715254.816060832,1387.0,1387,20361.70768961155,18344.058970167418,18361.707689611347,2,2,17344.058970167418,17.648719444131455,17.648719444131455,17.648719444131455,1.0,2000.0,13752700.0,400000.0,9972700.0,134797755.98667955,134797.75598667955,32000.0,0.0,381559.69007163803,-251559.3658940316,179577.01560667015,0.003600590648065639,-0.006000006478012653,16.72699484720141,20.459391785899562,8407410.415432857,0.0,8407410.415432857,13877859398.884047,14160712813.354221,282853414.470179
1388,0.0,12715254.816060832,1388.0,1388,20379.356409055683,18361.70768961155,18379.35640905548,2,2,17361.70768961155,17.648719444131455,17.648719444131455,17.648719444131455,1.0,2000.0,13752700.0,400000.0,9972700.0,134797755.98667955,134797.75598667955,32000.0,0.0,381559.69007163803,-240140.10971058224,179577.01560667015,0.0035999999999997063,-0.006000006478012653,16.79053040259936,20.353499354906138,8608945.664075218,0.0,8608945.664075218,13886468344.548122,14169321759.018297,282853414.470179
1389,0.0,12715254.816060832,1389.0,1389,20397.005128499815,18379.356409055683,18397.00512849961,2,2,17379.356409055683,17.648719444131455,17.648719444131455,17.648719444131455,1.0,2000.0,13752700.0,400000.0,9972700.0,134797755.98667955,134797.75598667955,32000.0,0.0,381559.69007163803,-228720.86467484522,179577.01560667015,0.0035999999999997063,-0.006000006478012653,16.85406579259823,20.247606923912716,8810480.715974731,0.0,8810480.715974731,13895278825.264097,14178132239.734272,282853414.470179
1390,0.0,12715254.816060832,1390.0,1390,20414.653847943948,18397.005128499815,18414.653847943744,2,2,17397.005128499815,17.648719444131455,17.648719444131455,17.648719444131455,1.0,2000.0,13752700.0,400000.0,9972700.0,134797755.98667955,134797.75598667955,32000.0,0.0,381559.69007163803,-217301.619639108,179577.01560667015,0.0035999999999997063,-0.006000006478012653,16.917601182597103,20.14171449291929,9012015.76787425,0.0,9012015.76787425,13904290841.031971,14187144255.502146,282853414.470179
1391,0.0,12715254.816060832,1391.0,1391,20432.30256738808,18414.653847943948,18432.302567387876,2,2,17414.653847943948,17.648719444131455,17.648719444131455,17.648719444131455,1.0,2000.0,13752700.0,400000.0,9972700.0,134797755.98667955,134797.75598667955,32000.0,0.0,381559.69007163803,-205882.37460337122,179577.01560667015,0.0035999999999997063,-0.006000006478012653,16.98113657259597,20.03582206192587,9213550.819773758,0.0,9213550.819773758,13913504391.851746,14196357806.32192,282853414.470179
1392,0.0,12715254.816060832,1392.0,1392,20449.951286832213,18432.30256738808,18449.95128683201,2,2,17432.30256738808,17.648719444131455,17.648719444131455,17.648719444131455,1.0,2000.0,13752700.0,400000.0,9972700.0,134797755.98667955,134797.75598667955,32000.0,0.0,381559.69007163803,-194463.24855818434,179577.01560667015,0.0035999999999997063,-0.005999832472422659,17.044671962594844,19.929931396400267,9415083.771642435,0.0,9415083.771642435,13922919475.623388,14205772890.093563,282853414.470179
1393,0.0,12715254.816060832,1393.0,1393,20467.600006276345,18449.951286832213,18467.60000627614,2,2,17449.951286832213,17.648719444131455,17.648719444131455,17.648719444131455,1.0,2000.0,13752700.0,400000.0,9972700.0,134797755.98667955,134797.75598667955,32000.0,0.0,381559.69007163803,-183044.0901235155,179577.01560667015,0.0035999999999997063,-0.005998875351447413,17.108207352593716,19.824040250310553,9616617.295143994,0.0,9616617.295143994,13932536092.918531,14215389507.388706,282853414.470179
1394,0.0,12715254.816060832,1394.0,1394,20485.248725720478,18467.600006276345,18485.248725720274,2,2,17467.600006276345,17.648719444131455,17.648719444131455,17.648719444131455,1.0,2000.0,13752700.0,400000.0,9972700.0,134797755.98667955,134797.75598667955,32000.0,0.0,381559.69007163803,-171624.88630481766,179577.01560667015,0.0035999999999997063,-0.005999536858402611,17.17174274259259,19.718148430856083,9818151.619615547,0.0,9818151.619615547,13942354244.538147,14225207659.008322,282853414.470179
1395,0.0,12715254.816060832,1395.0,1395,20502.89744516461,18485.248725720478,18502.897445164406,2,2,17485.248725720478,17.648719444131455,17.648719444131455,17.648719444131455,1.0,2000.0,13752700.0,400000.0,9972700.0,134797755.98667955,134797.75598667955,32000.0,0.0,381559.69007163803,-160205.48630339094,179577.01560667015,0.0035999999999997063,-0.005999536858349821,17.23527813259146,19.612253700630177,10019689.406461041,0.0,10019689.406461041,13952373933.944609,14235227348.414783,282853414.470179
1396,12715254.816060832,12715254.816060832,1396.0,1396,20520.036454518173,18502.89744516461,18520.03645451797,2,2,17502.89744516461,16.6292992629935,17.648719444131455,0.0,1.0,2000.0,13752700.0,400000.0,9972700.0,134797755.98667955,134797.75598667955,32000.0,0.0,381559.69007163803,-148786.2115412324,179577.01560667015,0.0035999999999997063,-0.006002625820565284,17.298813522590333,19.506360828584583,9926027.275970384,-247273880.07968658,-18843406.172703672,13933530527.771906,14235227348.414783,301696820.6428827
1397,12715254.816060832,12715254.816060832,1397.0,1397,20536.154660699845,18520.036454518173,18536.15466069964,2,2,17520.036454518173,15.607113100348371,17.648719444131455,0.0,1.0,2000.0,13752700.0,400000.0,9972700.0,134797755.98667955,134797.75598667955,32000.0,0.0,338753.65262329025,-139182.0484990442,179577.01560667015,0.0013000000000000496,-0.005999343903768242,17.338476610871357,19.403526544088315,8799676.247952193,-233177158.3365262,-18814264.223766986,13914716263.54814,14235227348.414783,320511084.8666497
1398,12715254.816060832,12715254.816060832,1398.0,1398,20551.249037057816,18536.154660699845,18551.249037057612,2,2,17536.154660699845,14.581639615590602,17.648719444131455,0.0,1.0,2000.0,13752700.0,400000.0,9972700.0,134797755.98667955,134797.75598667955,32000.0,0.0,298387.92467565555,-131252.00911254593,179577.01560667015,0.0013000000000000496,-0.005999343903768242,17.359430278907535,19.306821882748714,7751123.575779125,-219067983.52869454,-18729431.981516715,13895986831.566624,14235227348.414783,339240516.8481664
1399,12715254.816060832,12715254.816060832,1399.0,1399,20565.315825276404,18551.249037057816,18565.3158252762,2,2,17551.249037057816,13.551936821584073,17.58677890285967,0.0,1.0,2000.0,13752700.0,400000.0,9972700.0,134797755.98667955,134797.75598667955,32000.0,0.0,260464.6620017275,-123825.15997711597,179577.01560667015,0.0013000000000000496,-0.005999999999997016,17.379052968172896,19.216252097650276,6794459.493538657,-204996355.9590462,-18631279.216671307,13877355552.349953,14235227348.414783,357871796.0648377
1400,12715254.816060832,12715254.816060832,1400.0,1400,20578.350227934294,18565.315825276404,18578.35022793409,2,2,17565.315825276404,12.516868494192218,16.648532319028543,0.0,1.0,2000.0,13752700.0,400000.0,9972700.0,134797755.98667955,134797.75598667955,32000.0,0.0,224977.36472985265,-116904.36008494225,179577.01560667015,0.0013000000000000496,-0.006002625820559311,17.39733979285706,19.131854721970488,5923455.302471335,-190941114.6536448,-18516315.273751408,13858839237.0762,14235227348.414783,376388111.3385891
1401,12715254.816060832,12715254.816060832,1401.0,1401,20590.346179091117,18578.350227934294,18590.346179090913,2,2,17578.350227934294,11.475033819450498,15.712345519925421,0.0,1.0,2000.0,13752700.0,400000.0,9972700.0,134797755.98667955,134797.75598667955,32000.0,0.0,191923.19620360466,-110491.02106265022,179577.01560667015,0.0013000000000000496,-0.005998875351447413,17.414284516312318,19.053644463425513,5131951.237573588,-176877583.93858978,-18379697.514906812,13840459539.561295,14235227348.414783,394767808.8534959
1402,12715254.816060832,12715254.816060832,1402.0,1402,20601.296027076165,18590.346179091117,18601.29602707596,2,2,17590.346179091117,10.424662150645789,14.778094346660687,0.0,1.0,2000.0,13752700.0,400000.0,9972700.0,134797755.98667955,134797.75598667955,32000.0,0.0,161303.59141797756,-104589.05433556823,179577.01560667015,0.0013000000000000496,-0.006000017192223147,17.42987925281619,18.981671470275707,4413766.654397708,-162776006.73943588,-18214501.287690125,13822245038.273605,14235227348.414783,412982310.141186
1403,12715254.816060832,12715254.816060832,1403.0,1403,20611.190082395507,18601.296027076165,18611.190082395304,2,2,17601.296027076165,9.363448488040726,13.845655794650753,0.0,1.0,2000.0,13752700.0,400000.0,9972700.0,134797755.98667955,134797.75598667955,32000.0,0.0,133125.13667000594,-99201.58712833295,179577.01560667015,0.0013000000000000496,-0.006000017192223147,17.444114055196753,18.915972194113188,3762692.6271632817,-148599198.778967,-18010457.074217662,13804234581.199389,14235227348.414783,430992767.2154037
1404,12715254.816060832,12715254.816060832,1404.0,1404,20620.015948959404,18611.190082395507,18620.0159489592,2,2,17611.190082395507,8.288284639751433,13.845655794650753,0.0,1.0,2000.0,13752700.0,400000.0,9972700.0,134797755.98667955,134797.75598667955,32000.0,0.0,107400.8552955354,-94333.58360423695,179577.01560667015,0.0013000000000000496,-0.006000017192223147,17.4569763271119,18.856607692096325,3172387.5114844632,-134298546.1116475,-17751636.99134434,13786482944.208044,14235227348.414783,448744404.206748
1405,12715254.816060832,12715254.816060832,1405.0,1405,20627.757487719347,18620.015948959404,18627.757487719144,2,2,17620.015948959404,7.194792880136711,12.914907959983928,0.0,1.0,2000.0,13752700.0,400000.0,9972700.0,134797755.98667955,134797.75598667955,32000.0,0.0,84152.18628018595,-89991.14280018608,179577.01560667015,0.0013000000000000496,-0.006000017192223147,17.468449953644964,18.803652340976676,2636271.211539483,-119806976.43029596,-17411903.8096049,13769071040.39844,14235227348.414783,466156308.0163529
1406,12715254.816060832,12715254.816060832,1406.0,1406,20634.397345514237,18627.757487719347,18634.397345514033,2,2,17627.757487719347,6.084922709643644,11.985729950153276,0.0,1.0,2000.0,13752700.0,400000.0,9972700.0,134797755.98667955,134797.75598667955,32000.0,0.0,63412.17962038074,-86182.2053373386,179577.01560667015,0.0013000000000000496,-0.006000017192223147,17.47851395403289,18.757202975322755,2148689.494370816,-104296625.78181012,-16239441.727496957,13752831598.670942,14235227348.414783,482395749.7438499
1407,12715254.816060832,12715254.816060832,1407.0,1407,20639.92785558612,18634.397345514237,18639.927855585916,2,2,17634.397345514237,4.976097434125435,11.985729950153276,0.0,1.0,2000.0,13752700.0,400000.0,9972700.0,134797755.98667955,134797.75598667955,32000.0,0.0,45357.19836836276,-82915.30919599342,179577.01560667015,0.0013000000000000496,-0.006000017192223147,17.487145769166247,18.717363714399504,1707913.6527305602,-86789583.75937887,-13280208.832193961,13739551389.838749,14235227348.414783,495675958.57604384
1408,12715254.816060832,12715254.816060832,1408.0,1408,20644.349975042383,18639.92785558612,18644.34997504218,2,2,17639.92785558612,3.868141478400787,11.058001807322807,0.0,1.0,2000.0,13752700.0,400000.0,9972700.0,134797755.98667955,134797.75598667955,32000.0,0.0,30332.89345053943,-80194.22652048575,179577.01560667015,0.0013000000000000496,-0.006000017192223147,17.494335432259696,18.68418055888644,1311217.845537818,-69341345.9638586,-10323295.97755602,13729228093.861193,14235227348.414783,505999254.55359983
1409,12715254.816060832,12715254.816060832,1409.0,1409,20647.66448575823,18644.349975042383,18647.664485758025,2,2,17644.349975042383,2.7608799532917025,11.058001807322807,0.0,1.0,2000.0,13752700.0,400000.0,9972700.0,134797755.98667955,134797.75598667955,32000.0,0.0,18329.08515873267,-78018.48640157025,179577.01560667015,0.0013000000000000496,-0.006000017192223147,17.50008418755284,18.657647766122796,950221.7321031217,-51940836.273102775,-7368236.4193448955,13721859857.441849,14235227348.414783,513367490.97294474
1410,12715254.816060832,12715254.816060832,1410.0,1410,20649.871994997993,18647.66448575823,18649.87199499779,2,2,17647.66448575823,1.654138526235355,11.058001807322807,0.0,1.0,2000.0,13752700.0,400000.0,9972700.0,134797755.98667955,134797.75598667955,32000.0,0.0,9337.511192697792,-76387.70414650804,179577.01560667015,0.0013000000000000496,-0.006000017192223147,17.504393051483436,18.637760644843915,616611.5882398378,-34577054.739722736,-4414564.898816915,13717445292.543032,14235227348.414783,517782055.8717617
1411,12715254.816060832,12715254.816060832,1411.0,1411,20650.972935907514,18649.871994997993,18650.97293590731,2,2,17649.871994997993,0.5477432928061023,10.131604432760364,0.0,1.0,2000.0,13752700.0,400000.0,9972700.0,134797755.98667955,134797.75598667955,32000.0,0.0,3351.8134733706884,-75301.58097337002,179577.01560667015,0.0013000000000000496,-0.006000017192223147,17.50726281349513,18.62451555145334,302125.71360176284,-17239061.014912523,-1461817.299840926,13715983475.24319,14235227348.414783,519243873.1716026
1412,12715254.816060832,12715254.816060832,1412.0,1412,20651.24680755392,18650.972935907514,18651.246807553714,2,2,17650.972935907514,0.0,10.131604432760364,0.0,1.0,2000.0,13752700.0,400000.0,9972700.0,134797755.98667955,134797.75598667955,32000.0,0.0,367.52782564723765,-74759.90376878757,179577.01560667015,0.0013000000000000496,-0.006000017192223147,17.508694036677507,18.617909887068596,74488.2664893689,-2123065.737974555,0.0,13715983475.24319,14235227348.414783,519243873.1716026
