time_seconds,dt_seconds,total_dist_meters,speed_meters_per_second,speed_limit_meters_per_second,res_grade_newtons,res_curve_newtons,res_rolling_newtons,res_bearing_newtons,res_aero_newtons,res_davis_b_newtons,pwr_whl_out_watts,mass_static_kilograms,mass_freight_kilograms
0.0,1.0,0.0,0.0,0.0,0.0,0.0,0.0,0.0,0.0,0.0,0.0,7780000.0,253750000.0
1.0,1.0,4.510674330143205,4.510831101423225,0.0,0.0,0.0,1006084.5210898916,100000.0,0.0,0.0,5010797.382649136,7780000.0,253750000.0
2.0,1.0,9.021913321787027,4.511646881864418,0.0,0.0,0.0,1006084.5210898916,100000.0,254679.4289489838,1512759.1161309222,6377901.754399221,7780000.0,253750000.0
3.0,1.0,13.534225092608184,4.512976659777895,0.0,0.0,0.0,1006084.5210898916,100000.0,254771.55444829215,1513032.697489086,6377172.0370011665,7780000.0,253750000.0
4.0,1.0,18.04811817944201,4.51480951388976,0.0,0.0,0.0,1006084.5210898916,100000.0,254921.76102382812,1513478.653814165,6377172.426501406,7780000.0,253750000.0
5.0,1.0,22.564100965305606,4.517156057837435,0.0,0.0,0.0,1006084.5210898916,100000.0,255128.8656964304,1514093.3225312862,6377172.426293504,7780000.0,253750000.0
6.0,1.0,27.082682442498218,4.520006896547785,0.0,0.0,0.0,1006084.5210898916,100000.0,255394.1378730792,1514880.2630458905,6377172.426293615,7780000.0,253750000.0
7.0,1.0,31.604371453728348,4.523371125912473,0.0,0.0,0.0,1006084.5210898916,100000.0,255716.6050352878,1515836.3246120927,6377172.426293615,7780000.0,253750000.0
8.0,1.0,36.12967768754525,4.527241341721328,0.0,0.0,0.0,1006084.5210898916,100000.0,256097.4051034925,1516964.5576418291,6377172.426293615,7780000.0,253750000.0
9.0,1.0,40.65911063308731,4.531624549362803,0.0,0.0,0.0,1006084.5210898916,100000.0,256535.8286664911,1518262.4790480179,6377172.426293615,7780000.0,253750000.0
10.0,1.0,45.1931809060786,4.536515996619784,0.0,0.0,0.0,1006084.5210898916,100000.0,257032.81747596,1519732.4381682882,6377172.426293615,7780000.0,253750000.0
11.0,1.0,49.732398817943725,4.541919827110459,0.0,0.0,0.0,1006084.5210898916,100000.0,257588.00072314858,1521372.841291947,6377172.426293615,7780000.0,253750000.0
12.0,1.0,54.2772761291392,4.547834795280498,0.0,0.0,0.0,1006084.5210898916,100000.0,258202.03622331916,1523185.0780290342,6377172.426293615,7780000.0,253750000.0
13.0,1.0,58.828324135104104,4.554261216649304,0.0,0.0,0.0,1006084.5210898916,100000.0,258874.9901113328,1525168.730668573,6377172.426293615,7780000.0,253750000.0
14.0,1.0,63.38605594172057,4.561202396583625,0.0,0.0,0.0,1006084.5210898916,100000.0,259607.12540878478,1527323.9050236251,6377172.426293615,7780000.0,253750000.0
15.0,1.0,67.9509839728325,4.5686536656402525,0.0,0.0,0.0,1006084.5210898916,100000.0,260399.06635753936,1529651.7095869652,6377172.426293615,7780000.0,253750000.0
16.0,1.0,72.52362286009782,4.576624108890387,0.0,0.0,0.0,1006084.5210898916,100000.0,261250.5472590553,1532150.5784070815,6377172.426293615,7780000.0,253750000.0
17.0,1.0,77.10448755302706,4.585105276968089,0.0,0.0,0.0,1006084.5210898916,100000.0,262162.894388807,1534823.5582671436,6377172.426293615,7780000.0,253750000.0
18.0,1.0,81.69409309224952,4.594105801476826,0.0,0.0,0.0,1006084.5210898916,100000.0,263135.44870322244,1537667.815575056,6377172.426293615,7780000.0,253750000.0
19.0,1.0,86.292956801865,4.603621617754134,0.0,0.0,0.0,1006084.5210898916,100000.0,264169.5281604312,1540686.245038366,6377172.426293615,7780000.0,253750000.0
20.0,1.0,90.90159451224982,4.613653803015497,0.0,0.0,0.0,1006084.5210898916,100000.0,265265.0153879061,1543877.4835257442,6377172.426293615,7780000.0,253750000.0
21.0,1.0,95.52052542431272,4.624208021110323,0.0,0.0,0.0,1006084.5210898916,100000.0,266422.4030367362,1547241.8922937987,6377172.426293615,7780000.0,253750000.0
22.0,1.0,100.15026863774173,4.635278405747709,0.0,0.0,0.0,1006084.5210898916,100000.0,267642.73577209574,1550781.3707796026,6377172.426293615,7780000.0,253750000.0
23.0,1.0,104.79134350289657,4.646871324561971,0.0,0.0,0.0,1006084.5210898916,100000.0,268925.74666934944,1554493.9516549977,6377172.426293615,7780000.0,253750000.0
24.0,1.0,109.44427232570803,4.658986321060947,0.0,0.0,0.0,1006084.5210898916,100000.0,270272.60556590126,1558381.7703794248,6377172.426293615,7780000.0,253750000.0
25.0,1.0,114.10957604494436,4.671621117411723,0.0,0.0,0.0,1006084.5210898916,100000.0,271683.714146724,1562444.673862984,6377172.426293615,7780000.0,253750000.0
26.0,1.0,118.78777768870106,4.684782170101664,0.0,0.0,0.0,1006084.5210898916,100000.0,273159.28102911485,1566681.898208197,6377172.426293615,7780000.0,253750000.0
27.0,1.0,123.47940275918242,4.698467970861072,0.0,0.0,0.0,1006084.5210898916,100000.0,274700.5566029736,1571095.608672396,6377172.426293615,7780000.0,253750000.0
28.0,1.0,128.18497538270776,4.7126772761895985,0.0,0.0,0.0,1006084.5210898916,100000.0,276307.8836110207,1575685.2994399832,6377172.426293615,7780000.0,253750000.0
29.0,1.0,132.9050208791153,4.727413716625488,0.0,0.0,0.0,1006084.5210898916,100000.0,277981.65468328557,1580450.5534888066,6377172.426293615,7780000.0,253750000.0
30.0,1.0,137.64006789525584,4.742680315655589,0.0,0.0,0.0,1006084.5210898916,100000.0,279722.8580916017,1585392.5883616437,6377172.426293615,7780000.0,253750000.0
31.0,1.0,142.39064507232123,4.758474038475176,0.0,0.0,0.0,1006084.5210898916,100000.0,281532.43616631406,1590512.4180196007,6377172.426293615,7780000.0,253750000.0
32.0,1.0,147.15728018521494,4.7747961873122415,0.0,0.0,0.0,1006084.5210898916,100000.0,283410.6352337148,1595809.0247059907,6377172.426293615,7780000.0,253750000.0
33.0,1.0,151.94050300192873,4.791649446115314,0.0,0.0,0.0,1006084.5210898916,100000.0,285358.236159631,1601282.8451379566,6377172.426293615,7780000.0,253750000.0
34.0,1.0,156.74084613537545,4.80903682077811,0.0,0.0,0.0,1006084.5210898916,100000.0,287376.2086095279,1606934.779408521,6377172.426293615,7780000.0,253750000.0
35.0,1.0,161.5588424786395,4.826955865749993,0.0,0.0,0.0,1006084.5210898916,100000.0,289465.5866476686,1612765.835578731,6377172.426293615,7780000.0,253750000.0
36.0,1.0,166.39502426851936,4.845407714009739,0.0,0.0,0.0,1006084.5210898916,100000.0,291626.77220313885,1618775.1935050392,6377172.426293615,7780000.0,253750000.0
37.0,1.0,171.24992484527837,4.864393439508305,0.0,0.0,0.0,1006084.5210898916,100000.0,293860.6181664165,1624963.233144916,6377172.426293615,7780000.0,253750000.0
38.0,1.0,176.12407858960586,4.883914049146664,0.0,0.0,0.0,1006084.5210898916,100000.0,296167.99362223886,1631330.3146601722,6377172.426293615,7780000.0,253750000.0
39.0,1.0,181.01802085150985,4.903970474661283,0.0,0.0,0.0,1006084.5210898916,100000.0,298549.7828758759,1637876.775726636,6377172.426293615,7780000.0,253750000.0
40.0,1.0,185.9322886402476,4.924565102814214,0.0,0.0,0.0,1006084.5210898916,100000.0,301006.88443233917,1644602.9288128528,6377172.426293615,7780000.0,253750000.0
41.0,1.0,190.86741970623854,4.945697029167621,0.0,0.0,0.0,1006084.5210898916,100000.0,303540.3995733099,1651509.5743469414,6377172.426293615,7780000.0,253750000.0
42.0,1.0,195.82395149280148,4.967366543958251,0.0,0.0,0.0,1006084.5210898916,100000.0,306151.04872424545,1658596.409015266,6377172.426293615,7780000.0,253750000.0
43.0,1.0,200.80242186221204,4.989574194862883,0.0,0.0,0.0,1006084.5210898916,100000.0,308839.72065610177,1665863.5301520599,6377172.426293615,7780000.0,253750000.0
44.0,1.0,205.80336916682722,5.01232041436746,0.0,0.0,0.0,1006084.5210898916,100000.0,311607.3586205145,1673311.1214270326,6377172.426293615,7780000.0,253750000.0
45.0,1.0,210.8273321298336,5.035605511645302,0.0,0.0,0.0,1006084.5210898916,100000.0,314454.91436676285,1680939.3278793218,6377172.426293615,7780000.0,253750000.0
46.0,1.0,215.87484971791727,5.059429664522048,0.0,0.0,0.0,1006084.5210898916,100000.0,317383.3468560648,1688748.253193758,6377172.426293615,7780000.0,253750000.0
47.0,1.0,220.94646100595642,5.083792911556255,0.0,0.0,0.0,1006084.5210898916,100000.0,320393.62093453726,1696737.957006216,6377172.426293615,7780000.0,253750000.0
48.0,1.0,226.04270545350798,5.108695983546869,0.0,0.0,0.0,1006084.5210898916,100000.0,323486.70596653793,1704908.452247751,6377172.426293615,7780000.0,253750000.0
49.0,1.0,231.164123151647,5.134139412731161,0.0,0.0,0.0,1006084.5210898916,100000.0,326663.6817621965,1713259.984000199,6377172.426293615,7780000.0,253750000.0
50.0,1.0,236.31125366169186,5.160121607358578,0.0,0.0,0.0,1006084.5210898916,100000.0,329925.62629917875,1721792.730755453,6377172.426293615,7780000.0,253750000.0
51.0,1.0,241.4846354479518,5.18664196516128,0.0,0.0,0.0,1006084.5210898916,100000.0,333273.36646321864,1730506.1587016496,6377172.426293615,7780000.0,253750000.0
52.0,1.0,246.68480628383364,5.2136997066023705,0.0,0.0,0.0,1006084.5210898916,100000.0,336707.87531165517,1739400.0658613374,6377172.426293615,7780000.0,253750000.0
53.0,1.0,251.9123030712718,5.241293868273923,0.0,0.0,0.0,1006084.5210898916,100000.0,340230.1229326868,1748474.190807849,6377172.426293615,7780000.0,253750000.0
54.0,1.0,257.1676632485825,5.269426486347563,0.0,0.0,0.0,1006084.5210898916,100000.0,343841.07488580927,1757728.210451249,6377172.426293615,7780000.0,253750000.0
55.0,1.0,262.45142409134917,5.298095199185732,0.0,0.0,0.0,1006084.5210898916,100000.0,347542.11137496505,1767162.8076451235,6377172.426293615,7780000.0,253750000.0
56.0,1.0,267.764120032876,5.3272966838678935,0.0,0.0,0.0,1006084.5210898916,100000.0,351334.0567923444,1776777.190387141,6377172.426293615,7780000.0,253750000.0
57.0,1.0,273.10628392014115,5.357031090662341,0.0,0.0,0.0,1006084.5210898916,100000.0,355217.62220305734,1786570.2442976632,6377172.426293615,7780000.0,253750000.0
58.0,1.0,278.4784491470695,5.387299363194433,0.0,0.0,0.0,1006084.5210898916,100000.0,359193.99612240994,1796542.019770891,6377172.426293615,7780000.0,253750000.0
59.0,1.0,283.8811462322756,5.41809480721776,0.0,0.0,0.0,1006084.5210898916,100000.0,363264.495829361,1806692.833262447,6377172.426293615,7780000.0,253750000.0
60.0,1.0,289.3149038941051,5.449420516441226,0.0,0.0,0.0,1006084.5210898916,100000.0,367429.4269126524,1817020.4397797668,6377172.426293615,7780000.0,253750000.0
61.0,1.0,294.7802495517043,5.481270798757179,0.0,0.0,0.0,1006084.5210898916,100000.0,371690.4305865572,1827525.8768337306,6377172.426293615,7780000.0,253750000.0
62.0,1.0,300.2777075882456,5.513645274325488,0.0,0.0,0.0,1006084.5210898916,100000.0,376047.9732836479,1838207.2355105386,6377172.426293615,7780000.0,253750000.0
63.0,1.0,305.807800345953,5.546540241089288,0.0,0.0,0.0,1006084.5210898916,100000.0,380503.25731036754,1849064.3884264315,6377172.426293615,7780000.0,253750000.0
64.0,1.0,311.3710477308429,5.579954528690565,0.0,0.0,0.0,1006084.5210898916,100000.0,385057.0431111547,1860096.09405404,6377172.426293615,7780000.0,253750000.0
65.0,1.0,316.96796595901526,5.6138819276541065,0.0,0.0,0.0,1006084.5210898916,100000.0,389710.453011843,1871301.9599003368,6377172.426293615,7780000.0,253750000.0
66.0,1.0,322.5990693172868,5.648324788889059,0.0,0.0,0.0,1006084.5210898916,100000.0,394463.9175510352,1882679.9035463568,6377172.426293615,7780000.0,253750000.0
67.0,1.0,328.26486887388916,5.6832743243156685,0.0,0.0,0.0,1006084.5210898916,100000.0,399319.0764896185,1894230.7133965343,6377172.426293615,7780000.0,253750000.0
68.0,1.0,333.96587007893805,5.718728085782169,0.0,0.0,0.0,1006084.5210898916,100000.0,404276.0128586311,1905951.4422671995,6377172.426293615,7780000.0,253750000.0
69.0,1.0,339.70257688304,5.754685522421753,0.0,0.0,0.0,1006084.5210898916,100000.0,409335.7060384058,1917841.269142486,6377172.426293615,7780000.0,253750000.0
70.0,1.0,345.47548908194085,5.791138875379864,0.0,0.0,0.0,1006084.5210898916,100000.0,414499.41918941314,1929900.0092828711,6377172.426293615,7780000.0,253750000.0
71.0,1.0,351.2851005943117,5.82808414936181,0.0,0.0,0.0,1006084.5210898916,100000.0,419767.38761992764,1942125.0606671982,6377172.426293615,7780000.0,253750000.0
72.0,1.0,357.1319011755907,5.865517013196178,0.0,0.0,0.0,1006084.5210898916,100000.0,425140.3860602855,1954515.0834274187,6377172.426293615,7780000.0,253750000.0
73.0,1.0,363.0163760825915,5.903432800805389,0.0,0.0,0.0,1006084.5210898916,100000.0,430619.1434152881,1967068.6250553597,6377172.426293615,7780000.0,253750000.0
74.0,1.0,368.93900616904807,5.941827372107831,0.0,0.0,0.0,1006084.5210898916,100000.0,436204.34082364006,1979784.1207282129,6377172.426293615,7780000.0,253750000.0
75.0,1.0,374.9002669378436,5.9806941654832135,0.0,0.0,0.0,1006084.5210898916,100000.0,441896.7375736699,1992660.182021969,6377172.426293615,7780000.0,253750000.0
76.0,1.0,380.90062771023923,6.020027379308036,0.0,0.0,0.0,1006084.5210898916,100000.0,447696.7318137108,2005694.6084217597,6377172.426293615,7780000.0,253750000.0
77.0,1.0,386.94055193699353,6.059821074200578,0.0,0.0,0.0,1006084.5210898916,100000.0,453604.827588813,2018885.454286384,6377172.426293615,7780000.0,253750000.0
78.0,1.0,393.0204970765087,6.10006920482975,0.0,0.0,0.0,1006084.5210898916,100000.0,459621.5016710496,2032230.7277758373,6377172.426293615,7780000.0,253750000.0
79.0,1.0,399.1409147819466,6.140766206046069,0.0,0.0,0.0,1006084.5210898916,100000.0,465747.207049646,2045728.4015187752,6377172.426293615,7780000.0,253750000.0
80.0,1.0,405.3022500919797,6.181904414020194,0.0,0.0,0.0,1006084.5210898916,100000.0,471982.4618117243,2059376.6091782802,6377172.426293615,7780000.0,253750000.0
81.0,1.0,411.5049406265171,6.223476655054602,0.0,0.0,0.0,1006084.5210898916,100000.0,478327.4518506809,2073172.780600995,6377172.426293615,7780000.0,253750000.0
82.0,1.0,417.7494166938256,6.265475479562391,0.0,0.0,0.0,1006084.5210898916,100000.0,484782.4226389202,2087114.510004907,6377172.426293615,7780000.0,253750000.0
83.0,1.0,424.0361011890565,6.307893510899498,0.0,0.0,0.0,1006084.5210898916,100000.0,491347.56082028605,2101199.2990853256,6377172.426293615,7780000.0,253750000.0
84.0,1.0,430.36541064621355,6.350725403414516,0.0,0.0,0.0,1006084.5210898916,100000.0,498023.0470545564,2115424.673999782,6377172.426293615,7780000.0,253750000.0
85.0,1.0,436.73775345055594,6.393960205270289,0.0,0.0,0.0,1006084.5210898916,100000.0,504809.3669045774,2129788.842022564,6377172.426293615,7780000.0,253750000.0
86.0,1.0,443.15352898175126,6.437590857120401,0.0,0.0,0.0,1006084.5210898916,100000.0,511706.09865906584,2144288.130329058,6377172.426293615,7780000.0,253750000.0
87.0,1.0,449.61312940756545,6.481609994508018,0.0,0.0,0.0,1006084.5210898916,100000.0,518713.41288972064,2158920.171486211,6377172.426293615,7780000.0,253750000.0
88.0,1.0,456.11693797120193,6.526007132764895,0.0,0.0,0.0,1006084.5210898916,100000.0,525831.4117310658,2173682.4957386814,6377172.426293615,7780000.0,253750000.0
89.0,1.0,462.66532943690993,6.570775798651085,0.0,0.0,0.0,1006084.5210898916,100000.0,533059.6666032594,2188571.5869323253,6377172.426293615,7780000.0,253750000.0
90.0,1.0,469.25866996755485,6.615905262638706,0.0,0.0,0.0,1006084.5210898916,100000.0,540398.3730691597,2203585.274191639,6377172.426293615,7780000.0,253750000.0
91.0,1.0,475.89731604529425,6.661386892840066,0.0,0.0,0.0,1006084.5210898916,100000.0,547847.0032553088,2218719.959245982,6377172.426293615,7780000.0,253750000.0
92.0,1.0,482.5816157901151,6.707212596801691,0.0,0.0,0.0,1006084.5210898916,100000.0,555405.3405646055,2233972.7472924897,6377172.426293615,7780000.0,253750000.0
93.0,1.0,489.311907770012,6.753371362992044,0.0,0.0,0.0,1006084.5210898916,100000.0,563073.2291283988,2249340.924433769,6377172.426293615,7780000.0,253750000.0
94.0,1.0,496.08852045204065,6.799854001065251,0.0,0.0,0.0,1006084.5210898916,100000.0,570849.9914881123,2264820.7978260093,6377172.426293615,7780000.0,253750000.0
95.0,1.0,502.911773307269,6.846651709391491,0.0,0.0,0.0,1006084.5210898916,100000.0,578735.2178098279,2280409.2853809684,6377172.426293615,7780000.0,253750000.0
96.0,1.0,509.781976402808,6.893754481686475,0.0,0.0,0.0,1006084.5210898916,100000.0,586728.5301353318,2296103.435370805,6377172.426293615,7780000.0,253750000.0
97.0,1.0,516.6994296631369,6.941152038971221,0.0,0.0,0.0,1006084.5210898916,100000.0,594829.308970564,2311899.8920729402,6377172.426293615,7780000.0,253750000.0
98.0,1.0,523.6644229534091,6.988834541573229,0.0,0.0,0.0,1006084.5210898916,100000.0,603036.847388817,2327795.2083134917,6377172.426293615,7780000.0,253750000.0
99.0,1.0,530.6772362432666,7.036792038141811,0.0,0.0,0.0,1006084.5210898916,100000.0,611350.4732166901,2343786.084245061,6377172.426293615,7780000.0,253750000.0
100.0,1.0,537.7381395077526,7.085014490830093,0.0,0.0,0.0,1006084.5210898916,100000.0,619769.4538691666,2359869.182567685,6377172.426293615,7780000.0,253750000.0
101.0,1.0,544.8473926533292,7.133491800322915,0.0,0.0,0.0,1006084.5210898916,100000.0,628292.9994520417,2376041.1369739086,6377172.426293615,7780000.0,253750000.0
102.0,1.0,552.0052454714867,7.18221383599199,0.0,0.0,0.0,1006084.5210898916,100000.0,636920.2660337269,2392298.560542179,6377172.426293615,7780000.0,253750000.0
103.0,1.0,559.2119380534541,7.231171327942863,0.0,0.0,0.0,1006084.5210898916,100000.0,645650.3600388789,2408638.055849728,6377172.426293615,7780000.0,253750000.0
104.0,1.0,566.4677003953922,7.280353355933263,0.0,0.0,0.0,1006084.5210898916,100000.0,654482.4989006361,2425056.5141307795,6377172.426293615,7780000.0,253750000.0
105.0,1.0,573.77275196802,7.329749789322438,0.0,0.0,0.0,1006084.5210898916,100000.0,663415.5581113377,2441550.2731564306,6377172.426293615,7780000.0,253750000.0
106.0,1.0,581.1273023615913,7.379350997820223,0.0,0.0,0.0,1006084.5210898916,100000.0,672448.5081764787,2458115.9354997296,6377172.426293615,7780000.0,253750000.0
107.0,1.0,588.5315515821445,7.429147443286091,0.0,0.0,0.0,1006084.5210898916,100000.0,681580.365485517,2474750.271532054,6377172.426293615,7780000.0,253750000.0
108.0,1.0,595.9856894710725,7.479128334569901,0.0,0.0,0.0,1006084.5210898916,100000.0,690810.118985183,2491450.0825282224,6377172.426293615,7780000.0,253750000.0
109.0,1.0,603.4898962935171,7.529285310319117,0.0,0.0,0.0,1006084.5210898916,100000.0,700136.4784276816,2508211.749551862,6377172.426293615,7780000.0,253750000.0
110.0,1.0,611.0443426545951,7.579607411836846,0.0,0.0,0.0,1006084.5210898916,100000.0,709558.5601839501,2525032.4685271843,6377172.426293615,7780000.0,253750000.0
111.0,1.0,618.6491895555084,7.630086389989832,0.0,0.0,0.0,1006084.5210898916,100000.0,719074.9482171589,2541908.564329085,6377172.426293615,7780000.0,253750000.0
112.0,1.0,626.3045888075984,7.6807121141900145,0.0,0.0,0.0,1006084.5210898916,100000.0,728684.6909474652,2558837.270515803,6377172.426293615,7780000.0,253750000.0
113.0,1.0,634.0106826325251,7.731475535663323,0.0,0.0,0.0,1006084.5210898916,100000.0,738386.4352662426,2575815.189678059,6377172.426293615,7780000.0,253750000.0
114.0,1.0,641.7676045510136,7.782368301313604,0.0,0.0,0.0,1006084.5210898916,100000.0,748178.9877802006,2592839.287205345,6377172.426293615,7780000.0,253750000.0
115.0,1.0,649.575479253237,7.833381103133148,0.0,0.0,0.0,1006084.5210898916,100000.0,758061.2461178374,2609906.7617907464,6377172.426293615,7780000.0,253750000.0
116.0,1.0,657.4344225262619,7.884505442916657,0.0,0.0,0.0,1006084.5210898916,100000.0,768031.8794021896,2627014.49188677,6377172.426293615,7780000.0,253750000.0
117.0,1.0,665.3445417568938,7.935733018347272,0.0,0.0,0.0,1006084.5210898916,100000.0,778089.6701834605,2644159.627522479,6377172.426293615,7780000.0,253750000.0
118.0,1.0,673.3059361299578,7.987055727780644,0.0,0.0,0.0,1006084.5210898916,100000.0,788233.397405816,2661339.384420381,6377172.426293615,7780000.0,253750000.0
119.0,1.0,681.3186968374152,8.038465687134313,0.0,0.0,0.0,1006084.5210898916,100000.0,798461.838393999,2678551.0456008175,6377172.426293615,7780000.0,253750000.0
120.0,1.0,689.3829073034514,8.089955244937855,0.0,0.0,0.0,1006084.5210898916,100000.0,808773.7733372379,2695791.967046013,6377172.426293615,7780000.0,253750000.0
121.0,1.0,697.4986434236948,8.141516995549173,0.0,0.0,0.0,1006084.5210898916,100000.0,819167.9895545022,2713059.582747315,6377172.426293615,7780000.0,253750000.0
122.0,1.0,705.6659738167475,8.19314379055609,0.0,0.0,0.0,1006084.5210898916,100000.0,829643.28552483,2730351.4091374306,6377172.426293615,7780000.0,253750000.0
123.0,1.0,713.8849600862233,8.244828748395372,0.0,0.0,0.0,1006084.5210898916,100000.0,840198.4746691254,2747665.048914077,6377172.426293615,7780000.0,253750000.0
124.0,1.0,722.1556571414212,8.29656536200049,0.0,0.0,0.0,1006084.5210898916,100000.0,850832.3888725088,2764998.1942658387,6377172.426293615,7780000.0,253750000.0
125.0,1.0,730.4781134599783,8.348347275113763,0.0,0.0,0.0,1006084.5210898916,100000.0,861543.9024593275,2782348.6629730775,6377172.426293615,7780000.0,253750000.0
126.0,1.0,738.8523712719774,8.40016834888437,0.0,0.0,0.0,1006084.5210898916,100000.0,872331.8877790815,2799714.32339164,6377172.426293615,7780000.0,253750000.0
127.0,1.0,747.2784669128638,8.452022932888351,0.0,0.0,0.0,1006084.5210898916,100000.0,883195.2301099956,2817093.1167872613,6377172.426293615,7780000.0,253750000.0
128.0,1.0,755.7564311181866,8.50390547775715,0.0,0.0,0.0,1006084.5210898916,100000.0,894132.8863450129,2834483.1482252483,6377172.426293615,7780000.0,253750000.0
129.0,1.0,764.2862892581534,8.555810802176477,0.0,0.0,0.0,1006084.5210898916,100000.0,905143.8056455099,2851882.5566609986,6377172.426293615,7780000.0,253750000.0
130.0,1.0,772.8680616442065,8.607733969929825,0.0,0.0,0.0,1006084.5210898916,100000.0,916226.9872393055,2869289.604481143,6377172.426293615,7780000.0,253750000.0
131.0,1.0,781.5017638112253,8.659670364107638,0.0,0.0,0.0,1006084.5210898916,100000.0,927381.4562833952,2886702.6362686753,6377172.426293615,7780000.0,253750000.0
132.0,1.0,790.1874067855123,8.711615584466449,0.0,0.0,0.0,1006084.5210898916,100000.0,938606.281517824,2904120.103689849,6377172.426293615,7780000.0,253750000.0
133.0,1.0,798.9249973558213,8.763565556151637,0.0,0.0,0.0,1006084.5210898916,100000.0,949900.5549391141,2921540.5310723833,6377172.426293615,7780000.0,253750000.0
134.0,1.0,807.714538357179,8.815516446563663,0.0,0.0,0.0,1006084.5210898916,100000.0,961263.4170477542,2938962.551866892,6377172.426293615,7780000.0,253750000.0
135.0,1.0,816.5560289256907,8.867464690459919,0.0,0.0,0.0,1006084.5210898916,100000.0,972694.0406109166,2956384.8807670176,6377172.426293615,7780000.0,253750000.0
136.0,1.0,825.449464763821,8.919406985800656,0.0,0.0,0.0,1006084.5210898916,100000.0,984191.6378068946,2973806.322127626,6377172.426293615,7780000.0,253750000.0
137.0,1.0,834.3948383961043,8.971340278765958,0.0,0.0,0.0,1006084.5210898916,100000.0,995755.4610367019,2991225.768571691,6377172.426293615,7780000.0,253750000.0
138.0,1.0,843.392139415052,9.023261759129406,0.0,0.0,0.0,1006084.5210898916,100000.0,1007384.8012740139,3008642.195965563,6377172.426293615,7780000.0,253750000.0
139.0,1.0,852.4413547218817,9.075168854529938,0.0,0.0,0.0,1006084.5210898916,100000.0,1019078.9886395587,3026054.661867476,6377172.426293615,7780000.0,253750000.0
140.0,1.0,861.5424687610362,9.12705922377902,0.0,0.0,0.0,1006084.5210898916,100000.0,1030837.392690451,3043462.3036065465,6377172.426293615,7780000.0,253750000.0
141.0,1.0,870.6954637475937,9.178930749336223,0.0,0.0,0.0,1006084.5210898916,100000.0,1042659.4224452194,3060864.33603826,6377172.426293615,7780000.0,253750000.0
142.0,1.0,879.9003198868027,9.2307815290817,0.0,0.0,0.0,1006084.5210898916,100000.0,1054544.5261658384,3078260.049021066,6377172.426293615,7780000.0,253750000.0
143.0,1.0,889.1570155638561,9.282609825025208,0.0,0.0,0.0,1006084.5210898916,100000.0,1066492.190918493,3095648.8046571882,6377172.426293615,7780000.0,253750000.0
144.0,1.0,898.4655275427206,9.334414132703644,0.0,0.0,0.0,1006084.5210898916,100000.0,1078501.93206306,3113030.0200915984,6377172.426293615,7780000.0,253750000.0
145.0,1.0,907.8258311937421,9.386193169339464,0.0,0.0,0.0,1006084.5210898916,100000.0,1090573.3105435837,3130403.1907852828,6377172.426293615,7780000.0,253750000.0
146.0,1.0,917.2379006439132,9.437945731002662,0.0,0.0,0.0,1006084.5210898916,100000.0,1102705.9316295485,3147767.8865440306,6377172.426293615,7780000.0,253750000.0
147.0,1.0,926.7017089349097,9.489670850990233,0.0,0.0,0.0,1006084.5210898916,100000.0,1114899.4126144191,3165123.7036160617,6377172.426293615,7780000.0,253750000.0
148.0,1.0,936.2172282157929,9.541367710776372,0.0,0.0,0.0,1006084.5210898916,100000.0,1127153.4209580608,3182470.3178064,6377172.426293615,7780000.0,253750000.0
149.0,1.0,945.7844298747281,9.593035607093912,0.0,0.0,0.0,1006084.5210898916,100000.0,1139467.6545605357,3199807.4546129955,6377172.426293615,7780000.0,253750000.0
150.0,1.0,955.4032846732667,9.644673989983525,0.0,0.0,0.0,1006084.5210898916,100000.0,1151841.8348220098,3217134.8781871134,6377172.426293615,7780000.0,253750000.0
151.0,1.0,965.07376291307,9.696282489622952,0.0,0.0,0.0,1006084.5210898916,100000.0,1164275.7165799427,3234452.404093565,6377172.426293615,7780000.0,253750000.0
152.0,1.0,974.7958345187133,9.74786072166355,0.0,0.0,0.0,1006084.5210898916,100000.0,1176769.0956166836,3251759.908308198,6377172.426293615,7780000.0,253750000.0
153.0,1.0,984.5694691507224,9.799408542354636,0.0,0.0,0.0,1006084.5210898916,100000.0,1189321.762325306,3269057.261935274,6377172.426293615,7780000.0,253750000.0
154.0,1.0,994.3946363579053,9.850925872011096,0.0,0.0,0.0,1006084.5210898916,100000.0,1201933.564202547,3286344.4167663474,6377172.426293615,7780000.0,253750000.0
155.0,1.0,1004.2713056456977,9.902412703573837,0.0,0.0,0.0,1006084.5210898916,100000.0,1214604.3638707793,3303621.3460780974,6377172.426293615,7780000.0,253750000.0
156.0,1.0,1014.1994465559586,9.953869116948125,0.0,0.0,0.0,1006084.5210898916,100000.0,1227334.0416139795,3320888.047503176,6377172.426293615,7780000.0,253750000.0
157.0,1.0,1024.1790287500191,10.005295271172828,0.0,0.0,0.0,1006084.5210898916,100000.0,1240122.4994188282,3338144.547838734,6377172.426293615,7780000.0,253750000.0
158.0,1.0,1034.2100220840177,10.056691396824293,0.0,0.0,0.0,1006084.5210898916,100000.0,1252969.6595732223,3355390.9004202858,6377172.426293615,7780000.0,253750000.0
159.0,1.0,1044.2923966767844,10.10805778870895,0.0,0.0,0.0,1006084.5210898916,100000.0,1265875.4632624234,3372627.1825742624,6377172.426293615,7780000.0,253750000.0
160.0,1.0,1054.4261229705849,10.159394798892048,0.0,0.0,0.0,1006084.5210898916,100000.0,1278839.8691787687,3389853.4931673924,6377172.426293615,7780000.0,253750000.0
161.0,1.0,1064.6111717850831,10.210702830104694,0.0,0.0,0.0,1006084.5210898916,100000.0,1291862.8521597348,3407069.950268809,6377172.426293615,7780000.0,253750000.0
162.0,1.0,1074.8475143649198,10.26198232956859,0.0,0.0,0.0,1006084.5210898916,100000.0,1304944.4018682814,3424276.6889390224,6377172.426293615,7780000.0,253750000.0
163.0,1.0,1085.1351224043833,10.31323374935835,0.0,0.0,0.0,1006084.5210898916,100000.0,1318084.5215291274,3441473.859158977,6377172.426293615,7780000.0,253750000.0
164.0,1.0,1095.4739680753064,10.364457592487819,0.0,0.0,0.0,1006084.5210898916,100000.0,1331283.2179779913,3458661.612537096,6377172.426293615,7780000.0,253750000.0
165.0,1.0,1105.8640240967372,10.415654450373653,0.0,0.0,0.0,1006084.5210898916,100000.0,1344540.513646734,3475840.1177648604,6377172.426293615,7780000.0,253750000.0
166.0,1.0,1116.3052637351236,10.46682482639889,0.0,0.0,0.0,1006084.5210898916,100000.0,1357856.4566546436,3493009.573180653,6377172.426293615,7780000.0,253750000.0
167.0,1.0,1126.7976608226113,10.517969348576587,0.0,0.0,0.0,1006084.5210898916,100000.0,1371231.075142249,3510170.1475997665,6377172.426293615,7780000.0,253750000.0
168.0,1.0,1137.3411897937003,10.569088593601357,0.0,0.0,0.0,1006084.5210898916,100000.0,1384664.4326970982,3527322.051633606,6377172.426293615,7780000.0,253750000.0
169.0,1.0,1147.9358257014476,10.620183221893194,0.0,0.0,0.0,1006084.5210898916,100000.0,1398156.5825963642,3544465.478683347,6377172.426293615,7780000.0,253750000.0
170.0,1.0,1158.5815442227834,10.671253820778297,0.0,0.0,0.0,1006084.5210898916,100000.0,1411707.6033765422,3561600.650228434,6377172.426293615,7780000.0,253750000.0
171.0,1.0,1169.278321697345,10.722301128344915,0.0,0.0,0.0,1006084.5210898916,100000.0,1425317.5574735857,3578727.763235464,6377172.426293615,7780000.0,253750000.0
172.0,1.0,1180.0261351948993,10.773325866763818,0.0,0.0,0.0,1006084.5210898916,100000.0,1438986.5508370253,3595847.0652308273,6377172.426293615,7780000.0,253750000.0
173.0,1.0,1190.8249625599071,10.824328863251752,0.0,0.0,0.0,1006084.5210898916,100000.0,1452714.688937961,3612958.7984027998,6377172.426293615,7780000.0,253750000.0
174.0,1.0,1201.6747827629677,10.875311542869335,0.0,0.0,0.0,1006084.5210898916,100000.0,1466502.1094399618,3630063.240168038,6377172.426293615,7780000.0,253750000.0
175.0,1.0,1212.5755738250361,10.926270581267774,0.0,0.0,0.0,1006084.5210898916,100000.0,1480349.1170248156,3647160.8684370164,6377172.426293615,7780000.0,253750000.0
176.0,1.0,1223.5273119147812,10.977205598222497,0.0,0.0,0.0,1006084.5210898916,100000.0,1494254.7246421196,3664250.5683511146,6377172.426293615,7780000.0,253750000.0
177.0,1.0,1234.5299738170083,11.028118206231962,0.0,0.0,0.0,1006084.5210898916,100000.0,1508218.7373357248,3681332.212397647,6377172.426293615,7780000.0,253750000.0
178.0,1.0,1245.583537675012,11.079009509775277,0.0,0.0,0.0,1006084.5210898916,100000.0,1522241.5083751797,3698406.3413465274,6377172.426293615,7780000.0,253750000.0
179.0,1.0,1256.6879826419927,11.129880424186265,0.0,0.0,0.0,1006084.5210898916,100000.0,1536323.258396249,3715473.3255975326,6377172.426293615,7780000.0,253750000.0
180.0,1.0,1267.843288731731,11.180731755290607,0.0,0.0,0.0,1006084.5210898916,100000.0,1550464.1609999037,3732533.4721183935,6377172.426293615,7780000.0,253750000.0
181.0,1.0,1279.0494367226904,11.23156422662793,0.0,0.0,0.0,1006084.5210898916,100000.0,1564664.3638320193,3749587.0511520253,6377172.426293615,7780000.0,253750000.0
182.0,1.0,1290.306408080148,11.28237848828709,0.0,0.0,0.0,1006084.5210898916,100000.0,1578923.9955357867,3766634.305345767,6377172.426293615,7780000.0,253750000.0
183.0,1.0,1301.614184919599,11.333175190614805,0.0,0.0,0.0,1006084.5210898916,100000.0,1593243.1677198447,3783675.4527143985,6377172.426293615,7780000.0,253750000.0
184.0,1.0,1312.972749975031,11.383954920249264,0.0,0.0,0.0,1006084.5210898916,100000.0,1607621.9953992134,3800710.7113591735,6377172.426293615,7780000.0,253750000.0
185.0,1.0,1324.3820865269722,11.434718183632919,0.0,0.0,0.0,1006084.5210898916,100000.0,1622060.5787653262,3817740.2780159595,6377172.426293615,7780000.0,253750000.0
186.0,1.0,1335.842178390333,11.485465543088361,0.0,0.0,0.0,1006084.5210898916,100000.0,1636558.9980590672,3834764.322526061,6377172.426293615,7780000.0,253750000.0
187.0,1.0,1347.3530098914516,11.536197459149012,0.0,0.0,0.0,1006084.5210898916,100000.0,1651117.3521826898,3851783.0334708295,6377172.426293615,7780000.0,253750000.0
188.0,1.0,1358.914565832152,11.586914422251908,0.0,0.0,0.0,1006084.5210898916,100000.0,1665735.7135201865,3868796.5652954467,6377172.426293615,7780000.0,253750000.0
189.0,1.0,1370.5268314663829,11.637616846210026,0.0,0.0,0.0,1006084.5210898916,100000.0,1680414.165486925,3885805.0824736175,6377172.426293615,7780000.0,253750000.0
190.0,1.0,1382.1897924822183,11.688305185460903,0.0,0.0,0.0,1006084.5210898916,100000.0,1695152.7716837046,3902808.7237822837,6377172.426293615,7780000.0,253750000.0
191.0,1.0,1393.903434989222,11.738979828546542,0.0,0.0,0.0,1006084.5210898916,100000.0,1709951.6097148126,3919807.641622304,6377172.426293615,7780000.0,253750000.0
192.0,1.0,1405.6677454814053,11.789641155820258,0.0,0.0,0.0,1006084.5210898916,100000.0,1724810.7401421687,3936801.9662957094,6377172.426293615,7780000.0,253750000.0
193.0,1.0,1417.4827108357226,11.840289552814465,0.0,0.0,0.0,1006084.5210898916,100000.0,1739730.2230968454,3953791.825358361,6377172.426293615,7780000.0,253750000.0
194.0,1.0,1429.3483182983941,11.890925372528388,0.0,0.0,0.0,1006084.5210898916,100000.0,1754710.1221880093,3970777.3481029896,6377172.426293615,7780000.0,253750000.0
195.0,1.0,1441.2645554620638,11.941548954810841,0.0,0.0,0.0,1006084.5210898916,100000.0,1769750.4933089039,3987758.6529119485,6377172.426293615,7780000.0,253750000.0
196.0,1.0,1453.2314102530006,11.99216062706283,0.0,0.0,0.0,1006084.5210898916,100000.0,1784851.3902235979,4004735.8537574476,6377172.426293615,7780000.0,253750000.0
197.0,1.0,1465.2488709189724,12.04276070488081,0.0,0.0,0.0,1006084.5210898916,100000.0,1800012.8646935069,4021709.0604371815,6377172.426293615,7780000.0,253750000.0
198.0,1.0,1477.3169260177372,12.093349492648494,0.0,0.0,0.0,1006084.5210898916,100000.0,1815234.966591449,4038678.378790052,6377172.426293615,7780000.0,253750000.0
199.0,1.0,1489.4355644061031,12.143927284083672,0.0,0.0,0.0,1006084.5210898916,100000.0,1830517.744005097,4055643.910894642,6377172.426293615,7780000.0,253750000.0
200.0,1.0,1501.6047752295178,12.194494362745537,0.0,0.0,0.0,1006084.5210898916,100000.0,1845861.2433313204,4072605.7552525904,6377172.426293615,7780000.0,253750000.0
201.0,1.0,1513.824547912144,12.245051002506829,0.0,0.0,0.0,1006084.5210898916,100000.0,1861265.509362703,4089564.006958736,6377172.426293615,7780000.0,253750000.0
202.0,1.0,1526.0948721444176,12.295597462040657,0.0,0.0,0.0,1006084.5210898916,100000.0,1876730.5853671832,4106518.757859454,6377172.426293615,7780000.0,253750000.0
203.0,1.0,1538.4157378698585,12.34613398884107,0.0,0.0,0.0,1006084.5210898916,100000.0,1892256.5113291016,4123470.0947037474,6377172.426293615,7780000.0,253750000.0
204.0,1.0,1550.787135285617,12.396660842675892,0.0,0.0,0.0,1006084.5210898916,100000.0,1907843.3250949432,4140418.100491594,6377172.426293615,7780000.0,253750000.0
205.0,1.0,1563.2090548323706,12.4471782508313,0.0,0.0,0.0,1006084.5210898916,100000.0,1923491.0695799685,4157362.8623391227,6377172.426293615,7780000.0,253750000.0
206.0,1.0,1575.6814871790534,12.497686442534231,0.0,0.0,0.0,1006084.5210898916,100000.0,1939199.7788999297,4174304.4564693677,6377172.426293615,7780000.0,253750000.0
207.0,1.0,1588.204423222521,12.548185644401029,0.0,0.0,0.0,1006084.5210898916,100000.0,1954969.4889342627,4191242.9597562216,6377172.426293615,7780000.0,253750000.0
208.0,1.0,1600.7778540774195,12.598676065396306,0.0,0.0,0.0,1006084.5210898916,100000.0,1970800.235908162,4208178.448198081,6377172.426293615,7780000.0,253750000.0
209.0,1.0,1613.4017710670514,12.649157913867596,0.0,0.0,0.0,1006084.5210898916,100000.0,1986692.0516318744,4225110.991873634,6377172.426293615,7780000.0,253750000.0
210.0,1.0,1626.0761657230642,12.69963139815784,0.0,0.0,0.0,1006084.5210898916,100000.0,2002644.968782591,4242040.660654624,6377172.426293615,7780000.0,253750000.0
211.0,1.0,1638.8010297721482,12.750096700010483,0.0,0.0,0.0,1006084.5210898916,100000.0,2018659.0210948142,4258967.524411254,6377172.426293615,7780000.0,253750000.0
212.0,1.0,1651.576355129865,12.800554015422993,0.0,0.0,0.0,1006084.5210898916,100000.0,2034734.234871547,4275891.644093278,6377172.426293615,7780000.0,253750000.0
213.0,1.0,1664.402133902105,12.851003529057163,0.0,0.0,0.0,1006084.5210898916,100000.0,2050870.6419067585,4292813.085430704,6377172.426293615,7780000.0,253750000.0
214.0,1.0,1677.2783583751152,12.901445416963043,0.0,0.0,0.0,1006084.5210898916,100000.0,2067068.2713428796,4309731.910351988,6377172.426293615,7780000.0,253750000.0
215.0,1.0,1690.2050209969182,12.951879826642939,0.0,0.0,0.0,1006084.5210898916,100000.0,2083327.1504785686,4326648.17789754,6377172.426293615,7780000.0,253750000.0
216.0,1.0,1703.1821142808692,13.002306741259204,0.0,0.0,0.0,1006084.5210898916,100000.0,2099647.2982502887,4343561.937533957,6377172.426293615,7780000.0,253750000.0
217.0,1.0,1716.2096307734705,13.052726243943578,0.0,0.0,0.0,1006084.5210898916,100000.0,2116028.6808534446,4360473.183614539,6377172.426293615,7780000.0,253750000.0
218.0,1.0,1729.287563113136,13.103138435387605,0.0,0.0,0.0,1006084.5210898916,100000.0,2132471.297067359,4377381.944018471,6377172.426293615,7780000.0,253750000.0
219.0,1.0,1742.415904031582,13.153543401504253,0.0,0.0,0.0,1006084.5210898916,100000.0,2148975.1518549873,4394288.252513823,6377172.426293615,7780000.0,253750000.0
220.0,1.0,1755.5946463382047,13.203941211741261,0.0,0.0,0.0,1006084.5210898916,100000.0,2165540.2458254537,4411192.137912497,6377172.426293615,7780000.0,253750000.0
221.0,1.0,1768.8237829026282,13.254331917105658,0.0,0.0,0.0,1006084.5210898916,100000.0,2182166.5745831546,4428093.62350459,6377172.426293615,7780000.0,253750000.0
222.0,1.0,1782.1033066331315,13.304715543901183,0.0,0.0,0.0,1006084.5210898916,100000.0,2198854.1279682987,4444992.726395897,6377172.426293615,7780000.0,253750000.0
223.0,1.0,1795.4332104519779,13.355092093791674,0.0,0.0,0.0,1006084.5210898916,100000.0,2215602.887854711,4461889.455407679,6377172.426293615,7780000.0,253750000.0
224.0,1.0,1808.8134872759972,13.4054615542472,0.0,0.0,0.0,1006084.5210898916,100000.0,2232412.828015167,4478783.811097925,6377172.426293615,7780000.0,253750000.0
225.0,1.0,1822.244129985995,13.455823865748092,0.0,0.0,0.0,1006084.5210898916,100000.0,2249283.9174714913,4495675.789264576,6377172.426293615,7780000.0,253750000.0
226.0,1.0,1835.7251313907682,13.50617894379826,0.0,0.0,0.0,1006084.5210898916,100000.0,2266216.109358157,4512565.369947027,6377172.426293615,7780000.0,253750000.0
227.0,1.0,1849.2564841937462,13.556526662157866,0.0,0.0,0.0,1006084.5210898916,100000.0,2283209.3480688133,4529452.524808544,6377172.426293615,7780000.0,253750000.0
228.0,1.0,1862.8381809493603,13.606866849070206,0.0,0.0,0.0,1006084.5210898916,100000.0,2300263.563408859,4546337.211513141,6377172.426293615,7780000.0,253750000.0
229.0,1.0,1876.4702140122754,13.657199276759806,0.0,0.0,0.0,1006084.5210898916,100000.0,2317378.6690473813,4563219.372460233,6377172.426293615,7780000.0,253750000.0
230.0,1.0,1890.1525754862291,13.707523671147753,0.0,0.0,0.0,1006084.5210898916,100000.0,2334554.558640259,4580098.931262694,6377172.426293615,7780000.0,253750000.0
231.0,1.0,1903.8852571594666,13.757839675327453,0.0,0.0,0.0,1006084.5210898916,100000.0,2351791.108811346,4596975.796005007,6377172.426293615,7780000.0,253750000.0
232.0,1.0,1917.66825042795,13.808146861639381,0.0,0.0,0.0,1006084.5210898916,100000.0,2369088.1662824247,4613849.846994436,6377172.426293615,7780000.0,253750000.0
233.0,1.0,1931.501546219651,13.858444721762543,0.0,0.0,0.0,1006084.5210898916,100000.0,2386445.551525954,4630720.940810442,6377172.426293615,7780000.0,253750000.0
234.0,1.0,1945.3851349013557,13.908732641646989,0.0,0.0,0.0,1006084.5210898916,100000.0,2403863.0548829734,4647588.906981728,6377172.426293615,7780000.0,253750000.0
235.0,1.0,1959.3190061694993,13.95900989464018,0.0,0.0,0.0,1006084.5210898916,100000.0,2421340.427328474,4664453.539579578,6377172.426293615,7780000.0,253750000.0
236.0,1.0,1973.3031489300242,14.009275626409911,0.0,0.0,0.0,1006084.5210898916,100000.0,2438877.377405394,4681314.594912701,6377172.426293615,7780000.0,253750000.0
237.0,1.0,1987.3375511623046,14.05952883815092,0.0,0.0,0.0,1006084.5210898916,100000.0,2456473.56523033,4698171.786470962,6377172.426293615,7780000.0,253750000.0
238.0,1.0,2001.4221997653524,14.10976836794466,0.0,0.0,0.0,1006084.5210898916,100000.0,2474128.595782011,4715024.779293522,6377172.426293615,7780000.0,253750000.0
239.0,1.0,2015.5570803843964,14.15999287014316,0.0,0.0,0.0,1006084.5210898916,100000.0,2491842.011411488,4731873.183717628,6377172.426293615,7780000.0,253750000.0
240.0,1.0,2029.7421772157938,14.210200792651902,0.0,0.0,0.0,1006084.5210898916,100000.0,2509613.283512298,4748716.548464746,6377172.426293615,7780000.0,253750000.0
241.0,1.0,2043.977472788116,14.260390351992625,0.0,0.0,0.0,1006084.5210898916,100000.0,2527441.803289015,4765554.353022122,6377172.426293615,7780000.0,253750000.0
242.0,1.0,2058.262947702797,14.310559477369528,0.0,0.0,0.0,1006084.5210898916,100000.0,2545326.8715636,4782385.999279796,6377172.426293615,7780000.0,253750000.0
243.0,1.0,2072.598580367209,14.360705851454114,0.0,0.0,0.0,1006084.5210898916,100000.0,2563267.6772917663,4799210.79277257,6377172.426293615,7780000.0,253750000.0
244.0,1.0,2086.9843467042865,14.410826822701122,0.0,0.0,0.0,1006084.5210898916,100000.0,2581263.310429931,4816027.956357664,6377172.426293615,7780000.0,253750000.0
245.0,1.0,2101.4202197745594,14.460919317844418,0.0,0.0,0.0,1006084.5210898916,100000.0,2599312.728768201,4832836.600808866,6377172.426293615,7780000.0,253750000.0
246.0,1.0,2115.906169418963,14.51097997096278,0.0,0.0,0.0,1006084.5210898916,100000.0,2617414.72417239,4849635.695471014,6377172.426293615,7780000.0,253750000.0
247.0,1.0,2130.4421618346064,14.56100486032381,0.0,0.0,0.0,1006084.5210898916,100000.0,2635567.966842649,4866424.111543692,6377172.426293615,7780000.0,253750000.0
248.0,1.0,2145.028159112573,14.610989695609568,0.0,0.0,0.0,1006084.5210898916,100000.0,2653770.907582713,4883200.533828814,6377172.426293615,7780000.0,253750000.0
249.0,1.0,2159.6641187139126,14.660929507068861,0.0,0.0,0.0,1006084.5210898916,100000.0,2672021.842829478,4899963.52351889,6377172.426293615,7780000.0,253750000.0
250.0,1.0,2174.3499929101895,14.71081888548461,0.0,0.0,0.0,1006084.5210898916,100000.0,2690318.7983033424,4916711.4139506705,6377172.426293615,7780000.0,253750000.0
251.0,1.0,2189.085728212177,14.76065171848993,0.0,0.0,0.0,1006084.5210898916,100000.0,2708659.613179764,4933442.391080965,6377172.426293615,7780000.0,253750000.0
252.0,1.0,2203.8712646456916,14.810421148539097,0.0,0.0,0.0,1006084.5210898916,100000.0,2727041.8399756025,4950154.405057201,6377172.426293615,7780000.0,253750000.0
253.0,1.0,2218.7065350336525,14.860119627383186,0.0,0.0,0.0,1006084.5210898916,100000.0,2745462.7246586196,4966845.156122512,6377172.426293615,7780000.0,253750000.0
254.0,1.0,2233.5914642456087,14.90973879652958,0.0,0.0,0.0,1006084.5210898916,100000.0,2763919.2223676443,4983512.112884763,6377172.426293615,7780000.0,253750000.0
255.0,1.0,2248.5259683425907,14.959269397434813,0.0,0.0,0.0,1006084.5210898916,100000.0,2782407.94862099,5000152.472227272,6377172.426293615,7780000.0,253750000.0
256.0,1.0,2263.509953657827,15.00870123303712,0.0,0.0,0.0,1006084.5210898916,100000.0,2800925.1408040007,5016763.129190951,6377172.426293615,7780000.0,253750000.0
257.0,1.0,2278.543315827087,15.058023105483606,0.0,0.0,0.0,1006084.5210898916,100000.0,2819466.638322176,5033340.664073799,6377172.426293615,7780000.0,253750000.0
258.0,1.0,2293.625938757075,15.10722275449183,0.0,0.0,0.0,1006084.5210898916,100000.0,2838027.8535496863,5049881.321546991,6377172.426293615,7780000.0,253750000.0
259.0,1.0,2308.757693532913,15.156286797184748,0.0,0.0,0.0,1006084.5210898916,100000.0,2856603.7426210777,5066380.989983734,6377172.426293615,7780000.0,253750000.0
260.0,1.0,2323.9384372666714,15.205200670332177,0.0,0.0,0.0,1006084.5210898916,100000.0,2875188.7764035147,5082835.181282214,6377172.426293615,7780000.0,253750000.0
261.0,1.0,2339.1680118254185,15.253948447161715,0.0,0.0,0.0,1006084.5210898916,100000.0,2893776.912032929,5099239.011495608,6377172.426293615,7780000.0,253750000.0
262.0,1.0,2354.446242575152,15.302513052305502,0.0,0.0,0.0,1006084.5210898916,100000.0,2912361.5162376654,5115587.139397522,6377172.426293615,7780000.0,253750000.0
263.0,1.0,2369.7729371551745,15.350876107739243,0.0,0.0,0.0,1006084.5210898916,100000.0,2930935.439962462,5131873.838566857,6377172.426293615,7780000.0,253750000.0
264.0,1.0,2385.1478840461655,15.399017674242481,0.0,0.0,0.0,1006084.5210898916,100000.0,2949490.9529072074,5148092.945721691,6377172.426293615,7780000.0,253750000.0
265.0,1.0,2400.5708510716636,15.446916376753677,0.0,0.0,0.0,1006084.5210898916,100000.0,2968019.6368342955,5164237.774015,6377172.426293615,7780000.0,253750000.0
266.0,1.0,2416.0415841432855,15.494549766489698,0.0,0.0,0.0,1006084.5210898916,100000.0,2986512.4256502497,5180301.155073935,6377172.426293615,7780000.0,253750000.0
267.0,1.0,2431.5598056320655,15.541893211070184,0.0,0.0,0.0,1006084.5210898916,100000.0,3004959.738456491,5196275.560440752,6377172.426293615,7780000.0,253750000.0
268.0,1.0,2447.12521300619,15.588921537178255,0.0,0.0,0.0,1006084.5210898916,100000.0,3023351.042736726,5212152.729363253,6377172.426293615,7780000.0,253750000.0
269.0,1.0,2462.7374774043897,15.635607259221372,0.0,0.0,0.0,1006084.5210898916,100000.0,3041675.484081508,5227924.219679953,6377172.426293615,7780000.0,253750000.0
270.0,1.0,2478.396242053217,15.681922038433301,0.0,0.0,0.0,1006084.5210898916,100000.0,3059921.1915813223,5243580.813781114,6377172.426293615,7780000.0,253750000.0
271.0,1.0,2494.101121126507,15.727836108146628,0.0,0.0,0.0,1006084.5210898916,100000.0,3078075.8392768493,5259113.007935387,6377172.426293615,7780000.0,253750000.0
272.0,1.0,2509.8516981411262,15.77331792109109,0.0,0.0,0.0,1006084.5210898916,100000.0,3096126.417429861,5274510.819548327,6377172.426293615,7780000.0,253750000.0
273.0,1.0,2525.6475246573145,15.818335111285712,0.0,0.0,0.0,1006084.5210898916,100000.0,3114059.0878612367,5289763.668879837,6377172.426293615,7780000.0,253750000.0
274.0,1.0,2541.4881193183023,15.862854210690045,0.0,0.0,0.0,1006084.5210898916,100000.0,3131859.5579027603,5304860.70162576,6377172.426293615,7780000.0,253750000.0
275.0,1.0,2557.372966702972,15.906840558649446,0.0,0.0,0.0,1006084.5210898916,100000.0,3149512.9668573164,5319790.693893613,6377172.426293615,7780000.0,253750000.0
276.0,1.0,2573.3015162886927,15.950258612792071,0.0,0.0,0.0,1006084.5210898916,100000.0,3167003.8477683677,5334542.021834022,6377172.426293615,7780000.0,253750000.0
277.0,1.0,2589.2731816502624,15.993072110347631,0.0,0.0,0.0,1006084.5210898916,100000.0,3184316.249386932,5349102.765903601,6377172.426293615,7780000.0,253750000.0
278.0,1.0,2605.287339830097,16.03524424932238,0.0,0.0,0.0,1006084.5210898916,100000.0,3201433.800803715,5363460.764965058,6377172.426293615,7780000.0,253750000.0
279.0,1.0,2621.3433308991007,16.076737888684857,0.0,0.0,0.0,1006084.5210898916,100000.0,3218339.7855859343,5377603.677046306,6377172.426293615,7780000.0,253750000.0
280.0,1.0,2637.440457726602,16.117515766317386,0.0,0.0,0.0,1006084.5210898916,100000.0,3235017.2251934567,5391519.046475065,6377172.426293615,7780000.0,253750000.0
281.0,1.0,2653.577985976301,16.157540733081166,0.0,0.0,0.0,1006084.5210898916,100000.0,3251448.9712628457,5405194.376971394,6377172.426293615,7780000.0,253750000.0
282.0,1.0,2669.7551443433113,16.19677600093936,0.0,0.0,0.0,1006084.5210898916,100000.0,3267617.806153987,5418617.210144118,6377172.426293615,7780000.0,253750000.0
283.0,1.0,2685.971125045127,16.235185402692316,0.0,0.0,0.0,1006084.5210898916,100000.0,3283506.5509571224,5431775.208701766,6377172.426293615,7780000.0,253750000.0
284.0,1.0,2702.225084201407,16.272732909867898,0.0,0.0,0.0,1006084.5210898916,100000.0,3299098.179963094,5444656.243557758,6377172.426293615,7780000.0,253750000.0
285.0,1.0,2718.516143091597,16.30938487051238,0.0,0.0,0.0,1006084.5210898916,100000.0,3314375.634633825,5457248.232149379,6377172.426293615,7780000.0,253750000.0
286.0,1.0,2734.843389883089,16.34510871247235,0.0,0.0,0.0,1006084.5210898916,100000.0,3329322.74550415,5469539.8889067145,6377172.426293615,7780000.0,253750000.0
287.0,1.0,2751.2058806036957,16.37987272874097,0.0,0.0,0.0,1006084.5210898916,100000.0,3343923.720171143,5481520.290383311,6377172.426293615,7780000.0,253750000.0
288.0,1.0,2767.602640934375,16.413647932617017,0.0,0.0,0.0,1006084.5210898916,100000.0,3358163.0676625534,5493178.803269571,6377172.426293615,7780000.0,253750000.0
289.0,1.0,2784.032668933514,16.446408065661185,0.0,0.0,0.0,1006084.5210898916,100000.0,3372026.3720434085,5504505.706541685,6377172.426293615,7780000.0,253750000.0
290.0,1.0,2800.494936632524,16.478127332359144,0.0,0.0,0.0,1006084.5210898916,100000.0,3385500.314588255,5515492.19412988,6377172.426293615,7780000.0,253750000.0
291.0,1.0,2816.9883931824156,16.508785767424076,0.0,0.0,0.0,1006084.5210898916,100000.0,3398571.757451792,5526129.615211592,6377172.426293615,7780000.0,253750000.0
292.0,1.0,2833.511967464735,16.538362797214315,0.0,0.0,0.0,1006084.5210898916,100000.0,3411229.970307323,5536411.274198148,6377172.426293615,7780000.0,253750000.0
293.0,1.0,2850.06457116514,16.566844603596294,0.0,0.0,0.0,1006084.5210898916,100000.0,3423463.9931394868,5546330.271482073,6377172.426293615,7780000.0,253750000.0
294.0,1.0,2866.6451021131425,16.59421729240814,0.0,0.0,0.0,1006084.5210898916,100000.0,3435265.6933370666,5555881.97299327,6377172.426293615,7780000.0,253750000.0
295.0,1.0,2883.25244733785,16.620473157006828,0.0,0.0,0.0,1006084.5210898916,100000.0,3446626.9566272846,5565061.719164671,6377172.426293615,7780000.0,253750000.0
296.0,1.0,2899.885487177853,16.645606522999536,0.0,0.0,0.0,1006084.5210898916,100000.0,3457542.296638198,5573866.925484862,6377172.426293615,7780000.0,253750000.0
297.0,1.0,2916.5430979969346,16.66961511516326,0.0,0.0,0.0,1006084.5210898916,100000.0,3468007.1467905855,5582295.688980913,6377172.426293615,7780000.0,253750000.0
298.0,1.0,2933.224156436521,16.692501764009066,0.0,0.0,0.0,1006084.5210898916,100000.0,3478018.438965188,5590347.246630608,6377172.426293615,7780000.0,253750000.0
299.0,1.0,2949.9275431333167,16.714271629582214,0.0,0.0,0.0,1006084.5210898916,100000.0,3487575.3279419634,5598022.547678402,6377172.426293615,7780000.0,253750000.0
300.0,1.0,2966.6521455898983,16.73493328358054,0.0,0.0,0.0,1006084.5210898916,100000.0,3496678.044369231,5605323.322604853,6377172.426293615,7780000.0,253750000.0
301.0,1.0,2983.396862330873,16.754500198368433,0.0,0.0,0.0,1006084.5210898916,100000.0,3505328.353317247,5612252.446027462,6377172.426293615,7780000.0,253750000.0
302.0,1.0,3000.160606612054,16.77298836399343,0.0,0.0,0.0,1006084.5210898916,100000.0,3513530.1857030983,5618814.436058657,6377172.426293615,7780000.0,253750000.0
303.0,1.0,3016.9423092018487,16.79041681559657,0.0,0.0,0.0,1006084.5210898916,100000.0,3521288.646699943,5625014.655144876,6377172.426293615,7780000.0,253750000.0
304.0,1.0,3033.7409214146155,16.80680760993673,0.0,0.0,0.0,1006084.5210898916,100000.0,3528610.2392351856,5630859.486939704,6377172.426293615,7780000.0,253750000.0
305.0,1.0,3050.5554184990597,16.822186558951273,0.0,0.0,0.0,1006084.5210898916,100000.0,3535502.8560725832,5636356.328431038,6377172.426293615,7780000.0,253750000.0
306.0,1.0,3067.3848025390166,16.836581520962987,0.0,0.0,0.0,1006084.5210898916,100000.0,3541976.089529774,5641513.835949093,6377172.426293615,7780000.0,253750000.0
307.0,1.0,3084.228104673489,16.85002274798179,0.0,0.0,0.0,1006084.5210898916,100000.0,3548040.5123712244,5646341.35210298,6377172.426293615,7780000.0,253750000.0
308.0,1.0,3101.084387355592,16.862542616224673,0.0,0.0,0.0,1006084.5210898916,100000.0,3553707.8212886616,5650849.022252338,6377172.426293615,7780000.0,253750000.0
309.0,1.0,3117.9527462635306,16.874175199653145,0.0,0.0,0.0,1006084.5210898916,100000.0,3558990.720133437,5655047.704134088,6377172.426293615,7780000.0,253750000.0
310.0,1.0,3134.8323119723023,16.884956217889854,0.0,0.0,0.0,1006084.5210898916,100000.0,3563902.735758609,5658948.824843312,6377172.426293615,7780000.0,253750000.0
311.0,1.0,3151.7222515560093,16.894922949524524,0.0,0.0,0.0,1006084.5210898916,100000.0,3568458.1909584855,5662564.363366492,6377172.426293615,7780000.0,253750000.0
312.0,1.0,3168.621769717034,16.90411337252494,0.0,0.0,0.0,1006084.5210898916,100000.0,3572672.1624325537,5665906.821507658,6377172.426293615,7780000.0,253750000.0
313.0,1.0,3185.5301094697516,16.912566132909685,0.0,0.0,0.0,1006084.5210898916,100000.0,3576560.111381187,5668988.935615321,6377172.426293615,7780000.0,253750000.0
314.0,1.0,3202.4465526665554,16.920320260697707,0.0,0.0,0.0,1006084.5210898916,100000.0,3580137.863557525,5671823.666076511,6377172.426293615,7780000.0,253750000.0
315.0,1.0,3219.3704202453227,16.92741489683661,0.0,0.0,0.0,1006084.5210898916,100000.0,3583421.482402318,5674424.1020572055,6377172.426293615,7780000.0,253750000.0
316.0,1.0,3236.3010722108143,16.93388903414626,0.0,0.0,0.0,1006084.5210898916,100000.0,3586427.146723614,5676803.369924577,6377172.426293615,7780000.0,253750000.0
317.0,1.0,3253.2379073653365,16.939781274897893,0.0,0.0,0.0,1006084.5210898916,100000.0,3589171.0343364202,5678974.546369461,6377172.426293615,7780000.0,253750000.0
318.0,1.0,3270.180362806388,16.945129607205402,0.0,0.0,0.0,1006084.5210898916,100000.0,3591669.2128844997,5680950.577107712,6377172.426293615,7780000.0,253750000.0
319.0,1.0,3287.127913210965,16.94997120194808,0.0,0.0,0.0,1006084.5210898916,100000.0,3593937.538860962,5682744.201890455,6377172.426293615,7780000.0,253750000.0
320.0,1.0,3304.080069927681,16.954342231484194,0.0,0.0,0.0,1006084.5210898916,100000.0,3595991.565632459,5684367.886399789,6377172.426293615,7780000.0,253750000.0
321.0,1.0,3321.036379898905,16.95827771096374,0.0,0.0,0.0,1006084.5210898916,100000.0,3597846.4610593654,5685833.761452291,6377172.426293615,7780000.0,253750000.0
322.0,1.0,3337.99642443323,16.961811357686397,0.0,0.0,0.0,1006084.5210898916,100000.0,3599516.935096406,5687153.569781437,6377172.426293615,7780000.0,253750000.0
323.0,1.0,3354.9598178398,16.96497545545359,0.0,0.0,0.0,1006084.5210898916,100000.0,3601017.175466268,5688338.618871659,6377172.426293615,7780000.0,253750000.0
324.0,1.0,3371.9262060041506,16.967800873247217,0.0,0.0,0.0,1006084.5210898916,100000.0,3602360.7858736436,5689399.735467255,6377172.426293615,7780000.0,253750000.0
325.0,1.0,3388.8952648735685,16.970316865588284,0.0,0.0,0.0,1006084.5210898916,100000.0,3603560.790182286,5690347.271836515,6377172.426293615,7780000.0,253750000.0
326.0,1.0,3405.8666988440254,16.972551075325153,0.0,0.0,0.0,1006084.5210898916,100000.0,3604629.544302028,5691191.038819691,6377172.426293615,7780000.0,253750000.0
327.0,1.0,3422.840239134463,16.97452950554954,0.0,0.0,0.0,1006084.5210898916,100000.0,3605578.734423466,5691940.306764068,6377172.426293615,7780000.0,253750000.0
328.0,1.0,3439.8156421420376,16.97627650959935,0.0,0.0,0.0,1006084.5210898916,100000.0,3606419.3625258305,5692603.796105673,6377172.426293615,7780000.0,253750000.0
329.0,1.0,3456.7926877956115,16.977814797548668,0.0,0.0,0.0,1006084.5210898916,100000.0,3607161.739915081,5693189.674016605,6377172.426293615,7780000.0,253750000.0
330.0,1.0,3473.771177923127,16.979165457482658,0.0,0.0,0.0,1006084.5210898916,100000.0,3607815.4880835265,5693705.5565815335,6377172.426293615,7780000.0,253750000.0
331.0,1.0,3490.7509346467664,16.98034798979561,0.0,0.0,0.0,1006084.5210898916,100000.0,3608389.546137368,5694158.515932482,6377172.426293615,7780000.0,253750000.0
332.0,1.0,3507.7317988180293,16.981380352730007,0.0,0.0,0.0,1006084.5210898916,100000.0,3608892.184012936,5694555.091751065,6377172.426293615,7780000.0,253750000.0
333.0,1.0,3524.7136285030892,16.98227901738999,0.0,0.0,0.0,1006084.5210898916,100000.0,3609331.020694432,5694901.306540546,6377172.426293615,7780000.0,253750000.0
334.0,1.0,3541.696297527039,16.983059030509125,0.0,0.0,0.0,1006084.5210898916,100000.0,3609713.046653822,5695202.684075232,6377172.426293615,7780000.0,253750000.0
335.0,1.0,3558.6796940839563,16.98373408332574,0.0,0.0,0.0,1006084.5210898916,100000.0,3610044.649755153,5695464.2704503685,6377172.426293615,7780000.0,253750000.0
336.0,1.0,3575.663719418126,16.984316585014206,0.0,0.0,0.0,1006084.5210898916,100000.0,3610331.643898862,5695690.657180273,6377172.426293615,7780000.0,253750000.0
337.0,1.0,3592.64828658025,16.98481773923338,0.0,0.0,0.0,1006084.5210898916,100000.0,3610579.299724435,5695886.005824365,6377172.426293615,7780000.0,253750000.0
338.0,1.0,3609.633319261106,16.98524762247858,0.0,0.0,0.0,1006084.5210898916,100000.0,3610792.3767400905,5696054.073658562,6377172.426293615,7780000.0,253750000.0
339.0,1.0,3626.618750703874,16.985615263057575,0.0,0.0,0.0,1006084.5210898916,100000.0,3610975.156303782,5696198.239951519,6377172.426293615,7780000.0,253750000.0
340.0,1.0,3643.604522695228,16.985928719649763,0.0,0.0,0.0,1006084.5210898916,100000.0,3611131.474939084,5696321.532450136,6377172.426293615,7780000.0,253750000.0
341.0,1.0,3660.590584634326,16.98619515854735,0.0,0.0,0.0,1006084.5210898916,100000.0,3611264.7575306213,5696426.653725281,6377172.426293615,7780000.0,253750000.0
342.0,1.0,3677.5768926780074,16.986420928815257,0.0,0.0,0.0,1006084.5210898916,100000.0,3611378.050005009,5696516.007075506,6377172.426293615,7780000.0,253750000.0
343.0,1.0,3694.5634089597847,16.986611634739795,0.0,0.0,0.0,1006084.5210898916,100000.0,3611474.0511636874,5696591.721732794,6377172.426293615,7780000.0,253750000.0
344.0,1.0,3711.550100879686,16.986772205062536,0.0,0.0,0.0,1006084.5210898916,100000.0,3611555.1433922304,5696655.677159047,6377172.426293615,7780000.0,253750000.0
345.0,1.0,3728.5369404615244,16.98690695861401,0.0,0.0,0.0,1006084.5210898916,100000.0,3611623.4220258165,5696709.526264466,6377172.426293615,7780000.0,253750000.0
346.0,1.0,3745.5239037738666,16.987019666070225,0.0,0.0,0.0,1006084.5210898916,100000.0,3611680.723201956,5696754.717418566,6377172.426293615,7780000.0,253750000.0
347.0,1.0,3762.510970410728,16.987113607652713,0.0,0.0,0.0,1006084.5210898916,100000.0,3611728.650078625,5696792.515160936,6377172.426293615,7780000.0,253750000.0
348.0,1.0,3779.4981230278945,16.987191626679714,0.0,0.0,0.0,1006084.5210898916,100000.0,3611768.5973383267,5696824.019551612,6377172.426293615,7780000.0,253750000.0
349.0,1.0,3796.48534693071,16.987256178951476,0.0,0.0,0.0,1006084.5210898916,100000.0,3611801.773936226,5696850.184130083,6377172.426293615,7780000.0,253750000.0
350.0,1.0,3813.4726297091943,16.987309378017226,0.0,0.0,0.0,1006084.5210898916,100000.0,3611829.2240831107,5696871.832477224,6377172.426293615,7780000.0,253750000.0
351.0,1.0,3830.459960916415,16.987353036424985,0.0,0.0,0.0,1006084.5210898916,100000.0,3611851.8464818336,5696889.673396086,6377172.426293615,7780000.0,253750000.0
352.0,1.0,3847.447331786177,16.987388703099043,0.0,0.0,0.0,1006084.5210898916,100000.0,3611870.411859057,5696904.314745506,6377172.426293615,7780000.0,253750000.0
353.0,1.0,3864.4347349862387,16.987417697023936,0.0,0.0,0.0,1006084.5210898916,100000.0,3611885.57885296,5696916.27597507,6377172.426293615,7780000.0,253750000.0
354.0,1.0,3881.42216440347,16.98744113743921,0.0,0.0,0.0,1006084.5210898916,100000.0,3611897.908332245,5696925.999421417,6377172.426293615,7780000.0,253750000.0
355.0,1.0,3898.4096149575735,16.98745997076709,0.0,0.0,0.0,1006084.5210898916,100000.0,3611907.876232819,5696933.860434407,6377172.426293615,7780000.0,253750000.0
356.0,1.0,3915.39708244021,16.987474994505828,0.0,0.0,0.0,1006084.5210898916,100000.0,3611915.8850061796,5696940.176407629,6377172.426293615,7780000.0,253750000.0
357.0,1.0,3932.3845633766264,16.98748687832659,0.0,0.0,0.0,1006084.5210898916,100000.0,3611922.273778213,5696945.214791292,6377172.426293615,7780000.0,253750000.0
358.0,1.0,3949.3720549070954,16.987496182611647,0.0,0.0,0.0,1006084.5210898916,100000.0,3611927.327319358,5696949.200167333,6377172.426293615,7780000.0,253750000.0
359.0,1.0,3966.359554685735,16.987503374667362,0.0,0.0,0.0,1006084.5210898916,100000.0,3611931.2839270546,5696952.320466391,6377172.426293615,7780000.0,253750000.0
360.0,1.0,3983.347060794488,16.987508842838007,0.0,0.0,0.0,1006084.5210898916,100000.0,3611934.342319682,5696954.732405035,6377172.426293615,7780000.0,253750000.0
361.0,1.0,4000.3345716702747,16.987512908736218,0.0,0.0,0.0,1006084.5210898916,100000.0,3611936.6676380155,5696956.566218983,6377172.426293615,7780000.0,253750000.0
362.0,1.0,4017.32208604354,16.987515837793932,0.0,0.0,0.0,1006084.5210898916,100000.0,3611938.3966459264,5696957.929764735,6377172.426293615,7780000.0,253750000.0
363.0,1.0,4034.309602886599,16.98751784832422,0.0,0.0,0.0,1006084.5210898916,100000.0,3611939.642216952,5696958.912057944,6377172.426293615,7780000.0,253750000.0
364.0,1.0,4051.2971213703963,16.98751911927021,0.0,0.0,0.0,1006084.5210898916,100000.0,3611940.4971876903,5696959.58631241,6377172.426293615,7780000.0,253750000.0
365.0,1.0,4068.2846408284327,16.98751979680289,0.0,0.0,0.0,1006084.5210898916,100000.0,3611941.0376529316,5696960.012538774,6377172.426293615,7780000.0,253750000.0
366.0,1.0,4085.272160726834,16.987520000000014,0.0,0.0,0.0,1006084.5210898916,100000.0,3611941.3257712987,5696960.239757154,6377172.426293615,7780000.0,253750000.0
367.0,1.0,4102.259680726834,16.987520000000014,0.0,0.0,0.0,1006084.5210898916,100000.0,3611941.412180157,5696960.307901648,6377172.426293615,7780000.0,253750000.0
368.0,1.0,4119.247200726833,16.987520000000014,0.0,0.0,0.0,1006084.5210898916,100000.0,3611941.412180157,5696960.307901648,6377172.426293615,7780000.0,253750000.0
369.0,1.0,4136.234720726833,16.987520000000014,0.0,0.0,0.0,1006084.5210898916,100000.0,3611941.412180157,5696960.307901648,6377172.426293615,7780000.0,253750000.0
370.0,1.0,4153.222240726833,16.987520000000014,0.0,0.0,0.0,1006084.5210898916,100000.0,3611941.412180157,5696960.307901648,6377172.426293615,7780000.0,253750000.0
371.0,1.0,4170.209760726832,16.987520000000014,0.0,0.0,0.0,1006084.5210898916,100000.0,3611941.412180157,5696960.307901648,6377172.426293615,7780000.0,253750000.0
372.0,1.0,4187.197280726832,16.987520000000014,0.0,0.0,0.0,1006084.5210898916,100000.0,3611941.412180157,5696960.307901648,6377172.426293615,7780000.0,253750000.0
373.0,1.0,4204.184800726832,16.987520000000014,0.0,0.0,0.0,1006084.5210898916,100000.0,3611941.412180157,5696960.307901648,6377172.426293615,7780000.0,253750000.0
374.0,1.0,4221.1723207268315,16.987520000000014,0.0,0.0,0.0,1006084.5210898916,100000.0,3611941.412180157,5696960.307901648,6377172.426293615,7780000.0,253750000.0
375.0,1.0,4238.159840726831,16.987520000000014,0.0,0.0,0.0,1006084.5210898916,100000.0,3611941.412180157,5696960.307901648,6377172.426293615,7780000.0,253750000.0
376.0,1.0,4255.147360726831,16.987520000000014,0.0,0.0,0.0,1006084.5210898916,100000.0,3611941.412180157,5696960.307901648,6377172.426293615,7780000.0,253750000.0
377.0,1.0,4272.1348807268305,16.987520000000014,0.0,0.0,0.0,1006084.5210898916,100000.0,3611941.412180157,5696960.307901648,6377172.426293615,7780000.0,253750000.0
378.0,1.0,4289.12240072683,16.987520000000014,0.0,0.0,0.0,1006084.5210898916,100000.0,3611941.412180157,5696960.307901648,6377172.426293615,7780000.0,253750000.0
379.0,1.0,4306.10992072683,16.987520000000014,0.0,0.0,0.0,1006084.5210898916,100000.0,3611941.412180157,5696960.307901648,6377172.426293615,7780000.0,253750000.0
380.0,1.0,4323.0974407268295,16.987520000000014,0.0,0.0,0.0,1006084.5210898916,100000.0,3611941.412180157,5696960.307901648,6377172.426293615,7780000.0,253750000.0
381.0,1.0,4340.084960726829,16.987520000000014,0.0,0.0,0.0,1006084.5210898916,100000.0,3611941.412180157,5696960.307901648,6377172.426293615,7780000.0,253750000.0
382.0,1.0,4357.072480726829,16.987520000000014,0.0,0.0,0.0,1006084.5210898916,100000.0,3611941.412180157,5696960.307901648,6377172.426293615,7780000.0,253750000.0
383.0,1.0,4374.060000726829,16.987520000000014,0.0,0.0,0.0,1006084.5210898916,100000.0,3611941.412180157,5696960.307901648,6377172.426293615,7780000.0,253750000.0
384.0,1.0,4391.047520726828,16.987520000000014,0.0,0.0,0.0,1006084.5210898916,100000.0,3611941.412180157,5696960.307901648,6377172.426293615,7780000.0,253750000.0
385.0,1.0,4408.035040726828,16.987520000000014,0.0,0.0,0.0,1006084.5210898916,100000.0,3611941.412180157,5696960.307901648,6377172.426293615,7780000.0,253750000.0
386.0,1.0,4425.022560726828,16.987520000000014,0.0,0.0,0.0,1006084.5210898916,100000.0,3611941.412180157,5696960.307901648,6377172.426293615,7780000.0,253750000.0
387.0,1.0,4442.010080726827,16.987520000000014,0.0,0.0,0.0,1006084.5210898916,100000.0,3611941.412180157,5696960.307901648,6377172.426293615,7780000.0,253750000.0
388.0,1.0,4458.997600726827,16.987520000000014,0.0,0.0,0.0,1006084.5210898916,100000.0,3611941.412180157,5696960.307901648,6377172.426293615,7780000.0,253750000.0
389.0,1.0,4475.985120726827,16.987520000000014,0.0,0.0,0.0,1006084.5210898916,100000.0,3611941.412180157,5696960.307901648,6377172.426293615,7780000.0,253750000.0
390.0,1.0,4492.972640726826,16.987520000000014,0.0,0.0,0.0,1006084.5210898916,100000.0,3611941.412180157,5696960.307901648,6377172.426293615,7780000.0,253750000.0
391.0,1.0,4509.960160726826,16.987520000000014,0.0,0.0,0.0,1006084.5210898916,100000.0,3611941.412180157,5696960.307901648,6377172.426293615,7780000.0,253750000.0
392.0,1.0,4526.947680726826,16.987520000000014,0.0,0.0,0.0,1006084.5210898916,100000.0,3611941.412180157,5696960.307901648,6377172.426293615,7780000.0,253750000.0
393.0,1.0,4543.935200726825,16.987520000000014,0.0,0.0,0.0,1006084.5210898916,100000.0,3611941.412180157,5696960.307901648,6377172.426293615,7780000.0,253750000.0
394.0,1.0,4560.922720726825,16.987520000000014,0.0,0.0,0.0,1006084.5210898916,100000.0,3611941.412180157,5696960.307901648,6377172.426293615,7780000.0,253750000.0
395.0,1.0,4577.910240726825,16.987520000000014,0.0,0.0,0.0,1006084.5210898916,100000.0,3611941.412180157,5696960.307901648,6377172.426293615,7780000.0,253750000.0
396.0,1.0,4594.897760726824,16.987520000000014,0.0,0.0,0.0,1006084.5210898916,100000.0,3611941.412180157,5696960.307901648,6377172.426293615,7780000.0,253750000.0
397.0,1.0,4611.885280726824,16.987520000000014,0.0,0.0,0.0,1006084.5210898916,100000.0,3611941.412180157,5696960.307901648,6377172.426293615,7780000.0,253750000.0
398.0,1.0,4628.872800726824,16.987520000000014,0.0,0.0,0.0,1006084.5210898916,100000.0,3611941.412180157,5696960.307901648,6377172.426293615,7780000.0,253750000.0
399.0,1.0,4645.860320726823,16.987520000000014,0.0,0.0,0.0,1006084.5210898916,100000.0,3611941.412180157,5696960.307901648,6377172.426293615,7780000.0,253750000.0
400.0,1.0,4662.847840726823,16.987520000000014,0.0,0.0,0.0,1006084.5210898916,100000.0,3611941.412180157,5696960.307901648,6377172.426293615,7780000.0,253750000.0
401.0,1.0,4679.835360726823,16.987520000000014,0.0,0.0,0.0,1006084.5210898916,100000.0,3611941.412180157,5696960.307901648,6377172.426293615,7780000.0,253750000.0
402.0,1.0,4696.822880726822,16.987520000000014,0.0,0.0,0.0,1006084.5210898916,100000.0,3611941.412180157,5696960.307901648,6377172.426293615,7780000.0,253750000.0
403.0,1.0,4713.810400726822,16.987520000000014,0.0,0.0,0.0,1006084.5210898916,100000.0,3611941.412180157,5696960.307901648,6377172.426293615,7780000.0,253750000.0
404.0,1.0,4730.797920726822,16.987520000000014,0.0,0.0,0.0,1006084.5210898916,100000.0,3611941.412180157,5696960.307901648,6377172.426293615,7780000.0,253750000.0
405.0,1.0,4747.785440726821,16.987520000000014,0.0,0.0,0.0,1006084.5210898916,100000.0,3611941.412180157,5696960.307901648,6377172.426293615,7780000.0,253750000.0
406.0,1.0,4764.772960726821,16.987520000000014,0.0,0.0,0.0,1006084.5210898916,100000.0,3611941.412180157,5696960.307901648,6377172.426293615,7780000.0,253750000.0
407.0,1.0,4781.760480726821,16.987520000000014,0.0,0.0,0.0,1006084.5210898916,100000.0,3611941.412180157,5696960.307901648,6377172.426293615,7780000.0,253750000.0
408.0,1.0,4798.7480007268205,16.987520000000014,0.0,0.0,0.0,1006084.5210898916,100000.0,3611941.412180157,5696960.307901648,6377172.426293615,7780000.0,253750000.0
409.0,1.0,4815.73552072682,16.987520000000014,0.0,0.0,0.0,1006084.5210898916,100000.0,3611941.412180157,5696960.307901648,6377172.426293615,7780000.0,253750000.0
410.0,1.0,4832.72304072682,16.987520000000014,0.0,0.0,0.0,1006084.5210898916,100000.0,3611941.412180157,5696960.307901648,6377172.426293615,7780000.0,253750000.0
411.0,1.0,4849.7105607268195,16.987520000000014,0.0,0.0,0.0,1006084.5210898916,100000.0,3611941.412180157,5696960.307901648,6377172.426293615,7780000.0,253750000.0
412.0,1.0,4866.698080726819,16.987520000000014,0.0,0.0,0.0,1006084.5210898916,100000.0,3611941.412180157,5696960.307901648,6377172.426293615,7780000.0,253750000.0
413.0,1.0,4883.685600726819,16.987520000000014,0.0,0.0,0.0,1006084.5210898916,100000.0,3611941.412180157,5696960.307901648,6377172.426293615,7780000.0,253750000.0
414.0,1.0,4900.6731207268185,16.987520000000014,0.0,0.0,0.0,1006084.5210898916,100000.0,3611941.412180157,5696960.307901648,6377172.426293615,7780000.0,253750000.0
415.0,1.0,4917.660640726818,16.987520000000014,0.0,0.0,0.0,1006084.5210898916,100000.0,3611941.412180157,5696960.307901648,6377172.426293615,7780000.0,253750000.0
416.0,1.0,4934.648160726818,16.987520000000014,0.0,0.0,0.0,1006084.5210898916,100000.0,3611941.412180157,5696960.307901648,6377172.426293615,7780000.0,253750000.0
417.0,1.0,4951.635680726818,16.987520000000014,0.0,0.0,0.0,1006084.5210898916,100000.0,3611941.412180157,5696960.307901648,6377172.426293615,7780000.0,253750000.0
418.0,1.0,4968.623200726817,16.987520000000014,0.0,0.0,0.0,1006084.5210898916,100000.0,3611941.412180157,5696960.307901648,6377172.426293615,7780000.0,253750000.0
419.0,1.0,4985.610720726817,16.987520000000014,0.0,0.0,0.0,1006084.5210898916,100000.0,3611941.412180157,5696960.307901648,6377172.426293615,7780000.0,253750000.0
420.0,1.0,5002.598240726817,16.987520000000014,0.0,0.0,0.0,1006084.5210898916,100000.0,3611941.412180157,5696960.307901648,6377172.426293615,7780000.0,253750000.0
421.0,1.0,5019.585760726816,16.987520000000014,0.0,0.0,0.0,1006084.5210898916,100000.0,3611941.412180157,5696960.307901648,6377172.426293615,7780000.0,253750000.0
422.0,1.0,5036.573280726816,16.987520000000014,0.0,0.0,0.0,1006084.5210898916,100000.0,3611941.412180157,5696960.307901648,6377172.426293615,7780000.0,253750000.0
423.0,1.0,5053.560800726816,16.987520000000014,0.0,0.0,0.0,1006084.5210898916,100000.0,3611941.412180157,5696960.307901648,6377172.426293615,7780000.0,253750000.0
424.0,1.0,5070.548320726815,16.987520000000014,0.0,0.0,0.0,1006084.5210898916,100000.0,3611941.412180157,5696960.307901648,6377172.426293615,7780000.0,253750000.0
425.0,1.0,5087.535840726815,16.987520000000014,0.0,0.0,0.0,1006084.5210898916,100000.0,3611941.412180157,5696960.307901648,6377172.426293615,7780000.0,253750000.0
426.0,1.0,5104.523360726815,16.987520000000014,0.0,0.0,0.0,1006084.5210898916,100000.0,3611941.412180157,5696960.307901648,6377172.426293615,7780000.0,253750000.0
427.0,1.0,5121.510880726814,16.987520000000014,0.0,0.0,0.0,1006084.5210898916,100000.0,3611941.412180157,5696960.307901648,6377172.426293615,7780000.0,253750000.0
428.0,1.0,5138.498400726814,16.987520000000014,0.0,0.0,0.0,1006084.5210898916,100000.0,3611941.412180157,5696960.307901648,6377172.426293615,7780000.0,253750000.0
429.0,1.0,5155.485920726814,16.987520000000014,0.0,0.0,0.0,1006084.5210898916,100000.0,3611941.412180157,5696960.307901648,6377172.426293615,7780000.0,253750000.0
430.0,1.0,5172.473440726813,16.987520000000014,0.0,0.0,0.0,1006084.5210898916,100000.0,3611941.412180157,5696960.307901648,6377172.426293615,7780000.0,253750000.0
431.0,1.0,5189.460960726813,16.987520000000014,0.0,0.0,0.0,1006084.5210898916,100000.0,3611941.412180157,5696960.307901648,6377172.426293615,7780000.0,253750000.0
432.0,1.0,5206.448480726813,16.987520000000014,0.0,0.0,0.0,1006084.5210898916,100000.0,3611941.412180157,5696960.307901648,6377172.426293615,7780000.0,253750000.0
433.0,1.0,5223.436000726812,16.987520000000014,0.0,0.0,0.0,1006084.5210898916,100000.0,3611941.412180157,5696960.307901648,6377172.426293615,7780000.0,253750000.0
434.0,1.0,5240.423520726812,16.987520000000014,0.0,0.0,0.0,1006084.5210898916,100000.0,3611941.412180157,5696960.307901648,6377172.426293615,7780000.0,253750000.0
435.0,1.0,5257.411040726812,16.987520000000014,0.0,0.0,0.0,1006084.5210898916,100000.0,3611941.412180157,5696960.307901648,6377172.426293615,7780000.0,253750000.0
436.0,1.0,5274.398560726811,16.987520000000014,0.0,0.0,0.0,1006084.5210898916,100000.0,3611941.412180157,5696960.307901648,6377172.426293615,7780000.0,253750000.0
437.0,1.0,5291.386080726811,16.987520000000014,0.0,0.0,0.0,1006084.5210898916,100000.0,3611941.412180157,5696960.307901648,6377172.426293615,7780000.0,253750000.0
438.0,1.0,5308.373600726811,16.987520000000014,0.0,0.0,0.0,1006084.5210898916,100000.0,3611941.412180157,5696960.307901648,6377172.426293615,7780000.0,253750000.0
439.0,1.0,5325.36112072681,16.987520000000014,0.0,0.0,0.0,1006084.5210898916,100000.0,3611941.412180157,5696960.307901648,6377172.426293615,7780000.0,253750000.0
440.0,1.0,5342.34864072681,16.987520000000014,0.0,0.0,0.0,1006084.5210898916,100000.0,3611941.412180157,5696960.307901648,6377172.426293615,7780000.0,253750000.0
441.0,1.0,5359.33616072681,16.987520000000014,0.0,0.0,0.0,1006084.5210898916,100000.0,3611941.412180157,5696960.307901648,6377172.426293615,7780000.0,253750000.0
442.0,1.0,5376.3236807268095,16.987520000000014,0.0,0.0,0.0,1006084.5210898916,100000.0,3611941.412180157,5696960.307901648,6377172.426293615,7780000.0,253750000.0
443.0,1.0,5393.311200726809,16.987520000000014,0.0,0.0,0.0,1006084.5210898916,100000.0,3611941.412180157,5696960.307901648,6377172.426293615,7780000.0,253750000.0
444.0,1.0,5410.298720726809,16.987520000000014,0.0,0.0,0.0,1006084.5210898916,100000.0,3611941.412180157,5696960.307901648,6377172.426293615,7780000.0,253750000.0
445.0,1.0,5427.2862407268085,16.987520000000014,0.0,0.0,0.0,1006084.5210898916,100000.0,3611941.412180157,5696960.307901648,6377172.426293615,7780000.0,253750000.0
446.0,1.0,5444.273760726808,16.987520000000014,0.0,0.0,0.0,1006084.5210898916,100000.0,3611941.412180157,5696960.307901648,6377172.426293615,7780000.0,253750000.0
447.0,1.0,5461.261280726808,16.987520000000014,0.0,0.0,0.0,1006084.5210898916,100000.0,3611941.412180157,5696960.307901648,6377172.426293615,7780000.0,253750000.0
448.0,1.0,5478.2488007268075,16.987520000000014,0.0,0.0,0.0,1006084.5210898916,100000.0,3611941.412180157,5696960.307901648,6377172.426293615,7780000.0,253750000.0
449.0,1.0,5495.236320726807,16.987520000000014,0.0,0.0,0.0,1006084.5210898916,100000.0,3611941.412180157,5696960.307901648,6377172.426293615,7780000.0,253750000.0
450.0,1.0,5512.223840726807,16.987520000000014,0.0,0.0,0.0,1006084.5210898916,100000.0,3611941.412180157,5696960.307901648,6377172.426293615,7780000.0,253750000.0
451.0,1.0,5529.211360726807,16.987520000000014,0.0,0.0,0.0,1006084.5210898916,100000.0,3611941.412180157,5696960.307901648,6377172.426293615,7780000.0,253750000.0
452.0,1.0,5546.198880726806,16.987520000000014,0.0,0.0,0.0,1006084.5210898916,100000.0,3611941.412180157,5696960.307901648,6377172.426293615,7780000.0,253750000.0
453.0,1.0,5563.186400726806,16.987520000000014,0.0,0.0,0.0,1006084.5210898916,100000.0,3611941.412180157,5696960.307901648,6377172.426293615,7780000.0,253750000.0
454.0,1.0,5580.173920726806,16.987520000000014,0.0,0.0,0.0,1006084.5210898916,100000.0,3611941.412180157,5696960.307901648,6377172.426293615,7780000.0,253750000.0
455.0,1.0,5597.161440726805,16.987520000000014,0.0,0.0,0.0,1006084.5210898916,100000.0,3611941.412180157,5696960.307901648,6377172.426293615,7780000.0,253750000.0
456.0,1.0,5614.148960726805,16.987520000000014,0.0,0.0,0.0,1006084.5210898916,100000.0,3611941.412180157,5696960.307901648,6377172.426293615,7780000.0,253750000.0
457.0,1.0,5631.136480726805,16.987520000000014,0.0,0.0,0.0,1006084.5210898916,100000.0,3611941.412180157,5696960.307901648,6377172.426293615,7780000.0,253750000.0
458.0,1.0,5648.124000726804,16.987520000000014,0.0,0.0,0.0,1006084.5210898916,100000.0,3611941.412180157,5696960.307901648,6377172.426293615,7780000.0,253750000.0
459.0,1.0,5665.111520726804,16.987520000000014,0.0,0.0,0.0,1006084.5210898916,100000.0,3611941.412180157,5696960.307901648,6377172.426293615,7780000.0,253750000.0
460.0,1.0,5682.099040726804,16.987520000000014,0.0,0.0,0.0,1006084.5210898916,100000.0,3611941.412180157,5696960.307901648,6377172.426293615,7780000.0,253750000.0
461.0,1.0,5699.086560726803,16.987520000000014,0.0,0.0,0.0,1006084.5210898916,100000.0,3611941.412180157,5696960.307901648,6377172.426293615,7780000.0,253750000.0
462.0,1.0,5716.074080726803,16.987520000000014,0.0,0.0,0.0,1006084.5210898916,100000.0,3611941.412180157,5696960.307901648,6377172.426293615,7780000.0,253750000.0
463.0,1.0,5733.061600726803,16.987520000000014,0.0,0.0,0.0,1006084.5210898916,100000.0,3611941.412180157,5696960.307901648,6377172.426293615,7780000.0,253750000.0
464.0,1.0,5750.049120726802,16.987520000000014,0.0,0.0,0.0,1006084.5210898916,100000.0,3611941.412180157,5696960.307901648,6377172.426293615,7780000.0,253750000.0
465.0,1.0,5767.036640726802,16.987520000000014,0.0,0.0,0.0,1006084.5210898916,100000.0,3611941.412180157,5696960.307901648,6377172.426293615,7780000.0,253750000.0
466.0,1.0,5784.024160726802,16.987520000000014,0.0,0.0,0.0,1006084.5210898916,100000.0,3611941.412180157,5696960.307901648,6377172.426293615,7780000.0,253750000.0
467.0,1.0,5801.011680726801,16.987520000000014,0.0,0.0,0.0,1006084.5210898916,100000.0,3611941.412180157,5696960.307901648,6377172.426293615,7780000.0,253750000.0
468.0,1.0,5817.999200726801,16.987520000000014,0.0,0.0,0.0,1006084.5210898916,100000.0,3611941.412180157,5696960.307901648,6377172.426293615,7780000.0,253750000.0
469.0,1.0,5834.986720726801,16.987520000000014,0.0,0.0,0.0,1006084.5210898916,100000.0,3611941.412180157,5696960.307901648,6377172.426293615,7780000.0,253750000.0
470.0,1.0,5851.9742407268,16.987520000000014,0.0,0.0,0.0,1006084.5210898916,100000.0,3611941.412180157,5696960.307901648,6377172.426293615,7780000.0,253750000.0
471.0,1.0,5868.9617607268,16.987520000000014,0.0,0.0,0.0,1006084.5210898916,100000.0,3611941.412180157,5696960.307901648,6377172.426293615,7780000.0,253750000.0
472.0,1.0,5885.9492807268,16.987520000000014,0.0,0.0,0.0,1006084.5210898916,100000.0,3611941.412180157,5696960.307901648,6377172.426293615,7780000.0,253750000.0
473.0,1.0,5902.936800726799,16.987520000000014,0.0,0.0,0.0,1006084.5210898916,100000.0,3611941.412180157,5696960.307901648,6377172.426293615,7780000.0,253750000.0
474.0,1.0,5919.924320726799,16.987520000000014,0.0,0.0,0.0,1006084.5210898916,100000.0,3611941.412180157,5696960.307901648,6377172.426293615,7780000.0,253750000.0
475.0,1.0,5936.911840726799,16.987520000000014,0.0,0.0,0.0,1006084.5210898916,100000.0,3611941.412180157,5696960.307901648,6377172.426293615,7780000.0,253750000.0
476.0,1.0,5953.8993607267985,16.987520000000014,0.0,0.0,0.0,1006084.5210898916,100000.0,3611941.412180157,5696960.307901648,6377172.426293615,7780000.0,253750000.0
477.0,1.0,5970.886880726798,16.987520000000014,0.0,0.0,0.0,1006084.5210898916,100000.0,3611941.412180157,5696960.307901648,6377172.426293615,7780000.0,253750000.0
478.0,1.0,5987.874400726798,16.987520000000014,0.0,0.0,0.0,1006084.5210898916,100000.0,3611941.412180157,5696960.307901648,6377172.426293615,7780000.0,253750000.0
479.0,1.0,6004.8619207267975,16.987520000000014,0.0,0.0,0.0,1006084.5210898916,100000.0,3611941.412180157,5696960.307901648,6377172.426293615,7780000.0,253750000.0
480.0,1.0,6021.849440726797,16.987520000000014,0.0,0.0,0.0,1006084.5210898916,100000.0,3611941.412180157,5696960.307901648,6377172.426293615,7780000.0,253750000.0
481.0,1.0,6038.836960726797,16.987520000000014,0.0,0.0,0.0,1006084.5210898916,100000.0,3611941.412180157,5696960.307901648,6377172.426293615,7780000.0,253750000.0
482.0,1.0,6055.8244807267965,16.987520000000014,0.0,0.0,0.0,1006084.5210898916,100000.0,3611941.412180157,5696960.307901648,6377172.426293615,7780000.0,253750000.0
483.0,1.0,6072.812000726796,16.987520000000014,0.0,0.0,0.0,1006084.5210898916,100000.0,3611941.412180157,5696960.307901648,6377172.426293615,7780000.0,253750000.0
484.0,1.0,6089.799520726796,16.987520000000014,0.0,0.0,0.0,1006084.5210898916,100000.0,3611941.412180157,5696960.307901648,6377172.426293615,7780000.0,253750000.0
485.0,1.0,6106.787040726796,16.987520000000014,0.0,0.0,0.0,1006084.5210898916,100000.0,3611941.412180157,5696960.307901648,6377172.426293615,7780000.0,253750000.0
486.0,1.0,6123.774560726795,16.987520000000014,0.0,0.0,0.0,1006084.5210898916,100000.0,3611941.412180157,5696960.307901648,6377172.426293615,7780000.0,253750000.0
487.0,1.0,6140.762080726795,16.987520000000014,0.0,0.0,0.0,1006084.5210898916,100000.0,3611941.412180157,5696960.307901648,6377172.426293615,7780000.0,253750000.0
488.0,1.0,6157.749600726795,16.987520000000014,0.0,0.0,0.0,1006084.5210898916,100000.0,3611941.412180157,5696960.307901648,6377172.426293615,7780000.0,253750000.0
489.0,1.0,6174.737120726794,16.987520000000014,0.0,0.0,0.0,1006084.5210898916,100000.0,3611941.412180157,5696960.307901648,6377172.426293615,7780000.0,253750000.0
490.0,1.0,6191.724640726794,16.987520000000014,0.0,0.0,0.0,1006084.5210898916,100000.0,3611941.412180157,5696960.307901648,6377172.426293615,7780000.0,253750000.0
491.0,1.0,6208.712160726794,16.987520000000014,0.0,0.0,0.0,1006084.5210898916,100000.0,3611941.412180157,5696960.307901648,6377172.426293615,7780000.0,253750000.0
492.0,1.0,6225.699680726793,16.987520000000014,0.0,0.0,0.0,1006084.5210898916,100000.0,3611941.412180157,5696960.307901648,6377172.426293615,7780000.0,253750000.0
493.0,1.0,6242.687200726793,16.987520000000014,0.0,0.0,0.0,1006084.5210898916,100000.0,3611941.412180157,5696960.307901648,6377172.426293615,7780000.0,253750000.0
494.0,1.0,6259.674720726793,16.987520000000014,0.0,0.0,0.0,1006084.5210898916,100000.0,3611941.412180157,5696960.307901648,6377172.426293615,7780000.0,253750000.0
495.0,1.0,6276.662240726792,16.987520000000014,0.0,0.0,0.0,1006084.5210898916,100000.0,3611941.412180157,5696960.307901648,6377172.426293615,7780000.0,253750000.0
496.0,1.0,6293.649760726792,16.987520000000014,0.0,0.0,0.0,1006084.5210898916,100000.0,3611941.412180157,5696960.307901648,6377172.426293615,7780000.0,253750000.0
497.0,1.0,6310.637280726792,16.987520000000014,0.0,0.0,0.0,1006084.5210898916,100000.0,3611941.412180157,5696960.307901648,6377172.426293615,7780000.0,253750000.0
498.0,1.0,6327.624800726791,16.987520000000014,0.0,0.0,0.0,1006084.5210898916,100000.0,3611941.412180157,5696960.307901648,6377172.426293615,7780000.0,253750000.0
499.0,1.0,6344.612320726791,16.987520000000014,0.0,0.0,0.0,1006084.5210898916,100000.0,3611941.412180157,5696960.307901648,6377172.426293615,7780000.0,253750000.0
500.0,1.0,6361.599840726791,16.987520000000014,0.0,0.0,0.0,1006084.5210898916,100000.0,3611941.412180157,5696960.307901648,6377172.426293615,7780000.0,253750000.0
501.0,1.0,6378.58736072679,16.987520000000014,0.0,0.0,0.0,1006084.5210898916,100000.0,3611941.412180157,5696960.307901648,6377172.426293615,7780000.0,253750000.0
502.0,1.0,6395.57488072679,16.987520000000014,0.0,0.0,0.0,1006084.5210898916,100000.0,3611941.412180157,5696960.307901648,6377172.426293615,7780000.0,253750000.0
503.0,1.0,6412.56240072679,16.987520000000014,0.0,0.0,0.0,1006084.5210898916,100000.0,3611941.412180157,5696960.307901648,6377172.426293615,7780000.0,253750000.0
504.0,1.0,6429.549920726789,16.987520000000014,0.0,0.0,0.0,1006084.5210898916,100000.0,3611941.412180157,5696960.307901648,6377172.426293615,7780000.0,253750000.0
505.0,1.0,6446.537440726789,16.987520000000014,0.0,0.0,0.0,1006084.5210898916,100000.0,3611941.412180157,5696960.307901648,6377172.426293615,7780000.0,253750000.0
506.0,1.0,6463.524960726789,16.987520000000014,0.0,0.0,0.0,1006084.5210898916,100000.0,3611941.412180157,5696960.307901648,6377172.426293615,7780000.0,253750000.0
507.0,1.0,6480.512480726788,16.987520000000014,0.0,0.0,0.0,1006084.5210898916,100000.0,3611941.412180157,5696960.307901648,6377172.426293615,7780000.0,253750000.0
508.0,1.0,6497.500000726788,16.987520000000014,0.0,0.0,0.0,1006084.5210898916,100000.0,3611941.412180157,5696960.307901648,6377172.426293615,7780000.0,253750000.0
509.0,1.0,6514.487520726788,16.987520000000014,0.0,0.0,0.0,1006084.5210898916,100000.0,3611941.412180157,5696960.307901648,6377172.426293615,7780000.0,253750000.0
510.0,1.0,6531.4750407267875,16.987520000000014,0.0,0.0,0.0,1006084.5210898916,100000.0,3611941.412180157,5696960.307901648,6377172.426293615,7780000.0,253750000.0
511.0,1.0,6548.462560726787,16.987520000000014,0.0,0.0,0.0,1006084.5210898916,100000.0,3611941.412180157,5696960.307901648,6377172.426293615,7780000.0,253750000.0
512.0,1.0,6565.450080726787,16.987520000000014,0.0,0.0,0.0,1006084.5210898916,100000.0,3611941.412180157,5696960.307901648,6377172.426293615,7780000.0,253750000.0
513.0,1.0,6582.4376007267865,16.987520000000014,0.0,0.0,0.0,1006084.5210898916,100000.0,3611941.412180157,5696960.307901648,6377172.426293615,7780000.0,253750000.0
514.0,1.0,6599.425120726786,16.987520000000014,0.0,0.0,0.0,1006084.5210898916,100000.0,3611941.412180157,5696960.307901648,6377172.426293615,7780000.0,253750000.0
515.0,1.0,6616.412640726786,16.987520000000014,0.0,0.0,0.0,1006084.5210898916,100000.0,3611941.412180157,5696960.307901648,6377172.426293615,7780000.0,253750000.0
516.0,1.0,6633.4001607267855,16.987520000000014,0.0,0.0,0.0,1006084.5210898916,100000.0,3611941.412180157,5696960.307901648,6377172.426293615,7780000.0,253750000.0
517.0,1.0,6650.387680726785,16.987520000000014,0.0,0.0,0.0,1006084.5210898916,100000.0,3611941.412180157,5696960.307901648,6377172.426293615,7780000.0,253750000.0
518.0,1.0,6667.375200726785,16.987520000000014,0.0,0.0,0.0,1006084.5210898916,100000.0,3611941.412180157,5696960.307901648,6377172.426293615,7780000.0,253750000.0
519.0,1.0,6684.362720726785,16.987520000000014,0.0,0.0,0.0,1006084.5210898916,100000.0,3611941.412180157,5696960.307901648,6377172.426293615,7780000.0,253750000.0
520.0,1.0,6701.350240726784,16.987520000000014,0.0,0.0,0.0,1006084.5210898916,100000.0,3611941.412180157,5696960.307901648,6377172.426293615,7780000.0,253750000.0
521.0,1.0,6718.337760726784,16.987520000000014,0.0,0.0,0.0,1006084.5210898916,100000.0,3611941.412180157,5696960.307901648,6377172.426293615,7780000.0,253750000.0
522.0,1.0,6735.325280726784,16.987520000000014,0.0,0.0,0.0,1006084.5210898916,100000.0,3611941.412180157,5696960.307901648,6377172.426293615,7780000.0,253750000.0
523.0,1.0,6752.312800726783,16.987520000000014,0.0,0.0,0.0,1006084.5210898916,100000.0,3611941.412180157,5696960.307901648,6377172.426293615,7780000.0,253750000.0
524.0,1.0,6769.300320726783,16.987520000000014,0.0,0.0,0.0,1006084.5210898916,100000.0,3611941.412180157,5696960.307901648,6377172.426293615,7780000.0,253750000.0
525.0,1.0,6786.287840726783,16.987520000000014,0.0,0.0,0.0,1006084.5210898916,100000.0,3611941.412180157,5696960.307901648,6377172.426293615,7780000.0,253750000.0
526.0,1.0,6803.275360726782,16.987520000000014,0.0,0.0,0.0,1006084.5210898916,100000.0,3611941.412180157,5696960.307901648,6377172.426293615,7780000.0,253750000.0
527.0,1.0,6820.262880726782,16.987520000000014,0.0,0.0,0.0,1006084.5210898916,100000.0,3611941.412180157,5696960.307901648,6377172.426293615,7780000.0,253750000.0
528.0,1.0,6837.250400726782,16.987520000000014,0.0,0.0,0.0,1006084.5210898916,100000.0,3611941.412180157,5696960.307901648,6377172.426293615,7780000.0,253750000.0
529.0,1.0,6854.237920726781,16.987520000000014,0.0,0.0,0.0,1006084.5210898916,100000.0,3611941.412180157,5696960.307901648,6377172.426293615,7780000.0,253750000.0
530.0,1.0,6871.225440726781,16.987520000000014,0.0,0.0,0.0,1006084.5210898916,100000.0,3611941.412180157,5696960.307901648,6377172.426293615,7780000.0,253750000.0
531.0,1.0,6888.212960726781,16.987520000000014,0.0,0.0,0.0,1006084.5210898916,100000.0,3611941.412180157,5696960.307901648,6377172.426293615,7780000.0,253750000.0
532.0,1.0,6905.20048072678,16.987520000000014,0.0,0.0,0.0,1006084.5210898916,100000.0,3611941.412180157,5696960.307901648,6377172.426293615,7780000.0,253750000.0
533.0,1.0,6922.18800072678,16.987520000000014,0.0,0.0,0.0,1006084.5210898916,100000.0,3611941.412180157,5696960.307901648,6377172.426293615,7780000.0,253750000.0
534.0,1.0,6939.17552072678,16.987520000000014,0.0,0.0,0.0,1006084.5210898916,100000.0,3611941.412180157,5696960.307901648,6377172.426293615,7780000.0,253750000.0
535.0,1.0,6956.163040726779,16.987520000000014,0.0,0.0,0.0,1006084.5210898916,100000.0,3611941.412180157,5696960.307901648,6377172.426293615,7780000.0,253750000.0
536.0,1.0,6973.150560726779,16.987520000000014,0.0,0.0,0.0,1006084.5210898916,100000.0,3611941.412180157,5696960.307901648,6377172.426293615,7780000.0,253750000.0
537.0,1.0,6990.138080726779,16.987520000000014,0.0,0.0,0.0,1006084.5210898916,100000.0,3611941.412180157,5696960.307901648,6377172.426293615,7780000.0,253750000.0
538.0,1.0,7007.125600726778,16.987520000000014,0.0,0.0,0.0,1006084.5210898916,100000.0,3611941.412180157,5696960.307901648,6377172.426293615,7780000.0,253750000.0
539.0,1.0,7024.113120726778,16.987520000000014,0.0,0.0,0.0,1006084.5210898916,100000.0,3611941.412180157,5696960.307901648,6377172.426293615,7780000.0,253750000.0
540.0,1.0,7041.100640726778,16.987520000000014,0.0,0.0,0.0,1006084.5210898916,100000.0,3611941.412180157,5696960.307901648,6377172.426293615,7780000.0,253750000.0
541.0,1.0,7058.0881607267775,16.987520000000014,0.0,0.0,0.0,1006084.5210898916,100000.0,3611941.412180157,5696960.307901648,6377172.426293615,7780000.0,253750000.0
542.0,1.0,7075.075680726777,16.987520000000014,0.0,0.0,0.0,1006084.5210898916,100000.0,3611941.412180157,5696960.307901648,6377172.426293615,7780000.0,253750000.0
543.0,1.0,7092.063200726777,16.987520000000014,0.0,0.0,0.0,1006084.5210898916,100000.0,3611941.412180157,5696960.307901648,6377172.426293615,7780000.0,253750000.0
544.0,1.0,7109.0507207267765,16.987520000000014,0.0,0.0,0.0,1006084.5210898916,100000.0,3611941.412180157,5696960.307901648,6377172.426293615,7780000.0,253750000.0
545.0,1.0,7126.038240726776,16.987520000000014,0.0,0.0,0.0,1006084.5210898916,100000.0,3611941.412180157,5696960.307901648,6377172.426293615,7780000.0,253750000.0
546.0,1.0,7143.025760726776,16.987520000000014,0.0,0.0,0.0,1006084.5210898916,100000.0,3611941.412180157,5696960.307901648,6377172.426293615,7780000.0,253750000.0
547.0,1.0,7160.0132807267755,16.987520000000014,0.0,0.0,0.0,1006084.5210898916,100000.0,3611941.412180157,5696960.307901648,6377172.426293615,7780000.0,253750000.0
548.0,1.0,7177.000800726775,16.987520000000014,0.0,0.0,0.0,1006084.5210898916,100000.0,3611941.412180157,5696960.307901648,6377172.426293615,7780000.0,253750000.0
549.0,1.0,7193.988320726775,16.987520000000014,0.0,0.0,0.0,1006084.5210898916,100000.0,3611941.412180157,5696960.307901648,6377172.426293615,7780000.0,253750000.0
550.0,1.0,7210.975840726775,16.987520000000014,0.0,0.0,0.0,1006084.5210898916,100000.0,3611941.412180157,5696960.307901648,6377172.426293615,7780000.0,253750000.0
551.0,1.0,7227.963360726774,16.987520000000014,0.0,0.0,0.0,1006084.5210898916,100000.0,3611941.412180157,5696960.307901648,6377172.426293615,7780000.0,253750000.0
552.0,1.0,7244.950880726774,16.987520000000014,0.0,0.0,0.0,1006084.5210898916,100000.0,3611941.412180157,5696960.307901648,6377172.426293615,7780000.0,253750000.0
553.0,1.0,7261.938400726774,16.987520000000014,0.0,0.0,0.0,1006084.5210898916,100000.0,3611941.412180157,5696960.307901648,6377172.426293615,7780000.0,253750000.0
554.0,1.0,7278.925920726773,16.987520000000014,0.0,0.0,0.0,1006084.5210898916,100000.0,3611941.412180157,5696960.307901648,6377172.426293615,7780000.0,253750000.0
555.0,1.0,7295.913440726773,16.987520000000014,0.0,0.0,0.0,1006084.5210898916,100000.0,3611941.412180157,5696960.307901648,6377172.426293615,7780000.0,253750000.0
556.0,1.0,7312.900960726773,16.987520000000014,0.0,0.0,0.0,1006084.5210898916,100000.0,3611941.412180157,5696960.307901648,6377172.426293615,7780000.0,253750000.0
557.0,1.0,7329.888480726772,16.987520000000014,0.0,0.0,0.0,1006084.5210898916,100000.0,3611941.412180157,5696960.307901648,6377172.426293615,7780000.0,253750000.0
558.0,1.0,7346.876000726772,16.987520000000014,0.0,0.0,0.0,1006084.5210898916,100000.0,3611941.412180157,5696960.307901648,6377172.426293615,7780000.0,253750000.0
559.0,1.0,7363.863520726772,16.987520000000014,0.0,0.0,0.0,1006084.5210898916,100000.0,3611941.412180157,5696960.307901648,6377172.426293615,7780000.0,253750000.0
560.0,1.0,7380.851040726771,16.987520000000014,0.0,0.0,0.0,1006084.5210898916,100000.0,3611941.412180157,5696960.307901648,6377172.426293615,7780000.0,253750000.0
561.0,1.0,7397.838560726771,16.987520000000014,0.0,0.0,0.0,1006084.5210898916,100000.0,3611941.412180157,5696960.307901648,6377172.426293615,7780000.0,253750000.0
562.0,1.0,7414.826080726771,16.987520000000014,0.0,0.0,0.0,1006084.5210898916,100000.0,3611941.412180157,5696960.307901648,6377172.426293615,7780000.0,253750000.0
563.0,1.0,7431.81360072677,16.987520000000014,0.0,0.0,0.0,1006084.5210898916,100000.0,3611941.412180157,5696960.307901648,6377172.426293615,7780000.0,253750000.0
564.0,1.0,7448.80112072677,16.987520000000014,0.0,0.0,0.0,1006084.5210898916,100000.0,3611941.412180157,5696960.307901648,6377172.426293615,7780000.0,253750000.0
565.0,1.0,7465.78864072677,16.987520000000014,0.0,0.0,0.0,1006084.5210898916,100000.0,3611941.412180157,5696960.307901648,6377172.426293615,7780000.0,253750000.0
566.0,1.0,7482.776160726769,16.987520000000014,0.0,0.0,0.0,1006084.5210898916,100000.0,3611941.412180157,5696960.307901648,6377172.426293615,7780000.0,253750000.0
567.0,1.0,7499.763680726769,16.987520000000014,0.0,0.0,0.0,1006084.5210898916,100000.0,3611941.412180157,5696960.307901648,6377172.426293615,7780000.0,253750000.0
568.0,1.0,7516.751200726769,16.987520000000014,0.0,0.0,0.0,1006084.5210898916,100000.0,3611941.412180157,5696960.307901648,6377172.426293615,7780000.0,253750000.0
569.0,1.0,7533.738720726768,16.987520000000014,0.0,0.0,0.0,1006084.5210898916,100000.0,3611941.412180157,5696960.307901648,6377172.426293615,7780000.0,253750000.0
570.0,1.0,7550.726240726768,16.987520000000014,0.0,0.0,0.0,1006084.5210898916,100000.0,3611941.412180157,5696960.307901648,6377172.426293615,7780000.0,253750000.0
571.0,1.0,7567.713760726768,16.987520000000014,0.0,0.0,0.0,1006084.5210898916,100000.0,3611941.412180157,5696960.307901648,6377172.426293615,7780000.0,253750000.0
572.0,1.0,7584.701280726767,16.987520000000014,0.0,0.0,0.0,1006084.5210898916,100000.0,3611941.412180157,5696960.307901648,6377172.426293615,7780000.0,253750000.0
573.0,1.0,7601.688800726767,16.987520000000014,0.0,0.0,0.0,1006084.5210898916,100000.0,3611941.412180157,5696960.307901648,6377172.426293615,7780000.0,253750000.0
574.0,1.0,7618.676320726767,16.987520000000014,0.0,0.0,0.0,1006084.5210898916,100000.0,3611941.412180157,5696960.307901648,6377172.426293615,7780000.0,253750000.0
575.0,1.0,7635.6638407267665,16.987520000000014,0.0,0.0,0.0,1006084.5210898916,100000.0,3611941.412180157,5696960.307901648,6377172.426293615,7780000.0,253750000.0
576.0,1.0,7652.651360726766,16.987520000000014,0.0,0.0,0.0,1006084.5210898916,100000.0,3611941.412180157,5696960.307901648,6377172.426293615,7780000.0,253750000.0
577.0,1.0,7669.638880726766,16.987520000000014,0.0,0.0,0.0,1006084.5210898916,100000.0,3611941.412180157,5696960.307901648,6377172.426293615,7780000.0,253750000.0
578.0,1.0,7686.6264007267655,16.987520000000014,0.0,0.0,0.0,1006084.5210898916,100000.0,3611941.412180157,5696960.307901648,6377172.426293615,7780000.0,253750000.0
579.0,1.0,7703.613920726765,16.987520000000014,0.0,0.0,0.0,1006084.5210898916,100000.0,3611941.412180157,5696960.307901648,6377172.426293615,7780000.0,253750000.0
580.0,1.0,7720.601440726765,16.987520000000014,0.0,0.0,0.0,1006084.5210898916,100000.0,3611941.412180157,5696960.307901648,6377172.426293615,7780000.0,253750000.0
581.0,1.0,7737.5889607267645,16.987520000000014,0.0,0.0,0.0,1006084.5210898916,100000.0,3611941.412180157,5696960.307901648,6377172.426293615,7780000.0,253750000.0
582.0,1.0,7754.576480726764,16.987520000000014,0.0,0.0,0.0,1006084.5210898916,100000.0,3611941.412180157,5696960.307901648,6377172.426293615,7780000.0,253750000.0
583.0,1.0,7771.564000726764,16.987520000000014,0.0,0.0,0.0,1006084.5210898916,100000.0,3611941.412180157,5696960.307901648,6377172.426293615,7780000.0,253750000.0
584.0,1.0,7788.551520726764,16.987520000000014,0.0,0.0,0.0,1006084.5210898916,100000.0,3611941.412180157,5696960.307901648,6377172.426293615,7780000.0,253750000.0
585.0,1.0,7805.539040726763,16.987520000000014,0.0,0.0,0.0,1006084.5210898916,100000.0,3611941.412180157,5696960.307901648,6377172.426293615,7780000.0,253750000.0
586.0,1.0,7822.526560726763,16.987520000000014,0.0,0.0,0.0,1006084.5210898916,100000.0,3611941.412180157,5696960.307901648,6377172.426293615,7780000.0,253750000.0
587.0,1.0,7839.514080726763,16.987520000000014,0.0,0.0,0.0,1006084.5210898916,100000.0,3611941.412180157,5696960.307901648,6377172.426293615,7780000.0,253750000.0
588.0,1.0,7856.501600726762,16.987520000000014,0.0,0.0,0.0,1006084.5210898916,100000.0,3611941.412180157,5696960.307901648,6377172.426293615,7780000.0,253750000.0
589.0,1.0,7873.489120726762,16.987520000000014,0.0,0.0,0.0,1006084.5210898916,100000.0,3611941.412180157,5696960.307901648,6377172.426293615,7780000.0,253750000.0
590.0,1.0,7890.476640726762,16.987520000000014,0.0,0.0,0.0,1006084.5210898916,100000.0,3611941.412180157,5696960.307901648,6377172.426293615,7780000.0,253750000.0
591.0,1.0,7907.464160726761,16.987520000000014,0.0,0.0,0.0,1006084.5210898916,100000.0,3611941.412180157,5696960.307901648,6377172.426293615,7780000.0,253750000.0
592.0,1.0,7924.451680726761,16.987520000000014,0.0,0.0,0.0,1006084.5210898916,100000.0,3611941.412180157,5696960.307901648,6377172.426293615,7780000.0,253750000.0
593.0,1.0,7941.439200726761,16.987520000000014,0.0,0.0,0.0,1006084.5210898916,100000.0,3611941.412180157,5696960.307901648,6377172.426293615,7780000.0,253750000.0
594.0,1.0,7958.42672072676,16.987520000000014,0.0,0.0,0.0,1006084.5210898916,100000.0,3611941.412180157,5696960.307901648,6377172.426293615,7780000.0,253750000.0
595.0,1.0,7975.41424072676,16.987520000000014,0.0,0.0,0.0,1006084.5210898916,100000.0,3611941.412180157,5696960.307901648,6377172.426293615,7780000.0,253750000.0
596.0,1.0,7992.40176072676,16.987520000000014,0.0,0.0,0.0,1006084.5210898916,100000.0,3611941.412180157,5696960.307901648,6377172.426293615,7780000.0,253750000.0
597.0,1.0,8009.389280726759,16.987520000000014,0.0,0.0,0.0,1006084.5210898916,100000.0,3611941.412180157,5696960.307901648,6377172.426293615,7780000.0,253750000.0
598.0,1.0,8026.376800726759,16.987520000000014,0.0,0.0,0.0,1006084.5210898916,100000.0,3611941.412180157,5696960.307901648,6377172.426293615,7780000.0,253750000.0
599.0,1.0,8043.364320726759,16.987520000000014,0.0,0.0,0.0,1006084.5210898916,100000.0,3611941.412180157,5696960.307901648,6377172.426293615,7780000.0,253750000.0
600.0,1.0,8060.351840726758,16.987520000000014,0.0,0.0,0.0,1006084.5210898916,100000.0,3611941.412180157,5696960.307901648,6377172.426293615,7780000.0,253750000.0
601.0,1.0,8077.339360726758,16.987520000000014,0.0,0.0,0.0,1006084.5210898916,100000.0,3611941.412180157,5696960.307901648,6377172.426293615,7780000.0,253750000.0
602.0,1.0,8094.326880726758,16.987520000000014,0.0,0.0,0.0,1006084.5210898916,100000.0,3611941.412180157,5696960.307901648,6377172.426293615,7780000.0,253750000.0
603.0,1.0,8111.314400726757,16.987520000000014,0.0,0.0,0.0,1006084.5210898916,100000.0,3611941.412180157,5696960.307901648,6377172.426293615,7780000.0,253750000.0
604.0,1.0,8128.301920726757,16.987520000000014,0.0,0.0,0.0,1006084.5210898916,100000.0,3611941.412180157,5696960.307901648,6377172.426293615,7780000.0,253750000.0
605.0,1.0,8145.289440726757,16.987520000000014,0.0,0.0,0.0,1006084.5210898916,100000.0,3611941.412180157,5696960.307901648,6377172.426293615,7780000.0,253750000.0
606.0,1.0,8162.276960726756,16.987520000000014,0.0,0.0,0.0,1006084.5210898916,100000.0,3611941.412180157,5696960.307901648,6377172.426293615,7780000.0,253750000.0
607.0,1.0,8179.264480726756,16.987520000000014,0.0,0.0,0.0,1006084.5210898916,100000.0,3611941.412180157,5696960.307901648,6377172.426293615,7780000.0,253750000.0
608.0,1.0,8196.252000726756,16.987520000000014,0.0,0.0,0.0,1006084.5210898916,100000.0,3611941.412180157,5696960.307901648,6377172.426293615,7780000.0,253750000.0
609.0,1.0,8213.239520726756,16.987520000000014,0.0,0.0,0.0,1006084.5210898916,100000.0,3611941.412180157,5696960.307901648,6377172.426293615,7780000.0,253750000.0
610.0,1.0,8230.227040726757,16.987520000000014,0.0,0.0,0.0,1006084.5210898916,100000.0,3611941.412180157,5696960.307901648,6377172.426293615,7780000.0,253750000.0
611.0,1.0,8247.214560726758,16.987520000000014,0.0,0.0,0.0,1006084.5210898916,100000.0,3611941.412180157,5696960.307901648,6377172.426293615,7780000.0,253750000.0
612.0,1.0,8264.202080726758,16.987520000000014,0.0,0.0,0.0,1006084.5210898916,100000.0,3611941.412180157,5696960.307901648,6377172.426293615,7780000.0,253750000.0
613.0,1.0,8281.189600726759,16.987520000000014,0.0,0.0,0.0,1006084.5210898916,100000.0,3611941.412180157,5696960.307901648,6377172.426293615,7780000.0,253750000.0
614.0,1.0,8298.17712072676,16.987520000000014,0.0,0.0,0.0,1006084.5210898916,100000.0,3611941.412180157,5696960.307901648,6377172.426293615,7780000.0,253750000.0
615.0,1.0,8315.16464072676,16.987520000000014,0.0,0.0,0.0,1006084.5210898916,100000.0,3611941.412180157,5696960.307901648,6377172.426293615,7780000.0,253750000.0
616.0,1.0,8332.15216072676,16.987520000000014,0.0,0.0,0.0,1006084.5210898916,100000.0,3611941.412180157,5696960.307901648,6377172.426293615,7780000.0,253750000.0
617.0,1.0,8349.139680726761,16.987520000000014,0.0,0.0,0.0,1006084.5210898916,100000.0,3611941.412180157,5696960.307901648,6377172.426293615,7780000.0,253750000.0
618.0,1.0,8366.127200726762,16.987520000000014,0.0,0.0,0.0,1006084.5210898916,100000.0,3611941.412180157,5696960.307901648,6377172.426293615,7780000.0,253750000.0
619.0,1.0,8383.114720726762,16.987520000000014,0.0,0.0,0.0,1006084.5210898916,100000.0,3611941.412180157,5696960.307901648,6377172.426293615,7780000.0,253750000.0
620.0,1.0,8400.102240726763,16.987520000000014,0.0,0.0,0.0,1006084.5210898916,100000.0,3611941.412180157,5696960.307901648,6377172.426293615,7780000.0,253750000.0
621.0,1.0,8417.089760726763,16.987520000000014,0.0,0.0,0.0,1006084.5210898916,100000.0,3611941.412180157,5696960.307901648,6377172.426293615,7780000.0,253750000.0
622.0,1.0,8434.077280726764,16.987520000000014,0.0,0.0,0.0,1006084.5210898916,100000.0,3611941.412180157,5696960.307901648,6377172.426293615,7780000.0,253750000.0
623.0,1.0,8451.064800726765,16.987520000000014,0.0,0.0,0.0,1006084.5210898916,100000.0,3611941.412180157,5696960.307901648,6377172.426293615,7780000.0,253750000.0
624.0,1.0,8468.052320726765,16.987520000000014,0.0,0.0,0.0,1006084.5210898916,100000.0,3611941.412180157,5696960.307901648,6377172.426293615,7780000.0,253750000.0
625.0,1.0,8485.039840726766,16.987520000000014,0.0,0.0,0.0,1006084.5210898916,100000.0,3611941.412180157,5696960.307901648,6377172.426293615,7780000.0,253750000.0
626.0,1.0,8502.027360726766,16.987520000000014,0.0,0.0,0.0,1006084.5210898916,100000.0,3611941.412180157,5696960.307901648,6377172.426293615,7780000.0,253750000.0
627.0,1.0,8519.014880726767,16.987520000000014,0.0,0.0,0.0,1006084.5210898916,100000.0,3611941.412180157,5696960.307901648,6377172.426293615,7780000.0,253750000.0
628.0,1.0,8536.002400726768,16.987520000000014,0.0,0.0,0.0,1006084.5210898916,100000.0,3611941.412180157,5696960.307901648,6377172.426293615,7780000.0,253750000.0
629.0,1.0,8552.989920726768,16.987520000000014,0.0,0.0,0.0,1006084.5210898916,100000.0,3611941.412180157,5696960.307901648,6377172.426293615,7780000.0,253750000.0
630.0,1.0,8569.977440726769,16.987520000000014,0.0,0.0,0.0,1006084.5210898916,100000.0,3611941.412180157,5696960.307901648,6377172.426293615,7780000.0,253750000.0
631.0,1.0,8586.96496072677,16.987520000000014,0.0,0.0,0.0,1006084.5210898916,100000.0,3611941.412180157,5696960.307901648,6377172.426293615,7780000.0,253750000.0
632.0,1.0,8603.95248072677,16.987520000000014,0.0,0.0,0.0,1006084.5210898916,100000.0,3611941.412180157,5696960.307901648,6377172.426293615,7780000.0,253750000.0
633.0,1.0,8620.94000072677,16.987520000000014,0.0,0.0,0.0,1006084.5210898916,100000.0,3611941.412180157,5696960.307901648,6377172.426293615,7780000.0,253750000.0
634.0,1.0,8637.927520726771,16.987520000000014,0.0,0.0,0.0,1006084.5210898916,100000.0,3611941.412180157,5696960.307901648,6377172.426293615,7780000.0,253750000.0
635.0,1.0,8654.915040726772,16.987520000000014,0.0,0.0,0.0,1006084.5210898916,100000.0,3611941.412180157,5696960.307901648,6377172.426293615,7780000.0,253750000.0
636.0,1.0,8671.902560726772,16.987520000000014,0.0,0.0,0.0,1006084.5210898916,100000.0,3611941.412180157,5696960.307901648,6377172.426293615,7780000.0,253750000.0
637.0,1.0,8688.890080726773,16.987520000000014,0.0,0.0,0.0,1006084.5210898916,100000.0,3611941.412180157,5696960.307901648,6377172.426293615,7780000.0,253750000.0
638.0,1.0,8705.877600726773,16.987520000000014,0.0,0.0,0.0,1006084.5210898916,100000.0,3611941.412180157,5696960.307901648,6377172.426293615,7780000.0,253750000.0
639.0,1.0,8722.865120726774,16.987520000000014,0.0,0.0,0.0,1006084.5210898916,100000.0,3611941.412180157,5696960.307901648,6377172.426293615,7780000.0,253750000.0
640.0,1.0,8739.852640726775,16.987520000000014,0.0,0.0,0.0,1006084.5210898916,100000.0,3611941.412180157,5696960.307901648,6377172.426293615,7780000.0,253750000.0
641.0,1.0,8756.840160726775,16.987520000000014,0.0,0.0,0.0,1006084.5210898916,100000.0,3611941.412180157,5696960.307901648,6377172.426293615,7780000.0,253750000.0
642.0,1.0,8773.827680726776,16.987520000000014,0.0,0.0,0.0,1006084.5210898916,100000.0,3611941.412180157,5696960.307901648,6377172.426293615,7780000.0,253750000.0
643.0,1.0,8790.815200726776,16.987520000000014,0.0,0.0,0.0,1006084.5210898916,100000.0,3611941.412180157,5696960.307901648,6377172.426293615,7780000.0,253750000.0
644.0,1.0,8807.802720726777,16.987520000000014,0.0,0.0,0.0,1006084.5210898916,100000.0,3611941.412180157,5696960.307901648,6377172.426293615,7780000.0,253750000.0
645.0,1.0,8824.790240726777,16.987520000000014,0.0,0.0,0.0,1006084.5210898916,100000.0,3611941.412180157,5696960.307901648,6377172.426293615,7780000.0,253750000.0
646.0,1.0,8841.777760726778,16.987520000000014,0.0,0.0,0.0,1006084.5210898916,100000.0,3611941.412180157,5696960.307901648,6377172.426293615,7780000.0,253750000.0
647.0,1.0,8858.765280726779,16.987520000000014,0.0,0.0,0.0,1006084.5210898916,100000.0,3611941.412180157,5696960.307901648,6377172.426293615,7780000.0,253750000.0
648.0,1.0,8875.75280072678,16.987520000000014,0.0,0.0,0.0,1006084.5210898916,100000.0,3611941.412180157,5696960.307901648,6377172.426293615,7780000.0,253750000.0
649.0,1.0,8892.74032072678,16.987520000000014,0.0,0.0,0.0,1006084.5210898916,100000.0,3611941.412180157,5696960.307901648,6377172.426293615,7780000.0,253750000.0
650.0,1.0,8909.72784072678,16.987520000000014,0.0,0.0,0.0,1006084.5210898916,100000.0,3611941.412180157,5696960.307901648,6377172.426293615,7780000.0,253750000.0
651.0,1.0,8926.715360726781,16.987520000000014,0.0,0.0,0.0,1006084.5210898916,100000.0,3611941.412180157,5696960.307901648,6377172.426293615,7780000.0,253750000.0
652.0,1.0,8943.702880726782,16.987520000000014,0.0,0.0,0.0,1006084.5210898916,100000.0,3611941.412180157,5696960.307901648,6377172.426293615,7780000.0,253750000.0
653.0,1.0,8960.690400726782,16.987520000000014,0.0,0.0,0.0,1006084.5210898916,100000.0,3611941.412180157,5696960.307901648,6377172.426293615,7780000.0,253750000.0
654.0,1.0,8977.677920726783,16.987520000000014,0.0,0.0,0.0,1006084.5210898916,100000.0,3611941.412180157,5696960.307901648,6377172.426293615,7780000.0,253750000.0
655.0,1.0,8994.665440726783,16.987520000000014,0.0,0.0,0.0,1006084.5210898916,100000.0,3611941.412180157,5696960.307901648,6377172.426293615,7780000.0,253750000.0
656.0,1.0,9011.652960726784,16.987520000000014,0.0,0.0,0.0,1006084.5210898916,100000.0,3611941.412180157,5696960.307901648,6377172.426293615,7780000.0,253750000.0
657.0,1.0,9028.640480726785,16.987520000000014,0.0,0.0,0.0,1006084.5210898916,100000.0,3611941.412180157,5696960.307901648,6377172.426293615,7780000.0,253750000.0
658.0,1.0,9045.628000726785,16.987520000000014,0.0,0.0,0.0,1006084.5210898916,100000.0,3611941.412180157,5696960.307901648,6377172.426293615,7780000.0,253750000.0
659.0,1.0,9062.615520726786,16.987520000000014,0.0,0.0,0.0,1006084.5210898916,100000.0,3611941.412180157,5696960.307901648,6377172.426293615,7780000.0,253750000.0
660.0,1.0,9079.603040726786,16.987520000000014,0.0,0.0,0.0,1006084.5210898916,100000.0,3611941.412180157,5696960.307901648,6377172.426293615,7780000.0,253750000.0
661.0,1.0,9096.590560726787,16.987520000000014,0.0,0.0,0.0,1006084.5210898916,100000.0,3611941.412180157,5696960.307901648,6377172.426293615,7780000.0,253750000.0
662.0,1.0,9113.578080726787,16.987520000000014,0.0,0.0,0.0,1006084.5210898916,100000.0,3611941.412180157,5696960.307901648,6377172.426293615,7780000.0,253750000.0
663.0,1.0,9130.565600726788,16.987520000000014,0.0,0.0,0.0,1006084.5210898916,100000.0,3611941.412180157,5696960.307901648,6377172.426293615,7780000.0,253750000.0
664.0,1.0,9147.553120726789,16.987520000000014,0.0,0.0,0.0,1006084.5210898916,100000.0,3611941.412180157,5696960.307901648,6377172.426293615,7780000.0,253750000.0
665.0,1.0,9164.54064072679,16.987520000000014,0.0,0.0,0.0,1006084.5210898916,100000.0,3611941.412180157,5696960.307901648,6377172.426293615,7780000.0,253750000.0
666.0,1.0,9181.52816072679,16.987520000000014,0.0,0.0,0.0,1006084.5210898916,100000.0,3611941.412180157,5696960.307901648,6377172.426293615,7780000.0,253750000.0
667.0,1.0,9198.51568072679,16.987520000000014,0.0,0.0,0.0,1006084.5210898916,100000.0,3611941.412180157,5696960.307901648,6377172.426293615,7780000.0,253750000.0
668.0,1.0,9215.503200726791,16.987520000000014,0.0,0.0,0.0,1006084.5210898916,100000.0,3611941.412180157,5696960.307901648,6377172.426293615,7780000.0,253750000.0
669.0,1.0,9232.490720726792,16.987520000000014,0.0,0.0,0.0,1006084.5210898916,100000.0,3611941.412180157,5696960.307901648,6377172.426293615,7780000.0,253750000.0
670.0,1.0,9249.478240726792,16.987520000000014,0.0,0.0,0.0,1006084.5210898916,100000.0,3611941.412180157,5696960.307901648,6377172.426293615,7780000.0,253750000.0
671.0,1.0,9266.465760726793,16.987520000000014,0.0,0.0,0.0,1006084.5210898916,100000.0,3611941.412180157,5696960.307901648,6377172.426293615,7780000.0,253750000.0
672.0,1.0,9283.453280726793,16.987520000000014,0.0,0.0,0.0,1006084.5210898916,100000.0,3611941.412180157,5696960.307901648,6377172.426293615,7780000.0,253750000.0
673.0,1.0,9300.440800726794,16.987520000000014,0.0,0.0,0.0,1006084.5210898916,100000.0,3611941.412180157,5696960.307901648,6377172.426293615,7780000.0,253750000.0
674.0,1.0,9317.428320726794,16.987520000000014,0.0,0.0,0.0,1006084.5210898916,100000.0,3611941.412180157,5696960.307901648,6377172.426293615,7780000.0,253750000.0
675.0,1.0,9334.415840726795,16.987520000000014,0.0,0.0,0.0,1006084.5210898916,100000.0,3611941.412180157,5696960.307901648,6377172.426293615,7780000.0,253750000.0
676.0,1.0,9351.403360726796,16.987520000000014,0.0,0.0,0.0,1006084.5210898916,100000.0,3611941.412180157,5696960.307901648,6377172.426293615,7780000.0,253750000.0
677.0,1.0,9368.390880726796,16.987520000000014,0.0,0.0,0.0,1006084.5210898916,100000.0,3611941.412180157,5696960.307901648,6377172.426293615,7780000.0,253750000.0
678.0,1.0,9385.378400726797,16.987520000000014,0.0,0.0,0.0,1006084.5210898916,100000.0,3611941.412180157,5696960.307901648,6377172.426293615,7780000.0,253750000.0
679.0,1.0,9402.365920726797,16.987520000000014,0.0,0.0,0.0,1006084.5210898916,100000.0,3611941.412180157,5696960.307901648,6377172.426293615,7780000.0,253750000.0
680.0,1.0,9419.353440726798,16.987520000000014,0.0,0.0,0.0,1006084.5210898916,100000.0,3611941.412180157,5696960.307901648,6377172.426293615,7780000.0,253750000.0
681.0,1.0,9436.340960726799,16.987520000000014,0.0,0.0,0.0,1006084.5210898916,100000.0,3611941.412180157,5696960.307901648,6377172.426293615,7780000.0,253750000.0
682.0,1.0,9453.3284807268,16.987520000000014,0.0,0.0,0.0,1006084.5210898916,100000.0,3611941.412180157,5696960.307901648,6377172.426293615,7780000.0,253750000.0
683.0,1.0,9470.3160007268,16.987520000000014,0.0,0.0,0.0,1006084.5210898916,100000.0,3611941.412180157,5696960.307901648,6377172.426293615,7780000.0,253750000.0
684.0,1.0,9487.3035207268,16.987520000000014,0.0,0.0,0.0,1006084.5210898916,100000.0,3611941.412180157,5696960.307901648,6377172.426293615,7780000.0,253750000.0
685.0,1.0,9504.291040726801,16.987520000000014,0.0,0.0,0.0,1006084.5210898916,100000.0,3611941.412180157,5696960.307901648,6377172.426293615,7780000.0,253750000.0
686.0,1.0,9521.278560726802,16.987520000000014,0.0,0.0,0.0,1006084.5210898916,100000.0,3611941.412180157,5696960.307901648,6377172.426293615,7780000.0,253750000.0
687.0,1.0,9538.266080726802,16.987520000000014,0.0,0.0,0.0,1006084.5210898916,100000.0,3611941.412180157,5696960.307901648,6377172.426293615,7780000.0,253750000.0
688.0,1.0,9555.253600726803,16.987520000000014,0.0,0.0,0.0,1006084.5210898916,100000.0,3611941.412180157,5696960.307901648,6377172.426293615,7780000.0,253750000.0
689.0,1.0,9572.241120726803,16.987520000000014,0.0,0.0,0.0,1006084.5210898916,100000.0,3611941.412180157,5696960.307901648,6377172.426293615,7780000.0,253750000.0
690.0,1.0,9589.228640726804,16.987520000000014,0.0,0.0,0.0,1006084.5210898916,100000.0,3611941.412180157,5696960.307901648,6377172.426293615,7780000.0,253750000.0
691.0,1.0,9606.216160726804,16.987520000000014,0.0,0.0,0.0,1006084.5210898916,100000.0,3611941.412180157,5696960.307901648,6377172.426293615,7780000.0,253750000.0
692.0,1.0,9623.203680726805,16.987520000000014,0.0,0.0,0.0,1006084.5210898916,100000.0,3611941.412180157,5696960.307901648,6377172.426293615,7780000.0,253750000.0
693.0,1.0,9640.191200726806,16.987520000000014,0.0,0.0,0.0,1006084.5210898916,100000.0,3611941.412180157,5696960.307901648,6377172.426293615,7780000.0,253750000.0
694.0,1.0,9657.178720726806,16.987520000000014,0.0,0.0,0.0,1006084.5210898916,100000.0,3611941.412180157,5696960.307901648,6377172.426293615,7780000.0,253750000.0
695.0,1.0,9674.166240726807,16.987520000000014,0.0,0.0,0.0,1006084.5210898916,100000.0,3611941.412180157,5696960.307901648,6377172.426293615,7780000.0,253750000.0
696.0,1.0,9691.153760726807,16.987520000000014,0.0,0.0,0.0,1006084.5210898916,100000.0,3611941.412180157,5696960.307901648,6377172.426293615,7780000.0,253750000.0
697.0,1.0,9708.141280726808,16.987520000000014,0.0,0.0,0.0,1006084.5210898916,100000.0,3611941.412180157,5696960.307901648,6377172.426293615,7780000.0,253750000.0
698.0,1.0,9725.128800726809,16.987520000000014,0.0,0.0,0.0,1006084.5210898916,100000.0,3611941.412180157,5696960.307901648,6377172.426293615,7780000.0,253750000.0
699.0,1.0,9742.11632072681,16.987520000000014,0.0,0.0,0.0,1006084.5210898916,100000.0,3611941.412180157,5696960.307901648,6377172.426293615,7780000.0,253750000.0
700.0,1.0,9759.10384072681,16.987520000000014,0.0,0.0,0.0,1006084.5210898916,100000.0,3611941.412180157,5696960.307901648,6377172.426293615,7780000.0,253750000.0
701.0,1.0,9776.09136072681,16.987520000000014,0.0,0.0,0.0,1006084.5210898916,100000.0,3611941.412180157,5696960.307901648,6377172.426293615,7780000.0,253750000.0
702.0,1.0,9793.07888072681,16.987520000000014,0.0,0.0,0.0,1006084.5210898916,100000.0,3611941.412180157,5696960.307901648,6377172.426293615,7780000.0,253750000.0
703.0,1.0,9810.066400726811,16.987520000000014,0.0,0.0,0.0,1006084.5210898916,100000.0,3611941.412180157,5696960.307901648,6377172.426293615,7780000.0,253750000.0
704.0,1.0,9827.053920726812,16.987520000000014,0.0,0.0,0.0,1006084.5210898916,100000.0,3611941.412180157,5696960.307901648,6377172.426293615,7780000.0,253750000.0
705.0,1.0,9844.041440726813,16.987520000000014,0.0,0.0,0.0,1006084.5210898916,100000.0,3611941.412180157,5696960.307901648,6377172.426293615,7780000.0,253750000.0
706.0,1.0,9861.028960726813,16.987520000000014,0.0,0.0,0.0,1006084.5210898916,100000.0,3611941.412180157,5696960.307901648,6377172.426293615,7780000.0,253750000.0
707.0,1.0,9878.016480726814,16.987520000000014,0.0,0.0,0.0,1006084.5210898916,100000.0,3611941.412180157,5696960.307901648,6377172.426293615,7780000.0,253750000.0
708.0,1.0,9895.004000726814,16.987520000000014,0.0,0.0,0.0,1006084.5210898916,100000.0,3611941.412180157,5696960.307901648,6377172.426293615,7780000.0,253750000.0
709.0,1.0,9911.991520726815,16.987520000000014,0.0,0.0,0.0,1006084.5210898916,100000.0,3611941.412180157,5696960.307901648,6377172.426293615,7780000.0,253750000.0
710.0,1.0,9928.979040726816,16.987520000000014,0.0,0.0,0.0,1006084.5210898916,100000.0,3611941.412180157,5696960.307901648,6377172.426293615,7780000.0,253750000.0
711.0,1.0,9945.966560726816,16.987520000000014,0.0,0.0,0.0,1006084.5210898916,100000.0,3611941.412180157,5696960.307901648,6377172.426293615,7780000.0,253750000.0
712.0,1.0,9962.954080726817,16.987520000000014,0.0,0.0,0.0,1006084.5210898916,100000.0,3611941.412180157,5696960.307901648,6377172.426293615,7780000.0,253750000.0
713.0,1.0,9979.941600726817,16.987520000000014,0.0,0.0,0.0,1006084.5210898916,100000.0,3611941.412180157,5696960.307901648,6377172.426293615,7780000.0,253750000.0
714.0,1.0,9996.929120726818,16.987520000000014,0.0,0.0,0.0,1006084.5210898916,100000.0,3611941.412180157,5696960.307901648,6377172.426293615,7780000.0,253750000.0
715.0,1.0,10013.916640726819,16.987520000000014,0.0,0.0,0.0,1006084.5210898916,100000.0,3611941.412180157,5696960.307901648,6377172.426293615,7780000.0,253750000.0
716.0,1.0,10030.90416072682,16.987520000000014,0.0,0.0,0.0,1006084.5210898916,100000.0,3611941.412180157,5696960.307901648,6377172.426293615,7780000.0,253750000.0
717.0,1.0,10047.89168072682,16.987520000000014,0.0,0.0,0.0,1006084.5210898916,100000.0,3611941.412180157,5696960.307901648,6377172.426293615,7780000.0,253750000.0
718.0,1.0,10064.87920072682,16.987520000000014,0.0,0.0,0.0,1006084.5210898916,100000.0,3611941.412180157,5696960.307901648,6377172.426293615,7780000.0,253750000.0
719.0,1.0,10081.86672072682,16.987520000000014,0.0,0.0,0.0,1006084.5210898916,100000.0,3611941.412180157,5696960.307901648,6377172.426293615,7780000.0,253750000.0
720.0,1.0,10098.854240726821,16.987520000000014,0.0,0.0,0.0,1006084.5210898916,100000.0,3611941.412180157,5696960.307901648,6377172.426293615,7780000.0,253750000.0
721.0,1.0,10115.841760726822,16.987520000000014,0.0,0.0,0.0,1006084.5210898916,100000.0,3611941.412180157,5696960.307901648,6377172.426293615,7780000.0,253750000.0
722.0,1.0,10132.829280726823,16.987520000000014,0.0,0.0,0.0,1006084.5210898916,100000.0,3611941.412180157,5696960.307901648,6377172.426293615,7780000.0,253750000.0
723.0,1.0,10149.816800726823,16.987520000000014,0.0,0.0,0.0,1006084.5210898916,100000.0,3611941.412180157,5696960.307901648,6377172.426293615,7780000.0,253750000.0
724.0,1.0,10166.804320726824,16.987520000000014,0.0,0.0,0.0,1006084.5210898916,100000.0,3611941.412180157,5696960.307901648,6377172.426293615,7780000.0,253750000.0
725.0,1.0,10183.791840726824,16.987520000000014,0.0,0.0,0.0,1006084.5210898916,100000.0,3611941.412180157,5696960.307901648,6377172.426293615,7780000.0,253750000.0
726.0,1.0,10200.779360726825,16.987520000000014,0.0,0.0,0.0,1006084.5210898916,100000.0,3611941.412180157,5696960.307901648,6377172.426293615,7780000.0,253750000.0
727.0,1.0,10217.766880726826,16.987520000000014,0.0,0.0,0.0,1006084.5210898916,100000.0,3611941.412180157,5696960.307901648,6377172.426293615,7780000.0,253750000.0
728.0,1.0,10234.754400726826,16.987520000000014,0.0,0.0,0.0,1006084.5210898916,100000.0,3611941.412180157,5696960.307901648,6377172.426293615,7780000.0,253750000.0
729.0,1.0,10251.741920726827,16.987520000000014,0.0,0.0,0.0,1006084.5210898916,100000.0,3611941.412180157,5696960.307901648,6377172.426293615,7780000.0,253750000.0
730.0,1.0,10268.729440726827,16.987520000000014,0.0,0.0,0.0,1006084.5210898916,100000.0,3611941.412180157,5696960.307901648,6377172.426293615,7780000.0,253750000.0
731.0,1.0,10285.716960726828,16.987520000000014,0.0,0.0,0.0,1006084.5210898916,100000.0,3611941.412180157,5696960.307901648,6377172.426293615,7780000.0,253750000.0
732.0,1.0,10302.704480726828,16.987520000000014,0.0,0.0,0.0,1006084.5210898916,100000.0,3611941.412180157,5696960.307901648,6377172.426293615,7780000.0,253750000.0
733.0,1.0,10319.692000726829,16.987520000000014,0.0,0.0,0.0,1006084.5210898916,100000.0,3611941.412180157,5696960.307901648,6377172.426293615,7780000.0,253750000.0
734.0,1.0,10336.67952072683,16.987520000000014,0.0,0.0,0.0,1006084.5210898916,100000.0,3611941.412180157,5696960.307901648,6377172.426293615,7780000.0,253750000.0
735.0,1.0,10353.66704072683,16.987520000000014,0.0,0.0,0.0,1006084.5210898916,100000.0,3611941.412180157,5696960.307901648,6377172.426293615,7780000.0,253750000.0
736.0,1.0,10370.65456072683,16.987520000000014,0.0,0.0,0.0,1006084.5210898916,100000.0,3611941.412180157,5696960.307901648,6377172.426293615,7780000.0,253750000.0
737.0,1.0,10387.642080726831,16.987520000000014,0.0,0.0,0.0,1006084.5210898916,100000.0,3611941.412180157,5696960.307901648,6377172.426293615,7780000.0,253750000.0
738.0,1.0,10404.629600726832,16.987520000000014,0.0,0.0,0.0,1006084.5210898916,100000.0,3611941.412180157,5696960.307901648,6377172.426293615,7780000.0,253750000.0
739.0,1.0,10421.617120726833,16.987520000000014,0.0,0.0,0.0,1006084.5210898916,100000.0,3611941.412180157,5696960.307901648,6377172.426293615,7780000.0,253750000.0
740.0,1.0,10438.604640726833,16.987520000000014,0.0,0.0,0.0,1006084.5210898916,100000.0,3611941.412180157,5696960.307901648,6377172.426293615,7780000.0,253750000.0
741.0,1.0,10455.592160726834,16.987520000000014,0.0,0.0,0.0,1006084.5210898916,100000.0,3611941.412180157,5696960.307901648,6377172.426293615,7780000.0,253750000.0
742.0,1.0,10472.579680726834,16.987520000000014,0.0,0.0,0.0,1006084.5210898916,100000.0,3611941.412180157,5696960.307901648,6377172.426293615,7780000.0,253750000.0
743.0,1.0,10489.567200726835,16.987520000000014,0.0,0.0,0.0,1006084.5210898916,100000.0,3611941.412180157,5696960.307901648,6377172.426293615,7780000.0,253750000.0
744.0,1.0,10506.554720726836,16.987520000000014,0.0,0.0,0.0,1006084.5210898916,100000.0,3611941.412180157,5696960.307901648,6377172.426293615,7780000.0,253750000.0
745.0,1.0,10523.542240726836,16.987520000000014,0.0,0.0,0.0,1006084.5210898916,100000.0,3611941.412180157,5696960.307901648,6377172.426293615,7780000.0,253750000.0
746.0,1.0,10540.529760726837,16.987520000000014,0.0,0.0,0.0,1006084.5210898916,100000.0,3611941.412180157,5696960.307901648,6377172.426293615,7780000.0,253750000.0
747.0,1.0,10557.517280726837,16.987520000000014,0.0,0.0,0.0,1006084.5210898916,100000.0,3611941.412180157,5696960.307901648,6377172.426293615,7780000.0,253750000.0
748.0,1.0,10574.504800726838,16.987520000000014,0.0,0.0,0.0,1006084.5210898916,100000.0,3611941.412180157,5696960.307901648,6377172.426293615,7780000.0,253750000.0
749.0,1.0,10591.492320726838,16.987520000000014,0.0,0.0,0.0,1006084.5210898916,100000.0,3611941.412180157,5696960.307901648,6377172.426293615,7780000.0,253750000.0
750.0,1.0,10608.479840726839,16.987520000000014,0.0,0.0,0.0,1006084.5210898916,100000.0,3611941.412180157,5696960.307901648,6377172.426293615,7780000.0,253750000.0
751.0,1.0,10625.46736072684,16.987520000000014,0.0,0.0,0.0,1006084.5210898916,100000.0,3611941.412180157,5696960.307901648,6377172.426293615,7780000.0,253750000.0
752.0,1.0,10642.45488072684,16.987520000000014,0.0,0.0,0.0,1006084.5210898916,100000.0,3611941.412180157,5696960.307901648,6377172.426293615,7780000.0,253750000.0
753.0,1.0,10659.44240072684,16.987520000000014,0.0,0.0,0.0,1006084.5210898916,100000.0,3611941.412180157,5696960.307901648,6377172.426293615,7780000.0,253750000.0
754.0,1.0,10676.429920726841,16.987520000000014,0.0,0.0,0.0,1006084.5210898916,100000.0,3611941.412180157,5696960.307901648,6377172.426293615,7780000.0,253750000.0
755.0,1.0,10693.417440726842,16.987520000000014,0.0,0.0,0.0,1006084.5210898916,100000.0,3611941.412180157,5696960.307901648,6377172.426293615,7780000.0,253750000.0
756.0,1.0,10710.404960726843,16.987520000000014,0.0,0.0,0.0,1006084.5210898916,100000.0,3611941.412180157,5696960.307901648,6377172.426293615,7780000.0,253750000.0
757.0,1.0,10727.392480726843,16.987520000000014,0.0,0.0,0.0,1006084.5210898916,100000.0,3611941.412180157,5696960.307901648,6377172.426293615,7780000.0,253750000.0
758.0,1.0,10744.380000726844,16.987520000000014,0.0,0.0,0.0,1006084.5210898916,100000.0,3611941.412180157,5696960.307901648,6377172.426293615,7780000.0,253750000.0
759.0,1.0,10761.367520726844,16.987520000000014,0.0,0.0,0.0,1006084.5210898916,100000.0,3611941.412180157,5696960.307901648,6377172.426293615,7780000.0,253750000.0
760.0,1.0,10778.355040726845,16.987520000000014,0.0,0.0,0.0,1006084.5210898916,100000.0,3611941.412180157,5696960.307901648,6377172.426293615,7780000.0,253750000.0
761.0,1.0,10795.342560726845,16.987520000000014,0.0,0.0,0.0,1006084.5210898916,100000.0,3611941.412180157,5696960.307901648,6377172.426293615,7780000.0,253750000.0
762.0,1.0,10812.330080726846,16.987520000000014,0.0,0.0,0.0,1006084.5210898916,100000.0,3611941.412180157,5696960.307901648,6377172.426293615,7780000.0,253750000.0
763.0,1.0,10829.317600726847,16.987520000000014,0.0,0.0,0.0,1006084.5210898916,100000.0,3611941.412180157,5696960.307901648,6377172.426293615,7780000.0,253750000.0
764.0,1.0,10846.305120726847,16.987520000000014,0.0,0.0,0.0,1006084.5210898916,100000.0,3611941.412180157,5696960.307901648,6377172.426293615,7780000.0,253750000.0
765.0,1.0,10863.292640726848,16.987520000000014,0.0,0.0,0.0,1006084.5210898916,100000.0,3611941.412180157,5696960.307901648,6377172.426293615,7780000.0,253750000.0
766.0,1.0,10880.280160726848,16.987520000000014,0.0,0.0,0.0,1006084.5210898916,100000.0,3611941.412180157,5696960.307901648,6377172.426293615,7780000.0,253750000.0
767.0,1.0,10897.267680726849,16.987520000000014,0.0,0.0,0.0,1006084.5210898916,100000.0,3611941.412180157,5696960.307901648,6377172.426293615,7780000.0,253750000.0
768.0,1.0,10914.25520072685,16.987520000000014,0.0,0.0,0.0,1006084.5210898916,100000.0,3611941.412180157,5696960.307901648,6377172.426293615,7780000.0,253750000.0
769.0,1.0,10931.24272072685,16.987520000000014,0.0,0.0,0.0,1006084.5210898916,100000.0,3611941.412180157,5696960.307901648,6377172.426293615,7780000.0,253750000.0
770.0,1.0,10948.23024072685,16.987520000000014,0.0,0.0,0.0,1006084.5210898916,100000.0,3611941.412180157,5696960.307901648,6377172.426293615,7780000.0,253750000.0
771.0,1.0,10965.217760726851,16.987520000000014,0.0,0.0,0.0,1006084.5210898916,100000.0,3611941.412180157,5696960.307901648,6377172.426293615,7780000.0,253750000.0
772.0,1.0,10982.205280726852,16.987520000000014,0.0,0.0,0.0,1006084.5210898916,100000.0,3611941.412180157,5696960.307901648,6377172.426293615,7780000.0,253750000.0
773.0,1.0,10999.192800726853,16.987520000000014,0.0,0.0,0.0,1006084.5210898916,100000.0,3611941.412180157,5696960.307901648,6377172.426293615,7780000.0,253750000.0
774.0,1.0,11016.180320726853,16.987520000000014,0.0,0.0,0.0,1006084.5210898916,100000.0,3611941.412180157,5696960.307901648,6377172.426293615,7780000.0,253750000.0
775.0,1.0,11033.167840726854,16.987520000000014,0.0,0.0,0.0,1006084.5210898916,100000.0,3611941.412180157,5696960.307901648,6377172.426293615,7780000.0,253750000.0
776.0,1.0,11050.155360726854,16.987520000000014,0.0,0.0,0.0,1006084.5210898916,100000.0,3611941.412180157,5696960.307901648,6377172.426293615,7780000.0,253750000.0
777.0,1.0,11067.142880726855,16.987520000000014,0.0,0.0,0.0,1006084.5210898916,100000.0,3611941.412180157,5696960.307901648,6377172.426293615,7780000.0,253750000.0
778.0,1.0,11084.130400726855,16.987520000000014,0.0,0.0,0.0,1006084.5210898916,100000.0,3611941.412180157,5696960.307901648,6377172.426293615,7780000.0,253750000.0
779.0,1.0,11101.117920726856,16.987520000000014,0.0,0.0,0.0,1006084.5210898916,100000.0,3611941.412180157,5696960.307901648,6377172.426293615,7780000.0,253750000.0
780.0,1.0,11118.105440726857,16.987520000000014,0.0,0.0,0.0,1006084.5210898916,100000.0,3611941.412180157,5696960.307901648,6377172.426293615,7780000.0,253750000.0
781.0,1.0,11135.092960726857,16.987520000000014,0.0,0.0,0.0,1006084.5210898916,100000.0,3611941.412180157,5696960.307901648,6377172.426293615,7780000.0,253750000.0
782.0,1.0,11152.080480726858,16.987520000000014,0.0,0.0,0.0,1006084.5210898916,100000.0,3611941.412180157,5696960.307901648,6377172.426293615,7780000.0,253750000.0
783.0,1.0,11169.068000726858,16.987520000000014,0.0,0.0,0.0,1006084.5210898916,100000.0,3611941.412180157,5696960.307901648,6377172.426293615,7780000.0,253750000.0
784.0,1.0,11186.055520726859,16.987520000000014,0.0,0.0,0.0,1006084.5210898916,100000.0,3611941.412180157,5696960.307901648,6377172.426293615,7780000.0,253750000.0
785.0,1.0,11203.04304072686,16.987520000000014,0.0,0.0,0.0,1006084.5210898916,100000.0,3611941.412180157,5696960.307901648,6377172.426293615,7780000.0,253750000.0
786.0,1.0,11220.03056072686,16.987520000000014,0.0,0.0,0.0,1006084.5210898916,100000.0,3611941.412180157,5696960.307901648,6377172.426293615,7780000.0,253750000.0
787.0,1.0,11237.01808072686,16.987520000000014,0.0,0.0,0.0,1006084.5210898916,100000.0,3611941.412180157,5696960.307901648,6377172.426293615,7780000.0,253750000.0
788.0,1.0,11254.005600726861,16.987520000000014,0.0,0.0,0.0,1006084.5210898916,100000.0,3611941.412180157,5696960.307901648,6377172.426293615,7780000.0,253750000.0
789.0,1.0,11270.993120726862,16.987520000000014,0.0,0.0,0.0,1006084.5210898916,100000.0,3611941.412180157,5696960.307901648,6377172.426293615,7780000.0,253750000.0
790.0,1.0,11287.980640726862,16.987520000000014,0.0,0.0,0.0,1006084.5210898916,100000.0,3611941.412180157,5696960.307901648,6377172.426293615,7780000.0,253750000.0
791.0,1.0,11304.968160726863,16.987520000000014,0.0,0.0,0.0,1006084.5210898916,100000.0,3611941.412180157,5696960.307901648,6377172.426293615,7780000.0,253750000.0
792.0,1.0,11321.955680726864,16.987520000000014,0.0,0.0,0.0,1006084.5210898916,100000.0,3611941.412180157,5696960.307901648,6377172.426293615,7780000.0,253750000.0
793.0,1.0,11338.943200726864,16.987520000000014,0.0,0.0,0.0,1006084.5210898916,100000.0,3611941.412180157,5696960.307901648,6377172.426293615,7780000.0,253750000.0
794.0,1.0,11355.930720726865,16.987520000000014,0.0,0.0,0.0,1006084.5210898916,100000.0,3611941.412180157,5696960.307901648,6377172.426293615,7780000.0,253750000.0
795.0,1.0,11372.918240726865,16.987520000000014,0.0,0.0,0.0,1006084.5210898916,100000.0,3611941.412180157,5696960.307901648,6377172.426293615,7780000.0,253750000.0
796.0,1.0,11389.905760726866,16.987520000000014,0.0,0.0,0.0,1006084.5210898916,100000.0,3611941.412180157,5696960.307901648,6377172.426293615,7780000.0,253750000.0
797.0,1.0,11406.893280726867,16.987520000000014,0.0,0.0,0.0,1006084.5210898916,100000.0,3611941.412180157,5696960.307901648,6377172.426293615,7780000.0,253750000.0
798.0,1.0,11423.880800726867,16.987520000000014,0.0,0.0,0.0,1006084.5210898916,100000.0,3611941.412180157,5696960.307901648,6377172.426293615,7780000.0,253750000.0
799.0,1.0,11440.868320726868,16.987520000000014,0.0,0.0,0.0,1006084.5210898916,100000.0,3611941.412180157,5696960.307901648,6377172.426293615,7780000.0,253750000.0
800.0,1.0,11457.855840726868,16.987520000000014,0.0,0.0,0.0,1006084.5210898916,100000.0,3611941.412180157,5696960.307901648,6377172.426293615,7780000.0,253750000.0
801.0,1.0,11474.843360726869,16.987520000000014,0.0,0.0,0.0,1006084.5210898916,100000.0,3611941.412180157,5696960.307901648,6377172.426293615,7780000.0,253750000.0
802.0,1.0,11491.83088072687,16.987520000000014,0.0,0.0,0.0,1006084.5210898916,100000.0,3611941.412180157,5696960.307901648,6377172.426293615,7780000.0,253750000.0
803.0,1.0,11508.81840072687,16.987520000000014,0.0,0.0,0.0,1006084.5210898916,100000.0,3611941.412180157,5696960.307901648,6377172.426293615,7780000.0,253750000.0
804.0,1.0,11525.80592072687,16.987520000000014,0.0,0.0,0.0,1006084.5210898916,100000.0,3611941.412180157,5696960.307901648,6377172.426293615,7780000.0,253750000.0
805.0,1.0,11542.793440726871,16.987520000000014,0.0,0.0,0.0,1006084.5210898916,100000.0,3611941.412180157,5696960.307901648,6377172.426293615,7780000.0,253750000.0
806.0,1.0,11559.780960726872,16.987520000000014,0.0,0.0,0.0,1006084.5210898916,100000.0,3611941.412180157,5696960.307901648,6377172.426293615,7780000.0,253750000.0
807.0,1.0,11576.768480726872,16.987520000000014,0.0,0.0,0.0,1006084.5210898916,100000.0,3611941.412180157,5696960.307901648,6377172.426293615,7780000.0,253750000.0
808.0,1.0,11593.756000726873,16.987520000000014,0.0,0.0,0.0,1006084.5210898916,100000.0,3611941.412180157,5696960.307901648,6377172.426293615,7780000.0,253750000.0
809.0,1.0,11610.743520726874,16.987520000000014,0.0,0.0,0.0,1006084.5210898916,100000.0,3611941.412180157,5696960.307901648,6377172.426293615,7780000.0,253750000.0
810.0,1.0,11627.731040726874,16.987520000000014,0.0,0.0,0.0,1006084.5210898916,100000.0,3611941.412180157,5696960.307901648,6377172.426293615,7780000.0,253750000.0
811.0,1.0,11644.718560726875,16.987520000000014,0.0,0.0,0.0,1006084.5210898916,100000.0,3611941.412180157,5696960.307901648,6377172.426293615,7780000.0,253750000.0
812.0,1.0,11661.706080726875,16.987520000000014,0.0,0.0,0.0,1006084.5210898916,100000.0,3611941.412180157,5696960.307901648,6377172.426293615,7780000.0,253750000.0
813.0,1.0,11678.693600726876,16.987520000000014,0.0,0.0,0.0,1006084.5210898916,100000.0,3611941.412180157,5696960.307901648,6377172.426293615,7780000.0,253750000.0
814.0,1.0,11695.681120726877,16.987520000000014,0.0,0.0,0.0,1006084.5210898916,100000.0,3611941.412180157,5696960.307901648,6377172.426293615,7780000.0,253750000.0
815.0,1.0,11712.668640726877,16.987520000000014,0.0,0.0,0.0,1006084.5210898916,100000.0,3611941.412180157,5696960.307901648,6377172.426293615,7780000.0,253750000.0
816.0,1.0,11729.656160726878,16.987520000000014,0.0,0.0,0.0,1006084.5210898916,100000.0,3611941.412180157,5696960.307901648,6377172.426293615,7780000.0,253750000.0
817.0,1.0,11746.643680726878,16.987520000000014,0.0,0.0,0.0,1006084.5210898916,100000.0,3611941.412180157,5696960.307901648,6377172.426293615,7780000.0,253750000.0
818.0,1.0,11763.631200726879,16.987520000000014,0.0,0.0,0.0,1006084.5210898916,100000.0,3611941.412180157,5696960.307901648,6377172.426293615,7780000.0,253750000.0
819.0,1.0,11780.61872072688,16.987520000000014,0.0,0.0,0.0,1006084.5210898916,100000.0,3611941.412180157,5696960.307901648,6377172.426293615,7780000.0,253750000.0
820.0,1.0,11797.60624072688,16.987520000000014,0.0,0.0,0.0,1006084.5210898916,100000.0,3611941.412180157,5696960.307901648,6377172.426293615,7780000.0,253750000.0
821.0,1.0,11814.59376072688,16.987520000000014,0.0,0.0,0.0,1006084.5210898916,100000.0,3611941.412180157,5696960.307901648,6377172.426293615,7780000.0,253750000.0
822.0,1.0,11831.581280726881,16.987520000000014,0.0,0.0,0.0,1006084.5210898916,100000.0,3611941.412180157,5696960.307901648,6377172.426293615,7780000.0,253750000.0
823.0,1.0,11848.568800726882,16.987520000000014,0.0,0.0,0.0,1006084.5210898916,100000.0,3611941.412180157,5696960.307901648,6377172.426293615,7780000.0,253750000.0
824.0,1.0,11865.556320726882,16.987520000000014,0.0,0.0,0.0,1006084.5210898916,100000.0,3611941.412180157,5696960.307901648,6377172.426293615,7780000.0,253750000.0
825.0,1.0,11882.543840726883,16.987520000000014,0.0,0.0,0.0,1006084.5210898916,100000.0,3611941.412180157,5696960.307901648,6377172.426293615,7780000.0,253750000.0
826.0,1.0,11899.531360726884,16.987520000000014,0.0,0.0,0.0,1006084.5210898916,100000.0,3611941.412180157,5696960.307901648,6377172.426293615,7780000.0,253750000.0
827.0,1.0,11916.518880726884,16.987520000000014,0.0,0.0,0.0,1006084.5210898916,100000.0,3611941.412180157,5696960.307901648,6377172.426293615,7780000.0,253750000.0
828.0,1.0,11933.506400726885,16.987520000000014,0.0,0.0,0.0,1006084.5210898916,100000.0,3611941.412180157,5696960.307901648,6377172.426293615,7780000.0,253750000.0
829.0,1.0,11950.493920726885,16.987520000000014,0.0,0.0,0.0,1006084.5210898916,100000.0,3611941.412180157,5696960.307901648,6377172.426293615,7780000.0,253750000.0
830.0,1.0,11967.481440726886,16.987520000000014,0.0,0.0,0.0,1006084.5210898916,100000.0,3611941.412180157,5696960.307901648,6377172.426293615,7780000.0,253750000.0
831.0,1.0,11984.468960726887,16.987520000000014,0.0,0.0,0.0,1006084.5210898916,100000.0,3611941.412180157,5696960.307901648,6377172.426293615,7780000.0,253750000.0
832.0,1.0,12001.456480726887,16.987520000000014,0.0,0.0,0.0,1006084.5210898916,100000.0,3611941.412180157,5696960.307901648,6377172.426293615,7780000.0,253750000.0
833.0,1.0,12018.444000726888,16.987520000000014,0.0,0.0,0.0,1006084.5210898916,100000.0,3611941.412180157,5696960.307901648,6377172.426293615,7780000.0,253750000.0
834.0,1.0,12035.431520726888,16.987520000000014,0.0,0.0,0.0,1006084.5210898916,100000.0,3611941.412180157,5696960.307901648,6377172.426293615,7780000.0,253750000.0
835.0,1.0,12052.419040726889,16.987520000000014,0.0,0.0,0.0,1006084.5210898916,100000.0,3611941.412180157,5696960.307901648,6377172.426293615,7780000.0,253750000.0
836.0,1.0,12069.40656072689,16.987520000000014,0.0,0.0,0.0,1006084.5210898916,100000.0,3611941.412180157,5696960.307901648,6377172.426293615,7780000.0,253750000.0
837.0,1.0,12086.39408072689,16.987520000000014,0.0,0.0,0.0,1006084.5210898916,100000.0,3611941.412180157,5696960.307901648,6377172.426293615,7780000.0,253750000.0
838.0,1.0,12103.38160072689,16.987520000000014,0.0,0.0,0.0,1006084.5210898916,100000.0,3611941.412180157,5696960.307901648,6377172.426293615,7780000.0,253750000.0
839.0,1.0,12120.369120726891,16.987520000000014,0.0,0.0,0.0,1006084.5210898916,100000.0,3611941.412180157,5696960.307901648,6377172.426293615,7780000.0,253750000.0
840.0,1.0,12137.356640726892,16.987520000000014,0.0,0.0,0.0,1006084.5210898916,100000.0,3611941.412180157,5696960.307901648,6377172.426293615,7780000.0,253750000.0
841.0,1.0,12154.344160726892,16.987520000000014,0.0,0.0,0.0,1006084.5210898916,100000.0,3611941.412180157,5696960.307901648,6377172.426293615,7780000.0,253750000.0
842.0,1.0,12171.331680726893,16.987520000000014,0.0,0.0,0.0,1006084.5210898916,100000.0,3611941.412180157,5696960.307901648,6377172.426293615,7780000.0,253750000.0
843.0,1.0,12188.319200726894,16.987520000000014,0.0,0.0,0.0,1006084.5210898916,100000.0,3611941.412180157,5696960.307901648,6377172.426293615,7780000.0,253750000.0
844.0,1.0,12205.306720726894,16.987520000000014,0.0,0.0,0.0,1006084.5210898916,100000.0,3611941.412180157,5696960.307901648,6377172.426293615,7780000.0,253750000.0
845.0,1.0,12222.294240726895,16.987520000000014,0.0,0.0,0.0,1006084.5210898916,100000.0,3611941.412180157,5696960.307901648,6377172.426293615,7780000.0,253750000.0
846.0,1.0,12239.281760726895,16.987520000000014,0.0,0.0,0.0,1006084.5210898916,100000.0,3611941.412180157,5696960.307901648,6377172.426293615,7780000.0,253750000.0
847.0,1.0,12256.269280726896,16.987520000000014,0.0,0.0,0.0,1006084.5210898916,100000.0,3611941.412180157,5696960.307901648,6377172.426293615,7780000.0,253750000.0
848.0,1.0,12273.256800726896,16.987520000000014,0.0,0.0,0.0,1006084.5210898916,100000.0,3611941.412180157,5696960.307901648,6377172.426293615,7780000.0,253750000.0
849.0,1.0,12290.244320726897,16.987520000000014,0.0,0.0,0.0,1006084.5210898916,100000.0,3611941.412180157,5696960.307901648,6377172.426293615,7780000.0,253750000.0
850.0,1.0,12307.231840726898,16.987520000000014,0.0,0.0,0.0,1006084.5210898916,100000.0,3611941.412180157,5696960.307901648,6377172.426293615,7780000.0,253750000.0
851.0,1.0,12324.219360726898,16.987520000000014,0.0,0.0,0.0,1006084.5210898916,100000.0,3611941.412180157,5696960.307901648,6377172.426293615,7780000.0,253750000.0
852.0,1.0,12341.206880726899,16.987520000000014,0.0,0.0,0.0,1006084.5210898916,100000.0,3611941.412180157,5696960.307901648,6377172.426293615,7780000.0,253750000.0
853.0,1.0,12358.1944007269,16.987520000000014,0.0,0.0,0.0,1006084.5210898916,100000.0,3611941.412180157,5696960.307901648,6377172.426293615,7780000.0,253750000.0
854.0,1.0,12375.1819207269,16.987520000000014,0.0,0.0,0.0,1006084.5210898916,100000.0,3611941.412180157,5696960.307901648,6377172.426293615,7780000.0,253750000.0
855.0,1.0,12392.1694407269,16.987520000000014,0.0,0.0,0.0,1006084.5210898916,100000.0,3611941.412180157,5696960.307901648,6377172.426293615,7780000.0,253750000.0
856.0,1.0,12409.156960726901,16.987520000000014,0.0,0.0,0.0,1006084.5210898916,100000.0,3611941.412180157,5696960.307901648,6377172.426293615,7780000.0,253750000.0
857.0,1.0,12426.144480726902,16.987520000000014,0.0,0.0,0.0,1006084.5210898916,100000.0,3611941.412180157,5696960.307901648,6377172.426293615,7780000.0,253750000.0
858.0,1.0,12443.132000726902,16.987520000000014,0.0,0.0,0.0,1006084.5210898916,100000.0,3611941.412180157,5696960.307901648,6377172.426293615,7780000.0,253750000.0
859.0,1.0,12460.119520726903,16.987520000000014,0.0,0.0,0.0,1006084.5210898916,100000.0,3611941.412180157,5696960.307901648,6377172.426293615,7780000.0,253750000.0
860.0,1.0,12477.107040726904,16.987520000000014,0.0,0.0,0.0,1006084.5210898916,100000.0,3611941.412180157,5696960.307901648,6377172.426293615,7780000.0,253750000.0
861.0,1.0,12494.094560726904,16.987520000000014,0.0,0.0,0.0,1006084.5210898916,100000.0,3611941.412180157,5696960.307901648,6377172.426293615,7780000.0,253750000.0
862.0,1.0,12511.082080726905,16.987520000000014,0.0,0.0,0.0,1006084.5210898916,100000.0,3611941.412180157,5696960.307901648,6377172.426293615,7780000.0,253750000.0
863.0,1.0,12528.069600726905,16.987520000000014,0.0,0.0,0.0,1006084.5210898916,100000.0,3611941.412180157,5696960.307901648,6377172.426293615,7780000.0,253750000.0
864.0,1.0,12545.057120726906,16.987520000000014,0.0,0.0,0.0,1006084.5210898916,100000.0,3611941.412180157,5696960.307901648,6377172.426293615,7780000.0,253750000.0
865.0,1.0,12562.044640726906,16.987520000000014,0.0,0.0,0.0,1006084.5210898916,100000.0,3611941.412180157,5696960.307901648,6377172.426293615,7780000.0,253750000.0
866.0,1.0,12579.032160726907,16.987520000000014,0.0,0.0,0.0,1006084.5210898916,100000.0,3611941.412180157,5696960.307901648,6377172.426293615,7780000.0,253750000.0
867.0,1.0,12596.019680726908,16.987520000000014,0.0,0.0,0.0,1006084.5210898916,100000.0,3611941.412180157,5696960.307901648,6377172.426293615,7780000.0,253750000.0
868.0,1.0,12613.007200726908,16.987520000000014,0.0,0.0,0.0,1006084.5210898916,100000.0,3611941.412180157,5696960.307901648,6377172.426293615,7780000.0,253750000.0
869.0,1.0,12629.994720726909,16.987520000000014,0.0,0.0,0.0,1006084.5210898916,100000.0,3611941.412180157,5696960.307901648,6377172.426293615,7780000.0,253750000.0
870.0,1.0,12646.98224072691,16.987520000000014,0.0,0.0,0.0,1006084.5210898916,100000.0,3611941.412180157,5696960.307901648,6377172.426293615,7780000.0,253750000.0
871.0,1.0,12663.96976072691,16.987520000000014,0.0,0.0,0.0,1006084.5210898916,100000.0,3611941.412180157,5696960.307901648,6377172.426293615,7780000.0,253750000.0
872.0,1.0,12680.95728072691,16.987520000000014,0.0,0.0,0.0,1006084.5210898916,100000.0,3611941.412180157,5696960.307901648,6377172.426293615,7780000.0,253750000.0
873.0,1.0,12697.944800726911,16.987520000000014,0.0,0.0,0.0,1006084.5210898916,100000.0,3611941.412180157,5696960.307901648,6377172.426293615,7780000.0,253750000.0
874.0,1.0,12714.932320726912,16.987520000000014,0.0,0.0,0.0,1006084.5210898916,100000.0,3611941.412180157,5696960.307901648,6377172.426293615,7780000.0,253750000.0
875.0,1.0,12731.919840726912,16.987520000000014,0.0,0.0,0.0,1006084.5210898916,100000.0,3611941.412180157,5696960.307901648,6377172.426293615,7780000.0,253750000.0
876.0,1.0,12748.907360726913,16.987520000000014,0.0,0.0,0.0,1006084.5210898916,100000.0,3611941.412180157,5696960.307901648,6377172.426293615,7780000.0,253750000.0
877.0,1.0,12765.894880726913,16.987520000000014,0.0,0.0,0.0,1006084.5210898916,100000.0,3611941.412180157,5696960.307901648,6377172.426293615,7780000.0,253750000.0
878.0,1.0,12782.882400726914,16.987520000000014,0.0,0.0,0.0,1006084.5210898916,100000.0,3611941.412180157,5696960.307901648,6377172.426293615,7780000.0,253750000.0
879.0,1.0,12799.869920726915,16.987520000000014,0.0,0.0,0.0,1006084.5210898916,100000.0,3611941.412180157,5696960.307901648,6377172.426293615,7780000.0,253750000.0
880.0,1.0,12816.857440726915,16.987520000000014,0.0,0.0,0.0,1006084.5210898916,100000.0,3611941.412180157,5696960.307901648,6377172.426293615,7780000.0,253750000.0
881.0,1.0,12833.844960726916,16.987520000000014,0.0,0.0,0.0,1006084.5210898916,100000.0,3611941.412180157,5696960.307901648,6377172.426293615,7780000.0,253750000.0
882.0,1.0,12850.832480726916,16.987520000000014,0.0,0.0,0.0,1006084.5210898916,100000.0,3611941.412180157,5696960.307901648,6377172.426293615,7780000.0,253750000.0
883.0,1.0,12867.820000726917,16.987520000000014,0.0,0.0,0.0,1006084.5210898916,100000.0,3611941.412180157,5696960.307901648,6377172.426293615,7780000.0,253750000.0
884.0,1.0,12884.807520726918,16.987520000000014,0.0,0.0,0.0,1006084.5210898916,100000.0,3611941.412180157,5696960.307901648,6377172.426293615,7780000.0,253750000.0
885.0,1.0,12901.795040726918,16.987520000000014,0.0,0.0,0.0,1006084.5210898916,100000.0,3611941.412180157,5696960.307901648,6377172.426293615,7780000.0,253750000.0
886.0,1.0,12918.782560726919,16.987520000000014,0.0,0.0,0.0,1006084.5210898916,100000.0,3611941.412180157,5696960.307901648,6377172.426293615,7780000.0,253750000.0
887.0,1.0,12935.77008072692,16.987520000000014,0.0,0.0,0.0,1006084.5210898916,100000.0,3611941.412180157,5696960.307901648,6377172.426293615,7780000.0,253750000.0
888.0,1.0,12952.75760072692,16.987520000000014,0.0,0.0,0.0,1006084.5210898916,100000.0,3611941.412180157,5696960.307901648,6377172.426293615,7780000.0,253750000.0
889.0,1.0,12969.74512072692,16.987520000000014,0.0,0.0,0.0,1006084.5210898916,100000.0,3611941.412180157,5696960.307901648,6377172.426293615,7780000.0,253750000.0
890.0,1.0,12986.732640726921,16.987520000000014,0.0,0.0,0.0,1006084.5210898916,100000.0,3611941.412180157,5696960.307901648,6377172.426293615,7780000.0,253750000.0
891.0,1.0,13003.720160726922,16.987520000000014,0.0,0.0,0.0,1006084.5210898916,100000.0,3611941.412180157,5696960.307901648,6377172.426293615,7780000.0,253750000.0
892.0,1.0,13020.707680726922,16.987520000000014,0.0,0.0,0.0,1006084.5210898916,100000.0,3611941.412180157,5696960.307901648,6377172.426293615,7780000.0,253750000.0
893.0,1.0,13037.695200726923,16.987520000000014,0.0,0.0,0.0,1006084.5210898916,100000.0,3611941.412180157,5696960.307901648,6377172.426293615,7780000.0,253750000.0
894.0,1.0,13054.682720726923,16.987520000000014,0.0,0.0,0.0,1006084.5210898916,100000.0,3611941.412180157,5696960.307901648,6377172.426293615,7780000.0,253750000.0
895.0,1.0,13071.670240726924,16.987520000000014,0.0,0.0,0.0,1006084.5210898916,100000.0,3611941.412180157,5696960.307901648,6377172.426293615,7780000.0,253750000.0
896.0,1.0,13088.657760726925,16.987520000000014,0.0,0.0,0.0,1006084.5210898916,100000.0,3611941.412180157,5696960.307901648,6377172.426293615,7780000.0,253750000.0
897.0,1.0,13105.645280726925,16.987520000000014,0.0,0.0,0.0,1006084.5210898916,100000.0,3611941.412180157,5696960.307901648,6377172.426293615,7780000.0,253750000.0
898.0,1.0,13122.632800726926,16.987520000000014,0.0,0.0,0.0,1006084.5210898916,100000.0,3611941.412180157,5696960.307901648,6377172.426293615,7780000.0,253750000.0
899.0,1.0,13139.620320726926,16.987520000000014,0.0,0.0,0.0,1006084.5210898916,100000.0,3611941.412180157,5696960.307901648,6377172.426293615,7780000.0,253750000.0
900.0,1.0,13156.607840726927,16.987520000000014,0.0,0.0,0.0,1006084.5210898916,100000.0,3611941.412180157,5696960.307901648,6377172.426293615,7780000.0,253750000.0
901.0,1.0,13173.595360726928,16.987520000000014,0.0,0.0,0.0,1006084.5210898916,100000.0,3611941.412180157,5696960.307901648,6377172.426293615,7780000.0,253750000.0
902.0,1.0,13190.582880726928,16.987520000000014,0.0,0.0,0.0,1006084.5210898916,100000.0,3611941.412180157,5696960.307901648,6377172.426293615,7780000.0,253750000.0
903.0,1.0,13207.570400726929,16.987520000000014,0.0,0.0,0.0,1006084.5210898916,100000.0,3611941.412180157,5696960.307901648,6377172.426293615,7780000.0,253750000.0
904.0,1.0,13224.55792072693,16.987520000000014,0.0,0.0,0.0,1006084.5210898916,100000.0,3611941.412180157,5696960.307901648,6377172.426293615,7780000.0,253750000.0
905.0,1.0,13241.54544072693,16.987520000000014,0.0,0.0,0.0,1006084.5210898916,100000.0,3611941.412180157,5696960.307901648,6377172.426293615,7780000.0,253750000.0
906.0,1.0,13258.53296072693,16.987520000000014,0.0,0.0,0.0,1006084.5210898916,100000.0,3611941.412180157,5696960.307901648,6377172.426293615,7780000.0,253750000.0
907.0,1.0,13275.520480726931,16.987520000000014,0.0,0.0,0.0,1006084.5210898916,100000.0,3611941.412180157,5696960.307901648,6377172.426293615,7780000.0,253750000.0
908.0,1.0,13292.508000726932,16.987520000000014,0.0,0.0,0.0,1006084.5210898916,100000.0,3611941.412180157,5696960.307901648,6377172.426293615,7780000.0,253750000.0
909.0,1.0,13309.495520726932,16.987520000000014,0.0,0.0,0.0,1006084.5210898916,100000.0,3611941.412180157,5696960.307901648,6377172.426293615,7780000.0,253750000.0
910.0,1.0,13326.483040726933,16.987520000000014,0.0,0.0,0.0,1006084.5210898916,100000.0,3611941.412180157,5696960.307901648,6377172.426293615,7780000.0,253750000.0
911.0,1.0,13343.470560726933,16.987520000000014,0.0,0.0,0.0,1006084.5210898916,100000.0,3611941.412180157,5696960.307901648,6377172.426293615,7780000.0,253750000.0
912.0,1.0,13360.458080726934,16.987520000000014,0.0,0.0,0.0,1006084.5210898916,100000.0,3611941.412180157,5696960.307901648,6377172.426293615,7780000.0,253750000.0
913.0,1.0,13377.445600726935,16.987520000000014,0.0,0.0,0.0,1006084.5210898916,100000.0,3611941.412180157,5696960.307901648,6377172.426293615,7780000.0,253750000.0
914.0,1.0,13394.433120726935,16.987520000000014,0.0,0.0,0.0,1006084.5210898916,100000.0,3611941.412180157,5696960.307901648,6377172.426293615,7780000.0,253750000.0
915.0,1.0,13411.420640726936,16.987520000000014,0.0,0.0,0.0,1006084.5210898916,100000.0,3611941.412180157,5696960.307901648,6377172.426293615,7780000.0,253750000.0
916.0,1.0,13428.408160726936,16.987520000000014,0.0,0.0,0.0,1006084.5210898916,100000.0,3611941.412180157,5696960.307901648,6377172.426293615,7780000.0,253750000.0
917.0,1.0,13445.395680726937,16.987520000000014,0.0,0.0,0.0,1006084.5210898916,100000.0,3611941.412180157,5696960.307901648,6377172.426293615,7780000.0,253750000.0
918.0,1.0,13462.383200726938,16.987520000000014,0.0,0.0,0.0,1006084.5210898916,100000.0,3611941.412180157,5696960.307901648,6377172.426293615,7780000.0,253750000.0
919.0,1.0,13479.370720726938,16.987520000000014,0.0,0.0,0.0,1006084.5210898916,100000.0,3611941.412180157,5696960.307901648,6377172.426293615,7780000.0,253750000.0
920.0,1.0,13496.358240726939,16.987520000000014,0.0,0.0,0.0,1006084.5210898916,100000.0,3611941.412180157,5696960.307901648,6377172.426293615,7780000.0,253750000.0
921.0,1.0,13513.34576072694,16.987520000000014,0.0,0.0,0.0,1006084.5210898916,100000.0,3611941.412180157,5696960.307901648,6377172.426293615,7780000.0,253750000.0
922.0,1.0,13530.33328072694,16.987520000000014,0.0,0.0,0.0,1006084.5210898916,100000.0,3611941.412180157,5696960.307901648,6377172.426293615,7780000.0,253750000.0
923.0,1.0,13547.32080072694,16.987520000000014,0.0,0.0,0.0,1006084.5210898916,100000.0,3611941.412180157,5696960.307901648,6377172.426293615,7780000.0,253750000.0
924.0,1.0,13564.308320726941,16.987520000000014,0.0,0.0,0.0,1006084.5210898916,100000.0,3611941.412180157,5696960.307901648,6377172.426293615,7780000.0,253750000.0
925.0,1.0,13581.295840726942,16.987520000000014,0.0,0.0,0.0,1006084.5210898916,100000.0,3611941.412180157,5696960.307901648,6377172.426293615,7780000.0,253750000.0
926.0,1.0,13598.283360726942,16.987520000000014,0.0,0.0,0.0,1006084.5210898916,100000.0,3611941.412180157,5696960.307901648,6377172.426293615,7780000.0,253750000.0
927.0,1.0,13615.270880726943,16.987520000000014,0.0,0.0,0.0,1006084.5210898916,100000.0,3611941.412180157,5696960.307901648,6377172.426293615,7780000.0,253750000.0
928.0,1.0,13632.258400726943,16.987520000000014,0.0,0.0,0.0,1006084.5210898916,100000.0,3611941.412180157,5696960.307901648,6377172.426293615,7780000.0,253750000.0
929.0,1.0,13649.245920726944,16.987520000000014,0.0,0.0,0.0,1006084.5210898916,100000.0,3611941.412180157,5696960.307901648,6377172.426293615,7780000.0,253750000.0
930.0,1.0,13666.233440726945,16.987520000000014,0.0,0.0,0.0,1006084.5210898916,100000.0,3611941.412180157,5696960.307901648,6377172.426293615,7780000.0,253750000.0
931.0,1.0,13683.220960726945,16.987520000000014,0.0,0.0,0.0,1006084.5210898916,100000.0,3611941.412180157,5696960.307901648,6377172.426293615,7780000.0,253750000.0
932.0,1.0,13700.208480726946,16.987520000000014,0.0,0.0,0.0,1006084.5210898916,100000.0,3611941.412180157,5696960.307901648,6377172.426293615,7780000.0,253750000.0
933.0,1.0,13717.196000726946,16.987520000000014,0.0,0.0,0.0,1006084.5210898916,100000.0,3611941.412180157,5696960.307901648,6377172.426293615,7780000.0,253750000.0
934.0,1.0,13734.183520726947,16.987520000000014,0.0,0.0,0.0,1006084.5210898916,100000.0,3611941.412180157,5696960.307901648,6377172.426293615,7780000.0,253750000.0
935.0,1.0,13751.171040726947,16.987520000000014,0.0,0.0,0.0,1006084.5210898916,100000.0,3611941.412180157,5696960.307901648,6377172.426293615,7780000.0,253750000.0
936.0,1.0,13768.158560726948,16.987520000000014,0.0,0.0,0.0,1006084.5210898916,100000.0,3611941.412180157,5696960.307901648,6377172.426293615,7780000.0,253750000.0
937.0,1.0,13785.146080726949,16.987520000000014,0.0,0.0,0.0,1006084.5210898916,100000.0,3611941.412180157,5696960.307901648,6377172.426293615,7780000.0,253750000.0
938.0,1.0,13802.13360072695,16.987520000000014,0.0,0.0,0.0,1006084.5210898916,100000.0,3611941.412180157,5696960.307901648,6377172.426293615,7780000.0,253750000.0
939.0,1.0,13819.12112072695,16.987520000000014,0.0,0.0,0.0,1006084.5210898916,100000.0,3611941.412180157,5696960.307901648,6377172.426293615,7780000.0,253750000.0
940.0,1.0,13836.10864072695,16.987520000000014,0.0,0.0,0.0,1006084.5210898916,100000.0,3611941.412180157,5696960.307901648,6377172.426293615,7780000.0,253750000.0
941.0,1.0,13853.096160726951,16.987520000000014,0.0,0.0,0.0,1006084.5210898916,100000.0,3611941.412180157,5696960.307901648,6377172.426293615,7780000.0,253750000.0
942.0,1.0,13870.083680726952,16.987520000000014,0.0,0.0,0.0,1006084.5210898916,100000.0,3611941.412180157,5696960.307901648,6377172.426293615,7780000.0,253750000.0
943.0,1.0,13887.071200726952,16.987520000000014,0.0,0.0,0.0,1006084.5210898916,100000.0,3611941.412180157,5696960.307901648,6377172.426293615,7780000.0,253750000.0
944.0,1.0,13904.058720726953,16.987520000000014,0.0,0.0,0.0,1006084.5210898916,100000.0,3611941.412180157,5696960.307901648,6377172.426293615,7780000.0,253750000.0
945.0,1.0,13921.046240726953,16.987520000000014,0.0,0.0,0.0,1006084.5210898916,100000.0,3611941.412180157,5696960.307901648,6377172.426293615,7780000.0,253750000.0
946.0,1.0,13938.033760726954,16.987520000000014,0.0,0.0,0.0,1006084.5210898916,100000.0,3611941.412180157,5696960.307901648,6377172.426293615,7780000.0,253750000.0
947.0,1.0,13955.021280726955,16.987520000000014,0.0,0.0,0.0,1006084.5210898916,100000.0,3611941.412180157,5696960.307901648,6377172.426293615,7780000.0,253750000.0
948.0,1.0,13972.008800726955,16.987520000000014,0.0,0.0,0.0,1006084.5210898916,100000.0,3611941.412180157,5696960.307901648,6377172.426293615,7780000.0,253750000.0
949.0,1.0,13988.996320726956,16.987520000000014,0.0,0.0,0.0,1006084.5210898916,100000.0,3611941.412180157,5696960.307901648,6377172.426293615,7780000.0,253750000.0
950.0,1.0,14005.983840726956,16.987520000000014,0.0,0.0,0.0,1006084.5210898916,100000.0,3611941.412180157,5696960.307901648,6377172.426293615,7780000.0,253750000.0
951.0,1.0,14022.971360726957,16.987520000000014,0.0,0.0,0.0,1006084.5210898916,100000.0,3611941.412180157,5696960.307901648,6377172.426293615,7780000.0,253750000.0
952.0,1.0,14039.958880726957,16.987520000000014,0.0,0.0,0.0,1006084.5210898916,100000.0,3611941.412180157,5696960.307901648,6377172.426293615,7780000.0,253750000.0
953.0,1.0,14056.946400726958,16.987520000000014,0.0,0.0,0.0,1006084.5210898916,100000.0,3611941.412180157,5696960.307901648,6377172.426293615,7780000.0,253750000.0
954.0,1.0,14073.933920726959,16.987520000000014,0.0,0.0,0.0,1006084.5210898916,100000.0,3611941.412180157,5696960.307901648,6377172.426293615,7780000.0,253750000.0
955.0,1.0,14090.92144072696,16.987520000000014,0.0,0.0,0.0,1006084.5210898916,100000.0,3611941.412180157,5696960.307901648,6377172.426293615,7780000.0,253750000.0
956.0,1.0,14107.90896072696,16.987520000000014,0.0,0.0,0.0,1006084.5210898916,100000.0,3611941.412180157,5696960.307901648,6377172.426293615,7780000.0,253750000.0
957.0,1.0,14124.89648072696,16.987520000000014,0.0,0.0,0.0,1006084.5210898916,100000.0,3611941.412180157,5696960.307901648,6377172.426293615,7780000.0,253750000.0
958.0,1.0,14141.884000726961,16.987520000000014,0.0,0.0,0.0,1006084.5210898916,100000.0,3611941.412180157,5696960.307901648,6377172.426293615,7780000.0,253750000.0
959.0,1.0,14158.871520726962,16.987520000000014,0.0,0.0,0.0,1006084.5210898916,100000.0,3611941.412180157,5696960.307901648,6377172.426293615,7780000.0,253750000.0
960.0,1.0,14175.859040726962,16.987520000000014,0.0,0.0,0.0,1006084.5210898916,100000.0,3611941.412180157,5696960.307901648,6377172.426293615,7780000.0,253750000.0
961.0,1.0,14192.846560726963,16.987520000000014,0.0,0.0,0.0,1006084.5210898916,100000.0,3611941.412180157,5696960.307901648,6377172.426293615,7780000.0,253750000.0
962.0,1.0,14209.834080726963,16.987520000000014,0.0,0.0,0.0,1006084.5210898916,100000.0,3611941.412180157,5696960.307901648,6377172.426293615,7780000.0,253750000.0
963.0,1.0,14226.821600726964,16.987520000000014,0.0,0.0,0.0,1006084.5210898916,100000.0,3611941.412180157,5696960.307901648,6377172.426293615,7780000.0,253750000.0
964.0,1.0,14243.809120726964,16.987520000000014,0.0,0.0,0.0,1006084.5210898916,100000.0,3611941.412180157,5696960.307901648,6377172.426293615,7780000.0,253750000.0
965.0,1.0,14260.796640726965,16.987520000000014,0.0,0.0,0.0,1006084.5210898916,100000.0,3611941.412180157,5696960.307901648,6377172.426293615,7780000.0,253750000.0
966.0,1.0,14277.784160726966,16.987520000000014,0.0,0.0,0.0,1006084.5210898916,100000.0,3611941.412180157,5696960.307901648,6377172.426293615,7780000.0,253750000.0
967.0,1.0,14294.771680726966,16.987520000000014,0.0,0.0,0.0,1006084.5210898916,100000.0,3611941.412180157,5696960.307901648,6377172.426293615,7780000.0,253750000.0
968.0,1.0,14311.759200726967,16.987520000000014,0.0,0.0,0.0,1006084.5210898916,100000.0,3611941.412180157,5696960.307901648,6377172.426293615,7780000.0,253750000.0
969.0,1.0,14328.746720726967,16.987520000000014,0.0,0.0,0.0,1006084.5210898916,100000.0,3611941.412180157,5696960.307901648,6377172.426293615,7780000.0,253750000.0
970.0,1.0,14345.734240726968,16.987520000000014,0.0,0.0,0.0,1006084.5210898916,100000.0,3611941.412180157,5696960.307901648,6377172.426293615,7780000.0,253750000.0
971.0,1.0,14362.721760726969,16.987520000000014,0.0,0.0,0.0,1006084.5210898916,100000.0,3611941.412180157,5696960.307901648,6377172.426293615,7780000.0,253750000.0
972.0,1.0,14379.70928072697,16.987520000000014,0.0,0.0,0.0,1006084.5210898916,100000.0,3611941.412180157,5696960.307901648,6377172.426293615,7780000.0,253750000.0
973.0,1.0,14396.69680072697,16.987520000000014,0.0,0.0,0.0,1006084.5210898916,100000.0,3611941.412180157,5696960.307901648,6377172.426293615,7780000.0,253750000.0
974.0,1.0,14413.68432072697,16.987520000000014,0.0,0.0,0.0,1006084.5210898916,100000.0,3611941.412180157,5696960.307901648,6377172.426293615,7780000.0,253750000.0
975.0,1.0,14430.671840726971,16.987520000000014,0.0,0.0,0.0,1006084.5210898916,100000.0,3611941.412180157,5696960.307901648,6377172.426293615,7780000.0,253750000.0
976.0,1.0,14447.659360726971,16.987520000000014,0.0,0.0,0.0,1006084.5210898916,100000.0,3611941.412180157,5696960.307901648,6377172.426293615,7780000.0,253750000.0
977.0,1.0,14464.646880726972,16.987520000000014,0.0,0.0,0.0,1006084.5210898916,100000.0,3611941.412180157,5696960.307901648,6377172.426293615,7780000.0,253750000.0
978.0,1.0,14481.634400726973,16.987520000000014,0.0,0.0,0.0,1006084.5210898916,100000.0,3611941.412180157,5696960.307901648,6377172.426293615,7780000.0,253750000.0
979.0,1.0,14498.621920726973,16.987520000000014,0.0,0.0,0.0,1006084.5210898916,100000.0,3611941.412180157,5696960.307901648,6377172.426293615,7780000.0,253750000.0
980.0,1.0,14515.609440726974,16.987520000000014,0.0,0.0,0.0,1006084.5210898916,100000.0,3611941.412180157,5696960.307901648,6377172.426293615,7780000.0,253750000.0
981.0,1.0,14532.596960726974,16.987520000000014,0.0,0.0,0.0,1006084.5210898916,100000.0,3611941.412180157,5696960.307901648,6377172.426293615,7780000.0,253750000.0
982.0,1.0,14549.584480726975,16.987520000000014,0.0,0.0,0.0,1006084.5210898916,100000.0,3611941.412180157,5696960.307901648,6377172.426293615,7780000.0,253750000.0
983.0,1.0,14566.572000726976,16.987520000000014,0.0,0.0,0.0,1006084.5210898916,100000.0,3611941.412180157,5696960.307901648,6377172.426293615,7780000.0,253750000.0
984.0,1.0,14583.559520726976,16.987520000000014,0.0,0.0,0.0,1006084.5210898916,100000.0,3611941.412180157,5696960.307901648,6377172.426293615,7780000.0,253750000.0
985.0,1.0,14600.547040726977,16.987520000000014,0.0,0.0,0.0,1006084.5210898916,100000.0,3611941.412180157,5696960.307901648,6377172.426293615,7780000.0,253750000.0
986.0,1.0,14617.534560726977,16.987520000000014,0.0,0.0,0.0,1006084.5210898916,100000.0,3611941.412180157,5696960.307901648,6377172.426293615,7780000.0,253750000.0
987.0,1.0,14634.522080726978,16.987520000000014,0.0,0.0,0.0,1006084.5210898916,100000.0,3611941.412180157,5696960.307901648,6377172.426293615,7780000.0,253750000.0
988.0,1.0,14651.509600726979,16.987520000000014,0.0,0.0,0.0,1006084.5210898916,100000.0,3611941.412180157,5696960.307901648,6377172.426293615,7780000.0,253750000.0
989.0,1.0,14668.49712072698,16.987520000000014,0.0,0.0,0.0,1006084.5210898916,100000.0,3611941.412180157,5696960.307901648,6377172.426293615,7780000.0,253750000.0
990.0,1.0,14685.48464072698,16.987520000000014,0.0,0.0,0.0,1006084.5210898916,100000.0,3611941.412180157,5696960.307901648,6377172.426293615,7780000.0,253750000.0
991.0,1.0,14702.47216072698,16.987520000000014,0.0,0.0,0.0,1006084.5210898916,100000.0,3611941.412180157,5696960.307901648,6377172.426293615,7780000.0,253750000.0
992.0,1.0,14719.45968072698,16.987520000000014,0.0,0.0,0.0,1006084.5210898916,100000.0,3611941.412180157,5696960.307901648,6377172.426293615,7780000.0,253750000.0
993.0,1.0,14736.447200726981,16.987520000000014,0.0,0.0,0.0,1006084.5210898916,100000.0,3611941.412180157,5696960.307901648,6377172.426293615,7780000.0,253750000.0
994.0,1.0,14753.434720726982,16.987520000000014,0.0,0.0,0.0,1006084.5210898916,100000.0,3611941.412180157,5696960.307901648,6377172.426293615,7780000.0,253750000.0
995.0,1.0,14770.422240726983,16.987520000000014,0.0,0.0,0.0,1006084.5210898916,100000.0,3611941.412180157,5696960.307901648,6377172.426293615,7780000.0,253750000.0
996.0,1.0,14787.409760726983,16.987520000000014,0.0,0.0,0.0,1006084.5210898916,100000.0,3611941.412180157,5696960.307901648,6377172.426293615,7780000.0,253750000.0
997.0,1.0,14804.397280726984,16.987520000000014,0.0,0.0,0.0,1006084.5210898916,100000.0,3611941.412180157,5696960.307901648,6377172.426293615,7780000.0,253750000.0
998.0,1.0,14821.384800726984,16.987520000000014,0.0,0.0,0.0,1006084.5210898916,100000.0,3611941.412180157,5696960.307901648,6377172.426293615,7780000.0,253750000.0
999.0,1.0,14838.372320726985,16.987520000000014,0.0,0.0,0.0,1006084.5210898916,100000.0,3611941.412180157,5696960.307901648,6377172.426293615,7780000.0,253750000.0
1000.0,1.0,14855.359840726986,16.987520000000014,0.0,0.0,0.0,1006084.5210898916,100000.0,3611941.412180157,5696960.307901648,6377172.426293615,7780000.0,253750000.0
1001.0,1.0,14872.347360726986,16.987520000000014,0.0,0.0,0.0,1006084.5210898916,100000.0,3611941.412180157,5696960.307901648,6377172.426293615,7780000.0,253750000.0
1002.0,1.0,14889.334880726987,16.987520000000014,0.0,0.0,0.0,1006084.5210898916,100000.0,3611941.412180157,5696960.307901648,6377172.426293615,7780000.0,253750000.0
1003.0,1.0,14906.322400726987,16.987520000000014,0.0,0.0,0.0,1006084.5210898916,100000.0,3611941.412180157,5696960.307901648,6377172.426293615,7780000.0,253750000.0
1004.0,1.0,14923.309920726988,16.987520000000014,0.0,0.0,0.0,1006084.5210898916,100000.0,3611941.412180157,5696960.307901648,6377172.426293615,7780000.0,253750000.0
1005.0,1.0,14940.297440726988,16.987520000000014,0.0,0.0,0.0,1006084.5210898916,100000.0,3611941.412180157,5696960.307901648,6377172.426293615,7780000.0,253750000.0
1006.0,1.0,14957.284960726989,16.987520000000014,0.0,0.0,0.0,1006084.5210898916,100000.0,3611941.412180157,5696960.307901648,6377172.426293615,7780000.0,253750000.0
1007.0,1.0,14974.27248072699,16.987520000000014,0.0,0.0,0.0,1006084.5210898916,100000.0,3611941.412180157,5696960.307901648,6377172.426293615,7780000.0,253750000.0
1008.0,1.0,14991.26000072699,16.987520000000014,0.0,0.0,0.0,1006084.5210898916,100000.0,3611941.412180157,5696960.307901648,6377172.426293615,7780000.0,253750000.0
1009.0,1.0,15008.24752072699,16.987520000000014,0.0,0.0,0.0,1006084.5210898916,100000.0,3611941.412180157,5696960.307901648,6377172.426293615,7780000.0,253750000.0
1010.0,1.0,15025.235040726991,16.987520000000014,0.0,0.0,0.0,1006084.5210898916,100000.0,3611941.412180157,5696960.307901648,6377172.426293615,7780000.0,253750000.0
1011.0,1.0,15042.222560726992,16.987520000000014,0.0,0.0,0.0,1006084.5210898916,100000.0,3611941.412180157,5696960.307901648,6377172.426293615,7780000.0,253750000.0
1012.0,1.0,15059.210080726993,16.987520000000014,0.0,0.0,0.0,1006084.5210898916,100000.0,3611941.412180157,5696960.307901648,6377172.426293615,7780000.0,253750000.0
1013.0,1.0,15076.197600726993,16.987520000000014,0.0,0.0,0.0,1006084.5210898916,100000.0,3611941.412180157,5696960.307901648,6377172.426293615,7780000.0,253750000.0
1014.0,1.0,15093.185120726994,16.987520000000014,0.0,0.0,0.0,1006084.5210898916,100000.0,3611941.412180157,5696960.307901648,6377172.426293615,7780000.0,253750000.0
1015.0,1.0,15110.172640726994,16.987520000000014,0.0,0.0,0.0,1006084.5210898916,100000.0,3611941.412180157,5696960.307901648,6377172.426293615,7780000.0,253750000.0
1016.0,1.0,15127.160160726995,16.987520000000014,0.0,0.0,0.0,1006084.5210898916,100000.0,3611941.412180157,5696960.307901648,6377172.426293615,7780000.0,253750000.0
1017.0,1.0,15144.147680726996,16.987520000000014,0.0,0.0,0.0,1006084.5210898916,100000.0,3611941.412180157,5696960.307901648,6377172.426293615,7780000.0,253750000.0
1018.0,1.0,15161.135200726996,16.987520000000014,0.0,0.0,0.0,1006084.5210898916,100000.0,3611941.412180157,5696960.307901648,6377172.426293615,7780000.0,253750000.0
1019.0,1.0,15178.122720726997,16.987520000000014,0.0,0.0,0.0,1006084.5210898916,100000.0,3611941.412180157,5696960.307901648,6377172.426293615,7780000.0,253750000.0
1020.0,1.0,15195.110240726997,16.987520000000014,0.0,0.0,0.0,1006084.5210898916,100000.0,3611941.412180157,5696960.307901648,6377172.426293615,7780000.0,253750000.0
1021.0,1.0,15212.097760726998,16.987520000000014,0.0,0.0,0.0,1006084.5210898916,100000.0,3611941.412180157,5696960.307901648,6377172.426293615,7780000.0,253750000.0
1022.0,1.0,15229.085280726998,16.987520000000014,0.0,0.0,0.0,1006084.5210898916,100000.0,3611941.412180157,5696960.307901648,6377172.426293615,7780000.0,253750000.0
1023.0,1.0,15246.072800726999,16.987520000000014,0.0,0.0,0.0,1006084.5210898916,100000.0,3611941.412180157,5696960.307901648,6377172.426293615,7780000.0,253750000.0
1024.0,1.0,15263.060320727,16.987520000000014,0.0,0.0,0.0,1006084.5210898916,100000.0,3611941.412180157,5696960.307901648,6377172.426293615,7780000.0,253750000.0
1025.0,1.0,15280.047840727,16.987520000000014,0.0,0.0,0.0,1006084.5210898916,100000.0,3611941.412180157,5696960.307901648,6377172.426293615,7780000.0,253750000.0
1026.0,1.0,15297.035360727,16.987520000000014,0.0,0.0,0.0,1006084.5210898916,100000.0,3611941.412180157,5696960.307901648,6377172.426293615,7780000.0,253750000.0
1027.0,1.0,15314.022880727001,16.987520000000014,0.0,0.0,0.0,1006084.5210898916,100000.0,3611941.412180157,5696960.307901648,6377172.426293615,7780000.0,253750000.0
1028.0,1.0,15331.010400727002,16.987520000000014,0.0,0.0,0.0,1006084.5210898916,100000.0,3611941.412180157,5696960.307901648,6377172.426293615,7780000.0,253750000.0
1029.0,1.0,15347.997920727003,16.987520000000014,0.0,0.0,0.0,1006084.5210898916,100000.0,3611941.412180157,5696960.307901648,6377172.426293615,7780000.0,253750000.0
1030.0,1.0,15364.985440727003,16.987520000000014,0.0,0.0,0.0,1006084.5210898916,100000.0,3611941.412180157,5696960.307901648,6377172.426293615,7780000.0,253750000.0
1031.0,1.0,15381.972960727004,16.987520000000014,0.0,0.0,0.0,1006084.5210898916,100000.0,3611941.412180157,5696960.307901648,6377172.426293615,7780000.0,253750000.0
1032.0,1.0,15398.960480727004,16.987520000000014,0.0,0.0,0.0,1006084.5210898916,100000.0,3611941.412180157,5696960.307901648,6377172.426293615,7780000.0,253750000.0
1033.0,1.0,15415.948000727005,16.987520000000014,0.0,0.0,0.0,1006084.5210898916,100000.0,3611941.412180157,5696960.307901648,6377172.426293615,7780000.0,253750000.0
1034.0,1.0,15432.935520727005,16.987520000000014,0.0,0.0,0.0,1006084.5210898916,100000.0,3611941.412180157,5696960.307901648,6377172.426293615,7780000.0,253750000.0
1035.0,1.0,15449.923040727006,16.987520000000014,0.0,0.0,0.0,1006084.5210898916,100000.0,3611941.412180157,5696960.307901648,6377172.426293615,7780000.0,253750000.0
1036.0,1.0,15466.910560727007,16.987520000000014,0.0,0.0,0.0,1006084.5210898916,100000.0,3611941.412180157,5696960.307901648,6377172.426293615,7780000.0,253750000.0
1037.0,1.0,15483.898080727007,16.987520000000014,0.0,0.0,0.0,1006084.5210898916,100000.0,3611941.412180157,5696960.307901648,6377172.426293615,7780000.0,253750000.0
1038.0,1.0,15500.885600727008,16.987520000000014,0.0,0.0,0.0,1006084.5210898916,100000.0,3611941.412180157,5696960.307901648,6377172.426293615,7780000.0,253750000.0
1039.0,1.0,15517.873120727008,16.987520000000014,0.0,0.0,0.0,1006084.5210898916,100000.0,3611941.412180157,5696960.307901648,6377172.426293615,7780000.0,253750000.0
1040.0,1.0,15534.860640727009,16.987520000000014,0.0,0.0,0.0,1006084.5210898916,100000.0,3611941.412180157,5696960.307901648,6377172.426293615,7780000.0,253750000.0
1041.0,1.0,15551.84816072701,16.987520000000014,0.0,0.0,0.0,1006084.5210898916,100000.0,3611941.412180157,5696960.307901648,6377172.426293615,7780000.0,253750000.0
1042.0,1.0,15568.83568072701,16.987520000000014,0.0,0.0,0.0,1006084.5210898916,100000.0,3611941.412180157,5696960.307901648,6377172.426293615,7780000.0,253750000.0
1043.0,1.0,15585.82320072701,16.987520000000014,0.0,0.0,0.0,1006084.5210898916,100000.0,3611941.412180157,5696960.307901648,6377172.426293615,7780000.0,253750000.0
1044.0,1.0,15602.810720727011,16.987520000000014,0.0,0.0,0.0,1006084.5210898916,100000.0,3611941.412180157,5696960.307901648,6377172.426293615,7780000.0,253750000.0
1045.0,1.0,15619.798240727012,16.987520000000014,0.0,0.0,0.0,1006084.5210898916,100000.0,3611941.412180157,5696960.307901648,6377172.426293615,7780000.0,253750000.0
1046.0,1.0,15636.785760727013,16.987520000000014,0.0,0.0,0.0,1006084.5210898916,100000.0,3611941.412180157,5696960.307901648,6377172.426293615,7780000.0,253750000.0
1047.0,1.0,15653.773280727013,16.987520000000014,0.0,0.0,0.0,1006084.5210898916,100000.0,3611941.412180157,5696960.307901648,6377172.426293615,7780000.0,253750000.0
1048.0,1.0,15670.760800727014,16.987520000000014,0.0,0.0,0.0,1006084.5210898916,100000.0,3611941.412180157,5696960.307901648,6377172.426293615,7780000.0,253750000.0
1049.0,1.0,15687.748320727014,16.987520000000014,0.0,0.0,0.0,1006084.5210898916,100000.0,3611941.412180157,5696960.307901648,6377172.426293615,7780000.0,253750000.0
1050.0,1.0,15704.735840727015,16.987520000000014,0.0,0.0,0.0,1006084.5210898916,100000.0,3611941.412180157,5696960.307901648,6377172.426293615,7780000.0,253750000.0
1051.0,1.0,15721.723360727015,16.987520000000014,0.0,0.0,0.0,1006084.5210898916,100000.0,3611941.412180157,5696960.307901648,6377172.426293615,7780000.0,253750000.0
1052.0,1.0,15738.710880727016,16.987520000000014,0.0,0.0,0.0,1006084.5210898916,100000.0,3611941.412180157,5696960.307901648,6377172.426293615,7780000.0,253750000.0
1053.0,1.0,15755.698400727017,16.987520000000014,0.0,0.0,0.0,1006084.5210898916,100000.0,3611941.412180157,5696960.307901648,6377172.426293615,7780000.0,253750000.0
1054.0,1.0,15772.685920727017,16.987520000000014,0.0,0.0,0.0,1006084.5210898916,100000.0,3611941.412180157,5696960.307901648,6377172.426293615,7780000.0,253750000.0
1055.0,1.0,15789.673440727018,16.987520000000014,0.0,0.0,0.0,1006084.5210898916,100000.0,3611941.412180157,5696960.307901648,6377172.426293615,7780000.0,253750000.0
1056.0,1.0,15806.660960727018,16.987520000000014,0.0,0.0,0.0,1006084.5210898916,100000.0,3611941.412180157,5696960.307901648,6377172.426293615,7780000.0,253750000.0
1057.0,1.0,15823.648480727019,16.987520000000014,0.0,0.0,0.0,1006084.5210898916,100000.0,3611941.412180157,5696960.307901648,6377172.426293615,7780000.0,253750000.0
1058.0,1.0,15840.63600072702,16.987520000000014,0.0,0.0,0.0,1006084.5210898916,100000.0,3611941.412180157,5696960.307901648,6377172.426293615,7780000.0,253750000.0
1059.0,1.0,15857.62352072702,16.987520000000014,0.0,0.0,0.0,1006084.5210898916,100000.0,3611941.412180157,5696960.307901648,6377172.426293615,7780000.0,253750000.0
1060.0,1.0,15874.61104072702,16.987520000000014,0.0,0.0,0.0,1006084.5210898916,100000.0,3611941.412180157,5696960.307901648,6377172.426293615,7780000.0,253750000.0
1061.0,1.0,15891.598560727021,16.987520000000014,0.0,0.0,0.0,1006084.5210898916,100000.0,3611941.412180157,5696960.307901648,6377172.426293615,7780000.0,253750000.0
1062.0,1.0,15908.586080727022,16.987520000000014,0.0,0.0,0.0,1006084.5210898916,100000.0,3611941.412180157,5696960.307901648,6377172.426293615,7780000.0,253750000.0
1063.0,1.0,15925.573600727022,16.987520000000014,0.0,0.0,0.0,1006084.5210898916,100000.0,3611941.412180157,5696960.307901648,6377172.426293615,7780000.0,253750000.0
1064.0,1.0,15942.561120727023,16.987520000000014,0.0,0.0,0.0,1006084.5210898916,100000.0,3611941.412180157,5696960.307901648,6377172.426293615,7780000.0,253750000.0
1065.0,1.0,15959.548640727024,16.987520000000014,0.0,0.0,0.0,1006084.5210898916,100000.0,3611941.412180157,5696960.307901648,6377172.426293615,7780000.0,253750000.0
1066.0,1.0,15976.536160727024,16.987520000000014,0.0,0.0,0.0,1006084.5210898916,100000.0,3611941.412180157,5696960.307901648,6377172.426293615,7780000.0,253750000.0
1067.0,1.0,15993.523680727025,16.987520000000014,0.0,0.0,0.0,1006084.5210898916,100000.0,3611941.412180157,5696960.307901648,6377172.426293615,7780000.0,253750000.0
1068.0,1.0,16010.511200727025,16.987520000000014,0.0,0.0,0.0,1006084.5210898916,100000.0,3611941.412180157,5696960.307901648,6377172.426293615,7780000.0,253750000.0
1069.0,1.0,16027.498720727026,16.987520000000014,0.0,0.0,0.0,1006084.5210898916,100000.0,3611941.412180157,5696960.307901648,6377172.426293615,7780000.0,253750000.0
1070.0,1.0,16044.486240727027,16.987520000000014,0.0,0.0,0.0,1006084.5210898916,100000.0,3611941.412180157,5696960.307901648,6377172.426293615,7780000.0,253750000.0
1071.0,1.0,16061.473760727027,16.987520000000014,0.0,0.0,0.0,1006084.5210898916,100000.0,3611941.412180157,5696960.307901648,6377172.426293615,7780000.0,253750000.0
1072.0,1.0,16078.461280727028,16.987520000000014,0.0,0.0,0.0,1006084.5210898916,100000.0,3611941.412180157,5696960.307901648,6377172.426293615,7780000.0,253750000.0
1073.0,1.0,16095.448800727028,16.987520000000014,0.0,0.0,0.0,1006084.5210898916,100000.0,3611941.412180157,5696960.307901648,6377172.426293615,7780000.0,253750000.0
1074.0,1.0,16112.436320727029,16.987520000000014,0.0,0.0,0.0,1006084.5210898916,100000.0,3611941.412180157,5696960.307901648,6377172.426293615,7780000.0,253750000.0
1075.0,1.0,16129.42384072703,16.987520000000014,0.0,0.0,0.0,1006084.5210898916,100000.0,3611941.412180157,5696960.307901648,6377172.426293615,7780000.0,253750000.0
1076.0,1.0,16146.41136072703,16.987520000000014,0.0,0.0,0.0,1006084.5210898916,100000.0,3611941.412180157,5696960.307901648,6377172.426293615,7780000.0,253750000.0
1077.0,1.0,16163.39888072703,16.987520000000014,0.0,0.0,0.0,1006084.5210898916,100000.0,3611941.412180157,5696960.307901648,6377172.426293615,7780000.0,253750000.0
1078.0,1.0,16180.386400727031,16.987520000000014,0.0,0.0,0.0,1006084.5210898916,100000.0,3611941.412180157,5696960.307901648,6377172.426293615,7780000.0,253750000.0
1079.0,1.0,16197.373920727032,16.987520000000014,0.0,0.0,0.0,1006084.5210898916,100000.0,3611941.412180157,5696960.307901648,6377172.426293615,7780000.0,253750000.0
1080.0,1.0,16214.361440727032,16.987520000000014,0.0,0.0,0.0,1006084.5210898916,100000.0,3611941.412180157,5696960.307901648,6377172.426293615,7780000.0,253750000.0
1081.0,1.0,16231.348960727033,16.987520000000014,0.0,0.0,0.0,1006084.5210898916,100000.0,3611941.412180157,5696960.307901648,6377172.426293615,7780000.0,253750000.0
1082.0,1.0,16248.336480727034,16.987520000000014,0.0,0.0,0.0,1006084.5210898916,100000.0,3611941.412180157,5696960.307901648,6377172.426293615,7780000.0,253750000.0
1083.0,1.0,16265.324000727034,16.987520000000014,0.0,0.0,0.0,1006084.5210898916,100000.0,3611941.412180157,5696960.307901648,6377172.426293615,7780000.0,253750000.0
1084.0,1.0,16282.311520727035,16.987520000000014,0.0,0.0,0.0,1006084.5210898916,100000.0,3611941.412180157,5696960.307901648,6377172.426293615,7780000.0,253750000.0
1085.0,1.0,16299.299040727035,16.987520000000014,0.0,0.0,0.0,1006084.5210898916,100000.0,3611941.412180157,5696960.307901648,6377172.426293615,7780000.0,253750000.0
1086.0,1.0,16316.286560727036,16.987520000000014,0.0,0.0,0.0,1006084.5210898916,100000.0,3611941.412180157,5696960.307901648,6377172.426293615,7780000.0,253750000.0
1087.0,1.0,16333.274080727037,16.987520000000014,0.0,0.0,0.0,1006084.5210898916,100000.0,3611941.412180157,5696960.307901648,6377172.426293615,7780000.0,253750000.0
1088.0,1.0,16350.261600727037,16.987520000000014,0.0,0.0,0.0,1006084.5210898916,100000.0,3611941.412180157,5696960.307901648,6377172.426293615,7780000.0,253750000.0
1089.0,1.0,16367.249120727038,16.987520000000014,0.0,0.0,0.0,1006084.5210898916,100000.0,3611941.412180157,5696960.307901648,6377172.426293615,7780000.0,253750000.0
1090.0,1.0,16384.23664072704,16.987520000000014,0.0,0.0,0.0,1006084.5210898916,100000.0,3611941.412180157,5696960.307901648,6377172.426293615,7780000.0,253750000.0
1091.0,1.0,16401.224160727037,16.987520000000014,0.0,0.0,0.0,1006084.5210898916,100000.0,3611941.412180157,5696960.307901648,6377172.426293615,7780000.0,253750000.0
1092.0,1.0,16418.211680727036,16.987520000000014,0.0,0.0,0.0,1006084.5210898916,100000.0,3611941.412180157,5696960.307901648,6377172.426293615,7780000.0,253750000.0
1093.0,1.0,16435.199200727035,16.987520000000014,0.0,0.0,0.0,1006084.5210898916,100000.0,3611941.412180157,5696960.307901648,6377172.426293615,7780000.0,253750000.0
1094.0,1.0,16452.186720727033,16.987520000000014,0.0,0.0,0.0,1006084.5210898916,100000.0,3611941.412180157,5696960.307901648,6377172.426293615,7780000.0,253750000.0
1095.0,1.0,16469.174240727032,16.987520000000014,0.0,0.0,0.0,1006084.5210898916,100000.0,3611941.412180157,5696960.307901648,6377172.426293615,7780000.0,253750000.0
1096.0,1.0,16486.16176072703,16.987520000000014,0.0,0.0,0.0,1006084.5210898916,100000.0,3611941.412180157,5696960.307901648,6377172.426293615,7780000.0,253750000.0
1097.0,1.0,16503.14928072703,16.987520000000014,0.0,0.0,0.0,1006084.5210898916,100000.0,3611941.412180157,5696960.307901648,6377172.426293615,7780000.0,253750000.0
1098.0,1.0,16520.13680072703,16.987520000000014,0.0,0.0,0.0,1006084.5210898916,100000.0,3611941.412180157,5696960.307901648,6377172.426293615,7780000.0,253750000.0
1099.0,1.0,16537.124320727027,16.987520000000014,0.0,0.0,0.0,1006084.5210898916,100000.0,3611941.412180157,5696960.307901648,6377172.426293615,7780000.0,253750000.0
1100.0,1.0,16554.111840727026,16.987520000000014,0.0,0.0,0.0,1006084.5210898916,100000.0,3611941.412180157,5696960.307901648,6377172.426293615,7780000.0,253750000.0
1101.0,1.0,16571.099360727025,16.987520000000014,0.0,0.0,0.0,1006084.5210898916,100000.0,3611941.412180157,5696960.307901648,6377172.426293615,7780000.0,253750000.0
1102.0,1.0,16588.086880727024,16.987520000000014,0.0,0.0,0.0,1006084.5210898916,100000.0,3611941.412180157,5696960.307901648,6377172.426293615,7780000.0,253750000.0
1103.0,1.0,16605.074400727022,16.987520000000014,0.0,0.0,0.0,1006084.5210898916,100000.0,3611941.412180157,5696960.307901648,6377172.426293615,7780000.0,253750000.0
1104.0,1.0,16622.06192072702,16.987520000000014,0.0,0.0,0.0,1006084.5210898916,100000.0,3611941.412180157,5696960.307901648,6377172.426293615,7780000.0,253750000.0
1105.0,1.0,16639.04944072702,16.987520000000014,0.0,0.0,0.0,1006084.5210898916,100000.0,3611941.412180157,5696960.307901648,6377172.426293615,7780000.0,253750000.0
1106.0,1.0,16656.03696072702,16.987520000000014,0.0,0.0,0.0,1006084.5210898916,100000.0,3611941.412180157,5696960.307901648,6377172.426293615,7780000.0,253750000.0
1107.0,1.0,16673.024480727017,16.987520000000014,0.0,0.0,0.0,1006084.5210898916,100000.0,3611941.412180157,5696960.307901648,6377172.426293615,7780000.0,253750000.0
1108.0,1.0,16690.012000727016,16.987520000000014,0.0,0.0,0.0,1006084.5210898916,100000.0,3611941.412180157,5696960.307901648,6377172.426293615,7780000.0,253750000.0
1109.0,1.0,16706.999520727015,16.987520000000014,0.0,0.0,0.0,1006084.5210898916,100000.0,3611941.412180157,5696960.307901648,6377172.426293615,7780000.0,253750000.0
1110.0,1.0,16723.987040727014,16.987520000000014,0.0,0.0,0.0,1006084.5210898916,100000.0,3611941.412180157,5696960.307901648,6377172.426293615,7780000.0,253750000.0
1111.0,1.0,16740.974560727012,16.987520000000014,0.0,0.0,0.0,1006084.5210898916,100000.0,3611941.412180157,5696960.307901648,6377172.426293615,7780000.0,253750000.0
1112.0,1.0,16757.96208072701,16.987520000000014,0.0,0.0,0.0,1006084.5210898916,100000.0,3611941.412180157,5696960.307901648,6377172.426293615,7780000.0,253750000.0
1113.0,1.0,16774.94960072701,16.987520000000014,0.0,0.0,0.0,1006084.5210898916,100000.0,3611941.412180157,5696960.307901648,6377172.426293615,7780000.0,253750000.0
1114.0,1.0,16791.93712072701,16.987520000000014,0.0,0.0,0.0,1006084.5210898916,100000.0,3611941.412180157,5696960.307901648,6377172.426293615,7780000.0,253750000.0
1115.0,1.0,16808.924640727007,16.987520000000014,0.0,0.0,0.0,1006084.5210898916,100000.0,3611941.412180157,5696960.307901648,6377172.426293615,7780000.0,253750000.0
1116.0,1.0,16825.912160727006,16.987520000000014,0.0,0.0,0.0,1006084.5210898916,100000.0,3611941.412180157,5696960.307901648,6377172.426293615,7780000.0,253750000.0
1117.0,1.0,16842.899680727005,16.987520000000014,0.0,0.0,0.0,1006084.5210898916,100000.0,3611941.412180157,5696960.307901648,6377172.426293615,7780000.0,253750000.0
1118.0,1.0,16859.887200727004,16.987520000000014,0.0,0.0,0.0,1006084.5210898916,100000.0,3611941.412180157,5696960.307901648,6377172.426293615,7780000.0,253750000.0
1119.0,1.0,16876.874720727003,16.987520000000014,0.0,0.0,0.0,1006084.5210898916,100000.0,3611941.412180157,5696960.307901648,6377172.426293615,7780000.0,253750000.0
1120.0,1.0,16893.862240727,16.987520000000014,0.0,0.0,0.0,1006084.5210898916,100000.0,3611941.412180157,5696960.307901648,6377172.426293615,7780000.0,253750000.0
1121.0,1.0,16910.849760727,16.987520000000014,0.0,0.0,0.0,1006084.5210898916,100000.0,3611941.412180157,5696960.307901648,6377172.426293615,7780000.0,253750000.0
1122.0,1.0,16927.837280727,16.987520000000014,0.0,0.0,0.0,1006084.5210898916,100000.0,3611941.412180157,5696960.307901648,6377172.426293615,7780000.0,253750000.0
1123.0,1.0,16944.824800726998,16.987520000000014,0.0,0.0,0.0,1006084.5210898916,100000.0,3611941.412180157,5696960.307901648,6377172.426293615,7780000.0,253750000.0
1124.0,1.0,16961.812320726996,16.987520000000014,0.0,0.0,0.0,1006084.5210898916,100000.0,3611941.412180157,5696960.307901648,6377172.426293615,7780000.0,253750000.0
1125.0,1.0,16978.799840726995,16.987520000000014,0.0,0.0,0.0,1006084.5210898916,100000.0,3611941.412180157,5696960.307901648,6377172.426293615,7780000.0,253750000.0
1126.0,1.0,16995.787360726994,16.987520000000014,0.0,0.0,0.0,1006084.5210898916,100000.0,3611941.412180157,5696960.307901648,6377172.426293615,7780000.0,253750000.0
1127.0,1.0,17012.774880726993,16.987520000000014,0.0,0.0,0.0,1006084.5210898916,100000.0,3611941.412180157,5696960.307901648,6377172.426293615,7780000.0,253750000.0
1128.0,1.0,17029.76240072699,16.987520000000014,0.0,0.0,0.0,1006084.5210898916,100000.0,3611941.412180157,5696960.307901648,6377172.426293615,7780000.0,253750000.0
1129.0,1.0,17046.74992072699,16.987520000000014,0.0,0.0,0.0,1006084.5210898916,100000.0,3611941.412180157,5696960.307901648,6377172.426293615,7780000.0,253750000.0
1130.0,1.0,17063.73744072699,16.987520000000014,0.0,0.0,0.0,1006084.5210898916,100000.0,3611941.412180157,5696960.307901648,6377172.426293615,7780000.0,253750000.0
1131.0,1.0,17080.724960726988,16.987520000000014,0.0,0.0,0.0,1006084.5210898916,100000.0,3611941.412180157,5696960.307901648,6377172.426293615,7780000.0,253750000.0
1132.0,1.0,17097.712480726987,16.987520000000014,0.0,0.0,0.0,1006084.5210898916,100000.0,3611941.412180157,5696960.307901648,6377172.426293615,7780000.0,253750000.0
1133.0,1.0,17114.700000726985,16.987520000000014,0.0,0.0,0.0,1006084.5210898916,100000.0,3611941.412180157,5696960.307901648,6377172.426293615,7780000.0,253750000.0
1134.0,1.0,17131.687520726984,16.987520000000014,0.0,0.0,0.0,1006084.5210898916,100000.0,3611941.412180157,5696960.307901648,6377172.426293615,7780000.0,253750000.0
1135.0,1.0,17148.675040726983,16.987520000000014,0.0,0.0,0.0,1006084.5210898916,100000.0,3611941.412180157,5696960.307901648,6377172.426293615,7780000.0,253750000.0
1136.0,1.0,17165.66256072698,16.987520000000014,0.0,0.0,0.0,1006084.5210898916,100000.0,3611941.412180157,5696960.307901648,6377172.426293615,7780000.0,253750000.0
1137.0,1.0,17182.65008072698,16.987520000000014,0.0,0.0,0.0,1006084.5210898916,100000.0,3611941.412180157,5696960.307901648,6377172.426293615,7780000.0,253750000.0
1138.0,1.0,17199.63760072698,16.987520000000014,0.0,0.0,0.0,1006084.5210898916,100000.0,3611941.412180157,5696960.307901648,6377172.426293615,7780000.0,253750000.0
1139.0,1.0,17216.625120726978,16.987520000000014,0.0,0.0,0.0,1006084.5210898916,100000.0,3611941.412180157,5696960.307901648,6377172.426293615,7780000.0,253750000.0
1140.0,1.0,17233.612640726977,16.987520000000014,0.0,0.0,0.0,1006084.5210898916,100000.0,3611941.412180157,5696960.307901648,6377172.426293615,7780000.0,253750000.0
1141.0,1.0,17250.600160726975,16.987520000000014,0.0,0.0,0.0,1006084.5210898916,100000.0,3611941.412180157,5696960.307901648,6377172.426293615,7780000.0,253750000.0
1142.0,1.0,17267.587680726974,16.987520000000014,0.0,0.0,0.0,1006084.5210898916,100000.0,3611941.412180157,5696960.307901648,6377172.426293615,7780000.0,253750000.0
1143.0,1.0,17284.575200726973,16.987520000000014,0.0,0.0,0.0,1006084.5210898916,100000.0,3611941.412180157,5696960.307901648,6377172.426293615,7780000.0,253750000.0
1144.0,1.0,17301.56272072697,16.987520000000014,0.0,0.0,0.0,1006084.5210898916,100000.0,3611941.412180157,5696960.307901648,6377172.426293615,7780000.0,253750000.0
1145.0,1.0,17318.55024072697,16.987520000000014,0.0,0.0,0.0,1006084.5210898916,100000.0,3611941.412180157,5696960.307901648,6377172.426293615,7780000.0,253750000.0
1146.0,1.0,17335.53776072697,16.987520000000014,0.0,0.0,0.0,1006084.5210898916,100000.0,3611941.412180157,5696960.307901648,6377172.426293615,7780000.0,253750000.0
1147.0,1.0,17352.525280726968,16.987520000000014,0.0,0.0,0.0,1006084.5210898916,100000.0,3611941.412180157,5696960.307901648,6377172.426293615,7780000.0,253750000.0
1148.0,1.0,17369.512800726967,16.987520000000014,0.0,0.0,0.0,1006084.5210898916,100000.0,3611941.412180157,5696960.307901648,6377172.426293615,7780000.0,253750000.0
1149.0,1.0,17386.500320726966,16.987520000000014,0.0,0.0,0.0,1006084.5210898916,100000.0,3611941.412180157,5696960.307901648,6377172.426293615,7780000.0,253750000.0
1150.0,1.0,17403.487840726964,16.987520000000014,0.0,0.0,0.0,1006084.5210898916,100000.0,3611941.412180157,5696960.307901648,6377172.426293615,7780000.0,253750000.0
1151.0,1.0,17420.475360726963,16.987520000000014,0.0,0.0,0.0,1006084.5210898916,100000.0,3611941.412180157,5696960.307901648,6377172.426293615,7780000.0,253750000.0
1152.0,1.0,17437.462880726962,16.987520000000014,0.0,0.0,0.0,1006084.5210898916,100000.0,3611941.412180157,5696960.307901648,6377172.426293615,7780000.0,253750000.0
1153.0,1.0,17454.45040072696,16.987520000000014,0.0,0.0,0.0,1006084.5210898916,100000.0,3611941.412180157,5696960.307901648,6377172.426293615,7780000.0,253750000.0
1154.0,1.0,17471.43792072696,16.987520000000014,0.0,0.0,0.0,1006084.5210898916,100000.0,3611941.412180157,5696960.307901648,6377172.426293615,7780000.0,253750000.0
1155.0,1.0,17488.42544072696,16.987520000000014,0.0,0.0,0.0,1006084.5210898916,100000.0,3611941.412180157,5696960.307901648,6377172.426293615,7780000.0,253750000.0
1156.0,1.0,17505.412960726957,16.987520000000014,0.0,0.0,0.0,1006084.5210898916,100000.0,3611941.412180157,5696960.307901648,6377172.426293615,7780000.0,253750000.0
1157.0,1.0,17522.400480726956,16.987520000000014,0.0,0.0,0.0,1006084.5210898916,100000.0,3611941.412180157,5696960.307901648,6377172.426293615,7780000.0,253750000.0
1158.0,1.0,17539.388000726954,16.987520000000014,0.0,0.0,0.0,1006084.5210898916,100000.0,3611941.412180157,5696960.307901648,6377172.426293615,7780000.0,253750000.0
1159.0,1.0,17556.375520726953,16.987520000000014,0.0,0.0,0.0,1006084.5210898916,100000.0,3611941.412180157,5696960.307901648,6377172.426293615,7780000.0,253750000.0
1160.0,1.0,17573.363040726952,16.987520000000014,0.0,0.0,0.0,1006084.5210898916,100000.0,3611941.412180157,5696960.307901648,6377172.426293615,7780000.0,253750000.0
1161.0,1.0,17590.35056072695,16.987520000000014,0.0,0.0,0.0,1006084.5210898916,100000.0,3611941.412180157,5696960.307901648,6377172.426293615,7780000.0,253750000.0
1162.0,1.0,17607.33808072695,16.987520000000014,0.0,0.0,0.0,1006084.5210898916,100000.0,3611941.412180157,5696960.307901648,6377172.426293615,7780000.0,253750000.0
1163.0,1.0,17624.32560072695,16.987520000000014,0.0,0.0,0.0,1006084.5210898916,100000.0,3611941.412180157,5696960.307901648,6377172.426293615,7780000.0,253750000.0
1164.0,1.0,17641.313120726947,16.987520000000014,0.0,0.0,0.0,1006084.5210898916,100000.0,3611941.412180157,5696960.307901648,6377172.426293615,7780000.0,253750000.0
1165.0,1.0,17658.300640726946,16.987520000000014,0.0,0.0,0.0,1006084.5210898916,100000.0,3611941.412180157,5696960.307901648,6377172.426293615,7780000.0,253750000.0
1166.0,1.0,17675.288160726945,16.987520000000014,0.0,0.0,0.0,1006084.5210898916,100000.0,3611941.412180157,5696960.307901648,6377172.426293615,7780000.0,253750000.0
1167.0,1.0,17692.275680726943,16.987520000000014,0.0,0.0,0.0,1006084.5210898916,100000.0,3611941.412180157,5696960.307901648,6377172.426293615,7780000.0,253750000.0
1168.0,1.0,17709.263200726942,16.987520000000014,0.0,0.0,0.0,1006084.5210898916,100000.0,3611941.412180157,5696960.307901648,6377172.426293615,7780000.0,253750000.0
1169.0,1.0,17726.25072072694,16.987520000000014,0.0,0.0,0.0,1006084.5210898916,100000.0,3611941.412180157,5696960.307901648,6377172.426293615,7780000.0,253750000.0
1170.0,1.0,17743.23824072694,16.987520000000014,0.0,0.0,0.0,1006084.5210898916,100000.0,3611941.412180157,5696960.307901648,6377172.426293615,7780000.0,253750000.0
1171.0,1.0,17760.22576072694,16.987520000000014,0.0,0.0,0.0,1006084.5210898916,100000.0,3611941.412180157,5696960.307901648,6377172.426293615,7780000.0,253750000.0
1172.0,1.0,17777.213280726937,16.987520000000014,0.0,0.0,0.0,1006084.5210898916,100000.0,3611941.412180157,5696960.307901648,6377172.426293615,7780000.0,253750000.0
1173.0,1.0,17794.200800726936,16.987520000000014,0.0,0.0,0.0,1006084.5210898916,100000.0,3611941.412180157,5696960.307901648,6377172.426293615,7780000.0,253750000.0
1174.0,1.0,17811.188320726935,16.987520000000014,0.0,0.0,0.0,1006084.5210898916,100000.0,3611941.412180157,5696960.307901648,6377172.426293615,7780000.0,253750000.0
1175.0,1.0,17828.175840726934,16.987520000000014,0.0,0.0,0.0,1006084.5210898916,100000.0,3611941.412180157,5696960.307901648,6377172.426293615,7780000.0,253750000.0
1176.0,1.0,17845.163360726932,16.987520000000014,0.0,0.0,0.0,1006084.5210898916,100000.0,3611941.412180157,5696960.307901648,6377172.426293615,7780000.0,253750000.0
1177.0,1.0,17862.15088072693,16.987520000000014,0.0,0.0,0.0,1006084.5210898916,100000.0,3611941.412180157,5696960.307901648,6377172.426293615,7780000.0,253750000.0
1178.0,1.0,17879.13840072693,16.987520000000014,0.0,0.0,0.0,1006084.5210898916,100000.0,3611941.412180157,5696960.307901648,6377172.426293615,7780000.0,253750000.0
1179.0,1.0,17896.12592072693,16.987520000000014,0.0,0.0,0.0,1006084.5210898916,100000.0,3611941.412180157,5696960.307901648,6377172.426293615,7780000.0,253750000.0
1180.0,1.0,17913.113440726927,16.987520000000014,0.0,0.0,0.0,1006084.5210898916,100000.0,3611941.412180157,5696960.307901648,6377172.426293615,7780000.0,253750000.0
1181.0,1.0,17930.100960726926,16.987520000000014,0.0,0.0,0.0,1006084.5210898916,100000.0,3611941.412180157,5696960.307901648,6377172.426293615,7780000.0,253750000.0
1182.0,1.0,17947.088480726925,16.987520000000014,0.0,0.0,0.0,1006084.5210898916,100000.0,3611941.412180157,5696960.307901648,6377172.426293615,7780000.0,253750000.0
1183.0,1.0,17964.076000726924,16.987520000000014,0.0,0.0,0.0,1006084.5210898916,100000.0,3611941.412180157,5696960.307901648,6377172.426293615,7780000.0,253750000.0
1184.0,1.0,17981.063520726922,16.987520000000014,0.0,0.0,0.0,1006084.5210898916,100000.0,3611941.412180157,5696960.307901648,6377172.426293615,7780000.0,253750000.0
1185.0,1.0,17998.05104072692,16.987520000000014,0.0,0.0,0.0,1006084.5210898916,100000.0,3611941.412180157,5696960.307901648,6377172.426293615,7780000.0,253750000.0
1186.0,1.0,18015.03856072692,16.987520000000014,0.0,0.0,0.0,1006084.5210898916,100000.0,3611941.412180157,5696960.307901648,6377172.426293615,7780000.0,253750000.0
1187.0,1.0,18032.02608072692,16.987520000000014,0.0,0.0,0.0,1006084.5210898916,100000.0,3611941.412180157,5696960.307901648,6377172.426293615,7780000.0,253750000.0
1188.0,1.0,18049.013600726918,16.987520000000014,0.0,0.0,0.0,1006084.5210898916,100000.0,3611941.412180157,5696960.307901648,6377172.426293615,7780000.0,253750000.0
1189.0,1.0,18066.001120726916,16.987520000000014,0.0,0.0,0.0,1006084.5210898916,100000.0,3611941.412180157,5696960.307901648,6377172.426293615,7780000.0,253750000.0
1190.0,1.0,18082.988640726915,16.987520000000014,0.0,0.0,0.0,1006084.5210898916,100000.0,3611941.412180157,5696960.307901648,6377172.426293615,7780000.0,253750000.0
1191.0,1.0,18099.976160726914,16.987520000000014,0.0,0.0,0.0,1006084.5210898916,100000.0,3611941.412180157,5696960.307901648,6377172.426293615,7780000.0,253750000.0
1192.0,1.0,18116.963680726913,16.987520000000014,0.0,0.0,0.0,1006084.5210898916,100000.0,3611941.412180157,5696960.307901648,6377172.426293615,7780000.0,253750000.0
1193.0,1.0,18133.95120072691,16.987520000000014,0.0,0.0,0.0,1006084.5210898916,100000.0,3611941.412180157,5696960.307901648,6377172.426293615,7780000.0,253750000.0
1194.0,1.0,18150.93872072691,16.987520000000014,0.0,0.0,0.0,1006084.5210898916,100000.0,3611941.412180157,5696960.307901648,6377172.426293615,7780000.0,253750000.0
1195.0,1.0,18167.92624072691,16.987520000000014,0.0,0.0,0.0,1006084.5210898916,100000.0,3611941.412180157,5696960.307901648,6377172.426293615,7780000.0,253750000.0
1196.0,1.0,18184.913760726908,16.987520000000014,0.0,0.0,0.0,1006084.5210898916,100000.0,3611941.412180157,5696960.307901648,6377172.426293615,7780000.0,253750000.0
1197.0,1.0,18201.901280726906,16.987520000000014,0.0,0.0,0.0,1006084.5210898916,100000.0,3611941.412180157,5696960.307901648,6377172.426293615,7780000.0,253750000.0
1198.0,1.0,18218.888800726905,16.987520000000014,0.0,0.0,0.0,1006084.5210898916,100000.0,3611941.412180157,5696960.307901648,6377172.426293615,7780000.0,253750000.0
1199.0,1.0,18235.876320726904,16.987520000000014,0.0,0.0,0.0,1006084.5210898916,100000.0,3611941.412180157,5696960.307901648,6377172.426293615,7780000.0,253750000.0
1200.0,1.0,18252.863840726903,16.987520000000014,0.0,0.0,0.0,1006084.5210898916,100000.0,3611941.412180157,5696960.307901648,6377172.426293615,7780000.0,253750000.0
1201.0,1.0,18269.8513607269,16.987520000000014,0.0,0.0,0.0,1006084.5210898916,100000.0,3611941.412180157,5696960.307901648,6377172.426293615,7780000.0,253750000.0
1202.0,1.0,18286.8388807269,16.987520000000014,0.0,0.0,0.0,1006084.5210898916,100000.0,3611941.412180157,5696960.307901648,6377172.426293615,7780000.0,253750000.0
1203.0,1.0,18303.8264007269,16.987520000000014,0.0,0.0,0.0,1006084.5210898916,100000.0,3611941.412180157,5696960.307901648,6377172.426293615,7780000.0,253750000.0
1204.0,1.0,18320.813920726898,16.987520000000014,0.0,0.0,0.0,1006084.5210898916,100000.0,3611941.412180157,5696960.307901648,6377172.426293615,7780000.0,253750000.0
1205.0,1.0,18337.801440726897,16.987520000000014,0.0,0.0,0.0,1006084.5210898916,100000.0,3611941.412180157,5696960.307901648,6377172.426293615,7780000.0,253750000.0
1206.0,1.0,18354.788960726895,16.987520000000014,0.0,0.0,0.0,1006084.5210898916,100000.0,3611941.412180157,5696960.307901648,6377172.426293615,7780000.0,253750000.0
1207.0,1.0,18371.776480726894,16.987520000000014,0.0,0.0,0.0,1006084.5210898916,100000.0,3611941.412180157,5696960.307901648,6377172.426293615,7780000.0,253750000.0
1208.0,1.0,18388.764000726893,16.987520000000014,0.0,0.0,0.0,1006084.5210898916,100000.0,3611941.412180157,5696960.307901648,6377172.426293615,7780000.0,253750000.0
1209.0,1.0,18405.75152072689,16.987520000000014,0.0,0.0,0.0,1006084.5210898916,100000.0,3611941.412180157,5696960.307901648,6377172.426293615,7780000.0,253750000.0
1210.0,1.0,18422.73904072689,16.987520000000014,0.0,0.0,0.0,1006084.5210898916,100000.0,3611941.412180157,5696960.307901648,6377172.426293615,7780000.0,253750000.0
1211.0,1.0,18439.72656072689,16.987520000000014,0.0,0.0,0.0,1006084.5210898916,100000.0,3611941.412180157,5696960.307901648,6377172.426293615,7780000.0,253750000.0
1212.0,1.0,18456.714080726888,16.987520000000014,0.0,0.0,0.0,1006084.5210898916,100000.0,3611941.412180157,5696960.307901648,6377172.426293615,7780000.0,253750000.0
1213.0,1.0,18473.701600726887,16.987520000000014,0.0,0.0,0.0,1006084.5210898916,100000.0,3611941.412180157,5696960.307901648,6377172.426293615,7780000.0,253750000.0
1214.0,1.0,18490.689120726885,16.987520000000014,0.0,0.0,0.0,1006084.5210898916,100000.0,3611941.412180157,5696960.307901648,6377172.426293615,7780000.0,253750000.0
1215.0,1.0,18507.676640726884,16.987520000000014,0.0,0.0,0.0,1006084.5210898916,100000.0,3611941.412180157,5696960.307901648,6377172.426293615,7780000.0,253750000.0
1216.0,1.0,18524.664160726883,16.987520000000014,0.0,0.0,0.0,1006084.5210898916,100000.0,3611941.412180157,5696960.307901648,6377172.426293615,7780000.0,253750000.0
1217.0,1.0,18541.65168072688,16.987520000000014,0.0,0.0,0.0,1006084.5210898916,100000.0,3611941.412180157,5696960.307901648,6377172.426293615,7780000.0,253750000.0
1218.0,1.0,18558.63920072688,16.987520000000014,0.0,0.0,0.0,1006084.5210898916,100000.0,3611941.412180157,5696960.307901648,6377172.426293615,7780000.0,253750000.0
1219.0,1.0,18575.62672072688,16.987520000000014,0.0,0.0,0.0,1006084.5210898916,100000.0,3611941.412180157,5696960.307901648,6377172.426293615,7780000.0,253750000.0
1220.0,1.0,18592.614240726878,16.987520000000014,0.0,0.0,0.0,1006084.5210898916,100000.0,3611941.412180157,5696960.307901648,6377172.426293615,7780000.0,253750000.0
1221.0,1.0,18609.601760726877,16.987520000000014,0.0,0.0,0.0,1006084.5210898916,100000.0,3611941.412180157,5696960.307901648,6377172.426293615,7780000.0,253750000.0
1222.0,1.0,18626.589280726876,16.987520000000014,0.0,0.0,0.0,1006084.5210898916,100000.0,3611941.412180157,5696960.307901648,6377172.426293615,7780000.0,253750000.0
1223.0,1.0,18643.576800726874,16.987520000000014,0.0,0.0,0.0,1006084.5210898916,100000.0,3611941.412180157,5696960.307901648,6377172.426293615,7780000.0,253750000.0
1224.0,1.0,18660.564320726873,16.987520000000014,0.0,0.0,0.0,1006084.5210898916,100000.0,3611941.412180157,5696960.307901648,6377172.426293615,7780000.0,253750000.0
1225.0,1.0,18677.551840726872,16.987520000000014,0.0,0.0,0.0,1006084.5210898916,100000.0,3611941.412180157,5696960.307901648,6377172.426293615,7780000.0,253750000.0
1226.0,1.0,18694.53936072687,16.987520000000014,0.0,0.0,0.0,1006084.5210898916,100000.0,3611941.412180157,5696960.307901648,6377172.426293615,7780000.0,253750000.0
1227.0,1.0,18711.52688072687,16.987520000000014,0.0,0.0,0.0,1006084.5210898916,100000.0,3611941.412180157,5696960.307901648,6377172.426293615,7780000.0,253750000.0
1228.0,1.0,18728.51440072687,16.987520000000014,0.0,0.0,0.0,1006084.5210898916,100000.0,3611941.412180157,5696960.307901648,6377172.426293615,7780000.0,253750000.0
1229.0,1.0,18745.501920726867,16.987520000000014,0.0,0.0,0.0,1006084.5210898916,100000.0,3611941.412180157,5696960.307901648,6377172.426293615,7780000.0,253750000.0
1230.0,1.0,18762.489440726866,16.987520000000014,0.0,0.0,0.0,1006084.5210898916,100000.0,3611941.412180157,5696960.307901648,6377172.426293615,7780000.0,253750000.0
1231.0,1.0,18779.476960726864,16.987520000000014,0.0,0.0,0.0,1006084.5210898916,100000.0,3611941.412180157,5696960.307901648,6377172.426293615,7780000.0,253750000.0
1232.0,1.0,18796.464480726863,16.987520000000014,0.0,0.0,0.0,1006084.5210898916,100000.0,3611941.412180157,5696960.307901648,6377172.426293615,7780000.0,253750000.0
1233.0,1.0,18813.452000726862,16.987520000000014,0.0,0.0,0.0,1006084.5210898916,100000.0,3611941.412180157,5696960.307901648,6377172.426293615,7780000.0,253750000.0
1234.0,1.0,18830.43952072686,16.987520000000014,0.0,0.0,0.0,1006084.5210898916,100000.0,3611941.412180157,5696960.307901648,6377172.426293615,7780000.0,253750000.0
1235.0,1.0,18847.42704072686,16.987520000000014,0.0,0.0,0.0,1006084.5210898916,100000.0,3611941.412180157,5696960.307901648,6377172.426293615,7780000.0,253750000.0
1236.0,1.0,18864.41456072686,16.987520000000014,0.0,0.0,0.0,1006084.5210898916,100000.0,3611941.412180157,5696960.307901648,6377172.426293615,7780000.0,253750000.0
1237.0,1.0,18881.402080726857,16.987520000000014,0.0,0.0,0.0,1006084.5210898916,100000.0,3611941.412180157,5696960.307901648,6377172.426293615,7780000.0,253750000.0
1238.0,1.0,18898.389600726856,16.987520000000014,0.0,0.0,0.0,1006084.5210898916,100000.0,3611941.412180157,5696960.307901648,6377172.426293615,7780000.0,253750000.0
1239.0,1.0,18915.377120726855,16.987520000000014,0.0,0.0,0.0,1006084.5210898916,100000.0,3611941.412180157,5696960.307901648,6377172.426293615,7780000.0,253750000.0
1240.0,1.0,18932.364640726853,16.987520000000014,0.0,0.0,0.0,1006084.5210898916,100000.0,3611941.412180157,5696960.307901648,6377172.426293615,7780000.0,253750000.0
1241.0,1.0,18949.352160726852,16.987520000000014,0.0,0.0,0.0,1006084.5210898916,100000.0,3611941.412180157,5696960.307901648,6377172.426293615,7780000.0,253750000.0
1242.0,1.0,18966.33968072685,16.987520000000014,0.0,0.0,0.0,1006084.5210898916,100000.0,3611941.412180157,5696960.307901648,6377172.426293615,7780000.0,253750000.0
1243.0,1.0,18983.32720072685,16.987520000000014,0.0,0.0,0.0,1006084.5210898916,100000.0,3611941.412180157,5696960.307901648,6377172.426293615,7780000.0,253750000.0
1244.0,1.0,19000.31472072685,16.987520000000014,0.0,0.0,0.0,1006084.5210898916,100000.0,3611941.412180157,5696960.307901648,6377172.426293615,7780000.0,253750000.0
1245.0,1.0,19017.302240726847,16.987520000000014,0.0,0.0,0.0,1006084.5210898916,100000.0,3611941.412180157,5696960.307901648,6377172.426293615,7780000.0,253750000.0
1246.0,1.0,19034.289760726846,16.987520000000014,0.0,0.0,0.0,1006084.5210898916,100000.0,3611941.412180157,5696960.307901648,6377172.426293615,7780000.0,253750000.0
1247.0,1.0,19051.277280726845,16.987520000000014,0.0,0.0,0.0,1006084.5210898916,100000.0,3611941.412180157,5696960.307901648,6377172.426293615,7780000.0,253750000.0
1248.0,1.0,19068.264800726844,16.987520000000014,0.0,0.0,0.0,1006084.5210898916,100000.0,3611941.412180157,5696960.307901648,6377172.426293615,7780000.0,253750000.0
1249.0,1.0,19085.252320726842,16.987520000000014,0.0,0.0,0.0,1006084.5210898916,100000.0,3611941.412180157,5696960.307901648,6377172.426293615,7780000.0,253750000.0
1250.0,1.0,19102.23984072684,16.987520000000014,0.0,0.0,0.0,1006084.5210898916,100000.0,3611941.412180157,5696960.307901648,6377172.426293615,7780000.0,253750000.0
1251.0,1.0,19119.22736072684,16.987520000000014,0.0,0.0,0.0,1006084.5210898916,100000.0,3611941.412180157,5696960.307901648,6377172.426293615,7780000.0,253750000.0
1252.0,1.0,19136.21488072684,16.987520000000014,0.0,0.0,0.0,1006084.5210898916,100000.0,3611941.412180157,5696960.307901648,6377172.426293615,7780000.0,253750000.0
1253.0,1.0,19153.202400726837,16.987520000000014,0.0,0.0,0.0,1006084.5210898916,100000.0,3611941.412180157,5696960.307901648,6377172.426293615,7780000.0,253750000.0
1254.0,1.0,19170.189920726836,16.987520000000014,0.0,0.0,0.0,1006084.5210898916,100000.0,3611941.412180157,5696960.307901648,6377172.426293615,7780000.0,253750000.0
1255.0,1.0,19187.177440726835,16.987520000000014,0.0,0.0,0.0,1006084.5210898916,100000.0,3611941.412180157,5696960.307901648,6377172.426293615,7780000.0,253750000.0
1256.0,1.0,19204.164960726834,16.987520000000014,0.0,0.0,0.0,1006084.5210898916,100000.0,3611941.412180157,5696960.307901648,6377172.426293615,7780000.0,253750000.0
1257.0,1.0,19221.152480726832,16.987520000000014,0.0,0.0,0.0,1006084.5210898916,100000.0,3611941.412180157,5696960.307901648,6377172.426293615,7780000.0,253750000.0
1258.0,1.0,19238.14000072683,16.987520000000014,0.0,0.0,0.0,1006084.5210898916,100000.0,3611941.412180157,5696960.307901648,6377172.426293615,7780000.0,253750000.0
1259.0,1.0,19255.12752072683,16.987520000000014,0.0,0.0,0.0,1006084.5210898916,100000.0,3611941.412180157,5696960.307901648,6377172.426293615,7780000.0,253750000.0
1260.0,1.0,19272.11504072683,16.987520000000014,0.0,0.0,0.0,1006084.5210898916,100000.0,3611941.412180157,5696960.307901648,6377172.426293615,7780000.0,253750000.0
1261.0,1.0,19289.102560726828,16.987520000000014,0.0,0.0,0.0,1006084.5210898916,100000.0,3611941.412180157,5696960.307901648,6377172.426293615,7780000.0,253750000.0
1262.0,1.0,19306.090080726826,16.987520000000014,0.0,0.0,0.0,1006084.5210898916,100000.0,3611941.412180157,5696960.307901648,6377172.426293615,7780000.0,253750000.0
1263.0,1.0,19323.077600726825,16.987520000000014,0.0,0.0,0.0,1006084.5210898916,100000.0,3611941.412180157,5696960.307901648,6377172.426293615,7780000.0,253750000.0
1264.0,1.0,19340.065120726824,16.987520000000014,0.0,0.0,0.0,1006084.5210898916,100000.0,3611941.412180157,5696960.307901648,6377172.426293615,7780000.0,253750000.0
1265.0,1.0,19357.052640726823,16.987520000000014,0.0,0.0,0.0,1006084.5210898916,100000.0,3611941.412180157,5696960.307901648,6377172.426293615,7780000.0,253750000.0
1266.0,1.0,19374.04016072682,16.987520000000014,0.0,0.0,0.0,1006084.5210898916,100000.0,3611941.412180157,5696960.307901648,6377172.426293615,7780000.0,253750000.0
1267.0,1.0,19391.02768072682,16.987520000000014,0.0,0.0,0.0,1006084.5210898916,100000.0,3611941.412180157,5696960.307901648,6377172.426293615,7780000.0,253750000.0
1268.0,1.0,19408.01520072682,16.987520000000014,0.0,0.0,0.0,1006084.5210898916,100000.0,3611941.412180157,5696960.307901648,6377172.426293615,7780000.0,253750000.0
1269.0,1.0,19425.002720726818,16.987520000000014,0.0,0.0,0.0,1006084.5210898916,100000.0,3611941.412180157,5696960.307901648,6377172.426293615,7780000.0,253750000.0
1270.0,1.0,19441.990240726816,16.987520000000014,0.0,0.0,0.0,1006084.5210898916,100000.0,3611941.412180157,5696960.307901648,6377172.426293615,7780000.0,253750000.0
1271.0,1.0,19458.977760726815,16.987520000000014,0.0,0.0,0.0,1006084.5210898916,100000.0,3611941.412180157,5696960.307901648,6377172.426293615,7780000.0,253750000.0
1272.0,1.0,19475.965280726814,16.987520000000014,0.0,0.0,0.0,1006084.5210898916,100000.0,3611941.412180157,5696960.307901648,6377172.426293615,7780000.0,253750000.0
1273.0,1.0,19492.952800726813,16.987520000000014,0.0,0.0,0.0,1006084.5210898916,100000.0,3611941.412180157,5696960.307901648,6377172.426293615,7780000.0,253750000.0
1274.0,1.0,19509.94032072681,16.987520000000014,0.0,0.0,0.0,1006084.5210898916,100000.0,3611941.412180157,5696960.307901648,6377172.426293615,7780000.0,253750000.0
1275.0,1.0,19526.92784072681,16.987520000000014,0.0,0.0,0.0,1006084.5210898916,100000.0,3611941.412180157,5696960.307901648,6377172.426293615,7780000.0,253750000.0
1276.0,1.0,19543.91536072681,16.987520000000014,0.0,0.0,0.0,1006084.5210898916,100000.0,3611941.412180157,5696960.307901648,6377172.426293615,7780000.0,253750000.0
1277.0,1.0,19560.902880726808,16.987520000000014,0.0,0.0,0.0,1006084.5210898916,100000.0,3611941.412180157,5696960.307901648,6377172.426293615,7780000.0,253750000.0
1278.0,1.0,19577.890400726807,16.987520000000014,0.0,0.0,0.0,1006084.5210898916,100000.0,3611941.412180157,5696960.307901648,6377172.426293615,7780000.0,253750000.0
1279.0,1.0,19594.877920726805,16.987520000000014,0.0,0.0,0.0,1006084.5210898916,100000.0,3611941.412180157,5696960.307901648,6377172.426293615,7780000.0,253750000.0
1280.0,1.0,19611.865440726804,16.987520000000014,0.0,0.0,0.0,1006084.5210898916,100000.0,3611941.412180157,5696960.307901648,6377172.426293615,7780000.0,253750000.0
1281.0,1.0,19628.852960726803,16.987520000000014,0.0,0.0,0.0,1006084.5210898916,100000.0,3611941.412180157,5696960.307901648,6377172.426293615,7780000.0,253750000.0
1282.0,1.0,19645.8404807268,16.987520000000014,0.0,0.0,0.0,1006084.5210898916,100000.0,3611941.412180157,5696960.307901648,6377172.426293615,7780000.0,253750000.0
1283.0,1.0,19662.8280007268,16.987520000000014,0.0,0.0,0.0,1006084.5210898916,100000.0,3611941.412180157,5696960.307901648,6377172.426293615,7780000.0,253750000.0
1284.0,1.0,19679.8155207268,16.987520000000014,0.0,0.0,0.0,1006084.5210898916,100000.0,3611941.412180157,5696960.307901648,6377172.426293615,7780000.0,253750000.0
1285.0,1.0,19696.803040726798,16.987520000000014,0.0,0.0,0.0,1006084.5210898916,100000.0,3611941.412180157,5696960.307901648,6377172.426293615,7780000.0,253750000.0
1286.0,1.0,19713.790560726797,16.987520000000014,0.0,0.0,0.0,1006084.5210898916,100000.0,3611941.412180157,5696960.307901648,6377172.426293615,7780000.0,253750000.0
1287.0,1.0,19730.778080726795,16.987520000000014,0.0,0.0,0.0,1006084.5210898916,100000.0,3611941.412180157,5696960.307901648,6377172.426293615,7780000.0,253750000.0
1288.0,1.0,19747.765600726794,16.987520000000014,0.0,0.0,0.0,1006084.5210898916,100000.0,3611941.412180157,5696960.307901648,6377172.426293615,7780000.0,253750000.0
1289.0,1.0,19764.753120726793,16.987520000000014,0.0,0.0,0.0,1006084.5210898916,100000.0,3611941.412180157,5696960.307901648,6377172.426293615,7780000.0,253750000.0
1290.0,1.0,19781.74064072679,16.987520000000014,0.0,0.0,0.0,1006084.5210898916,100000.0,3611941.412180157,5696960.307901648,6377172.426293615,7780000.0,253750000.0
1291.0,1.0,19798.72816072679,16.987520000000014,0.0,0.0,0.0,1006084.5210898916,100000.0,3611941.412180157,5696960.307901648,6377172.426293615,7780000.0,253750000.0
1292.0,1.0,19815.71568072679,16.987520000000014,0.0,0.0,0.0,1006084.5210898916,100000.0,3611941.412180157,5696960.307901648,6377172.426293615,7780000.0,253750000.0
1293.0,1.0,19832.703200726788,16.987520000000014,0.0,0.0,0.0,1006084.5210898916,100000.0,3611941.412180157,5696960.307901648,6377172.426293615,7780000.0,253750000.0
1294.0,1.0,19849.690720726787,16.987520000000014,0.0,0.0,0.0,1006084.5210898916,100000.0,3611941.412180157,5696960.307901648,6377172.426293615,7780000.0,253750000.0
1295.0,1.0,19866.678240726786,16.987520000000014,0.0,0.0,0.0,1006084.5210898916,100000.0,3611941.412180157,5696960.307901648,6377172.426293615,7780000.0,253750000.0
1296.0,1.0,19883.665760726784,16.987520000000014,0.0,0.0,0.0,1006084.5210898916,100000.0,3611941.412180157,5696960.307901648,6377172.426293615,7780000.0,253750000.0
1297.0,1.0,19900.653280726783,16.987520000000014,0.0,0.0,0.0,1006084.5210898916,100000.0,3611941.412180157,5696960.307901648,6377172.426293615,7780000.0,253750000.0
1298.0,1.0,19917.640800726782,16.987520000000014,0.0,0.0,0.0,1006084.5210898916,100000.0,3611941.412180157,5696960.307901648,6377172.426293615,7780000.0,253750000.0
1299.0,1.0,19934.62832072678,16.987520000000014,0.0,0.0,0.0,1006084.5210898916,100000.0,3611941.412180157,5696960.307901648,6377172.426293615,7780000.0,253750000.0
1300.0,1.0,19951.61584072678,16.987520000000014,0.0,0.0,0.0,1006084.5210898916,100000.0,3611941.412180157,5696960.307901648,6377172.426293615,7780000.0,253750000.0
1301.0,1.0,19968.60336072678,16.987520000000014,0.0,0.0,0.0,1006084.5210898916,100000.0,3611941.412180157,5696960.307901648,6377172.426293615,7780000.0,253750000.0
1302.0,1.0,19985.590880726777,16.987520000000014,0.0,0.0,0.0,1006084.5210898916,100000.0,3611941.412180157,5696960.307901648,6377172.426293615,7780000.0,253750000.0
1303.0,1.0,20002.578400726776,16.987520000000014,0.0,0.0,0.0,1006084.5210898916,100000.0,3611941.412180157,5696960.307901648,6377172.426293615,7780000.0,253750000.0
1304.0,1.0,20019.565920726774,16.987520000000014,0.0,0.0,0.0,1006084.5210898916,100000.0,3611941.412180157,5696960.307901648,6377172.426293615,7780000.0,253750000.0
1305.0,1.0,20036.553440726773,16.987520000000014,0.0,0.0,0.0,1006084.5210898916,100000.0,3611941.412180157,5696960.307901648,6377172.426293615,7780000.0,253750000.0
1306.0,1.0,20053.540960726772,16.987520000000014,0.0,0.0,0.0,1006084.5210898916,100000.0,3611941.412180157,5696960.307901648,6377172.426293615,7780000.0,253750000.0
1307.0,1.0,20070.52848072677,16.987520000000014,0.0,0.0,0.0,1006084.5210898916,100000.0,3611941.412180157,5696960.307901648,6377172.426293615,7780000.0,253750000.0
1308.0,1.0,20087.51600072677,16.987520000000014,0.0,0.0,0.0,1006084.5210898916,100000.0,3611941.412180157,5696960.307901648,6377172.426293615,7780000.0,253750000.0
1309.0,1.0,20104.50352072677,16.987520000000014,0.0,0.0,0.0,1006084.5210898916,100000.0,3611941.412180157,5696960.307901648,6377172.426293615,7780000.0,253750000.0
1310.0,1.0,20121.491040726767,16.987520000000014,0.0,0.0,0.0,1006084.5210898916,100000.0,3611941.412180157,5696960.307901648,6377172.426293615,7780000.0,253750000.0
1311.0,1.0,20138.478560726766,16.987520000000014,0.0,0.0,0.0,1006084.5210898916,100000.0,3611941.412180157,5696960.307901648,6377172.426293615,7780000.0,253750000.0
1312.0,1.0,20155.466080726765,16.987520000000014,0.0,0.0,0.0,1006084.5210898916,100000.0,3611941.412180157,5696960.307901648,6377172.426293615,7780000.0,253750000.0
1313.0,1.0,20172.453600726763,16.987520000000014,0.0,0.0,0.0,1006084.5210898916,100000.0,3611941.412180157,5696960.307901648,6377172.426293615,7780000.0,253750000.0
1314.0,1.0,20189.441120726762,16.987520000000014,0.0,0.0,0.0,1006084.5210898916,100000.0,3611941.412180157,5696960.307901648,6377172.426293615,7780000.0,253750000.0
1315.0,1.0,20206.42864072676,16.987520000000014,0.0,0.0,0.0,1006084.5210898916,100000.0,3611941.412180157,5696960.307901648,6377172.426293615,7780000.0,253750000.0
1316.0,1.0,20223.41616072676,16.987520000000014,0.0,0.0,0.0,1006084.5210898916,100000.0,3611941.412180157,5696960.307901648,6377172.426293615,7780000.0,253750000.0
1317.0,1.0,20240.40368072676,16.987520000000014,0.0,0.0,0.0,1006084.5210898916,100000.0,3611941.412180157,5696960.307901648,6377172.426293615,7780000.0,253750000.0
1318.0,1.0,20257.391200726757,16.987520000000014,0.0,0.0,0.0,1006084.5210898916,100000.0,3611941.412180157,5696960.307901648,6377172.426293615,7780000.0,253750000.0
1319.0,1.0,20274.378720726756,16.987520000000014,0.0,0.0,0.0,1006084.5210898916,100000.0,3611941.412180157,5696960.307901648,6377172.426293615,7780000.0,253750000.0
1320.0,1.0,20291.366240726755,16.987520000000014,0.0,0.0,0.0,1006084.5210898916,100000.0,3611941.412180157,5696960.307901648,6377172.426293615,7780000.0,253750000.0
1321.0,1.0,20308.353760726754,16.987520000000014,0.0,0.0,0.0,1006084.5210898916,100000.0,3611941.412180157,5696960.307901648,6377172.426293615,7780000.0,253750000.0
1322.0,1.0,20325.341280726752,16.987520000000014,0.0,0.0,0.0,1006084.5210898916,100000.0,3611941.412180157,5696960.307901648,6377172.426293615,7780000.0,253750000.0
1323.0,1.0,20342.32880072675,16.987520000000014,0.0,0.0,0.0,1006084.5210898916,100000.0,3611941.412180157,5696960.307901648,6377172.426293615,7780000.0,253750000.0
1324.0,1.0,20359.31632072675,16.987520000000014,0.0,0.0,0.0,1006084.5210898916,100000.0,3611941.412180157,5696960.307901648,6377172.426293615,7780000.0,253750000.0
1325.0,1.0,20376.30384072675,16.987520000000014,0.0,0.0,0.0,1006084.5210898916,100000.0,3611941.412180157,5696960.307901648,6377172.426293615,7780000.0,253750000.0
1326.0,1.0,20393.291360726747,16.987520000000014,0.0,0.0,0.0,1006084.5210898916,100000.0,3611941.412180157,5696960.307901648,6377172.426293615,7780000.0,253750000.0
1327.0,1.0,20410.278880726746,16.987520000000014,0.0,0.0,0.0,1006084.5210898916,100000.0,3611941.412180157,5696960.307901648,6377172.426293615,7780000.0,253750000.0
1328.0,1.0,20427.266400726745,16.987520000000014,0.0,0.0,0.0,1006084.5210898916,100000.0,3611941.412180157,5696960.307901648,6377172.426293615,7780000.0,253750000.0
1329.0,1.0,20444.253920726744,16.987520000000014,0.0,0.0,0.0,1006084.5210898916,100000.0,3611941.412180157,5696960.307901648,6377172.426293615,7780000.0,253750000.0
1330.0,1.0,20461.241440726742,16.987520000000014,0.0,0.0,0.0,1006084.5210898916,100000.0,3611941.412180157,5696960.307901648,6377172.426293615,7780000.0,253750000.0
1331.0,1.0,20478.22896072674,16.987520000000014,0.0,0.0,0.0,1006084.5210898916,100000.0,3611941.412180157,5696960.307901648,6377172.426293615,7780000.0,253750000.0
1332.0,1.0,20495.21648072674,16.987520000000014,0.0,0.0,0.0,1006084.5210898916,100000.0,3611941.412180157,5696960.307901648,6377172.426293615,7780000.0,253750000.0
1333.0,1.0,20512.20400072674,16.987520000000014,0.0,0.0,0.0,1006084.5210898916,100000.0,3611941.412180157,5696960.307901648,6377172.426293615,7780000.0,253750000.0
1334.0,1.0,20529.191520726738,16.987520000000014,0.0,0.0,0.0,1006084.5210898916,100000.0,3611941.412180157,5696960.307901648,6377172.426293615,7780000.0,253750000.0
1335.0,1.0,20546.179040726736,16.987520000000014,0.0,0.0,0.0,1006084.5210898916,100000.0,3611941.412180157,5696960.307901648,6377172.426293615,7780000.0,253750000.0
1336.0,1.0,20563.166560726735,16.987520000000014,0.0,0.0,0.0,1006084.5210898916,100000.0,3611941.412180157,5696960.307901648,6377172.426293615,7780000.0,253750000.0
1337.0,1.0,20580.154080726734,16.987520000000014,0.0,0.0,0.0,1006084.5210898916,100000.0,3611941.412180157,5696960.307901648,6377172.426293615,7780000.0,253750000.0
1338.0,1.0,20597.141600726733,16.987520000000014,0.0,0.0,0.0,1006084.5210898916,100000.0,3611941.412180157,5696960.307901648,6377172.426293615,7780000.0,253750000.0
1339.0,1.0,20614.12912072673,16.987520000000014,0.0,0.0,0.0,1006084.5210898916,100000.0,3611941.412180157,5696960.307901648,6377172.426293615,7780000.0,253750000.0
1340.0,1.0,20631.11664072673,16.987520000000014,0.0,0.0,0.0,1006084.5210898916,100000.0,3611941.412180157,5696960.307901648,6377172.426293615,7780000.0,253750000.0
1341.0,1.0,20648.10416072673,16.987520000000014,0.0,0.0,0.0,1006084.5210898916,100000.0,3611941.412180157,5696960.307901648,6377172.426293615,7780000.0,253750000.0
1342.0,1.0,20665.091680726728,16.987520000000014,0.0,0.0,0.0,1006084.5210898916,100000.0,3611941.412180157,5696960.307901648,6377172.426293615,7780000.0,253750000.0
1343.0,1.0,20682.079200726726,16.987520000000014,0.0,0.0,0.0,1006084.5210898916,100000.0,3611941.412180157,5696960.307901648,6377172.426293615,7780000.0,253750000.0
1344.0,1.0,20699.066720726725,16.987520000000014,0.0,0.0,0.0,1006084.5210898916,100000.0,3611941.412180157,5696960.307901648,6377172.426293615,7780000.0,253750000.0
1345.0,1.0,20716.054240726724,16.987520000000014,0.0,0.0,0.0,1006084.5210898916,100000.0,3611941.412180157,5696960.307901648,6377172.426293615,7780000.0,253750000.0
1346.0,1.0,20733.041760726723,16.987520000000014,0.0,0.0,0.0,1006084.5210898916,100000.0,3611941.412180157,5696960.307901648,6377172.426293615,7780000.0,253750000.0
1347.0,1.0,20750.02928072672,16.987520000000014,0.0,0.0,0.0,1006084.5210898916,100000.0,3611941.412180157,5696960.307901648,6377172.426293615,7780000.0,253750000.0
1348.0,1.0,20767.01680072672,16.987520000000014,0.0,0.0,0.0,1006084.5210898916,100000.0,3611941.412180157,5696960.307901648,6377172.426293615,7780000.0,253750000.0
1349.0,1.0,20784.00432072672,16.987520000000014,0.0,0.0,0.0,1006084.5210898916,100000.0,3611941.412180157,5696960.307901648,6377172.426293615,7780000.0,253750000.0
1350.0,1.0,20800.991840726718,16.987520000000014,0.0,0.0,0.0,1006084.5210898916,100000.0,3611941.412180157,5696960.307901648,6377172.426293615,7780000.0,253750000.0
1351.0,1.0,20817.979360726717,16.987520000000014,0.0,0.0,0.0,1006084.5210898916,100000.0,3611941.412180157,5696960.307901648,6377172.426293615,7780000.0,253750000.0
1352.0,1.0,20834.966880726715,16.987520000000014,0.0,0.0,0.0,1006084.5210898916,100000.0,3611941.412180157,5696960.307901648,6377172.426293615,7780000.0,253750000.0
1353.0,1.0,20851.954400726714,16.987520000000014,0.0,0.0,0.0,1006084.5210898916,100000.0,3611941.412180157,5696960.307901648,6377172.426293615,7780000.0,253750000.0
1354.0,1.0,20868.941920726713,16.987520000000014,0.0,0.0,0.0,1006084.5210898916,100000.0,3611941.412180157,5696960.307901648,6377172.426293615,7780000.0,253750000.0
1355.0,1.0,20885.92944072671,16.987520000000014,0.0,0.0,0.0,1006084.5210898916,100000.0,3611941.412180157,5696960.307901648,6377172.426293615,7780000.0,253750000.0
1356.0,1.0,20902.91696072671,16.987520000000014,0.0,0.0,0.0,1006084.5210898916,100000.0,3611941.412180157,5696960.307901648,6377172.426293615,7780000.0,253750000.0
1357.0,1.0,20919.90448072671,16.987520000000014,0.0,0.0,0.0,1006084.5210898916,100000.0,3611941.412180157,5696960.307901648,6377172.426293615,7780000.0,253750000.0
1358.0,1.0,20936.892000726708,16.987520000000014,0.0,0.0,0.0,1006084.5210898916,100000.0,3611941.412180157,5696960.307901648,6377172.426293615,7780000.0,253750000.0
1359.0,1.0,20953.879520726707,16.987520000000014,0.0,0.0,0.0,1006084.5210898916,100000.0,3611941.412180157,5696960.307901648,6377172.426293615,7780000.0,253750000.0
1360.0,1.0,20970.867040726705,16.987520000000014,0.0,0.0,0.0,1006084.5210898916,100000.0,3611941.412180157,5696960.307901648,6377172.426293615,7780000.0,253750000.0
1361.0,1.0,20987.854560726704,16.987520000000014,0.0,0.0,0.0,1006084.5210898916,100000.0,3611941.412180157,5696960.307901648,6377172.426293615,7780000.0,253750000.0
1362.0,1.0,21004.842080726703,16.987520000000014,0.0,0.0,0.0,1006084.5210898916,100000.0,3611941.412180157,5696960.307901648,6377172.426293615,7780000.0,253750000.0
1363.0,1.0,21021.8296007267,16.987520000000014,0.0,0.0,0.0,1006084.5210898916,100000.0,3611941.412180157,5696960.307901648,6377172.426293615,7780000.0,253750000.0
1364.0,1.0,21038.8171207267,16.987520000000014,0.0,0.0,0.0,1006084.5210898916,100000.0,3611941.412180157,5696960.307901648,6377172.426293615,7780000.0,253750000.0
1365.0,1.0,21055.8046407267,16.987520000000014,0.0,0.0,0.0,1006084.5210898916,100000.0,3611941.412180157,5696960.307901648,6377172.426293615,7780000.0,253750000.0
1366.0,1.0,21072.792160726698,16.987520000000014,0.0,0.0,0.0,1006084.5210898916,100000.0,3611941.412180157,5696960.307901648,6377172.426293615,7780000.0,253750000.0
1367.0,1.0,21089.779680726697,16.987520000000014,0.0,0.0,0.0,1006084.5210898916,100000.0,3611941.412180157,5696960.307901648,6377172.426293615,7780000.0,253750000.0
1368.0,1.0,21106.767200726696,16.987520000000014,0.0,0.0,0.0,1006084.5210898916,100000.0,3611941.412180157,5696960.307901648,6377172.426293615,7780000.0,253750000.0
1369.0,1.0,21123.754720726694,16.987520000000014,0.0,0.0,0.0,1006084.5210898916,100000.0,3611941.412180157,5696960.307901648,6377172.426293615,7780000.0,253750000.0
1370.0,1.0,21140.742240726693,16.987520000000014,0.0,0.0,0.0,1006084.5210898916,100000.0,3611941.412180157,5696960.307901648,6377172.426293615,7780000.0,253750000.0
1371.0,1.0,21157.729760726692,16.987520000000014,0.0,0.0,0.0,1006084.5210898916,100000.0,3611941.412180157,5696960.307901648,6377172.426293615,7780000.0,253750000.0
1372.0,1.0,21174.71728072669,16.987520000000014,0.0,0.0,0.0,1006084.5210898916,100000.0,3611941.412180157,5696960.307901648,6377172.426293615,7780000.0,253750000.0
1373.0,1.0,21191.70480072669,16.987520000000014,0.0,0.0,0.0,1006084.5210898916,100000.0,3611941.412180157,5696960.307901648,6377172.426293615,7780000.0,253750000.0
1374.0,1.0,21208.69232072669,16.987520000000014,0.0,0.0,0.0,1006084.5210898916,100000.0,3611941.412180157,5696960.307901648,6377172.426293615,7780000.0,253750000.0
1375.0,1.0,21225.679840726687,16.987520000000014,0.0,0.0,0.0,1006084.5210898916,100000.0,3611941.412180157,5696960.307901648,6377172.426293615,7780000.0,253750000.0
1376.0,1.0,21242.667360726686,16.987520000000014,0.0,0.0,0.0,1006084.5210898916,100000.0,3611941.412180157,5696960.307901648,6377172.426293615,7780000.0,253750000.0
1377.0,1.0,21259.654880726684,16.987520000000014,0.0,0.0,0.0,1006084.5210898916,100000.0,3611941.412180157,5696960.307901648,6377172.426293615,7780000.0,253750000.0
1378.0,1.0,21276.642400726683,16.987520000000014,0.0,0.0,0.0,1006084.5210898916,100000.0,3611941.412180157,5696960.307901648,6377172.426293615,7780000.0,253750000.0
1379.0,1.0,21293.629920726682,16.987520000000014,0.0,0.0,0.0,1006084.5210898916,100000.0,3611941.412180157,5696960.307901648,6377172.426293615,7780000.0,253750000.0
1380.0,1.0,21310.61744072668,16.987520000000014,0.0,0.0,0.0,1006084.5210898916,100000.0,3611941.412180157,5696960.307901648,6377172.426293615,7780000.0,253750000.0
1381.0,1.0,21327.60496072668,16.987520000000014,0.0,0.0,0.0,1006084.5210898916,100000.0,3611941.412180157,5696960.307901648,6377172.426293615,7780000.0,253750000.0
1382.0,1.0,21344.59248072668,16.987520000000014,0.0,0.0,0.0,1006084.5210898916,100000.0,3611941.412180157,5696960.307901648,6377172.426293615,7780000.0,253750000.0
1383.0,1.0,21361.580000726677,16.987520000000014,0.0,0.0,0.0,1006084.5210898916,100000.0,3611941.412180157,5696960.307901648,6377172.426293615,7780000.0,253750000.0
1384.0,1.0,21378.567520726676,16.987520000000014,0.0,0.0,0.0,1006084.5210898916,100000.0,3611941.412180157,5696960.307901648,6377172.426293615,7780000.0,253750000.0
1385.0,1.0,21395.555040726675,16.987520000000014,0.0,0.0,0.0,1006084.5210898916,100000.0,3611941.412180157,5696960.307901648,6377172.426293615,7780000.0,253750000.0
1386.0,1.0,21412.542560726673,16.987520000000014,0.0,0.0,0.0,1006084.5210898916,100000.0,3611941.412180157,5696960.307901648,6377172.426293615,7780000.0,253750000.0
1387.0,1.0,21429.530080726672,16.987520000000014,0.0,0.0,0.0,1006084.5210898916,100000.0,3611941.412180157,5696960.307901648,6377172.426293615,7780000.0,253750000.0
1388.0,1.0,21446.51760072667,16.987520000000014,0.0,0.0,0.0,1006084.5210898916,100000.0,3611941.412180157,5696960.307901648,6377172.426293615,7780000.0,253750000.0
1389.0,1.0,21463.50512072667,16.987520000000014,0.0,0.0,0.0,1006084.5210898916,100000.0,3611941.412180157,5696960.307901648,6377172.426293615,7780000.0,253750000.0
1390.0,1.0,21480.49264072667,16.987520000000014,0.0,0.0,0.0,1006084.5210898916,100000.0,3611941.412180157,5696960.307901648,6377172.426293615,7780000.0,253750000.0
1391.0,1.0,21497.480160726667,16.987520000000014,0.0,0.0,0.0,1006084.5210898916,100000.0,3611941.412180157,5696960.307901648,6377172.426293615,7780000.0,253750000.0
1392.0,1.0,21514.467680726666,16.987520000000014,0.0,0.0,0.0,1006084.5210898916,100000.0,3611941.412180157,5696960.307901648,6377172.426293615,7780000.0,253750000.0
1393.0,1.0,21531.455200726665,16.987520000000014,0.0,0.0,0.0,1006084.5210898916,100000.0,3611941.412180157,5696960.307901648,6377172.426293615,7780000.0,253750000.0
1394.0,1.0,21548.442720726664,16.987520000000014,0.0,0.0,0.0,1006084.5210898916,100000.0,3611941.412180157,5696960.307901648,6377172.426293615,7780000.0,253750000.0
1395.0,1.0,21565.430240726662,16.987520000000014,0.0,0.0,0.0,1006084.5210898916,100000.0,3611941.412180157,5696960.307901648,6377172.426293615,7780000.0,253750000.0
1396.0,1.0,21582.41776072666,16.987520000000014,0.0,0.0,0.0,1006084.5210898916,100000.0,3611941.412180157,5696960.307901648,6377172.426293615,7780000.0,253750000.0
1397.0,1.0,21599.40528072666,16.987520000000014,0.0,0.0,0.0,1006084.5210898916,100000.0,3611941.412180157,5696960.307901648,6377172.426293615,7780000.0,253750000.0
1398.0,1.0,21616.39280072666,16.987520000000014,0.0,0.0,0.0,1006084.5210898916,100000.0,3611941.412180157,5696960.307901648,6377172.426293615,7780000.0,253750000.0
1399.0,1.0,21633.380320726657,16.987520000000014,0.0,0.0,0.0,1006084.5210898916,100000.0,3611941.412180157,5696960.307901648,6377172.426293615,7780000.0,253750000.0
1400.0,1.0,21650.367840726656,16.987520000000014,0.0,0.0,0.0,1006084.5210898916,100000.0,3611941.412180157,5696960.307901648,6377172.426293615,7780000.0,253750000.0
1401.0,1.0,21667.355360726655,16.987520000000014,0.0,0.0,0.0,1006084.5210898916,100000.0,3611941.412180157,5696960.307901648,6377172.426293615,7780000.0,253750000.0
1402.0,1.0,21684.342880726654,16.987520000000014,0.0,0.0,0.0,1006084.5210898916,100000.0,3611941.412180157,5696960.307901648,6377172.426293615,7780000.0,253750000.0
1403.0,1.0,21701.330400726652,16.987520000000014,0.0,0.0,0.0,1006084.5210898916,100000.0,3611941.412180157,5696960.307901648,6377172.426293615,7780000.0,253750000.0
1404.0,1.0,21718.31792072665,16.987520000000014,0.0,0.0,0.0,1006084.5210898916,100000.0,3611941.412180157,5696960.307901648,6377172.426293615,7780000.0,253750000.0
1405.0,1.0,21735.30544072665,16.987520000000014,0.0,0.0,0.0,1006084.5210898916,100000.0,3611941.412180157,5696960.307901648,6377172.426293615,7780000.0,253750000.0
1406.0,1.0,21752.29296072665,16.987520000000014,0.0,0.0,0.0,1006084.5210898916,100000.0,3611941.412180157,5696960.307901648,6377172.426293615,7780000.0,253750000.0
1407.0,1.0,21769.280480726648,16.987520000000014,0.0,0.0,0.0,1006084.5210898916,100000.0,3611941.412180157,5696960.307901648,6377172.426293615,7780000.0,253750000.0
1408.0,1.0,21786.268000726646,16.987520000000014,0.0,0.0,0.0,1006084.5210898916,100000.0,3611941.412180157,5696960.307901648,6377172.426293615,7780000.0,253750000.0
1409.0,1.0,21803.255520726645,16.987520000000014,0.0,0.0,0.0,1006084.5210898916,100000.0,3611941.412180157,5696960.307901648,6377172.426293615,7780000.0,253750000.0
1410.0,1.0,21820.243040726644,16.987520000000014,0.0,0.0,0.0,1006084.5210898916,100000.0,3611941.412180157,5696960.307901648,6377172.426293615,7780000.0,253750000.0
1411.0,1.0,21837.230560726643,16.987520000000014,0.0,0.0,0.0,1006084.5210898916,100000.0,3611941.412180157,5696960.307901648,6377172.426293615,7780000.0,253750000.0
1412.0,1.0,21854.21808072664,16.987520000000014,0.0,0.0,0.0,1006084.5210898916,100000.0,3611941.412180157,5696960.307901648,6377172.426293615,7780000.0,253750000.0
1413.0,1.0,21871.20560072664,16.987520000000014,0.0,0.0,0.0,1006084.5210898916,100000.0,3611941.412180157,5696960.307901648,6377172.426293615,7780000.0,253750000.0
1414.0,1.0,21888.19312072664,16.987520000000014,0.0,0.0,0.0,1006084.5210898916,100000.0,3611941.412180157,5696960.307901648,6377172.426293615,7780000.0,253750000.0
1415.0,1.0,21905.180640726638,16.987520000000014,0.0,0.0,0.0,1006084.5210898916,100000.0,3611941.412180157,5696960.307901648,6377172.426293615,7780000.0,253750000.0
1416.0,1.0,21922.168160726636,16.987520000000014,0.0,0.0,0.0,1006084.5210898916,100000.0,3611941.412180157,5696960.307901648,6377172.426293615,7780000.0,253750000.0
1417.0,1.0,21939.155680726635,16.987520000000014,0.0,0.0,0.0,1006084.5210898916,100000.0,3611941.412180157,5696960.307901648,6377172.426293615,7780000.0,253750000.0
1418.0,1.0,21956.143200726634,16.987520000000014,0.0,0.0,0.0,1006084.5210898916,100000.0,3611941.412180157,5696960.307901648,6377172.426293615,7780000.0,253750000.0
1419.0,1.0,21973.130720726633,16.987520000000014,0.0,0.0,0.0,1006084.5210898916,100000.0,3611941.412180157,5696960.307901648,6377172.426293615,7780000.0,253750000.0
1420.0,1.0,21990.11824072663,16.987520000000014,0.0,0.0,0.0,1006084.5210898916,100000.0,3611941.412180157,5696960.307901648,6377172.426293615,7780000.0,253750000.0
1421.0,1.0,22007.10576072663,16.987520000000014,0.0,0.0,0.0,1006084.5210898916,100000.0,3611941.412180157,5696960.307901648,6377172.426293615,7780000.0,253750000.0
1422.0,1.0,22024.09328072663,16.987520000000014,0.0,0.0,0.0,1006084.5210898916,100000.0,3611941.412180157,5696960.307901648,6377172.426293615,7780000.0,253750000.0
1423.0,1.0,22041.080800726628,16.987520000000014,0.0,0.0,0.0,1006084.5210898916,100000.0,3611941.412180157,5696960.307901648,6377172.426293615,7780000.0,253750000.0
1424.0,1.0,22058.068320726627,16.987520000000014,0.0,0.0,0.0,1006084.5210898916,100000.0,3611941.412180157,5696960.307901648,6377172.426293615,7780000.0,253750000.0
1425.0,1.0,22075.055840726625,16.987520000000014,0.0,0.0,0.0,1006084.5210898916,100000.0,3611941.412180157,5696960.307901648,6377172.426293615,7780000.0,253750000.0
1426.0,1.0,22092.043360726624,16.987520000000014,0.0,0.0,0.0,1006084.5210898916,100000.0,3611941.412180157,5696960.307901648,6377172.426293615,7780000.0,253750000.0
1427.0,1.0,22109.030880726623,16.987520000000014,0.0,0.0,0.0,1006084.5210898916,100000.0,3611941.412180157,5696960.307901648,6377172.426293615,7780000.0,253750000.0
1428.0,1.0,22126.01840072662,16.987520000000014,0.0,0.0,0.0,1006084.5210898916,100000.0,3611941.412180157,5696960.307901648,6377172.426293615,7780000.0,253750000.0
1429.0,1.0,22143.00592072662,16.987520000000014,0.0,0.0,0.0,1006084.5210898916,100000.0,3611941.412180157,5696960.307901648,6377172.426293615,7780000.0,253750000.0
1430.0,1.0,22159.99344072662,16.987520000000014,0.0,0.0,0.0,1006084.5210898916,100000.0,3611941.412180157,5696960.307901648,6377172.426293615,7780000.0,253750000.0
1431.0,1.0,22176.980960726618,16.987520000000014,0.0,0.0,0.0,1006084.5210898916,100000.0,3611941.412180157,5696960.307901648,6377172.426293615,7780000.0,253750000.0
1432.0,1.0,22193.968480726617,16.987520000000014,0.0,0.0,0.0,1006084.5210898916,100000.0,3611941.412180157,5696960.307901648,6377172.426293615,7780000.0,253750000.0
1433.0,1.0,22210.956000726615,16.987520000000014,0.0,0.0,0.0,1006084.5210898916,100000.0,3611941.412180157,5696960.307901648,6377172.426293615,7780000.0,253750000.0
1434.0,1.0,22227.943520726614,16.987520000000014,0.0,0.0,0.0,1006084.5210898916,100000.0,3611941.412180157,5696960.307901648,6377172.426293615,7780000.0,253750000.0
1435.0,1.0,22244.931040726613,16.987520000000014,0.0,0.0,0.0,1006084.5210898916,100000.0,3611941.412180157,5696960.307901648,6377172.426293615,7780000.0,253750000.0
1436.0,1.0,22261.91856072661,16.987520000000014,0.0,0.0,0.0,1006084.5210898916,100000.0,3611941.412180157,5696960.307901648,6377172.426293615,7780000.0,253750000.0
1437.0,1.0,22278.90608072661,16.987520000000014,0.0,0.0,0.0,1006084.5210898916,100000.0,3611941.412180157,5696960.307901648,6377172.426293615,7780000.0,253750000.0
1438.0,1.0,22295.89360072661,16.987520000000014,0.0,0.0,0.0,1006084.5210898916,100000.0,3611941.412180157,5696960.307901648,6377172.426293615,7780000.0,253750000.0
1439.0,1.0,22312.881120726608,16.987520000000014,0.0,0.0,0.0,1006084.5210898916,100000.0,3611941.412180157,5696960.307901648,6377172.426293615,7780000.0,253750000.0
1440.0,1.0,22329.868640726607,16.987520000000014,0.0,0.0,0.0,1006084.5210898916,100000.0,3611941.412180157,5696960.307901648,6377172.426293615,7780000.0,253750000.0
1441.0,1.0,22346.856160726606,16.987520000000014,0.0,0.0,0.0,1006084.5210898916,100000.0,3611941.412180157,5696960.307901648,6377172.426293615,7780000.0,253750000.0
1442.0,1.0,22363.843680726604,16.987520000000014,0.0,0.0,0.0,1006084.5210898916,100000.0,3611941.412180157,5696960.307901648,6377172.426293615,7780000.0,253750000.0
1443.0,1.0,22380.831200726603,16.987520000000014,0.0,0.0,0.0,1006084.5210898916,100000.0,3611941.412180157,5696960.307901648,6377172.426293615,7780000.0,253750000.0
1444.0,1.0,22397.818720726602,16.987520000000014,0.0,0.0,0.0,1006084.5210898916,100000.0,3611941.412180157,5696960.307901648,6377172.426293615,7780000.0,253750000.0
1445.0,1.0,22414.8062407266,16.987520000000014,0.0,0.0,0.0,1006084.5210898916,100000.0,3611941.412180157,5696960.307901648,6377172.426293615,7780000.0,253750000.0
1446.0,1.0,22431.7937607266,16.987520000000014,0.0,0.0,0.0,1006084.5210898916,100000.0,3611941.412180157,5696960.307901648,6377172.426293615,7780000.0,253750000.0
1447.0,1.0,22448.7812807266,16.987520000000014,0.0,0.0,0.0,1006084.5210898916,100000.0,3611941.412180157,5696960.307901648,6377172.426293615,7780000.0,253750000.0
1448.0,1.0,22465.768800726597,16.987520000000014,0.0,0.0,0.0,1006084.5210898916,100000.0,3611941.412180157,5696960.307901648,6377172.426293615,7780000.0,253750000.0
1449.0,1.0,22482.756320726596,16.987520000000014,0.0,0.0,0.0,1006084.5210898916,100000.0,3611941.412180157,5696960.307901648,6377172.426293615,7780000.0,253750000.0
1450.0,1.0,22499.743840726594,16.987520000000014,0.0,0.0,0.0,1006084.5210898916,100000.0,3611941.412180157,5696960.307901648,6377172.426293615,7780000.0,253750000.0
1451.0,1.0,22516.731360726593,16.987520000000014,0.0,0.0,0.0,1006084.5210898916,100000.0,3611941.412180157,5696960.307901648,6377172.426293615,7780000.0,253750000.0
1452.0,1.0,22533.718880726592,16.987520000000014,0.0,0.0,0.0,1006084.5210898916,100000.0,3611941.412180157,5696960.307901648,6377172.426293615,7780000.0,253750000.0
1453.0,1.0,22550.70640072659,16.987520000000014,0.0,0.0,0.0,1006084.5210898916,100000.0,3611941.412180157,5696960.307901648,6377172.426293615,7780000.0,253750000.0
1454.0,1.0,22567.69392072659,16.987520000000014,0.0,0.0,0.0,1006084.5210898916,100000.0,3611941.412180157,5696960.307901648,6377172.426293615,7780000.0,253750000.0
1455.0,1.0,22584.68144072659,16.987520000000014,0.0,0.0,0.0,1006084.5210898916,100000.0,3611941.412180157,5696960.307901648,6377172.426293615,7780000.0,253750000.0
1456.0,1.0,22601.668960726587,16.987520000000014,0.0,0.0,0.0,1006084.5210898916,100000.0,3611941.412180157,5696960.307901648,6377172.426293615,7780000.0,253750000.0
1457.0,1.0,22618.656480726586,16.987520000000014,0.0,0.0,0.0,1006084.5210898916,100000.0,3611941.412180157,5696960.307901648,6377172.426293615,7780000.0,253750000.0
1458.0,1.0,22635.644000726585,16.987520000000014,0.0,0.0,0.0,1006084.5210898916,100000.0,3611941.412180157,5696960.307901648,6377172.426293615,7780000.0,253750000.0
1459.0,1.0,22652.631520726583,16.987520000000014,0.0,0.0,0.0,1006084.5210898916,100000.0,3611941.412180157,5696960.307901648,6377172.426293615,7780000.0,253750000.0
1460.0,1.0,22669.619040726582,16.987520000000014,0.0,0.0,0.0,1006084.5210898916,100000.0,3611941.412180157,5696960.307901648,6377172.426293615,7780000.0,253750000.0
1461.0,1.0,22686.60656072658,16.987520000000014,0.0,0.0,0.0,1006084.5210898916,100000.0,3611941.412180157,5696960.307901648,6377172.426293615,7780000.0,253750000.0
1462.0,1.0,22703.59408072658,16.987520000000014,0.0,0.0,0.0,1006084.5210898916,100000.0,3611941.412180157,5696960.307901648,6377172.426293615,7780000.0,253750000.0
1463.0,1.0,22720.58160072658,16.987520000000014,0.0,0.0,0.0,1006084.5210898916,100000.0,3611941.412180157,5696960.307901648,6377172.426293615,7780000.0,253750000.0
1464.0,1.0,22737.569120726577,16.987520000000014,0.0,0.0,0.0,1006084.5210898916,100000.0,3611941.412180157,5696960.307901648,6377172.426293615,7780000.0,253750000.0
1465.0,1.0,22754.556640726576,16.987520000000014,0.0,0.0,0.0,1006084.5210898916,100000.0,3611941.412180157,5696960.307901648,6377172.426293615,7780000.0,253750000.0
1466.0,1.0,22771.544160726575,16.987520000000014,0.0,0.0,0.0,1006084.5210898916,100000.0,3611941.412180157,5696960.307901648,6377172.426293615,7780000.0,253750000.0
1467.0,1.0,22788.531680726574,16.987520000000014,0.0,0.0,0.0,1006084.5210898916,100000.0,3611941.412180157,5696960.307901648,6377172.426293615,7780000.0,253750000.0
1468.0,1.0,22805.519200726572,16.987520000000014,0.0,0.0,0.0,1006084.5210898916,100000.0,3611941.412180157,5696960.307901648,6377172.426293615,7780000.0,253750000.0
1469.0,1.0,22822.50672072657,16.987520000000014,0.0,0.0,0.0,1006084.5210898916,100000.0,3611941.412180157,5696960.307901648,6377172.426293615,7780000.0,253750000.0
1470.0,1.0,22839.49424072657,16.987520000000014,0.0,0.0,0.0,1006084.5210898916,100000.0,3611941.412180157,5696960.307901648,6377172.426293615,7780000.0,253750000.0
1471.0,1.0,22856.48176072657,16.987520000000014,0.0,0.0,0.0,1006084.5210898916,100000.0,3611941.412180157,5696960.307901648,6377172.426293615,7780000.0,253750000.0
1472.0,1.0,22873.469280726567,16.987520000000014,0.0,0.0,0.0,1006084.5210898916,100000.0,3611941.412180157,5696960.307901648,6377172.426293615,7780000.0,253750000.0
1473.0,1.0,22890.456800726566,16.987520000000014,0.0,0.0,0.0,1006084.5210898916,100000.0,3611941.412180157,5696960.307901648,6377172.426293615,7780000.0,253750000.0
1474.0,1.0,22907.444320726565,16.987520000000014,0.0,0.0,0.0,1006084.5210898916,100000.0,3611941.412180157,5696960.307901648,6377172.426293615,7780000.0,253750000.0
1475.0,1.0,22924.431840726564,16.987520000000014,0.0,0.0,0.0,1006084.5210898916,100000.0,3611941.412180157,5696960.307901648,6377172.426293615,7780000.0,253750000.0
1476.0,1.0,22941.419360726562,16.987520000000014,0.0,0.0,0.0,1006084.5210898916,100000.0,3611941.412180157,5696960.307901648,6377172.426293615,7780000.0,253750000.0
1477.0,1.0,22958.40688072656,16.987520000000014,0.0,0.0,0.0,1006084.5210898916,100000.0,3611941.412180157,5696960.307901648,6377172.426293615,7780000.0,253750000.0
1478.0,1.0,22975.39440072656,16.987520000000014,0.0,0.0,0.0,1006084.5210898916,100000.0,3611941.412180157,5696960.307901648,6377172.426293615,7780000.0,253750000.0
1479.0,1.0,22992.38192072656,16.987520000000014,0.0,0.0,0.0,1006084.5210898916,100000.0,3611941.412180157,5696960.307901648,6377172.426293615,7780000.0,253750000.0
1480.0,1.0,23009.369440726558,16.987520000000014,0.0,0.0,0.0,1006084.5210898916,100000.0,3611941.412180157,5696960.307901648,6377172.426293615,7780000.0,253750000.0
1481.0,1.0,23026.356960726556,16.987520000000014,0.0,0.0,0.0,1006084.5210898916,100000.0,3611941.412180157,5696960.307901648,6377172.426293615,7780000.0,253750000.0
1482.0,1.0,23043.344480726555,16.987520000000014,0.0,0.0,0.0,1006084.5210898916,100000.0,3611941.412180157,5696960.307901648,6377172.426293615,7780000.0,253750000.0
1483.0,1.0,23060.332000726554,16.987520000000014,0.0,0.0,0.0,1006084.5210898916,100000.0,3611941.412180157,5696960.307901648,6377172.426293615,7780000.0,253750000.0
1484.0,1.0,23077.319520726553,16.987520000000014,0.0,0.0,0.0,1006084.5210898916,100000.0,3611941.412180157,5696960.307901648,6377172.426293615,7780000.0,253750000.0
1485.0,1.0,23094.30704072655,16.987520000000014,0.0,0.0,0.0,1006084.5210898916,100000.0,3611941.412180157,5696960.307901648,6377172.426293615,7780000.0,253750000.0
1486.0,1.0,23111.29456072655,16.987520000000014,0.0,0.0,0.0,1006084.5210898916,100000.0,3611941.412180157,5696960.307901648,6377172.426293615,7780000.0,253750000.0
1487.0,1.0,23128.28208072655,16.987520000000014,0.0,0.0,0.0,1006084.5210898916,100000.0,3611941.412180157,5696960.307901648,6377172.426293615,7780000.0,253750000.0
1488.0,1.0,23145.269600726548,16.987520000000014,0.0,0.0,0.0,1006084.5210898916,100000.0,3611941.412180157,5696960.307901648,6377172.426293615,7780000.0,253750000.0
1489.0,1.0,23162.257120726546,16.987520000000014,0.0,0.0,0.0,1006084.5210898916,100000.0,3611941.412180157,5696960.307901648,6377172.426293615,7780000.0,253750000.0
1490.0,1.0,23179.244640726545,16.987520000000014,0.0,0.0,0.0,1006084.5210898916,100000.0,3611941.412180157,5696960.307901648,6377172.426293615,7780000.0,253750000.0
1491.0,1.0,23196.232160726544,16.987520000000014,0.0,0.0,0.0,1006084.5210898916,100000.0,3611941.412180157,5696960.307901648,6377172.426293615,7780000.0,253750000.0
1492.0,1.0,23213.219680726543,16.987520000000014,0.0,0.0,0.0,1006084.5210898916,100000.0,3611941.412180157,5696960.307901648,6377172.426293615,7780000.0,253750000.0
1493.0,1.0,23230.20720072654,16.987520000000014,0.0,0.0,0.0,1006084.5210898916,100000.0,3611941.412180157,5696960.307901648,6377172.426293615,7780000.0,253750000.0
1494.0,1.0,23247.19472072654,16.987520000000014,0.0,0.0,0.0,1006084.5210898916,100000.0,3611941.412180157,5696960.307901648,6377172.426293615,7780000.0,253750000.0
1495.0,1.0,23264.18224072654,16.987520000000014,0.0,0.0,0.0,1006084.5210898916,100000.0,3611941.412180157,5696960.307901648,6377172.426293615,7780000.0,253750000.0
1496.0,1.0,23281.169760726538,16.987520000000014,0.0,0.0,0.0,1006084.5210898916,100000.0,3611941.412180157,5696960.307901648,6377172.426293615,7780000.0,253750000.0
1497.0,1.0,23298.157280726537,16.987520000000014,0.0,0.0,0.0,1006084.5210898916,100000.0,3611941.412180157,5696960.307901648,6377172.426293615,7780000.0,253750000.0
1498.0,1.0,23315.144800726535,16.987520000000014,0.0,0.0,0.0,1006084.5210898916,100000.0,3611941.412180157,5696960.307901648,6377172.426293615,7780000.0,253750000.0
1499.0,1.0,23332.132320726534,16.987520000000014,0.0,0.0,0.0,1006084.5210898916,100000.0,3611941.412180157,5696960.307901648,6377172.426293615,7780000.0,253750000.0
1500.0,1.0,23349.119840726533,16.987520000000014,0.0,0.0,0.0,1006084.5210898916,100000.0,3611941.412180157,5696960.307901648,6377172.426293615,7780000.0,253750000.0
1501.0,1.0,23366.10736072653,16.987520000000014,0.0,0.0,0.0,1006084.5210898916,100000.0,3611941.412180157,5696960.307901648,6377172.426293615,7780000.0,253750000.0
1502.0,1.0,23383.09488072653,16.987520000000014,0.0,0.0,0.0,1006084.5210898916,100000.0,3611941.412180157,5696960.307901648,6377172.426293615,7780000.0,253750000.0
1503.0,1.0,23400.08240072653,16.987520000000014,0.0,0.0,0.0,1006084.5210898916,100000.0,3611941.412180157,5696960.307901648,6377172.426293615,7780000.0,253750000.0
1504.0,1.0,23417.069920726528,16.987520000000014,0.0,0.0,0.0,1006084.5210898916,100000.0,3611941.412180157,5696960.307901648,6377172.426293615,7780000.0,253750000.0
1505.0,1.0,23434.057440726527,16.987520000000014,0.0,0.0,0.0,1006084.5210898916,100000.0,3611941.412180157,5696960.307901648,6377172.426293615,7780000.0,253750000.0
1506.0,1.0,23451.044960726525,16.987520000000014,0.0,0.0,0.0,1006084.5210898916,100000.0,3611941.412180157,5696960.307901648,6377172.426293615,7780000.0,253750000.0
1507.0,1.0,23468.032480726524,16.987520000000014,0.0,0.0,0.0,1006084.5210898916,100000.0,3611941.412180157,5696960.307901648,6377172.426293615,7780000.0,253750000.0
1508.0,1.0,23485.020000726523,16.987520000000014,0.0,0.0,0.0,1006084.5210898916,100000.0,3611941.412180157,5696960.307901648,6377172.426293615,7780000.0,253750000.0
1509.0,1.0,23502.00752072652,16.987520000000014,0.0,0.0,0.0,1006084.5210898916,100000.0,3611941.412180157,5696960.307901648,6377172.426293615,7780000.0,253750000.0
1510.0,1.0,23518.99504072652,16.987520000000014,0.0,0.0,0.0,1006084.5210898916,100000.0,3611941.412180157,5696960.307901648,6377172.426293615,7780000.0,253750000.0
1511.0,1.0,23535.98256072652,16.987520000000014,0.0,0.0,0.0,1006084.5210898916,100000.0,3611941.412180157,5696960.307901648,6377172.426293615,7780000.0,253750000.0
1512.0,1.0,23552.970080726518,16.987520000000014,0.0,0.0,0.0,1006084.5210898916,100000.0,3611941.412180157,5696960.307901648,6377172.426293615,7780000.0,253750000.0
1513.0,1.0,23569.957600726517,16.987520000000014,0.0,0.0,0.0,1006084.5210898916,100000.0,3611941.412180157,5696960.307901648,6377172.426293615,7780000.0,253750000.0
1514.0,1.0,23586.945120726516,16.987520000000014,0.0,0.0,0.0,1006084.5210898916,100000.0,3611941.412180157,5696960.307901648,6377172.426293615,7780000.0,253750000.0
1515.0,1.0,23603.932640726514,16.987520000000014,0.0,0.0,0.0,1006084.5210898916,100000.0,3611941.412180157,5696960.307901648,6377172.426293615,7780000.0,253750000.0
1516.0,1.0,23620.920160726513,16.987520000000014,0.0,0.0,0.0,1006084.5210898916,100000.0,3611941.412180157,5696960.307901648,6377172.426293615,7780000.0,253750000.0
1517.0,1.0,23637.907680726512,16.987520000000014,0.0,0.0,0.0,1006084.5210898916,100000.0,3611941.412180157,5696960.307901648,6377172.426293615,7780000.0,253750000.0
1518.0,1.0,23654.89520072651,16.987520000000014,0.0,0.0,0.0,1006084.5210898916,100000.0,3611941.412180157,5696960.307901648,6377172.426293615,7780000.0,253750000.0
1519.0,1.0,23671.88272072651,16.987520000000014,0.0,0.0,0.0,1006084.5210898916,100000.0,3611941.412180157,5696960.307901648,6377172.426293615,7780000.0,253750000.0
1520.0,1.0,23688.87024072651,16.987520000000014,0.0,0.0,0.0,1006084.5210898916,100000.0,3611941.412180157,5696960.307901648,6377172.426293615,7780000.0,253750000.0
1521.0,1.0,23705.857760726507,16.987520000000014,0.0,0.0,0.0,1006084.5210898916,100000.0,3611941.412180157,5696960.307901648,6377172.426293615,7780000.0,253750000.0
1522.0,1.0,23722.845280726506,16.987520000000014,0.0,0.0,0.0,1006084.5210898916,100000.0,3611941.412180157,5696960.307901648,6377172.426293615,7780000.0,253750000.0
1523.0,1.0,23739.832800726505,16.987520000000014,0.0,0.0,0.0,1006084.5210898916,100000.0,3611941.412180157,5696960.307901648,6377172.426293615,7780000.0,253750000.0
1524.0,1.0,23756.820320726503,16.987520000000014,0.0,0.0,0.0,1006084.5210898916,100000.0,3611941.412180157,5696960.307901648,6377172.426293615,7780000.0,253750000.0
1525.0,1.0,23773.807840726502,16.987520000000014,0.0,0.0,0.0,1006084.5210898916,100000.0,3611941.412180157,5696960.307901648,6377172.426293615,7780000.0,253750000.0
1526.0,1.0,23790.7953607265,16.987520000000014,0.0,0.0,0.0,1006084.5210898916,100000.0,3611941.412180157,5696960.307901648,6377172.426293615,7780000.0,253750000.0
1527.0,1.0,23807.7828807265,16.987520000000014,0.0,0.0,0.0,1006084.5210898916,100000.0,3611941.412180157,5696960.307901648,6377172.426293615,7780000.0,253750000.0
1528.0,1.0,23824.7704007265,16.987520000000014,0.0,0.0,0.0,1006084.5210898916,100000.0,3611941.412180157,5696960.307901648,6377172.426293615,7780000.0,253750000.0
1529.0,1.0,23841.757920726497,16.987520000000014,0.0,0.0,0.0,1006084.5210898916,100000.0,3611941.412180157,5696960.307901648,6377172.426293615,7780000.0,253750000.0
1530.0,1.0,23858.745440726496,16.987520000000014,0.0,0.0,0.0,1006084.5210898916,100000.0,3611941.412180157,5696960.307901648,6377172.426293615,7780000.0,253750000.0
1531.0,1.0,23875.732960726495,16.987520000000014,0.0,0.0,0.0,1006084.5210898916,100000.0,3611941.412180157,5696960.307901648,6377172.426293615,7780000.0,253750000.0
1532.0,1.0,23892.720480726493,16.987520000000014,0.0,0.0,0.0,1006084.5210898916,100000.0,3611941.412180157,5696960.307901648,6377172.426293615,7780000.0,253750000.0
1533.0,1.0,23909.708000726492,16.987520000000014,0.0,0.0,0.0,1006084.5210898916,100000.0,3611941.412180157,5696960.307901648,6377172.426293615,7780000.0,253750000.0
1534.0,1.0,23926.69552072649,16.987520000000014,0.0,0.0,0.0,1006084.5210898916,100000.0,3611941.412180157,5696960.307901648,6377172.426293615,7780000.0,253750000.0
1535.0,1.0,23943.68304072649,16.987520000000014,0.0,0.0,0.0,1006084.5210898916,100000.0,3611941.412180157,5696960.307901648,6377172.426293615,7780000.0,253750000.0
1536.0,1.0,23960.67056072649,16.987520000000014,0.0,0.0,0.0,1006084.5210898916,100000.0,3611941.412180157,5696960.307901648,6377172.426293615,7780000.0,253750000.0
1537.0,1.0,23977.658080726487,16.987520000000014,0.0,0.0,0.0,1006084.5210898916,100000.0,3611941.412180157,5696960.307901648,6377172.426293615,7780000.0,253750000.0
1538.0,1.0,23994.645600726486,16.987520000000014,0.0,0.0,0.0,1006084.5210898916,100000.0,3611941.412180157,5696960.307901648,6377172.426293615,7780000.0,253750000.0
1539.0,1.0,24011.633120726485,16.987520000000014,0.0,0.0,0.0,1006084.5210898916,100000.0,3611941.412180157,5696960.307901648,6377172.426293615,7780000.0,253750000.0
1540.0,1.0,24028.620640726484,16.987520000000014,0.0,0.0,0.0,1006084.5210898916,100000.0,3611941.412180157,5696960.307901648,6377172.426293615,7780000.0,253750000.0
1541.0,1.0,24045.608160726482,16.987520000000014,0.0,0.0,0.0,1006084.5210898916,100000.0,3611941.412180157,5696960.307901648,6377172.426293615,7780000.0,253750000.0
1542.0,1.0,24062.59568072648,16.987520000000014,0.0,0.0,0.0,1006084.5210898916,100000.0,3611941.412180157,5696960.307901648,6377172.426293615,7780000.0,253750000.0
1543.0,1.0,24079.58320072648,16.987520000000014,0.0,0.0,0.0,1006084.5210898916,100000.0,3611941.412180157,5696960.307901648,6377172.426293615,7780000.0,253750000.0
1544.0,1.0,24096.57072072648,16.987520000000014,0.0,0.0,0.0,1006084.5210898916,100000.0,3611941.412180157,5696960.307901648,6377172.426293615,7780000.0,253750000.0
1545.0,1.0,24113.558240726477,16.987520000000014,0.0,0.0,0.0,1006084.5210898916,100000.0,3611941.412180157,5696960.307901648,6377172.426293615,7780000.0,253750000.0
1546.0,1.0,24130.545760726476,16.987520000000014,0.0,0.0,0.0,1006084.5210898916,100000.0,3611941.412180157,5696960.307901648,6377172.426293615,7780000.0,253750000.0
1547.0,1.0,24147.533280726475,16.987520000000014,0.0,0.0,0.0,1006084.5210898916,100000.0,3611941.412180157,5696960.307901648,6377172.426293615,7780000.0,253750000.0
1548.0,1.0,24164.520800726474,16.987520000000014,0.0,0.0,0.0,1006084.5210898916,100000.0,3611941.412180157,5696960.307901648,6377172.426293615,7780000.0,253750000.0
1549.0,1.0,24181.508320726472,16.987520000000014,0.0,0.0,0.0,1006084.5210898916,100000.0,3611941.412180157,5696960.307901648,6377172.426293615,7780000.0,253750000.0
1550.0,1.0,24198.49584072647,16.987520000000014,0.0,0.0,0.0,1006084.5210898916,100000.0,3611941.412180157,5696960.307901648,6377172.426293615,7780000.0,253750000.0
1551.0,1.0,24215.48336072647,16.987520000000014,0.0,0.0,0.0,1006084.5210898916,100000.0,3611941.412180157,5696960.307901648,6377172.426293615,7780000.0,253750000.0
1552.0,1.0,24232.47088072647,16.987520000000014,0.0,0.0,0.0,1006084.5210898916,100000.0,3611941.412180157,5696960.307901648,6377172.426293615,7780000.0,253750000.0
1553.0,1.0,24249.458400726468,16.987520000000014,0.0,0.0,0.0,1006084.5210898916,100000.0,3611941.412180157,5696960.307901648,6377172.426293615,7780000.0,253750000.0
1554.0,1.0,24266.445920726466,16.987520000000014,0.0,0.0,0.0,1006084.5210898916,100000.0,3611941.412180157,5696960.307901648,6377172.426293615,7780000.0,253750000.0
1555.0,1.0,24283.433440726465,16.987520000000014,0.0,0.0,0.0,1006084.5210898916,100000.0,3611941.412180157,5696960.307901648,6377172.426293615,7780000.0,253750000.0
1556.0,1.0,24300.420960726464,16.987520000000014,0.0,0.0,0.0,1006084.5210898916,100000.0,3611941.412180157,5696960.307901648,6377172.426293615,7780000.0,253750000.0
1557.0,1.0,24317.408480726463,16.987520000000014,0.0,0.0,0.0,1006084.5210898916,100000.0,3611941.412180157,5696960.307901648,6377172.426293615,7780000.0,253750000.0
1558.0,1.0,24334.39600072646,16.987520000000014,0.0,0.0,0.0,1006084.5210898916,100000.0,3611941.412180157,5696960.307901648,6377172.426293615,7780000.0,253750000.0
1559.0,1.0,24351.38352072646,16.987520000000014,0.0,0.0,0.0,1006084.5210898916,100000.0,3611941.412180157,5696960.307901648,6377172.426293615,7780000.0,253750000.0
1560.0,1.0,24368.37104072646,16.987520000000014,0.0,0.0,0.0,1006084.5210898916,100000.0,3611941.412180157,5696960.307901648,6377172.426293615,7780000.0,253750000.0
1561.0,1.0,24385.358560726458,16.987520000000014,0.0,0.0,0.0,1006084.5210898916,100000.0,3611941.412180157,5696960.307901648,6377172.426293615,7780000.0,253750000.0
1562.0,1.0,24402.346080726456,16.987520000000014,0.0,0.0,0.0,1006084.5210898916,100000.0,3611941.412180157,5696960.307901648,6377172.426293615,7780000.0,253750000.0
1563.0,1.0,24419.333600726455,16.987520000000014,0.0,0.0,0.0,1006084.5210898916,100000.0,3611941.412180157,5696960.307901648,6377172.426293615,7780000.0,253750000.0
1564.0,1.0,24436.321120726454,16.987520000000014,0.0,0.0,0.0,1006084.5210898916,100000.0,3611941.412180157,5696960.307901648,6377172.426293615,7780000.0,253750000.0
1565.0,1.0,24453.308640726453,16.987520000000014,0.0,0.0,0.0,1006084.5210898916,100000.0,3611941.412180157,5696960.307901648,6377172.426293615,7780000.0,253750000.0
1566.0,1.0,24470.29616072645,16.987520000000014,0.0,0.0,0.0,1006084.5210898916,100000.0,3611941.412180157,5696960.307901648,6377172.426293615,7780000.0,253750000.0
1567.0,1.0,24487.28368072645,16.987520000000014,0.0,0.0,0.0,1006084.5210898916,100000.0,3611941.412180157,5696960.307901648,6377172.426293615,7780000.0,253750000.0
1568.0,1.0,24504.27120072645,16.987520000000014,0.0,0.0,0.0,1006084.5210898916,100000.0,3611941.412180157,5696960.307901648,6377172.426293615,7780000.0,253750000.0
1569.0,1.0,24521.258720726448,16.987520000000014,0.0,0.0,0.0,1006084.5210898916,100000.0,3611941.412180157,5696960.307901648,6377172.426293615,7780000.0,253750000.0
1570.0,1.0,24538.246240726447,16.987520000000014,0.0,0.0,0.0,1006084.5210898916,100000.0,3611941.412180157,5696960.307901648,6377172.426293615,7780000.0,253750000.0
1571.0,1.0,24555.233760726445,16.987520000000014,0.0,0.0,0.0,1006084.5210898916,100000.0,3611941.412180157,5696960.307901648,6377172.426293615,7780000.0,253750000.0
1572.0,1.0,24572.221280726444,16.987520000000014,0.0,0.0,0.0,1006084.5210898916,100000.0,3611941.412180157,5696960.307901648,6377172.426293615,7780000.0,253750000.0
1573.0,1.0,24589.208800726443,16.987520000000014,0.0,0.0,0.0,1006084.5210898916,100000.0,3611941.412180157,5696960.307901648,6377172.426293615,7780000.0,253750000.0
1574.0,1.0,24606.19632072644,16.987520000000014,0.0,0.0,0.0,1006084.5210898916,100000.0,3611941.412180157,5696960.307901648,6377172.426293615,7780000.0,253750000.0
1575.0,1.0,24623.18384072644,16.987520000000014,0.0,0.0,0.0,1006084.5210898916,100000.0,3611941.412180157,5696960.307901648,6377172.426293615,7780000.0,253750000.0
1576.0,1.0,24640.17136072644,16.987520000000014,0.0,0.0,0.0,1006084.5210898916,100000.0,3611941.412180157,5696960.307901648,6377172.426293615,7780000.0,253750000.0
1577.0,1.0,24657.158880726438,16.987520000000014,0.0,0.0,0.0,1006084.5210898916,100000.0,3611941.412180157,5696960.307901648,6377172.426293615,7780000.0,253750000.0
1578.0,1.0,24674.146400726437,16.987520000000014,0.0,0.0,0.0,1006084.5210898916,100000.0,3611941.412180157,5696960.307901648,6377172.426293615,7780000.0,253750000.0
1579.0,1.0,24691.133920726435,16.987520000000014,0.0,0.0,0.0,1006084.5210898916,100000.0,3611941.412180157,5696960.307901648,6377172.426293615,7780000.0,253750000.0
1580.0,1.0,24708.121440726434,16.987520000000014,0.0,0.0,0.0,1006084.5210898916,100000.0,3611941.412180157,5696960.307901648,6377172.426293615,7780000.0,253750000.0
1581.0,1.0,24725.108960726433,16.987520000000014,0.0,0.0,0.0,1006084.5210898916,100000.0,3611941.412180157,5696960.307901648,6377172.426293615,7780000.0,253750000.0
1582.0,1.0,24742.09648072643,16.987520000000014,0.0,0.0,0.0,1006084.5210898916,100000.0,3611941.412180157,5696960.307901648,6377172.426293615,7780000.0,253750000.0
1583.0,1.0,24759.08400072643,16.987520000000014,0.0,0.0,0.0,1006084.5210898916,100000.0,3611941.412180157,5696960.307901648,6377172.426293615,7780000.0,253750000.0
1584.0,1.0,24776.07152072643,16.987520000000014,0.0,0.0,0.0,1006084.5210898916,100000.0,3611941.412180157,5696960.307901648,6377172.426293615,7780000.0,253750000.0
1585.0,1.0,24793.059040726428,16.987520000000014,0.0,0.0,0.0,1006084.5210898916,100000.0,3611941.412180157,5696960.307901648,6377172.426293615,7780000.0,253750000.0
1586.0,1.0,24810.046560726427,16.987520000000014,0.0,0.0,0.0,1006084.5210898916,100000.0,3611941.412180157,5696960.307901648,6377172.426293615,7780000.0,253750000.0
1587.0,1.0,24827.034080726426,16.987520000000014,0.0,0.0,0.0,1006084.5210898916,100000.0,3611941.412180157,5696960.307901648,6377172.426293615,7780000.0,253750000.0
1588.0,1.0,24844.021600726424,16.987520000000014,0.0,0.0,0.0,1006084.5210898916,100000.0,3611941.412180157,5696960.307901648,6377172.426293615,7780000.0,253750000.0
1589.0,1.0,24861.009120726423,16.987520000000014,0.0,0.0,0.0,1006084.5210898916,100000.0,3611941.412180157,5696960.307901648,6377172.426293615,7780000.0,253750000.0
1590.0,1.0,24877.996640726422,16.987520000000014,0.0,0.0,0.0,1006084.5210898916,100000.0,3611941.412180157,5696960.307901648,6377172.426293615,7780000.0,253750000.0
1591.0,1.0,24894.98416072642,16.987520000000014,0.0,0.0,0.0,1006084.5210898916,100000.0,3611941.412180157,5696960.307901648,6377172.426293615,7780000.0,253750000.0
1592.0,1.0,24911.97168072642,16.987520000000014,0.0,0.0,0.0,1006084.5210898916,100000.0,3611941.412180157,5696960.307901648,6377172.426293615,7780000.0,253750000.0
1593.0,1.0,24928.95920072642,16.987520000000014,0.0,0.0,0.0,1006084.5210898916,100000.0,3611941.412180157,5696960.307901648,6377172.426293615,7780000.0,253750000.0
1594.0,1.0,24945.946720726417,16.987520000000014,0.0,0.0,0.0,1006084.5210898916,100000.0,3611941.412180157,5696960.307901648,6377172.426293615,7780000.0,253750000.0
1595.0,1.0,24962.934240726416,16.987520000000014,0.0,0.0,0.0,1006084.5210898916,100000.0,3611941.412180157,5696960.307901648,6377172.426293615,7780000.0,253750000.0
1596.0,1.0,24979.921760726415,16.987520000000014,0.0,0.0,0.0,1006084.5210898916,100000.0,3611941.412180157,5696960.307901648,6377172.426293615,7780000.0,253750000.0
1597.0,1.0,24996.909280726413,16.987520000000014,0.0,0.0,0.0,1006084.5210898916,100000.0,3611941.412180157,5696960.307901648,6377172.426293615,7780000.0,253750000.0
1598.0,1.0,25013.896800726412,16.987520000000014,0.0,0.0,0.0,1006084.5210898916,100000.0,3611941.412180157,5696960.307901648,6377172.426293615,7780000.0,253750000.0
1599.0,1.0,25030.88432072641,16.987520000000014,0.0,0.0,0.0,1006084.5210898916,100000.0,3611941.412180157,5696960.307901648,6377172.426293615,7780000.0,253750000.0
1600.0,1.0,25047.87184072641,16.987520000000014,0.0,0.0,0.0,1006084.5210898916,100000.0,3611941.412180157,5696960.307901648,6377172.426293615,7780000.0,253750000.0
1601.0,1.0,25064.85936072641,16.987520000000014,0.0,0.0,0.0,1006084.5210898916,100000.0,3611941.412180157,5696960.307901648,6377172.426293615,7780000.0,253750000.0
1602.0,1.0,25081.846880726407,16.987520000000014,0.0,0.0,0.0,1006084.5210898916,100000.0,3611941.412180157,5696960.307901648,6377172.426293615,7780000.0,253750000.0
1603.0,1.0,25098.834400726406,16.987520000000014,0.0,0.0,0.0,1006084.5210898916,100000.0,3611941.412180157,5696960.307901648,6377172.426293615,7780000.0,253750000.0
1604.0,1.0,25115.821920726405,16.987520000000014,0.0,0.0,0.0,1006084.5210898916,100000.0,3611941.412180157,5696960.307901648,6377172.426293615,7780000.0,253750000.0
1605.0,1.0,25132.809440726403,16.987520000000014,0.0,0.0,0.0,1006084.5210898916,100000.0,3611941.412180157,5696960.307901648,6377172.426293615,7780000.0,253750000.0
1606.0,1.0,25149.796960726402,16.987520000000014,0.0,0.0,0.0,1006084.5210898916,100000.0,3611941.412180157,5696960.307901648,6377172.426293615,7780000.0,253750000.0
1607.0,1.0,25166.7844807264,16.987520000000014,0.0,0.0,0.0,1006084.5210898916,100000.0,3611941.412180157,5696960.307901648,6377172.426293615,7780000.0,253750000.0
1608.0,1.0,25183.7720007264,16.987520000000014,0.0,0.0,0.0,1006084.5210898916,100000.0,3611941.412180157,5696960.307901648,6377172.426293615,7780000.0,253750000.0
1609.0,1.0,25200.7595207264,16.987520000000014,0.0,0.0,0.0,1006084.5210898916,100000.0,3611941.412180157,5696960.307901648,6377172.426293615,7780000.0,253750000.0
1610.0,1.0,25217.747040726397,16.987520000000014,0.0,0.0,0.0,1006084.5210898916,100000.0,3611941.412180157,5696960.307901648,6377172.426293615,7780000.0,253750000.0
1611.0,1.0,25234.734560726396,16.987520000000014,0.0,0.0,0.0,1006084.5210898916,100000.0,3611941.412180157,5696960.307901648,6377172.426293615,7780000.0,253750000.0
1612.0,1.0,25251.722080726395,16.987520000000014,0.0,0.0,0.0,1006084.5210898916,100000.0,3611941.412180157,5696960.307901648,6377172.426293615,7780000.0,253750000.0
1613.0,1.0,25268.709600726394,16.987520000000014,0.0,0.0,0.0,1006084.5210898916,100000.0,3611941.412180157,5696960.307901648,6377172.426293615,7780000.0,253750000.0
1614.0,1.0,25285.697120726392,16.987520000000014,0.0,0.0,0.0,1006084.5210898916,100000.0,3611941.412180157,5696960.307901648,6377172.426293615,7780000.0,253750000.0
1615.0,1.0,25302.68464072639,16.987520000000014,0.0,0.0,0.0,1006084.5210898916,100000.0,3611941.412180157,5696960.307901648,6377172.426293615,7780000.0,253750000.0
1616.0,1.0,25319.67216072639,16.987520000000014,0.0,0.0,0.0,1006084.5210898916,100000.0,3611941.412180157,5696960.307901648,6377172.426293615,7780000.0,253750000.0
1617.0,1.0,25336.65968072639,16.987520000000014,0.0,0.0,0.0,1006084.5210898916,100000.0,3611941.412180157,5696960.307901648,6377172.426293615,7780000.0,253750000.0
1618.0,1.0,25353.647200726387,16.987520000000014,0.0,0.0,0.0,1006084.5210898916,100000.0,3611941.412180157,5696960.307901648,6377172.426293615,7780000.0,253750000.0
1619.0,1.0,25370.634720726386,16.987520000000014,0.0,0.0,0.0,1006084.5210898916,100000.0,3611941.412180157,5696960.307901648,6377172.426293615,7780000.0,253750000.0
1620.0,1.0,25387.622240726385,16.987520000000014,0.0,0.0,0.0,1006084.5210898916,100000.0,3611941.412180157,5696960.307901648,6377172.426293615,7780000.0,253750000.0
1621.0,1.0,25404.609760726384,16.987520000000014,0.0,0.0,0.0,1006084.5210898916,100000.0,3611941.412180157,5696960.307901648,6377172.426293615,7780000.0,253750000.0
1622.0,1.0,25421.597280726382,16.987520000000014,0.0,0.0,0.0,1006084.5210898916,100000.0,3611941.412180157,5696960.307901648,6377172.426293615,7780000.0,253750000.0
1623.0,1.0,25438.58480072638,16.987520000000014,0.0,0.0,0.0,1006084.5210898916,100000.0,3611941.412180157,5696960.307901648,6377172.426293615,7780000.0,253750000.0
1624.0,1.0,25455.57232072638,16.987520000000014,0.0,0.0,0.0,1006084.5210898916,100000.0,3611941.412180157,5696960.307901648,6377172.426293615,7780000.0,253750000.0
1625.0,1.0,25472.55984072638,16.987520000000014,0.0,0.0,0.0,1006084.5210898916,100000.0,3611941.412180157,5696960.307901648,6377172.426293615,7780000.0,253750000.0
1626.0,1.0,25489.547360726378,16.987520000000014,0.0,0.0,0.0,1006084.5210898916,100000.0,3611941.412180157,5696960.307901648,6377172.426293615,7780000.0,253750000.0
1627.0,1.0,25506.534880726376,16.987520000000014,0.0,0.0,0.0,1006084.5210898916,100000.0,3611941.412180157,5696960.307901648,6377172.426293615,7780000.0,253750000.0
1628.0,1.0,25523.522400726375,16.987520000000014,0.0,0.0,0.0,1006084.5210898916,100000.0,3611941.412180157,5696960.307901648,6377172.426293615,7780000.0,253750000.0
1629.0,1.0,25540.509920726374,16.987520000000014,0.0,0.0,0.0,1006084.5210898916,100000.0,3611941.412180157,5696960.307901648,6377172.426293615,7780000.0,253750000.0
1630.0,1.0,25557.497440726373,16.987520000000014,0.0,0.0,0.0,1006084.5210898916,100000.0,3611941.412180157,5696960.307901648,6377172.426293615,7780000.0,253750000.0
1631.0,1.0,25574.48496072637,16.987520000000014,0.0,0.0,0.0,1006084.5210898916,100000.0,3611941.412180157,5696960.307901648,6377172.426293615,7780000.0,253750000.0
1632.0,1.0,25591.47248072637,16.987520000000014,0.0,0.0,0.0,1006084.5210898916,100000.0,3611941.412180157,5696960.307901648,6377172.426293615,7780000.0,253750000.0
1633.0,1.0,25608.46000072637,16.987520000000014,0.0,0.0,0.0,1006084.5210898916,100000.0,3611941.412180157,5696960.307901648,6377172.426293615,7780000.0,253750000.0
1634.0,1.0,25625.447520726368,16.987520000000014,0.0,0.0,0.0,1006084.5210898916,100000.0,3611941.412180157,5696960.307901648,6377172.426293615,7780000.0,253750000.0
1635.0,1.0,25642.435040726366,16.987520000000014,0.0,0.0,0.0,1006084.5210898916,100000.0,3611941.412180157,5696960.307901648,6377172.426293615,7780000.0,253750000.0
1636.0,1.0,25659.422560726365,16.987520000000014,0.0,0.0,0.0,1006084.5210898916,100000.0,3611941.412180157,5696960.307901648,6377172.426293615,7780000.0,253750000.0
1637.0,1.0,25676.410080726364,16.987520000000014,0.0,0.0,0.0,1006084.5210898916,100000.0,3611941.412180157,5696960.307901648,6377172.426293615,7780000.0,253750000.0
1638.0,1.0,25693.397600726363,16.987520000000014,0.0,0.0,0.0,1006084.5210898916,100000.0,3611941.412180157,5696960.307901648,6377172.426293615,7780000.0,253750000.0
1639.0,1.0,25710.38512072636,16.987520000000014,0.0,0.0,0.0,1006084.5210898916,100000.0,3611941.412180157,5696960.307901648,6377172.426293615,7780000.0,253750000.0
1640.0,1.0,25727.37264072636,16.987520000000014,0.0,0.0,0.0,1006084.5210898916,100000.0,3611941.412180157,5696960.307901648,6377172.426293615,7780000.0,253750000.0
1641.0,1.0,25744.36016072636,16.987520000000014,0.0,0.0,0.0,1006084.5210898916,100000.0,3611941.412180157,5696960.307901648,6377172.426293615,7780000.0,253750000.0
1642.0,1.0,25761.347680726358,16.987520000000014,0.0,0.0,0.0,1006084.5210898916,100000.0,3611941.412180157,5696960.307901648,6377172.426293615,7780000.0,253750000.0
1643.0,1.0,25778.335200726357,16.987520000000014,0.0,0.0,0.0,1006084.5210898916,100000.0,3611941.412180157,5696960.307901648,6377172.426293615,7780000.0,253750000.0
1644.0,1.0,25795.322720726355,16.987520000000014,0.0,0.0,0.0,1006084.5210898916,100000.0,3611941.412180157,5696960.307901648,6377172.426293615,7780000.0,253750000.0
1645.0,1.0,25812.310240726354,16.987520000000014,0.0,0.0,0.0,1006084.5210898916,100000.0,3611941.412180157,5696960.307901648,6377172.426293615,7780000.0,253750000.0
1646.0,1.0,25829.297760726353,16.987520000000014,0.0,0.0,0.0,1006084.5210898916,100000.0,3611941.412180157,5696960.307901648,6377172.426293615,7780000.0,253750000.0
1647.0,1.0,25846.28528072635,16.987520000000014,0.0,0.0,0.0,1006084.5210898916,100000.0,3611941.412180157,5696960.307901648,6377172.426293615,7780000.0,253750000.0
1648.0,1.0,25863.27280072635,16.987520000000014,0.0,0.0,0.0,1006084.5210898916,100000.0,3611941.412180157,5696960.307901648,6377172.426293615,7780000.0,253750000.0
1649.0,1.0,25880.26032072635,16.987520000000014,0.0,0.0,0.0,1006084.5210898916,100000.0,3611941.412180157,5696960.307901648,6377172.426293615,7780000.0,253750000.0
1650.0,1.0,25897.247840726348,16.987520000000014,0.0,0.0,0.0,1006084.5210898916,100000.0,3611941.412180157,5696960.307901648,6377172.426293615,7780000.0,253750000.0
1651.0,1.0,25914.235360726347,16.987520000000014,0.0,0.0,0.0,1006084.5210898916,100000.0,3611941.412180157,5696960.307901648,6377172.426293615,7780000.0,253750000.0
1652.0,1.0,25931.222880726345,16.987520000000014,0.0,0.0,0.0,1006084.5210898916,100000.0,3611941.412180157,5696960.307901648,6377172.426293615,7780000.0,253750000.0
1653.0,1.0,25948.210400726344,16.987520000000014,0.0,0.0,0.0,1006084.5210898916,100000.0,3611941.412180157,5696960.307901648,6377172.426293615,7780000.0,253750000.0
1654.0,1.0,25965.197920726343,16.987520000000014,0.0,0.0,0.0,1006084.5210898916,100000.0,3611941.412180157,5696960.307901648,6377172.426293615,7780000.0,253750000.0
1655.0,1.0,25982.18544072634,16.987520000000014,0.0,0.0,0.0,1006084.5210898916,100000.0,3611941.412180157,5696960.307901648,6377172.426293615,7780000.0,253750000.0
1656.0,1.0,25999.17296072634,16.987520000000014,0.0,0.0,0.0,1006084.5210898916,100000.0,3611941.412180157,5696960.307901648,6377172.426293615,7780000.0,253750000.0
1657.0,1.0,26016.16048072634,16.987520000000014,0.0,0.0,0.0,1006084.5210898916,100000.0,3611941.412180157,5696960.307901648,6377172.426293615,7780000.0,253750000.0
1658.0,1.0,26033.148000726338,16.987520000000014,0.0,0.0,0.0,1006084.5210898916,100000.0,3611941.412180157,5696960.307901648,6377172.426293615,7780000.0,253750000.0
1659.0,1.0,26050.135520726337,16.987520000000014,0.0,0.0,0.0,1006084.5210898916,100000.0,3611941.412180157,5696960.307901648,6377172.426293615,7780000.0,253750000.0
1660.0,1.0,26067.123040726336,16.987520000000014,0.0,0.0,0.0,1006084.5210898916,100000.0,3611941.412180157,5696960.307901648,6377172.426293615,7780000.0,253750000.0
1661.0,1.0,26084.110560726334,16.987520000000014,0.0,0.0,0.0,1006084.5210898916,100000.0,3611941.412180157,5696960.307901648,6377172.426293615,7780000.0,253750000.0
1662.0,1.0,26101.098080726333,16.987520000000014,0.0,0.0,0.0,1006084.5210898916,100000.0,3611941.412180157,5696960.307901648,6377172.426293615,7780000.0,253750000.0
1663.0,1.0,26118.085600726332,16.987520000000014,0.0,0.0,0.0,1006084.5210898916,100000.0,3611941.412180157,5696960.307901648,6377172.426293615,7780000.0,253750000.0
1664.0,1.0,26135.07312072633,16.987520000000014,0.0,0.0,0.0,1006084.5210898916,100000.0,3611941.412180157,5696960.307901648,6377172.426293615,7780000.0,253750000.0
1665.0,1.0,26152.06064072633,16.987520000000014,0.0,0.0,0.0,1006084.5210898916,100000.0,3611941.412180157,5696960.307901648,6377172.426293615,7780000.0,253750000.0
1666.0,1.0,26169.04816072633,16.987520000000014,0.0,0.0,0.0,1006084.5210898916,100000.0,3611941.412180157,5696960.307901648,6377172.426293615,7780000.0,253750000.0
1667.0,1.0,26186.035680726327,16.987520000000014,0.0,0.0,0.0,1006084.5210898916,100000.0,3611941.412180157,5696960.307901648,6377172.426293615,7780000.0,253750000.0
1668.0,1.0,26203.023200726326,16.987520000000014,0.0,0.0,0.0,1006084.5210898916,100000.0,3611941.412180157,5696960.307901648,6377172.426293615,7780000.0,253750000.0
1669.0,1.0,26220.010720726325,16.987520000000014,0.0,0.0,0.0,1006084.5210898916,100000.0,3611941.412180157,5696960.307901648,6377172.426293615,7780000.0,253750000.0
1670.0,1.0,26236.998240726323,16.987520000000014,0.0,0.0,0.0,1006084.5210898916,100000.0,3611941.412180157,5696960.307901648,6377172.426293615,7780000.0,253750000.0
1671.0,1.0,26253.985760726322,16.987520000000014,0.0,0.0,0.0,1006084.5210898916,100000.0,3611941.412180157,5696960.307901648,6377172.426293615,7780000.0,253750000.0
1672.0,1.0,26270.97328072632,16.987520000000014,0.0,0.0,0.0,1006084.5210898916,100000.0,3611941.412180157,5696960.307901648,6377172.426293615,7780000.0,253750000.0
1673.0,1.0,26287.96080072632,16.987520000000014,0.0,0.0,0.0,1006084.5210898916,100000.0,3611941.412180157,5696960.307901648,6377172.426293615,7780000.0,253750000.0
1674.0,1.0,26304.94832072632,16.987520000000014,0.0,0.0,0.0,1006084.5210898916,100000.0,3611941.412180157,5696960.307901648,6377172.426293615,7780000.0,253750000.0
1675.0,1.0,26321.935840726317,16.987520000000014,0.0,0.0,0.0,1006084.5210898916,100000.0,3611941.412180157,5696960.307901648,6377172.426293615,7780000.0,253750000.0
1676.0,1.0,26338.923360726316,16.987520000000014,0.0,0.0,0.0,1006084.5210898916,100000.0,3611941.412180157,5696960.307901648,6377172.426293615,7780000.0,253750000.0
1677.0,1.0,26355.910880726315,16.987520000000014,0.0,0.0,0.0,1006084.5210898916,100000.0,3611941.412180157,5696960.307901648,6377172.426293615,7780000.0,253750000.0
1678.0,1.0,26372.898400726313,16.987520000000014,0.0,0.0,0.0,1006084.5210898916,100000.0,3611941.412180157,5696960.307901648,6377172.426293615,7780000.0,253750000.0
1679.0,1.0,26389.885920726312,16.987520000000014,0.0,0.0,0.0,1006084.5210898916,100000.0,3611941.412180157,5696960.307901648,6377172.426293615,7780000.0,253750000.0
1680.0,1.0,26406.87344072631,16.987520000000014,0.0,0.0,0.0,1006084.5210898916,100000.0,3611941.412180157,5696960.307901648,6377172.426293615,7780000.0,253750000.0
1681.0,1.0,26423.86096072631,16.987520000000014,0.0,0.0,0.0,1006084.5210898916,100000.0,3611941.412180157,5696960.307901648,6377172.426293615,7780000.0,253750000.0
1682.0,1.0,26440.84848072631,16.987520000000014,0.0,0.0,0.0,1006084.5210898916,100000.0,3611941.412180157,5696960.307901648,6377172.426293615,7780000.0,253750000.0
1683.0,1.0,26457.836000726307,16.987520000000014,0.0,0.0,0.0,1006084.5210898916,100000.0,3611941.412180157,5696960.307901648,6377172.426293615,7780000.0,253750000.0
1684.0,1.0,26474.823520726306,16.987520000000014,0.0,0.0,0.0,1006084.5210898916,100000.0,3611941.412180157,5696960.307901648,6377172.426293615,7780000.0,253750000.0
1685.0,1.0,26491.811040726305,16.987520000000014,0.0,0.0,0.0,1006084.5210898916,100000.0,3611941.412180157,5696960.307901648,6377172.426293615,7780000.0,253750000.0
1686.0,1.0,26508.798560726304,16.987520000000014,0.0,0.0,0.0,1006084.5210898916,100000.0,3611941.412180157,5696960.307901648,6377172.426293615,7780000.0,253750000.0
1687.0,1.0,26525.786080726302,16.987520000000014,0.0,0.0,0.0,1006084.5210898916,100000.0,3611941.412180157,5696960.307901648,6377172.426293615,7780000.0,253750000.0
1688.0,1.0,26542.7736007263,16.987520000000014,0.0,0.0,0.0,1006084.5210898916,100000.0,3611941.412180157,5696960.307901648,6377172.426293615,7780000.0,253750000.0
1689.0,1.0,26559.7611207263,16.987520000000014,0.0,0.0,0.0,1006084.5210898916,100000.0,3611941.412180157,5696960.307901648,6377172.426293615,7780000.0,253750000.0
1690.0,1.0,26576.7486407263,16.987520000000014,0.0,0.0,0.0,1006084.5210898916,100000.0,3611941.412180157,5696960.307901648,6377172.426293615,7780000.0,253750000.0
1691.0,1.0,26593.736160726297,16.987520000000014,0.0,0.0,0.0,1006084.5210898916,100000.0,3611941.412180157,5696960.307901648,6377172.426293615,7780000.0,253750000.0
1692.0,1.0,26610.723680726296,16.987520000000014,0.0,0.0,0.0,1006084.5210898916,100000.0,3611941.412180157,5696960.307901648,6377172.426293615,7780000.0,253750000.0
1693.0,1.0,26627.711200726295,16.987520000000014,0.0,0.0,0.0,1006084.5210898916,100000.0,3611941.412180157,5696960.307901648,6377172.426293615,7780000.0,253750000.0
1694.0,1.0,26644.698720726294,16.987520000000014,0.0,0.0,0.0,1006084.5210898916,100000.0,3611941.412180157,5696960.307901648,6377172.426293615,7780000.0,253750000.0
1695.0,1.0,26661.686240726292,16.987520000000014,0.0,0.0,0.0,1006084.5210898916,100000.0,3611941.412180157,5696960.307901648,6377172.426293615,7780000.0,253750000.0
1696.0,1.0,26678.67376072629,16.987520000000014,0.0,0.0,0.0,1006084.5210898916,100000.0,3611941.412180157,5696960.307901648,6377172.426293615,7780000.0,253750000.0
1697.0,1.0,26695.66128072629,16.987520000000014,0.0,0.0,0.0,1006084.5210898916,100000.0,3611941.412180157,5696960.307901648,6377172.426293615,7780000.0,253750000.0
1698.0,1.0,26712.64880072629,16.987520000000014,0.0,0.0,0.0,1006084.5210898916,100000.0,3611941.412180157,5696960.307901648,6377172.426293615,7780000.0,253750000.0
1699.0,1.0,26729.636320726288,16.987520000000014,0.0,0.0,0.0,1006084.5210898916,100000.0,3611941.412180157,5696960.307901648,6377172.426293615,7780000.0,253750000.0
1700.0,1.0,26746.623840726286,16.987520000000014,0.0,0.0,0.0,1006084.5210898916,100000.0,3611941.412180157,5696960.307901648,6377172.426293615,7780000.0,253750000.0
1701.0,1.0,26763.611360726285,16.987520000000014,0.0,0.0,0.0,1006084.5210898916,100000.0,3611941.412180157,5696960.307901648,6377172.426293615,7780000.0,253750000.0
1702.0,1.0,26780.598880726284,16.987520000000014,0.0,0.0,0.0,1006084.5210898916,100000.0,3611941.412180157,5696960.307901648,6377172.426293615,7780000.0,253750000.0
1703.0,1.0,26797.586400726283,16.987520000000014,0.0,0.0,0.0,1006084.5210898916,100000.0,3611941.412180157,5696960.307901648,6377172.426293615,7780000.0,253750000.0
1704.0,1.0,26814.57392072628,16.987520000000014,0.0,0.0,0.0,1006084.5210898916,100000.0,3611941.412180157,5696960.307901648,6377172.426293615,7780000.0,253750000.0
1705.0,1.0,26831.56144072628,16.987520000000014,0.0,0.0,0.0,1006084.5210898916,100000.0,3611941.412180157,5696960.307901648,6377172.426293615,7780000.0,253750000.0
1706.0,1.0,26848.54896072628,16.987520000000014,0.0,0.0,0.0,1006084.5210898916,100000.0,3611941.412180157,5696960.307901648,6377172.426293615,7780000.0,253750000.0
1707.0,1.0,26865.536480726278,16.987520000000014,0.0,0.0,0.0,1006084.5210898916,100000.0,3611941.412180157,5696960.307901648,6377172.426293615,7780000.0,253750000.0
1708.0,1.0,26882.524000726276,16.987520000000014,0.0,0.0,0.0,1006084.5210898916,100000.0,3611941.412180157,5696960.307901648,6377172.426293615,7780000.0,253750000.0
1709.0,1.0,26899.511520726275,16.987520000000014,0.0,0.0,0.0,1006084.5210898916,100000.0,3611941.412180157,5696960.307901648,6377172.426293615,7780000.0,253750000.0
1710.0,1.0,26916.499040726274,16.987520000000014,0.0,0.0,0.0,1006084.5210898916,100000.0,3611941.412180157,5696960.307901648,6377172.426293615,7780000.0,253750000.0
1711.0,1.0,26933.486560726273,16.987520000000014,0.0,0.0,0.0,1006084.5210898916,100000.0,3611941.412180157,5696960.307901648,6377172.426293615,7780000.0,253750000.0
1712.0,1.0,26950.47408072627,16.987520000000014,0.0,0.0,0.0,1006084.5210898916,100000.0,3611941.412180157,5696960.307901648,6377172.426293615,7780000.0,253750000.0
1713.0,1.0,26967.46160072627,16.987520000000014,0.0,0.0,0.0,1006084.5210898916,100000.0,3611941.412180157,5696960.307901648,6377172.426293615,7780000.0,253750000.0
1714.0,1.0,26984.44912072627,16.987520000000014,0.0,0.0,0.0,1006084.5210898916,100000.0,3611941.412180157,5696960.307901648,6377172.426293615,7780000.0,253750000.0
1715.0,1.0,27001.436640726268,16.987520000000014,0.0,0.0,0.0,1006084.5210898916,100000.0,3611941.412180157,5696960.307901648,6377172.426293615,7780000.0,253750000.0
1716.0,1.0,27018.424160726267,16.987520000000014,0.0,0.0,0.0,1006084.5210898916,100000.0,3611941.412180157,5696960.307901648,6377172.426293615,7780000.0,253750000.0
1717.0,1.0,27035.411680726265,16.987520000000014,0.0,0.0,0.0,1006084.5210898916,100000.0,3611941.412180157,5696960.307901648,6377172.426293615,7780000.0,253750000.0
1718.0,1.0,27052.399200726264,16.987520000000014,0.0,0.0,0.0,1006084.5210898916,100000.0,3611941.412180157,5696960.307901648,6377172.426293615,7780000.0,253750000.0
1719.0,1.0,27069.386720726263,16.987520000000014,0.0,0.0,0.0,1006084.5210898916,100000.0,3611941.412180157,5696960.307901648,6377172.426293615,7780000.0,253750000.0
1720.0,1.0,27086.37424072626,16.987520000000014,0.0,0.0,0.0,1006084.5210898916,100000.0,3611941.412180157,5696960.307901648,6377172.426293615,7780000.0,253750000.0
1721.0,1.0,27103.36176072626,16.987520000000014,0.0,0.0,0.0,1006084.5210898916,100000.0,3611941.412180157,5696960.307901648,6377172.426293615,7780000.0,253750000.0
1722.0,1.0,27120.34928072626,16.987520000000014,0.0,0.0,0.0,1006084.5210898916,100000.0,3611941.412180157,5696960.307901648,6377172.426293615,7780000.0,253750000.0
1723.0,1.0,27137.336800726258,16.987520000000014,0.0,0.0,0.0,1006084.5210898916,100000.0,3611941.412180157,5696960.307901648,6377172.426293615,7780000.0,253750000.0
1724.0,1.0,27154.324320726257,16.987520000000014,0.0,0.0,0.0,1006084.5210898916,100000.0,3611941.412180157,5696960.307901648,6377172.426293615,7780000.0,253750000.0
1725.0,1.0,27171.311840726255,16.987520000000014,0.0,0.0,0.0,1006084.5210898916,100000.0,3611941.412180157,5696960.307901648,6377172.426293615,7780000.0,253750000.0
1726.0,1.0,27188.299360726254,16.987520000000014,0.0,0.0,0.0,1006084.5210898916,100000.0,3611941.412180157,5696960.307901648,6377172.426293615,7780000.0,253750000.0
1727.0,1.0,27205.286880726253,16.987520000000014,0.0,0.0,0.0,1006084.5210898916,100000.0,3611941.412180157,5696960.307901648,6377172.426293615,7780000.0,253750000.0
1728.0,1.0,27222.27440072625,16.987520000000014,0.0,0.0,0.0,1006084.5210898916,100000.0,3611941.412180157,5696960.307901648,6377172.426293615,7780000.0,253750000.0
1729.0,1.0,27239.26192072625,16.987520000000014,0.0,0.0,0.0,1006084.5210898916,100000.0,3611941.412180157,5696960.307901648,6377172.426293615,7780000.0,253750000.0
1730.0,1.0,27256.24944072625,16.987520000000014,0.0,0.0,0.0,1006084.5210898916,100000.0,3611941.412180157,5696960.307901648,6377172.426293615,7780000.0,253750000.0
1731.0,1.0,27273.236960726248,16.987520000000014,0.0,0.0,0.0,1006084.5210898916,100000.0,3611941.412180157,5696960.307901648,6377172.426293615,7780000.0,253750000.0
1732.0,1.0,27290.224480726247,16.987520000000014,0.0,0.0,0.0,1006084.5210898916,100000.0,3611941.412180157,5696960.307901648,6377172.426293615,7780000.0,253750000.0
1733.0,1.0,27307.212000726246,16.987520000000014,0.0,0.0,0.0,1006084.5210898916,100000.0,3611941.412180157,5696960.307901648,6377172.426293615,7780000.0,253750000.0
1734.0,1.0,27324.199520726244,16.987520000000014,0.0,0.0,0.0,1006084.5210898916,100000.0,3611941.412180157,5696960.307901648,6377172.426293615,7780000.0,253750000.0
1735.0,1.0,27341.187040726243,16.987520000000014,0.0,0.0,0.0,1006084.5210898916,100000.0,3611941.412180157,5696960.307901648,6377172.426293615,7780000.0,253750000.0
1736.0,1.0,27358.174560726242,16.987520000000014,0.0,0.0,0.0,1006084.5210898916,100000.0,3611941.412180157,5696960.307901648,6377172.426293615,7780000.0,253750000.0
1737.0,1.0,27375.16208072624,16.987520000000014,0.0,0.0,0.0,1006084.5210898916,100000.0,3611941.412180157,5696960.307901648,6377172.426293615,7780000.0,253750000.0
1738.0,1.0,27392.14960072624,16.987520000000014,0.0,0.0,0.0,1006084.5210898916,100000.0,3611941.412180157,5696960.307901648,6377172.426293615,7780000.0,253750000.0
1739.0,1.0,27409.13712072624,16.987520000000014,0.0,0.0,0.0,1006084.5210898916,100000.0,3611941.412180157,5696960.307901648,6377172.426293615,7780000.0,253750000.0
1740.0,1.0,27426.124640726237,16.987520000000014,0.0,0.0,0.0,1006084.5210898916,100000.0,3611941.412180157,5696960.307901648,6377172.426293615,7780000.0,253750000.0
1741.0,1.0,27443.112160726236,16.987520000000014,0.0,0.0,0.0,1006084.5210898916,100000.0,3611941.412180157,5696960.307901648,6377172.426293615,7780000.0,253750000.0
1742.0,1.0,27460.099680726235,16.987520000000014,0.0,0.0,0.0,1006084.5210898916,100000.0,3611941.412180157,5696960.307901648,6377172.426293615,7780000.0,253750000.0
1743.0,1.0,27477.087200726233,16.987520000000014,0.0,0.0,0.0,1006084.5210898916,100000.0,3611941.412180157,5696960.307901648,6377172.426293615,7780000.0,253750000.0
1744.0,1.0,27494.074720726232,16.987520000000014,0.0,0.0,0.0,1006084.5210898916,100000.0,3611941.412180157,5696960.307901648,6377172.426293615,7780000.0,253750000.0
1745.0,1.0,27511.06224072623,16.987520000000014,0.0,0.0,0.0,1006084.5210898916,100000.0,3611941.412180157,5696960.307901648,6377172.426293615,7780000.0,253750000.0
1746.0,1.0,27528.04976072623,16.987520000000014,0.0,0.0,0.0,1006084.5210898916,100000.0,3611941.412180157,5696960.307901648,6377172.426293615,7780000.0,253750000.0
1747.0,1.0,27545.03728072623,16.987520000000014,0.0,0.0,0.0,1006084.5210898916,100000.0,3611941.412180157,5696960.307901648,6377172.426293615,7780000.0,253750000.0
1748.0,1.0,27562.024800726227,16.987520000000014,0.0,0.0,0.0,1006084.5210898916,100000.0,3611941.412180157,5696960.307901648,6377172.426293615,7780000.0,253750000.0
1749.0,1.0,27579.012320726226,16.987520000000014,0.0,0.0,0.0,1006084.5210898916,100000.0,3611941.412180157,5696960.307901648,6377172.426293615,7780000.0,253750000.0
1750.0,1.0,27595.999840726225,16.987520000000014,0.0,0.0,0.0,1006084.5210898916,100000.0,3611941.412180157,5696960.307901648,6377172.426293615,7780000.0,253750000.0
1751.0,1.0,27612.987360726223,16.987520000000014,0.0,0.0,0.0,1006084.5210898916,100000.0,3611941.412180157,5696960.307901648,6377172.426293615,7780000.0,253750000.0
1752.0,1.0,27629.974880726222,16.987520000000014,0.0,0.0,0.0,1006084.5210898916,100000.0,3611941.412180157,5696960.307901648,6377172.426293615,7780000.0,253750000.0
1753.0,1.0,27646.96240072622,16.987520000000014,0.0,0.0,0.0,1006084.5210898916,100000.0,3611941.412180157,5696960.307901648,6377172.426293615,7780000.0,253750000.0
1754.0,1.0,27663.94992072622,16.987520000000014,0.0,0.0,0.0,1006084.5210898916,100000.0,3611941.412180157,5696960.307901648,6377172.426293615,7780000.0,253750000.0
1755.0,1.0,27680.93744072622,16.987520000000014,0.0,0.0,0.0,1006084.5210898916,100000.0,3611941.412180157,5696960.307901648,6377172.426293615,7780000.0,253750000.0
1756.0,1.0,27697.924960726217,16.987520000000014,0.0,0.0,0.0,1006084.5210898916,100000.0,3611941.412180157,5696960.307901648,6377172.426293615,7780000.0,253750000.0
1757.0,1.0,27714.912480726216,16.987520000000014,0.0,0.0,0.0,1006084.5210898916,100000.0,3611941.412180157,5696960.307901648,6377172.426293615,7780000.0,253750000.0
1758.0,1.0,27731.900000726215,16.987520000000014,0.0,0.0,0.0,1006084.5210898916,100000.0,3611941.412180157,5696960.307901648,6377172.426293615,7780000.0,253750000.0
1759.0,1.0,27748.887520726214,16.987520000000014,0.0,0.0,0.0,1006084.5210898916,100000.0,3611941.412180157,5696960.307901648,6377172.426293615,7780000.0,253750000.0
1760.0,1.0,27765.875040726212,16.987520000000014,0.0,0.0,0.0,1006084.5210898916,100000.0,3611941.412180157,5696960.307901648,6377172.426293615,7780000.0,253750000.0
1761.0,1.0,27782.86256072621,16.987520000000014,0.0,0.0,0.0,1006084.5210898916,100000.0,3611941.412180157,5696960.307901648,6377172.426293615,7780000.0,253750000.0
1762.0,1.0,27799.85008072621,16.987520000000014,0.0,0.0,0.0,1006084.5210898916,100000.0,3611941.412180157,5696960.307901648,6377172.426293615,7780000.0,253750000.0
1763.0,1.0,27816.83760072621,16.987520000000014,0.0,0.0,0.0,1006084.5210898916,100000.0,3611941.412180157,5696960.307901648,6377172.426293615,7780000.0,253750000.0
1764.0,1.0,27833.825120726207,16.987520000000014,0.0,0.0,0.0,1006084.5210898916,100000.0,3611941.412180157,5696960.307901648,6377172.426293615,7780000.0,253750000.0
1765.0,1.0,27850.812640726206,16.987520000000014,0.0,0.0,0.0,1006084.5210898916,100000.0,3611941.412180157,5696960.307901648,6377172.426293615,7780000.0,253750000.0
1766.0,1.0,27867.800160726205,16.987520000000014,0.0,0.0,0.0,1006084.5210898916,100000.0,3611941.412180157,5696960.307901648,6377172.426293615,7780000.0,253750000.0
1767.0,1.0,27884.787680726204,16.987520000000014,0.0,0.0,0.0,1006084.5210898916,100000.0,3611941.412180157,5696960.307901648,6377172.426293615,7780000.0,253750000.0
1768.0,1.0,27901.775200726202,16.987520000000014,0.0,0.0,0.0,1006084.5210898916,100000.0,3611941.412180157,5696960.307901648,6377172.426293615,7780000.0,253750000.0
1769.0,1.0,27918.7627207262,16.987520000000014,0.0,0.0,0.0,1006084.5210898916,100000.0,3611941.412180157,5696960.307901648,6377172.426293615,7780000.0,253750000.0
1770.0,1.0,27935.7502407262,16.987520000000014,0.0,0.0,0.0,1006084.5210898916,100000.0,3611941.412180157,5696960.307901648,6377172.426293615,7780000.0,253750000.0
1771.0,1.0,27952.7377607262,16.987520000000014,0.0,0.0,0.0,1006084.5210898916,100000.0,3611941.412180157,5696960.307901648,6377172.426293615,7780000.0,253750000.0
1772.0,1.0,27969.725280726198,16.987520000000014,0.0,0.0,0.0,1006084.5210898916,100000.0,3611941.412180157,5696960.307901648,6377172.426293615,7780000.0,253750000.0
1773.0,1.0,27986.712800726196,16.987520000000014,0.0,0.0,0.0,1006084.5210898916,100000.0,3611941.412180157,5696960.307901648,6377172.426293615,7780000.0,253750000.0
1774.0,1.0,28003.700320726195,16.987520000000014,0.0,0.0,0.0,1006084.5210898916,100000.0,3611941.412180157,5696960.307901648,6377172.426293615,7780000.0,253750000.0
1775.0,1.0,28020.687840726194,16.987520000000014,0.0,0.0,0.0,1006084.5210898916,100000.0,3611941.412180157,5696960.307901648,6377172.426293615,7780000.0,253750000.0
1776.0,1.0,28037.675360726193,16.987520000000014,0.0,0.0,0.0,1006084.5210898916,100000.0,3611941.412180157,5696960.307901648,6377172.426293615,7780000.0,253750000.0
1777.0,1.0,28054.66288072619,16.987520000000014,0.0,0.0,0.0,1006084.5210898916,100000.0,3611941.412180157,5696960.307901648,6377172.426293615,7780000.0,253750000.0
1778.0,1.0,28071.65040072619,16.987520000000014,0.0,0.0,0.0,1006084.5210898916,100000.0,3611941.412180157,5696960.307901648,6377172.426293615,7780000.0,253750000.0
1779.0,1.0,28088.63792072619,16.987520000000014,0.0,0.0,0.0,1006084.5210898916,100000.0,3611941.412180157,5696960.307901648,6377172.426293615,7780000.0,253750000.0
1780.0,1.0,28105.625440726188,16.987520000000014,0.0,0.0,0.0,1006084.5210898916,100000.0,3611941.412180157,5696960.307901648,6377172.426293615,7780000.0,253750000.0
1781.0,1.0,28122.612960726186,16.987520000000014,0.0,0.0,0.0,1006084.5210898916,100000.0,3611941.412180157,5696960.307901648,6377172.426293615,7780000.0,253750000.0
1782.0,1.0,28139.600480726185,16.987520000000014,0.0,0.0,0.0,1006084.5210898916,100000.0,3611941.412180157,5696960.307901648,6377172.426293615,7780000.0,253750000.0
1783.0,1.0,28156.588000726184,16.987520000000014,0.0,0.0,0.0,1006084.5210898916,100000.0,3611941.412180157,5696960.307901648,6377172.426293615,7780000.0,253750000.0
1784.0,1.0,28173.575520726183,16.987520000000014,0.0,0.0,0.0,1006084.5210898916,100000.0,3611941.412180157,5696960.307901648,6377172.426293615,7780000.0,253750000.0
1785.0,1.0,28190.56304072618,16.987520000000014,0.0,0.0,0.0,1006084.5210898916,100000.0,3611941.412180157,5696960.307901648,6377172.426293615,7780000.0,253750000.0
1786.0,1.0,28207.55056072618,16.987520000000014,0.0,0.0,0.0,1006084.5210898916,100000.0,3611941.412180157,5696960.307901648,6377172.426293615,7780000.0,253750000.0
1787.0,1.0,28224.53808072618,16.987520000000014,0.0,0.0,0.0,1006084.5210898916,100000.0,3611941.412180157,5696960.307901648,6377172.426293615,7780000.0,253750000.0
1788.0,1.0,28241.525600726178,16.987520000000014,0.0,0.0,0.0,1006084.5210898916,100000.0,3611941.412180157,5696960.307901648,6377172.426293615,7780000.0,253750000.0
1789.0,1.0,28258.513120726177,16.987520000000014,0.0,0.0,0.0,1006084.5210898916,100000.0,3611941.412180157,5696960.307901648,6377172.426293615,7780000.0,253750000.0
1790.0,1.0,28275.500640726175,16.987520000000014,0.0,0.0,0.0,1006084.5210898916,100000.0,3611941.412180157,5696960.307901648,6377172.426293615,7780000.0,253750000.0
1791.0,1.0,28292.488160726174,16.987520000000014,0.0,0.0,0.0,1006084.5210898916,100000.0,3611941.412180157,5696960.307901648,6377172.426293615,7780000.0,253750000.0
1792.0,1.0,28309.475680726173,16.987520000000014,0.0,0.0,0.0,1006084.5210898916,100000.0,3611941.412180157,5696960.307901648,6377172.426293615,7780000.0,253750000.0
1793.0,1.0,28326.46320072617,16.987520000000014,0.0,0.0,0.0,1006084.5210898916,100000.0,3611941.412180157,5696960.307901648,6377172.426293615,7780000.0,253750000.0
1794.0,1.0,28343.45072072617,16.987520000000014,0.0,0.0,0.0,1006084.5210898916,100000.0,3611941.412180157,5696960.307901648,6377172.426293615,7780000.0,253750000.0
1795.0,1.0,28360.43824072617,16.987520000000014,0.0,0.0,0.0,1006084.5210898916,100000.0,3611941.412180157,5696960.307901648,6377172.426293615,7780000.0,253750000.0
1796.0,1.0,28377.425760726168,16.987520000000014,0.0,0.0,0.0,1006084.5210898916,100000.0,3611941.412180157,5696960.307901648,6377172.426293615,7780000.0,253750000.0
1797.0,1.0,28394.413280726167,16.987520000000014,0.0,0.0,0.0,1006084.5210898916,100000.0,3611941.412180157,5696960.307901648,6377172.426293615,7780000.0,253750000.0
1798.0,1.0,28411.400800726165,16.987520000000014,0.0,0.0,0.0,1006084.5210898916,100000.0,3611941.412180157,5696960.307901648,6377172.426293615,7780000.0,253750000.0
1799.0,1.0,28428.388320726164,16.987520000000014,0.0,0.0,0.0,1006084.5210898916,100000.0,3611941.412180157,5696960.307901648,6377172.426293615,7780000.0,253750000.0
1800.0,1.0,28445.375840726163,16.987520000000014,0.0,0.0,0.0,1006084.5210898916,100000.0,3611941.412180157,5696960.307901648,6377172.426293615,7780000.0,253750000.0
1801.0,1.0,28462.36336072616,16.987520000000014,0.0,0.0,0.0,1006084.5210898916,100000.0,3611941.412180157,5696960.307901648,6377172.426293615,7780000.0,253750000.0
1802.0,1.0,28479.35088072616,16.987520000000014,0.0,0.0,0.0,1006084.5210898916,100000.0,3611941.412180157,5696960.307901648,6377172.426293615,7780000.0,253750000.0
1803.0,1.0,28496.33840072616,16.987520000000014,0.0,0.0,0.0,1006084.5210898916,100000.0,3611941.412180157,5696960.307901648,6377172.426293615,7780000.0,253750000.0
1804.0,1.0,28513.325920726158,16.987520000000014,0.0,0.0,0.0,1006084.5210898916,100000.0,3611941.412180157,5696960.307901648,6377172.426293615,7780000.0,253750000.0
1805.0,1.0,28530.313440726157,16.987520000000014,0.0,0.0,0.0,1006084.5210898916,100000.0,3611941.412180157,5696960.307901648,6377172.426293615,7780000.0,253750000.0
1806.0,1.0,28547.300960726156,16.987520000000014,0.0,0.0,0.0,1006084.5210898916,100000.0,3611941.412180157,5696960.307901648,6377172.426293615,7780000.0,253750000.0
1807.0,1.0,28564.288480726154,16.987520000000014,0.0,0.0,0.0,1006084.5210898916,100000.0,3611941.412180157,5696960.307901648,6377172.426293615,7780000.0,253750000.0
1808.0,1.0,28581.276000726153,16.987520000000014,0.0,0.0,0.0,1006084.5210898916,100000.0,3611941.412180157,5696960.307901648,6377172.426293615,7780000.0,253750000.0
1809.0,1.0,28598.263520726152,16.987520000000014,0.0,0.0,0.0,1006084.5210898916,100000.0,3611941.412180157,5696960.307901648,6377172.426293615,7780000.0,253750000.0
1810.0,1.0,28615.25104072615,16.987520000000014,0.0,0.0,0.0,1006084.5210898916,100000.0,3611941.412180157,5696960.307901648,6377172.426293615,7780000.0,253750000.0
1811.0,1.0,28632.23856072615,16.987520000000014,0.0,0.0,0.0,1006084.5210898916,100000.0,3611941.412180157,5696960.307901648,6377172.426293615,7780000.0,253750000.0
1812.0,1.0,28649.22608072615,16.987520000000014,0.0,0.0,0.0,1006084.5210898916,100000.0,3611941.412180157,5696960.307901648,6377172.426293615,7780000.0,253750000.0
1813.0,1.0,28666.213600726147,16.987520000000014,0.0,0.0,0.0,1006084.5210898916,100000.0,3611941.412180157,5696960.307901648,6377172.426293615,7780000.0,253750000.0
1814.0,1.0,28683.201120726146,16.987520000000014,0.0,0.0,0.0,1006084.5210898916,100000.0,3611941.412180157,5696960.307901648,6377172.426293615,7780000.0,253750000.0
1815.0,1.0,28700.188640726145,16.987520000000014,0.0,0.0,0.0,1006084.5210898916,100000.0,3611941.412180157,5696960.307901648,6377172.426293615,7780000.0,253750000.0
1816.0,1.0,28717.176160726143,16.987520000000014,0.0,0.0,0.0,1006084.5210898916,100000.0,3611941.412180157,5696960.307901648,6377172.426293615,7780000.0,253750000.0
1817.0,1.0,28734.163680726142,16.987520000000014,0.0,0.0,0.0,1006084.5210898916,100000.0,3611941.412180157,5696960.307901648,6377172.426293615,7780000.0,253750000.0
1818.0,1.0,28751.15120072614,16.987520000000014,0.0,0.0,0.0,1006084.5210898916,100000.0,3611941.412180157,5696960.307901648,6377172.426293615,7780000.0,253750000.0
1819.0,1.0,28768.13872072614,16.987520000000014,0.0,0.0,0.0,1006084.5210898916,100000.0,3611941.412180157,5696960.307901648,6377172.426293615,7780000.0,253750000.0
1820.0,1.0,28785.12624072614,16.987520000000014,0.0,0.0,0.0,1006084.5210898916,100000.0,3611941.412180157,5696960.307901648,6377172.426293615,7780000.0,253750000.0
1821.0,1.0,28802.113760726137,16.987520000000014,0.0,0.0,0.0,1006084.5210898916,100000.0,3611941.412180157,5696960.307901648,6377172.426293615,7780000.0,253750000.0
1822.0,1.0,28819.101280726136,16.987520000000014,0.0,0.0,0.0,1006084.5210898916,100000.0,3611941.412180157,5696960.307901648,6377172.426293615,7780000.0,253750000.0
1823.0,1.0,28836.088800726135,16.987520000000014,0.0,0.0,0.0,1006084.5210898916,100000.0,3611941.412180157,5696960.307901648,6377172.426293615,7780000.0,253750000.0
1824.0,1.0,28853.076320726133,16.987520000000014,0.0,0.0,0.0,1006084.5210898916,100000.0,3611941.412180157,5696960.307901648,6377172.426293615,7780000.0,253750000.0
1825.0,1.0,28870.063840726132,16.987520000000014,0.0,0.0,0.0,1006084.5210898916,100000.0,3611941.412180157,5696960.307901648,6377172.426293615,7780000.0,253750000.0
1826.0,1.0,28887.05136072613,16.987520000000014,0.0,0.0,0.0,1006084.5210898916,100000.0,3611941.412180157,5696960.307901648,6377172.426293615,7780000.0,253750000.0
1827.0,1.0,28904.03888072613,16.987520000000014,0.0,0.0,0.0,1006084.5210898916,100000.0,3611941.412180157,5696960.307901648,6377172.426293615,7780000.0,253750000.0
1828.0,1.0,28921.02640072613,16.987520000000014,0.0,0.0,0.0,1006084.5210898916,100000.0,3611941.412180157,5696960.307901648,6377172.426293615,7780000.0,253750000.0
1829.0,1.0,28938.013920726127,16.987520000000014,0.0,0.0,0.0,1006084.5210898916,100000.0,3611941.412180157,5696960.307901648,6377172.426293615,7780000.0,253750000.0
1830.0,1.0,28955.001440726126,16.987520000000014,0.0,0.0,0.0,1006084.5210898916,100000.0,3611941.412180157,5696960.307901648,6377172.426293615,7780000.0,253750000.0
1831.0,1.0,28971.988960726125,16.987520000000014,0.0,0.0,0.0,1006084.5210898916,100000.0,3611941.412180157,5696960.307901648,6377172.426293615,7780000.0,253750000.0
1832.0,1.0,28988.976480726124,16.987520000000014,0.0,0.0,0.0,1006084.5210898916,100000.0,3611941.412180157,5696960.307901648,6377172.426293615,7780000.0,253750000.0
1833.0,1.0,29005.964000726122,16.987520000000014,0.0,0.0,0.0,1006084.5210898916,100000.0,3611941.412180157,5696960.307901648,6377172.426293615,7780000.0,253750000.0
1834.0,1.0,29022.95152072612,16.987520000000014,0.0,0.0,0.0,1006084.5210898916,100000.0,3611941.412180157,5696960.307901648,6377172.426293615,7780000.0,253750000.0
1835.0,1.0,29039.93904072612,16.987520000000014,0.0,0.0,0.0,1006084.5210898916,100000.0,3611941.412180157,5696960.307901648,6377172.426293615,7780000.0,253750000.0
1836.0,1.0,29056.92656072612,16.987520000000014,0.0,0.0,0.0,1006084.5210898916,100000.0,3611941.412180157,5696960.307901648,6377172.426293615,7780000.0,253750000.0
1837.0,1.0,29073.914080726117,16.987520000000014,0.0,0.0,0.0,1006084.5210898916,100000.0,3611941.412180157,5696960.307901648,6377172.426293615,7780000.0,253750000.0
1838.0,1.0,29090.901600726116,16.987520000000014,0.0,0.0,0.0,1006084.5210898916,100000.0,3611941.412180157,5696960.307901648,6377172.426293615,7780000.0,253750000.0
1839.0,1.0,29107.889120726115,16.987520000000014,0.0,0.0,0.0,1006084.5210898916,100000.0,3611941.412180157,5696960.307901648,6377172.426293615,7780000.0,253750000.0
1840.0,1.0,29124.876640726114,16.987520000000014,0.0,0.0,0.0,1006084.5210898916,100000.0,3611941.412180157,5696960.307901648,6377172.426293615,7780000.0,253750000.0
1841.0,1.0,29141.864160726112,16.987520000000014,0.0,0.0,0.0,1006084.5210898916,100000.0,3611941.412180157,5696960.307901648,6377172.426293615,7780000.0,253750000.0
1842.0,1.0,29158.85168072611,16.987520000000014,0.0,0.0,0.0,1006084.5210898916,100000.0,3611941.412180157,5696960.307901648,6377172.426293615,7780000.0,253750000.0
1843.0,1.0,29175.83920072611,16.987520000000014,0.0,0.0,0.0,1006084.5210898916,100000.0,3611941.412180157,5696960.307901648,6377172.426293615,7780000.0,253750000.0
1844.0,1.0,29192.82672072611,16.987520000000014,0.0,0.0,0.0,1006084.5210898916,100000.0,3611941.412180157,5696960.307901648,6377172.426293615,7780000.0,253750000.0
1845.0,1.0,29209.814240726108,16.987520000000014,0.0,0.0,0.0,1006084.5210898916,100000.0,3611941.412180157,5696960.307901648,6377172.426293615,7780000.0,253750000.0
1846.0,1.0,29226.801760726106,16.987520000000014,0.0,0.0,0.0,1006084.5210898916,100000.0,3611941.412180157,5696960.307901648,6377172.426293615,7780000.0,253750000.0
1847.0,1.0,29243.789280726105,16.987520000000014,0.0,0.0,0.0,1006084.5210898916,100000.0,3611941.412180157,5696960.307901648,6377172.426293615,7780000.0,253750000.0
1848.0,1.0,29260.776800726104,16.987520000000014,0.0,0.0,0.0,1006084.5210898916,100000.0,3611941.412180157,5696960.307901648,6377172.426293615,7780000.0,253750000.0
1849.0,1.0,29277.764320726103,16.987520000000014,0.0,0.0,0.0,1006084.5210898916,100000.0,3611941.412180157,5696960.307901648,6377172.426293615,7780000.0,253750000.0
1850.0,1.0,29294.7518407261,16.987520000000014,0.0,0.0,0.0,1006084.5210898916,100000.0,3611941.412180157,5696960.307901648,6377172.426293615,7780000.0,253750000.0
1851.0,1.0,29311.7393607261,16.987520000000014,0.0,0.0,0.0,1006084.5210898916,100000.0,3611941.412180157,5696960.307901648,6377172.426293615,7780000.0,253750000.0
1852.0,1.0,29328.7268807261,16.987520000000014,0.0,0.0,0.0,1006084.5210898916,100000.0,3611941.412180157,5696960.307901648,6377172.426293615,7780000.0,253750000.0
1853.0,1.0,29345.714400726098,16.987520000000014,0.0,0.0,0.0,1006084.5210898916,100000.0,3611941.412180157,5696960.307901648,6377172.426293615,7780000.0,253750000.0
1854.0,1.0,29362.701920726096,16.987520000000014,0.0,0.0,0.0,1006084.5210898916,100000.0,3611941.412180157,5696960.307901648,6377172.426293615,7780000.0,253750000.0
1855.0,1.0,29379.689440726095,16.987520000000014,0.0,0.0,0.0,1006084.5210898916,100000.0,3611941.412180157,5696960.307901648,6377172.426293615,7780000.0,253750000.0
1856.0,1.0,29396.676960726094,16.987520000000014,0.0,0.0,0.0,1006084.5210898916,100000.0,3611941.412180157,5696960.307901648,6377172.426293615,7780000.0,253750000.0
1857.0,1.0,29413.664480726093,16.987520000000014,0.0,0.0,0.0,1006084.5210898916,100000.0,3611941.412180157,5696960.307901648,6377172.426293615,7780000.0,253750000.0
1858.0,1.0,29430.65200072609,16.987520000000014,0.0,0.0,0.0,1006084.5210898916,100000.0,3611941.412180157,5696960.307901648,6377172.426293615,7780000.0,253750000.0
1859.0,1.0,29447.63952072609,16.987520000000014,0.0,0.0,0.0,1006084.5210898916,100000.0,3611941.412180157,5696960.307901648,6377172.426293615,7780000.0,253750000.0
1860.0,1.0,29464.62704072609,16.987520000000014,0.0,0.0,0.0,1006084.5210898916,100000.0,3611941.412180157,5696960.307901648,6377172.426293615,7780000.0,253750000.0
1861.0,1.0,29481.614560726088,16.987520000000014,0.0,0.0,0.0,1006084.5210898916,100000.0,3611941.412180157,5696960.307901648,6377172.426293615,7780000.0,253750000.0
1862.0,1.0,29498.602080726087,16.987520000000014,0.0,0.0,0.0,1006084.5210898916,100000.0,3611941.412180157,5696960.307901648,6377172.426293615,7780000.0,253750000.0
1863.0,1.0,29515.589600726085,16.987520000000014,0.0,0.0,0.0,1006084.5210898916,100000.0,3611941.412180157,5696960.307901648,6377172.426293615,7780000.0,253750000.0
1864.0,1.0,29532.577120726084,16.987520000000014,0.0,0.0,0.0,1006084.5210898916,100000.0,3611941.412180157,5696960.307901648,6377172.426293615,7780000.0,253750000.0
1865.0,1.0,29549.564640726083,16.987520000000014,0.0,0.0,0.0,1006084.5210898916,100000.0,3611941.412180157,5696960.307901648,6377172.426293615,7780000.0,253750000.0
1866.0,1.0,29566.55216072608,16.987520000000014,0.0,0.0,0.0,1006084.5210898916,100000.0,3611941.412180157,5696960.307901648,6377172.426293615,7780000.0,253750000.0
1867.0,1.0,29583.53968072608,16.987520000000014,0.0,0.0,0.0,1006084.5210898916,100000.0,3611941.412180157,5696960.307901648,6377172.426293615,7780000.0,253750000.0
1868.0,1.0,29600.52720072608,16.987520000000014,0.0,0.0,0.0,1006084.5210898916,100000.0,3611941.412180157,5696960.307901648,6377172.426293615,7780000.0,253750000.0
1869.0,1.0,29617.514720726078,16.987520000000014,0.0,0.0,0.0,1006084.5210898916,100000.0,3611941.412180157,5696960.307901648,6377172.426293615,7780000.0,253750000.0
1870.0,1.0,29634.502240726077,16.987520000000014,0.0,0.0,0.0,1006084.5210898916,100000.0,3611941.412180157,5696960.307901648,6377172.426293615,7780000.0,253750000.0
1871.0,1.0,29651.489760726075,16.987520000000014,0.0,0.0,0.0,1006084.5210898916,100000.0,3611941.412180157,5696960.307901648,6377172.426293615,7780000.0,253750000.0
1872.0,1.0,29668.477280726074,16.987520000000014,0.0,0.0,0.0,1006084.5210898916,100000.0,3611941.412180157,5696960.307901648,6377172.426293615,7780000.0,253750000.0
1873.0,1.0,29685.464800726073,16.987520000000014,0.0,0.0,0.0,1006084.5210898916,100000.0,3611941.412180157,5696960.307901648,6377172.426293615,7780000.0,253750000.0
1874.0,1.0,29702.45232072607,16.987520000000014,0.0,0.0,0.0,1006084.5210898916,100000.0,3611941.412180157,5696960.307901648,6377172.426293615,7780000.0,253750000.0
1875.0,1.0,29719.43984072607,16.987520000000014,0.0,0.0,0.0,1006084.5210898916,100000.0,3611941.412180157,5696960.307901648,6377172.426293615,7780000.0,253750000.0
1876.0,1.0,29736.42736072607,16.987520000000014,0.0,0.0,0.0,1006084.5210898916,100000.0,3611941.412180157,5696960.307901648,6377172.426293615,7780000.0,253750000.0
1877.0,1.0,29753.414880726068,16.987520000000014,0.0,0.0,0.0,1006084.5210898916,100000.0,3611941.412180157,5696960.307901648,6377172.426293615,7780000.0,253750000.0
1878.0,1.0,29770.402400726067,16.987520000000014,0.0,0.0,0.0,1006084.5210898916,100000.0,3611941.412180157,5696960.307901648,6377172.426293615,7780000.0,253750000.0
1879.0,1.0,29787.389920726066,16.987520000000014,0.0,0.0,0.0,1006084.5210898916,100000.0,3611941.412180157,5696960.307901648,6377172.426293615,7780000.0,253750000.0
1880.0,1.0,29804.377440726064,16.987520000000014,0.0,0.0,0.0,1006084.5210898916,100000.0,3611941.412180157,5696960.307901648,6377172.426293615,7780000.0,253750000.0
1881.0,1.0,29821.364960726063,16.987520000000014,0.0,0.0,0.0,1006084.5210898916,100000.0,3611941.412180157,5696960.307901648,6377172.426293615,7780000.0,253750000.0
1882.0,1.0,29838.352480726062,16.987520000000014,0.0,0.0,0.0,1006084.5210898916,100000.0,3611941.412180157,5696960.307901648,6377172.426293615,7780000.0,253750000.0
1883.0,1.0,29855.34000072606,16.987520000000014,0.0,0.0,0.0,1006084.5210898916,100000.0,3611941.412180157,5696960.307901648,6377172.426293615,7780000.0,253750000.0
1884.0,1.0,29872.32752072606,16.987520000000014,0.0,0.0,0.0,1006084.5210898916,100000.0,3611941.412180157,5696960.307901648,6377172.426293615,7780000.0,253750000.0
1885.0,1.0,29889.31504072606,16.987520000000014,0.0,0.0,0.0,1006084.5210898916,100000.0,3611941.412180157,5696960.307901648,6377172.426293615,7780000.0,253750000.0
1886.0,1.0,29906.302560726057,16.987520000000014,0.0,0.0,0.0,1006084.5210898916,100000.0,3611941.412180157,5696960.307901648,6377172.426293615,7780000.0,253750000.0
1887.0,1.0,29923.290080726056,16.987520000000014,0.0,0.0,0.0,1006084.5210898916,100000.0,3611941.412180157,5696960.307901648,6377172.426293615,7780000.0,253750000.0
1888.0,1.0,29940.277600726055,16.987520000000014,0.0,0.0,0.0,1006084.5210898916,100000.0,3611941.412180157,5696960.307901648,6377172.426293615,7780000.0,253750000.0
1889.0,1.0,29957.265120726053,16.987520000000014,0.0,0.0,0.0,1006084.5210898916,100000.0,3611941.412180157,5696960.307901648,6377172.426293615,7780000.0,253750000.0
1890.0,1.0,29974.252640726052,16.987520000000014,0.0,0.0,0.0,1006084.5210898916,100000.0,3611941.412180157,5696960.307901648,6377172.426293615,7780000.0,253750000.0
1891.0,1.0,29991.24016072605,16.987520000000014,0.0,0.0,0.0,1006084.5210898916,100000.0,3611941.412180157,5696960.307901648,6377172.426293615,7780000.0,253750000.0
1892.0,1.0,30008.22768072605,16.987520000000014,0.0,0.0,0.0,1006084.5210898916,100000.0,3611941.412180157,5696960.307901648,6377172.426293615,7780000.0,253750000.0
1893.0,1.0,30025.21520072605,16.987520000000014,0.0,0.0,0.0,1006084.5210898916,100000.0,3611941.412180157,5696960.307901648,6377172.426293615,7780000.0,253750000.0
1894.0,1.0,30042.202720726047,16.987520000000014,0.0,0.0,0.0,1006084.5210898916,100000.0,3611941.412180157,5696960.307901648,6377172.426293615,7780000.0,253750000.0
1895.0,1.0,30059.190240726046,16.987520000000014,0.0,0.0,0.0,1006084.5210898916,100000.0,3611941.412180157,5696960.307901648,6377172.426293615,7780000.0,253750000.0
1896.0,1.0,30076.177760726045,16.987520000000014,0.0,0.0,0.0,1006084.5210898916,100000.0,3611941.412180157,5696960.307901648,6377172.426293615,7780000.0,253750000.0
1897.0,1.0,30093.165280726043,16.987520000000014,0.0,0.0,0.0,1006084.5210898916,100000.0,3611941.412180157,5696960.307901648,6377172.426293615,7780000.0,253750000.0
1898.0,1.0,30110.152800726042,16.987520000000014,0.0,0.0,0.0,1006084.5210898916,100000.0,3611941.412180157,5696960.307901648,6377172.426293615,7780000.0,253750000.0
1899.0,1.0,30127.14032072604,16.987520000000014,0.0,0.0,0.0,1006084.5210898916,100000.0,3611941.412180157,5696960.307901648,6377172.426293615,7780000.0,253750000.0
1900.0,1.0,30144.12784072604,16.987520000000014,0.0,0.0,0.0,1006084.5210898916,100000.0,3611941.412180157,5696960.307901648,6377172.426293615,7780000.0,253750000.0
1901.0,1.0,30161.11536072604,16.987520000000014,0.0,0.0,0.0,1006084.5210898916,100000.0,3611941.412180157,5696960.307901648,6377172.426293615,7780000.0,253750000.0
1902.0,1.0,30178.102880726037,16.987520000000014,0.0,0.0,0.0,1006084.5210898916,100000.0,3611941.412180157,5696960.307901648,6377172.426293615,7780000.0,253750000.0
1903.0,1.0,30195.090400726036,16.987520000000014,0.0,0.0,0.0,1006084.5210898916,100000.0,3611941.412180157,5696960.307901648,6377172.426293615,7780000.0,253750000.0
1904.0,1.0,30212.077920726035,16.987520000000014,0.0,0.0,0.0,1006084.5210898916,100000.0,3611941.412180157,5696960.307901648,6377172.426293615,7780000.0,253750000.0
1905.0,1.0,30229.065440726034,16.987520000000014,0.0,0.0,0.0,1006084.5210898916,100000.0,3611941.412180157,5696960.307901648,6377172.426293615,7780000.0,253750000.0
1906.0,1.0,30246.052960726032,16.987520000000014,0.0,0.0,0.0,1006084.5210898916,100000.0,3611941.412180157,5696960.307901648,6377172.426293615,7780000.0,253750000.0
1907.0,1.0,30263.04048072603,16.987520000000014,0.0,0.0,0.0,1006084.5210898916,100000.0,3611941.412180157,5696960.307901648,6377172.426293615,7780000.0,253750000.0
1908.0,1.0,30280.02800072603,16.987520000000014,0.0,0.0,0.0,1006084.5210898916,100000.0,3611941.412180157,5696960.307901648,6377172.426293615,7780000.0,253750000.0
1909.0,1.0,30297.01552072603,16.987520000000014,0.0,0.0,0.0,1006084.5210898916,100000.0,3611941.412180157,5696960.307901648,6377172.426293615,7780000.0,253750000.0
1910.0,1.0,30314.003040726027,16.987520000000014,0.0,0.0,0.0,1006084.5210898916,100000.0,3611941.412180157,5696960.307901648,6377172.426293615,7780000.0,253750000.0
1911.0,1.0,30330.990560726026,16.987520000000014,0.0,0.0,0.0,1006084.5210898916,100000.0,3611941.412180157,5696960.307901648,6377172.426293615,7780000.0,253750000.0
1912.0,1.0,30347.978080726025,16.987520000000014,0.0,0.0,0.0,1006084.5210898916,100000.0,3611941.412180157,5696960.307901648,6377172.426293615,7780000.0,253750000.0
1913.0,1.0,30364.965600726024,16.987520000000014,0.0,0.0,0.0,1006084.5210898916,100000.0,3611941.412180157,5696960.307901648,6377172.426293615,7780000.0,253750000.0
1914.0,1.0,30381.953120726022,16.987520000000014,0.0,0.0,0.0,1006084.5210898916,100000.0,3611941.412180157,5696960.307901648,6377172.426293615,7780000.0,253750000.0
1915.0,1.0,30398.94064072602,16.987520000000014,0.0,0.0,0.0,1006084.5210898916,100000.0,3611941.412180157,5696960.307901648,6377172.426293615,7780000.0,253750000.0
1916.0,1.0,30415.92816072602,16.987520000000014,0.0,0.0,0.0,1006084.5210898916,100000.0,3611941.412180157,5696960.307901648,6377172.426293615,7780000.0,253750000.0
1917.0,1.0,30432.91568072602,16.987520000000014,0.0,0.0,0.0,1006084.5210898916,100000.0,3611941.412180157,5696960.307901648,6377172.426293615,7780000.0,253750000.0
1918.0,1.0,30449.903200726018,16.987520000000014,0.0,0.0,0.0,1006084.5210898916,100000.0,3611941.412180157,5696960.307901648,6377172.426293615,7780000.0,253750000.0
1919.0,1.0,30466.890720726016,16.987520000000014,0.0,0.0,0.0,1006084.5210898916,100000.0,3611941.412180157,5696960.307901648,6377172.426293615,7780000.0,253750000.0
1920.0,1.0,30483.878240726015,16.987520000000014,0.0,0.0,0.0,1006084.5210898916,100000.0,3611941.412180157,5696960.307901648,6377172.426293615,7780000.0,253750000.0
1921.0,1.0,30500.865760726014,16.987520000000014,0.0,0.0,0.0,1006084.5210898916,100000.0,3611941.412180157,5696960.307901648,6377172.426293615,7780000.0,253750000.0
1922.0,1.0,30517.853280726013,16.987520000000014,0.0,0.0,0.0,1006084.5210898916,100000.0,3611941.412180157,5696960.307901648,6377172.426293615,7780000.0,253750000.0
1923.0,1.0,30534.84080072601,16.987520000000014,0.0,0.0,0.0,1006084.5210898916,100000.0,3611941.412180157,5696960.307901648,6377172.426293615,7780000.0,253750000.0
1924.0,1.0,30551.82832072601,16.987520000000014,0.0,0.0,0.0,1006084.5210898916,100000.0,3611941.412180157,5696960.307901648,6377172.426293615,7780000.0,253750000.0
1925.0,1.0,30568.81584072601,16.987520000000014,0.0,0.0,0.0,1006084.5210898916,100000.0,3611941.412180157,5696960.307901648,6377172.426293615,7780000.0,253750000.0
1926.0,1.0,30585.803360726008,16.987520000000014,0.0,0.0,0.0,1006084.5210898916,100000.0,3611941.412180157,5696960.307901648,6377172.426293615,7780000.0,253750000.0
1927.0,1.0,30602.790880726006,16.987520000000014,0.0,0.0,0.0,1006084.5210898916,100000.0,3611941.412180157,5696960.307901648,6377172.426293615,7780000.0,253750000.0
1928.0,1.0,30619.778400726005,16.987520000000014,0.0,0.0,0.0,1006084.5210898916,100000.0,3611941.412180157,5696960.307901648,6377172.426293615,7780000.0,253750000.0
1929.0,1.0,30636.765920726004,16.987520000000014,0.0,0.0,0.0,1006084.5210898916,100000.0,3611941.412180157,5696960.307901648,6377172.426293615,7780000.0,253750000.0
1930.0,1.0,30653.753440726003,16.987520000000014,0.0,0.0,0.0,1006084.5210898916,100000.0,3611941.412180157,5696960.307901648,6377172.426293615,7780000.0,253750000.0
1931.0,1.0,30670.740960726,16.987520000000014,0.0,0.0,0.0,1006084.5210898916,100000.0,3611941.412180157,5696960.307901648,6377172.426293615,7780000.0,253750000.0
1932.0,1.0,30687.728480726,16.987520000000014,0.0,0.0,0.0,1006084.5210898916,100000.0,3611941.412180157,5696960.307901648,6377172.426293615,7780000.0,253750000.0
1933.0,1.0,30704.716000726,16.987520000000014,0.0,0.0,0.0,1006084.5210898916,100000.0,3611941.412180157,5696960.307901648,6377172.426293615,7780000.0,253750000.0
1934.0,1.0,30721.703520725998,16.987520000000014,0.0,0.0,0.0,1006084.5210898916,100000.0,3611941.412180157,5696960.307901648,6377172.426293615,7780000.0,253750000.0
1935.0,1.0,30738.691040725997,16.987520000000014,0.0,0.0,0.0,1006084.5210898916,100000.0,3611941.412180157,5696960.307901648,6377172.426293615,7780000.0,253750000.0
1936.0,1.0,30755.678560725995,16.987520000000014,0.0,0.0,0.0,1006084.5210898916,100000.0,3611941.412180157,5696960.307901648,6377172.426293615,7780000.0,253750000.0
1937.0,1.0,30772.666080725994,16.987520000000014,0.0,0.0,0.0,1006084.5210898916,100000.0,3611941.412180157,5696960.307901648,6377172.426293615,7780000.0,253750000.0
1938.0,1.0,30789.653600725993,16.987520000000014,0.0,0.0,0.0,1006084.5210898916,100000.0,3611941.412180157,5696960.307901648,6377172.426293615,7780000.0,253750000.0
1939.0,1.0,30806.64112072599,16.987520000000014,0.0,0.0,0.0,1006084.5210898916,100000.0,3611941.412180157,5696960.307901648,6377172.426293615,7780000.0,253750000.0
1940.0,1.0,30823.62864072599,16.987520000000014,0.0,0.0,0.0,1006084.5210898916,100000.0,3611941.412180157,5696960.307901648,6377172.426293615,7780000.0,253750000.0
1941.0,1.0,30840.61616072599,16.987520000000014,0.0,0.0,0.0,1006084.5210898916,100000.0,3611941.412180157,5696960.307901648,6377172.426293615,7780000.0,253750000.0
1942.0,1.0,30857.603680725988,16.987520000000014,0.0,0.0,0.0,1006084.5210898916,100000.0,3611941.412180157,5696960.307901648,6377172.426293615,7780000.0,253750000.0
1943.0,1.0,30874.591200725987,16.987520000000014,0.0,0.0,0.0,1006084.5210898916,100000.0,3611941.412180157,5696960.307901648,6377172.426293615,7780000.0,253750000.0
1944.0,1.0,30891.578720725985,16.987520000000014,0.0,0.0,0.0,1006084.5210898916,100000.0,3611941.412180157,5696960.307901648,6377172.426293615,7780000.0,253750000.0
1945.0,1.0,30908.566240725984,16.987520000000014,0.0,0.0,0.0,1006084.5210898916,100000.0,3611941.412180157,5696960.307901648,6377172.426293615,7780000.0,253750000.0
1946.0,1.0,30925.553760725983,16.987520000000014,0.0,0.0,0.0,1006084.5210898916,100000.0,3611941.412180157,5696960.307901648,6377172.426293615,7780000.0,253750000.0
1947.0,1.0,30942.54128072598,16.987520000000014,0.0,0.0,0.0,1006084.5210898916,100000.0,3611941.412180157,5696960.307901648,6377172.426293615,7780000.0,253750000.0
1948.0,1.0,30959.52880072598,16.987520000000014,0.0,0.0,0.0,1006084.5210898916,100000.0,3611941.412180157,5696960.307901648,6377172.426293615,7780000.0,253750000.0
1949.0,1.0,30976.51632072598,16.987520000000014,0.0,0.0,0.0,1006084.5210898916,100000.0,3611941.412180157,5696960.307901648,6377172.426293615,7780000.0,253750000.0
1950.0,1.0,30993.503840725978,16.987520000000014,0.0,0.0,0.0,1006084.5210898916,100000.0,3611941.412180157,5696960.307901648,6377172.426293615,7780000.0,253750000.0
1951.0,1.0,31010.491360725977,16.987520000000014,0.0,0.0,0.0,1006084.5210898916,100000.0,3611941.412180157,5696960.307901648,6377172.426293615,7780000.0,253750000.0
1952.0,1.0,31027.478880725976,16.987520000000014,0.0,0.0,0.0,1006084.5210898916,100000.0,3611941.412180157,5696960.307901648,6377172.426293615,7780000.0,253750000.0
1953.0,1.0,31044.466400725974,16.987520000000014,0.0,0.0,0.0,1006084.5210898916,100000.0,3611941.412180157,5696960.307901648,6377172.426293615,7780000.0,253750000.0
1954.0,1.0,31061.453920725973,16.987520000000014,0.0,0.0,0.0,1006084.5210898916,100000.0,3611941.412180157,5696960.307901648,6377172.426293615,7780000.0,253750000.0
1955.0,1.0,31078.441440725972,16.987520000000014,0.0,0.0,0.0,1006084.5210898916,100000.0,3611941.412180157,5696960.307901648,6377172.426293615,7780000.0,253750000.0
1956.0,1.0,31095.42896072597,16.987520000000014,0.0,0.0,0.0,1006084.5210898916,100000.0,3611941.412180157,5696960.307901648,6377172.426293615,7780000.0,253750000.0
1957.0,1.0,31112.41648072597,16.987520000000014,0.0,0.0,0.0,1006084.5210898916,100000.0,3611941.412180157,5696960.307901648,6377172.426293615,7780000.0,253750000.0
1958.0,1.0,31129.40400072597,16.987520000000014,0.0,0.0,0.0,1006084.5210898916,100000.0,3611941.412180157,5696960.307901648,6377172.426293615,7780000.0,253750000.0
1959.0,1.0,31146.391520725967,16.987520000000014,0.0,0.0,0.0,1006084.5210898916,100000.0,3611941.412180157,5696960.307901648,6377172.426293615,7780000.0,253750000.0
1960.0,1.0,31163.379040725966,16.987520000000014,0.0,0.0,0.0,1006084.5210898916,100000.0,3611941.412180157,5696960.307901648,6377172.426293615,7780000.0,253750000.0
1961.0,1.0,31180.366560725965,16.987520000000014,0.0,0.0,0.0,1006084.5210898916,100000.0,3611941.412180157,5696960.307901648,6377172.426293615,7780000.0,253750000.0
1962.0,1.0,31197.354080725963,16.987520000000014,0.0,0.0,0.0,1006084.5210898916,100000.0,3611941.412180157,5696960.307901648,6377172.426293615,7780000.0,253750000.0
1963.0,1.0,31214.341600725962,16.987520000000014,0.0,0.0,0.0,1006084.5210898916,100000.0,3611941.412180157,5696960.307901648,6377172.426293615,7780000.0,253750000.0
1964.0,1.0,31231.32912072596,16.987520000000014,0.0,0.0,0.0,1006084.5210898916,100000.0,3611941.412180157,5696960.307901648,6377172.426293615,7780000.0,253750000.0
1965.0,1.0,31248.31664072596,16.987520000000014,0.0,0.0,0.0,1006084.5210898916,100000.0,3611941.412180157,5696960.307901648,6377172.426293615,7780000.0,253750000.0
1966.0,1.0,31265.30416072596,16.987520000000014,0.0,0.0,0.0,1006084.5210898916,100000.0,3611941.412180157,5696960.307901648,6377172.426293615,7780000.0,253750000.0
1967.0,1.0,31282.291680725957,16.987520000000014,0.0,0.0,0.0,1006084.5210898916,100000.0,3611941.412180157,5696960.307901648,6377172.426293615,7780000.0,253750000.0
1968.0,1.0,31299.279200725956,16.987520000000014,0.0,0.0,0.0,1006084.5210898916,100000.0,3611941.412180157,5696960.307901648,6377172.426293615,7780000.0,253750000.0
1969.0,1.0,31316.266720725955,16.987520000000014,0.0,0.0,0.0,1006084.5210898916,100000.0,3611941.412180157,5696960.307901648,6377172.426293615,7780000.0,253750000.0
1970.0,1.0,31333.254240725953,16.987520000000014,0.0,0.0,0.0,1006084.5210898916,100000.0,3611941.412180157,5696960.307901648,6377172.426293615,7780000.0,253750000.0
1971.0,1.0,31350.241760725952,16.987520000000014,0.0,0.0,0.0,1006084.5210898916,100000.0,3611941.412180157,5696960.307901648,6377172.426293615,7780000.0,253750000.0
1972.0,1.0,31367.22928072595,16.987520000000014,0.0,0.0,0.0,1006084.5210898916,100000.0,3611941.412180157,5696960.307901648,6377172.426293615,7780000.0,253750000.0
1973.0,1.0,31384.21680072595,16.987520000000014,0.0,0.0,0.0,1006084.5210898916,100000.0,3611941.412180157,5696960.307901648,6377172.426293615,7780000.0,253750000.0
1974.0,1.0,31401.20432072595,16.987520000000014,0.0,0.0,0.0,1006084.5210898916,100000.0,3611941.412180157,5696960.307901648,6377172.426293615,7780000.0,253750000.0
1975.0,1.0,31418.191840725947,16.987520000000014,0.0,0.0,0.0,1006084.5210898916,100000.0,3611941.412180157,5696960.307901648,6377172.426293615,7780000.0,253750000.0
1976.0,1.0,31435.179360725946,16.987520000000014,0.0,0.0,0.0,1006084.5210898916,100000.0,3611941.412180157,5696960.307901648,6377172.426293615,7780000.0,253750000.0
1977.0,1.0,31452.166880725945,16.987520000000014,0.0,0.0,0.0,1006084.5210898916,100000.0,3611941.412180157,5696960.307901648,6377172.426293615,7780000.0,253750000.0
1978.0,1.0,31469.154400725944,16.987520000000014,0.0,0.0,0.0,1006084.5210898916,100000.0,3611941.412180157,5696960.307901648,6377172.426293615,7780000.0,253750000.0
1979.0,1.0,31486.141920725942,16.987520000000014,0.0,0.0,0.0,1006084.5210898916,100000.0,3611941.412180157,5696960.307901648,6377172.426293615,7780000.0,253750000.0
1980.0,1.0,31503.12944072594,16.987520000000014,0.0,0.0,0.0,1006084.5210898916,100000.0,3611941.412180157,5696960.307901648,6377172.426293615,7780000.0,253750000.0
1981.0,1.0,31520.11696072594,16.987520000000014,0.0,0.0,0.0,1006084.5210898916,100000.0,3611941.412180157,5696960.307901648,6377172.426293615,7780000.0,253750000.0
1982.0,1.0,31537.10448072594,16.987520000000014,0.0,0.0,0.0,1006084.5210898916,100000.0,3611941.412180157,5696960.307901648,6377172.426293615,7780000.0,253750000.0
1983.0,1.0,31554.092000725937,16.987520000000014,0.0,0.0,0.0,1006084.5210898916,100000.0,3611941.412180157,5696960.307901648,6377172.426293615,7780000.0,253750000.0
1984.0,1.0,31571.079520725936,16.987520000000014,0.0,0.0,0.0,1006084.5210898916,100000.0,3611941.412180157,5696960.307901648,6377172.426293615,7780000.0,253750000.0
1985.0,1.0,31588.067040725935,16.987520000000014,0.0,0.0,0.0,1006084.5210898916,100000.0,3611941.412180157,5696960.307901648,6377172.426293615,7780000.0,253750000.0
1986.0,1.0,31605.054560725934,16.987520000000014,0.0,0.0,0.0,1006084.5210898916,100000.0,3611941.412180157,5696960.307901648,6377172.426293615,7780000.0,253750000.0
1987.0,1.0,31622.042080725932,16.987520000000014,0.0,0.0,0.0,1006084.5210898916,100000.0,3611941.412180157,5696960.307901648,6377172.426293615,7780000.0,253750000.0
1988.0,1.0,31639.02960072593,16.987520000000014,0.0,0.0,0.0,1006084.5210898916,100000.0,3611941.412180157,5696960.307901648,6377172.426293615,7780000.0,253750000.0
1989.0,1.0,31656.01712072593,16.987520000000014,0.0,0.0,0.0,1006084.5210898916,100000.0,3611941.412180157,5696960.307901648,6377172.426293615,7780000.0,253750000.0
1990.0,1.0,31673.00464072593,16.987520000000014,0.0,0.0,0.0,1006084.5210898916,100000.0,3611941.412180157,5696960.307901648,6377172.426293615,7780000.0,253750000.0
1991.0,1.0,31689.992160725928,16.987520000000014,0.0,0.0,0.0,1006084.5210898916,100000.0,3611941.412180157,5696960.307901648,6377172.426293615,7780000.0,253750000.0
1992.0,1.0,31706.979680725926,16.987520000000014,0.0,0.0,0.0,1006084.5210898916,100000.0,3611941.412180157,5696960.307901648,6377172.426293615,7780000.0,253750000.0
1993.0,1.0,31723.967200725925,16.987520000000014,0.0,0.0,0.0,1006084.5210898916,100000.0,3611941.412180157,5696960.307901648,6377172.426293615,7780000.0,253750000.0
1994.0,1.0,31740.954720725924,16.987520000000014,0.0,0.0,0.0,1006084.5210898916,100000.0,3611941.412180157,5696960.307901648,6377172.426293615,7780000.0,253750000.0
1995.0,1.0,31757.942240725923,16.987520000000014,0.0,0.0,0.0,1006084.5210898916,100000.0,3611941.412180157,5696960.307901648,6377172.426293615,7780000.0,253750000.0
1996.0,1.0,31774.92976072592,16.987520000000014,0.0,0.0,0.0,1006084.5210898916,100000.0,3611941.412180157,5696960.307901648,6377172.426293615,7780000.0,253750000.0
1997.0,1.0,31791.91728072592,16.987520000000014,0.0,0.0,0.0,1006084.5210898916,100000.0,3611941.412180157,5696960.307901648,6377172.426293615,7780000.0,253750000.0
1998.0,1.0,31808.90480072592,16.987520000000014,0.0,0.0,0.0,1006084.5210898916,100000.0,3611941.412180157,5696960.307901648,6377172.426293615,7780000.0,253750000.0
1999.0,1.0,31825.892320725918,16.987520000000014,0.0,0.0,0.0,1006084.5210898916,100000.0,3611941.412180157,5696960.307901648,6377172.426293615,7780000.0,253750000.0
2000.0,1.0,31842.879840725916,16.987520000000014,0.0,0.0,0.0,1006084.5210898916,100000.0,3611941.412180157,5696960.307901648,6377172.426293615,7780000.0,253750000.0
2001.0,1.0,31859.867360725915,16.987520000000014,0.0,0.0,0.0,1006084.5210898916,100000.0,3611941.412180157,5696960.307901648,6377172.426293615,7780000.0,253750000.0
2002.0,1.0,31876.854880725914,16.987520000000014,0.0,0.0,0.0,1006084.5210898916,100000.0,3611941.412180157,5696960.307901648,6377172.426293615,7780000.0,253750000.0
2003.0,1.0,31893.842400725913,16.987520000000014,0.0,0.0,0.0,1006084.5210898916,100000.0,3611941.412180157,5696960.307901648,6377172.426293615,7780000.0,253750000.0
2004.0,1.0,31910.82992072591,16.987520000000014,0.0,0.0,0.0,1006084.5210898916,100000.0,3611941.412180157,5696960.307901648,6377172.426293615,7780000.0,253750000.0
2005.0,1.0,31927.81744072591,16.987520000000014,0.0,0.0,0.0,1006084.5210898916,100000.0,3611941.412180157,5696960.307901648,6377172.426293615,7780000.0,253750000.0
2006.0,1.0,31944.80496072591,16.987520000000014,0.0,0.0,0.0,1006084.5210898916,100000.0,3611941.412180157,5696960.307901648,6377172.426293615,7780000.0,253750000.0
2007.0,1.0,31961.792480725908,16.987520000000014,0.0,0.0,0.0,1006084.5210898916,100000.0,3611941.412180157,5696960.307901648,6377172.426293615,7780000.0,253750000.0
2008.0,1.0,31978.780000725907,16.987520000000014,0.0,0.0,0.0,1006084.5210898916,100000.0,3611941.412180157,5696960.307901648,6377172.426293615,7780000.0,253750000.0
2009.0,1.0,31995.767520725905,16.987520000000014,0.0,0.0,0.0,1006084.5210898916,100000.0,3611941.412180157,5696960.307901648,6377172.426293615,7780000.0,253750000.0
2010.0,1.0,32012.755040725904,16.987520000000014,0.0,0.0,0.0,1006084.5210898916,100000.0,3611941.412180157,5696960.307901648,6377172.426293615,7780000.0,253750000.0
2011.0,1.0,32029.742560725903,16.987520000000014,0.0,0.0,0.0,1006084.5210898916,100000.0,3611941.412180157,5696960.307901648,6377172.426293615,7780000.0,253750000.0
2012.0,1.0,32046.7300807259,16.987520000000014,0.0,0.0,0.0,1006084.5210898916,100000.0,3611941.412180157,5696960.307901648,6377172.426293615,7780000.0,253750000.0
2013.0,1.0,32063.7176007259,16.987520000000014,0.0,0.0,0.0,1006084.5210898916,100000.0,3611941.412180157,5696960.307901648,6377172.426293615,7780000.0,253750000.0
2014.0,1.0,32080.7051207259,16.987520000000014,0.0,0.0,0.0,1006084.5210898916,100000.0,3611941.412180157,5696960.307901648,6377172.426293615,7780000.0,253750000.0
2015.0,1.0,32097.692640725898,16.987520000000014,0.0,0.0,0.0,1006084.5210898916,100000.0,3611941.412180157,5696960.307901648,6377172.426293615,7780000.0,253750000.0
2016.0,1.0,32114.680160725897,16.987520000000014,0.0,0.0,0.0,1006084.5210898916,100000.0,3611941.412180157,5696960.307901648,6377172.426293615,7780000.0,253750000.0
2017.0,1.0,32131.667680725895,16.987520000000014,0.0,0.0,0.0,1006084.5210898916,100000.0,3611941.412180157,5696960.307901648,6377172.426293615,7780000.0,253750000.0
2018.0,1.0,32148.655200725894,16.987520000000014,0.0,0.0,0.0,1006084.5210898916,100000.0,3611941.412180157,5696960.307901648,6377172.426293615,7780000.0,253750000.0
2019.0,1.0,32165.642720725893,16.987520000000014,0.0,0.0,0.0,1006084.5210898916,100000.0,3611941.412180157,5696960.307901648,6377172.426293615,7780000.0,253750000.0
2020.0,1.0,32182.63024072589,16.987520000000014,0.0,0.0,0.0,1006084.5210898916,100000.0,3611941.412180157,5696960.307901648,6377172.426293615,7780000.0,253750000.0
2021.0,1.0,32199.61776072589,16.987520000000014,0.0,0.0,0.0,1006084.5210898916,100000.0,3611941.412180157,5696960.307901648,6377172.426293615,7780000.0,253750000.0
2022.0,1.0,32216.60528072589,16.987520000000014,0.0,0.0,0.0,1006084.5210898916,100000.0,3611941.412180157,5696960.307901648,6377172.426293615,7780000.0,253750000.0
2023.0,1.0,32233.592800725888,16.987520000000014,0.0,0.0,0.0,1006084.5210898916,100000.0,3611941.412180157,5696960.307901648,6377172.426293615,7780000.0,253750000.0
2024.0,1.0,32250.580320725887,16.987520000000014,0.0,0.0,0.0,1006084.5210898916,100000.0,3611941.412180157,5696960.307901648,6377172.426293615,7780000.0,253750000.0
2025.0,1.0,32267.567840725886,16.987520000000014,0.0,0.0,0.0,1006084.5210898916,100000.0,3611941.412180157,5696960.307901648,6377172.426293615,7780000.0,253750000.0
2026.0,1.0,32284.555360725884,16.987520000000014,0.0,0.0,0.0,1006084.5210898916,100000.0,3611941.412180157,5696960.307901648,6377172.426293615,7780000.0,253750000.0
2027.0,1.0,32301.542880725883,16.987520000000014,0.0,0.0,0.0,1006084.5210898916,100000.0,3611941.412180157,5696960.307901648,6377172.426293615,7780000.0,253750000.0
2028.0,1.0,32318.530400725882,16.987520000000014,0.0,0.0,0.0,1006084.5210898916,100000.0,3611941.412180157,5696960.307901648,6377172.426293615,7780000.0,253750000.0
2029.0,1.0,32335.51792072588,16.987520000000014,0.0,0.0,0.0,1006084.5210898916,100000.0,3611941.412180157,5696960.307901648,6377172.426293615,7780000.0,253750000.0
2030.0,1.0,32352.50544072588,16.987520000000014,0.0,0.0,0.0,1006084.5210898916,100000.0,3611941.412180157,5696960.307901648,6377172.426293615,7780000.0,253750000.0
2031.0,1.0,32369.49296072588,16.987520000000014,0.0,0.0,0.0,1006084.5210898916,100000.0,3611941.412180157,5696960.307901648,6377172.426293615,7780000.0,253750000.0
2032.0,1.0,32386.480480725877,16.987520000000014,0.0,0.0,0.0,1006084.5210898916,100000.0,3611941.412180157,5696960.307901648,6377172.426293615,7780000.0,253750000.0
2033.0,1.0,32403.468000725876,16.987520000000014,0.0,0.0,0.0,1006084.5210898916,100000.0,3611941.412180157,5696960.307901648,6377172.426293615,7780000.0,253750000.0
2034.0,1.0,32420.455520725875,16.987520000000014,0.0,0.0,0.0,1006084.5210898916,100000.0,3611941.412180157,5696960.307901648,6377172.426293615,7780000.0,253750000.0
2035.0,1.0,32437.443040725873,16.987520000000014,0.0,0.0,0.0,1006084.5210898916,100000.0,3611941.412180157,5696960.307901648,6377172.426293615,7780000.0,253750000.0
2036.0,1.0,32454.430560725872,16.987520000000014,0.0,0.0,0.0,1006084.5210898916,100000.0,3611941.412180157,5696960.307901648,6377172.426293615,7780000.0,253750000.0
2037.0,1.0,32471.41808072587,16.987520000000014,0.0,0.0,0.0,1006084.5210898916,100000.0,3611941.412180157,5696960.307901648,6377172.426293615,7780000.0,253750000.0
2038.0,1.0,32488.40560072587,16.987520000000014,0.0,0.0,0.0,1006084.5210898916,100000.0,3611941.412180157,5696960.307901648,6377172.426293615,7780000.0,253750000.0
2039.0,1.0,32505.39312072587,16.987520000000014,0.0,0.0,0.0,1006084.5210898916,100000.0,3611941.412180157,5696960.307901648,6377172.426293615,7780000.0,253750000.0
2040.0,1.0,32522.380640725867,16.987520000000014,0.0,0.0,0.0,1006084.5210898916,100000.0,3611941.412180157,5696960.307901648,6377172.426293615,7780000.0,253750000.0
2041.0,1.0,32539.368160725866,16.987520000000014,0.0,0.0,0.0,1006084.5210898916,100000.0,3611941.412180157,5696960.307901648,6377172.426293615,7780000.0,253750000.0
2042.0,1.0,32556.355680725865,16.987520000000014,0.0,0.0,0.0,1006084.5210898916,100000.0,3611941.412180157,5696960.307901648,6377172.426293615,7780000.0,253750000.0
2043.0,1.0,32573.343200725863,16.987520000000014,0.0,0.0,0.0,1006084.5210898916,100000.0,3611941.412180157,5696960.307901648,6377172.426293615,7780000.0,253750000.0
2044.0,1.0,32590.330720725862,16.987520000000014,0.0,0.0,0.0,1006084.5210898916,100000.0,3611941.412180157,5696960.307901648,6377172.426293615,7780000.0,253750000.0
2045.0,1.0,32607.31824072586,16.987520000000014,0.0,0.0,0.0,1006084.5210898916,100000.0,3611941.412180157,5696960.307901648,6377172.426293615,7780000.0,253750000.0
2046.0,1.0,32624.30576072586,16.987520000000014,0.0,0.0,0.0,1006084.5210898916,100000.0,3611941.412180157,5696960.307901648,6377172.426293615,7780000.0,253750000.0
2047.0,1.0,32641.29328072586,16.987520000000014,0.0,0.0,0.0,1006084.5210898916,100000.0,3611941.412180157,5696960.307901648,6377172.426293615,7780000.0,253750000.0
2048.0,1.0,32658.280800725857,16.987520000000014,0.0,0.0,0.0,1006084.5210898916,100000.0,3611941.412180157,5696960.307901648,6377172.426293615,7780000.0,253750000.0
2049.0,1.0,32675.268320725856,16.987520000000014,0.0,0.0,0.0,1006084.5210898916,100000.0,3611941.412180157,5696960.307901648,6377172.426293615,7780000.0,253750000.0
2050.0,1.0,32692.255840725855,16.987520000000014,0.0,0.0,0.0,1006084.5210898916,100000.0,3611941.412180157,5696960.307901648,6377172.426293615,7780000.0,253750000.0
2051.0,1.0,32709.243360725854,16.987520000000014,0.0,0.0,0.0,1006084.5210898916,100000.0,3611941.412180157,5696960.307901648,6377172.426293615,7780000.0,253750000.0
2052.0,1.0,32726.230880725852,16.987520000000014,0.0,0.0,0.0,1006084.5210898916,100000.0,3611941.412180157,5696960.307901648,6377172.426293615,7780000.0,253750000.0
2053.0,1.0,32743.21840072585,16.987520000000014,0.0,0.0,0.0,1006084.5210898916,100000.0,3611941.412180157,5696960.307901648,6377172.426293615,7780000.0,253750000.0
2054.0,1.0,32760.20592072585,16.987520000000014,0.0,0.0,0.0,1006084.5210898916,100000.0,3611941.412180157,5696960.307901648,6377172.426293615,7780000.0,253750000.0
2055.0,1.0,32777.19344072585,16.987520000000014,0.0,0.0,0.0,1006084.5210898916,100000.0,3611941.412180157,5696960.307901648,6377172.426293615,7780000.0,253750000.0
2056.0,1.0,32794.180960725855,16.987520000000014,0.0,0.0,0.0,1006084.5210898916,100000.0,3611941.412180157,5696960.307901648,6377172.426293615,7780000.0,253750000.0
2057.0,1.0,32811.16848072586,16.987520000000014,0.0,0.0,0.0,1006084.5210898916,100000.0,3611941.412180157,5696960.307901648,6377172.426293615,7780000.0,253750000.0
2058.0,1.0,32828.15600072586,16.987520000000014,0.0,0.0,0.0,1006084.5210898916,100000.0,3611941.412180157,5696960.307901648,6377172.426293615,7780000.0,253750000.0
2059.0,1.0,32845.14352072586,16.987520000000014,0.0,0.0,0.0,1006084.5210898916,100000.0,3611941.412180157,5696960.307901648,6377172.426293615,7780000.0,253750000.0
2060.0,1.0,32862.131040725864,16.987520000000014,0.0,0.0,0.0,1006084.5210898916,100000.0,3611941.412180157,5696960.307901648,6377172.426293615,7780000.0,253750000.0
2061.0,1.0,32879.11856072587,16.987520000000014,0.0,0.0,0.0,1006084.5210898916,100000.0,3611941.412180157,5696960.307901648,6377172.426293615,7780000.0,253750000.0
2062.0,1.0,32896.10608072587,16.987520000000014,0.0,0.0,0.0,1006084.5210898916,100000.0,3611941.412180157,5696960.307901648,6377172.426293615,7780000.0,253750000.0
2063.0,1.0,32913.09360072587,16.987520000000014,0.0,0.0,0.0,1006084.5210898916,100000.0,3611941.412180157,5696960.307901648,6377172.426293615,7780000.0,253750000.0
2064.0,1.0,32930.081120725874,16.987520000000014,0.0,0.0,0.0,1006084.5210898916,100000.0,3611941.412180157,5696960.307901648,6377172.426293615,7780000.0,253750000.0
2065.0,1.0,32947.068640725876,16.987520000000014,0.0,0.0,0.0,1006084.5210898916,100000.0,3611941.412180157,5696960.307901648,6377172.426293615,7780000.0,253750000.0
2066.0,1.0,32964.05616072588,16.987520000000014,0.0,0.0,0.0,1006084.5210898916,100000.0,3611941.412180157,5696960.307901648,6377172.426293615,7780000.0,253750000.0
2067.0,1.0,32981.04368072588,16.987520000000014,0.0,0.0,0.0,1006084.5210898916,100000.0,3611941.412180157,5696960.307901648,6377172.426293615,7780000.0,253750000.0
2068.0,1.0,32998.03120072588,16.987520000000014,0.0,0.0,0.0,1006084.5210898916,100000.0,3611941.412180157,5696960.307901648,6377172.426293615,7780000.0,253750000.0
2069.0,1.0,33015.018720725886,16.987520000000014,0.0,0.0,0.0,1006084.5210898916,100000.0,3611941.412180157,5696960.307901648,6377172.426293615,7780000.0,253750000.0
2070.0,1.0,33032.00624072589,16.987520000000014,0.0,0.0,0.0,1006084.5210898916,100000.0,3611941.412180157,5696960.307901648,6377172.426293615,7780000.0,253750000.0
2071.0,1.0,33048.99376072589,16.987520000000014,0.0,0.0,0.0,1006084.5210898916,100000.0,3611941.412180157,5696960.307901648,6377172.426293615,7780000.0,253750000.0
2072.0,1.0,33065.98128072589,16.987520000000014,0.0,0.0,0.0,1006084.5210898916,100000.0,3611941.412180157,5696960.307901648,6377172.426293615,7780000.0,253750000.0
2073.0,1.0,33082.968800725896,16.987520000000014,0.0,0.0,0.0,1006084.5210898916,100000.0,3611941.412180157,5696960.307901648,6377172.426293615,7780000.0,253750000.0
2074.0,1.0,33099.9563207259,16.987520000000014,0.0,0.0,0.0,1006084.5210898916,100000.0,3611941.412180157,5696960.307901648,6377172.426293615,7780000.0,253750000.0
2075.0,1.0,33116.9438407259,16.987520000000014,0.0,0.0,0.0,1006084.5210898916,100000.0,3611941.412180157,5696960.307901648,6377172.426293615,7780000.0,253750000.0
2076.0,1.0,33133.9313607259,16.987520000000014,0.0,0.0,0.0,1006084.5210898916,100000.0,3611941.412180157,5696960.307901648,6377172.426293615,7780000.0,253750000.0
2077.0,1.0,33150.918880725905,16.987520000000014,0.0,0.0,0.0,1006084.5210898916,100000.0,3611941.412180157,5696960.307901648,6377172.426293615,7780000.0,253750000.0
2078.0,1.0,33167.90640072591,16.987520000000014,0.0,0.0,0.0,1006084.5210898916,100000.0,3611941.412180157,5696960.307901648,6377172.426293615,7780000.0,253750000.0
2079.0,1.0,33184.89392072591,16.987520000000014,0.0,0.0,0.0,1006084.5210898916,100000.0,3611941.412180157,5696960.307901648,6377172.426293615,7780000.0,253750000.0
2080.0,1.0,33201.88144072591,16.987520000000014,0.0,0.0,0.0,1006084.5210898916,100000.0,3611941.412180157,5696960.307901648,6377172.426293615,7780000.0,253750000.0
2081.0,1.0,33218.868960725915,16.987520000000014,0.0,0.0,0.0,1006084.5210898916,100000.0,3611941.412180157,5696960.307901648,6377172.426293615,7780000.0,253750000.0
2082.0,1.0,33235.85648072592,16.987520000000014,0.0,0.0,0.0,1006084.5210898916,100000.0,3611941.412180157,5696960.307901648,6377172.426293615,7780000.0,253750000.0
2083.0,1.0,33252.84400072592,16.987520000000014,0.0,0.0,0.0,1006084.5210898916,100000.0,3611941.412180157,5696960.307901648,6377172.426293615,7780000.0,253750000.0
2084.0,1.0,33269.83152072592,16.987520000000014,0.0,0.0,0.0,1006084.5210898916,100000.0,3611941.412180157,5696960.307901648,6377172.426293615,7780000.0,253750000.0
2085.0,1.0,33286.819040725924,16.987520000000014,0.0,0.0,0.0,1006084.5210898916,100000.0,3611941.412180157,5696960.307901648,6377172.426293615,7780000.0,253750000.0
2086.0,1.0,33303.80656072593,16.987520000000014,0.0,0.0,0.0,1006084.5210898916,100000.0,3611941.412180157,5696960.307901648,6377172.426293615,7780000.0,253750000.0
2087.0,1.0,33320.79408072593,16.987520000000014,0.0,0.0,0.0,1006084.5210898916,100000.0,3611941.412180157,5696960.307901648,6377172.426293615,7780000.0,253750000.0
2088.0,1.0,33337.78160072593,16.987520000000014,0.0,0.0,0.0,1006084.5210898916,100000.0,3611941.412180157,5696960.307901648,6377172.426293615,7780000.0,253750000.0
2089.0,1.0,33354.769120725934,16.987520000000014,0.0,0.0,0.0,1006084.5210898916,100000.0,3611941.412180157,5696960.307901648,6377172.426293615,7780000.0,253750000.0
2090.0,1.0,33371.75664072594,16.987520000000014,0.0,0.0,0.0,1006084.5210898916,100000.0,3611941.412180157,5696960.307901648,6377172.426293615,7780000.0,253750000.0
2091.0,1.0,33388.74416072594,16.987520000000014,0.0,0.0,0.0,1006084.5210898916,100000.0,3611941.412180157,5696960.307901648,6377172.426293615,7780000.0,253750000.0
2092.0,1.0,33405.73168072594,16.987520000000014,0.0,0.0,0.0,1006084.5210898916,100000.0,3611941.412180157,5696960.307901648,6377172.426293615,7780000.0,253750000.0
2093.0,1.0,33422.719200725944,16.987520000000014,0.0,0.0,0.0,1006084.5210898916,100000.0,3611941.412180157,5696960.307901648,6377172.426293615,7780000.0,253750000.0
2094.0,1.0,33439.706720725946,16.987520000000014,0.0,0.0,0.0,1006084.5210898916,100000.0,3611941.412180157,5696960.307901648,6377172.426293615,7780000.0,253750000.0
2095.0,1.0,33456.69424072595,16.987520000000014,0.0,0.0,0.0,1006084.5210898916,100000.0,3611941.412180157,5696960.307901648,6377172.426293615,7780000.0,253750000.0
2096.0,1.0,33473.68176072595,16.987520000000014,0.0,0.0,0.0,1006084.5210898916,100000.0,3611941.412180157,5696960.307901648,6377172.426293615,7780000.0,253750000.0
2097.0,1.0,33490.66928072595,16.987520000000014,0.0,0.0,0.0,1006084.5210898916,100000.0,3611941.412180157,5696960.307901648,6377172.426293615,7780000.0,253750000.0
2098.0,1.0,33507.656800725956,16.987520000000014,0.0,0.0,0.0,1006084.5210898916,100000.0,3611941.412180157,5696960.307901648,6377172.426293615,7780000.0,253750000.0
2099.0,1.0,33524.64432072596,16.987520000000014,0.0,0.0,0.0,1006084.5210898916,100000.0,3611941.412180157,5696960.307901648,6377172.426293615,7780000.0,253750000.0
2100.0,1.0,33541.63184072596,16.987520000000014,0.0,0.0,0.0,1006084.5210898916,100000.0,3611941.412180157,5696960.307901648,6377172.426293615,7780000.0,253750000.0
2101.0,1.0,33558.61936072596,16.987520000000014,0.0,0.0,0.0,1006084.5210898916,100000.0,3611941.412180157,5696960.307901648,6377172.426293615,7780000.0,253750000.0
2102.0,1.0,33575.606880725965,16.987520000000014,0.0,0.0,0.0,1006084.5210898916,100000.0,3611941.412180157,5696960.307901648,6377172.426293615,7780000.0,253750000.0
2103.0,1.0,33592.59440072597,16.987520000000014,0.0,0.0,0.0,1006084.5210898916,100000.0,3611941.412180157,5696960.307901648,6377172.426293615,7780000.0,253750000.0
2104.0,1.0,33609.58192072597,16.987520000000014,0.0,0.0,0.0,1006084.5210898916,100000.0,3611941.412180157,5696960.307901648,6377172.426293615,7780000.0,253750000.0
2105.0,1.0,33626.56944072597,16.987520000000014,0.0,0.0,0.0,1006084.5210898916,100000.0,3611941.412180157,5696960.307901648,6377172.426293615,7780000.0,253750000.0
2106.0,1.0,33643.556960725975,16.987520000000014,0.0,0.0,0.0,1006084.5210898916,100000.0,3611941.412180157,5696960.307901648,6377172.426293615,7780000.0,253750000.0
2107.0,1.0,33660.54448072598,16.987520000000014,0.0,0.0,0.0,1006084.5210898916,100000.0,3611941.412180157,5696960.307901648,6377172.426293615,7780000.0,253750000.0
2108.0,1.0,33677.53200072598,16.987520000000014,0.0,0.0,0.0,1006084.5210898916,100000.0,3611941.412180157,5696960.307901648,6377172.426293615,7780000.0,253750000.0
2109.0,1.0,33694.51952072598,16.987520000000014,0.0,0.0,0.0,1006084.5210898916,100000.0,3611941.412180157,5696960.307901648,6377172.426293615,7780000.0,253750000.0
2110.0,1.0,33711.507040725985,16.987520000000014,0.0,0.0,0.0,1006084.5210898916,100000.0,3611941.412180157,5696960.307901648,6377172.426293615,7780000.0,253750000.0
2111.0,1.0,33728.49456072599,16.987520000000014,0.0,0.0,0.0,1006084.5210898916,100000.0,3611941.412180157,5696960.307901648,6377172.426293615,7780000.0,253750000.0
2112.0,1.0,33745.48208072599,16.987520000000014,0.0,0.0,0.0,1006084.5210898916,100000.0,3611941.412180157,5696960.307901648,6377172.426293615,7780000.0,253750000.0
2113.0,1.0,33762.46960072599,16.987520000000014,0.0,0.0,0.0,1006084.5210898916,100000.0,3611941.412180157,5696960.307901648,6377172.426293615,7780000.0,253750000.0
2114.0,1.0,33779.457120725994,16.987520000000014,0.0,0.0,0.0,1006084.5210898916,100000.0,3611941.412180157,5696960.307901648,6377172.426293615,7780000.0,253750000.0
2115.0,1.0,33796.444640726,16.987520000000014,0.0,0.0,0.0,1006084.5210898916,100000.0,3611941.412180157,5696960.307901648,6377172.426293615,7780000.0,253750000.0
2116.0,1.0,33813.432160726,16.987520000000014,0.0,0.0,0.0,1006084.5210898916,100000.0,3611941.412180157,5696960.307901648,6377172.426293615,7780000.0,253750000.0
2117.0,1.0,33830.419680726,16.987520000000014,0.0,0.0,0.0,1006084.5210898916,100000.0,3611941.412180157,5696960.307901648,6377172.426293615,7780000.0,253750000.0
2118.0,1.0,33847.407200726004,16.987520000000014,0.0,0.0,0.0,1006084.5210898916,100000.0,3611941.412180157,5696960.307901648,6377172.426293615,7780000.0,253750000.0
2119.0,1.0,33864.394720726006,16.987520000000014,0.0,0.0,0.0,1006084.5210898916,100000.0,3611941.412180157,5696960.307901648,6377172.426293615,7780000.0,253750000.0
2120.0,1.0,33881.38224072601,16.987520000000014,0.0,0.0,0.0,1006084.5210898916,100000.0,3611941.412180157,5696960.307901648,6377172.426293615,7780000.0,253750000.0
2121.0,1.0,33898.36976072601,16.987520000000014,0.0,0.0,0.0,1006084.5210898916,100000.0,3611941.412180157,5696960.307901648,6377172.426293615,7780000.0,253750000.0
2122.0,1.0,33915.35728072601,16.987520000000014,0.0,0.0,0.0,1006084.5210898916,100000.0,3611941.412180157,5696960.307901648,6377172.426293615,7780000.0,253750000.0
2123.0,1.0,33932.344800726016,16.987520000000014,0.0,0.0,0.0,1006084.5210898916,100000.0,3611941.412180157,5696960.307901648,6377172.426293615,7780000.0,253750000.0
2124.0,1.0,33949.33232072602,16.987520000000014,0.0,0.0,0.0,1006084.5210898916,100000.0,3611941.412180157,5696960.307901648,6377172.426293615,7780000.0,253750000.0
2125.0,1.0,33966.31984072602,16.987520000000014,0.0,0.0,0.0,1006084.5210898916,100000.0,3611941.412180157,5696960.307901648,6377172.426293615,7780000.0,253750000.0
2126.0,1.0,33983.30736072602,16.987520000000014,0.0,0.0,0.0,1006084.5210898916,100000.0,3611941.412180157,5696960.307901648,6377172.426293615,7780000.0,253750000.0
2127.0,1.0,34000.294880726025,16.987520000000014,0.0,0.0,0.0,1006084.5210898916,100000.0,3611941.412180157,5696960.307901648,6377172.426293615,7780000.0,253750000.0
2128.0,1.0,34017.28240072603,16.987520000000014,0.0,0.0,0.0,1006084.5210898916,100000.0,3611941.412180157,5696960.307901648,6377172.426293615,7780000.0,253750000.0
2129.0,1.0,34034.26992072603,16.987520000000014,0.0,0.0,0.0,1006084.5210898916,100000.0,3611941.412180157,5696960.307901648,6377172.426293615,7780000.0,253750000.0
2130.0,1.0,34051.25744072603,16.987520000000014,0.0,0.0,0.0,1006084.5210898916,100000.0,3611941.412180157,5696960.307901648,6377172.426293615,7780000.0,253750000.0
2131.0,1.0,34068.244960726035,16.987520000000014,0.0,0.0,0.0,1006084.5210898916,100000.0,3611941.412180157,5696960.307901648,6377172.426293615,7780000.0,253750000.0
2132.0,1.0,34085.23248072604,16.987520000000014,0.0,0.0,0.0,1006084.5210898916,100000.0,3611941.412180157,5696960.307901648,6377172.426293615,7780000.0,253750000.0
2133.0,1.0,34102.22000072604,16.987520000000014,0.0,0.0,0.0,1006084.5210898916,100000.0,3611941.412180157,5696960.307901648,6377172.426293615,7780000.0,253750000.0
2134.0,1.0,34119.20752072604,16.987520000000014,0.0,0.0,0.0,1006084.5210898916,100000.0,3611941.412180157,5696960.307901648,6377172.426293615,7780000.0,253750000.0
2135.0,1.0,34136.195040726045,16.987520000000014,0.0,0.0,0.0,1006084.5210898916,100000.0,3611941.412180157,5696960.307901648,6377172.426293615,7780000.0,253750000.0
2136.0,1.0,34153.18256072605,16.987520000000014,0.0,0.0,0.0,1006084.5210898916,100000.0,3611941.412180157,5696960.307901648,6377172.426293615,7780000.0,253750000.0
2137.0,1.0,34170.17008072605,16.987520000000014,0.0,0.0,0.0,1006084.5210898916,100000.0,3611941.412180157,5696960.307901648,6377172.426293615,7780000.0,253750000.0
2138.0,1.0,34187.15760072605,16.987520000000014,0.0,0.0,0.0,1006084.5210898916,100000.0,3611941.412180157,5696960.307901648,6377172.426293615,7780000.0,253750000.0
2139.0,1.0,34204.145120726054,16.987520000000014,0.0,0.0,0.0,1006084.5210898916,100000.0,3611941.412180157,5696960.307901648,6377172.426293615,7780000.0,253750000.0
2140.0,1.0,34221.13264072606,16.987520000000014,0.0,0.0,0.0,1006084.5210898916,100000.0,3611941.412180157,5696960.307901648,6377172.426293615,7780000.0,253750000.0
2141.0,1.0,34238.12016072606,16.987520000000014,0.0,0.0,0.0,1006084.5210898916,100000.0,3611941.412180157,5696960.307901648,6377172.426293615,7780000.0,253750000.0
2142.0,1.0,34255.10768072606,16.987520000000014,0.0,0.0,0.0,1006084.5210898916,100000.0,3611941.412180157,5696960.307901648,6377172.426293615,7780000.0,253750000.0
2143.0,1.0,34272.095200726064,16.987520000000014,0.0,0.0,0.0,1006084.5210898916,100000.0,3611941.412180157,5696960.307901648,6377172.426293615,7780000.0,253750000.0
2144.0,1.0,34289.082720726066,16.987520000000014,0.0,0.0,0.0,1006084.5210898916,100000.0,3611941.412180157,5696960.307901648,6377172.426293615,7780000.0,253750000.0
2145.0,1.0,34306.07024072607,16.987520000000014,0.0,0.0,0.0,1006084.5210898916,100000.0,3611941.412180157,5696960.307901648,6377172.426293615,7780000.0,253750000.0
2146.0,1.0,34323.05776072607,16.987520000000014,0.0,0.0,0.0,1006084.5210898916,100000.0,3611941.412180157,5696960.307901648,6377172.426293615,7780000.0,253750000.0
2147.0,1.0,34340.04528072607,16.987520000000014,0.0,0.0,0.0,1006084.5210898916,100000.0,3611941.412180157,5696960.307901648,6377172.426293615,7780000.0,253750000.0
2148.0,1.0,34357.032800726076,16.987520000000014,0.0,0.0,0.0,1006084.5210898916,100000.0,3611941.412180157,5696960.307901648,6377172.426293615,7780000.0,253750000.0
2149.0,1.0,34374.02032072608,16.987520000000014,0.0,0.0,0.0,1006084.5210898916,100000.0,3611941.412180157,5696960.307901648,6377172.426293615,7780000.0,253750000.0
2150.0,1.0,34391.00784072608,16.987520000000014,0.0,0.0,0.0,1006084.5210898916,100000.0,3611941.412180157,5696960.307901648,6377172.426293615,7780000.0,253750000.0
2151.0,1.0,34407.99536072608,16.987520000000014,0.0,0.0,0.0,1006084.5210898916,100000.0,3611941.412180157,5696960.307901648,6377172.426293615,7780000.0,253750000.0
2152.0,1.0,34424.982880726086,16.987520000000014,0.0,0.0,0.0,1006084.5210898916,100000.0,3611941.412180157,5696960.307901648,6377172.426293615,7780000.0,253750000.0
2153.0,1.0,34441.97040072609,16.987520000000014,0.0,0.0,0.0,1006084.5210898916,100000.0,3611941.412180157,5696960.307901648,6377172.426293615,7780000.0,253750000.0
2154.0,1.0,34458.95792072609,16.987520000000014,0.0,0.0,0.0,1006084.5210898916,100000.0,3611941.412180157,5696960.307901648,6377172.426293615,7780000.0,253750000.0
2155.0,1.0,34475.94544072609,16.987520000000014,0.0,0.0,0.0,1006084.5210898916,100000.0,3611941.412180157,5696960.307901648,6377172.426293615,7780000.0,253750000.0
2156.0,1.0,34492.932960726095,16.987520000000014,0.0,0.0,0.0,1006084.5210898916,100000.0,3611941.412180157,5696960.307901648,6377172.426293615,7780000.0,253750000.0
2157.0,1.0,34509.9204807261,16.987520000000014,0.0,0.0,0.0,1006084.5210898916,100000.0,3611941.412180157,5696960.307901648,6377172.426293615,7780000.0,253750000.0
2158.0,1.0,34526.9080007261,16.987520000000014,0.0,0.0,0.0,1006084.5210898916,100000.0,3611941.412180157,5696960.307901648,6377172.426293615,7780000.0,253750000.0
2159.0,1.0,34543.8955207261,16.987520000000014,0.0,0.0,0.0,1006084.5210898916,100000.0,3611941.412180157,5696960.307901648,6377172.426293615,7780000.0,253750000.0
2160.0,1.0,34560.883040726105,16.987520000000014,0.0,0.0,0.0,1006084.5210898916,100000.0,3611941.412180157,5696960.307901648,6377172.426293615,7780000.0,253750000.0
2161.0,1.0,34577.87056072611,16.987520000000014,0.0,0.0,0.0,1006084.5210898916,100000.0,3611941.412180157,5696960.307901648,6377172.426293615,7780000.0,253750000.0
2162.0,1.0,34594.85808072611,16.987520000000014,0.0,0.0,0.0,1006084.5210898916,100000.0,3611941.412180157,5696960.307901648,6377172.426293615,7780000.0,253750000.0
2163.0,1.0,34611.84560072611,16.987520000000014,0.0,0.0,0.0,1006084.5210898916,100000.0,3611941.412180157,5696960.307901648,6377172.426293615,7780000.0,253750000.0
2164.0,1.0,34628.833120726114,16.987520000000014,0.0,0.0,0.0,1006084.5210898916,100000.0,3611941.412180157,5696960.307901648,6377172.426293615,7780000.0,253750000.0
2165.0,1.0,34645.82064072612,16.987520000000014,0.0,0.0,0.0,1006084.5210898916,100000.0,3611941.412180157,5696960.307901648,6377172.426293615,7780000.0,253750000.0
2166.0,1.0,34662.80816072612,16.987520000000014,0.0,0.0,0.0,1006084.5210898916,100000.0,3611941.412180157,5696960.307901648,6377172.426293615,7780000.0,253750000.0
2167.0,1.0,34679.79568072612,16.987520000000014,0.0,0.0,0.0,1006084.5210898916,100000.0,3611941.412180157,5696960.307901648,6377172.426293615,7780000.0,253750000.0
2168.0,1.0,34696.783200726124,16.987520000000014,0.0,0.0,0.0,1006084.5210898916,100000.0,3611941.412180157,5696960.307901648,6377172.426293615,7780000.0,253750000.0
2169.0,1.0,34713.77072072613,16.987520000000014,0.0,0.0,0.0,1006084.5210898916,100000.0,3611941.412180157,5696960.307901648,6377172.426293615,7780000.0,253750000.0
2170.0,1.0,34730.75824072613,16.987520000000014,0.0,0.0,0.0,1006084.5210898916,100000.0,3611941.412180157,5696960.307901648,6377172.426293615,7780000.0,253750000.0
2171.0,1.0,34747.74576072613,16.987520000000014,0.0,0.0,0.0,1006084.5210898916,100000.0,3611941.412180157,5696960.307901648,6377172.426293615,7780000.0,253750000.0
2172.0,1.0,34764.733280726134,16.987520000000014,0.0,0.0,0.0,1006084.5210898916,100000.0,3611941.412180157,5696960.307901648,6377172.426293615,7780000.0,253750000.0
2173.0,1.0,34781.720800726136,16.987520000000014,0.0,0.0,0.0,1006084.5210898916,100000.0,3611941.412180157,5696960.307901648,6377172.426293615,7780000.0,253750000.0
2174.0,1.0,34798.70832072614,16.987520000000014,0.0,0.0,0.0,1006084.5210898916,100000.0,3611941.412180157,5696960.307901648,6377172.426293615,7780000.0,253750000.0
2175.0,1.0,34815.69584072614,16.987520000000014,0.0,0.0,0.0,1006084.5210898916,100000.0,3611941.412180157,5696960.307901648,6377172.426293615,7780000.0,253750000.0
2176.0,1.0,34832.68336072614,16.987520000000014,0.0,0.0,0.0,1006084.5210898916,100000.0,3611941.412180157,5696960.307901648,6377172.426293615,7780000.0,253750000.0
2177.0,1.0,34849.670880726146,16.987520000000014,0.0,0.0,0.0,1006084.5210898916,100000.0,3611941.412180157,5696960.307901648,6377172.426293615,7780000.0,253750000.0
2178.0,1.0,34866.65840072615,16.987520000000014,0.0,0.0,0.0,1006084.5210898916,100000.0,3611941.412180157,5696960.307901648,6377172.426293615,7780000.0,253750000.0
2179.0,1.0,34883.64592072615,16.987520000000014,0.0,0.0,0.0,1006084.5210898916,100000.0,3611941.412180157,5696960.307901648,6377172.426293615,7780000.0,253750000.0
2180.0,1.0,34900.63344072615,16.987520000000014,0.0,0.0,0.0,1006084.5210898916,100000.0,3611941.412180157,5696960.307901648,6377172.426293615,7780000.0,253750000.0
2181.0,1.0,34917.620960726155,16.987520000000014,0.0,0.0,0.0,1006084.5210898916,100000.0,3611941.412180157,5696960.307901648,6377172.426293615,7780000.0,253750000.0
2182.0,1.0,34934.60848072616,16.987520000000014,0.0,0.0,0.0,1006084.5210898916,100000.0,3611941.412180157,5696960.307901648,6377172.426293615,7780000.0,253750000.0
2183.0,1.0,34951.59600072616,16.987520000000014,0.0,0.0,0.0,1006084.5210898916,100000.0,3611941.412180157,5696960.307901648,6377172.426293615,7780000.0,253750000.0
2184.0,1.0,34968.58352072616,16.987520000000014,0.0,0.0,0.0,1006084.5210898916,100000.0,3611941.412180157,5696960.307901648,6377172.426293615,7780000.0,253750000.0
2185.0,1.0,34985.571040726165,16.987520000000014,0.0,0.0,0.0,1006084.5210898916,100000.0,3611941.412180157,5696960.307901648,6377172.426293615,7780000.0,253750000.0
2186.0,1.0,35002.55856072617,16.987520000000014,0.0,0.0,0.0,1006084.5210898916,100000.0,3611941.412180157,5696960.307901648,6377172.426293615,7780000.0,253750000.0
2187.0,1.0,35019.54608072617,16.987520000000014,0.0,0.0,0.0,1006084.5210898916,100000.0,3611941.412180157,5696960.307901648,6377172.426293615,7780000.0,253750000.0
2188.0,1.0,35036.53360072617,16.987520000000014,0.0,0.0,0.0,1006084.5210898916,100000.0,3611941.412180157,5696960.307901648,6377172.426293615,7780000.0,253750000.0
2189.0,1.0,35053.521120726175,16.987520000000014,0.0,0.0,0.0,1006084.5210898916,100000.0,3611941.412180157,5696960.307901648,6377172.426293615,7780000.0,253750000.0
2190.0,1.0,35070.50864072618,16.987520000000014,0.0,0.0,0.0,1006084.5210898916,100000.0,3611941.412180157,5696960.307901648,6377172.426293615,7780000.0,253750000.0
2191.0,1.0,35087.49616072618,16.987520000000014,0.0,0.0,0.0,1006084.5210898916,100000.0,3611941.412180157,5696960.307901648,6377172.426293615,7780000.0,253750000.0
2192.0,1.0,35104.48368072618,16.987520000000014,0.0,0.0,0.0,1006084.5210898916,100000.0,3611941.412180157,5696960.307901648,6377172.426293615,7780000.0,253750000.0
2193.0,1.0,35121.471200726184,16.987520000000014,0.0,0.0,0.0,1006084.5210898916,100000.0,3611941.412180157,5696960.307901648,6377172.426293615,7780000.0,253750000.0
2194.0,1.0,35138.45872072619,16.987520000000014,0.0,0.0,0.0,1006084.5210898916,100000.0,3611941.412180157,5696960.307901648,6377172.426293615,7780000.0,253750000.0
2195.0,1.0,35155.44624072619,16.987520000000014,0.0,0.0,0.0,1006084.5210898916,100000.0,3611941.412180157,5696960.307901648,6377172.426293615,7780000.0,253750000.0
2196.0,1.0,35172.43376072619,16.987520000000014,0.0,0.0,0.0,1006084.5210898916,100000.0,3611941.412180157,5696960.307901648,6377172.426293615,7780000.0,253750000.0
2197.0,1.0,35189.421280726194,16.987520000000014,0.0,0.0,0.0,1006084.5210898916,100000.0,3611941.412180157,5696960.307901648,6377172.426293615,7780000.0,253750000.0
2198.0,1.0,35206.408800726196,16.987520000000014,0.0,0.0,0.0,1006084.5210898916,100000.0,3611941.412180157,5696960.307901648,6377172.426293615,7780000.0,253750000.0
2199.0,1.0,35223.3963207262,16.987520000000014,0.0,0.0,0.0,1006084.5210898916,100000.0,3611941.412180157,5696960.307901648,6377172.426293615,7780000.0,253750000.0
2200.0,1.0,35240.3838407262,16.987520000000014,0.0,0.0,0.0,1006084.5210898916,100000.0,3611941.412180157,5696960.307901648,6377172.426293615,7780000.0,253750000.0
2201.0,1.0,35257.3713607262,16.987520000000014,0.0,0.0,0.0,1006084.5210898916,100000.0,3611941.412180157,5696960.307901648,6377172.426293615,7780000.0,253750000.0
2202.0,1.0,35274.358880726206,16.987520000000014,0.0,0.0,0.0,1006084.5210898916,100000.0,3611941.412180157,5696960.307901648,6377172.426293615,7780000.0,253750000.0
2203.0,1.0,35291.34640072621,16.987520000000014,0.0,0.0,0.0,1006084.5210898916,100000.0,3611941.412180157,5696960.307901648,6377172.426293615,7780000.0,253750000.0
2204.0,1.0,35308.33392072621,16.987520000000014,0.0,0.0,0.0,1006084.5210898916,100000.0,3611941.412180157,5696960.307901648,6377172.426293615,7780000.0,253750000.0
2205.0,1.0,35325.32144072621,16.987520000000014,0.0,0.0,0.0,1006084.5210898916,100000.0,3611941.412180157,5696960.307901648,6377172.426293615,7780000.0,253750000.0
2206.0,1.0,35342.308960726215,16.987520000000014,0.0,0.0,0.0,1006084.5210898916,100000.0,3611941.412180157,5696960.307901648,6377172.426293615,7780000.0,253750000.0
2207.0,1.0,35359.29648072622,16.987520000000014,0.0,0.0,0.0,1006084.5210898916,100000.0,3611941.412180157,5696960.307901648,6377172.426293615,7780000.0,253750000.0
2208.0,1.0,35376.28400072622,16.987520000000014,0.0,0.0,0.0,1006084.5210898916,100000.0,3611941.412180157,5696960.307901648,6377172.426293615,7780000.0,253750000.0
2209.0,1.0,35393.27152072622,16.987520000000014,0.0,0.0,0.0,1006084.5210898916,100000.0,3611941.412180157,5696960.307901648,6377172.426293615,7780000.0,253750000.0
2210.0,1.0,35410.259040726225,16.987520000000014,0.0,0.0,0.0,1006084.5210898916,100000.0,3611941.412180157,5696960.307901648,6377172.426293615,7780000.0,253750000.0
2211.0,1.0,35427.24656072623,16.987520000000014,0.0,0.0,0.0,1006084.5210898916,100000.0,3611941.412180157,5696960.307901648,6377172.426293615,7780000.0,253750000.0
2212.0,1.0,35444.23408072623,16.987520000000014,0.0,0.0,0.0,1006084.5210898916,100000.0,3611941.412180157,5696960.307901648,6377172.426293615,7780000.0,253750000.0
2213.0,1.0,35461.22160072623,16.987520000000014,0.0,0.0,0.0,1006084.5210898916,100000.0,3611941.412180157,5696960.307901648,6377172.426293615,7780000.0,253750000.0
2214.0,1.0,35478.209120726235,16.987520000000014,0.0,0.0,0.0,1006084.5210898916,100000.0,3611941.412180157,5696960.307901648,6377172.426293615,7780000.0,253750000.0
2215.0,1.0,35495.19664072624,16.987520000000014,0.0,0.0,0.0,1006084.5210898916,100000.0,3611941.412180157,5696960.307901648,6377172.426293615,7780000.0,253750000.0
2216.0,1.0,35512.18416072624,16.987520000000014,0.0,0.0,0.0,1006084.5210898916,100000.0,3611941.412180157,5696960.307901648,6377172.426293615,7780000.0,253750000.0
2217.0,1.0,35529.17168072624,16.987520000000014,0.0,0.0,0.0,1006084.5210898916,100000.0,3611941.412180157,5696960.307901648,6377172.426293615,7780000.0,253750000.0
2218.0,1.0,35546.159200726244,16.987520000000014,0.0,0.0,0.0,1006084.5210898916,100000.0,3611941.412180157,5696960.307901648,6377172.426293615,7780000.0,253750000.0
2219.0,1.0,35563.14672072625,16.987520000000014,0.0,0.0,0.0,1006084.5210898916,100000.0,3611941.412180157,5696960.307901648,6377172.426293615,7780000.0,253750000.0
2220.0,1.0,35580.13424072625,16.987520000000014,0.0,0.0,0.0,1006084.5210898916,100000.0,3611941.412180157,5696960.307901648,6377172.426293615,7780000.0,253750000.0
2221.0,1.0,35597.12176072625,16.987520000000014,0.0,0.0,0.0,1006084.5210898916,100000.0,3611941.412180157,5696960.307901648,6377172.426293615,7780000.0,253750000.0
2222.0,1.0,35614.109280726254,16.987520000000014,0.0,0.0,0.0,1006084.5210898916,100000.0,3611941.412180157,5696960.307901648,6377172.426293615,7780000.0,253750000.0
2223.0,1.0,35631.096800726256,16.987520000000014,0.0,0.0,0.0,1006084.5210898916,100000.0,3611941.412180157,5696960.307901648,6377172.426293615,7780000.0,253750000.0
2224.0,1.0,35648.08432072626,16.987520000000014,0.0,0.0,0.0,1006084.5210898916,100000.0,3611941.412180157,5696960.307901648,6377172.426293615,7780000.0,253750000.0
2225.0,1.0,35665.07184072626,16.987520000000014,0.0,0.0,0.0,1006084.5210898916,100000.0,3611941.412180157,5696960.307901648,6377172.426293615,7780000.0,253750000.0
2226.0,1.0,35682.05936072626,16.987520000000014,0.0,0.0,0.0,1006084.5210898916,100000.0,3611941.412180157,5696960.307901648,6377172.426293615,7780000.0,253750000.0
2227.0,1.0,35699.046880726266,16.987520000000014,0.0,0.0,0.0,1006084.5210898916,100000.0,3611941.412180157,5696960.307901648,6377172.426293615,7780000.0,253750000.0
2228.0,1.0,35716.03440072627,16.987520000000014,0.0,0.0,0.0,1006084.5210898916,100000.0,3611941.412180157,5696960.307901648,6377172.426293615,7780000.0,253750000.0
2229.0,1.0,35733.02192072627,16.987520000000014,0.0,0.0,0.0,1006084.5210898916,100000.0,3611941.412180157,5696960.307901648,6377172.426293615,7780000.0,253750000.0
2230.0,1.0,35750.00944072627,16.987520000000014,0.0,0.0,0.0,1006084.5210898916,100000.0,3611941.412180157,5696960.307901648,6377172.426293615,7780000.0,253750000.0
2231.0,1.0,35766.996960726276,16.987520000000014,0.0,0.0,0.0,1006084.5210898916,100000.0,3611941.412180157,5696960.307901648,6377172.426293615,7780000.0,253750000.0
2232.0,1.0,35783.98448072628,16.987520000000014,0.0,0.0,0.0,1006084.5210898916,100000.0,3611941.412180157,5696960.307901648,6377172.426293615,7780000.0,253750000.0
2233.0,1.0,35800.97200072628,16.987520000000014,0.0,0.0,0.0,1006084.5210898916,100000.0,3611941.412180157,5696960.307901648,6377172.426293615,7780000.0,253750000.0
2234.0,1.0,35817.95952072628,16.987520000000014,0.0,0.0,0.0,1006084.5210898916,100000.0,3611941.412180157,5696960.307901648,6377172.426293615,7780000.0,253750000.0
2235.0,1.0,35834.947040726285,16.987520000000014,0.0,0.0,0.0,1006084.5210898916,100000.0,3611941.412180157,5696960.307901648,6377172.426293615,7780000.0,253750000.0
2236.0,1.0,35851.93456072629,16.987520000000014,0.0,0.0,0.0,1006084.5210898916,100000.0,3611941.412180157,5696960.307901648,6377172.426293615,7780000.0,253750000.0
2237.0,1.0,35868.92208072629,16.987520000000014,0.0,0.0,0.0,1006084.5210898916,100000.0,3611941.412180157,5696960.307901648,6377172.426293615,7780000.0,253750000.0
2238.0,1.0,35885.90960072629,16.987520000000014,0.0,0.0,0.0,1006084.5210898916,100000.0,3611941.412180157,5696960.307901648,6377172.426293615,7780000.0,253750000.0
2239.0,1.0,35902.897120726295,16.987520000000014,0.0,0.0,0.0,1006084.5210898916,100000.0,3611941.412180157,5696960.307901648,6377172.426293615,7780000.0,253750000.0
2240.0,1.0,35919.8846407263,16.987520000000014,0.0,0.0,0.0,1006084.5210898916,100000.0,3611941.412180157,5696960.307901648,6377172.426293615,7780000.0,253750000.0
2241.0,1.0,35936.8721607263,16.987520000000014,0.0,0.0,0.0,1006084.5210898916,100000.0,3611941.412180157,5696960.307901648,6377172.426293615,7780000.0,253750000.0
2242.0,1.0,35953.8596807263,16.987520000000014,0.0,0.0,0.0,1006084.5210898916,100000.0,3611941.412180157,5696960.307901648,6377172.426293615,7780000.0,253750000.0
2243.0,1.0,35970.847200726304,16.987520000000014,0.0,0.0,0.0,1006084.5210898916,100000.0,3611941.412180157,5696960.307901648,6377172.426293615,7780000.0,253750000.0
2244.0,1.0,35987.83472072631,16.987520000000014,0.0,0.0,0.0,1006084.5210898916,100000.0,3611941.412180157,5696960.307901648,6377172.426293615,7780000.0,253750000.0
2245.0,1.0,36004.82224072631,16.987520000000014,0.0,0.0,0.0,1006084.5210898916,100000.0,3611941.412180157,5696960.307901648,6377172.426293615,7780000.0,253750000.0
2246.0,1.0,36021.80976072631,16.987520000000014,0.0,0.0,0.0,1006084.5210898916,100000.0,3611941.412180157,5696960.307901648,6377172.426293615,7780000.0,253750000.0
2247.0,1.0,36038.797280726314,16.987520000000014,0.0,0.0,0.0,1006084.5210898916,100000.0,3611941.412180157,5696960.307901648,6377172.426293615,7780000.0,253750000.0
2248.0,1.0,36055.78480072632,16.987520000000014,0.0,0.0,0.0,1006084.5210898916,100000.0,3611941.412180157,5696960.307901648,6377172.426293615,7780000.0,253750000.0
2249.0,1.0,36072.77232072632,16.987520000000014,0.0,0.0,0.0,1006084.5210898916,100000.0,3611941.412180157,5696960.307901648,6377172.426293615,7780000.0,253750000.0
2250.0,1.0,36089.75984072632,16.987520000000014,0.0,0.0,0.0,1006084.5210898916,100000.0,3611941.412180157,5696960.307901648,6377172.426293615,7780000.0,253750000.0
2251.0,1.0,36106.747360726324,16.987520000000014,0.0,0.0,0.0,1006084.5210898916,100000.0,3611941.412180157,5696960.307901648,6377172.426293615,7780000.0,253750000.0
2252.0,1.0,36123.734880726326,16.987520000000014,0.0,0.0,0.0,1006084.5210898916,100000.0,3611941.412180157,5696960.307901648,6377172.426293615,7780000.0,253750000.0
2253.0,1.0,36140.72240072633,16.987520000000014,0.0,0.0,0.0,1006084.5210898916,100000.0,3611941.412180157,5696960.307901648,6377172.426293615,7780000.0,253750000.0
2254.0,1.0,36157.70992072633,16.987520000000014,0.0,0.0,0.0,1006084.5210898916,100000.0,3611941.412180157,5696960.307901648,6377172.426293615,7780000.0,253750000.0
2255.0,1.0,36174.69744072633,16.987520000000014,0.0,0.0,0.0,1006084.5210898916,100000.0,3611941.412180157,5696960.307901648,6377172.426293615,7780000.0,253750000.0
2256.0,1.0,36191.684960726336,16.987520000000014,0.0,0.0,0.0,1006084.5210898916,100000.0,3611941.412180157,5696960.307901648,6377172.426293615,7780000.0,253750000.0
2257.0,1.0,36208.67248072634,16.987520000000014,0.0,0.0,0.0,1006084.5210898916,100000.0,3611941.412180157,5696960.307901648,6377172.426293615,7780000.0,253750000.0
2258.0,1.0,36225.66000072634,16.987520000000014,0.0,0.0,0.0,1006084.5210898916,100000.0,3611941.412180157,5696960.307901648,6377172.426293615,7780000.0,253750000.0
2259.0,1.0,36242.64752072634,16.987520000000014,0.0,0.0,0.0,1006084.5210898916,100000.0,3611941.412180157,5696960.307901648,6377172.426293615,7780000.0,253750000.0
2260.0,1.0,36259.635040726345,16.987520000000014,0.0,0.0,0.0,1006084.5210898916,100000.0,3611941.412180157,5696960.307901648,6377172.426293615,7780000.0,253750000.0
2261.0,1.0,36276.62256072635,16.987520000000014,0.0,0.0,0.0,1006084.5210898916,100000.0,3611941.412180157,5696960.307901648,6377172.426293615,7780000.0,253750000.0
2262.0,1.0,36293.61008072635,16.987520000000014,0.0,0.0,0.0,1006084.5210898916,100000.0,3611941.412180157,5696960.307901648,6377172.426293615,7780000.0,253750000.0
2263.0,1.0,36310.59760072635,16.987520000000014,0.0,0.0,0.0,1006084.5210898916,100000.0,3611941.412180157,5696960.307901648,6377172.426293615,7780000.0,253750000.0
2264.0,1.0,36327.585120726355,16.987520000000014,0.0,0.0,0.0,1006084.5210898916,100000.0,3611941.412180157,5696960.307901648,6377172.426293615,7780000.0,253750000.0
2265.0,1.0,36344.57264072636,16.987520000000014,0.0,0.0,0.0,1006084.5210898916,100000.0,3611941.412180157,5696960.307901648,6377172.426293615,7780000.0,253750000.0
2266.0,1.0,36361.56016072636,16.987520000000014,0.0,0.0,0.0,1006084.5210898916,100000.0,3611941.412180157,5696960.307901648,6377172.426293615,7780000.0,253750000.0
2267.0,1.0,36378.54768072636,16.987520000000014,0.0,0.0,0.0,1006084.5210898916,100000.0,3611941.412180157,5696960.307901648,6377172.426293615,7780000.0,253750000.0
2268.0,1.0,36395.535200726365,16.987520000000014,0.0,0.0,0.0,1006084.5210898916,100000.0,3611941.412180157,5696960.307901648,6377172.426293615,7780000.0,253750000.0
2269.0,1.0,36412.52272072637,16.987520000000014,0.0,0.0,0.0,1006084.5210898916,100000.0,3611941.412180157,5696960.307901648,6377172.426293615,7780000.0,253750000.0
2270.0,1.0,36429.51024072637,16.987520000000014,0.0,0.0,0.0,1006084.5210898916,100000.0,3611941.412180157,5696960.307901648,6377172.426293615,7780000.0,253750000.0
2271.0,1.0,36446.49776072637,16.987520000000014,0.0,0.0,0.0,1006084.5210898916,100000.0,3611941.412180157,5696960.307901648,6377172.426293615,7780000.0,253750000.0
2272.0,1.0,36463.485280726374,16.987520000000014,0.0,0.0,0.0,1006084.5210898916,100000.0,3611941.412180157,5696960.307901648,6377172.426293615,7780000.0,253750000.0
2273.0,1.0,36480.47280072638,16.987520000000014,0.0,0.0,0.0,1006084.5210898916,100000.0,3611941.412180157,5696960.307901648,6377172.426293615,7780000.0,253750000.0
2274.0,1.0,36497.46032072638,16.987520000000014,0.0,0.0,0.0,1006084.5210898916,100000.0,3611941.412180157,5696960.307901648,6377172.426293615,7780000.0,253750000.0
2275.0,1.0,36514.44784072638,16.987520000000014,0.0,0.0,0.0,1006084.5210898916,100000.0,3611941.412180157,5696960.307901648,6377172.426293615,7780000.0,253750000.0
2276.0,1.0,36531.435360726384,16.987520000000014,0.0,0.0,0.0,1006084.5210898916,100000.0,3611941.412180157,5696960.307901648,6377172.426293615,7780000.0,253750000.0
2277.0,1.0,36548.422880726386,16.987520000000014,0.0,0.0,0.0,1006084.5210898916,100000.0,3611941.412180157,5696960.307901648,6377172.426293615,7780000.0,253750000.0
2278.0,1.0,36565.41040072639,16.987520000000014,0.0,0.0,0.0,1006084.5210898916,100000.0,3611941.412180157,5696960.307901648,6377172.426293615,7780000.0,253750000.0
2279.0,1.0,36582.39792072639,16.987520000000014,0.0,0.0,0.0,1006084.5210898916,100000.0,3611941.412180157,5696960.307901648,6377172.426293615,7780000.0,253750000.0
2280.0,1.0,36599.38544072639,16.987520000000014,0.0,0.0,0.0,1006084.5210898916,100000.0,3611941.412180157,5696960.307901648,6377172.426293615,7780000.0,253750000.0
2281.0,1.0,36616.372960726396,16.987520000000014,0.0,0.0,0.0,1006084.5210898916,100000.0,3611941.412180157,5696960.307901648,6377172.426293615,7780000.0,253750000.0
2282.0,1.0,36633.3604807264,16.987520000000014,0.0,0.0,0.0,1006084.5210898916,100000.0,3611941.412180157,5696960.307901648,6377172.426293615,7780000.0,253750000.0
2283.0,1.0,36650.3480007264,16.987520000000014,0.0,0.0,0.0,1006084.5210898916,100000.0,3611941.412180157,5696960.307901648,6377172.426293615,7780000.0,253750000.0
2284.0,1.0,36667.3355207264,16.987520000000014,0.0,0.0,0.0,1006084.5210898916,100000.0,3611941.412180157,5696960.307901648,6377172.426293615,7780000.0,253750000.0
2285.0,1.0,36684.323040726405,16.987520000000014,0.0,0.0,0.0,1006084.5210898916,100000.0,3611941.412180157,5696960.307901648,6377172.426293615,7780000.0,253750000.0
2286.0,1.0,36701.31056072641,16.987520000000014,0.0,0.0,0.0,1006084.5210898916,100000.0,3611941.412180157,5696960.307901648,6377172.426293615,7780000.0,253750000.0
2287.0,1.0,36718.29808072641,16.987520000000014,0.0,0.0,0.0,1006084.5210898916,100000.0,3611941.412180157,5696960.307901648,6377172.426293615,7780000.0,253750000.0
2288.0,1.0,36735.28560072641,16.987520000000014,0.0,0.0,0.0,1006084.5210898916,100000.0,3611941.412180157,5696960.307901648,6377172.426293615,7780000.0,253750000.0
2289.0,1.0,36752.273120726415,16.987520000000014,0.0,0.0,0.0,1006084.5210898916,100000.0,3611941.412180157,5696960.307901648,6377172.426293615,7780000.0,253750000.0
2290.0,1.0,36769.26064072642,16.987520000000014,0.0,0.0,0.0,1006084.5210898916,100000.0,3611941.412180157,5696960.307901648,6377172.426293615,7780000.0,253750000.0
2291.0,1.0,36786.24816072642,16.987520000000014,0.0,0.0,0.0,1006084.5210898916,100000.0,3611941.412180157,5696960.307901648,6377172.426293615,7780000.0,253750000.0
2292.0,1.0,36803.23568072642,16.987520000000014,0.0,0.0,0.0,1006084.5210898916,100000.0,3611941.412180157,5696960.307901648,6377172.426293615,7780000.0,253750000.0
2293.0,1.0,36820.223200726425,16.987520000000014,0.0,0.0,0.0,1006084.5210898916,100000.0,3611941.412180157,5696960.307901648,6377172.426293615,7780000.0,253750000.0
2294.0,1.0,36837.21072072643,16.987520000000014,0.0,0.0,0.0,1006084.5210898916,100000.0,3611941.412180157,5696960.307901648,6377172.426293615,7780000.0,253750000.0
2295.0,1.0,36854.19824072643,16.987520000000014,0.0,0.0,0.0,1006084.5210898916,100000.0,3611941.412180157,5696960.307901648,6377172.426293615,7780000.0,253750000.0
2296.0,1.0,36871.18576072643,16.987520000000014,0.0,0.0,0.0,1006084.5210898916,100000.0,3611941.412180157,5696960.307901648,6377172.426293615,7780000.0,253750000.0
2297.0,1.0,36888.173280726434,16.987520000000014,0.0,0.0,0.0,1006084.5210898916,100000.0,3611941.412180157,5696960.307901648,6377172.426293615,7780000.0,253750000.0
2298.0,1.0,36905.16080072644,16.987520000000014,0.0,0.0,0.0,1006084.5210898916,100000.0,3611941.412180157,5696960.307901648,6377172.426293615,7780000.0,253750000.0
2299.0,1.0,36922.14832072644,16.987520000000014,0.0,0.0,0.0,1006084.5210898916,100000.0,3611941.412180157,5696960.307901648,6377172.426293615,7780000.0,253750000.0
2300.0,1.0,36939.13584072644,16.987520000000014,0.0,0.0,0.0,1006084.5210898916,100000.0,3611941.412180157,5696960.307901648,6377172.426293615,7780000.0,253750000.0
2301.0,1.0,36956.123360726444,16.987520000000014,0.0,0.0,0.0,1006084.5210898916,100000.0,3611941.412180157,5696960.307901648,6377172.426293615,7780000.0,253750000.0
2302.0,1.0,36973.110880726446,16.987520000000014,0.0,0.0,0.0,1006084.5210898916,100000.0,3611941.412180157,5696960.307901648,6377172.426293615,7780000.0,253750000.0
2303.0,1.0,36990.09840072645,16.987520000000014,0.0,0.0,0.0,1006084.5210898916,100000.0,3611941.412180157,5696960.307901648,6377172.426293615,7780000.0,253750000.0
2304.0,1.0,37007.08592072645,16.987520000000014,0.0,0.0,0.0,1006084.5210898916,100000.0,3611941.412180157,5696960.307901648,6377172.426293615,7780000.0,253750000.0
2305.0,1.0,37024.07344072645,16.987520000000014,0.0,0.0,0.0,1006084.5210898916,100000.0,3611941.412180157,5696960.307901648,6377172.426293615,7780000.0,253750000.0
2306.0,1.0,37041.060960726456,16.987520000000014,0.0,0.0,0.0,1006084.5210898916,100000.0,3611941.412180157,5696960.307901648,6377172.426293615,7780000.0,253750000.0
2307.0,1.0,37058.04848072646,16.987520000000014,0.0,0.0,0.0,1006084.5210898916,100000.0,3611941.412180157,5696960.307901648,6377172.426293615,7780000.0,253750000.0
2308.0,1.0,37075.03600072646,16.987520000000014,0.0,0.0,0.0,1006084.5210898916,100000.0,3611941.412180157,5696960.307901648,6377172.426293615,7780000.0,253750000.0
2309.0,1.0,37092.02352072646,16.987520000000014,0.0,0.0,0.0,1006084.5210898916,100000.0,3611941.412180157,5696960.307901648,6377172.426293615,7780000.0,253750000.0
2310.0,1.0,37109.011040726466,16.987520000000014,0.0,0.0,0.0,1006084.5210898916,100000.0,3611941.412180157,5696960.307901648,6377172.426293615,7780000.0,253750000.0
2311.0,1.0,37125.99856072647,16.987520000000014,0.0,0.0,0.0,1006084.5210898916,100000.0,3611941.412180157,5696960.307901648,6377172.426293615,7780000.0,253750000.0
2312.0,1.0,37142.98608072647,16.987520000000014,0.0,0.0,0.0,1006084.5210898916,100000.0,3611941.412180157,5696960.307901648,6377172.426293615,7780000.0,253750000.0
2313.0,1.0,37159.97360072647,16.987520000000014,0.0,0.0,0.0,1006084.5210898916,100000.0,3611941.412180157,5696960.307901648,6377172.426293615,7780000.0,253750000.0
2314.0,1.0,37176.961120726475,16.987520000000014,0.0,0.0,0.0,1006084.5210898916,100000.0,3611941.412180157,5696960.307901648,6377172.426293615,7780000.0,253750000.0
2315.0,1.0,37193.94864072648,16.987520000000014,0.0,0.0,0.0,1006084.5210898916,100000.0,3611941.412180157,5696960.307901648,6377172.426293615,7780000.0,253750000.0
2316.0,1.0,37210.93616072648,16.987520000000014,0.0,0.0,0.0,1006084.5210898916,100000.0,3611941.412180157,5696960.307901648,6377172.426293615,7780000.0,253750000.0
2317.0,1.0,37227.92368072648,16.987520000000014,0.0,0.0,0.0,1006084.5210898916,100000.0,3611941.412180157,5696960.307901648,6377172.426293615,7780000.0,253750000.0
2318.0,1.0,37244.911200726485,16.987520000000014,0.0,0.0,0.0,1006084.5210898916,100000.0,3611941.412180157,5696960.307901648,6377172.426293615,7780000.0,253750000.0
2319.0,1.0,37261.89872072649,16.987520000000014,0.0,0.0,0.0,1006084.5210898916,100000.0,3611941.412180157,5696960.307901648,6377172.426293615,7780000.0,253750000.0
2320.0,1.0,37278.88624072649,16.987520000000014,0.0,0.0,0.0,1006084.5210898916,100000.0,3611941.412180157,5696960.307901648,6377172.426293615,7780000.0,253750000.0
2321.0,1.0,37295.87376072649,16.987520000000014,0.0,0.0,0.0,1006084.5210898916,100000.0,3611941.412180157,5696960.307901648,6377172.426293615,7780000.0,253750000.0
2322.0,1.0,37312.861280726494,16.987520000000014,0.0,0.0,0.0,1006084.5210898916,100000.0,3611941.412180157,5696960.307901648,6377172.426293615,7780000.0,253750000.0
2323.0,1.0,37329.8488007265,16.987520000000014,0.0,0.0,0.0,1006084.5210898916,100000.0,3611941.412180157,5696960.307901648,6377172.426293615,7780000.0,253750000.0
2324.0,1.0,37346.8363207265,16.987520000000014,0.0,0.0,0.0,1006084.5210898916,100000.0,3611941.412180157,5696960.307901648,6377172.426293615,7780000.0,253750000.0
2325.0,1.0,37363.8238407265,16.987520000000014,0.0,0.0,0.0,1006084.5210898916,100000.0,3611941.412180157,5696960.307901648,6377172.426293615,7780000.0,253750000.0
2326.0,1.0,37380.811360726504,16.987520000000014,0.0,0.0,0.0,1006084.5210898916,100000.0,3611941.412180157,5696960.307901648,6377172.426293615,7780000.0,253750000.0
2327.0,1.0,37397.79888072651,16.987520000000014,0.0,0.0,0.0,1006084.5210898916,100000.0,3611941.412180157,5696960.307901648,6377172.426293615,7780000.0,253750000.0
2328.0,1.0,37414.78640072651,16.987520000000014,0.0,0.0,0.0,1006084.5210898916,100000.0,3611941.412180157,5696960.307901648,6377172.426293615,7780000.0,253750000.0
2329.0,1.0,37431.77392072651,16.987520000000014,0.0,0.0,0.0,1006084.5210898916,100000.0,3611941.412180157,5696960.307901648,6377172.426293615,7780000.0,253750000.0
2330.0,1.0,37448.761440726514,16.987520000000014,0.0,0.0,0.0,1006084.5210898916,100000.0,3611941.412180157,5696960.307901648,6377172.426293615,7780000.0,253750000.0
2331.0,1.0,37465.748960726516,16.987520000000014,0.0,0.0,0.0,1006084.5210898916,100000.0,3611941.412180157,5696960.307901648,6377172.426293615,7780000.0,253750000.0
2332.0,1.0,37482.73648072652,16.987520000000014,0.0,0.0,0.0,1006084.5210898916,100000.0,3611941.412180157,5696960.307901648,6377172.426293615,7780000.0,253750000.0
2333.0,1.0,37499.72400072652,16.987520000000014,0.0,0.0,0.0,1006084.5210898916,100000.0,3611941.412180157,5696960.307901648,6377172.426293615,7780000.0,253750000.0
2334.0,1.0,37516.71152072652,16.987520000000014,0.0,0.0,0.0,1006084.5210898916,100000.0,3611941.412180157,5696960.307901648,6377172.426293615,7780000.0,253750000.0
2335.0,1.0,37533.699040726526,16.987520000000014,0.0,0.0,0.0,1006084.5210898916,100000.0,3611941.412180157,5696960.307901648,6377172.426293615,7780000.0,253750000.0
2336.0,1.0,37550.68656072653,16.987520000000014,0.0,0.0,0.0,1006084.5210898916,100000.0,3611941.412180157,5696960.307901648,6377172.426293615,7780000.0,253750000.0
2337.0,1.0,37567.67408072653,16.987520000000014,0.0,0.0,0.0,1006084.5210898916,100000.0,3611941.412180157,5696960.307901648,6377172.426293615,7780000.0,253750000.0
2338.0,1.0,37584.66160072653,16.987520000000014,0.0,0.0,0.0,1006084.5210898916,100000.0,3611941.412180157,5696960.307901648,6377172.426293615,7780000.0,253750000.0
2339.0,1.0,37601.649120726535,16.987520000000014,0.0,0.0,0.0,1006084.5210898916,100000.0,3611941.412180157,5696960.307901648,6377172.426293615,7780000.0,253750000.0
2340.0,1.0,37618.63664072654,16.987520000000014,0.0,0.0,0.0,1006084.5210898916,100000.0,3611941.412180157,5696960.307901648,6377172.426293615,7780000.0,253750000.0
2341.0,1.0,37635.62416072654,16.987520000000014,0.0,0.0,0.0,1006084.5210898916,100000.0,3611941.412180157,5696960.307901648,6377172.426293615,7780000.0,253750000.0
2342.0,1.0,37652.61168072654,16.987520000000014,0.0,0.0,0.0,1006084.5210898916,100000.0,3611941.412180157,5696960.307901648,6377172.426293615,7780000.0,253750000.0
2343.0,1.0,37669.599200726545,16.987520000000014,0.0,0.0,0.0,1006084.5210898916,100000.0,3611941.412180157,5696960.307901648,6377172.426293615,7780000.0,253750000.0
2344.0,1.0,37686.58672072655,16.987520000000014,0.0,0.0,0.0,1006084.5210898916,100000.0,3611941.412180157,5696960.307901648,6377172.426293615,7780000.0,253750000.0
2345.0,1.0,37703.57424072655,16.987520000000014,0.0,0.0,0.0,1006084.5210898916,100000.0,3611941.412180157,5696960.307901648,6377172.426293615,7780000.0,253750000.0
2346.0,1.0,37720.56176072655,16.987520000000014,0.0,0.0,0.0,1006084.5210898916,100000.0,3611941.412180157,5696960.307901648,6377172.426293615,7780000.0,253750000.0
2347.0,1.0,37737.549280726555,16.987520000000014,0.0,0.0,0.0,1006084.5210898916,100000.0,3611941.412180157,5696960.307901648,6377172.426293615,7780000.0,253750000.0
2348.0,1.0,37754.53680072656,16.987520000000014,0.0,0.0,0.0,1006084.5210898916,100000.0,3611941.412180157,5696960.307901648,6377172.426293615,7780000.0,253750000.0
2349.0,1.0,37771.52432072656,16.987520000000014,0.0,0.0,0.0,1006084.5210898916,100000.0,3611941.412180157,5696960.307901648,6377172.426293615,7780000.0,253750000.0
2350.0,1.0,37788.51184072656,16.987520000000014,0.0,0.0,0.0,1006084.5210898916,100000.0,3611941.412180157,5696960.307901648,6377172.426293615,7780000.0,253750000.0
2351.0,1.0,37805.499360726564,16.987520000000014,0.0,0.0,0.0,1006084.5210898916,100000.0,3611941.412180157,5696960.307901648,6377172.426293615,7780000.0,253750000.0
2352.0,1.0,37822.48688072657,16.987520000000014,0.0,0.0,0.0,1006084.5210898916,100000.0,3611941.412180157,5696960.307901648,6377172.426293615,7780000.0,253750000.0
2353.0,1.0,37839.47440072657,16.987520000000014,0.0,0.0,0.0,1006084.5210898916,100000.0,3611941.412180157,5696960.307901648,6377172.426293615,7780000.0,253750000.0
2354.0,1.0,37856.46192072657,16.987520000000014,0.0,0.0,0.0,1006084.5210898916,100000.0,3611941.412180157,5696960.307901648,6377172.426293615,7780000.0,253750000.0
2355.0,1.0,37873.449440726574,16.987520000000014,0.0,0.0,0.0,1006084.5210898916,100000.0,3611941.412180157,5696960.307901648,6377172.426293615,7780000.0,253750000.0
2356.0,1.0,37890.436960726576,16.987520000000014,0.0,0.0,0.0,1006084.5210898916,100000.0,3611941.412180157,5696960.307901648,6377172.426293615,7780000.0,253750000.0
2357.0,1.0,37907.42448072658,16.987520000000014,0.0,0.0,0.0,1006084.5210898916,100000.0,3611941.412180157,5696960.307901648,6377172.426293615,7780000.0,253750000.0
2358.0,1.0,37924.41200072658,16.987520000000014,0.0,0.0,0.0,1006084.5210898916,100000.0,3611941.412180157,5696960.307901648,6377172.426293615,7780000.0,253750000.0
2359.0,1.0,37941.39952072658,16.987520000000014,0.0,0.0,0.0,1006084.5210898916,100000.0,3611941.412180157,5696960.307901648,6377172.426293615,7780000.0,253750000.0
2360.0,1.0,37958.387040726586,16.987520000000014,0.0,0.0,0.0,1006084.5210898916,100000.0,3611941.412180157,5696960.307901648,6377172.426293615,7780000.0,253750000.0
2361.0,1.0,37975.37456072659,16.987520000000014,0.0,0.0,0.0,1006084.5210898916,100000.0,3611941.412180157,5696960.307901648,6377172.426293615,7780000.0,253750000.0
2362.0,1.0,37992.36208072659,16.987520000000014,0.0,0.0,0.0,1006084.5210898916,100000.0,3611941.412180157,5696960.307901648,6377172.426293615,7780000.0,253750000.0
2363.0,1.0,38009.34960072659,16.987520000000014,0.0,0.0,0.0,1006084.5210898916,100000.0,3611941.412180157,5696960.307901648,6377172.426293615,7780000.0,253750000.0
2364.0,1.0,38026.337120726595,16.987520000000014,0.0,0.0,0.0,1006084.5210898916,100000.0,3611941.412180157,5696960.307901648,6377172.426293615,7780000.0,253750000.0
2365.0,1.0,38043.3246407266,16.987520000000014,0.0,0.0,0.0,1006084.5210898916,100000.0,3611941.412180157,5696960.307901648,6377172.426293615,7780000.0,253750000.0
2366.0,1.0,38060.3121607266,16.987520000000014,0.0,0.0,0.0,1006084.5210898916,100000.0,3611941.412180157,5696960.307901648,6377172.426293615,7780000.0,253750000.0
2367.0,1.0,38077.2996807266,16.987520000000014,0.0,0.0,0.0,1006084.5210898916,100000.0,3611941.412180157,5696960.307901648,6377172.426293615,7780000.0,253750000.0
2368.0,1.0,38094.287200726605,16.987520000000014,0.0,0.0,0.0,1006084.5210898916,100000.0,3611941.412180157,5696960.307901648,6377172.426293615,7780000.0,253750000.0
2369.0,1.0,38111.27472072661,16.987520000000014,0.0,0.0,0.0,1006084.5210898916,100000.0,3611941.412180157,5696960.307901648,6377172.426293615,7780000.0,253750000.0
2370.0,1.0,38128.26224072661,16.987520000000014,0.0,0.0,0.0,1006084.5210898916,100000.0,3611941.412180157,5696960.307901648,6377172.426293615,7780000.0,253750000.0
2371.0,1.0,38145.24976072661,16.987520000000014,0.0,0.0,0.0,1006084.5210898916,100000.0,3611941.412180157,5696960.307901648,6377172.426293615,7780000.0,253750000.0
2372.0,1.0,38162.237280726615,16.987520000000014,0.0,0.0,0.0,1006084.5210898916,100000.0,3611941.412180157,5696960.307901648,6377172.426293615,7780000.0,253750000.0
2373.0,1.0,38179.22480072662,16.987520000000014,0.0,0.0,0.0,1006084.5210898916,100000.0,3611941.412180157,5696960.307901648,6377172.426293615,7780000.0,253750000.0
2374.0,1.0,38196.21232072662,16.987520000000014,0.0,0.0,0.0,1006084.5210898916,100000.0,3611941.412180157,5696960.307901648,6377172.426293615,7780000.0,253750000.0
2375.0,1.0,38213.19984072662,16.987520000000014,0.0,0.0,0.0,1006084.5210898916,100000.0,3611941.412180157,5696960.307901648,6377172.426293615,7780000.0,253750000.0
2376.0,1.0,38230.187360726624,16.987520000000014,0.0,0.0,0.0,1006084.5210898916,100000.0,3611941.412180157,5696960.307901648,6377172.426293615,7780000.0,253750000.0
2377.0,1.0,38247.17488072663,16.987520000000014,0.0,0.0,0.0,1006084.5210898916,100000.0,3611941.412180157,5696960.307901648,6377172.426293615,7780000.0,253750000.0
2378.0,1.0,38264.16240072663,16.987520000000014,0.0,0.0,0.0,1006084.5210898916,100000.0,3611941.412180157,5696960.307901648,6377172.426293615,7780000.0,253750000.0
2379.0,1.0,38281.14992072663,16.987520000000014,0.0,0.0,0.0,1006084.5210898916,100000.0,3611941.412180157,5696960.307901648,6377172.426293615,7780000.0,253750000.0
2380.0,1.0,38298.137440726634,16.987520000000014,0.0,0.0,0.0,1006084.5210898916,100000.0,3611941.412180157,5696960.307901648,6377172.426293615,7780000.0,253750000.0
2381.0,1.0,38315.124960726636,16.987520000000014,0.0,0.0,0.0,1006084.5210898916,100000.0,3611941.412180157,5696960.307901648,6377172.426293615,7780000.0,253750000.0
2382.0,1.0,38332.11248072664,16.987520000000014,0.0,0.0,0.0,1006084.5210898916,100000.0,3611941.412180157,5696960.307901648,6377172.426293615,7780000.0,253750000.0
2383.0,1.0,38349.10000072664,16.987520000000014,0.0,0.0,0.0,1006084.5210898916,100000.0,3611941.412180157,5696960.307901648,6377172.426293615,7780000.0,253750000.0
2384.0,1.0,38366.08752072664,16.987520000000014,0.0,0.0,0.0,1006084.5210898916,100000.0,3611941.412180157,5696960.307901648,6377172.426293615,7780000.0,253750000.0
2385.0,1.0,38383.075040726646,16.987520000000014,0.0,0.0,0.0,1006084.5210898916,100000.0,3611941.412180157,5696960.307901648,6377172.426293615,7780000.0,253750000.0
2386.0,1.0,38400.06256072665,16.987520000000014,0.0,0.0,0.0,1006084.5210898916,100000.0,3611941.412180157,5696960.307901648,6377172.426293615,7780000.0,253750000.0
2387.0,1.0,38417.05008072665,16.987520000000014,0.0,0.0,0.0,1006084.5210898916,100000.0,3611941.412180157,5696960.307901648,6377172.426293615,7780000.0,253750000.0
2388.0,1.0,38434.03760072665,16.987520000000014,0.0,0.0,0.0,1006084.5210898916,100000.0,3611941.412180157,5696960.307901648,6377172.426293615,7780000.0,253750000.0
2389.0,1.0,38451.025120726656,16.987520000000014,0.0,0.0,0.0,1006084.5210898916,100000.0,3611941.412180157,5696960.307901648,6377172.426293615,7780000.0,253750000.0
2390.0,1.0,38468.01264072666,16.987520000000014,0.0,0.0,0.0,1006084.5210898916,100000.0,3611941.412180157,5696960.307901648,6377172.426293615,7780000.0,253750000.0
2391.0,1.0,38485.00016072666,16.987520000000014,0.0,0.0,0.0,1006084.5210898916,100000.0,3611941.412180157,5696960.307901648,6377172.426293615,7780000.0,253750000.0
2392.0,1.0,38501.98768072666,16.987520000000014,0.0,0.0,0.0,1006084.5210898916,100000.0,3611941.412180157,5696960.307901648,6377172.426293615,7780000.0,253750000.0
2393.0,1.0,38518.975200726665,16.987520000000014,0.0,0.0,0.0,1006084.5210898916,100000.0,3611941.412180157,5696960.307901648,6377172.426293615,7780000.0,253750000.0
2394.0,1.0,38535.96272072667,16.987520000000014,0.0,0.0,0.0,1006084.5210898916,100000.0,3611941.412180157,5696960.307901648,6377172.426293615,7780000.0,253750000.0
2395.0,1.0,38552.95024072667,16.987520000000014,0.0,0.0,0.0,1006084.5210898916,100000.0,3611941.412180157,5696960.307901648,6377172.426293615,7780000.0,253750000.0
2396.0,1.0,38569.93776072667,16.987520000000014,0.0,0.0,0.0,1006084.5210898916,100000.0,3611941.412180157,5696960.307901648,6377172.426293615,7780000.0,253750000.0
2397.0,1.0,38586.925280726675,16.987520000000014,0.0,0.0,0.0,1006084.5210898916,100000.0,3611941.412180157,5696960.307901648,6377172.426293615,7780000.0,253750000.0
2398.0,1.0,38603.91280072668,16.987520000000014,0.0,0.0,0.0,1006084.5210898916,100000.0,3611941.412180157,5696960.307901648,6377172.426293615,7780000.0,253750000.0
2399.0,1.0,38620.90032072668,16.987520000000014,0.0,0.0,0.0,1006084.5210898916,100000.0,3611941.412180157,5696960.307901648,6377172.426293615,7780000.0,253750000.0
2400.0,1.0,38637.88784072668,16.987520000000014,0.0,0.0,0.0,1006084.5210898916,100000.0,3611941.412180157,5696960.307901648,6377172.426293615,7780000.0,253750000.0
2401.0,1.0,38654.875360726684,16.987520000000014,0.0,0.0,0.0,1006084.5210898916,100000.0,3611941.412180157,5696960.307901648,6377172.426293615,7780000.0,253750000.0
2402.0,1.0,38671.86288072669,16.987520000000014,0.0,0.0,0.0,1006084.5210898916,100000.0,3611941.412180157,5696960.307901648,6377172.426293615,7780000.0,253750000.0
2403.0,1.0,38688.85040072669,16.987520000000014,0.0,0.0,0.0,1006084.5210898916,100000.0,3611941.412180157,5696960.307901648,6377172.426293615,7780000.0,253750000.0
2404.0,1.0,38705.83792072669,16.987520000000014,0.0,0.0,0.0,1006084.5210898916,100000.0,3611941.412180157,5696960.307901648,6377172.426293615,7780000.0,253750000.0
2405.0,1.0,38722.825440726694,16.987520000000014,0.0,0.0,0.0,1006084.5210898916,100000.0,3611941.412180157,5696960.307901648,6377172.426293615,7780000.0,253750000.0
2406.0,1.0,38739.8129607267,16.987520000000014,0.0,0.0,0.0,1006084.5210898916,100000.0,3611941.412180157,5696960.307901648,6377172.426293615,7780000.0,253750000.0
2407.0,1.0,38756.8004807267,16.987520000000014,0.0,0.0,0.0,1006084.5210898916,100000.0,3611941.412180157,5696960.307901648,6377172.426293615,7780000.0,253750000.0
2408.0,1.0,38773.7880007267,16.987520000000014,0.0,0.0,0.0,1006084.5210898916,100000.0,3611941.412180157,5696960.307901648,6377172.426293615,7780000.0,253750000.0
2409.0,1.0,38790.775520726704,16.987520000000014,0.0,0.0,0.0,1006084.5210898916,100000.0,3611941.412180157,5696960.307901648,6377172.426293615,7780000.0,253750000.0
2410.0,1.0,38807.763040726706,16.987520000000014,0.0,0.0,0.0,1006084.5210898916,100000.0,3611941.412180157,5696960.307901648,6377172.426293615,7780000.0,253750000.0
2411.0,1.0,38824.75056072671,16.987520000000014,0.0,0.0,0.0,1006084.5210898916,100000.0,3611941.412180157,5696960.307901648,6377172.426293615,7780000.0,253750000.0
2412.0,1.0,38841.73808072671,16.987520000000014,0.0,0.0,0.0,1006084.5210898916,100000.0,3611941.412180157,5696960.307901648,6377172.426293615,7780000.0,253750000.0
2413.0,1.0,38858.72560072671,16.987520000000014,0.0,0.0,0.0,1006084.5210898916,100000.0,3611941.412180157,5696960.307901648,6377172.426293615,7780000.0,253750000.0
2414.0,1.0,38875.713120726716,16.987520000000014,0.0,0.0,0.0,1006084.5210898916,100000.0,3611941.412180157,5696960.307901648,6377172.426293615,7780000.0,253750000.0
2415.0,1.0,38892.70064072672,16.987520000000014,0.0,0.0,0.0,1006084.5210898916,100000.0,3611941.412180157,5696960.307901648,6377172.426293615,7780000.0,253750000.0
2416.0,1.0,38909.68816072672,16.987520000000014,0.0,0.0,0.0,1006084.5210898916,100000.0,3611941.412180157,5696960.307901648,6377172.426293615,7780000.0,253750000.0
2417.0,1.0,38926.67568072672,16.987520000000014,0.0,0.0,0.0,1006084.5210898916,100000.0,3611941.412180157,5696960.307901648,6377172.426293615,7780000.0,253750000.0
2418.0,1.0,38943.663200726725,16.987520000000014,0.0,0.0,0.0,1006084.5210898916,100000.0,3611941.412180157,5696960.307901648,6377172.426293615,7780000.0,253750000.0
2419.0,1.0,38960.65072072673,16.987520000000014,0.0,0.0,0.0,1006084.5210898916,100000.0,3611941.412180157,5696960.307901648,6377172.426293615,7780000.0,253750000.0
2420.0,1.0,38977.63824072673,16.987520000000014,0.0,0.0,0.0,1006084.5210898916,100000.0,3611941.412180157,5696960.307901648,6377172.426293615,7780000.0,253750000.0
2421.0,1.0,38994.62576072673,16.987520000000014,0.0,0.0,0.0,1006084.5210898916,100000.0,3611941.412180157,5696960.307901648,6377172.426293615,7780000.0,253750000.0
2422.0,1.0,39011.613280726735,16.987520000000014,0.0,0.0,0.0,1006084.5210898916,100000.0,3611941.412180157,5696960.307901648,6377172.426293615,7780000.0,253750000.0
2423.0,1.0,39028.60080072674,16.987520000000014,0.0,0.0,0.0,1006084.5210898916,100000.0,3611941.412180157,5696960.307901648,6377172.426293615,7780000.0,253750000.0
2424.0,1.0,39045.58832072674,16.987520000000014,0.0,0.0,0.0,1006084.5210898916,100000.0,3611941.412180157,5696960.307901648,6377172.426293615,7780000.0,253750000.0
2425.0,1.0,39062.57584072674,16.987520000000014,0.0,0.0,0.0,1006084.5210898916,100000.0,3611941.412180157,5696960.307901648,6377172.426293615,7780000.0,253750000.0
2426.0,1.0,39079.563360726745,16.987520000000014,0.0,0.0,0.0,1006084.5210898916,100000.0,3611941.412180157,5696960.307901648,6377172.426293615,7780000.0,253750000.0
2427.0,1.0,39096.55088072675,16.987520000000014,0.0,0.0,0.0,1006084.5210898916,100000.0,3611941.412180157,5696960.307901648,6377172.426293615,7780000.0,253750000.0
2428.0,1.0,39113.53840072675,16.987520000000014,0.0,0.0,0.0,1006084.5210898916,100000.0,3611941.412180157,5696960.307901648,6377172.426293615,7780000.0,253750000.0
2429.0,1.0,39130.52592072675,16.987520000000014,0.0,0.0,0.0,1006084.5210898916,100000.0,3611941.412180157,5696960.307901648,6377172.426293615,7780000.0,253750000.0
2430.0,1.0,39147.513440726754,16.987520000000014,0.0,0.0,0.0,1006084.5210898916,100000.0,3611941.412180157,5696960.307901648,6377172.426293615,7780000.0,253750000.0
2431.0,1.0,39164.50096072676,16.987520000000014,0.0,0.0,0.0,1006084.5210898916,100000.0,3611941.412180157,5696960.307901648,6377172.426293615,7780000.0,253750000.0
2432.0,1.0,39181.48848072676,16.987520000000014,0.0,0.0,0.0,1006084.5210898916,100000.0,3611941.412180157,5696960.307901648,6377172.426293615,7780000.0,253750000.0
2433.0,1.0,39198.47600072676,16.987520000000014,0.0,0.0,0.0,1006084.5210898916,100000.0,3611941.412180157,5696960.307901648,6377172.426293615,7780000.0,253750000.0
2434.0,1.0,39215.463520726764,16.987520000000014,0.0,0.0,0.0,1006084.5210898916,100000.0,3611941.412180157,5696960.307901648,6377172.426293615,7780000.0,253750000.0
2435.0,1.0,39232.451040726766,16.987520000000014,0.0,0.0,0.0,1006084.5210898916,100000.0,3611941.412180157,5696960.307901648,6377172.426293615,7780000.0,253750000.0
2436.0,1.0,39249.43856072677,16.987520000000014,0.0,0.0,0.0,1006084.5210898916,100000.0,3611941.412180157,5696960.307901648,6377172.426293615,7780000.0,253750000.0
2437.0,1.0,39266.42608072677,16.987520000000014,0.0,0.0,0.0,1006084.5210898916,100000.0,3611941.412180157,5696960.307901648,6377172.426293615,7780000.0,253750000.0
2438.0,1.0,39283.41360072677,16.987520000000014,0.0,0.0,0.0,1006084.5210898916,100000.0,3611941.412180157,5696960.307901648,6377172.426293615,7780000.0,253750000.0
2439.0,1.0,39300.401120726776,16.987520000000014,0.0,0.0,0.0,1006084.5210898916,100000.0,3611941.412180157,5696960.307901648,6377172.426293615,7780000.0,253750000.0
2440.0,1.0,39317.38864072678,16.987520000000014,0.0,0.0,0.0,1006084.5210898916,100000.0,3611941.412180157,5696960.307901648,6377172.426293615,7780000.0,253750000.0
2441.0,1.0,39334.37616072678,16.987520000000014,0.0,0.0,0.0,1006084.5210898916,100000.0,3611941.412180157,5696960.307901648,6377172.426293615,7780000.0,253750000.0
2442.0,1.0,39351.36368072678,16.987520000000014,0.0,0.0,0.0,1006084.5210898916,100000.0,3611941.412180157,5696960.307901648,6377172.426293615,7780000.0,253750000.0
2443.0,1.0,39368.351200726785,16.987520000000014,0.0,0.0,0.0,1006084.5210898916,100000.0,3611941.412180157,5696960.307901648,6377172.426293615,7780000.0,253750000.0
2444.0,1.0,39385.33872072679,16.987520000000014,0.0,0.0,0.0,1006084.5210898916,100000.0,3611941.412180157,5696960.307901648,6377172.426293615,7780000.0,253750000.0
2445.0,1.0,39402.32624072679,16.987520000000014,0.0,0.0,0.0,1006084.5210898916,100000.0,3611941.412180157,5696960.307901648,6377172.426293615,7780000.0,253750000.0
2446.0,1.0,39419.31376072679,16.987520000000014,0.0,0.0,0.0,1006084.5210898916,100000.0,3611941.412180157,5696960.307901648,6377172.426293615,7780000.0,253750000.0
2447.0,1.0,39436.301280726795,16.987520000000014,0.0,0.0,0.0,1006084.5210898916,100000.0,3611941.412180157,5696960.307901648,6377172.426293615,7780000.0,253750000.0
2448.0,1.0,39453.2888007268,16.987520000000014,0.0,0.0,0.0,1006084.5210898916,100000.0,3611941.412180157,5696960.307901648,6377172.426293615,7780000.0,253750000.0
2449.0,1.0,39470.2763207268,16.987520000000014,0.0,0.0,0.0,1006084.5210898916,100000.0,3611941.412180157,5696960.307901648,6377172.426293615,7780000.0,253750000.0
2450.0,1.0,39487.2638407268,16.987520000000014,0.0,0.0,0.0,1006084.5210898916,100000.0,3611941.412180157,5696960.307901648,6377172.426293615,7780000.0,253750000.0
2451.0,1.0,39504.251360726805,16.987520000000014,0.0,0.0,0.0,1006084.5210898916,100000.0,3611941.412180157,5696960.307901648,6377172.426293615,7780000.0,253750000.0
2452.0,1.0,39521.23888072681,16.987520000000014,0.0,0.0,0.0,1006084.5210898916,100000.0,3611941.412180157,5696960.307901648,6377172.426293615,7780000.0,253750000.0
2453.0,1.0,39538.22640072681,16.987520000000014,0.0,0.0,0.0,1006084.5210898916,100000.0,3611941.412180157,5696960.307901648,6377172.426293615,7780000.0,253750000.0
2454.0,1.0,39555.21392072681,16.987520000000014,0.0,0.0,0.0,1006084.5210898916,100000.0,3611941.412180157,5696960.307901648,6377172.426293615,7780000.0,253750000.0
2455.0,1.0,39572.201440726814,16.987520000000014,0.0,0.0,0.0,1006084.5210898916,100000.0,3611941.412180157,5696960.307901648,6377172.426293615,7780000.0,253750000.0
2456.0,1.0,39589.18896072682,16.987520000000014,0.0,0.0,0.0,1006084.5210898916,100000.0,3611941.412180157,5696960.307901648,6377172.426293615,7780000.0,253750000.0
2457.0,1.0,39606.17648072682,16.987520000000014,0.0,0.0,0.0,1006084.5210898916,100000.0,3611941.412180157,5696960.307901648,6377172.426293615,7780000.0,253750000.0
2458.0,1.0,39623.16400072682,16.987520000000014,0.0,0.0,0.0,1006084.5210898916,100000.0,3611941.412180157,5696960.307901648,6377172.426293615,7780000.0,253750000.0
2459.0,1.0,39640.151520726824,16.987520000000014,0.0,0.0,0.0,1006084.5210898916,100000.0,3611941.412180157,5696960.307901648,6377172.426293615,7780000.0,253750000.0
2460.0,1.0,39657.139040726826,16.987520000000014,0.0,0.0,0.0,1006084.5210898916,100000.0,3611941.412180157,5696960.307901648,6377172.426293615,7780000.0,253750000.0
2461.0,1.0,39674.12656072683,16.987520000000014,0.0,0.0,0.0,1006084.5210898916,100000.0,3611941.412180157,5696960.307901648,6377172.426293615,7780000.0,253750000.0
2462.0,1.0,39691.11408072683,16.987520000000014,0.0,0.0,0.0,1006084.5210898916,100000.0,3611941.412180157,5696960.307901648,6377172.426293615,7780000.0,253750000.0
2463.0,1.0,39708.10160072683,16.987520000000014,0.0,0.0,0.0,1006084.5210898916,100000.0,3611941.412180157,5696960.307901648,6377172.426293615,7780000.0,253750000.0
2464.0,1.0,39725.089120726836,16.987520000000014,0.0,0.0,0.0,1006084.5210898916,100000.0,3611941.412180157,5696960.307901648,6377172.426293615,7780000.0,253750000.0
2465.0,1.0,39742.07664072684,16.987520000000014,0.0,0.0,0.0,1006084.5210898916,100000.0,3611941.412180157,5696960.307901648,6377172.426293615,7780000.0,253750000.0
2466.0,1.0,39759.06416072684,16.987520000000014,0.0,0.0,0.0,1006084.5210898916,100000.0,3611941.412180157,5696960.307901648,6377172.426293615,7780000.0,253750000.0
2467.0,1.0,39776.05168072684,16.987520000000014,0.0,0.0,0.0,1006084.5210898916,100000.0,3611941.412180157,5696960.307901648,6377172.426293615,7780000.0,253750000.0
2468.0,1.0,39793.039200726846,16.987520000000014,0.0,0.0,0.0,1006084.5210898916,100000.0,3611941.412180157,5696960.307901648,6377172.426293615,7780000.0,253750000.0
2469.0,1.0,39810.02672072685,16.987520000000014,0.0,0.0,0.0,1006084.5210898916,100000.0,3611941.412180157,5696960.307901648,6377172.426293615,7780000.0,253750000.0
2470.0,1.0,39827.01424072685,16.987520000000014,0.0,0.0,0.0,1006084.5210898916,100000.0,3611941.412180157,5696960.307901648,6377172.426293615,7780000.0,253750000.0
2471.0,1.0,39844.00176072685,16.987520000000014,0.0,0.0,0.0,1006084.5210898916,100000.0,3611941.412180157,5696960.307901648,6377172.426293615,7780000.0,253750000.0
2472.0,1.0,39860.989280726855,16.987520000000014,0.0,0.0,0.0,1006084.5210898916,100000.0,3611941.412180157,5696960.307901648,6377172.426293615,7780000.0,253750000.0
2473.0,1.0,39877.97680072686,16.987520000000014,0.0,0.0,0.0,1006084.5210898916,100000.0,3611941.412180157,5696960.307901648,6377172.426293615,7780000.0,253750000.0
2474.0,1.0,39894.96432072686,16.987520000000014,0.0,0.0,0.0,1006084.5210898916,100000.0,3611941.412180157,5696960.307901648,6377172.426293615,7780000.0,253750000.0
2475.0,1.0,39911.95184072686,16.987520000000014,0.0,0.0,0.0,1006084.5210898916,100000.0,3611941.412180157,5696960.307901648,6377172.426293615,7780000.0,253750000.0
2476.0,1.0,39928.939360726865,16.987520000000014,0.0,0.0,0.0,1006084.5210898916,100000.0,3611941.412180157,5696960.307901648,6377172.426293615,7780000.0,253750000.0
2477.0,1.0,39945.92688072687,16.987520000000014,0.0,0.0,0.0,1006084.5210898916,100000.0,3611941.412180157,5696960.307901648,6377172.426293615,7780000.0,253750000.0
2478.0,1.0,39962.91440072687,16.987520000000014,0.0,0.0,0.0,1006084.5210898916,100000.0,3611941.412180157,5696960.307901648,6377172.426293615,7780000.0,253750000.0
2479.0,1.0,39979.90192072687,16.987520000000014,0.0,0.0,0.0,1006084.5210898916,100000.0,3611941.412180157,5696960.307901648,6377172.426293615,7780000.0,253750000.0
2480.0,1.0,39996.889440726874,16.987520000000014,0.0,0.0,0.0,1006084.5210898916,100000.0,3611941.412180157,5696960.307901648,6377172.426293615,7780000.0,253750000.0
2481.0,1.0,40013.87696072688,16.987520000000014,0.0,0.0,0.0,1006084.5210898916,100000.0,3611941.412180157,5696960.307901648,6377172.426293615,7780000.0,253750000.0
2482.0,1.0,40030.86448072688,16.987520000000014,0.0,0.0,0.0,1006084.5210898916,100000.0,3611941.412180157,5696960.307901648,6377172.426293615,7780000.0,253750000.0
2483.0,1.0,40047.85200072688,16.987520000000014,0.0,0.0,0.0,1006084.5210898916,100000.0,3611941.412180157,5696960.307901648,6377172.426293615,7780000.0,253750000.0
2484.0,1.0,40064.839520726884,16.987520000000014,0.0,0.0,0.0,1006084.5210898916,100000.0,3611941.412180157,5696960.307901648,6377172.426293615,7780000.0,253750000.0
2485.0,1.0,40081.82704072689,16.987520000000014,0.0,0.0,0.0,1006084.5210898916,100000.0,3611941.412180157,5696960.307901648,6377172.426293615,7780000.0,253750000.0
2486.0,1.0,40098.81456072689,16.987520000000014,0.0,0.0,0.0,1006084.5210898916,100000.0,3611941.412180157,5696960.307901648,6377172.426293615,7780000.0,253750000.0
2487.0,1.0,40115.80208072689,16.987520000000014,0.0,0.0,0.0,1006084.5210898916,100000.0,3611941.412180157,5696960.307901648,6377172.426293615,7780000.0,253750000.0
2488.0,1.0,40132.789600726894,16.987520000000014,0.0,0.0,0.0,1006084.5210898916,100000.0,3611941.412180157,5696960.307901648,6377172.426293615,7780000.0,253750000.0
2489.0,1.0,40149.777120726896,16.987520000000014,0.0,0.0,0.0,1006084.5210898916,100000.0,3611941.412180157,5696960.307901648,6377172.426293615,7780000.0,253750000.0
2490.0,1.0,40166.7646407269,16.987520000000014,0.0,0.0,0.0,1006084.5210898916,100000.0,3611941.412180157,5696960.307901648,6377172.426293615,7780000.0,253750000.0
2491.0,1.0,40183.7521607269,16.987520000000014,0.0,0.0,0.0,1006084.5210898916,100000.0,3611941.412180157,5696960.307901648,6377172.426293615,7780000.0,253750000.0
2492.0,1.0,40200.7396807269,16.987520000000014,0.0,0.0,0.0,1006084.5210898916,100000.0,3611941.412180157,5696960.307901648,6377172.426293615,7780000.0,253750000.0
2493.0,1.0,40217.727200726906,16.987520000000014,0.0,0.0,0.0,1006084.5210898916,100000.0,3611941.412180157,5696960.307901648,6377172.426293615,7780000.0,253750000.0
2494.0,1.0,40234.71472072691,16.987520000000014,0.0,0.0,0.0,1006084.5210898916,100000.0,3611941.412180157,5696960.307901648,6377172.426293615,7780000.0,253750000.0
2495.0,1.0,40251.70224072691,16.987520000000014,0.0,0.0,0.0,1006084.5210898916,100000.0,3611941.412180157,5696960.307901648,6377172.426293615,7780000.0,253750000.0
2496.0,1.0,40268.68976072691,16.987520000000014,0.0,0.0,0.0,1006084.5210898916,100000.0,3611941.412180157,5696960.307901648,6377172.426293615,7780000.0,253750000.0
2497.0,1.0,40285.677280726915,16.987520000000014,0.0,0.0,0.0,1006084.5210898916,100000.0,3611941.412180157,5696960.307901648,6377172.426293615,7780000.0,253750000.0
2498.0,1.0,40302.66480072692,16.987520000000014,0.0,0.0,0.0,1006084.5210898916,100000.0,3611941.412180157,5696960.307901648,6377172.426293615,7780000.0,253750000.0
2499.0,1.0,40319.65232072692,16.987520000000014,0.0,0.0,0.0,1006084.5210898916,100000.0,3611941.412180157,5696960.307901648,6377172.426293615,7780000.0,253750000.0
2500.0,1.0,40336.63984072692,16.987520000000014,0.0,0.0,0.0,1006084.5210898916,100000.0,3611941.412180157,5696960.307901648,6377172.426293615,7780000.0,253750000.0
2501.0,1.0,40353.627360726925,16.987520000000014,0.0,0.0,0.0,1006084.5210898916,100000.0,3611941.412180157,5696960.307901648,6377172.426293615,7780000.0,253750000.0
2502.0,1.0,40370.61488072693,16.987520000000014,0.0,0.0,0.0,1006084.5210898916,100000.0,3611941.412180157,5696960.307901648,6377172.426293615,7780000.0,253750000.0
2503.0,1.0,40387.60240072693,16.987520000000014,0.0,0.0,0.0,1006084.5210898916,100000.0,3611941.412180157,5696960.307901648,6377172.426293615,7780000.0,253750000.0
2504.0,1.0,40404.58992072693,16.987520000000014,0.0,0.0,0.0,1006084.5210898916,100000.0,3611941.412180157,5696960.307901648,6377172.426293615,7780000.0,253750000.0
2505.0,1.0,40421.577440726935,16.987520000000014,0.0,0.0,0.0,1006084.5210898916,100000.0,3611941.412180157,5696960.307901648,6377172.426293615,7780000.0,253750000.0
2506.0,1.0,40438.56496072694,16.987520000000014,0.0,0.0,0.0,1006084.5210898916,100000.0,3611941.412180157,5696960.307901648,6377172.426293615,7780000.0,253750000.0
2507.0,1.0,40455.55248072694,16.987520000000014,0.0,0.0,0.0,1006084.5210898916,100000.0,3611941.412180157,5696960.307901648,6377172.426293615,7780000.0,253750000.0
2508.0,1.0,40472.54000072694,16.987520000000014,0.0,0.0,0.0,1006084.5210898916,100000.0,3611941.412180157,5696960.307901648,6377172.426293615,7780000.0,253750000.0
2509.0,1.0,40489.527520726944,16.987520000000014,0.0,0.0,0.0,1006084.5210898916,100000.0,3611941.412180157,5696960.307901648,6377172.426293615,7780000.0,253750000.0
2510.0,1.0,40506.51504072695,16.987520000000014,0.0,0.0,0.0,1006084.5210898916,100000.0,3611941.412180157,5696960.307901648,6377172.426293615,7780000.0,253750000.0
2511.0,1.0,40523.50256072695,16.987520000000014,0.0,0.0,0.0,1006084.5210898916,100000.0,3611941.412180157,5696960.307901648,6377172.426293615,7780000.0,253750000.0
2512.0,1.0,40540.49008072695,16.987520000000014,0.0,0.0,0.0,1006084.5210898916,100000.0,3611941.412180157,5696960.307901648,6377172.426293615,7780000.0,253750000.0
2513.0,1.0,40557.477600726954,16.987520000000014,0.0,0.0,0.0,1006084.5210898916,100000.0,3611941.412180157,5696960.307901648,6377172.426293615,7780000.0,253750000.0
2514.0,1.0,40574.465120726956,16.987520000000014,0.0,0.0,0.0,1006084.5210898916,100000.0,3611941.412180157,5696960.307901648,6377172.426293615,7780000.0,253750000.0
2515.0,1.0,40591.45264072696,16.987520000000014,0.0,0.0,0.0,1006084.5210898916,100000.0,3611941.412180157,5696960.307901648,6377172.426293615,7780000.0,253750000.0
2516.0,1.0,40608.44016072696,16.987520000000014,0.0,0.0,0.0,1006084.5210898916,100000.0,3611941.412180157,5696960.307901648,6377172.426293615,7780000.0,253750000.0
2517.0,1.0,40625.42768072696,16.987520000000014,0.0,0.0,0.0,1006084.5210898916,100000.0,3611941.412180157,5696960.307901648,6377172.426293615,7780000.0,253750000.0
2518.0,1.0,40642.415200726966,16.987520000000014,0.0,0.0,0.0,1006084.5210898916,100000.0,3611941.412180157,5696960.307901648,6377172.426293615,7780000.0,253750000.0
2519.0,1.0,40659.40272072697,16.987520000000014,0.0,0.0,0.0,1006084.5210898916,100000.0,3611941.412180157,5696960.307901648,6377172.426293615,7780000.0,253750000.0
2520.0,1.0,40676.39024072697,16.987520000000014,0.0,0.0,0.0,1006084.5210898916,100000.0,3611941.412180157,5696960.307901648,6377172.426293615,7780000.0,253750000.0
2521.0,1.0,40693.37776072697,16.987520000000014,0.0,0.0,0.0,1006084.5210898916,100000.0,3611941.412180157,5696960.307901648,6377172.426293615,7780000.0,253750000.0
2522.0,1.0,40710.365280726975,16.987520000000014,0.0,0.0,0.0,1006084.5210898916,100000.0,3611941.412180157,5696960.307901648,6377172.426293615,7780000.0,253750000.0
2523.0,1.0,40727.35280072698,16.987520000000014,0.0,0.0,0.0,1006084.5210898916,100000.0,3611941.412180157,5696960.307901648,6377172.426293615,7780000.0,253750000.0
2524.0,1.0,40744.34032072698,16.987520000000014,0.0,0.0,0.0,1006084.5210898916,100000.0,3611941.412180157,5696960.307901648,6377172.426293615,7780000.0,253750000.0
2525.0,1.0,40761.32784072698,16.987520000000014,0.0,0.0,0.0,1006084.5210898916,100000.0,3611941.412180157,5696960.307901648,6377172.426293615,7780000.0,253750000.0
2526.0,1.0,40778.315360726985,16.987520000000014,0.0,0.0,0.0,1006084.5210898916,100000.0,3611941.412180157,5696960.307901648,6377172.426293615,7780000.0,253750000.0
2527.0,1.0,40795.30288072699,16.987520000000014,0.0,0.0,0.0,1006084.5210898916,100000.0,3611941.412180157,5696960.307901648,6377172.426293615,7780000.0,253750000.0
2528.0,1.0,40812.29040072699,16.987520000000014,0.0,0.0,0.0,1006084.5210898916,100000.0,3611941.412180157,5696960.307901648,6377172.426293615,7780000.0,253750000.0
2529.0,1.0,40829.27792072699,16.987520000000014,0.0,0.0,0.0,1006084.5210898916,100000.0,3611941.412180157,5696960.307901648,6377172.426293615,7780000.0,253750000.0
2530.0,1.0,40846.265440726995,16.987520000000014,0.0,0.0,0.0,1006084.5210898916,100000.0,3611941.412180157,5696960.307901648,6377172.426293615,7780000.0,253750000.0
2531.0,1.0,40863.252960727,16.987520000000014,0.0,0.0,0.0,1006084.5210898916,100000.0,3611941.412180157,5696960.307901648,6377172.426293615,7780000.0,253750000.0
2532.0,1.0,40880.240480727,16.987520000000014,0.0,0.0,0.0,1006084.5210898916,100000.0,3611941.412180157,5696960.307901648,6377172.426293615,7780000.0,253750000.0
2533.0,1.0,40897.228000727,16.987520000000014,0.0,0.0,0.0,1006084.5210898916,100000.0,3611941.412180157,5696960.307901648,6377172.426293615,7780000.0,253750000.0
2534.0,1.0,40914.215520727004,16.987520000000014,0.0,0.0,0.0,1006084.5210898916,100000.0,3611941.412180157,5696960.307901648,6377172.426293615,7780000.0,253750000.0
2535.0,1.0,40931.20304072701,16.987520000000014,0.0,0.0,0.0,1006084.5210898916,100000.0,3611941.412180157,5696960.307901648,6377172.426293615,7780000.0,253750000.0
2536.0,1.0,40948.19056072701,16.987520000000014,0.0,0.0,0.0,1006084.5210898916,100000.0,3611941.412180157,5696960.307901648,6377172.426293615,7780000.0,253750000.0
2537.0,1.0,40965.17808072701,16.987520000000014,0.0,0.0,0.0,1006084.5210898916,100000.0,3611941.412180157,5696960.307901648,6377172.426293615,7780000.0,253750000.0
2538.0,1.0,40982.165600727014,16.987520000000014,0.0,0.0,0.0,1006084.5210898916,100000.0,3611941.412180157,5696960.307901648,6377172.426293615,7780000.0,253750000.0
2539.0,1.0,40999.153120727016,16.987520000000014,0.0,0.0,0.0,1006084.5210898916,100000.0,3611941.412180157,5696960.307901648,6377172.426293615,7780000.0,253750000.0
2540.0,1.0,41016.14064072702,16.987520000000014,0.0,0.0,0.0,1006084.5210898916,100000.0,3611941.412180157,5696960.307901648,6377172.426293615,7780000.0,253750000.0
2541.0,1.0,41033.12816072702,16.987520000000014,0.0,0.0,0.0,1006084.5210898916,100000.0,3611941.412180157,5696960.307901648,6377172.426293615,7780000.0,253750000.0
2542.0,1.0,41050.11568072702,16.987520000000014,0.0,0.0,0.0,1006084.5210898916,100000.0,3611941.412180157,5696960.307901648,6377172.426293615,7780000.0,253750000.0
2543.0,1.0,41067.103200727026,16.987520000000014,0.0,0.0,0.0,1006084.5210898916,100000.0,3611941.412180157,5696960.307901648,6377172.426293615,7780000.0,253750000.0
2544.0,1.0,41084.09072072703,16.987520000000014,0.0,0.0,0.0,1006084.5210898916,100000.0,3611941.412180157,5696960.307901648,6377172.426293615,7780000.0,253750000.0
2545.0,1.0,41101.07824072703,16.987520000000014,0.0,0.0,0.0,1006084.5210898916,100000.0,3611941.412180157,5696960.307901648,6377172.426293615,7780000.0,253750000.0
2546.0,1.0,41118.06576072703,16.987520000000014,0.0,0.0,0.0,1006084.5210898916,100000.0,3611941.412180157,5696960.307901648,6377172.426293615,7780000.0,253750000.0
2547.0,1.0,41135.053280727036,16.987520000000014,0.0,0.0,0.0,1006084.5210898916,100000.0,3611941.412180157,5696960.307901648,6377172.426293615,7780000.0,253750000.0
2548.0,1.0,41152.04080072704,16.987520000000014,0.0,0.0,0.0,1006084.5210898916,100000.0,3611941.412180157,5696960.307901648,6377172.426293615,7780000.0,253750000.0
2549.0,1.0,41169.02832072704,16.987520000000014,0.0,0.0,0.0,1006084.5210898916,100000.0,3611941.412180157,5696960.307901648,6377172.426293615,7780000.0,253750000.0
2550.0,1.0,41186.01584072704,16.987520000000014,0.0,0.0,0.0,1006084.5210898916,100000.0,3611941.412180157,5696960.307901648,6377172.426293615,7780000.0,253750000.0
2551.0,1.0,41203.003360727045,16.987520000000014,0.0,0.0,0.0,1006084.5210898916,100000.0,3611941.412180157,5696960.307901648,6377172.426293615,7780000.0,253750000.0
2552.0,1.0,41219.99088072705,16.987520000000014,0.0,0.0,0.0,1006084.5210898916,100000.0,3611941.412180157,5696960.307901648,6377172.426293615,7780000.0,253750000.0
2553.0,1.0,41236.97840072705,16.987520000000014,0.0,0.0,0.0,1006084.5210898916,100000.0,3611941.412180157,5696960.307901648,6377172.426293615,7780000.0,253750000.0
2554.0,1.0,41253.96592072705,16.987520000000014,0.0,0.0,0.0,1006084.5210898916,100000.0,3611941.412180157,5696960.307901648,6377172.426293615,7780000.0,253750000.0
2555.0,1.0,41270.953440727055,16.987520000000014,0.0,0.0,0.0,1006084.5210898916,100000.0,3611941.412180157,5696960.307901648,6377172.426293615,7780000.0,253750000.0
2556.0,1.0,41287.94096072706,16.987520000000014,0.0,0.0,0.0,1006084.5210898916,100000.0,3611941.412180157,5696960.307901648,6377172.426293615,7780000.0,253750000.0
2557.0,1.0,41304.92848072706,16.987520000000014,0.0,0.0,0.0,1006084.5210898916,100000.0,3611941.412180157,5696960.307901648,6377172.426293615,7780000.0,253750000.0
2558.0,1.0,41321.91600072706,16.987520000000014,0.0,0.0,0.0,1006084.5210898916,100000.0,3611941.412180157,5696960.307901648,6377172.426293615,7780000.0,253750000.0
2559.0,1.0,41338.903520727064,16.987520000000014,0.0,0.0,0.0,1006084.5210898916,100000.0,3611941.412180157,5696960.307901648,6377172.426293615,7780000.0,253750000.0
2560.0,1.0,41355.89104072707,16.987520000000014,0.0,0.0,0.0,1006084.5210898916,100000.0,3611941.412180157,5696960.307901648,6377172.426293615,7780000.0,253750000.0
2561.0,1.0,41372.87856072707,16.987520000000014,0.0,0.0,0.0,1006084.5210898916,100000.0,3611941.412180157,5696960.307901648,6377172.426293615,7780000.0,253750000.0
2562.0,1.0,41389.86608072707,16.987520000000014,0.0,0.0,0.0,1006084.5210898916,100000.0,3611941.412180157,5696960.307901648,6377172.426293615,7780000.0,253750000.0
2563.0,1.0,41406.853600727074,16.987520000000014,0.0,0.0,0.0,1006084.5210898916,100000.0,3611941.412180157,5696960.307901648,6377172.426293615,7780000.0,253750000.0
2564.0,1.0,41423.84112072708,16.987520000000014,0.0,0.0,0.0,1006084.5210898916,100000.0,3611941.412180157,5696960.307901648,6377172.426293615,7780000.0,253750000.0
2565.0,1.0,41440.82864072708,16.987520000000014,0.0,0.0,0.0,1006084.5210898916,100000.0,3611941.412180157,5696960.307901648,6377172.426293615,7780000.0,253750000.0
2566.0,1.0,41457.81616072708,16.987520000000014,0.0,0.0,0.0,1006084.5210898916,100000.0,3611941.412180157,5696960.307901648,6377172.426293615,7780000.0,253750000.0
2567.0,1.0,41474.803680727084,16.987520000000014,0.0,0.0,0.0,1006084.5210898916,100000.0,3611941.412180157,5696960.307901648,6377172.426293615,7780000.0,253750000.0
2568.0,1.0,41491.791200727086,16.987520000000014,0.0,0.0,0.0,1006084.5210898916,100000.0,3611941.412180157,5696960.307901648,6377172.426293615,7780000.0,253750000.0
2569.0,1.0,41508.77872072709,16.987520000000014,0.0,0.0,0.0,1006084.5210898916,100000.0,3611941.412180157,5696960.307901648,6377172.426293615,7780000.0,253750000.0
2570.0,1.0,41525.76624072709,16.987520000000014,0.0,0.0,0.0,1006084.5210898916,100000.0,3611941.412180157,5696960.307901648,6377172.426293615,7780000.0,253750000.0
2571.0,1.0,41542.75376072709,16.987520000000014,0.0,0.0,0.0,1006084.5210898916,100000.0,3611941.412180157,5696960.307901648,6377172.426293615,7780000.0,253750000.0
2572.0,1.0,41559.741280727096,16.987520000000014,0.0,0.0,0.0,1006084.5210898916,100000.0,3611941.412180157,5696960.307901648,6377172.426293615,7780000.0,253750000.0
2573.0,1.0,41576.7288007271,16.987520000000014,0.0,0.0,0.0,1006084.5210898916,100000.0,3611941.412180157,5696960.307901648,6377172.426293615,7780000.0,253750000.0
2574.0,1.0,41593.7163207271,16.987520000000014,0.0,0.0,0.0,1006084.5210898916,100000.0,3611941.412180157,5696960.307901648,6377172.426293615,7780000.0,253750000.0
2575.0,1.0,41610.7038407271,16.987520000000014,0.0,0.0,0.0,1006084.5210898916,100000.0,3611941.412180157,5696960.307901648,6377172.426293615,7780000.0,253750000.0
2576.0,1.0,41627.691360727105,16.987520000000014,0.0,0.0,0.0,1006084.5210898916,100000.0,3611941.412180157,5696960.307901648,6377172.426293615,7780000.0,253750000.0
2577.0,1.0,41644.67888072711,16.987520000000014,0.0,0.0,0.0,1006084.5210898916,100000.0,3611941.412180157,5696960.307901648,6377172.426293615,7780000.0,253750000.0
2578.0,1.0,41661.66640072711,16.987520000000014,0.0,0.0,0.0,1006084.5210898916,100000.0,3611941.412180157,5696960.307901648,6377172.426293615,7780000.0,253750000.0
2579.0,1.0,41678.65392072711,16.987520000000014,0.0,0.0,0.0,1006084.5210898916,100000.0,3611941.412180157,5696960.307901648,6377172.426293615,7780000.0,253750000.0
2580.0,1.0,41695.641440727115,16.987520000000014,0.0,0.0,0.0,1006084.5210898916,100000.0,3611941.412180157,5696960.307901648,6377172.426293615,7780000.0,253750000.0
2581.0,1.0,41712.62896072712,16.987520000000014,0.0,0.0,0.0,1006084.5210898916,100000.0,3611941.412180157,5696960.307901648,6377172.426293615,7780000.0,253750000.0
2582.0,1.0,41729.61648072712,16.987520000000014,0.0,0.0,0.0,1006084.5210898916,100000.0,3611941.412180157,5696960.307901648,6377172.426293615,7780000.0,253750000.0
2583.0,1.0,41746.60400072712,16.987520000000014,0.0,0.0,0.0,1006084.5210898916,100000.0,3611941.412180157,5696960.307901648,6377172.426293615,7780000.0,253750000.0
2584.0,1.0,41763.591520727125,16.987520000000014,0.0,0.0,0.0,1006084.5210898916,100000.0,3611941.412180157,5696960.307901648,6377172.426293615,7780000.0,253750000.0
2585.0,1.0,41780.57904072713,16.987520000000014,0.0,0.0,0.0,1006084.5210898916,100000.0,3611941.412180157,5696960.307901648,6377172.426293615,7780000.0,253750000.0
2586.0,1.0,41797.56656072713,16.987520000000014,0.0,0.0,0.0,1006084.5210898916,100000.0,3611941.412180157,5696960.307901648,6377172.426293615,7780000.0,253750000.0
2587.0,1.0,41814.55408072713,16.987520000000014,0.0,0.0,0.0,1006084.5210898916,100000.0,3611941.412180157,5696960.307901648,6377172.426293615,7780000.0,253750000.0
2588.0,1.0,41831.541600727134,16.987520000000014,0.0,0.0,0.0,1006084.5210898916,100000.0,3611941.412180157,5696960.307901648,6377172.426293615,7780000.0,253750000.0
2589.0,1.0,41848.52912072714,16.987520000000014,0.0,0.0,0.0,1006084.5210898916,100000.0,3611941.412180157,5696960.307901648,6377172.426293615,7780000.0,253750000.0
2590.0,1.0,41865.51664072714,16.987520000000014,0.0,0.0,0.0,1006084.5210898916,100000.0,3611941.412180157,5696960.307901648,6377172.426293615,7780000.0,253750000.0
2591.0,1.0,41882.50416072714,16.987520000000014,0.0,0.0,0.0,1006084.5210898916,100000.0,3611941.412180157,5696960.307901648,6377172.426293615,7780000.0,253750000.0
2592.0,1.0,41899.491680727144,16.987520000000014,0.0,0.0,0.0,1006084.5210898916,100000.0,3611941.412180157,5696960.307901648,6377172.426293615,7780000.0,253750000.0
2593.0,1.0,41916.479200727146,16.987520000000014,0.0,0.0,0.0,1006084.5210898916,100000.0,3611941.412180157,5696960.307901648,6377172.426293615,7780000.0,253750000.0
2594.0,1.0,41933.46672072715,16.987520000000014,0.0,0.0,0.0,1006084.5210898916,100000.0,3611941.412180157,5696960.307901648,6377172.426293615,7780000.0,253750000.0
2595.0,1.0,41950.45424072715,16.987520000000014,0.0,0.0,0.0,1006084.5210898916,100000.0,3611941.412180157,5696960.307901648,6377172.426293615,7780000.0,253750000.0
2596.0,1.0,41967.44176072715,16.987520000000014,0.0,0.0,0.0,1006084.5210898916,100000.0,3611941.412180157,5696960.307901648,6377172.426293615,7780000.0,253750000.0
2597.0,1.0,41984.429280727156,16.987520000000014,0.0,0.0,0.0,1006084.5210898916,100000.0,3611941.412180157,5696960.307901648,6377172.426293615,7780000.0,253750000.0
2598.0,1.0,42001.41680072716,16.987520000000014,0.0,0.0,0.0,1006084.5210898916,100000.0,3611941.412180157,5696960.307901648,6377172.426293615,7780000.0,253750000.0
2599.0,1.0,42018.40432072716,16.987520000000014,0.0,0.0,0.0,1006084.5210898916,100000.0,3611941.412180157,5696960.307901648,6377172.426293615,7780000.0,253750000.0
2600.0,1.0,42035.39184072716,16.987520000000014,0.0,0.0,0.0,1006084.5210898916,100000.0,3611941.412180157,5696960.307901648,6377172.426293615,7780000.0,253750000.0
2601.0,1.0,42052.379360727165,16.987520000000014,0.0,0.0,0.0,1006084.5210898916,100000.0,3611941.412180157,5696960.307901648,6377172.426293615,7780000.0,253750000.0
2602.0,1.0,42069.36688072717,16.987520000000014,0.0,0.0,0.0,1006084.5210898916,100000.0,3611941.412180157,5696960.307901648,6377172.426293615,7780000.0,253750000.0
2603.0,1.0,42086.35440072717,16.987520000000014,0.0,0.0,0.0,1006084.5210898916,100000.0,3611941.412180157,5696960.307901648,6377172.426293615,7780000.0,253750000.0
2604.0,1.0,42103.34192072717,16.987520000000014,0.0,0.0,0.0,1006084.5210898916,100000.0,3611941.412180157,5696960.307901648,6377172.426293615,7780000.0,253750000.0
2605.0,1.0,42120.329440727175,16.987520000000014,0.0,0.0,0.0,1006084.5210898916,100000.0,3611941.412180157,5696960.307901648,6377172.426293615,7780000.0,253750000.0
2606.0,1.0,42137.31696072718,16.987520000000014,0.0,0.0,0.0,1006084.5210898916,100000.0,3611941.412180157,5696960.307901648,6377172.426293615,7780000.0,253750000.0
2607.0,1.0,42154.30448072718,16.987520000000014,0.0,0.0,0.0,1006084.5210898916,100000.0,3611941.412180157,5696960.307901648,6377172.426293615,7780000.0,253750000.0
2608.0,1.0,42171.29200072718,16.987520000000014,0.0,0.0,0.0,1006084.5210898916,100000.0,3611941.412180157,5696960.307901648,6377172.426293615,7780000.0,253750000.0
2609.0,1.0,42188.279520727185,16.987520000000014,0.0,0.0,0.0,1006084.5210898916,100000.0,3611941.412180157,5696960.307901648,6377172.426293615,7780000.0,253750000.0
2610.0,1.0,42205.26704072719,16.987520000000014,0.0,0.0,0.0,1006084.5210898916,100000.0,3611941.412180157,5696960.307901648,6377172.426293615,7780000.0,253750000.0
2611.0,1.0,42222.25456072719,16.987520000000014,0.0,0.0,0.0,1006084.5210898916,100000.0,3611941.412180157,5696960.307901648,6377172.426293615,7780000.0,253750000.0
2612.0,1.0,42239.24208072719,16.987520000000014,0.0,0.0,0.0,1006084.5210898916,100000.0,3611941.412180157,5696960.307901648,6377172.426293615,7780000.0,253750000.0
2613.0,1.0,42256.229600727194,16.987520000000014,0.0,0.0,0.0,1006084.5210898916,100000.0,3611941.412180157,5696960.307901648,6377172.426293615,7780000.0,253750000.0
2614.0,1.0,42273.2171207272,16.987520000000014,0.0,0.0,0.0,1006084.5210898916,100000.0,3611941.412180157,5696960.307901648,6377172.426293615,7780000.0,253750000.0
2615.0,1.0,42290.2046407272,16.987520000000014,0.0,0.0,0.0,1006084.5210898916,100000.0,3611941.412180157,5696960.307901648,6377172.426293615,7780000.0,253750000.0
2616.0,1.0,42307.1921607272,16.987520000000014,0.0,0.0,0.0,1006084.5210898916,100000.0,3611941.412180157,5696960.307901648,6377172.426293615,7780000.0,253750000.0
2617.0,1.0,42324.179680727204,16.987520000000014,0.0,0.0,0.0,1006084.5210898916,100000.0,3611941.412180157,5696960.307901648,6377172.426293615,7780000.0,253750000.0
2618.0,1.0,42341.16720072721,16.987520000000014,0.0,0.0,0.0,1006084.5210898916,100000.0,3611941.412180157,5696960.307901648,6377172.426293615,7780000.0,253750000.0
2619.0,1.0,42358.15472072721,16.987520000000014,0.0,0.0,0.0,1006084.5210898916,100000.0,3611941.412180157,5696960.307901648,6377172.426293615,7780000.0,253750000.0
2620.0,1.0,42375.14224072721,16.987520000000014,0.0,0.0,0.0,1006084.5210898916,100000.0,3611941.412180157,5696960.307901648,6377172.426293615,7780000.0,253750000.0
2621.0,1.0,42392.12976072721,16.987520000000014,0.0,0.0,0.0,1006084.5210898916,100000.0,3611941.412180157,5696960.307901648,6377172.426293615,7780000.0,253750000.0
2622.0,1.0,42409.117280727216,16.987520000000014,0.0,0.0,0.0,1006084.5210898916,100000.0,3611941.412180157,5696960.307901648,6377172.426293615,7780000.0,253750000.0
2623.0,1.0,42426.10480072722,16.987520000000014,0.0,0.0,0.0,1006084.5210898916,100000.0,3611941.412180157,5696960.307901648,6377172.426293615,7780000.0,253750000.0
2624.0,1.0,42443.09232072722,16.987520000000014,0.0,0.0,0.0,1006084.5210898916,100000.0,3611941.412180157,5696960.307901648,6377172.426293615,7780000.0,253750000.0
2625.0,1.0,42460.07984072722,16.987520000000014,0.0,0.0,0.0,1006084.5210898916,100000.0,3611941.412180157,5696960.307901648,6377172.426293615,7780000.0,253750000.0
2626.0,1.0,42477.067360727226,16.987520000000014,0.0,0.0,0.0,1006084.5210898916,100000.0,3611941.412180157,5696960.307901648,6377172.426293615,7780000.0,253750000.0
2627.0,1.0,42494.05488072723,16.987520000000014,0.0,0.0,0.0,1006084.5210898916,100000.0,3611941.412180157,5696960.307901648,6377172.426293615,7780000.0,253750000.0
2628.0,1.0,42511.04240072723,16.987520000000014,0.0,0.0,0.0,1006084.5210898916,100000.0,3611941.412180157,5696960.307901648,6377172.426293615,7780000.0,253750000.0
2629.0,1.0,42528.02992072723,16.987520000000014,0.0,0.0,0.0,1006084.5210898916,100000.0,3611941.412180157,5696960.307901648,6377172.426293615,7780000.0,253750000.0
2630.0,1.0,42545.017440727235,16.987520000000014,0.0,0.0,0.0,1006084.5210898916,100000.0,3611941.412180157,5696960.307901648,6377172.426293615,7780000.0,253750000.0
2631.0,1.0,42562.00496072724,16.987520000000014,0.0,0.0,0.0,1006084.5210898916,100000.0,3611941.412180157,5696960.307901648,6377172.426293615,7780000.0,253750000.0
2632.0,1.0,42578.99248072724,16.987520000000014,0.0,0.0,0.0,1006084.5210898916,100000.0,3611941.412180157,5696960.307901648,6377172.426293615,7780000.0,253750000.0
2633.0,1.0,42595.98000072724,16.987520000000014,0.0,0.0,0.0,1006084.5210898916,100000.0,3611941.412180157,5696960.307901648,6377172.426293615,7780000.0,253750000.0
2634.0,1.0,42612.967520727245,16.987520000000014,0.0,0.0,0.0,1006084.5210898916,100000.0,3611941.412180157,5696960.307901648,6377172.426293615,7780000.0,253750000.0
2635.0,1.0,42629.95504072725,16.987520000000014,0.0,0.0,0.0,1006084.5210898916,100000.0,3611941.412180157,5696960.307901648,6377172.426293615,7780000.0,253750000.0
2636.0,1.0,42646.94256072725,16.987520000000014,0.0,0.0,0.0,1006084.5210898916,100000.0,3611941.412180157,5696960.307901648,6377172.426293615,7780000.0,253750000.0
2637.0,1.0,42663.93008072725,16.987520000000014,0.0,0.0,0.0,1006084.5210898916,100000.0,3611941.412180157,5696960.307901648,6377172.426293615,7780000.0,253750000.0
2638.0,1.0,42680.917600727254,16.987520000000014,0.0,0.0,0.0,1006084.5210898916,100000.0,3611941.412180157,5696960.307901648,6377172.426293615,7780000.0,253750000.0
2639.0,1.0,42697.90512072726,16.987520000000014,0.0,0.0,0.0,1006084.5210898916,100000.0,3611941.412180157,5696960.307901648,6377172.426293615,7780000.0,253750000.0
2640.0,1.0,42714.89264072726,16.987520000000014,0.0,0.0,0.0,1006084.5210898916,100000.0,3611941.412180157,5696960.307901648,6377172.426293615,7780000.0,253750000.0
2641.0,1.0,42731.88016072726,16.987520000000014,0.0,0.0,0.0,1006084.5210898916,100000.0,3611941.412180157,5696960.307901648,6377172.426293615,7780000.0,253750000.0
2642.0,1.0,42748.867680727264,16.987520000000014,0.0,0.0,0.0,1006084.5210898916,100000.0,3611941.412180157,5696960.307901648,6377172.426293615,7780000.0,253750000.0
2643.0,1.0,42765.85520072727,16.987520000000014,0.0,0.0,0.0,1006084.5210898916,100000.0,3611941.412180157,5696960.307901648,6377172.426293615,7780000.0,253750000.0
2644.0,1.0,42782.84272072727,16.987520000000014,0.0,0.0,0.0,1006084.5210898916,100000.0,3611941.412180157,5696960.307901648,6377172.426293615,7780000.0,253750000.0
2645.0,1.0,42799.83024072727,16.987520000000014,0.0,0.0,0.0,1006084.5210898916,100000.0,3611941.412180157,5696960.307901648,6377172.426293615,7780000.0,253750000.0
2646.0,1.0,42816.817760727274,16.987520000000014,0.0,0.0,0.0,1006084.5210898916,100000.0,3611941.412180157,5696960.307901648,6377172.426293615,7780000.0,253750000.0
2647.0,1.0,42833.805280727276,16.987520000000014,0.0,0.0,0.0,1006084.5210898916,100000.0,3611941.412180157,5696960.307901648,6377172.426293615,7780000.0,253750000.0
2648.0,1.0,42850.79280072728,16.987520000000014,0.0,0.0,0.0,1006084.5210898916,100000.0,3611941.412180157,5696960.307901648,6377172.426293615,7780000.0,253750000.0
2649.0,1.0,42867.78032072728,16.987520000000014,0.0,0.0,0.0,1006084.5210898916,100000.0,3611941.412180157,5696960.307901648,6377172.426293615,7780000.0,253750000.0
2650.0,1.0,42884.76784072728,16.987520000000014,0.0,0.0,0.0,1006084.5210898916,100000.0,3611941.412180157,5696960.307901648,6377172.426293615,7780000.0,253750000.0
2651.0,1.0,42901.755360727286,16.987520000000014,0.0,0.0,0.0,1006084.5210898916,100000.0,3611941.412180157,5696960.307901648,6377172.426293615,7780000.0,253750000.0
2652.0,1.0,42918.74288072729,16.987520000000014,0.0,0.0,0.0,1006084.5210898916,100000.0,3611941.412180157,5696960.307901648,6377172.426293615,7780000.0,253750000.0
2653.0,1.0,42935.73040072729,16.987520000000014,0.0,0.0,0.0,1006084.5210898916,100000.0,3611941.412180157,5696960.307901648,6377172.426293615,7780000.0,253750000.0
2654.0,1.0,42952.71792072729,16.987520000000014,0.0,0.0,0.0,1006084.5210898916,100000.0,3611941.412180157,5696960.307901648,6377172.426293615,7780000.0,253750000.0
2655.0,1.0,42969.705440727295,16.987520000000014,0.0,0.0,0.0,1006084.5210898916,100000.0,3611941.412180157,5696960.307901648,6377172.426293615,7780000.0,253750000.0
2656.0,1.0,42986.6929607273,16.987520000000014,0.0,0.0,0.0,1006084.5210898916,100000.0,3611941.412180157,5696960.307901648,6377172.426293615,7780000.0,253750000.0
2657.0,1.0,43003.6804807273,16.987520000000014,0.0,0.0,0.0,1006084.5210898916,100000.0,3611941.412180157,5696960.307901648,6377172.426293615,7780000.0,253750000.0
2658.0,1.0,43020.6680007273,16.987520000000014,0.0,0.0,0.0,1006084.5210898916,100000.0,3611941.412180157,5696960.307901648,6377172.426293615,7780000.0,253750000.0
2659.0,1.0,43037.655520727305,16.987520000000014,0.0,0.0,0.0,1006084.5210898916,100000.0,3611941.412180157,5696960.307901648,6377172.426293615,7780000.0,253750000.0
2660.0,1.0,43054.64304072731,16.987520000000014,0.0,0.0,0.0,1006084.5210898916,100000.0,3611941.412180157,5696960.307901648,6377172.426293615,7780000.0,253750000.0
2661.0,1.0,43071.63056072731,16.987520000000014,0.0,0.0,0.0,1006084.5210898916,100000.0,3611941.412180157,5696960.307901648,6377172.426293615,7780000.0,253750000.0
2662.0,1.0,43088.61808072731,16.987520000000014,0.0,0.0,0.0,1006084.5210898916,100000.0,3611941.412180157,5696960.307901648,6377172.426293615,7780000.0,253750000.0
2663.0,1.0,43105.605600727315,16.987520000000014,0.0,0.0,0.0,1006084.5210898916,100000.0,3611941.412180157,5696960.307901648,6377172.426293615,7780000.0,253750000.0
2664.0,1.0,43122.59312072732,16.987520000000014,0.0,0.0,0.0,1006084.5210898916,100000.0,3611941.412180157,5696960.307901648,6377172.426293615,7780000.0,253750000.0
2665.0,1.0,43139.58064072732,16.987520000000014,0.0,0.0,0.0,1006084.5210898916,100000.0,3611941.412180157,5696960.307901648,6377172.426293615,7780000.0,253750000.0
2666.0,1.0,43156.56816072732,16.987520000000014,0.0,0.0,0.0,1006084.5210898916,100000.0,3611941.412180157,5696960.307901648,6377172.426293615,7780000.0,253750000.0
2667.0,1.0,43173.555680727324,16.987520000000014,0.0,0.0,0.0,1006084.5210898916,100000.0,3611941.412180157,5696960.307901648,6377172.426293615,7780000.0,253750000.0
2668.0,1.0,43190.54320072733,16.987520000000014,0.0,0.0,0.0,1006084.5210898916,100000.0,3611941.412180157,5696960.307901648,6377172.426293615,7780000.0,253750000.0
2669.0,1.0,43207.53072072733,16.987520000000014,0.0,0.0,0.0,1006084.5210898916,100000.0,3611941.412180157,5696960.307901648,6377172.426293615,7780000.0,253750000.0
2670.0,1.0,43224.51824072733,16.987520000000014,0.0,0.0,0.0,1006084.5210898916,100000.0,3611941.412180157,5696960.307901648,6377172.426293615,7780000.0,253750000.0
2671.0,1.0,43241.505760727334,16.987520000000014,0.0,0.0,0.0,1006084.5210898916,100000.0,3611941.412180157,5696960.307901648,6377172.426293615,7780000.0,253750000.0
2672.0,1.0,43258.493280727336,16.987520000000014,0.0,0.0,0.0,1006084.5210898916,100000.0,3611941.412180157,5696960.307901648,6377172.426293615,7780000.0,253750000.0
2673.0,1.0,43275.48080072734,16.987520000000014,0.0,0.0,0.0,1006084.5210898916,100000.0,3611941.412180157,5696960.307901648,6377172.426293615,7780000.0,253750000.0
2674.0,1.0,43292.46832072734,16.987520000000014,0.0,0.0,0.0,1006084.5210898916,100000.0,3611941.412180157,5696960.307901648,6377172.426293615,7780000.0,253750000.0
2675.0,1.0,43309.45584072734,16.987520000000014,0.0,0.0,0.0,1006084.5210898916,100000.0,3611941.412180157,5696960.307901648,6377172.426293615,7780000.0,253750000.0
2676.0,1.0,43326.443360727346,16.987520000000014,0.0,0.0,0.0,1006084.5210898916,100000.0,3611941.412180157,5696960.307901648,6377172.426293615,7780000.0,253750000.0
2677.0,1.0,43343.43088072735,16.987520000000014,0.0,0.0,0.0,1006084.5210898916,100000.0,3611941.412180157,5696960.307901648,6377172.426293615,7780000.0,253750000.0
2678.0,1.0,43360.41840072735,16.987520000000014,0.0,0.0,0.0,1006084.5210898916,100000.0,3611941.412180157,5696960.307901648,6377172.426293615,7780000.0,253750000.0
2679.0,1.0,43377.40592072735,16.987520000000014,0.0,0.0,0.0,1006084.5210898916,100000.0,3611941.412180157,5696960.307901648,6377172.426293615,7780000.0,253750000.0
2680.0,1.0,43394.393440727355,16.987520000000014,0.0,0.0,0.0,1006084.5210898916,100000.0,3611941.412180157,5696960.307901648,6377172.426293615,7780000.0,253750000.0
2681.0,1.0,43411.38096072736,16.987520000000014,0.0,0.0,0.0,1006084.5210898916,100000.0,3611941.412180157,5696960.307901648,6377172.426293615,7780000.0,253750000.0
2682.0,1.0,43428.36848072736,16.987520000000014,0.0,0.0,0.0,1006084.5210898916,100000.0,3611941.412180157,5696960.307901648,6377172.426293615,7780000.0,253750000.0
2683.0,1.0,43445.35600072736,16.987520000000014,0.0,0.0,0.0,1006084.5210898916,100000.0,3611941.412180157,5696960.307901648,6377172.426293615,7780000.0,253750000.0
2684.0,1.0,43462.343520727365,16.987520000000014,0.0,0.0,0.0,1006084.5210898916,100000.0,3611941.412180157,5696960.307901648,6377172.426293615,7780000.0,253750000.0
2685.0,1.0,43479.33104072737,16.987520000000014,0.0,0.0,0.0,1006084.5210898916,100000.0,3611941.412180157,5696960.307901648,6377172.426293615,7780000.0,253750000.0
2686.0,1.0,43496.31856072737,16.987520000000014,0.0,0.0,0.0,1006084.5210898916,100000.0,3611941.412180157,5696960.307901648,6377172.426293615,7780000.0,253750000.0
2687.0,1.0,43513.30608072737,16.987520000000014,0.0,0.0,0.0,1006084.5210898916,100000.0,3611941.412180157,5696960.307901648,6377172.426293615,7780000.0,253750000.0
2688.0,1.0,43530.293600727375,16.987520000000014,0.0,0.0,0.0,1006084.5210898916,100000.0,3611941.412180157,5696960.307901648,6377172.426293615,7780000.0,253750000.0
2689.0,1.0,43547.28112072738,16.987520000000014,0.0,0.0,0.0,1006084.5210898916,100000.0,3611941.412180157,5696960.307901648,6377172.426293615,7780000.0,253750000.0
2690.0,1.0,43564.26864072738,16.987520000000014,0.0,0.0,0.0,1006084.5210898916,100000.0,3611941.412180157,5696960.307901648,6377172.426293615,7780000.0,253750000.0
2691.0,1.0,43581.25616072738,16.987520000000014,0.0,0.0,0.0,1006084.5210898916,100000.0,3611941.412180157,5696960.307901648,6377172.426293615,7780000.0,253750000.0
2692.0,1.0,43598.243680727384,16.987520000000014,0.0,0.0,0.0,1006084.5210898916,100000.0,3611941.412180157,5696960.307901648,6377172.426293615,7780000.0,253750000.0
2693.0,1.0,43615.23120072739,16.987520000000014,0.0,0.0,0.0,1006084.5210898916,100000.0,3611941.412180157,5696960.307901648,6377172.426293615,7780000.0,253750000.0
2694.0,1.0,43632.21872072739,16.987520000000014,0.0,0.0,0.0,1006084.5210898916,100000.0,3611941.412180157,5696960.307901648,6377172.426293615,7780000.0,253750000.0
2695.0,1.0,43649.20624072739,16.987520000000014,0.0,0.0,0.0,1006084.5210898916,100000.0,3611941.412180157,5696960.307901648,6377172.426293615,7780000.0,253750000.0
2696.0,1.0,43666.193760727394,16.987520000000014,0.0,0.0,0.0,1006084.5210898916,100000.0,3611941.412180157,5696960.307901648,6377172.426293615,7780000.0,253750000.0
2697.0,1.0,43683.1812807274,16.987520000000014,0.0,0.0,0.0,1006084.5210898916,100000.0,3611941.412180157,5696960.307901648,6377172.426293615,7780000.0,253750000.0
2698.0,1.0,43700.1688007274,16.987520000000014,0.0,0.0,0.0,1006084.5210898916,100000.0,3611941.412180157,5696960.307901648,6377172.426293615,7780000.0,253750000.0
2699.0,1.0,43717.1563207274,16.987520000000014,0.0,0.0,0.0,1006084.5210898916,100000.0,3611941.412180157,5696960.307901648,6377172.426293615,7780000.0,253750000.0
2700.0,1.0,43734.1438407274,16.987520000000014,0.0,0.0,0.0,1006084.5210898916,100000.0,3611941.412180157,5696960.307901648,6377172.426293615,7780000.0,253750000.0
2701.0,1.0,43751.131360727406,16.987520000000014,0.0,0.0,0.0,1006084.5210898916,100000.0,3611941.412180157,5696960.307901648,6377172.426293615,7780000.0,253750000.0
2702.0,1.0,43768.11888072741,16.987520000000014,0.0,0.0,0.0,1006084.5210898916,100000.0,3611941.412180157,5696960.307901648,6377172.426293615,7780000.0,253750000.0
2703.0,1.0,43785.10640072741,16.987520000000014,0.0,0.0,0.0,1006084.5210898916,100000.0,3611941.412180157,5696960.307901648,6377172.426293615,7780000.0,253750000.0
2704.0,1.0,43802.09392072741,16.987520000000014,0.0,0.0,0.0,1006084.5210898916,100000.0,3611941.412180157,5696960.307901648,6377172.426293615,7780000.0,253750000.0
2705.0,1.0,43819.081440727416,16.987520000000014,0.0,0.0,0.0,1006084.5210898916,100000.0,3611941.412180157,5696960.307901648,6377172.426293615,7780000.0,253750000.0
2706.0,1.0,43836.06896072742,16.987520000000014,0.0,0.0,0.0,1006084.5210898916,100000.0,3611941.412180157,5696960.307901648,6377172.426293615,7780000.0,253750000.0
2707.0,1.0,43853.05648072742,16.987520000000014,0.0,0.0,0.0,1006084.5210898916,100000.0,3611941.412180157,5696960.307901648,6377172.426293615,7780000.0,253750000.0
2708.0,1.0,43870.04400072742,16.987520000000014,0.0,0.0,0.0,1006084.5210898916,100000.0,3611941.412180157,5696960.307901648,6377172.426293615,7780000.0,253750000.0
2709.0,1.0,43887.031520727425,16.987520000000014,0.0,0.0,0.0,1006084.5210898916,100000.0,3611941.412180157,5696960.307901648,6377172.426293615,7780000.0,253750000.0
2710.0,1.0,43904.01904072743,16.987520000000014,0.0,0.0,0.0,1006084.5210898916,100000.0,3611941.412180157,5696960.307901648,6377172.426293615,7780000.0,253750000.0
2711.0,1.0,43921.00656072743,16.987520000000014,0.0,0.0,0.0,1006084.5210898916,100000.0,3611941.412180157,5696960.307901648,6377172.426293615,7780000.0,253750000.0
2712.0,1.0,43937.99408072743,16.987520000000014,0.0,0.0,0.0,1006084.5210898916,100000.0,3611941.412180157,5696960.307901648,6377172.426293615,7780000.0,253750000.0
2713.0,1.0,43954.981600727435,16.987520000000014,0.0,0.0,0.0,1006084.5210898916,100000.0,3611941.412180157,5696960.307901648,6377172.426293615,7780000.0,253750000.0
2714.0,1.0,43971.96912072744,16.987520000000014,0.0,0.0,0.0,1006084.5210898916,100000.0,3611941.412180157,5696960.307901648,6377172.426293615,7780000.0,253750000.0
2715.0,1.0,43988.95664072744,16.987520000000014,0.0,0.0,0.0,1006084.5210898916,100000.0,3611941.412180157,5696960.307901648,6377172.426293615,7780000.0,253750000.0
2716.0,1.0,44005.94416072744,16.987520000000014,0.0,0.0,0.0,1006084.5210898916,100000.0,3611941.412180157,5696960.307901648,6377172.426293615,7780000.0,253750000.0
2717.0,1.0,44022.931680727444,16.987520000000014,0.0,0.0,0.0,1006084.5210898916,100000.0,3611941.412180157,5696960.307901648,6377172.426293615,7780000.0,253750000.0
2718.0,1.0,44039.91920072745,16.987520000000014,0.0,0.0,0.0,1006084.5210898916,100000.0,3611941.412180157,5696960.307901648,6377172.426293615,7780000.0,253750000.0
2719.0,1.0,44056.90672072745,16.987520000000014,0.0,0.0,0.0,1006084.5210898916,100000.0,3611941.412180157,5696960.307901648,6377172.426293615,7780000.0,253750000.0
2720.0,1.0,44073.89424072745,16.987520000000014,0.0,0.0,0.0,1006084.5210898916,100000.0,3611941.412180157,5696960.307901648,6377172.426293615,7780000.0,253750000.0
2721.0,1.0,44090.881760727454,16.987520000000014,0.0,0.0,0.0,1006084.5210898916,100000.0,3611941.412180157,5696960.307901648,6377172.426293615,7780000.0,253750000.0
2722.0,1.0,44107.86928072746,16.987520000000014,0.0,0.0,0.0,1006084.5210898916,100000.0,3611941.412180157,5696960.307901648,6377172.426293615,7780000.0,253750000.0
2723.0,1.0,44124.85680072746,16.987520000000014,0.0,0.0,0.0,1006084.5210898916,100000.0,3611941.412180157,5696960.307901648,6377172.426293615,7780000.0,253750000.0
2724.0,1.0,44141.84432072746,16.987520000000014,0.0,0.0,0.0,1006084.5210898916,100000.0,3611941.412180157,5696960.307901648,6377172.426293615,7780000.0,253750000.0
2725.0,1.0,44158.831840727464,16.987520000000014,0.0,0.0,0.0,1006084.5210898916,100000.0,3611941.412180157,5696960.307901648,6377172.426293615,7780000.0,253750000.0
2726.0,1.0,44175.819360727466,16.987520000000014,0.0,0.0,0.0,1006084.5210898916,100000.0,3611941.412180157,5696960.307901648,6377172.426293615,7780000.0,253750000.0
2727.0,1.0,44192.80688072747,16.987520000000014,0.0,0.0,0.0,1006084.5210898916,100000.0,3611941.412180157,5696960.307901648,6377172.426293615,7780000.0,253750000.0
2728.0,1.0,44209.79440072747,16.987520000000014,0.0,0.0,0.0,1006084.5210898916,100000.0,3611941.412180157,5696960.307901648,6377172.426293615,7780000.0,253750000.0
2729.0,1.0,44226.78192072747,16.987520000000014,0.0,0.0,0.0,1006084.5210898916,100000.0,3611941.412180157,5696960.307901648,6377172.426293615,7780000.0,253750000.0
2730.0,1.0,44243.769440727476,16.987520000000014,0.0,0.0,0.0,1006084.5210898916,100000.0,3611941.412180157,5696960.307901648,6377172.426293615,7780000.0,253750000.0
2731.0,1.0,44260.75696072748,16.987520000000014,0.0,0.0,0.0,1006084.5210898916,100000.0,3611941.412180157,5696960.307901648,6377172.426293615,7780000.0,253750000.0
2732.0,1.0,44277.74448072748,16.987520000000014,0.0,0.0,0.0,1006084.5210898916,100000.0,3611941.412180157,5696960.307901648,6377172.426293615,7780000.0,253750000.0
2733.0,1.0,44294.73200072748,16.987520000000014,0.0,0.0,0.0,1006084.5210898916,100000.0,3611941.412180157,5696960.307901648,6377172.426293615,7780000.0,253750000.0
2734.0,1.0,44311.719520727485,16.987520000000014,0.0,0.0,0.0,1006084.5210898916,100000.0,3611941.412180157,5696960.307901648,6377172.426293615,7780000.0,253750000.0
2735.0,1.0,44328.70704072749,16.987520000000014,0.0,0.0,0.0,1006084.5210898916,100000.0,3611941.412180157,5696960.307901648,6377172.426293615,7780000.0,253750000.0
2736.0,1.0,44345.69456072749,16.987520000000014,0.0,0.0,0.0,1006084.5210898916,100000.0,3611941.412180157,5696960.307901648,6377172.426293615,7780000.0,253750000.0
2737.0,1.0,44362.68208072749,16.987520000000014,0.0,0.0,0.0,1006084.5210898916,100000.0,3611941.412180157,5696960.307901648,6377172.426293615,7780000.0,253750000.0
2738.0,1.0,44379.669600727495,16.987520000000014,0.0,0.0,0.0,1006084.5210898916,100000.0,3611941.412180157,5696960.307901648,6377172.426293615,7780000.0,253750000.0
2739.0,1.0,44396.6571207275,16.987520000000014,0.0,0.0,0.0,1006084.5210898916,100000.0,3611941.412180157,5696960.307901648,6377172.426293615,7780000.0,253750000.0
2740.0,1.0,44413.6446407275,16.987520000000014,0.0,0.0,0.0,1006084.5210898916,100000.0,3611941.412180157,5696960.307901648,6377172.426293615,7780000.0,253750000.0
2741.0,1.0,44430.6321607275,16.987520000000014,0.0,0.0,0.0,1006084.5210898916,100000.0,3611941.412180157,5696960.307901648,6377172.426293615,7780000.0,253750000.0
2742.0,1.0,44447.619680727505,16.987520000000014,0.0,0.0,0.0,1006084.5210898916,100000.0,3611941.412180157,5696960.307901648,6377172.426293615,7780000.0,253750000.0
2743.0,1.0,44464.60720072751,16.987520000000014,0.0,0.0,0.0,1006084.5210898916,100000.0,3611941.412180157,5696960.307901648,6377172.426293615,7780000.0,253750000.0
2744.0,1.0,44481.59472072751,16.987520000000014,0.0,0.0,0.0,1006084.5210898916,100000.0,3611941.412180157,5696960.307901648,6377172.426293615,7780000.0,253750000.0
2745.0,1.0,44498.58224072751,16.987520000000014,0.0,0.0,0.0,1006084.5210898916,100000.0,3611941.412180157,5696960.307901648,6377172.426293615,7780000.0,253750000.0
2746.0,1.0,44515.569760727514,16.987520000000014,0.0,0.0,0.0,1006084.5210898916,100000.0,3611941.412180157,5696960.307901648,6377172.426293615,7780000.0,253750000.0
2747.0,1.0,44532.55728072752,16.987520000000014,0.0,0.0,0.0,1006084.5210898916,100000.0,3611941.412180157,5696960.307901648,6377172.426293615,7780000.0,253750000.0
2748.0,1.0,44549.54480072752,16.987520000000014,0.0,0.0,0.0,1006084.5210898916,100000.0,3611941.412180157,5696960.307901648,6377172.426293615,7780000.0,253750000.0
2749.0,1.0,44566.53232072752,16.987520000000014,0.0,0.0,0.0,1006084.5210898916,100000.0,3611941.412180157,5696960.307901648,6377172.426293615,7780000.0,253750000.0
2750.0,1.0,44583.519840727524,16.987520000000014,0.0,0.0,0.0,1006084.5210898916,100000.0,3611941.412180157,5696960.307901648,6377172.426293615,7780000.0,253750000.0
2751.0,1.0,44600.507360727526,16.987520000000014,0.0,0.0,0.0,1006084.5210898916,100000.0,3611941.412180157,5696960.307901648,6377172.426293615,7780000.0,253750000.0
2752.0,1.0,44617.49488072753,16.987520000000014,0.0,0.0,0.0,1006084.5210898916,100000.0,3611941.412180157,5696960.307901648,6377172.426293615,7780000.0,253750000.0
2753.0,1.0,44634.48240072753,16.987520000000014,0.0,0.0,0.0,1006084.5210898916,100000.0,3611941.412180157,5696960.307901648,6377172.426293615,7780000.0,253750000.0
2754.0,1.0,44651.46992072753,16.987520000000014,0.0,0.0,0.0,1006084.5210898916,100000.0,3611941.412180157,5696960.307901648,6377172.426293615,7780000.0,253750000.0
2755.0,1.0,44668.457440727536,16.987520000000014,0.0,0.0,0.0,1006084.5210898916,100000.0,3611941.412180157,5696960.307901648,6377172.426293615,7780000.0,253750000.0
2756.0,1.0,44685.44496072754,16.987520000000014,0.0,0.0,0.0,1006084.5210898916,100000.0,3611941.412180157,5696960.307901648,6377172.426293615,7780000.0,253750000.0
2757.0,1.0,44702.43248072754,16.987520000000014,0.0,0.0,0.0,1006084.5210898916,100000.0,3611941.412180157,5696960.307901648,6377172.426293615,7780000.0,253750000.0
2758.0,1.0,44719.42000072754,16.987520000000014,0.0,0.0,0.0,1006084.5210898916,100000.0,3611941.412180157,5696960.307901648,6377172.426293615,7780000.0,253750000.0
2759.0,1.0,44736.407520727545,16.987520000000014,0.0,0.0,0.0,1006084.5210898916,100000.0,3611941.412180157,5696960.307901648,6377172.426293615,7780000.0,253750000.0
2760.0,1.0,44753.39504072755,16.987520000000014,0.0,0.0,0.0,1006084.5210898916,100000.0,3611941.412180157,5696960.307901648,6377172.426293615,7780000.0,253750000.0
2761.0,1.0,44770.38256072755,16.987520000000014,0.0,0.0,0.0,1006084.5210898916,100000.0,3611941.412180157,5696960.307901648,6377172.426293615,7780000.0,253750000.0
2762.0,1.0,44787.37008072755,16.987520000000014,0.0,0.0,0.0,1006084.5210898916,100000.0,3611941.412180157,5696960.307901648,6377172.426293615,7780000.0,253750000.0
2763.0,1.0,44804.357600727555,16.987520000000014,0.0,0.0,0.0,1006084.5210898916,100000.0,3611941.412180157,5696960.307901648,6377172.426293615,7780000.0,253750000.0
2764.0,1.0,44821.34512072756,16.987520000000014,0.0,0.0,0.0,1006084.5210898916,100000.0,3611941.412180157,5696960.307901648,6377172.426293615,7780000.0,253750000.0
2765.0,1.0,44838.33264072756,16.987520000000014,0.0,0.0,0.0,1006084.5210898916,100000.0,3611941.412180157,5696960.307901648,6377172.426293615,7780000.0,253750000.0
2766.0,1.0,44855.32016072756,16.987520000000014,0.0,0.0,0.0,1006084.5210898916,100000.0,3611941.412180157,5696960.307901648,6377172.426293615,7780000.0,253750000.0
2767.0,1.0,44872.307680727565,16.987520000000014,0.0,0.0,0.0,1006084.5210898916,100000.0,3611941.412180157,5696960.307901648,6377172.426293615,7780000.0,253750000.0
2768.0,1.0,44889.29520072757,16.987520000000014,0.0,0.0,0.0,1006084.5210898916,100000.0,3611941.412180157,5696960.307901648,6377172.426293615,7780000.0,253750000.0
2769.0,1.0,44906.28272072757,16.987520000000014,0.0,0.0,0.0,1006084.5210898916,100000.0,3611941.412180157,5696960.307901648,6377172.426293615,7780000.0,253750000.0
2770.0,1.0,44923.27024072757,16.987520000000014,0.0,0.0,0.0,1006084.5210898916,100000.0,3611941.412180157,5696960.307901648,6377172.426293615,7780000.0,253750000.0
2771.0,1.0,44940.257760727574,16.987520000000014,0.0,0.0,0.0,1006084.5210898916,100000.0,3611941.412180157,5696960.307901648,6377172.426293615,7780000.0,253750000.0
2772.0,1.0,44957.24528072758,16.987520000000014,0.0,0.0,0.0,1006084.5210898916,100000.0,3611941.412180157,5696960.307901648,6377172.426293615,7780000.0,253750000.0
2773.0,1.0,44974.23280072758,16.987520000000014,0.0,0.0,0.0,1006084.5210898916,100000.0,3611941.412180157,5696960.307901648,6377172.426293615,7780000.0,253750000.0
2774.0,1.0,44991.22032072758,16.987520000000014,0.0,0.0,0.0,1006084.5210898916,100000.0,3611941.412180157,5696960.307901648,6377172.426293615,7780000.0,253750000.0
2775.0,1.0,45008.207840727584,16.987520000000014,0.0,0.0,0.0,1006084.5210898916,100000.0,3611941.412180157,5696960.307901648,6377172.426293615,7780000.0,253750000.0
2776.0,1.0,45025.19536072759,16.987520000000014,0.0,0.0,0.0,1006084.5210898916,100000.0,3611941.412180157,5696960.307901648,6377172.426293615,7780000.0,253750000.0
2777.0,1.0,45042.18288072759,16.987520000000014,0.0,0.0,0.0,1006084.5210898916,100000.0,3611941.412180157,5696960.307901648,6377172.426293615,7780000.0,253750000.0
2778.0,1.0,45059.17040072759,16.987520000000014,0.0,0.0,0.0,1006084.5210898916,100000.0,3611941.412180157,5696960.307901648,6377172.426293615,7780000.0,253750000.0
2779.0,1.0,45076.15792072759,16.987520000000014,0.0,0.0,0.0,1006084.5210898916,100000.0,3611941.412180157,5696960.307901648,6377172.426293615,7780000.0,253750000.0
2780.0,1.0,45093.145440727596,16.987520000000014,0.0,0.0,0.0,1006084.5210898916,100000.0,3611941.412180157,5696960.307901648,6377172.426293615,7780000.0,253750000.0
2781.0,1.0,45110.1329607276,16.987520000000014,0.0,0.0,0.0,1006084.5210898916,100000.0,3611941.412180157,5696960.307901648,6377172.426293615,7780000.0,253750000.0
2782.0,1.0,45127.1204807276,16.987520000000014,0.0,0.0,0.0,1006084.5210898916,100000.0,3611941.412180157,5696960.307901648,6377172.426293615,7780000.0,253750000.0
2783.0,1.0,45144.1080007276,16.987520000000014,0.0,0.0,0.0,1006084.5210898916,100000.0,3611941.412180157,5696960.307901648,6377172.426293615,7780000.0,253750000.0
2784.0,1.0,45161.095520727606,16.987520000000014,0.0,0.0,0.0,1006084.5210898916,100000.0,3611941.412180157,5696960.307901648,6377172.426293615,7780000.0,253750000.0
2785.0,1.0,45178.08304072761,16.987520000000014,0.0,0.0,0.0,1006084.5210898916,100000.0,3611941.412180157,5696960.307901648,6377172.426293615,7780000.0,253750000.0
2786.0,1.0,45195.07056072761,16.987520000000014,0.0,0.0,0.0,1006084.5210898916,100000.0,3611941.412180157,5696960.307901648,6377172.426293615,7780000.0,253750000.0
2787.0,1.0,45212.05808072761,16.987520000000014,0.0,0.0,0.0,1006084.5210898916,100000.0,3611941.412180157,5696960.307901648,6377172.426293615,7780000.0,253750000.0
2788.0,1.0,45229.045600727615,16.987520000000014,0.0,0.0,0.0,1006084.5210898916,100000.0,3611941.412180157,5696960.307901648,6377172.426293615,7780000.0,253750000.0
2789.0,1.0,45246.03312072762,16.987520000000014,0.0,0.0,0.0,1006084.5210898916,100000.0,3611941.412180157,5696960.307901648,6377172.426293615,7780000.0,253750000.0
2790.0,1.0,45263.02064072762,16.987520000000014,0.0,0.0,0.0,1006084.5210898916,100000.0,3611941.412180157,5696960.307901648,6377172.426293615,7780000.0,253750000.0
2791.0,1.0,45280.00816072762,16.987520000000014,0.0,0.0,0.0,1006084.5210898916,100000.0,3611941.412180157,5696960.307901648,6377172.426293615,7780000.0,253750000.0
2792.0,1.0,45296.995680727625,16.987520000000014,0.0,0.0,0.0,1006084.5210898916,100000.0,3611941.412180157,5696960.307901648,6377172.426293615,7780000.0,253750000.0
2793.0,1.0,45313.98320072763,16.987520000000014,0.0,0.0,0.0,1006084.5210898916,100000.0,3611941.412180157,5696960.307901648,6377172.426293615,7780000.0,253750000.0
2794.0,1.0,45330.97072072763,16.987520000000014,0.0,0.0,0.0,1006084.5210898916,100000.0,3611941.412180157,5696960.307901648,6377172.426293615,7780000.0,253750000.0
2795.0,1.0,45347.95824072763,16.987520000000014,0.0,0.0,0.0,1006084.5210898916,100000.0,3611941.412180157,5696960.307901648,6377172.426293615,7780000.0,253750000.0
2796.0,1.0,45364.945760727634,16.987520000000014,0.0,0.0,0.0,1006084.5210898916,100000.0,3611941.412180157,5696960.307901648,6377172.426293615,7780000.0,253750000.0
2797.0,1.0,45381.93328072764,16.987520000000014,0.0,0.0,0.0,1006084.5210898916,100000.0,3611941.412180157,5696960.307901648,6377172.426293615,7780000.0,253750000.0
2798.0,1.0,45398.92080072764,16.987520000000014,0.0,0.0,0.0,1006084.5210898916,100000.0,3611941.412180157,5696960.307901648,6377172.426293615,7780000.0,253750000.0
2799.0,1.0,45415.90832072764,16.987520000000014,0.0,0.0,0.0,1006084.5210898916,100000.0,3611941.412180157,5696960.307901648,6377172.426293615,7780000.0,253750000.0
2800.0,1.0,45432.895840727644,16.987520000000014,0.0,0.0,0.0,1006084.5210898916,100000.0,3611941.412180157,5696960.307901648,6377172.426293615,7780000.0,253750000.0
2801.0,1.0,45449.88336072765,16.987520000000014,0.0,0.0,0.0,1006084.5210898916,100000.0,3611941.412180157,5696960.307901648,6377172.426293615,7780000.0,253750000.0
2802.0,1.0,45466.87088072765,16.987520000000014,0.0,0.0,0.0,1006084.5210898916,100000.0,3611941.412180157,5696960.307901648,6377172.426293615,7780000.0,253750000.0
2803.0,1.0,45483.85840072765,16.987520000000014,0.0,0.0,0.0,1006084.5210898916,100000.0,3611941.412180157,5696960.307901648,6377172.426293615,7780000.0,253750000.0
2804.0,1.0,45500.845920727654,16.987520000000014,0.0,0.0,0.0,1006084.5210898916,100000.0,3611941.412180157,5696960.307901648,6377172.426293615,7780000.0,253750000.0
2805.0,1.0,45517.833440727656,16.987520000000014,0.0,0.0,0.0,1006084.5210898916,100000.0,3611941.412180157,5696960.307901648,6377172.426293615,7780000.0,253750000.0
2806.0,1.0,45534.82096072766,16.987520000000014,0.0,0.0,0.0,1006084.5210898916,100000.0,3611941.412180157,5696960.307901648,6377172.426293615,7780000.0,253750000.0
2807.0,1.0,45551.80848072766,16.987520000000014,0.0,0.0,0.0,1006084.5210898916,100000.0,3611941.412180157,5696960.307901648,6377172.426293615,7780000.0,253750000.0
2808.0,1.0,45568.79600072766,16.987520000000014,0.0,0.0,0.0,1006084.5210898916,100000.0,3611941.412180157,5696960.307901648,6377172.426293615,7780000.0,253750000.0
2809.0,1.0,45585.783520727666,16.987520000000014,0.0,0.0,0.0,1006084.5210898916,100000.0,3611941.412180157,5696960.307901648,6377172.426293615,7780000.0,253750000.0
2810.0,1.0,45602.77104072767,16.987520000000014,0.0,0.0,0.0,1006084.5210898916,100000.0,3611941.412180157,5696960.307901648,6377172.426293615,7780000.0,253750000.0
2811.0,1.0,45619.75856072767,16.987520000000014,0.0,0.0,0.0,1006084.5210898916,100000.0,3611941.412180157,5696960.307901648,6377172.426293615,7780000.0,253750000.0
2812.0,1.0,45636.74608072767,16.987520000000014,0.0,0.0,0.0,1006084.5210898916,100000.0,3611941.412180157,5696960.307901648,6377172.426293615,7780000.0,253750000.0
2813.0,1.0,45653.733600727675,16.987520000000014,0.0,0.0,0.0,1006084.5210898916,100000.0,3611941.412180157,5696960.307901648,6377172.426293615,7780000.0,253750000.0
2814.0,1.0,45670.72112072768,16.987520000000014,0.0,0.0,0.0,1006084.5210898916,100000.0,3611941.412180157,5696960.307901648,6377172.426293615,7780000.0,253750000.0
2815.0,1.0,45687.70864072768,16.987520000000014,0.0,0.0,0.0,1006084.5210898916,100000.0,3611941.412180157,5696960.307901648,6377172.426293615,7780000.0,253750000.0
2816.0,1.0,45704.69616072768,16.987520000000014,0.0,0.0,0.0,1006084.5210898916,100000.0,3611941.412180157,5696960.307901648,6377172.426293615,7780000.0,253750000.0
2817.0,1.0,45721.683680727685,16.987520000000014,0.0,0.0,0.0,1006084.5210898916,100000.0,3611941.412180157,5696960.307901648,6377172.426293615,7780000.0,253750000.0
2818.0,1.0,45738.67120072769,16.987520000000014,0.0,0.0,0.0,1006084.5210898916,100000.0,3611941.412180157,5696960.307901648,6377172.426293615,7780000.0,253750000.0
2819.0,1.0,45755.65872072769,16.987520000000014,0.0,0.0,0.0,1006084.5210898916,100000.0,3611941.412180157,5696960.307901648,6377172.426293615,7780000.0,253750000.0
2820.0,1.0,45772.64624072769,16.987520000000014,0.0,0.0,0.0,1006084.5210898916,100000.0,3611941.412180157,5696960.307901648,6377172.426293615,7780000.0,253750000.0
2821.0,1.0,45789.633760727695,16.987520000000014,0.0,0.0,0.0,1006084.5210898916,100000.0,3611941.412180157,5696960.307901648,6377172.426293615,7780000.0,253750000.0
2822.0,1.0,45806.6212807277,16.987520000000014,0.0,0.0,0.0,1006084.5210898916,100000.0,3611941.412180157,5696960.307901648,6377172.426293615,7780000.0,253750000.0
2823.0,1.0,45823.6088007277,16.987520000000014,0.0,0.0,0.0,1006084.5210898916,100000.0,3611941.412180157,5696960.307901648,6377172.426293615,7780000.0,253750000.0
2824.0,1.0,45840.5963207277,16.987520000000014,0.0,0.0,0.0,1006084.5210898916,100000.0,3611941.412180157,5696960.307901648,6377172.426293615,7780000.0,253750000.0
2825.0,1.0,45857.583840727704,16.987520000000014,0.0,0.0,0.0,1006084.5210898916,100000.0,3611941.412180157,5696960.307901648,6377172.426293615,7780000.0,253750000.0
2826.0,1.0,45874.57136072771,16.987520000000014,0.0,0.0,0.0,1006084.5210898916,100000.0,3611941.412180157,5696960.307901648,6377172.426293615,7780000.0,253750000.0
2827.0,1.0,45891.55888072771,16.987520000000014,0.0,0.0,0.0,1006084.5210898916,100000.0,3611941.412180157,5696960.307901648,6377172.426293615,7780000.0,253750000.0
2828.0,1.0,45908.54640072771,16.987520000000014,0.0,0.0,0.0,1006084.5210898916,100000.0,3611941.412180157,5696960.307901648,6377172.426293615,7780000.0,253750000.0
2829.0,1.0,45925.533920727714,16.987520000000014,0.0,0.0,0.0,1006084.5210898916,100000.0,3611941.412180157,5696960.307901648,6377172.426293615,7780000.0,253750000.0
2830.0,1.0,45942.521440727716,16.987520000000014,0.0,0.0,0.0,1006084.5210898916,100000.0,3611941.412180157,5696960.307901648,6377172.426293615,7780000.0,253750000.0
2831.0,1.0,45959.50896072772,16.987520000000014,0.0,0.0,0.0,1006084.5210898916,100000.0,3611941.412180157,5696960.307901648,6377172.426293615,7780000.0,253750000.0
2832.0,1.0,45976.49648072772,16.987520000000014,0.0,0.0,0.0,1006084.5210898916,100000.0,3611941.412180157,5696960.307901648,6377172.426293615,7780000.0,253750000.0
2833.0,1.0,45993.48400072772,16.987520000000014,0.0,0.0,0.0,1006084.5210898916,100000.0,3611941.412180157,5696960.307901648,6377172.426293615,7780000.0,253750000.0
2834.0,1.0,46010.471520727726,16.987520000000014,0.0,0.0,0.0,1006084.5210898916,100000.0,3611941.412180157,5696960.307901648,6377172.426293615,7780000.0,253750000.0
2835.0,1.0,46027.45904072773,16.987520000000014,0.0,0.0,0.0,1006084.5210898916,100000.0,3611941.412180157,5696960.307901648,6377172.426293615,7780000.0,253750000.0
2836.0,1.0,46044.44656072773,16.987520000000014,0.0,0.0,0.0,1006084.5210898916,100000.0,3611941.412180157,5696960.307901648,6377172.426293615,7780000.0,253750000.0
2837.0,1.0,46061.43408072773,16.987520000000014,0.0,0.0,0.0,1006084.5210898916,100000.0,3611941.412180157,5696960.307901648,6377172.426293615,7780000.0,253750000.0
2838.0,1.0,46078.421600727735,16.987520000000014,0.0,0.0,0.0,1006084.5210898916,100000.0,3611941.412180157,5696960.307901648,6377172.426293615,7780000.0,253750000.0
2839.0,1.0,46095.40912072774,16.987520000000014,0.0,0.0,0.0,1006084.5210898916,100000.0,3611941.412180157,5696960.307901648,6377172.426293615,7780000.0,253750000.0
2840.0,1.0,46112.39664072774,16.987520000000014,0.0,0.0,0.0,1006084.5210898916,100000.0,3611941.412180157,5696960.307901648,6377172.426293615,7780000.0,253750000.0
2841.0,1.0,46129.38416072774,16.987520000000014,0.0,0.0,0.0,1006084.5210898916,100000.0,3611941.412180157,5696960.307901648,6377172.426293615,7780000.0,253750000.0
2842.0,1.0,46146.371680727745,16.987520000000014,0.0,0.0,0.0,1006084.5210898916,100000.0,3611941.412180157,5696960.307901648,6377172.426293615,7780000.0,253750000.0
2843.0,1.0,46163.35920072775,16.987520000000014,0.0,0.0,0.0,1006084.5210898916,100000.0,3611941.412180157,5696960.307901648,6377172.426293615,7780000.0,253750000.0
2844.0,1.0,46180.34672072775,16.987520000000014,0.0,0.0,0.0,1006084.5210898916,100000.0,3611941.412180157,5696960.307901648,6377172.426293615,7780000.0,253750000.0
2845.0,1.0,46197.33424072775,16.987520000000014,0.0,0.0,0.0,1006084.5210898916,100000.0,3611941.412180157,5696960.307901648,6377172.426293615,7780000.0,253750000.0
2846.0,1.0,46214.321760727755,16.987520000000014,0.0,0.0,0.0,1006084.5210898916,100000.0,3611941.412180157,5696960.307901648,6377172.426293615,7780000.0,253750000.0
2847.0,1.0,46231.30928072776,16.987520000000014,0.0,0.0,0.0,1006084.5210898916,100000.0,3611941.412180157,5696960.307901648,6377172.426293615,7780000.0,253750000.0
2848.0,1.0,46248.29680072776,16.987520000000014,0.0,0.0,0.0,1006084.5210898916,100000.0,3611941.412180157,5696960.307901648,6377172.426293615,7780000.0,253750000.0
2849.0,1.0,46265.28432072776,16.987520000000014,0.0,0.0,0.0,1006084.5210898916,100000.0,3611941.412180157,5696960.307901648,6377172.426293615,7780000.0,253750000.0
2850.0,1.0,46282.271840727764,16.987520000000014,0.0,0.0,0.0,1006084.5210898916,100000.0,3611941.412180157,5696960.307901648,6377172.426293615,7780000.0,253750000.0
2851.0,1.0,46299.25936072777,16.987520000000014,0.0,0.0,0.0,1006084.5210898916,100000.0,3611941.412180157,5696960.307901648,6377172.426293615,7780000.0,253750000.0
2852.0,1.0,46316.24688072777,16.987520000000014,0.0,0.0,0.0,1006084.5210898916,100000.0,3611941.412180157,5696960.307901648,6377172.426293615,7780000.0,253750000.0
2853.0,1.0,46333.23440072777,16.987520000000014,0.0,0.0,0.0,1006084.5210898916,100000.0,3611941.412180157,5696960.307901648,6377172.426293615,7780000.0,253750000.0
2854.0,1.0,46350.221920727774,16.987520000000014,0.0,0.0,0.0,1006084.5210898916,100000.0,3611941.412180157,5696960.307901648,6377172.426293615,7780000.0,253750000.0
2855.0,1.0,46367.20944072778,16.987520000000014,0.0,0.0,0.0,1006084.5210898916,100000.0,3611941.412180157,5696960.307901648,6377172.426293615,7780000.0,253750000.0
2856.0,1.0,46384.19696072778,16.987520000000014,0.0,0.0,0.0,1006084.5210898916,100000.0,3611941.412180157,5696960.307901648,6377172.426293615,7780000.0,253750000.0
2857.0,1.0,46401.18448072778,16.987520000000014,0.0,0.0,0.0,1006084.5210898916,100000.0,3611941.412180157,5696960.307901648,6377172.426293615,7780000.0,253750000.0
2858.0,1.0,46418.17200072778,16.987520000000014,0.0,0.0,0.0,1006084.5210898916,100000.0,3611941.412180157,5696960.307901648,6377172.426293615,7780000.0,253750000.0
2859.0,1.0,46435.159520727786,16.987520000000014,0.0,0.0,0.0,1006084.5210898916,100000.0,3611941.412180157,5696960.307901648,6377172.426293615,7780000.0,253750000.0
2860.0,1.0,46452.14704072779,16.987520000000014,0.0,0.0,0.0,1006084.5210898916,100000.0,3611941.412180157,5696960.307901648,6377172.426293615,7780000.0,253750000.0
2861.0,1.0,46469.13456072779,16.987520000000014,0.0,0.0,0.0,1006084.5210898916,100000.0,3611941.412180157,5696960.307901648,6377172.426293615,7780000.0,253750000.0
2862.0,1.0,46486.12208072779,16.987520000000014,0.0,0.0,0.0,1006084.5210898916,100000.0,3611941.412180157,5696960.307901648,6377172.426293615,7780000.0,253750000.0
2863.0,1.0,46503.109600727796,16.987520000000014,0.0,0.0,0.0,1006084.5210898916,100000.0,3611941.412180157,5696960.307901648,6377172.426293615,7780000.0,253750000.0
2864.0,1.0,46520.0971207278,16.987520000000014,0.0,0.0,0.0,1006084.5210898916,100000.0,3611941.412180157,5696960.307901648,6377172.426293615,7780000.0,253750000.0
2865.0,1.0,46537.0846407278,16.987520000000014,0.0,0.0,0.0,1006084.5210898916,100000.0,3611941.412180157,5696960.307901648,6377172.426293615,7780000.0,253750000.0
2866.0,1.0,46554.0721607278,16.987520000000014,0.0,0.0,0.0,1006084.5210898916,100000.0,3611941.412180157,5696960.307901648,6377172.426293615,7780000.0,253750000.0
2867.0,1.0,46571.059680727805,16.987520000000014,0.0,0.0,0.0,1006084.5210898916,100000.0,3611941.412180157,5696960.307901648,6377172.426293615,7780000.0,253750000.0
2868.0,1.0,46588.04720072781,16.987520000000014,0.0,0.0,0.0,1006084.5210898916,100000.0,3611941.412180157,5696960.307901648,6377172.426293615,7780000.0,253750000.0
2869.0,1.0,46605.03472072781,16.987520000000014,0.0,0.0,0.0,1006084.5210898916,100000.0,3611941.412180157,5696960.307901648,6377172.426293615,7780000.0,253750000.0
2870.0,1.0,46622.02224072781,16.987520000000014,0.0,0.0,0.0,1006084.5210898916,100000.0,3611941.412180157,5696960.307901648,6377172.426293615,7780000.0,253750000.0
2871.0,1.0,46639.009760727815,16.987520000000014,0.0,0.0,0.0,1006084.5210898916,100000.0,3611941.412180157,5696960.307901648,6377172.426293615,7780000.0,253750000.0
2872.0,1.0,46655.99728072782,16.987520000000014,0.0,0.0,0.0,1006084.5210898916,100000.0,3611941.412180157,5696960.307901648,6377172.426293615,7780000.0,253750000.0
2873.0,1.0,46672.98480072782,16.987520000000014,0.0,0.0,0.0,1006084.5210898916,100000.0,3611941.412180157,5696960.307901648,6377172.426293615,7780000.0,253750000.0
2874.0,1.0,46689.97232072782,16.987520000000014,0.0,0.0,0.0,1006084.5210898916,100000.0,3611941.412180157,5696960.307901648,6377172.426293615,7780000.0,253750000.0
2875.0,1.0,46706.959840727824,16.987520000000014,0.0,0.0,0.0,1006084.5210898916,100000.0,3611941.412180157,5696960.307901648,6377172.426293615,7780000.0,253750000.0
2876.0,1.0,46723.94736072783,16.987520000000014,0.0,0.0,0.0,1006084.5210898916,100000.0,3611941.412180157,5696960.307901648,6377172.426293615,7780000.0,253750000.0
2877.0,1.0,46740.93488072783,16.987520000000014,0.0,0.0,0.0,1006084.5210898916,100000.0,3611941.412180157,5696960.307901648,6377172.426293615,7780000.0,253750000.0
2878.0,1.0,46757.92240072783,16.987520000000014,0.0,0.0,0.0,1006084.5210898916,100000.0,3611941.412180157,5696960.307901648,6377172.426293615,7780000.0,253750000.0
2879.0,1.0,46774.909920727834,16.987520000000014,0.0,0.0,0.0,1006084.5210898916,100000.0,3611941.412180157,5696960.307901648,6377172.426293615,7780000.0,253750000.0
2880.0,1.0,46791.89744072784,16.987520000000014,0.0,0.0,0.0,1006084.5210898916,100000.0,3611941.412180157,5696960.307901648,6377172.426293615,7780000.0,253750000.0
2881.0,1.0,46808.88496072784,16.987520000000014,0.0,0.0,0.0,1006084.5210898916,100000.0,3611941.412180157,5696960.307901648,6377172.426293615,7780000.0,253750000.0
2882.0,1.0,46825.87248072784,16.987520000000014,0.0,0.0,0.0,1006084.5210898916,100000.0,3611941.412180157,5696960.307901648,6377172.426293615,7780000.0,253750000.0
2883.0,1.0,46842.860000727844,16.987520000000014,0.0,0.0,0.0,1006084.5210898916,100000.0,3611941.412180157,5696960.307901648,6377172.426293615,7780000.0,253750000.0
2884.0,1.0,46859.847520727846,16.987520000000014,0.0,0.0,0.0,1006084.5210898916,100000.0,3611941.412180157,5696960.307901648,6377172.426293615,7780000.0,253750000.0
2885.0,1.0,46876.83504072785,16.987520000000014,0.0,0.0,0.0,1006084.5210898916,100000.0,3611941.412180157,5696960.307901648,6377172.426293615,7780000.0,253750000.0
2886.0,1.0,46893.82256072785,16.987520000000014,0.0,0.0,0.0,1006084.5210898916,100000.0,3611941.412180157,5696960.307901648,6377172.426293615,7780000.0,253750000.0
2887.0,1.0,46910.81008072785,16.987520000000014,0.0,0.0,0.0,1006084.5210898916,100000.0,3611941.412180157,5696960.307901648,6377172.426293615,7780000.0,253750000.0
2888.0,1.0,46927.797600727856,16.987520000000014,0.0,0.0,0.0,1006084.5210898916,100000.0,3611941.412180157,5696960.307901648,6377172.426293615,7780000.0,253750000.0
2889.0,1.0,46944.78512072786,16.987520000000014,0.0,0.0,0.0,1006084.5210898916,100000.0,3611941.412180157,5696960.307901648,6377172.426293615,7780000.0,253750000.0
2890.0,1.0,46961.77264072786,16.987520000000014,0.0,0.0,0.0,1006084.5210898916,100000.0,3611941.412180157,5696960.307901648,6377172.426293615,7780000.0,253750000.0
2891.0,1.0,46978.76016072786,16.987520000000014,0.0,0.0,0.0,1006084.5210898916,100000.0,3611941.412180157,5696960.307901648,6377172.426293615,7780000.0,253750000.0
2892.0,1.0,46995.747680727865,16.987520000000014,0.0,0.0,0.0,1006084.5210898916,100000.0,3611941.412180157,5696960.307901648,6377172.426293615,7780000.0,253750000.0
2893.0,1.0,47012.73520072787,16.987520000000014,0.0,0.0,0.0,1006084.5210898916,100000.0,3611941.412180157,5696960.307901648,6377172.426293615,7780000.0,253750000.0
2894.0,1.0,47029.72272072787,16.987520000000014,0.0,0.0,0.0,1006084.5210898916,100000.0,3611941.412180157,5696960.307901648,6377172.426293615,7780000.0,253750000.0
2895.0,1.0,47046.71024072787,16.987520000000014,0.0,0.0,0.0,1006084.5210898916,100000.0,3611941.412180157,5696960.307901648,6377172.426293615,7780000.0,253750000.0
2896.0,1.0,47063.697760727875,16.987520000000014,0.0,0.0,0.0,1006084.5210898916,100000.0,3611941.412180157,5696960.307901648,6377172.426293615,7780000.0,253750000.0
2897.0,1.0,47080.68528072788,16.987520000000014,0.0,0.0,0.0,1006084.5210898916,100000.0,3611941.412180157,5696960.307901648,6377172.426293615,7780000.0,253750000.0
2898.0,1.0,47097.67280072788,16.987520000000014,0.0,0.0,0.0,1006084.5210898916,100000.0,3611941.412180157,5696960.307901648,6377172.426293615,7780000.0,253750000.0
2899.0,1.0,47114.66032072788,16.987520000000014,0.0,0.0,0.0,1006084.5210898916,100000.0,3611941.412180157,5696960.307901648,6377172.426293615,7780000.0,253750000.0
2900.0,1.0,47131.647840727885,16.987520000000014,0.0,0.0,0.0,1006084.5210898916,100000.0,3611941.412180157,5696960.307901648,6377172.426293615,7780000.0,253750000.0
2901.0,1.0,47148.63536072789,16.987520000000014,0.0,0.0,0.0,1006084.5210898916,100000.0,3611941.412180157,5696960.307901648,6377172.426293615,7780000.0,253750000.0
2902.0,1.0,47165.62288072789,16.987520000000014,0.0,0.0,0.0,1006084.5210898916,100000.0,3611941.412180157,5696960.307901648,6377172.426293615,7780000.0,253750000.0
2903.0,1.0,47182.61040072789,16.987520000000014,0.0,0.0,0.0,1006084.5210898916,100000.0,3611941.412180157,5696960.307901648,6377172.426293615,7780000.0,253750000.0
2904.0,1.0,47199.597920727894,16.987520000000014,0.0,0.0,0.0,1006084.5210898916,100000.0,3611941.412180157,5696960.307901648,6377172.426293615,7780000.0,253750000.0
2905.0,1.0,47216.5854407279,16.987520000000014,0.0,0.0,0.0,1006084.5210898916,100000.0,3611941.412180157,5696960.307901648,6377172.426293615,7780000.0,253750000.0
2906.0,1.0,47233.5729607279,16.987520000000014,0.0,0.0,0.0,1006084.5210898916,100000.0,3611941.412180157,5696960.307901648,6377172.426293615,7780000.0,253750000.0
2907.0,1.0,47250.5604807279,16.987520000000014,0.0,0.0,0.0,1006084.5210898916,100000.0,3611941.412180157,5696960.307901648,6377172.426293615,7780000.0,253750000.0
2908.0,1.0,47267.548000727904,16.987520000000014,0.0,0.0,0.0,1006084.5210898916,100000.0,3611941.412180157,5696960.307901648,6377172.426293615,7780000.0,253750000.0
2909.0,1.0,47284.535520727906,16.987520000000014,0.0,0.0,0.0,1006084.5210898916,100000.0,3611941.412180157,5696960.307901648,6377172.426293615,7780000.0,253750000.0
2910.0,1.0,47301.52304072791,16.987520000000014,0.0,0.0,0.0,1006084.5210898916,100000.0,3611941.412180157,5696960.307901648,6377172.426293615,7780000.0,253750000.0
2911.0,1.0,47318.51056072791,16.987520000000014,0.0,0.0,0.0,1006084.5210898916,100000.0,3611941.412180157,5696960.307901648,6377172.426293615,7780000.0,253750000.0
2912.0,1.0,47335.49808072791,16.987520000000014,0.0,0.0,0.0,1006084.5210898916,100000.0,3611941.412180157,5696960.307901648,6377172.426293615,7780000.0,253750000.0
2913.0,1.0,47352.485600727916,16.987520000000014,0.0,0.0,0.0,1006084.5210898916,100000.0,3611941.412180157,5696960.307901648,6377172.426293615,7780000.0,253750000.0
2914.0,1.0,47369.47312072792,16.987520000000014,0.0,0.0,0.0,1006084.5210898916,100000.0,3611941.412180157,5696960.307901648,6377172.426293615,7780000.0,253750000.0
2915.0,1.0,47386.46064072792,16.987520000000014,0.0,0.0,0.0,1006084.5210898916,100000.0,3611941.412180157,5696960.307901648,6377172.426293615,7780000.0,253750000.0
2916.0,1.0,47403.44816072792,16.987520000000014,0.0,0.0,0.0,1006084.5210898916,100000.0,3611941.412180157,5696960.307901648,6377172.426293615,7780000.0,253750000.0
2917.0,1.0,47420.435680727926,16.987520000000014,0.0,0.0,0.0,1006084.5210898916,100000.0,3611941.412180157,5696960.307901648,6377172.426293615,7780000.0,253750000.0
2918.0,1.0,47437.42320072793,16.987520000000014,0.0,0.0,0.0,1006084.5210898916,100000.0,3611941.412180157,5696960.307901648,6377172.426293615,7780000.0,253750000.0
2919.0,1.0,47454.41072072793,16.987520000000014,0.0,0.0,0.0,1006084.5210898916,100000.0,3611941.412180157,5696960.307901648,6377172.426293615,7780000.0,253750000.0
2920.0,1.0,47471.39824072793,16.987520000000014,0.0,0.0,0.0,1006084.5210898916,100000.0,3611941.412180157,5696960.307901648,6377172.426293615,7780000.0,253750000.0
2921.0,1.0,47488.385760727935,16.987520000000014,0.0,0.0,0.0,1006084.5210898916,100000.0,3611941.412180157,5696960.307901648,6377172.426293615,7780000.0,253750000.0
2922.0,1.0,47505.37328072794,16.987520000000014,0.0,0.0,0.0,1006084.5210898916,100000.0,3611941.412180157,5696960.307901648,6377172.426293615,7780000.0,253750000.0
2923.0,1.0,47522.36080072794,16.987520000000014,0.0,0.0,0.0,1006084.5210898916,100000.0,3611941.412180157,5696960.307901648,6377172.426293615,7780000.0,253750000.0
2924.0,1.0,47539.34832072794,16.987520000000014,0.0,0.0,0.0,1006084.5210898916,100000.0,3611941.412180157,5696960.307901648,6377172.426293615,7780000.0,253750000.0
2925.0,1.0,47556.335840727945,16.987520000000014,0.0,0.0,0.0,1006084.5210898916,100000.0,3611941.412180157,5696960.307901648,6377172.426293615,7780000.0,253750000.0
2926.0,1.0,47573.32336072795,16.987520000000014,0.0,0.0,0.0,1006084.5210898916,100000.0,3611941.412180157,5696960.307901648,6377172.426293615,7780000.0,253750000.0
2927.0,1.0,47590.31088072795,16.987520000000014,0.0,0.0,0.0,1006084.5210898916,100000.0,3611941.412180157,5696960.307901648,6377172.426293615,7780000.0,253750000.0
2928.0,1.0,47607.29840072795,16.987520000000014,0.0,0.0,0.0,1006084.5210898916,100000.0,3611941.412180157,5696960.307901648,6377172.426293615,7780000.0,253750000.0
2929.0,1.0,47624.285920727954,16.987520000000014,0.0,0.0,0.0,1006084.5210898916,100000.0,3611941.412180157,5696960.307901648,6377172.426293615,7780000.0,253750000.0
2930.0,1.0,47641.27344072796,16.987520000000014,0.0,0.0,0.0,1006084.5210898916,100000.0,3611941.412180157,5696960.307901648,6377172.426293615,7780000.0,253750000.0
2931.0,1.0,47658.26096072796,16.987520000000014,0.0,0.0,0.0,1006084.5210898916,100000.0,3611941.412180157,5696960.307901648,6377172.426293615,7780000.0,253750000.0
2932.0,1.0,47675.24848072796,16.987520000000014,0.0,0.0,0.0,1006084.5210898916,100000.0,3611941.412180157,5696960.307901648,6377172.426293615,7780000.0,253750000.0
2933.0,1.0,47692.236000727964,16.987520000000014,0.0,0.0,0.0,1006084.5210898916,100000.0,3611941.412180157,5696960.307901648,6377172.426293615,7780000.0,253750000.0
2934.0,1.0,47709.22352072797,16.987520000000014,0.0,0.0,0.0,1006084.5210898916,100000.0,3611941.412180157,5696960.307901648,6377172.426293615,7780000.0,253750000.0
2935.0,1.0,47726.21104072797,16.987520000000014,0.0,0.0,0.0,1006084.5210898916,100000.0,3611941.412180157,5696960.307901648,6377172.426293615,7780000.0,253750000.0
2936.0,1.0,47743.19856072797,16.987520000000014,0.0,0.0,0.0,1006084.5210898916,100000.0,3611941.412180157,5696960.307901648,6377172.426293615,7780000.0,253750000.0
2937.0,1.0,47760.18608072797,16.987520000000014,0.0,0.0,0.0,1006084.5210898916,100000.0,3611941.412180157,5696960.307901648,6377172.426293615,7780000.0,253750000.0
2938.0,1.0,47777.173600727976,16.987520000000014,0.0,0.0,0.0,1006084.5210898916,100000.0,3611941.412180157,5696960.307901648,6377172.426293615,7780000.0,253750000.0
2939.0,1.0,47794.16112072798,16.987520000000014,0.0,0.0,0.0,1006084.5210898916,100000.0,3611941.412180157,5696960.307901648,6377172.426293615,7780000.0,253750000.0
2940.0,1.0,47811.14864072798,16.987520000000014,0.0,0.0,0.0,1006084.5210898916,100000.0,3611941.412180157,5696960.307901648,6377172.426293615,7780000.0,253750000.0
2941.0,1.0,47828.13616072798,16.987520000000014,0.0,0.0,0.0,1006084.5210898916,100000.0,3611941.412180157,5696960.307901648,6377172.426293615,7780000.0,253750000.0
2942.0,1.0,47845.123680727986,16.987520000000014,0.0,0.0,0.0,1006084.5210898916,100000.0,3611941.412180157,5696960.307901648,6377172.426293615,7780000.0,253750000.0
2943.0,1.0,47862.11120072799,16.987520000000014,0.0,0.0,0.0,1006084.5210898916,100000.0,3611941.412180157,5696960.307901648,6377172.426293615,7780000.0,253750000.0
2944.0,1.0,47879.09872072799,16.987520000000014,0.0,0.0,0.0,1006084.5210898916,100000.0,3611941.412180157,5696960.307901648,6377172.426293615,7780000.0,253750000.0
2945.0,1.0,47896.08624072799,16.987520000000014,0.0,0.0,0.0,1006084.5210898916,100000.0,3611941.412180157,5696960.307901648,6377172.426293615,7780000.0,253750000.0
2946.0,1.0,47913.073760727995,16.987520000000014,0.0,0.0,0.0,1006084.5210898916,100000.0,3611941.412180157,5696960.307901648,6377172.426293615,7780000.0,253750000.0
2947.0,1.0,47930.061280728,16.987520000000014,0.0,0.0,0.0,1006084.5210898916,100000.0,3611941.412180157,5696960.307901648,6377172.426293615,7780000.0,253750000.0
2948.0,1.0,47947.048800728,16.987520000000014,0.0,0.0,0.0,1006084.5210898916,100000.0,3611941.412180157,5696960.307901648,6377172.426293615,7780000.0,253750000.0
2949.0,1.0,47964.036320728,16.987520000000014,0.0,0.0,0.0,1006084.5210898916,100000.0,3611941.412180157,5696960.307901648,6377172.426293615,7780000.0,253750000.0
2950.0,1.0,47981.023840728005,16.987520000000014,0.0,0.0,0.0,1006084.5210898916,100000.0,3611941.412180157,5696960.307901648,6377172.426293615,7780000.0,253750000.0
2951.0,1.0,47998.01136072801,16.987520000000014,0.0,0.0,0.0,1006084.5210898916,100000.0,3611941.412180157,5696960.307901648,6377172.426293615,7780000.0,253750000.0
2952.0,1.0,48014.99888072801,16.987520000000014,0.0,0.0,0.0,1006084.5210898916,100000.0,3611941.412180157,5696960.307901648,6377172.426293615,7780000.0,253750000.0
2953.0,1.0,48031.98640072801,16.987520000000014,0.0,0.0,0.0,1006084.5210898916,100000.0,3611941.412180157,5696960.307901648,6377172.426293615,7780000.0,253750000.0
2954.0,1.0,48048.973920728014,16.987520000000014,0.0,0.0,0.0,1006084.5210898916,100000.0,3611941.412180157,5696960.307901648,6377172.426293615,7780000.0,253750000.0
2955.0,1.0,48065.96144072802,16.987520000000014,0.0,0.0,0.0,1006084.5210898916,100000.0,3611941.412180157,5696960.307901648,6377172.426293615,7780000.0,253750000.0
2956.0,1.0,48082.94896072802,16.987520000000014,0.0,0.0,0.0,1006084.5210898916,100000.0,3611941.412180157,5696960.307901648,6377172.426293615,7780000.0,253750000.0
2957.0,1.0,48099.93648072802,16.987520000000014,0.0,0.0,0.0,1006084.5210898916,100000.0,3611941.412180157,5696960.307901648,6377172.426293615,7780000.0,253750000.0
2958.0,1.0,48116.924000728024,16.987520000000014,0.0,0.0,0.0,1006084.5210898916,100000.0,3611941.412180157,5696960.307901648,6377172.426293615,7780000.0,253750000.0
2959.0,1.0,48133.91152072803,16.987520000000014,0.0,0.0,0.0,1006084.5210898916,100000.0,3611941.412180157,5696960.307901648,6377172.426293615,7780000.0,253750000.0
2960.0,1.0,48150.89904072803,16.987520000000014,0.0,0.0,0.0,1006084.5210898916,100000.0,3611941.412180157,5696960.307901648,6377172.426293615,7780000.0,253750000.0
2961.0,1.0,48167.88656072803,16.987520000000014,0.0,0.0,0.0,1006084.5210898916,100000.0,3611941.412180157,5696960.307901648,6377172.426293615,7780000.0,253750000.0
2962.0,1.0,48184.874080728034,16.987520000000014,0.0,0.0,0.0,1006084.5210898916,100000.0,3611941.412180157,5696960.307901648,6377172.426293615,7780000.0,253750000.0
2963.0,1.0,48201.861600728036,16.987520000000014,0.0,0.0,0.0,1006084.5210898916,100000.0,3611941.412180157,5696960.307901648,6377172.426293615,7780000.0,253750000.0
2964.0,1.0,48218.84912072804,16.987520000000014,0.0,0.0,0.0,1006084.5210898916,100000.0,3611941.412180157,5696960.307901648,6377172.426293615,7780000.0,253750000.0
2965.0,1.0,48235.83664072804,16.987520000000014,0.0,0.0,0.0,1006084.5210898916,100000.0,3611941.412180157,5696960.307901648,6377172.426293615,7780000.0,253750000.0
2966.0,1.0,48252.82416072804,16.987520000000014,0.0,0.0,0.0,1006084.5210898916,100000.0,3611941.412180157,5696960.307901648,6377172.426293615,7780000.0,253750000.0
2967.0,1.0,48269.811680728046,16.987520000000014,0.0,0.0,0.0,1006084.5210898916,100000.0,3611941.412180157,5696960.307901648,6377172.426293615,7780000.0,253750000.0
2968.0,1.0,48286.79920072805,16.987520000000014,0.0,0.0,0.0,1006084.5210898916,100000.0,3611941.412180157,5696960.307901648,6377172.426293615,7780000.0,253750000.0
2969.0,1.0,48303.78672072805,16.987520000000014,0.0,0.0,0.0,1006084.5210898916,100000.0,3611941.412180157,5696960.307901648,6377172.426293615,7780000.0,253750000.0
2970.0,1.0,48320.77424072805,16.987520000000014,0.0,0.0,0.0,1006084.5210898916,100000.0,3611941.412180157,5696960.307901648,6377172.426293615,7780000.0,253750000.0
2971.0,1.0,48337.761760728055,16.987520000000014,0.0,0.0,0.0,1006084.5210898916,100000.0,3611941.412180157,5696960.307901648,6377172.426293615,7780000.0,253750000.0
2972.0,1.0,48354.74928072806,16.987520000000014,0.0,0.0,0.0,1006084.5210898916,100000.0,3611941.412180157,5696960.307901648,6377172.426293615,7780000.0,253750000.0
2973.0,1.0,48371.73680072806,16.987520000000014,0.0,0.0,0.0,1006084.5210898916,100000.0,3611941.412180157,5696960.307901648,6377172.426293615,7780000.0,253750000.0
2974.0,1.0,48388.72432072806,16.987520000000014,0.0,0.0,0.0,1006084.5210898916,100000.0,3611941.412180157,5696960.307901648,6377172.426293615,7780000.0,253750000.0
2975.0,1.0,48405.711840728065,16.987520000000014,0.0,0.0,0.0,1006084.5210898916,100000.0,3611941.412180157,5696960.307901648,6377172.426293615,7780000.0,253750000.0
2976.0,1.0,48422.69936072807,16.987520000000014,0.0,0.0,0.0,1006084.5210898916,100000.0,3611941.412180157,5696960.307901648,6377172.426293615,7780000.0,253750000.0
2977.0,1.0,48439.68688072807,16.987520000000014,0.0,0.0,0.0,1006084.5210898916,100000.0,3611941.412180157,5696960.307901648,6377172.426293615,7780000.0,253750000.0
2978.0,1.0,48456.67440072807,16.987520000000014,0.0,0.0,0.0,1006084.5210898916,100000.0,3611941.412180157,5696960.307901648,6377172.426293615,7780000.0,253750000.0
2979.0,1.0,48473.661920728075,16.987520000000014,0.0,0.0,0.0,1006084.5210898916,100000.0,3611941.412180157,5696960.307901648,6377172.426293615,7780000.0,253750000.0
2980.0,1.0,48490.64944072808,16.987520000000014,0.0,0.0,0.0,1006084.5210898916,100000.0,3611941.412180157,5696960.307901648,6377172.426293615,7780000.0,253750000.0
2981.0,1.0,48507.63696072808,16.987520000000014,0.0,0.0,0.0,1006084.5210898916,100000.0,3611941.412180157,5696960.307901648,6377172.426293615,7780000.0,253750000.0
2982.0,1.0,48524.62448072808,16.987520000000014,0.0,0.0,0.0,1006084.5210898916,100000.0,3611941.412180157,5696960.307901648,6377172.426293615,7780000.0,253750000.0
2983.0,1.0,48541.612000728084,16.987520000000014,0.0,0.0,0.0,1006084.5210898916,100000.0,3611941.412180157,5696960.307901648,6377172.426293615,7780000.0,253750000.0
2984.0,1.0,48558.59952072809,16.987520000000014,0.0,0.0,0.0,1006084.5210898916,100000.0,3611941.412180157,5696960.307901648,6377172.426293615,7780000.0,253750000.0
2985.0,1.0,48575.58704072809,16.987520000000014,0.0,0.0,0.0,1006084.5210898916,100000.0,3611941.412180157,5696960.307901648,6377172.426293615,7780000.0,253750000.0
2986.0,1.0,48592.57456072809,16.987520000000014,0.0,0.0,0.0,1006084.5210898916,100000.0,3611941.412180157,5696960.307901648,6377172.426293615,7780000.0,253750000.0
2987.0,1.0,48609.562080728094,16.987520000000014,0.0,0.0,0.0,1006084.5210898916,100000.0,3611941.412180157,5696960.307901648,6377172.426293615,7780000.0,253750000.0
2988.0,1.0,48626.549600728096,16.987520000000014,0.0,0.0,0.0,1006084.5210898916,100000.0,3611941.412180157,5696960.307901648,6377172.426293615,7780000.0,253750000.0
2989.0,1.0,48643.5371207281,16.987520000000014,0.0,0.0,0.0,1006084.5210898916,100000.0,3611941.412180157,5696960.307901648,6377172.426293615,7780000.0,253750000.0
2990.0,1.0,48660.5246407281,16.987520000000014,0.0,0.0,0.0,1006084.5210898916,100000.0,3611941.412180157,5696960.307901648,6377172.426293615,7780000.0,253750000.0
2991.0,1.0,48677.5121607281,16.987520000000014,0.0,3037.6052229440934,275.8247069104357,1006084.5210898916,100000.0,3611941.412180157,5696960.307901648,6377172.426293615,7780000.0,253750000.0
2992.0,1.0,48694.499680728106,16.987520000000014,0.0,7157.5940191256195,556.4537370988767,1006084.5210898916,100000.0,3611941.412180157,5696960.307901648,6377172.426293615,7780000.0,253750000.0
2993.0,1.0,48711.48720072811,16.987520000000014,0.0,12638.26240278003,716.9366006680973,1006084.5210898916,100000.0,3611941.412180157,5696960.307901648,6377172.426293615,7780000.0,253750000.0
2994.0,1.0,48728.47472072811,16.987520000000014,0.0,18387.083978847273,772.6744182875551,1006084.5210898916,100000.0,3611941.412180157,5696960.307901648,6377172.426293615,7780000.0,253750000.0
2995.0,1.0,48745.46224072811,16.987520000000014,0.0,24135.905554914523,791.6735207293418,1006084.5210898916,100000.0,3611941.412180157,5696960.307901648,6377172.426293615,7780000.0,253750000.0
2996.0,1.0,48762.449760728116,16.987520000000014,0.0,29884.72713098179,798.7397731484109,1006084.5210898916,100000.0,3611941.412180157,5696960.307901648,6377172.426293615,7780000.0,253750000.0
2997.0,1.0,48779.43728072812,16.987520000000014,0.0,35633.548707049034,799.8542923366324,1006084.5210898916,100000.0,3611941.412180157,5696960.307901648,6377172.426293615,7780000.0,253750000.0
2998.0,1.0,48796.42480072812,16.987520000000014,0.0,41382.370283116295,799.8542923366324,1006084.5210898916,100000.0,3611941.412180157,5696960.307901648,6377172.426293615,7780000.0,253750000.0
2999.0,1.0,48813.412292402754,16.98746334926227,0.0,47131.19185918354,799.8542923366324,1006084.5210898916,100000.0,3611941.412180157,5696960.307901648,6377172.426293615,7780000.0,253750000.0
3000.0,1.0,48830.3997146796,16.987381204441952,0.0,52880.0038495379,799.8542923366324,1006084.5210898916,100000.0,3611917.3216943764,5696941.309424864,6377172.426293615,7780000.0,253750000.0
3001.0,1.0,48847.3870446739,16.98727878415107,0.0,58628.79235468158,799.8542923366324,1006084.5210898916,100000.0,3611882.3901008917,5696913.761214128,6377172.426293615,7780000.0,253750000.0
3002.0,1.0,48864.37425981243,16.987151492901663,0.0,64377.549630080684,799.8542923366324,1006084.5210898916,100000.0,3611838.8367214287,5696879.413391027,6377172.426293615,7780000.0,253750000.0
3003.0,1.0,48881.36133245789,16.986993798027516,0.0,70126.26803663162,799.8542923366324,1006084.5210898916,100000.0,3611784.7075390597,5696836.724805794,6377172.426293615,7780000.0,253750000.0
3004.0,1.0,48898.34822888869,16.986799063572352,0.0,75874.93822147524,799.8542923366324,1006084.5210898916,100000.0,3611717.6501172814,5696783.840015149,6377172.426293615,7780000.0,253750000.0
3005.0,1.0,48915.334908100645,16.986559360349,0.0,81623.5487727371,799.8542923366324,1006084.5210898916,100000.0,3611634.843018416,5696718.533574794,6377172.426293615,7780000.0,253750000.0
3006.0,1.0,48932.32132040579,16.986265249943052,0.0,87372.08581401328,799.8542923366324,1006084.5210898916,100000.0,3611532.9151152186,5696638.14634057,6377172.426293615,7780000.0,253750000.0
3007.0,1.0,48949.307405801,16.9859055404791,0.0,93120.53253017763,799.8542923366324,1006084.5210898916,100000.0,3611407.853860177,5696539.5130316,6377172.426293615,7780000.0,253750000.0
3008.0,1.0,48966.293092077285,16.985467012080715,0.0,98868.86861530975,799.8542923366324,1006084.5210898916,100000.0,3611254.9016002924,5696418.8803236745,6377172.426293615,7780000.0,253750000.0
3009.0,1.0,48983.2782926384,16.98493411015009,0.0,104617.06963284434,799.8542923366324,1006084.5210898916,100000.0,3611068.4390791347,5696271.814779118,6377172.426293615,7780000.0,253750000.0
3010.0,1.0,49000.26290399592,16.98428860488441,0.0,110365.10627736736,799.8542923366324,1006084.5210898916,100000.0,3610841.8553585648,5696093.099984563,6377172.426293615,7780000.0,253750000.0
3011.0,1.0,49017.24680290629,16.98350921584823,0.0,116112.94352690148,799.8542923366324,1006084.5210898916,100000.0,3610567.403526701,5695876.62236587,6377172.426293615,7780000.0,253750000.0
3012.0,1.0,49034.229843114685,16.982571200948783,0.0,121860.53967405218,799.8542923366324,1006084.5210898916,100000.0,3610236.0417431444,5695615.245284134,6377172.426293615,7780000.0,253750000.0
3013.0,1.0,49051.21185167007,16.981445909829045,0.0,127607.84522408173,799.8542923366324,1006084.5210898916,100000.0,3609837.2594142263,5695300.671193838,6377172.426293615,7780000.0,253750000.0
3014.0,1.0,49068.192624776246,16.980100302513833,0.0,133354.8016478655,799.8542923366324,1006084.5210898916,100000.0,3609358.8885971587,5694923.291868076,6377172.426293615,7780000.0,253750000.0
3015.0,1.0,49085.17192314507,16.978496435128978,0.0,139101.3399778313,799.8542923366324,1006084.5210898916,100000.0,3608786.9011086673,5694472.026970976,6377172.426293615,7780000.0,253750000.0
3016.0,1.0,49102.14946682047,16.97659091567008,0.0,144847.37923542535,799.8542923366324,1006084.5210898916,100000.0,3608105.1922670333,5693934.151587714,6377172.426293615,7780000.0,253750000.0
3017.0,1.0,49119.12492944537,16.974334334130443,0.0,150592.82467947743,799.8542923366324,1006084.5210898916,100000.0,3607295.352730654,5693295.113710304,6377172.426293615,7780000.0,253750000.0
3018.0,1.0,49136.09793194883,16.971670672806326,0.0,156337.56586604976,799.8542923366324,1006084.5210898916,100000.0,3606336.430514301,5692538.343124435,6377172.426293615,7780000.0,253750000.0
3019.0,1.0,49153.06803563737,16.968536704274502,0.0,162081.47451207662,800.461929954653,1006084.5210898916,100000.0,3605204.685966626,5691645.053648562,6377172.426293615,7780000.0,253750000.0
3020.0,1.0,49170.03473468269,16.964861386367286,0.0,167824.40215735702,803.2676366805708,1006084.5210898916,100000.0,3603873.3432766143,5690594.041238745,6377172.426293615,7780000.0,253750000.0
3021.0,1.0,49186.99744800594,16.960565260126124,0.0,173566.17762230744,804.0990579862271,1006084.5210898916,100000.0,3602312.3429362522,5689361.481086566,6377172.426293615,7780000.0,253750000.0
3022.0,1.0,49203.95551052483,16.955559777658156,0.0,179306.6042614712,805.3714756742921,1006084.5210898916,100000.0,3600488.098259156,5687920.72571594,6377172.426293615,7780000.0,253750000.0
3023.0,1.0,49220.90816393263,16.94974703795264,0.0,185045.45700141668,805.9182432646264,1006084.5210898916,100000.0,3598363.2256054482,5686242.079572069,6377172.426293615,7780000.0,253750000.0
3024.0,1.0,49237.854546978284,16.943019053357663,0.0,190782.47922021933,805.9182432646264,1006084.5210898916,100000.0,3595896.4520187513,5684292.710424455,6377172.426293615,7780000.0,253750000.0
3025.0,1.0,49254.79368521256,16.935257415193334,0.0,196517.3794581074,805.9182432646264,1006084.5210898916,100000.0,3593042.328673699,5682036.403371409,6377172.426293615,7780000.0,253750000.0
3026.0,1.0,49271.724480409765,16.926332979222202,0.0,202249.82794741952,805.9182432646264,1006084.5210898916,100000.0,3589751.119873143,5679433.448699599,6377172.426293615,7780000.0,253750000.0
3027.0,1.0,49288.6456997341,16.916105669448218,0.0,207979.45303275686,805.9182432646264,1006084.5210898916,100000.0,3585968.7075910983,5676440.536402928,6377172.426293615,7780000.0,253750000.0
3028.0,1.0,49305.555964780986,16.904424424324194,0.0,213705.83750471624,805.9182432646264,1006084.5210898916,100000.0,3581636.5544966203,5673010.690384261,6377172.426293615,7780000.0,253750000.0
3029.0,1.0,49322.45374064819,16.891127310088944,0.0,219428.51489132317,805.9182432646264,1006084.5210898916,100000.0,3576691.7368227304,5669093.250415483,6377172.426293615,7780000.0,253750000.0
3030.0,1.0,49339.337325216205,16.876041825941055,0.0,225146.96575954405,805.9182432646264,1006084.5210898916,100000.0,3571067.058683841,5664633.910146399,6377172.426293615,7780000.0,253750000.0
3031.0,1.0,49356.20483884165,16.858985424945487,0.0,230860.61408760774,805.9182432646264,1006084.5210898916,100000.0,3564691.2593344003,5659574.819448288,6377172.426293615,7780000.0,253750000.0
3032.0,1.0,49373.054214690535,16.83976627282653,0.0,236568.82377710682,805.9182432646264,1006084.5210898916,100000.0,3557489.3243224267,5653854.759105906,6377172.426293615,7780000.0,253750000.0
3033.0,1.0,49389.88318943665,16.818183219413243,0.0,242270.8953816328,805.9182432646264,1006084.5210898916,100000.0,3549382.9104488567,5647409.395287454,6377172.426293615,7780000.0,253750000.0
3034.0,1.0,49406.68929567685,16.79402926098015,0.0,247966.06295898097,807.8476802857956,1006084.5210898916,100000.0,3540290.4530487224,5640171.269968466,6377172.426293615,7780000.0,253750000.0
3035.0,1.0,49423.46985644115,16.7670922676294,0.0,253653.49150436695,810.8872711809065,1006084.5210898916,100000.0,3530128.7581800534,5632070.962067605,6377172.426293615,7780000.0,253750000.0
3036.0,1.0,49440.22198061553,16.73715608113654,0.0,259332.27509257244,813.2572010333153,1006084.5210898916,100000.0,3518813.451749865,5623037.331382642,6377172.426293615,7780000.0,253750000.0
3037.0,1.0,49456.94255988171,16.704002451216564,0.0,265001.4353289476,813.5257453379246,1006084.5210898916,100000.0,3506259.5972752627,5612997.886765666,6377172.426293615,7780000.0,253750000.0
3038.0,1.0,49473.62826708611,16.66741195758651,0.0,270659.9203137912,813.845208631093,1006084.5210898916,100000.0,3492382.675662187,5601879.435472189,6377172.426293615,7780000.0,253750000.0
3039.0,1.0,49490.27556012042,16.627174111033835,0.0,276306.60409038636,817.6533384655736,1006084.5210898916,100000.0,3477099.1476373943,5589608.392385444,6377172.426293615,7780000.0,253750000.0
3040.0,1.0,49506.88068751019,16.583080668500976,0.0,281940.2879582335,829.2909112867229,1006084.5210898916,100000.0,3460330.845712651,5576114.167525899,6377172.426293615,7780000.0,253750000.0
3041.0,1.0,49523.43969341305,16.534931137224845,0.0,287559.70236431685,862.9340462884996,1006084.5210898916,100000.0,3442002.344628417,5561326.92418794,6377172.426293615,7780000.0,253750000.0
3042.0,1.0,49539.94843113195,16.48254430057602,0.0,293163.5085945719,1001.3307858144096,1006084.5210898916,100000.0,3422043.4238001285,5545179.4248163905,6377172.426293615,7780000.0,253750000.0
3043.0,1.0,49556.402575309185,16.425744053899926,0.0,298135.81216206786,1251.6822659788572,1006084.5210898916,100000.0,3400393.978513215,5527610.896329308,6377172.426293615,7780000.0,253750000.0
3044.0,1.0,49572.79763961269,16.364384553116512,0.0,302219.24647023424,133557.93471586777,1006084.5210898916,100000.0,3376998.2673535803,5508562.280004339,6377172.426293615,7780000.0,253750000.0
3045.0,1.0,49589.1289986714,16.29833356428997,0.0,306288.0188925727,159125.35584255564,1006084.5210898916,100000.0,3351815.371310607,5487984.665351007,6377172.426293615,7780000.0,253750000.0
3046.0,1.0,49605.39190799872,16.227485090346565,0.0,310340.981548118,159715.52010789653,1006084.5210898916,100000.0,3324812.348601007,5465833.706197318,6377172.426293615,7780000.0,253750000.0
3047.0,1.0,49621.58153271072,16.151764333657937,0.0,314376.9569949386,160410.58339276718,1006084.5210898916,100000.0,3295969.4122571293,5442073.855204885,6377172.426293615,7780000.0,253750000.0
3048.0,1.0,49637.692976344806,16.071122934517717,0.0,318394.74535714235,161155.90624913416,1006084.5210898916,100000.0,3265281.8452601037,5416680.028128338,6377172.426293615,7780000.0,253750000.0
3049.0,1.0,49653.72131007185,15.985544519575106,0.0,322393.13147682475,161898.81160592366,1006084.5210898916,100000.0,3232757.898516957,5389636.006983669,6377172.426293615,7780000.0,253750000.0
3050.0,1.0,49669.66160549963,15.895046335970715,0.0,326370.8921636612,162610.06978634917,1006084.5210898916,100000.0,3198420.819693566,5360936.300779278,6377172.426293615,7780000.0,253750000.0
3051.0,1.0,49685.50896884609,15.799680356946617,0.0,330326.804335753,163315.3333292965,1006084.5210898916,100000.0,3162309.2007194515,5330586.6935422355,6377172.426293615,7780000.0,253750000.0
3052.0,1.0,49701.25857592534,15.69953380156224,0.0,334259.65350042935,163989.7816452374,1006084.5210898916,100000.0,3124477.0337421494,5298604.615097327,6377172.426293615,7780000.0,253750000.0
3053.0,1.0,49716.90570654797,15.594727443705093,0.0,338168.24243673723,164582.31720111222,1006084.5210898916,100000.0,3084993.458586021,5265019.315359762,6377172.426293615,7780000.0,253750000.0
3054.0,1.0,49732.44577674661,15.485412953566161,0.0,342051.39973258716,165081.03506650915,1006084.5210898916,100000.0,3043941.5769695775,5229871.297242468,6377172.426293615,7780000.0,253750000.0
3055.0,1.0,49747.87437490362,15.371783360464057,0.0,345907.98778219294,165475.53071525783,1006084.5210898916,100000.0,3001416.8591416907,5193211.425089264,6377172.426293615,7780000.0,253750000.0
3056.0,1.0,49763.18729279905,15.254052430383897,0.0,349736.91175190127,165774.18783982896,1006084.5210898916,100000.0,2957530.591221006,5155104.433503341,6377172.426293615,7780000.0,253750000.0
3057.0,1.0,49778.38055337855,15.132468728618038,0.0,353537.1272853725,165957.26021249688,1006084.5210898916,100000.0,2912401.222385599,5115622.011367619,6377172.426293615,7780000.0,253750000.0
3058.0,1.0,49793.45044061022,15.007305734729336,0.0,357654.1614956497,166052.9685569702,1006084.5210898916,100000.0,2866159.1723689972,5074847.517913139,6377172.426293615,7780000.0,253750000.0
3059.0,1.0,49808.39352271032,14.878858465468602,0.0,362754.02850780473,166076.66873199385,1006084.5210898916,100000.0,2818942.3587132725,5032872.6676582415,6377172.426293615,7780000.0,253750000.0
3060.0,1.0,49823.20667292222,14.747441958330537,0.0,367810.9828360407,166089.88894566087,1006084.5210898916,100000.0,2770894.306248644,4989796.3978650775,6377172.426293615,7780000.0,253750000.0
3061.0,1.0,49837.887087062256,14.613386321744175,0.0,372823.9663408536,166093.64193220116,1006084.5210898916,100000.0,2722162.99722002,4945724.359982643,6377172.426293615,7780000.0,253750000.0
3062.0,1.0,49852.4322967075,14.477032968744995,0.0,377792.0300460812,166094.20786549026,1006084.5210898916,100000.0,2672898.4929020237,4900767.25967118,6377172.426293615,7780000.0,253750000.0
3063.0,1.0,49866.840180813284,14.33873524282329,0.0,382714.33860183175,166094.20786549026,1006084.5210898916,100000.0,2623251.089675437,4855039.593720786,6377172.426293615,7780000.0,253750000.0
3064.0,1.0,49881.1089718164,14.198846763416226,0.0,387590.17421602446,166094.20786549026,1006084.5210898916,100000.0,2573371.143507266,4808659.859936867,6377172.426293615,7780000.0,253750000.0
3065.0,1.0,49895.23725728317,14.057724170113083,0.0,392418.93871979567,166094.20786549026,1006084.5210898916,100000.0,2523404.5367993885,4761746.648666783,6377172.426293615,7780000.0,253750000.0
3066.0,1.0,49909.223980358845,13.915721981242282,0.0,397200.154125233,166094.20786549026,1006084.5210898916,100000.0,2473493.4828576287,4714419.563100665,6377172.426293615,7780000.0,253750000.0
3067.0,1.0,49923.06843555232,13.7731884057025,0.0,401933.4627774631,166094.20786549026,1006084.5210898916,100000.0,2423774.5560342586,4666797.495039399,6377172.426293615,7780000.0,253750000.0
3068.0,1.0,49936.7702613901,13.63046326985,0.0,406618.6259281247,166094.47260523625,1006084.5210898916,100000.0,2374377.1913034692,4618997.220344009,6377172.426293615,7780000.0,253750000.0
3069.0,1.0,49950.32943091,13.487875769957116,0.0,411255.52124937985,166096.31640536673,1006084.5210898916,100000.0,2325423.0272662546,4571132.703693459,6377172.426293615,7780000.0,253750000.0
3070.0,1.0,49963.74623948413,13.345741378292743,0.0,415844.1396168382,166098.44899328053,1006084.5210898916,100000.0,2277025.2657288723,4523314.344845746,6377172.426293615,7780000.0,253750000.0
3071.0,1.0,49977.02129037029,13.204360394037936,0.0,420384.5809886739,166098.7833920996,1006084.5210898916,100000.0,2229287.825316081,4475647.941056395,6377172.426293615,7780000.0,253750000.0
3072.0,1.0,49990.15547949067,13.064017846718587,0.0,424877.0495160258,166098.7833920996,1006084.5210898916,100000.0,2182305.130200993,4428234.201111323,6377172.426293615,7780000.0,253750000.0
3073.0,1.0,50003.13942615097,12.903875473888268,0.0,429321.84839186893,166098.7833920996,1006084.5210898916,100000.0,2136162.39323507,4381168.712941882,6377172.426293615,7780000.0,253750000.0
3074.0,1.0,50015.95121002789,12.719692279940688,0.0,432954.3970001354,166027.8452145105,1006084.5210898916,100000.0,2084112.0362321043,4327463.125450152,6377172.426293615,7780000.0,253750000.0
3075.0,1.0,50028.57249921387,12.522886092019352,0.0,434182.84315045824,165760.55307142265,1006084.5210898916,100000.0,2025041.5787270456,4265695.171958299,6377172.426293615,7780000.0,253750000.0
3076.0,1.0,50040.98617968487,12.30447484997608,0.0,435393.0238919993,165558.0046799408,1006084.5210898916,100000.0,1962861.2236591096,4199693.952184178,6377172.426293615,7780000.0,253750000.0
3077.0,1.0,50053.206924700455,12.137015181186214,0.0,435751.27566715877,165422.25227734543,1006084.5210898916,100000.0,1894989.9058368478,4126447.2289002603,6377172.426293615,7780000.0,253750000.0
3078.0,1.0,50065.26100982037,11.97115505865089,0.0,435751.2756671589,165355.98824115004,1006084.5210898916,100000.0,1843760.5799271034,4070287.702008153,6377172.426293615,7780000.0,253750000.0
3079.0,1.0,50077.15083929641,11.80850389341981,0.0,435751.27566715906,165339.79369144703,1006084.5210898916,100000.0,1793712.5523254282,4014664.601358532,6377172.426293615,7780000.0,253750000.0
3080.0,1.0,50088.87660306678,11.643023647321739,0.0,435751.27566715947,165342.94096276505,1006084.5210898916,100000.0,1745301.6100729392,3960117.661466457,6377172.426293615,7780000.0,253750000.0
3081.0,1.0,50100.45163939941,11.507049017939893,0.0,435751.27566715976,165389.08738370656,1006084.5210898916,100000.0,1696728.2631454482,3904621.9567513186,6377172.426293615,7780000.0,253750000.0
3082.0,1.0,50111.904138516256,11.39794921575168,0.0,435751.27566715976,165498.26492204642,1006084.5210898916,100000.0,1657328.7389269972,3859021.3001239826,6377172.426293615,7780000.0,253750000.0
3083.0,1.0,50123.2492724504,11.292318652535984,0.0,435559.7520890007,165662.89961843894,1006084.5210898916,100000.0,1626051.0280471458,3822433.4260454727,6377172.426293615,7780000.0,253750000.0
3084.0,1.0,50134.4903254444,11.189787335466074,0.0,434786.99561826425,165878.89124209352,1006084.5210898916,100000.0,1596051.8087004505,3787009.001177033,6377172.426293615,7780000.0,253750000.0
3085.0,1.0,50145.63040274001,11.090367255761135,0.0,433772.55979730684,166144.38069471787,1006084.5210898916,100000.0,1567199.9190732888,3752623.944166701,6377172.426293615,7780000.0,253750000.0
3086.0,1.0,50156.67261611193,10.994059488078587,0.0,432767.23641141655,166458.7925081886,1006084.5210898916,100000.0,1539474.8241371862,3719282.276407813,6377172.426293615,7780000.0,253750000.0
3087.0,1.0,50167.62007339899,10.900855086038044,0.0,431770.7446420861,166823.00101604167,1006084.5210898916,100000.0,1512853.5901850874,3686984.358299102,6377172.426293615,7780000.0,253750000.0
3088.0,1.0,50178.47586893282,10.810735981623449,0.0,430782.80402599624,167231.96780666997,1006084.5210898916,100000.0,1487311.265881432,3655727.1895689596,6377172.426293615,7780000.0,253750000.0
3089.0,1.0,50189.2430748621,10.72367587692808,0.0,429803.135318769,167687.87517848366,1006084.5210898916,100000.0,1462821.2395094833,3625504.71090029,6377172.426293615,7780000.0,253750000.0
3090.0,1.0,50199.92473335957,10.639641118022395,0.0,428831.4612779021,168173.44641720297,1006084.5210898916,100000.0,1439355.5707922685,3596308.1029874654,6377172.426293615,7780000.0,253750000.0
3091.0,1.0,50210.52385176749,10.558595697807363,0.0,427867.5073660355,168672.0432499724,1006084.5210898916,100000.0,1416885.2962727018,3568126.079597954,6377172.426293615,7780000.0,253750000.0
3092.0,1.0,50221.04339864055,10.480498048308315,0.0,426911.00218904775,169171.85678015373,1006084.5210898916,100000.0,1395381.8061868197,3540946.565336765,6377172.426293615,7780000.0,253750000.0
3093.0,1.0,50231.48629558658,10.4052958437653,0.0,425961.6778531548,169667.91802375717,1006084.5210898916,100000.0,1374816.0005540922,3514755.619905266,6377172.426293615,7780000.0,253750000.0
3094.0,1.0,50241.85541364285,10.332940268773077,0.0,425019.2707012381,170160.3647525359,1006084.5210898916,100000.0,1355156.961063483,3489535.695257745,6377172.426293615,7780000.0,253750000.0
3095.0,1.0,50252.153571895054,10.263376235640703,0.0,424083.52163986245,170649.3323535298,1006084.5210898916,100000.0,1336375.7086728595,3465270.420586334,6377172.426293615,7780000.0,253750000.0
3096.0,1.0,50262.38353097013,10.19654191450939,0.0,423154.17626389995,171131.51756835455,1006084.5210898916,100000.0,1318442.622087142,3441941.3215999785,6377172.426293615,7780000.0,253750000.0
3097.0,1.0,50272.54799069379,10.132377532806155,0.0,422230.9854437672,171602.8740922322,1006084.5210898916,100000.0,1301327.335793385,3419527.662944057,6377172.426293615,7780000.0,253750000.0
3098.0,1.0,50282.64958988318,10.070820845974527,0.0,421313.7055368173,172067.78604114827,1006084.5210898916,100000.0,1285000.9880029946,3398009.3991984143,6377172.426293615,7780000.0,253750000.0
3099.0,1.0,50292.69090442333,10.011808234328957,0.0,420402.0984060494,172535.56231616836,1006084.5210898916,100000.0,1269435.0211933514,3377365.6559347883,6377172.426293615,7780000.0,253750000.0
3100.0,1.0,50302.674444617995,9.955272154992016,0.0,419495.9315936991,173008.0941362528,1006084.5210898916,100000.0,1254601.4357612035,3357575.0975595554,6377172.426293615,7780000.0,253750000.0
3101.0,1.0,50312.602653984395,9.901146577805026,0.0,418594.97856031003,173475.4076149008,1006084.5210898916,100000.0,1240472.124604983,3338615.0727915536,6377172.426293615,7780000.0,253750000.0
3102.0,1.0,50322.47790913496,9.849363723336019,0.0,417699.0187934966,173928.73118225427,1006084.5210898916,100000.0,1227020.2070044416,3320463.4376572575,6377172.426293615,7780000.0,253750000.0
3103.0,1.0,50332.302518365774,9.799854738284239,0.0,416807.8378186204,174359.14810264806,1006084.5210898916,100000.0,1214219.1732441864,3303097.4615442185,6377172.426293615,7780000.0,253750000.0
3104.0,1.0,50342.07872112333,9.752550776836278,0.0,415921.22732617264,174759.01282832221,1006084.5210898916,100000.0,1202043.0218440553,3286494.0537057295,6377172.426293615,7780000.0,253750000.0
3105.0,1.0,50351.808687995835,9.707382968173471,0.0,415038.9852198947,175125.36425618175,1006084.5210898916,100000.0,1190466.4907390126,3270630.125906054,6377172.426293615,7780000.0,253750000.0
3106.0,1.0,50361.49452247247,9.66428598509535,0.0,414160.9156175664,175455.42979063146,1006084.5210898916,100000.0,1179465.0107420483,3255482.581523654,6377172.426293615,7780000.0,253750000.0
3107.0,1.0,50371.13826155929,9.623192188529224,0.0,413286.82869223953,175746.9332497792,1006084.5210898916,100000.0,1169015.5316093345,3241029.5123301307,6377172.426293615,7780000.0,253750000.0
3108.0,1.0,50380.741872827544,9.584030347983393,0.0,412416.54061666026,176002.41445552692,1006084.5210898916,100000.0,1159095.0570131876,3227248.2347841314,6377172.426293615,7780000.0,253750000.0
3109.0,1.0,50390.30725803789,9.546740072702365,0.0,411549.8738296368,176220.29555440723,1006084.5210898916,100000.0,1149680.3155582102,3214114.860920615,6377172.426293615,7780000.0,253750000.0
3110.0,1.0,50399.83625340304,9.511250657605343,0.0,410686.6567089805,176399.95278860183,1006084.5210898916,100000.0,1140751.1929906493,3201609.1380048073,6377172.426293615,7780000.0,253750000.0
3111.0,1.0,50409.330629060816,9.477500657944319,0.0,409826.7235477984,176540.8393802342,1006084.5210898916,100000.0,1132285.6135740946,3189707.354274258,6377172.426293615,7780000.0,253750000.0
3112.0,1.0,50418.79209131329,9.445423847001784,0.0,408969.91460205155,176642.97966388726,1006084.5210898916,100000.0,1124264.1998869206,3178388.903525676,6377172.426293615,7780000.0,253750000.0
3113.0,1.0,50428.222283571995,9.414960670412196,0.0,408181.2240037229,176707.29274462178,1006084.5210898916,100000.0,1116666.8841391148,3167631.5758672724,6377172.426293615,7780000.0,253750000.0
3114.0,1.0,50437.622786349915,9.38604488542754,0.0,408106.3474750127,176729.79365813217,1006084.5210898916,100000.0,1109475.5997178496,3157415.399057268,6377172.426293615,7780000.0,253750000.0
3115.0,1.0,50446.99512027679,9.35862296832725,0.0,408053.32638149284,176742.75772429132,1006084.5210898916,100000.0,1102671.0906126008,3147718.1578278593,6377172.426293615,7780000.0,253750000.0
3116.0,1.0,50456.34074675996,9.332629998013571,0.0,408000.46416705824,176751.30247647135,1006084.5210898916,100000.0,1096237.4573960335,3138521.902383456,6377172.426293615,7780000.0,253750000.0
3117.0,1.0,50465.661066326735,9.308009135538796,0.0,407947.752589021,176756.54831313403,1006084.5210898916,100000.0,1090156.4565880855,3129804.860686875,6377172.426293615,7780000.0,253750000.0
3118.0,1.0,50474.95742480663,9.28470782424212,0.0,407895.18374807085,176759.29242182217,1006084.5210898916,100000.0,1084412.0549634031,3121547.9711429575,6377172.426293615,7780000.0,253750000.0
3119.0,1.0,50484.23111216594,9.26266689437367,0.0,407842.7500534057,176760.97337909508,1006084.5210898916,100000.0,1078989.5000966208,3113733.60827073,6377172.426293615,7780000.0,253750000.0
3120.0,1.0,50493.481472068284,9.238052910316712,0.0,407790.4442293056,176761.1401454059,1006084.5210898916,100000.0,1073872.763106137,3106341.9288137043,6377172.426293615,7780000.0,253750000.0
3121.0,1.0,50502.70945322006,9.217909393231643,0.0,407738.26997766574,176760.07760326815,1006084.5210898916,100000.0,1068173.072577259,3098087.3460263517,6377172.426293615,7780000.0,253750000.0
3122.0,1.0,50511.917919241416,9.199022649479454,0.0,407686.22194755427,176758.44189282152,1006084.5210898916,100000.0,1063519.8617411044,3091331.985779819,6377172.426293615,7780000.0,253750000.0
3123.0,1.0,50521.10815009546,9.181439058603093,0.0,407634.28398746543,176757.2128661139,1006084.5210898916,100000.0,1059166.1957364874,3084998.0989321964,6377172.426293615,7780000.0,253750000.0
3124.0,1.0,50530.28131533807,9.164891426620308,0.0,407582.4488781,176757.2128661139,1006084.5210898916,100000.0,1055120.9517416656,3079101.2393969013,6377172.426293615,7780000.0,253750000.0
3125.0,1.0,50539.436905540926,9.146288979084446,0.0,407530.71002288215,176757.17308254278,1006084.5210898916,100000.0,1051321.107444771,3073551.8005973776,6377172.426293615,7780000.0,253750000.0
3126.0,1.0,50548.57513548177,9.130170902601373,0.0,407479.0702951096,176755.87830041003,1006084.5210898916,100000.0,1047057.5986333577,3067313.255757305,6377172.426293615,7780000.0,253750000.0
3127.0,1.0,50557.698693895734,9.116945925325004,0.0,407427.52848338446,176755.45138597395,1006084.5210898916,100000.0,1043370.4892242929,3061907.8733375175,6377172.426293615,7780000.0,253750000.0
3128.0,1.0,50566.80942942702,9.104525137247512,0.0,407376.0694225948,176755.39368083546,1006084.5210898916,100000.0,1040350.051246903,3057472.725027677,6377172.426293615,7780000.0,253750000.0
3129.0,1.0,50575.908126248476,9.092868505671388,0.0,407324.6826859435,176755.39368083546,1006084.5210898916,100000.0,1037517.2681476092,3053307.2708195094,6377172.426293615,7780000.0,253750000.0
3130.0,1.0,50584.9955291959,9.081937389178508,0.0,407273.36385050707,176755.39368083546,1006084.5210898916,100000.0,1034862.2775031936,3049398.085287248,6377172.426293615,7780000.0,253750000.0
3131.0,1.0,50594.07234515375,9.071694526529914,0.0,407222.10871523275,176755.39368083546,1006084.5210898916,100000.0,1032375.6253440372,3045732.2095866753,6377172.426293615,7780000.0,253750000.0
3132.0,1.0,50603.13924442858,9.062104023131827,0.0,407170.91329312243,176755.39368083546,1006084.5210898916,100000.0,1030048.2543919262,3042297.1477325414,6377172.426293615,7780000.0,253750000.0
3133.0,1.0,50612.196862107776,9.053131335262671,0.0,407119.7738034861,176755.39368083546,1006084.5210898916,100000.0,1027871.4925015738,3039080.862059783,6377172.426293615,7780000.0,253750000.0
3134.0,1.0,50621.24579940153,9.044743252241734,0.0,407068.68666427856,176755.39368083546,1006084.5210898916,100000.0,1025837.0413048142,3036071.7679338744,6377172.426293615,7780000.0,253750000.0
3135.0,1.0,50630.286624966,9.036907876708067,0.0,407017.64848452987,176755.39368083546,1006084.5210898916,100000.0,1023936.9650541076,3033258.7277708803,6377172.426293615,7780000.0,253750000.0
3136.0,1.0,50639.31987620594,9.029594603167865,0.0,406966.6560568826,176755.39368083546,1006084.5210898916,100000.0,1022163.6796603964,3030631.0444237636,6377172.426293615,7780000.0,253750000.0
3137.0,1.0,50648.346060555006,9.022774094959496,0.0,406915.70635024476,176755.39368083546,1006084.5210898916,100000.0,1020509.9419193203,3028178.4539879994,6377172.426293615,7780000.0,253750000.0
3138.0,1.0,50657.36565674921,9.016418293447886,0.0,406864.79650256876,176755.39368083546,1006084.5210898916,100000.0,1018968.838919213,3025891.1180765303,6377172.426293615,7780000.0,253750000.0
3139.0,1.0,50666.37911609366,9.010500395458813,0.0,406813.9238136687,176755.39368083546,1006084.5210898916,100000.0,1017533.7852237445,3023759.6269032136,6377172.426293615,7780000.0,253750000.0
3140.0,1.0,50675.38686357699,9.004994571206732,0.0,406763.08573807526,176755.49976346546,1006084.5210898916,100000.0,1016198.513323921,3021774.991715148,6377172.426293615,7780000.0,253750000.0
3141.0,1.0,50684.38929901753,8.999876309867014,0.0,406712.2798787504,176756.8562895176,1006084.5210898916,100000.0,1014957.0060220863,3019928.550196528,6377172.426293615,7780000.0,253750000.0
3142.0,1.0,50693.38679828961,8.995122234303608,0.0,406661.5039806226,176758.48449062547,1006084.5210898916,100000.0,1013803.5708147533,3018212.082360267,6377172.426293615,7780000.0,253750000.0
3143.0,1.0,50702.37971444247,8.990710071408314,0.0,406610.75592367066,176759.40736373616,1006084.5210898916,100000.0,1012732.7948079555,3016617.7484147893,6377172.426293615,7780000.0,253750000.0
3144.0,1.0,50711.36837878904,8.986618621733443,0.0,406560.0337166118,176759.63844648507,1006084.5210898916,100000.0,1011739.5351125168,3015138.078816962,6377172.426293615,7780000.0,253750000.0
3145.0,1.0,50720.353101964174,8.982827728527946,0.0,406509.3354907617,176759.63844648507,1006084.5210898916,100000.0,1010818.909384105,3013765.96408806,6377172.426293615,7780000.0,253750000.0
3146.0,1.0,50729.334014447726,8.97899723857542,0.0,406458.65949406516,176759.63844648507,1006084.5210898916,100000.0,1009966.2865065144,3012494.6444296744,6377172.426293615,7780000.0,253750000.0
3147.0,1.0,50738.310931361135,8.974836588243376,0.0,406408.0049905842,176759.63844648507,1006084.5210898916,100000.0,1009105.1231881214,3011210.0455465326,6377172.426293615,7780000.0,253750000.0
3148.0,1.0,50747.28364348308,8.97058765565275,0.0,406357.3730230786,176758.3179732452,1006084.5210898916,100000.0,1008170.1500046279,3009814.723580953,6377172.426293615,7780000.0,253750000.0
3149.0,1.0,50756.25246699453,8.967059367237452,0.0,406306.7647716067,176756.73227096695,1006084.5210898916,100000.0,1007215.7854393373,3008389.7951440923,6377172.426293615,7780000.0,253750000.0
3150.0,1.0,50765.21814440736,8.964295458418308,0.0,406256.1784528324,176755.11014898962,1006084.5210898916,100000.0,1006423.6302208834,3007206.5430239015,6377172.426293615,7780000.0,253750000.0
3151.0,1.0,50774.18134388702,8.962103500919461,0.0,406205.6098788099,176753.48859602294,1006084.5210898916,100000.0,1005803.3076962591,3006279.6343970196,6377172.426293615,7780000.0,253750000.0
3152.0,1.0,50783.14248822008,8.960185165199947,0.0,406155.0552809255,176752.3758709995,1006084.5210898916,100000.0,1005311.487994874,3005544.536226861,6377172.426293615,7780000.0,253750000.0
3153.0,1.0,50792.10179227405,8.958422942738773,0.0,406104.5122745615,176752.0309444118,1006084.5210898916,100000.0,1004881.1607761909,3004901.2002689755,6377172.426293615,7780000.0,253750000.0
3154.0,1.0,50801.05940651501,8.956805539171668,0.0,406053.9796478138,176752.0309444118,1006084.5210898916,100000.0,1004485.9345652512,3004310.2186886743,6377172.426293615,7780000.0,253750000.0
3155.0,1.0,50810.0154701202,8.955321671201883,0.0,406003.4565520171,176751.99309825827,1006084.5210898916,100000.0,1004123.2563390607,3003767.8037909344,6377172.426293615,7780000.0,253750000.0
3156.0,1.0,50818.97011095056,8.953959989525616,0.0,405952.94220217864,176751.670882629,1006084.5210898916,100000.0,1003790.57904496,3003270.1715923534,6377172.426293615,7780000.0,253750000.0
3157.0,1.0,50827.923295329616,8.952408768588487,0.0,405902.43587713194,176750.03707366346,1006084.5210898916,100000.0,1003485.3439295037,3002813.515973306,6377172.426293615,7780000.0,253750000.0
3158.0,1.0,50836.87512270876,8.951245989704104,0.0,405851.9377668204,176747.10990978562,1006084.5210898916,100000.0,1003137.6781728673,3002293.296182093,6377172.426293615,7780000.0,253750000.0
3159.0,1.0,50845.8257204583,8.949949509365753,0.0,405801.44731031416,176741.45594661366,1006084.5210898916,100000.0,1002877.1110808006,3001903.344903084,6377172.426293615,7780000.0,253750000.0
3160.0,1.0,50854.77505658653,8.948722747089395,0.0,405750.96378921455,176731.668618559,1006084.5210898916,100000.0,1002586.6227403241,3001468.55530298,6377172.426293615,7780000.0,253750000.0
3161.0,1.0,50863.72325340197,8.94767088379685,0.0,405700.487383962,176714.69691448248,1006084.5210898916,100000.0,1002311.7941162859,3001057.1464572134,6377172.426293615,7780000.0,253750000.0
3162.0,1.0,50872.6704736827,8.946769677669117,0.0,405650.0174047073,176676.69420839715,1006084.5210898916,100000.0,1002076.1776934727,3000704.3919982356,6377172.426293615,7780000.0,253750000.0
3163.0,1.0,50881.6168279348,8.945938826531586,0.0,405599.5529333428,176605.80252225974,1006084.5210898916,100000.0,1001874.3303692433,3000402.1621530945,6377172.426293615,7780000.0,253750000.0
3164.0,1.0,50890.562435663385,8.945276630649165,0.0,405620.0166796826,176504.41125882295,1006084.5210898916,100000.0,1001688.2587912774,3000123.5266634948,6377172.426293615,7780000.0,253750000.0
3165.0,1.0,50899.50740948199,8.944671006551543,0.0,405988.0515979015,176377.02346791772,1006084.5210898916,100000.0,1001539.9704330828,2999901.451654417,6377172.426293615,7780000.0,253750000.0
3166.0,1.0,50908.45181103371,8.944132096892941,0.0,406744.82860957977,176231.8258475003,1006084.5210898916,100000.0,1001404.3600471898,2999698.3486443446,6377172.426293615,7780000.0,253750000.0
3167.0,1.0,50917.39565848986,8.943562815408173,0.0,407498.831519405,43380.66934862313,1006084.5210898916,100000.0,1001283.6959726472,2999517.6190890833,6377172.426293615,7780000.0,253750000.0
3168.0,1.0,50926.33900801581,8.943136236497546,0.0,408201.55678574706,18940.886048576853,1006084.5210898916,100000.0,1001156.2394184056,2999326.703992427,6377172.426293615,7780000.0,253750000.0
3169.0,1.0,50935.281979193365,8.942806118608127,0.0,408296.0743908876,18819.080378796963,1006084.5210898916,100000.0,1001060.7378913708,2999183.6458460917,6377172.426293615,7780000.0,253750000.0
3170.0,1.0,50944.22462601405,8.942487522759778,0.0,408346.5148962898,18703.540648565253,1006084.5210898916,100000.0,1000986.8349673959,2999072.9370131986,6377172.426293615,7780000.0,253750000.0
3171.0,1.0,50953.16696637748,8.942193204092437,0.0,408396.9535722414,18590.45405822439,1006084.5210898916,100000.0,1000915.5140497994,2998966.092229363,6377172.426293615,7780000.0,253750000.0
3172.0,1.0,50962.109063709315,8.942001459578128,0.0,408447.39051970054,18483.343474663165,1006084.5210898916,100000.0,1000849.6300836955,2998867.3890775363,6377172.426293615,7780000.0,253750000.0
3173.0,1.0,50971.050981092456,8.941833306698864,0.0,408497.82609640295,18393.286693277758,1006084.5210898916,100000.0,1000806.7087635378,2998803.0853482527,6377172.426293615,7780000.0,253750000.0
3174.0,1.0,50979.99274149627,8.9416875009361,0.0,408548.2606581515,18329.967657750018,1006084.5210898916,100000.0,1000769.0691035341,2998746.6933452515,6377172.426293615,7780000.0,253750000.0
3175.0,1.0,50988.93436536988,8.94156024627522,0.0,408598.6943344987,18303.07398740732,1006084.5210898916,100000.0,1000736.4322375142,2998697.7957049175,6377172.426293615,7780000.0,253750000.0
3176.0,1.0,50997.87586889557,8.941446805103597,0.0,408649.12724078307,18314.875051494553,1006084.5210898916,100000.0,1000707.948247414,2998655.1193900676,6377172.426293615,7780000.0,253750000.0
3177.0,1.0,51006.817265014826,8.941345433408982,0.0,408699.559468276,18360.29956005002,1006084.5210898916,100000.0,1000682.5565352623,2998617.0755877937,6377172.426293615,7780000.0,253750000.0
3178.0,1.0,51015.75856516421,8.941254865359364,0.0,408749.9910899708,18423.344775882546,1006084.5210898916,100000.0,1000659.8666252941,2998583.079423517,6377172.426293615,7780000.0,253750000.0
3179.0,1.0,51024.69977960871,8.941174023644402,0.0,408800.4221703726,18486.70160146221,1006084.5210898916,100000.0,1000639.5951003574,2998552.706385908,6377172.426293615,7780000.0,253750000.0
3180.0,1.0,51033.640911140035,8.94108903901044,0.0,408850.8527673781,18544.475863298096,1006084.5210898916,100000.0,1000621.5007598094,2998525.595186548,6377172.426293615,7780000.0,253750000.0
3181.0,1.0,51042.58196189263,8.94101246618211,0.0,408901.28289673344,18605.89485409445,1006084.5210898916,100000.0,1000602.4793096915,2998497.094611628,6377172.426293615,7780000.0,253750000.0
3182.0,1.0,51051.522940248426,8.940944245403598,0.0,408951.7125704775,18679.98180728601,1006084.5210898916,100000.0,1000585.3407634918,2998471.4150325223,6377172.426293615,7780000.0,253750000.0
3183.0,1.0,51060.46385393513,8.940883127998395,0.0,409002.1418358862,18765.26279517045,1006084.5210898916,100000.0,1000570.0716984378,2998448.5364094293,6377172.426293615,7780000.0,253750000.0
3184.0,1.0,51069.40471151082,8.940832023385466,0.0,409052.5707365459,18851.689267590606,1006084.5210898916,100000.0,1000556.392597927,2998428.0399843147,6377172.426293615,7780000.0,253750000.0
3185.0,1.0,51078.34552752251,8.940800000000007,0.0,409102.99932072585,18937.213403020854,1006084.5210898916,100000.0,1000544.9546000712,2998410.9014643067,6377172.426293615,7780000.0,253750000.0
3186.0,1.0,51087.28632752251,8.940800000000007,0.0,409153.427670475,19016.47988673901,1006084.5210898916,100000.0,1000537.7873075225,2998400.1620534984,6377172.426293615,7780000.0,253750000.0
3187.0,1.0,51096.22712752251,8.940800000000007,0.0,409203.8559299142,19087.95925854413,1006084.5210898916,100000.0,1000537.7873075225,2998400.1620534984,6377172.426293615,7780000.0,253750000.0
3188.0,1.0,51105.167935832105,8.94081661919667,0.0,409254.2841893535,19152.383533757522,1006084.5210898916,100000.0,1000537.7873075225,2998400.1620534984,6377172.426293615,7780000.0,253750000.0
3189.0,1.0,51114.108775055756,8.940861828104225,0.0,409304.7124956608,19211.375179782353,1006084.5210898916,100000.0,1000541.5069186784,2998405.7354923375,6377172.426293615,7780000.0,253750000.0
3190.0,1.0,51123.049663707534,8.940915475452037,0.0,409355.14097633073,19260.615650886964,1006084.5210898916,100000.0,1000551.6253462846,2998420.896819706,6377172.426293615,7780000.0,253750000.0
3191.0,1.0,51131.99060897964,8.940975068765269,0.0,409310.3679259062,19297.567041485592,1006084.5210898916,100000.0,1000563.6324890228,2998438.8880751166,6377172.426293615,7780000.0,253750000.0
3192.0,1.0,51140.931622178236,8.941051328417297,0.0,408964.1871089168,19323.015221140788,1006084.5210898916,100000.0,1000576.9705193032,2998458.8733784505,6377172.426293615,7780000.0,253750000.0
3193.0,1.0,51149.872722835986,8.941149987084112,0.0,408207.74517995975,19338.95409945107,1006084.5210898916,100000.0,1000594.0388986283,2998484.4479302806,6377172.426293615,7780000.0,253750000.0
3194.0,1.0,51158.81393849762,8.941281336177807,0.0,407451.295851643,19340.12326278137,1006084.5210898916,100000.0,1000616.1208249957,2998517.534249465,6377172.426293615,7780000.0,253750000.0
3195.0,1.0,51167.75528156075,8.941404790090584,0.0,406763.60637222894,19341.753082946907,1006084.5210898916,100000.0,1000645.5199484144,2998561.583679474,6377172.426293615,7780000.0,253750000.0
3196.0,1.0,51176.69676110237,8.941554293150563,0.0,406762.5896767969,19343.16741600133,1006084.5210898916,100000.0,1000673.1523319444,2998602.985369711,6377172.426293615,7780000.0,253750000.0
3197.0,1.0,51185.638401792196,8.941727086493783,0.0,406811.61367198237,19344.03308316059,1006084.5210898916,100000.0,1000706.6157423448,2998653.122941212,6377172.426293615,7780000.0,253750000.0
3198.0,1.0,51194.58021847233,8.941906273777692,0.0,406862.0466731137,19345.348866872613,1006084.5210898916,100000.0,1000745.2929357769,2998711.0711771986,6377172.426293615,7780000.0,253750000.0
3199.0,1.0,51203.52223094996,8.942118681479005,0.0,406912.48066687275,19345.771651356834,1006084.5210898916,100000.0,1000785.4021061723,2998771.163694771,6377172.426293615,7780000.0,253750000.0
3200.0,1.0,51212.46448247639,8.942384371383595,0.0,406962.9157649769,19345.771651356834,1006084.5210898916,100000.0,1000832.948355267,2998842.397061588,6377172.426293615,7780000.0,253750000.0
3201.0,1.0,51221.407016721496,8.94268411882716,0.0,407013.3522113737,19345.771651356834,1006084.5210898916,100000.0,1000892.423110732,2998931.4992283937,6377172.426293615,7780000.0,253750000.0
3202.0,1.0,51230.34987591877,8.943034275729794,0.0,407063.79025237146,19345.771651356834,1006084.5210898916,100000.0,1000959.5237767021,2999032.0229827957,6377172.426293615,7780000.0,253750000.0
3203.0,1.0,51239.29311551176,8.943444910246708,0.0,407114.2301261777,19345.771651356834,1006084.5210898916,100000.0,1001037.9118185348,2999149.4521293603,6377172.426293615,7780000.0,253750000.0
3204.0,1.0,51248.23676376671,8.943851599647118,0.0,407164.67214550707,19345.771651356834,1006084.5210898916,100000.0,1001129.8426205271,2999287.1631397917,6377172.426293615,7780000.0,253750000.0
3205.0,1.0,51257.1808559346,8.944332736137552,0.0,407215.1164697882,19345.771651356834,1006084.5210898916,100000.0,1001220.8943699927,2999423.5511100064,6377172.426293615,7780000.0,253750000.0
3206.0,1.0,51266.12545304716,8.944861488981818,0.0,407265.56329784484,19345.771651356834,1006084.5210898916,100000.0,1001328.6190698317,2999584.905768525,6377172.426293615,7780000.0,253750000.0
3207.0,1.0,51275.070622400934,8.945477218557683,0.0,407316.01297391084,19345.771651356834,1006084.5210898916,100000.0,1001447.011580627,2999762.2291192245,6377172.426293615,7780000.0,253750000.0
3208.0,1.0,51284.016478328325,8.946234636232878,0.0,407366.46587755467,19345.506797385104,1006084.5210898916,100000.0,1001584.8877830331,2999968.7211177093,6377172.426293615,7780000.0,253750000.0
3209.0,1.0,51292.96313662169,8.94708195050503,0.0,407416.9226536389,19344.522891580884,1006084.5210898916,100000.0,1001754.5042707737,3000222.729850714,6377172.426293615,7780000.0,253750000.0
3210.0,1.0,51301.91062801378,8.947900833664404,0.0,407467.38395525963,19342.90477845572,1006084.5210898916,100000.0,1001944.2692655273,3000506.8864419507,6377172.426293615,7780000.0,253750000.0
3211.0,1.0,51310.85910102747,8.949045193720465,0.0,407517.8499557572,19341.548781298454,1006084.5210898916,100000.0,1002127.6838894997,3000781.50833236,6377172.426293615,7780000.0,253750000.0
3212.0,1.0,51319.808722624504,8.950198000352517,0.0,407568.3214928366,19341.196124747523,1006084.5210898916,100000.0,1002384.0274155332,3001165.282645345,6377172.426293615,7780000.0,253750000.0
3213.0,1.0,51328.759526299174,8.951409348987,0.0,407618.79950820183,19341.196124747523,1006084.5210898916,100000.0,1002642.2961712141,3001551.889614784,6377172.426293615,7780000.0,253750000.0
3214.0,1.0,51337.71150798519,8.952554023041815,0.0,407669.28419076896,19341.196124747523,1006084.5210898916,100000.0,1002913.7162150625,3001958.1293183835,6377172.426293615,7780000.0,253750000.0
3215.0,1.0,51346.66473766597,8.953905338522045,0.0,407719.7755176029,19341.196124747523,1006084.5210898916,100000.0,1003170.2306178928,3002342.008934465,6377172.426293615,7780000.0,253750000.0
3216.0,1.0,51355.61965634237,8.955932014286514,0.0,407770.27388342714,19341.196124747523,1006084.5210898916,100000.0,1003473.094307255,3002795.188130387,6377172.426293615,7780000.0,253750000.0
3217.0,1.0,51364.57681802893,8.958391358826962,0.0,407820.7817755922,19340.29951150275,1006084.5210898916,100000.0,1003927.4088626716,3003474.8571690205,6377172.426293615,7780000.0,253750000.0
3218.0,1.0,51373.53633638749,8.960645358295231,0.0,407871.30231887335,19339.523481433862,1006084.5210898916,100000.0,1004478.8517250125,3004299.6266604112,6377172.426293615,7780000.0,253750000.0
3219.0,1.0,51382.49811338486,8.962908636443187,0.0,407921.8361543507,19339.43206629575,1006084.5210898916,100000.0,1004984.3843678099,3005055.5313189346,6377172.426293615,7780000.0,253750000.0
3220.0,1.0,51391.462432154185,8.965728902196298,0.0,407972.38272909337,19339.38569205417,1006084.5210898916,100000.0,1005492.126022364,3005814.547689461,6377172.426293615,7780000.0,253750000.0
3221.0,1.0,51400.429610139894,8.968627069227205,0.0,408022.94364004035,19338.93214114773,1006084.5210898916,100000.0,1006125.0011908915,3006760.3562626494,6377172.426293615,7780000.0,253750000.0
3222.0,1.0,51409.400186784915,8.972526220820383,0.0,408073.5206776544,19336.880449269403,1006084.5210898916,100000.0,1006775.5650488323,3007732.289925759,6377172.426293615,7780000.0,253750000.0
3223.0,1.0,51418.37513362684,8.97736746303674,0.0,408124.11688452325,19332.35137820397,1006084.5210898916,100000.0,1007651.1558941179,3009039.9152801856,6377172.426293615,7780000.0,253750000.0
3224.0,1.0,51427.355657302534,8.98367988834709,0.0,408174.7377403522,19323.894485329125,1006084.5210898916,100000.0,1008738.8315978202,3010663.48156576,6377172.426293615,7780000.0,253750000.0
3225.0,1.0,51436.34278809676,8.990581700100188,0.0,408225.39005086303,19311.061593344588,1006084.5210898916,100000.0,1010157.9173686787,3012780.4260308533,6377172.426293615,7780000.0,253750000.0
3226.0,1.0,51445.3370855123,8.998013130979494,0.0,408276.07962710934,19278.659142423367,1006084.5210898916,100000.0,1011710.6436458011,3015095.028021609,6377172.426293615,7780000.0,253750000.0
3227.0,1.0,51454.33889329715,9.005602438719702,0.0,408326.8096248211,19215.38759229517,1006084.5210898916,100000.0,1013383.8535160115,3017587.243880682,6377172.426293615,7780000.0,253750000.0
3228.0,1.0,51463.348566976805,9.013744920587733,0.0,408377.5819828203,19117.64677671219,1006084.5210898916,100000.0,1015094.0366909143,3020132.405561752,6377172.426293615,7780000.0,253750000.0
3229.0,1.0,51472.36647125122,9.022063628232065,0.0,408592.66785982886,18986.671868610018,1006084.5210898916,100000.0,1016930.4760515636,3022863.0805519796,6377172.426293615,7780000.0,253750000.0
3230.0,1.0,51481.39333945969,9.0316727887065,0.0,409183.3868426487,18822.931738898915,1006084.5210898916,100000.0,1018808.374976189,3025652.8548841244,6377172.426293615,7780000.0,253750000.0
3231.0,1.0,51490.431468726325,9.044585744564063,0.0,410048.9198243708,18624.39127246996,1006084.5210898916,100000.0,1020979.7422041611,3028875.3974221237,6377172.426293615,7780000.0,253750000.0
3232.0,1.0,51499.48366309276,9.059802988300438,0.0,410915.5325623299,18394.39146467375,1006084.5210898916,100000.0,1023901.3031177365,3033205.905758728,6377172.426293615,7780000.0,253750000.0
3233.0,1.0,51508.55177664611,9.076424118408317,0.0,411783.4939194877,18126.48385531323,1006084.5210898916,100000.0,1027349.5678314163,3038309.1835510004,6377172.426293615,7780000.0,253750000.0
3234.0,1.0,51517.63659857806,9.093219745480537,0.0,412652.98167328717,17821.258265692974,1006084.5210898916,100000.0,1031122.5802069542,3043883.27079252,6377172.426293615,7780000.0,253750000.0
3235.0,1.0,51526.73998345791,9.113550014228926,0.0,413524.07149464823,17483.83636954124,1006084.5210898916,100000.0,1034942.2284777348,3049515.8775989725,6377172.426293615,7780000.0,253750000.0
3236.0,1.0,51535.86243688332,9.131356836590117,0.0,414396.9412072499,17112.555691476977,1006084.5210898916,100000.0,1039575.1693222559,3056333.8671647566,6377172.426293615,7780000.0,253750000.0
3237.0,1.0,51545.003706212156,9.151181821080172,0.0,415271.6392898587,16712.63186947496,1006084.5210898916,100000.0,1043641.5572910823,3062305.5899472204,6377172.426293615,7780000.0,253750000.0
3238.0,1.0,51554.16602007868,9.173445911972783,0.0,416148.1415181162,16295.693418776447,1006084.5210898916,100000.0,1048178.1531467293,3068954.1266226512,6377172.426293615,7780000.0,253750000.0
3239.0,1.0,51563.35093517744,9.196384285557746,0.0,417026.6615825745,15870.918521279273,1006084.5210898916,100000.0,1053284.6240551074,3076420.645697049,6377172.426293615,7780000.0,253750000.0
3240.0,1.0,51572.56025423795,9.222253835457257,0.0,417907.3487454634,15445.45398017216,1006084.5210898916,100000.0,1058558.7257377303,3084113.2932313187,6377172.426293615,7780000.0,253750000.0
3241.0,1.0,51581.79591851104,9.24907471072581,0.0,418790.37585984915,15023.049363515018,1006084.5210898916,100000.0,1064522.5813830069,3092788.944471806,6377172.426293615,7780000.0,253750000.0
3242.0,1.0,51591.05962073627,9.278329739733786,0.0,419675.9290607879,14614.671823349528,1006084.5210898916,100000.0,1070723.4397904854,3101783.63362173,6377172.426293615,7780000.0,253750000.0
3243.0,1.0,51600.35249542257,9.307419632875499,0.0,420564.1706550611,14239.977919689036,1006084.5210898916,100000.0,1077507.5961732115,3111594.6442380506,6377172.426293615,7780000.0,253750000.0
3244.0,1.0,51609.676645088475,9.340879698932646,0.0,421455.20942401694,13911.546708381422,1006084.5210898916,100000.0,1084274.701520361,3121350.2746413955,6377172.426293615,7780000.0,253750000.0
3245.0,1.0,51619.03593976554,9.37770965519536,0.0,422208.67226778547,13637.9658935718,1006084.5210898916,100000.0,1092084.6246756287,3132571.4928196426,6377172.426293615,7780000.0,253750000.0
3246.0,1.0,51628.43087238198,9.412155577678321,0.0,422303.0527991641,13418.085287702812,1006084.5210898916,100000.0,1100713.517107629,3144922.842455754,6377172.426293615,7780000.0,253750000.0
3247.0,1.0,51637.86188105167,9.449861761706343,0.0,422250.0631226922,13243.946881609692,1006084.5210898916,100000.0,1108814.5840364306,3156474.6789306775,6377172.426293615,7780000.0,253750000.0
3248.0,1.0,51647.33153884436,9.489453823670836,0.0,422196.86996861594,13105.204337367724,1006084.5210898916,100000.0,1117716.4583397435,3169119.8816306638,6377172.426293615,7780000.0,253750000.0
3249.0,1.0,51656.8432554209,9.5339793294076,0.0,422143.45882420265,13002.451990172116,1006084.5210898916,100000.0,1127101.8658952783,3182397.5351974997,6377172.426293615,7780000.0,253750000.0
3250.0,1.0,51666.405550520285,9.590610869363427,0.0,422089.8104581467,12936.429637585403,1006084.5210898916,100000.0,1137703.6386926118,3197329.675902652,6377172.426293615,7780000.0,253750000.0
3251.0,1.0,51676.03083860102,9.659965292113288,0.0,422035.8768170738,12906.750665635544,1006084.5210898916,100000.0,1151259.6288338318,3216321.714487666,6377172.426293615,7780000.0,253750000.0
3252.0,1.0,51685.72169996799,9.721757441823144,0.0,421981.5878804557,12915.412645536851,1006084.5210898916,100000.0,1167970.4822131677,3239580.518220253,6377172.426293615,7780000.0,253750000.0
3253.0,1.0,51695.47509031748,9.78502325716131,0.0,421926.92909475375,12955.349796326305,1006084.5210898916,100000.0,1182960.6473030634,3260303.226669571,6377172.426293615,7780000.0,253750000.0
3254.0,1.0,51705.3015643458,9.86792479947654,0.0,421871.9176305719,13026.807997325765,1006084.5210898916,100000.0,1198407.3378447015,3281520.1458448577,6377172.426293615,7780000.0,253750000.0
3255.0,1.0,51715.20691369251,9.9427738939537,0.0,421816.49395688786,13135.005322842931,1006084.5210898916,100000.0,1218799.8651128062,3309322.1320108017,6377172.426293615,7780000.0,253750000.0
3256.0,1.0,51725.196862689576,10.037124100178556,0.0,421760.6254074632,13281.863693260115,1006084.5210898916,100000.0,1237359.3995762009,3334423.63713449,6377172.426293615,7780000.0,253750000.0
3257.0,1.0,51735.26709600047,10.103342521611266,0.0,421704.2796956912,13467.619488132388,1006084.5210898916,100000.0,1260954.2297318927,3366065.064482645,6377172.426293615,7780000.0,253750000.0
3258.0,1.0,51745.41362630812,10.189718093682215,0.0,421647.4811611065,13695.17936082704,1006084.5210898916,100000.0,1277647.0257636465,3388272.1740874643,6377172.426293615,7780000.0,253750000.0
3259.0,1.0,51755.641273486195,10.265576262475488,0.0,421590.2522931347,13966.727950215582,1006084.5210898916,100000.0,1299586.1468164322,3417239.216107753,6377172.426293615,7780000.0,253750000.0
3260.0,1.0,51765.94818755302,10.348251871166019,0.0,421532.56590653065,14284.49069430005,1006084.5210898916,100000.0,1319007.9175542654,3442679.125914798,6377172.426293615,7780000.0,253750000.0
3261.0,1.0,51776.35244679398,10.460266610758058,0.0,421474.43243563536,14655.330944643465,1006084.5210898916,100000.0,1340339.1911958596,3470405.342639874,6377172.426293615,7780000.0,253750000.0
3262.0,1.0,51786.86428246102,10.563404723328562,0.0,420893.27235581435,15085.440741727021,1006084.5210898916,100000.0,1369513.2644580263,3507970.7745190295,6377172.426293615,7780000.0,253750000.0
3263.0,1.0,51797.47444257251,10.656915499647242,0.0,419953.23522538505,15547.982986762254,1006084.5210898916,100000.0,1396653.1788348,3542559.3273829,6377172.426293615,7780000.0,253750000.0
3264.0,1.0,51808.177583336925,10.74936602919045,0.0,418995.7336026339,16022.288453892386,1006084.5210898916,100000.0,1421489.9039587234,3573919.242252674,6377172.426293615,7780000.0,253750000.0
3265.0,1.0,51818.976968590236,10.849404477432177,0.0,418029.84104844235,16505.321771248695,1006084.5210898916,100000.0,1446260.2099200322,3604923.591166002,6377172.426293615,7780000.0,253750000.0
3266.0,1.0,51829.877106184795,10.950870711691184,0.0,417055.26302171056,16996.122645519907,1006084.5210898916,100000.0,1473304.5701169702,3638472.6359292874,6377172.426293615,7780000.0,253750000.0
3267.0,1.0,51840.87413561413,11.043188146991547,0.0,416071.5927165187,17492.86081847366,1006084.5210898916,100000.0,1500990.8275982938,3672500.505163043,6377172.426293615,7780000.0,253750000.0
3268.0,1.0,51851.96488861753,11.138317859800653,0.0,415079.1785198063,17995.834091048793,1006084.5210898916,100000.0,1526404.6416963285,3703460.219390514,6377172.426293615,7780000.0,253750000.0
3269.0,1.0,51863.15217053534,11.236245975817939,0.0,414078.3063475958,18501.316142764896,1006084.5210898916,100000.0,1552815.8304999408,3735363.063241503,6377172.426293615,7780000.0,253750000.0
3270.0,1.0,51874.43876536037,11.336943674253938,0.0,413068.723035193,19005.93414710487,1006084.5210898916,100000.0,1580240.582726965,3768204.383809665,6377172.426293615,7780000.0,253750000.0
3271.0,1.0,51885.827421893795,11.440369392594762,0.0,412050.1773443885,19518.087219840305,1006084.5210898916,100000.0,1608691.299337747,3801974.5157116107,6377172.426293615,7780000.0,253750000.0
3272.0,1.0,51897.32084654435,11.546479908517307,0.0,411022.4212128006,20038.34308144698,1006084.5210898916,100000.0,1638177.0217148438,3836659.520480046,6377172.426293615,7780000.0,253750000.0
3273.0,1.0,51908.921688851406,11.65520470558937,0.0,409985.2104037039,20550.651043436446,1006084.5210898916,100000.0,1668706.4456691162,3872244.9030115576,6377172.426293615,7780000.0,253750000.0
3274.0,1.0,51920.63252661516,11.76647082192427,0.0,408938.30581248534,177683.80981008624,1006084.5210898916,100000.0,1700280.391523645,3908707.014809171,6377172.426293615,7780000.0,253750000.0
3275.0,1.0,51932.45585519267,11.880186333082154,0.0,407881.47480854637,178202.85531347888,1006084.5210898916,100000.0,1732898.7142126695,3946021.387264615,6377172.426293615,7780000.0,253750000.0
3276.0,1.0,51944.39406954684,11.996242375257564,0.0,406814.4922012787,178721.51156924508,1006084.5210898916,100000.0,1766555.3108332895,3984157.1924592056,6377172.426293615,7780000.0,253750000.0
3277.0,1.0,51956.449448687985,12.114515907028334,0.0,405737.14186002477,179216.3466734484,1006084.5210898916,100000.0,1801238.4069232,4023077.921663084,6377172.426293615,7780000.0,253750000.0
3278.0,1.0,51968.62414060952,12.234867936051446,0.0,404649.21811813634,179663.64267518726,1006084.5210898916,100000.0,1836931.0878554718,4062742.3115194854,6377172.426293615,7780000.0,253750000.0
3279.0,1.0,51980.920145798256,12.357142441420606,0.0,403550.5271324327,180046.47924127747,1006084.5210898916,100000.0,1873610.4797994688,4103103.74934679,6377172.426293615,7780000.0,253750000.0
3280.0,1.0,51993.339298102714,12.481162167490384,0.0,402440.8883712959,180356.50021749403,1006084.5210898916,100000.0,1911247.1057776394,4144109.911738735,6377172.426293615,7780000.0,253750000.0
3281.0,1.0,52005.883248612714,12.606738852514974,0.0,401320.1363411888,180598.06121462394,1006084.5210898916,100000.0,1949803.2371761969,4185701.353974939,6377172.426293615,7780000.0,253750000.0
3282.0,1.0,52018.55344827554,12.733660473131232,0.0,400188.1220414209,180769.17365077542,1006084.5210898916,100000.0,1989235.715841529,4227814.940312613,6377172.426293615,7780000.0,253750000.0
3283.0,1.0,52031.35263651474,12.864716005276055,0.0,399044.714532933,180862.9757001297,1006084.5210898916,100000.0,2029491.639729738,4270379.566277166,6377172.426293615,7780000.0,253750000.0
3284.0,1.0,52044.30466527954,13.03934152432324,0.0,397889.6665996165,180882.12840255487,1006084.5210898916,100000.0,2071481.8950429978,4314330.547041868,6377172.426293615,7780000.0,253750000.0
3285.0,1.0,52057.412617916634,13.176563749873608,0.0,397027.3685227349,180893.4558822984,1006084.5210898916,100000.0,2128100.118874445,4372893.224275421,6377172.426293615,7780000.0,253750000.0
3286.0,1.0,52070.67398493595,13.346170288753646,0.0,397192.09687574045,180899.77225218114,1006084.5210898916,100000.0,2173126.812048726,4418912.276633998,6377172.426293615,7780000.0,253750000.0
3287.0,1.0,52084.101744129024,13.509348097397613,0.0,397640.88064670167,180902.00547195724,1006084.5210898916,100000.0,2229431.119001509,4475791.781114944,6377172.426293615,7780000.0,253750000.0
3288.0,1.0,52097.69314823088,13.673460106309717,0.0,398095.29536861164,180902.51140990984,1006084.5210898916,100000.0,2284280.9598221574,4530515.336935632,6377172.426293615,7780000.0,253750000.0
3289.0,1.0,52111.44415553584,13.828554503617076,0.0,398555.24807006406,180903.3074689128,1006084.5210898916,100000.0,2340117.10370219,4585552.18756611,6377172.426293615,7780000.0,253750000.0
3290.0,1.0,52125.35061876678,13.984371958261208,0.0,399020.6019739147,180909.64437658456,1006084.5210898916,100000.0,2393504.821110757,4637564.87837901,6377172.426293615,7780000.0,253750000.0
3291.0,1.0,52139.41031341536,14.135017338904499,0.0,399491.2167303289,180924.71861623003,1006084.5210898916,100000.0,2447747.799545947,4689820.054790039,6377172.426293615,7780000.0,253750000.0
3292.0,1.0,52153.6080985331,14.260552896571228,0.0,399967.0170587388,180963.25606288755,1006084.5210898916,100000.0,2500768.131019763,4740340.716669675,6377172.426293615,7780000.0,253750000.0
3293.0,1.0,52167.92850228451,14.380254606247085,0.0,400367.99295085465,181093.1218872234,1006084.5210898916,100000.0,2545384.8968253834,4782440.510474637,6377172.426293615,7780000.0,253750000.0
3294.0,1.0,52182.36719275984,14.497126344426082,0.0,399558.3776130088,181313.82716392697,1006084.5210898916,100000.0,2588295.6706953933,4822583.856225595,6377172.426293615,7780000.0,253750000.0
3295.0,1.0,52196.92119171208,14.610871560051027,0.0,398255.374697382,181634.0393088309,1006084.5210898916,100000.0,2630538.0177532095,4861778.138470515,6377172.426293615,7780000.0,253750000.0
3296.0,1.0,52211.58950080657,14.725746628935843,0.0,396941.9659016748,182009.56446546037,1006084.5210898916,100000.0,2671978.634323649,4899923.905399944,6377172.426293615,7780000.0,253750000.0
3297.0,1.0,52226.38859270368,14.872437165280841,0.0,395618.2413194427,182407.32037528837,1006084.5210898916,100000.0,2714159.6048966968,4938448.5816213265,6377172.426293615,7780000.0,253750000.0
3298.0,1.0,52241.337325951186,15.02502932971983,0.0,394282.7143945108,182815.1046486033,1006084.5210898916,100000.0,2768503.1409930172,4987642.940957019,6377172.426293615,7780000.0,253750000.0
3299.0,1.0,52256.42549584968,15.151310467266066,0.0,392933.683259056,183226.72356905707,1006084.5210898916,100000.0,2825604.619872542,5038816.479184243,6377172.426293615,7780000.0,253750000.0
3300.0,1.0,52271.64704167569,15.291781184758586,0.0,391572.0688243682,183597.18871090133,1006084.5210898916,100000.0,2873301.039751972,5081166.311781206,6377172.426293615,7780000.0,253750000.0
3301.0,1.0,52286.99724762618,15.408630716224687,0.0,390388.80199149845,183857.3929465083,1006084.5210898916,100000.0,2926825.869055716,5128274.783293079,6377172.426293615,7780000.0,253750000.0
3302.0,1.0,52302.453922340654,15.504718712722273,0.0,390215.64429462166,183977.4389398091,1006084.5210898916,100000.0,2971726.445102563,5167461.618261294,6377172.426293615,7780000.0,253750000.0
3303.0,1.0,52318.008979585036,15.605395776049377,0.0,390041.28557894344,183936.81129724305,1006084.5210898916,100000.0,3008905.2937280587,5199685.833574215,6377172.426293615,7780000.0,253750000.0
3304.0,1.0,52333.65691817066,15.690481395195699,0.0,389865.81706106744,183706.89313729524,1006084.5210898916,100000.0,3048107.7142915647,5233449.045254944,6377172.426293615,7780000.0,253750000.0
3305.0,1.0,52349.37872104735,15.753124358194352,0.0,389689.3007970454,183235.32281897034,1006084.5210898916,100000.0,3081436.848117696,5261983.486718431,6377172.426293615,7780000.0,253750000.0
3306.0,1.0,52365.15827853754,15.805990622183966,0.0,389511.9513083378,182579.42406275644,1006084.5210898916,100000.0,3106090.7332975036,5282991.525194482,6377172.426293615,7780000.0,253750000.0
3307.0,1.0,52380.99109135531,15.85963501335712,0.0,389333.9503198468,181793.59223729427,1006084.5210898916,100000.0,3126973.3141259262,5300720.835157083,6377172.426293615,7780000.0,253750000.0
3308.0,1.0,52396.875530141086,15.90924255819434,0.0,389155.34858567844,181007.34598489522,1006084.5210898916,100000.0,3148234.7763353586,5318711.099024617,6377172.426293615,7780000.0,253750000.0
3309.0,1.0,52412.808374905384,15.956446970407175,0.0,388976.1644857915,180236.1793530791,1006084.5210898916,100000.0,3167960.3816731498,5335347.560021283,6377172.426293615,7780000.0,253750000.0
3310.0,1.0,52428.78243512208,15.991673462975239,0.0,390847.9553670349,179526.33908714686,1006084.5210898916,100000.0,3186787.6212788825,5351178.102839443,6377172.426293615,7780000.0,253750000.0
3311.0,1.0,52444.788418364275,16.020293021424006,0.0,392920.1987028442,178924.44764195743,1006084.5210898916,100000.0,3200873.873211491,5362991.71247445,6377172.426293615,7780000.0,253750000.0
3312.0,1.0,52460.82148019858,16.045830647185927,0.0,394996.5832698717,178450.68438342365,1006084.5210898916,100000.0,3212341.037051929,5372589.61072636,6377172.426293615,7780000.0,253750000.0
3313.0,1.0,52476.87590774778,16.063024451208058,0.0,397076.4806214568,178098.1397876945,1006084.5210898916,100000.0,3222590.65592368,5381153.947387845,6377172.426293615,7780000.0,253750000.0
3314.0,1.0,52492.94480345717,16.074766967572685,0.0,399159.1496516068,177895.84396307645,1006084.5210898916,100000.0,3229500.6476537767,5386920.087416284,6377172.426293615,7780000.0,253750000.0
3315.0,1.0,52509.02244430438,16.080514726837784,0.0,401243.69557142217,177822.9476447276,1006084.5210898916,100000.0,3234224.08258428,5390858.0754006505,6377172.426293615,7780000.0,253750000.0
3316.0,1.0,52525.10348802266,16.081572709723993,0.0,403329.3759588256,177817.63141319324,1006084.5210898916,100000.0,3236537.380804992,5392785.652609839,6377172.426293615,7780000.0,253750000.0
3317.0,1.0,52541.18418104615,16.079813337259385,0.0,404110.0404585959,177833.4785813872,1006084.5210898916,100000.0,3236963.276848945,5393140.459344969,6377172.426293615,7780000.0,253750000.0
3318.0,1.0,52557.26234349128,16.076511553002113,0.0,404744.93325546576,177881.0655497239,1006084.5210898916,100000.0,3236255.0485388613,5392550.433543812,6377172.426293615,7780000.0,253750000.0
3319.0,1.0,52573.3366106925,16.072022849441176,0.0,405379.72614084714,177985.29766328103,1006084.5210898916,100000.0,3234926.1377249295,5391443.142199406,6377172.426293615,7780000.0,253750000.0
3320.0,1.0,52589.40580852584,16.066372817229098,0.0,404658.27562240337,178153.92783279112,1006084.5210898916,100000.0,3233119.950196893,5389937.803808599,6377172.426293615,7780000.0,253750000.0
3321.0,1.0,52605.46884073872,16.059691608547794,0.0,403751.9342689235,178381.53838005295,1006084.5210898916,100000.0,3230847.178292297,5388043.000491189,6377172.426293615,7780000.0,253750000.0
3322.0,1.0,52621.52473649805,16.052099910115018,0.0,402845.9406712459,178684.1597455862,1006084.5210898916,100000.0,3228160.6383751165,5385802.380279045,6377172.426293615,7780000.0,253750000.0
3323.0,1.0,52637.57264130905,16.043709711880698,0.0,401940.34958668955,234397.43143207658,1006084.5210898916,100000.0,3225109.3432246163,5383256.416851711,6377172.426293615,7780000.0,253750000.0
3324.0,1.0,52653.61180947354,16.034626617105737,0.0,401035.20921081235,336468.5338136323,1006084.5210898916,100000.0,3221738.789201624,5380442.667327571,6377172.426293615,7780000.0,253750000.0
3325.0,1.0,52669.6415956586,16.0249457529997,0.0,400130.56160278234,336861.2030740001,1006084.5210898916,100000.0,3218091.8676841534,5377396.5469753435,6377172.426293615,7780000.0,253750000.0
3326.0,1.0,52685.6614468721,16.014756674010698,0.0,399226.44316092686,337252.3106880606,1006084.5210898916,100000.0,3214207.211527271,5374149.95779939,6377172.426293615,7780000.0,253750000.0
3327.0,1.0,52701.6708958819,16.004141345585676,0.0,398322.8850753289,337626.86809372006,1006084.5210898916,100000.0,3210121.157187081,5370732.932914391,6377172.426293615,7780000.0,253750000.0
3328.0,1.0,52717.66955447688,15.993175844374761,0.0,397419.91369900433,337996.1226534643,1006084.5210898916,100000.0,3205866.931248258,5367172.960376158,6377172.426293615,7780000.0,253750000.0
3329.0,1.0,52733.65710719571,15.98192959328354,0.0,396517.55092799186,338365.12833457015,1006084.5210898916,100000.0,3201475.3311232785,5363495.553364727,6377172.426293615,7780000.0,253750000.0
3330.0,1.0,52749.63330529582,15.970466606946733,0.0,395615.81455506996,338733.8778609883,1006084.5210898916,100000.0,3196974.419391968,5359723.993650338,6377172.426293615,7780000.0,253750000.0
3331.0,1.0,52765.5979618259,15.958846453209942,0.0,394714.7186099151,339102.3654955243,1006084.5210898916,100000.0,3192390.0253174035,5355879.749277362,6377172.426293615,7780000.0,253750000.0
3332.0,1.0,52781.55094656629,15.947123027565008,0.0,393814.2736370313,339470.58692618535,1006084.5210898916,100000.0,3187746.132537323,5351982.797008271,6377172.426293615,7780000.0,253750000.0
3333.0,1.0,52797.491765803454,15.934515446764017,0.0,392914.48698111996,339839.40989878174,1006084.5210898916,100000.0,3183064.393375005,5348051.211316433,6377172.426293615,7780000.0,253750000.0
3334.0,1.0,52813.41897939408,15.919911734492732,0.0,392015.38648881,340222.11379699723,1006084.5210898916,100000.0,3178033.407152241,5343823.11401901,6377172.426293615,7780000.0,253750000.0
3335.0,1.0,52829.33110065221,15.904330781768618,0.0,391117.053387643,340612.04219703714,1006084.5210898916,100000.0,3172210.849430105,5338925.591063481,6377172.426293615,7780000.0,253750000.0
3336.0,1.0,52845.227416353984,15.888300621768888,0.0,390219.57153027866,341001.60110814974,1006084.5210898916,100000.0,3166004.548635974,5333700.339276959,6377172.426293615,7780000.0,253750000.0
3337.0,1.0,52861.108114032584,15.87309473542535,0.0,389322.9811442552,341390.7730692622,1006084.5210898916,100000.0,3159625.6593099204,5328324.440661519,6377172.426293615,7780000.0,253750000.0
3338.0,1.0,52876.97416309873,15.859003396857407,0.0,388427.27165225055,341779.48930323706,1006084.5210898916,100000.0,3153580.7185532395,5323224.971701623,6377172.426293615,7780000.0,253750000.0
3339.0,1.0,52892.82718338137,15.847037168437502,0.0,387532.3883771723,342166.2938995653,1006084.5210898916,100000.0,3147984.0218341267,5318499.279163408,6377172.426293615,7780000.0,253750000.0
3340.0,1.0,52908.66839079491,15.835377658640606,0.0,386638.23995677655,342553.0589725575,1006084.5210898916,100000.0,3143235.263872105,5314486.266767044,6377172.426293615,7780000.0,253750000.0
3341.0,1.0,52924.496660838944,15.821162429420566,0.0,385744.7578105712,342929.3856673528,1006084.5210898916,100000.0,3138611.6740103434,5310576.115990327,6377172.426293615,7780000.0,253750000.0
3342.0,1.0,52940.30969350249,15.80490289766751,0.0,384852.0053630793,343266.9396125413,1006084.5210898916,100000.0,3132979.2148827743,5305808.875296318,6377172.426293615,7780000.0,253750000.0
3343.0,1.0,52956.10746057861,15.790631254583882,0.0,383960.1123404448,343509.6019452262,1006084.5210898916,100000.0,3126542.9496414913,5300356.0542240115,6377172.426293615,7780000.0,253750000.0
3344.0,1.0,52971.89202805904,15.778503706271962,0.0,383069.0803336062,343538.0015128261,1006084.5210898916,100000.0,3120899.0353102074,5295569.894491692,6377172.426293615,7780000.0,253750000.0
3345.0,1.0,52987.6648083896,15.76705695485637,0.0,383209.3081557887,343346.75308242464,1006084.5210898916,100000.0,3116107.0394937242,5291502.781613228,6377172.426293615,7780000.0,253750000.0
3346.0,1.0,53003.42651916332,15.756364592574213,0.0,383921.0063112885,342942.34702617157,1006084.5210898916,100000.0,3111587.4266185393,5287663.981807898,6377172.426293615,7780000.0,253750000.0
3347.0,1.0,53019.178432361434,15.747461803665395,0.0,384632.20498711383,342387.91813035443,1006084.5210898916,100000.0,3107368.6381528825,5284078.175079242,6377172.426293615,7780000.0,253750000.0
3348.0,1.0,53034.92247087173,15.740615216927202,0.0,385824.71643927746,341745.826012607,1006084.5210898916,100000.0,3103858.128942937,5281092.522374012,6377172.426293615,7780000.0,253750000.0
3349.0,1.0,53050.659884354776,15.734211749164093,0.0,387334.31913663144,341053.2959219545,1006084.5210898916,100000.0,3101159.7621187638,5278796.44072748,6377172.426293615,7780000.0,253750000.0
3350.0,1.0,53066.39110202568,15.728223592646188,0.0,388843.2865993218,340358.6316071329,1006084.5210898916,100000.0,3098637.098675024,5276648.964128226,6377172.426293615,7780000.0,253750000.0
3351.0,1.0,53082.11654061777,15.722653591526383,0.0,390351.6599822453,339664.24078131904,1006084.5210898916,100000.0,3096278.9769765935,5274640.76693405,6377172.426293615,7780000.0,253750000.0
3352.0,1.0,53097.83661855509,15.717502283116053,0.0,391859.47924349614,338968.5269644063,1006084.5210898916,100000.0,3094086.3296677996,5272772.802964354,6377172.426293615,7780000.0,253750000.0
3353.0,1.0,53113.55175478124,15.712770169187712,0.0,393366.78450327937,338271.78468764084,1006084.5210898916,100000.0,3092059.1932419324,5271045.25241269,6377172.426293615,7780000.0,253750000.0
3354.0,1.0,53129.26236578918,15.708451846687689,0.0,394873.6159316178,337572.46607663174,1006084.5210898916,100000.0,3090197.6030902243,5269458.283554244,6377172.426293615,7780000.0,253750000.0
3355.0,1.0,53144.96886847394,15.70455352282778,0.0,396380.0134635572,336857.94208819704,1006084.5210898916,100000.0,3088499.285610538,5268010.084412794,6377172.426293615,7780000.0,253750000.0
3356.0,1.0,53160.671682385066,15.701074299425953,0.0,397886.0170726946,336140.2258248503,1006084.5210898916,100000.0,3086966.5468517467,5266702.736648244,6377172.426293615,7780000.0,253750000.0
3357.0,1.0,53176.371225977615,15.698012885672826,0.0,399391.6669871546,335424.58416275,1006084.5210898916,100000.0,3085598.9108313713,5265535.939044913,6377172.426293615,7780000.0,253750000.0
3358.0,1.0,53192.06791627614,15.695367711372148,0.0,400897.003330116,334708.2256201103,1006084.5210898916,100000.0,3084395.7608000636,5264509.258715023,6377172.426293615,7780000.0,253750000.0
3359.0,1.0,53207.76216335337,15.693126443094874,0.0,402402.0660875961,333990.35237792676,1006084.5210898916,100000.0,3083356.383769641,5263622.169075191,6377172.426293615,7780000.0,253750000.0
3360.0,1.0,53223.45434015382,15.69122715779741,0.0,403906.8945790431,333276.0328428004,1006084.5210898916,100000.0,3082475.851938173,5262870.533968066,6377172.426293615,7780000.0,253750000.0
3361.0,1.0,53239.14486629317,15.689825120915494,0.0,405411.5245638988,332567.7281485576,1006084.5210898916,100000.0,3081729.7741172235,5262233.586788429,6377172.426293615,7780000.0,253750000.0
3362.0,1.0,53254.834203221086,15.688848734914117,0.0,406915.99627662863,331850.8807744035,1006084.5210898916,100000.0,3081179.0835014796,5261763.397586796,6377172.426293615,7780000.0,253750000.0
3363.0,1.0,53270.52277088356,15.688286590035998,0.0,408420.35396291007,255442.0825524101,1006084.5210898916,100000.0,3080795.6086706384,5261435.955305933,6377172.426293615,7780000.0,253750000.0
3364.0,1.0,53286.210983207915,15.688138058676072,0.0,409924.63788888033,173840.57009460687,1006084.5210898916,100000.0,3080574.8375389497,5261247.433552438,6377172.426293615,7780000.0,253750000.0
3365.0,1.0,53301.8993785761,15.688652677692495,0.0,411428.8877435807,173152.7323928632,1006084.5210898916,100000.0,3080516.5061461204,5261197.621851732,6377172.426293615,7780000.0,253750000.0
3366.0,1.0,53317.58863090614,15.68985198238399,0.0,412933.15514927014,172521.19307100002,1006084.5210898916,100000.0,3080718.6102288053,5261370.205260625,6377172.426293615,7780000.0,253750000.0
3367.0,1.0,53333.2794140763,15.691714357935457,0.0,414437.50472396176,171994.83252496432,1006084.5210898916,100000.0,3081189.633659317,5261772.405889354,6377172.426293615,7780000.0,253750000.0
3368.0,1.0,53348.97251296746,15.694483424387963,0.0,415942.00108185445,171585.68944726262,1006084.5210898916,100000.0,3081921.147610859,5262396.974960948,6377172.426293615,7780000.0,253750000.0
3369.0,1.0,53364.66895179365,15.698394227986483,0.0,417446.71948053257,171291.10436756312,1006084.5210898916,100000.0,3083008.957043551,5263325.613259528,6377172.426293615,7780000.0,253750000.0
3370.0,1.0,53380.36952552862,15.702753241966247,0.0,418951.7581258172,171124.02363428904,1006084.5210898916,100000.0,3084545.6173342266,5264637.146248026,6377172.426293615,7780000.0,253750000.0
3371.0,1.0,53396.07491410206,15.708023904900672,0.0,420457.1932430409,171069.3801938956,1006084.5210898916,100000.0,3086258.842777049,5266098.991745444,6377172.426293615,7780000.0,253750000.0
3372.0,1.0,53411.785416934865,15.712981760711092,0.0,421667.7181185416,171052.67326260553,1006084.5210898916,100000.0,3088331.0093331523,5267866.56921018,6377172.426293615,7780000.0,253750000.0
3373.0,1.0,53427.500674445146,15.717533259857072,0.0,421520.86460114643,171045.33735686907,1006084.5210898916,100000.0,3090280.830174163,5269529.243206399,6377172.426293615,7780000.0,253750000.0
3374.0,1.0,53443.22068867402,15.722495197886134,0.0,421077.6754665713,171043.3336485383,1006084.5210898916,100000.0,3092071.3811849663,5271055.64081924,6377172.426293615,7780000.0,253750000.0
3375.0,1.0,53458.9465028479,15.729133149891052,0.0,420634.3521868191,171042.89654185608,1006084.5210898916,100000.0,3094023.988902542,5272719.683834456,6377172.426293615,7780000.0,253750000.0
3376.0,1.0,53474.68021810316,15.738297360624536,0.0,420190.8653416526,171039.17248015193,1006084.5210898916,100000.0,3096637.1006248454,5274945.797422418,6377172.426293615,7780000.0,253750000.0
3377.0,1.0,53490.42274581739,15.746758067841007,0.0,419747.15567650273,171024.51367091897,1006084.5210898916,100000.0,3100246.517830669,5278019.120944739,6377172.426293615,7780000.0,253750000.0
3378.0,1.0,53506.174579710816,15.756909719012368,0.0,419303.1974894266,170989.55040096812,1006084.5210898916,100000.0,3103580.719493776,5280856.516467394,6377172.426293615,7780000.0,253750000.0
3379.0,1.0,53521.93639290151,15.766716662379194,0.0,418946.5046292462,170845.7004386511,1006084.5210898916,100000.0,3107583.654515326,5284260.989503064,6377172.426293615,7780000.0,253750000.0
3380.0,1.0,53537.70795557347,15.776408681539065,0.0,420037.3605285841,170589.51639881823,1006084.5210898916,100000.0,3111453.116408324,5287549.86080992,6377172.426293615,7780000.0,253750000.0
3381.0,1.0,53553.48889022086,15.785460613254637,0.0,421549.60235494294,170230.05589168653,1006084.5210898916,100000.0,3115279.598814472,5290800.190961538,6377172.426293615,7780000.0,253750000.0
3382.0,1.0,53569.278485392606,15.793729730233506,0.0,423062.7428045738,169812.0270620013,1006084.5210898916,100000.0,3118855.493511496,5293835.8604232045,6377172.426293615,7780000.0,253750000.0
3383.0,1.0,53585.076451758854,15.802203002267586,0.0,424576.71366064105,169380.47668445666,1006084.5210898916,100000.0,3122123.936107163,5296609.003955046,6377172.426293615,7780000.0,253750000.0
3384.0,1.0,53600.883378229206,15.811649938434996,0.0,426091.48718101793,168927.55368785854,1006084.5210898916,100000.0,3125474.848435165,5299450.613233869,6377172.426293615,7780000.0,253750000.0
3385.0,1.0,53616.69949956698,15.82059273712211,0.0,427607.11983276164,168464.33245654547,1006084.5210898916,100000.0,3129212.933195333,5302618.751983788,6377172.426293615,7780000.0,253750000.0
3386.0,1.0,53632.52520443523,15.830816999381742,0.0,429123.6341259379,167987.4705931135,1006084.5210898916,100000.0,3132753.592776493,5305617.822428564,6377172.426293615,7780000.0,253750000.0
3387.0,1.0,53648.36163220635,15.842038542860577,0.0,430641.0673271469,167525.69093010924,1006084.5210898916,100000.0,3136804.066079319,5309046.646428224,6377172.426293615,7780000.0,253750000.0
3388.0,1.0,53664.21006497817,15.854827000771204,0.0,432159.5286840659,167099.03927285044,1006084.5210898916,100000.0,3141252.6373376218,5312809.920160488,6377172.426293615,7780000.0,253750000.0
3389.0,1.0,53680.07159918323,15.868241409356248,0.0,433679.1411294702,166750.42581311817,1006084.5210898916,100000.0,3146326.225730799,5317098.676677985,6377172.426293615,7780000.0,253750000.0
3390.0,1.0,53695.94739338231,15.883346988793317,0.0,435200.0097937889,166499.2689830234,1006084.5210898916,100000.0,3151652.548161791,5321597.3529569805,6377172.426293615,7780000.0,253750000.0
3391.0,1.0,53711.8383335302,15.898533306984756,0.0,436722.24576455937,166365.19764358454,1006084.5210898916,100000.0,3157655.758776498,5326663.182841558,6377172.426293615,7780000.0,253750000.0
3392.0,1.0,53727.74281223336,15.910424099340096,0.0,438245.9339907447,166321.15862584356,1006084.5210898916,100000.0,3163696.814167886,5331756.089396475,6377172.426293615,7780000.0,253750000.0
3393.0,1.0,53743.658037173846,15.92002578163655,0.0,439770.92034888925,166305.21576785803,1006084.5210898916,100000.0,3168430.952728935,5335743.803440542,6377172.426293615,7780000.0,253750000.0
3394.0,1.0,53759.58328802967,15.930475930012891,0.0,441296.9371001469,166302.41390391559,1006084.5210898916,100000.0,3172256.299793005,5338963.838085504,6377172.426293615,7780000.0,253750000.0
3395.0,1.0,53775.51867564617,15.940299302982384,0.0,441507.63974692073,166304.46704083093,1006084.5210898916,100000.0,3176422.301750431,5342468.41559368,6377172.426293615,7780000.0,253750000.0
3396.0,1.0,53791.463454076606,15.949257557895093,0.0,440790.12746865995,166305.20624526966,1006084.5210898916,100000.0,3180340.9293777277,5345762.796756846,6377172.426293615,7780000.0,253750000.0
3397.0,1.0,53807.41738566919,15.958605627274915,0.0,440070.6684284048,166307.54248645483,1006084.5210898916,100000.0,3183916.559899578,5348767.050624732,6377172.426293615,7780000.0,253750000.0
3398.0,1.0,53823.38044589536,15.967514825063112,0.0,439350.7963798851,166319.565721974,1006084.5210898916,100000.0,3187649.9243116416,5351902.033259769,6377172.426293615,7780000.0,253750000.0
3399.0,1.0,53839.35291576492,15.977424914046567,0.0,438630.5124298784,166410.06618482596,1006084.5210898916,100000.0,3191210.0512518883,5354889.835256447,6377172.426293615,7780000.0,253750000.0
3400.0,1.0,53855.335293256554,15.98733006922872,0.0,436962.628214652,166653.68362356722,1006084.5210898916,100000.0,3195172.469931858,5358213.29763274,6377172.426293615,7780000.0,253750000.0
3401.0,1.0,53871.326890555516,15.99586452869236,0.0,434528.7281249189,167042.32614951237,1006084.5210898916,100000.0,3199135.3725358928,5361535.105401992,6377172.426293615,7780000.0,253750000.0
3402.0,1.0,53887.32774389649,16.005842153255774,0.0,432093.4239831341,167549.7041533147,1006084.5210898916,100000.0,3202551.8502766923,5364397.234589404,6377172.426293615,7780000.0,253750000.0
3403.0,1.0,53903.337668794826,16.014007643417212,0.0,429656.71027124766,168167.17844947233,1006084.5210898916,100000.0,3206548.361470383,5367743.34579957,6377172.426293615,7780000.0,253750000.0
3404.0,1.0,53919.35626002187,16.023174810679784,0.0,427218.61508377723,168877.31570273257,1006084.5210898916,100000.0,3209820.8812885205,5370481.736885748,6377172.426293615,7780000.0,253750000.0
3405.0,1.0,53935.38438841422,16.03308197401752,0.0,425569.2367302321,169597.98436932525,1006084.5210898916,100000.0,3213496.836448578,5373556.05191412,6377172.426293615,7780000.0,253750000.0
3406.0,1.0,53951.42170063139,16.04154246032597,0.0,424657.8443653896,170219.6031065832,1006084.5210898916,100000.0,3217471.888927385,5376878.533141456,6377172.426293615,7780000.0,253750000.0
3407.0,1.0,53967.46690924528,16.048874767458543,0.0,423753.30143724557,170682.14722452773,1006084.5210898916,100000.0,3220868.4360320903,5379715.854580063,6377172.426293615,7780000.0,253750000.0
3408.0,1.0,53983.51913561257,16.055577967118385,0.0,422848.31313336093,170962.20988787292,1006084.5210898916,100000.0,3223813.5136622414,5382174.82815005,6377172.426293615,7780000.0,253750000.0
3409.0,1.0,53999.57799571487,16.062142237479467,0.0,421942.9290113293,14031.172598746214,1006084.5210898916,100000.0,3226507.0830123895,5384422.823289896,6377172.426293615,7780000.0,253750000.0
3410.0,1.0,54015.643383562856,16.068633458500013,0.0,421037.17073071015,13966.643930716258,1006084.5210898916,100000.0,3229145.916005689,5386624.226890742,6377172.426293615,7780000.0,253750000.0
3411.0,1.0,54031.71522200869,16.075043433160435,0.0,420131.04426955426,13741.17250109845,1006084.5210898916,100000.0,3231756.443924193,5388801.132554657,6377172.426293615,7780000.0,253750000.0
3412.0,1.0,54047.79343746202,16.08138747351086,0.0,420217.32032627217,13402.629192096727,1006084.5210898916,100000.0,3234335.332638834,5390950.7913168,6377172.426293615,7780000.0,253750000.0
3413.0,1.0,54063.87799062694,16.08771885632849,0.0,421396.2252858501,13046.047072046185,1006084.5210898916,100000.0,3236888.707106668,5393078.338249376,6377172.426293615,7780000.0,253750000.0
3414.0,1.0,54079.96887881026,16.094057510298438,0.0,422575.5949462309,12680.265721521975,1006084.5210898916,100000.0,3239437.9916017232,5395201.64033268,6377172.426293615,7780000.0,253750000.0
3415.0,1.0,54096.06612022489,16.100425318959704,0.0,423755.4291099401,12312.216992989286,1006084.5210898916,100000.0,3241991.208979865,5397327.380880584,6377172.426293615,7780000.0,253750000.0
3416.0,1.0,54112.16975382316,16.106841877586593,0.0,424935.7291124068,11943.73429614441,1006084.5210898916,100000.0,3244557.1826364696,5399462.898789706,6377172.426293615,7780000.0,253750000.0
3417.0,1.0,54128.279838872266,16.113328220627967,0.0,426116.49780973676,11572.629677078945,1006084.5210898916,100000.0,3247143.8273344617,5401614.765560765,6377172.426293615,7780000.0,253750000.0
3418.0,1.0,54144.39646391404,16.119921862919064,0.0,427297.7395475862,11201.05396834528,1006084.5210898916,100000.0,3249759.6510766307,5403790.035338233,6377172.426293615,7780000.0,253750000.0
3419.0,1.0,54160.51975176056,16.126653830129875,0.0,428479.4608181182,10820.70209404901,1006084.5210898916,100000.0,3252419.8261244483,5406001.289153792,6377172.426293615,7780000.0,253750000.0
3420.0,1.0,54176.649835904456,16.133514457663093,0.0,429661.6706262988,10428.269945377087,1006084.5210898916,100000.0,3255136.930552289,5408258.931822886,6377172.426293615,7780000.0,253750000.0
3421.0,1.0,54192.78685397502,16.14052168346293,0.0,430844.37876022304,10035.670196340758,1006084.5210898916,100000.0,3257907.1310667247,5410559.7222115975,6377172.426293615,7780000.0,253750000.0
3422.0,1.0,54208.930960501326,16.147691369155787,0.0,432027.5953113012,9641.06021322142,1006084.5210898916,100000.0,3260737.7416652385,5412909.676015928,6377172.426293615,7780000.0,253750000.0
3423.0,1.0,54225.08232467186,16.155036971903307,0.0,433211.33161008765,9248.086375347555,1006084.5210898916,100000.0,3263635.2511259555,5415314.112614817,6377172.426293615,7780000.0,253750000.0
3424.0,1.0,54241.241129081565,16.16257184751232,0.0,434395.60006200965,8853.846729276562,1006084.5210898916,100000.0,3266605.189091114,5417777.545022269,6377172.426293615,7780000.0,253750000.0
3425.0,1.0,54257.407567837115,16.17030566359297,0.0,435580.41405549913,8458.24854669539,1006084.5210898916,100000.0,3269653.0563034103,5420304.452261791,6377172.426293615,7780000.0,253750000.0
3426.0,1.0,54273.582297392495,16.17915344716736,0.0,436765.78782306367,8065.144060211351,1006084.5210898916,100000.0,3272782.8732079524,5422898.076477691,6377172.426293615,7780000.0,253750000.0
3427.0,1.0,54289.76660658326,16.189464934368594,0.0,437951.76949795836,7694.601768999699,1006084.5210898916,100000.0,3276365.34062786,5425865.282511072,6377172.426293615,7780000.0,253750000.0
3428.0,1.0,54305.96151421074,16.200350320599295,0.0,439138.4535816311,7369.639729305673,1006084.5210898916,100000.0,3280542.9343761625,5429323.358398599,6377172.426293615,7780000.0,253750000.0
3429.0,1.0,54322.167209199884,16.211039657689454,0.0,440325.91477577743,7130.243981218259,1006084.5210898916,100000.0,3284955.9254507846,5432973.89792953,6377172.426293615,7780000.0,253750000.0
3430.0,1.0,54338.383064624184,16.22067119090429,0.0,441514.166932963,6977.510198607576,1006084.5210898916,100000.0,3289292.3237387547,5436558.690125236,6377172.426293615,7780000.0,253750000.0
3431.0,1.0,54354.61019128319,16.233582127107113,0.0,442703.1640849788,6911.776575940185,1006084.5210898916,100000.0,3293202.047026118,5439788.735619173,6377172.426293615,7780000.0,253750000.0
3432.0,1.0,54370.85006727741,16.24616986133891,0.0,443892.98767911614,6888.951645258522,1006084.5210898916,100000.0,3298446.619508034,5444118.56664132,6377172.426293615,7780000.0,253750000.0
3433.0,1.0,54387.10185682172,16.257409227281688,0.0,444618.659754023,6877.41664784215,1006084.5210898916,100000.0,3303563.920996462,5448340.008163387,6377172.426293615,7780000.0,253750000.0
3434.0,1.0,54403.364304902054,16.267486933392075,0.0,444985.31573983707,6873.482134618829,1006084.5210898916,100000.0,3308136.421185551,5452109.258864019,6377172.426293615,7780000.0,253750000.0
3435.0,1.0,54419.6369113382,16.277725938909125,0.0,445352.21219246375,6870.540870984448,1006084.5210898916,100000.0,3312239.0133189447,5455488.933572603,6377172.426293615,7780000.0,253750000.0
3436.0,1.0,54435.91993243687,16.288316258427685,0.0,445719.3378273569,6867.597770086684,1006084.5210898916,100000.0,3316409.8734740783,5458922.701893289,6377172.426293615,7780000.0,253750000.0
3437.0,1.0,54452.21434095453,16.30050077689789,0.0,446086.69842704193,6866.557036250294,1006084.5210898916,100000.0,3320726.6024219105,5462474.287406962,6377172.426293615,7780000.0,253750000.0
3438.0,1.0,54468.5218522386,16.31452179123356,0.0,446454.3159378399,6869.076220264898,1006084.5210898916,100000.0,3325696.617447295,5466560.505883566,6377172.426293615,7780000.0,253750000.0
3439.0,1.0,54484.84356386904,16.3289014696488,0.0,446822.2290596369,6872.025634133485,1006084.5210898916,100000.0,3331420.3304826715,5471262.614381264,6377172.426293615,7780000.0,253750000.0
3440.0,1.0,54501.17973986153,16.34345051532799,0.0,447190.46255488996,6874.977616309273,1006084.5210898916,100000.0,3337295.5703876787,5476085.005005206,6377172.426293615,7780000.0,253750000.0
3441.0,1.0,54517.5301380101,16.35734578180498,0.0,447559.02238004806,6874.514590080398,1006084.5210898916,100000.0,3343245.2782470915,5480964.194890026,6377172.426293615,7780000.0,253750000.0
3442.0,1.0,54533.893060799484,16.3684997969574,0.0,447927.903070712,6871.557419595168,1006084.5210898916,100000.0,3348932.5757035255,5485624.132396332,6377172.426293615,7780000.0,253750000.0
3443.0,1.0,54550.26690271473,16.379184033527615,0.0,448297.0663293045,6870.636421420037,1006084.5210898916,100000.0,3353501.383013284,5489364.759727283,6377172.426293615,7780000.0,253750000.0
3444.0,1.0,54566.65140388985,16.38981831673015,0.0,448666.4759338663,6870.636421420037,1006084.5210898916,100000.0,3357880.6842461964,5492947.841404934,6377172.426293615,7780000.0,253750000.0
3445.0,1.0,54583.046504979255,16.40038386206684,0.0,449036.12602157216,6870.636421420037,1006084.5210898916,100000.0,3362242.3479422783,5496514.170645921,6377172.426293615,7780000.0,253750000.0
3446.0,1.0,54599.45227108548,16.411148350378177,0.0,449406.01525352866,6870.636421420037,1006084.5210898916,100000.0,3366578.622250939,5500057.4478526255,6377172.426293615,7780000.0,253750000.0
3447.0,1.0,54615.86862724872,16.4215639761033,0.0,449776.1450985098,6870.12245947782,1006084.5210898916,100000.0,3370999.4199025608,5503667.442875123,6377172.426293615,7780000.0,253750000.0
3448.0,1.0,54632.295286318746,16.43175416395077,0.0,450146.5138653517,6870.273553694947,1006084.5210898916,100000.0,3375279.7066269107,5507160.44281496,6377172.426293615,7780000.0,253750000.0
3449.0,1.0,54648.73206987917,16.441812956892605,0.0,450517.1150756691,6871.4081969927365,1006084.5210898916,100000.0,3379469.97813829,5510577.839568406,6377172.426293615,7780000.0,253750000.0
3450.0,1.0,54665.17884057139,16.45172842755109,0.0,450887.9447042159,6871.4081969927365,1006084.5210898916,100000.0,3383608.7685617963,5513951.171528282,6377172.426293615,7780000.0,253750000.0
3451.0,1.0,54681.63544946012,16.461489349911485,0.0,451258.9996520529,6871.4081969927365,1006084.5210898916,100000.0,3387691.0665393346,5517276.438711223,6377172.426293615,7780000.0,253750000.0
3452.0,1.0,54698.101737823206,16.47108737627161,0.0,451630.2765590545,6871.4081969927365,1006084.5210898916,100000.0,3391712.1393478275,5520549.876344007,6377172.426293615,7780000.0,253750000.0
3453.0,1.0,54714.57753893086,16.48051483903428,0.0,452001.7718442972,6871.4081969927365,1006084.5210898916,100000.0,3395668.4317841046,5523768.684928652,6377172.426293615,7780000.0,253750000.0
3454.0,1.0,54731.06267899489,16.489765289020642,0.0,452373.48174619704,6871.4081969927365,1006084.5210898916,100000.0,3399556.6631292165,5526930.29304821,6377172.426293615,7780000.0,253750000.0
3455.0,1.0,54747.55697922658,16.498835174364704,0.0,452745.4023439248,6871.784953357617,1006084.5210898916,100000.0,3403374.0504931584,5530032.537896342,6377172.426293615,7780000.0,253750000.0
3456.0,1.0,54764.0602578208,16.507722014065084,0.0,453117.5296038366,6874.366847126546,1006084.5210898916,100000.0,3407119.0039378754,5533074.2283139145,6377172.426293615,7780000.0,253750000.0
3457.0,1.0,54780.57233082382,16.516423991987967,0.0,453489.8594242315,6874.550426109972,1006084.5210898916,100000.0,3410790.3752357806,5536054.532268569,6377172.426293615,7780000.0,253750000.0
3458.0,1.0,54797.09301398556,16.52494233148655,0.0,453862.3876549374,6875.699174172818,1006084.5210898916,100000.0,3414387.291337079,5538972.840698928,6377172.426293615,7780000.0,253750000.0
3459.0,1.0,54813.62212404682,16.533277791035637,0.0,454235.110139097,6876.700372348165,1006084.5210898916,100000.0,3417910.1374939866,5541829.563870565,6377172.426293615,7780000.0,253750000.0
3460.0,1.0,54830.15947993544,16.54143398621137,0.0,454608.02274220577,6876.700372348165,1006084.5210898916,100000.0,3421359.1101442557,5544624.956146735,6377172.426293615,7780000.0,253750000.0
3461.0,1.0,54846.704904266386,16.549414675668675,0.0,454981.1213791019,6876.700372348165,1006084.5210898916,100000.0,3424735.5919447485,5547360.230052499,6377172.426293615,7780000.0,253750000.0
3462.0,1.0,54863.25822434343,16.557225478423867,0.0,455354.4020478091,6877.910006856929,1006084.5210898916,100000.0,3428041.0302258627,5550036.646096039,6377172.426293615,7780000.0,253750000.0
3463.0,1.0,54879.81927343715,16.564872709013077,0.0,455727.8608521322,6884.169259816661,1006084.5210898916,100000.0,3431277.6487413533,5552656.088679134,6377172.426293615,7780000.0,253750000.0
3464.0,1.0,54896.387891134094,16.572362684876786,0.0,455738.3617426619,6899.388027568511,1006084.5210898916,100000.0,3434447.9662643755,5555220.675454137,6377172.426293615,7780000.0,253750000.0
3465.0,1.0,54912.96392450716,16.579704061258877,0.0,454056.2440426956,6926.242756515697,1006084.5210898916,100000.0,3437554.509670225,5557732.525047409,6377172.426293615,7780000.0,253750000.0
3466.0,1.0,54929.54722913619,16.586905196800632,0.0,452373.3734712294,7021.238234169053,1006084.5210898916,100000.0,3440600.7827564045,5560194.5400945805,6377172.426293615,7780000.0,253750000.0
3467.0,1.0,54946.13785125018,16.59433903119622,0.0,450689.76469042146,7199.234849716704,1006084.5210898916,100000.0,3443590.1742527774,5562609.523762192,6377172.426293615,7780000.0,253750000.0
3468.0,1.0,54962.73575470069,16.601467869818944,0.0,449005.4130069047,7450.257908220866,1006084.5210898916,100000.0,3446677.5272230976,5565102.5456681065,6377172.426293615,7780000.0,253750000.0
3469.0,1.0,54979.34070025424,16.608423237281446,0.0,447320.3220906243,7736.827186372474,1006084.5210898916,100000.0,3449639.511496561,5567493.283731996,6377172.426293615,7780000.0,253750000.0
3470.0,1.0,54995.95346187363,16.617100001507914,0.0,445634.51622959925,8025.693368734895,1006084.5210898916,100000.0,3452530.6457958035,5569825.846246168,6377172.426293615,7780000.0,253750000.0
3471.0,1.0,55012.57465491723,16.625286085703287,0.0,443947.9168477781,8314.695522461554,1006084.5210898916,100000.0,3456139.009956246,5572735.698973301,6377172.426293615,7780000.0,253750000.0
3472.0,1.0,55029.2040271364,16.633458352637557,0.0,442260.4614713188,8577.688230646321,1006084.5210898916,100000.0,3459545.0451525254,5575480.996505735,6377172.426293615,7780000.0,253750000.0
3473.0,1.0,55045.84138218179,16.641251738141133,0.0,440572.1757095945,8790.210849435756,1006084.5210898916,100000.0,3462947.0045722444,5578221.660260662,6377172.426293615,7780000.0,253750000.0
3474.0,1.0,55062.48648320002,16.648950298314894,0.0,438883.0794968405,8929.068080649266,1006084.5210898916,100000.0,3466192.8002289073,5580835.261768008,6377172.426293615,7780000.0,253750000.0
3475.0,1.0,55079.13958851373,16.657260329111907,0.0,437193.1968794352,8996.509667871584,1006084.5210898916,100000.0,3469400.5957349613,5583417.06250984,6377172.426293615,7780000.0,253750000.0
3476.0,1.0,55095.80077404894,16.665110741306705,0.0,435502.50163134624,9023.547062775728,1006084.5210898916,100000.0,3472864.84068505,5586203.926961392,6377172.426293615,7780000.0,253750000.0
3477.0,1.0,55112.469522452004,16.672386064823243,0.0,433810.9860442383,9038.438709113112,1006084.5210898916,100000.0,3476139.069994784,5588836.653025847,6377172.426293615,7780000.0,253750000.0
3478.0,1.0,55129.14582129286,16.68021161689185,0.0,432118.7026420899,9043.834464386387,1006084.5210898916,100000.0,3479174.8201948977,5591276.516484483,6377172.426293615,7780000.0,253750000.0
3479.0,1.0,55145.83080263454,16.68975106646733,0.0,429997.2203297924,9042.867705778444,1006084.5210898916,100000.0,3482441.641545593,5593900.905419553,6377172.426293615,7780000.0,253750000.0
3480.0,1.0,55162.52504138221,16.698726428871623,0.0,427644.5377738785,9036.576957604108,1006084.5210898916,100000.0,3486426.0125670806,5597100.069605422,6377172.426293615,7780000.0,253750000.0
3481.0,1.0,55179.228129237934,16.707449282586516,0.0,425290.5498681348,9013.316317610488,1006084.5210898916,100000.0,3490176.8595238915,5600110.060667465,6377172.426293615,7780000.0,253750000.0
3482.0,1.0,55195.93972761012,16.71574746178471,0.0,422935.3141850173,8890.090518282495,1006084.5210898916,100000.0,3493824.1141639147,5603035.370034894,6377172.426293615,7780000.0,253750000.0
3483.0,1.0,55212.66001116454,16.724819647045464,0.0,422017.5978412568,8581.180347853964,1006084.5210898916,100000.0,3497295.569081604,5605818.259916404,6377172.426293615,7780000.0,253750000.0
3484.0,1.0,55229.38887913855,16.732916300972896,0.0,421451.75935008517,8122.626419265389,1006084.5210898916,100000.0,3501092.793624697,5608860.721637507,6377172.426293615,7780000.0,253750000.0
3485.0,1.0,55246.124866850056,16.739059122037244,0.0,420722.77895808895,7529.791538224581,1006084.5210898916,100000.0,3504483.4428374968,5611576.027700511,6377172.426293615,7780000.0,253750000.0
3486.0,1.0,55262.8658838698,16.74297491745014,0.0,417771.93614075525,6778.07040627216,1006084.5210898916,100000.0,3507056.9770367662,5613636.093430066,6377172.426293615,7780000.0,253750000.0
3487.0,1.0,55279.61039018013,16.746037703205705,0.0,414372.6952916463,5907.3311864041,1006084.5210898916,100000.0,3508697.9920789176,5614949.300480956,6377172.426293615,7780000.0,253750000.0
3488.0,1.0,55296.35703957054,16.7472610776014,0.0,410972.74594680645,5007.240267711498,1006084.5210898916,100000.0,3509981.7989531625,5615976.440927651,6377172.426293615,7780000.0,253750000.0
3489.0,1.0,55313.10388438595,16.746428553224668,0.0,407572.3614524595,4195.825859909454,1006084.5210898916,100000.0,3510494.658029111,5616386.713608653,6377172.426293615,7780000.0,253750000.0
3490.0,1.0,55329.84856082394,16.742924322757627,0.0,404171.93727732927,3495.7559493003014,1006084.5210898916,100000.0,3510145.6457671598,5616107.516979034,6377172.426293615,7780000.0,253750000.0
3491.0,1.0,55346.5881441212,16.736242271746093,0.0,400771.953388297,2924.567838715538,1006084.5210898916,100000.0,3508676.786620666,5614932.332968627,6377172.426293615,7780000.0,253750000.0
3492.0,1.0,55363.31900734059,16.725484167043064,0.0,397373.0036546004,2533.2812500529867,1006084.5210898916,100000.0,3505876.7406581743,5612691.430271347,6377172.426293615,7780000.0,253750000.0
3493.0,1.0,55380.03705403226,16.710609216290514,0.0,393975.82452091173,2315.364932506178,1006084.5210898916,100000.0,3501371.0139515805,5609083.576065353,6377172.426293615,7780000.0,253750000.0
3494.0,1.0,55396.738620407006,16.69252353320521,0.0,390065.6336877217,2244.052340258434,1006084.5210898916,100000.0,3495145.835562161,5604095.090163982,6377172.426293615,7780000.0,253750000.0
3495.0,1.0,55413.42275874052,16.675753133817256,0.0,384507.78378514084,2234.6516756402443,1006084.5210898916,100000.0,3487584.4244527156,5598029.848228829,6377172.426293615,7780000.0,253750000.0
3496.0,1.0,55430.088926434626,16.656582254395925,0.0,378955.7334845302,2242.9731476682427,1006084.5210898916,100000.0,3480580.234456363,5592405.701816589,6377172.426293615,7780000.0,253750000.0
3497.0,1.0,55446.734397774635,16.63436042561846,0.0,373409.66334854864,2262.8339504837068,1006084.5210898916,100000.0,3472582.103444502,5585976.5268027615,6377172.426293615,7780000.0,253750000.0
3498.0,1.0,55463.35588028768,16.608604600473086,0.0,367870.4804246423,2307.0507613175905,1006084.5210898916,100000.0,3463322.622867295,5578524.18081499,6377172.426293615,7780000.0,253750000.0
3499.0,1.0,55479.9497905042,16.579215832569727,0.0,362339.28036273835,2421.764498377598,1006084.5210898916,100000.0,3452606.0491483123,5569886.668479436,6377172.426293615,7780000.0,253750000.0
3500.0,1.0,55496.51239607054,16.545995300109176,0.0,356817.2556489494,2602.508814743298,1006084.5210898916,100000.0,3440398.152447564,5560030.806985612,6377172.426293615,7780000.0,253750000.0
3501.0,1.0,55513.039683367766,16.50857929434989,0.0,351305.6483141697,2853.363997166706,1006084.5210898916,100000.0,3426624.5996156866,5548889.919155304,6377172.426293615,7780000.0,253750000.0
3502.0,1.0,55529.52733572176,16.466725413637985,0.0,345805.79398710956,3174.324676509028,1006084.5210898916,100000.0,3411144.6432888266,5536342.031076828,6377172.426293615,7780000.0,253750000.0
3503.0,1.0,55545.97066942571,16.41994199426456,0.0,340319.1291454209,3559.609734100027,1006084.5210898916,100000.0,3393870.1512930207,5522305.850566232,6377172.426293615,7780000.0,253750000.0
3504.0,1.0,55562.36519662294,16.36911240018144,0.0,334847.21240575536,4016.161388326309,1006084.5210898916,100000.0,3374612.976950787,5506616.492541145,6377172.426293615,7780000.0,253750000.0
3505.0,1.0,55578.70660953525,16.31371342444766,0.0,329391.5372108974,4522.366194130435,1006084.5210898916,100000.0,3353752.4022548283,5489570.2032677075,6377172.426293615,7780000.0,253750000.0
3506.0,1.0,55594.99020867815,16.253484861355325,0.0,325510.3023516905,5056.643902619975,1006084.5210898916,100000.0,3331090.202163662,5470991.519277711,6377172.426293615,7780000.0,253750000.0
3507.0,1.0,55611.21105187073,16.188201523799624,0.0,322571.3132243413,5593.752312275752,1006084.5210898916,100000.0,3306539.515950486,5450793.177592818,6377172.426293615,7780000.0,253750000.0
3508.0,1.0,55627.36404254277,16.117779820293038,0.0,319643.6507732433,6128.790740450181,1006084.5210898916,100000.0,3280030.9334040633,5428899.659126191,6377172.426293615,7780000.0,253750000.0
3509.0,1.0,55643.44401263569,16.04216036555184,0.0,316728.2348665573,6661.591078686797,1006084.5210898916,100000.0,3251555.5094009605,5405282.930510605,6377172.426293615,7780000.0,253750000.0
3510.0,1.0,55659.44574668868,15.961307740424807,0.0,313825.99827521876,7191.982860511289,1006084.5210898916,100000.0,3221116.5704959105,5379923.076207813,6377172.426293615,7780000.0,253750000.0
3511.0,1.0,55675.36401515583,15.875229193862356,0.0,310937.8823256798,7712.125970506584,1006084.5210898916,100000.0,3188729.48228671,5352808.2179978825,6377172.426293615,7780000.0,253750000.0
3512.0,1.0,55691.193776763816,15.7842940221069,0.0,308064.8308865814,8201.805485407274,1006084.5210898916,100000.0,3154428.9009216777,5323940.78689975,6377172.426293615,7780000.0,253750000.0
3513.0,1.0,55706.930207914695,15.688568279644553,0.0,305207.75384567986,8649.5594766327,1006084.5210898916,100000.0,3118394.5256811967,5293444.630657812,6377172.426293615,7780000.0,253750000.0
3514.0,1.0,55722.568459456605,15.587934804180254,0.0,302367.5218030048,9040.259375664262,1006084.5210898916,100000.0,3080685.464496926,5261341.901404077,6377172.426293615,7780000.0,253750000.0
3515.0,1.0,55738.10369857924,15.48254344108144,0.0,299545.0099707557,9366.981407982717,1006084.5210898916,100000.0,3041290.4379992927,5227593.307414707,6377172.426293615,7780000.0,253750000.0
3516.0,1.0,55753.531260793185,15.372580986815775,0.0,296741.09061168,9644.795348066193,1006084.5210898916,100000.0,3000304.6117383963,5192249.101057947,6377172.426293615,7780000.0,253750000.0
3517.0,1.0,55768.84668373854,15.258264903893563,0.0,293956.605608677,9869.119326645065,1006084.5210898916,100000.0,2957837.5257494766,5155371.926678699,6377172.426293615,7780000.0,253750000.0
3518.0,1.0,55784.04573877569,15.139845170398875,0.0,292356.87271284126,10044.63663138113,1006084.5210898916,100000.0,2914009.989241863,5117034.712832144,6377172.426293615,7780000.0,253750000.0
3519.0,1.0,55799.12420304093,15.017083360079877,0.0,292099.6937498926,10163.219570348707,1006084.5210898916,100000.0,2868954.1174080735,5077321.2925452795,6377172.426293615,7780000.0,253750000.0
3520.0,1.0,55814.0779412126,14.89039298325967,0.0,291844.5552696957,10233.625159022993,1006084.5210898916,100000.0,2822616.7745739305,5036151.706830974,6377172.426293615,7780000.0,253750000.0
3521.0,1.0,55828.90336211523,14.760448822000008,0.0,291591.52724487416,10260.735001522631,1006084.5210898916,100000.0,2775192.1249638954,4993664.6311343545,6377172.426293615,7780000.0,253750000.0
3522.0,1.0,55843.597425032465,14.627677012478367,0.0,291340.6704407047,10278.162830184921,1006084.5210898916,100000.0,2726966.8699234747,4950086.36138457,6377172.426293615,7780000.0,253750000.0
3523.0,1.0,55858.15762431626,14.492721555115951,0.0,291092.03630829806,10288.980186641671,1006084.5210898916,100000.0,2678128.7991328225,4905559.807252298,6377172.426293615,7780000.0,253750000.0
3524.0,1.0,55872.58178203989,14.355593892132974,0.0,290845.66724502435,10296.256563017118,1006084.5210898916,100000.0,2628939.7416286273,4860300.941689319,6377172.426293615,7780000.0,253750000.0
3525.0,1.0,55886.867909376066,14.216660780218657,0.0,290601.60010297457,10299.52427647356,1006084.5210898916,100000.0,2579425.940509754,4814313.601975852,6377172.426293615,7780000.0,253750000.0
3526.0,1.0,55901.01438608782,14.076292643290836,0.0,290359.86853453866,10302.108098208193,1006084.5210898916,100000.0,2529740.2864790675,4767720.784187904,6377172.426293615,7780000.0,253750000.0
3527.0,1.0,55915.01996118637,13.934857553804068,0.0,290120.4999552938,10304.169842782085,1006084.5210898916,100000.0,2480032.1416092003,4720646.714248802,6377172.426293615,7780000.0,253750000.0
3528.0,1.0,55928.88374883036,13.792717734168692,0.0,289883.51553287165,10304.281934659166,1006084.5210898916,100000.0,2430445.0260024304,4673214.829491601,6377172.426293615,7780000.0,253750000.0
3529.0,1.0,55942.60522132745,13.650227260009538,0.0,289648.93025634537,10304.281934659166,1006084.5210898916,100000.0,2381115.3357703993,4625546.605369714,6377172.426293615,7780000.0,253750000.0
3530.0,1.0,55956.18419940613,13.507728897355376,0.0,289416.7530546507,10304.281934659166,1006084.5210898916,100000.0,2332171.5811999543,4577760.785218286,6377172.426293615,7780000.0,253750000.0
3531.0,1.0,55969.620519973076,13.364912236530586,0.0,289186.9869611904,10304.281934659166,1006084.5210898916,100000.0,2283733.4150937865,4529972.319569284,6377172.426293615,7780000.0,253750000.0
3532.0,1.0,55982.91225375588,13.218555329078834,0.0,288959.6347356206,10303.984187691249,1006084.5210898916,100000.0,2235697.069327109,4482077.108966095,6377172.426293615,7780000.0,253750000.0
3533.0,1.0,55996.05881082299,13.074558805148289,0.0,288734.7290226209,10303.184440424046,1006084.5210898916,100000.0,2186999.6900934717,4432994.635918831,6377172.426293615,7780000.0,253750000.0
3534.0,1.0,56009.05810297561,12.924025500077251,0.0,288512.27980425884,10304.93267914364,1006084.5210898916,100000.0,2139610.9928116766,4384703.744646407,6377172.426293615,7780000.0,253750000.0
3535.0,1.0,56021.912437589104,12.78464372691589,0.0,288292.32241436193,10307.203323888427,1006084.5210898916,100000.0,2090626.0018604845,4334220.668599583,6377172.426293615,7780000.0,253750000.0
3536.0,1.0,56034.62828535055,12.64705179597702,0.0,288074.8178104764,10308.140812522466,1006084.5210898916,100000.0,2045775.6022586222,4287477.3870996805,6377172.426293615,7780000.0,253750000.0
3537.0,1.0,56047.20652184084,12.509421184600656,0.0,287859.65650391375,10308.140812522466,1006084.5210898916,100000.0,2001978.1330472731,4241334.3497848585,6377172.426293615,7780000.0,253750000.0
3538.0,1.0,56059.6488802507,12.375295635130833,0.0,287646.82367921533,10308.140812522466,1006084.5210898916,100000.0,1958642.4620237162,4195178.340540226,6377172.426293615,7780000.0,253750000.0
3539.0,1.0,56071.93901565624,12.204975175938609,0.0,287436.29000954534,10308.140812522466,1006084.5210898916,100000.0,1916866.645008665,4150197.7941388036,6377172.426293615,7780000.0,253750000.0
3540.0,1.0,56084.05513860853,12.027270728642359,0.0,287228.3320627937,10308.140812522466,1006084.5210898916,100000.0,1864466.2913915294,4093078.8682660637,6377172.426293615,7780000.0,253750000.0
3541.0,1.0,56096.004020903834,11.870493861965434,0.0,287023.31853213464,10307.641968443837,1006084.5210898916,100000.0,1810568.285277615,4033483.637014867,6377172.426293615,7780000.0,253750000.0
3542.0,1.0,56107.79592620949,11.713316749339654,0.0,286821.1348338977,10305.82475857451,1006084.5210898916,100000.0,1763673.9921026516,3980906.7107386575,6377172.426293615,7780000.0,253750000.0
3543.0,1.0,56119.429283749545,11.553398330775103,0.0,286621.6072994363,10305.021385260665,1006084.5210898916,100000.0,1717277.6202906442,3928195.5573778576,6377172.426293615,7780000.0,253750000.0
3544.0,1.0,56130.89782898996,11.383692150056223,0.0,286424.7625074114,10304.998583405231,1006084.5210898916,100000.0,1670706.7565204795,3874565.0755262016,6377172.426293615,7780000.0,253750000.0
3545.0,1.0,56142.20793033704,11.236510544097985,0.0,286230.7064582527,10304.075546550062,1006084.5210898916,100000.0,1621985.697187672,3817652.155008019,6377172.426293615,7780000.0,253750000.0
3546.0,1.0,56153.374646185584,11.096921152987717,0.0,286039.33139393595,10302.848637167039,1006084.5210898916,100000.0,1580315.000189167,3768293.109826774,6377172.426293615,7780000.0,253750000.0
3547.0,1.0,56164.41224315881,10.978272793463521,0.0,285850.3825155712,10302.848637167039,1006084.5210898916,100000.0,1541294.8794663849,3721480.2012586393,6377172.426293615,7780000.0,253750000.0
3548.0,1.0,56175.33406506123,10.865371011379303,0.0,285663.6184216136,10302.848637167039,1006084.5210898916,100000.0,1508512.00725488,3681690.108601972,6377172.426293615,7780000.0,253750000.0
3549.0,1.0,56186.15216838422,10.770835634605618,0.0,285478.8133252757,10302.848637167039,1006084.5210898916,100000.0,1477644.140407618,3643827.19681584,6377172.426293615,7780000.0,253750000.0
3550.0,1.0,56196.87869260808,10.682212813112825,0.0,285295.76322203677,10302.848637167039,1006084.5210898916,100000.0,1452043.1825192792,3612123.670393372,6377172.426293615,7780000.0,253750000.0
3551.0,1.0,56207.504227804086,10.56885757890671,0.0,285114.26270314254,10301.892773242627,1006084.5210898916,100000.0,1428246.560018134,3582402.9874203014,6377172.426293615,7780000.0,253750000.0
3552.0,1.0,56218.021124720624,10.464936254168878,0.0,284934.4709913685,10299.273784162286,1006084.5210898916,100000.0,1398095.4626268994,3544388.0052472046,6377172.426293615,7780000.0,253750000.0
3553.0,1.0,56228.43849557444,10.36980545346136,0.0,284756.51751756336,10293.715533848517,1006084.5210898916,100000.0,1370736.286065316,3509536.793170574,6377172.426293615,7780000.0,253750000.0
3554.0,1.0,56238.76613314045,10.285469678565855,0.0,284696.1822468115,10284.237128627014,1006084.5210898916,100000.0,1345928.3857537457,3477633.584480334,6377172.426293615,7780000.0,253750000.0
3555.0,1.0,56249.00659821687,10.195460474268348,0.0,285630.6323746255,10270.451430303792,1006084.5210898916,100000.0,1324125.019055708,3449350.6119148377,6377172.426293615,7780000.0,253750000.0
3556.0,1.0,56259.161830772166,10.115004636334001,0.0,286728.04734458035,10252.168798611387,1006084.5210898916,100000.0,1301051.3141518699,3419164.989515058,6377172.426293615,7780000.0,253750000.0
3557.0,1.0,56269.239400072016,10.040133963360697,0.0,287816.3284086139,10204.10077154156,1006084.5210898916,100000.0,1280598.2600908915,3392183.1984560373,6377172.426293615,7780000.0,253750000.0
3558.0,1.0,56279.240583183295,9.962232259194739,0.0,288896.2867237768,10122.515115112623,1006084.5210898916,100000.0,1261710.595544775,3367074.4567353623,6377172.426293615,7780000.0,253750000.0
3559.0,1.0,56289.16958112577,9.895763625751119,0.0,289968.05914638465,10010.750194962218,1006084.5210898916,100000.0,1242207.2521284523,3340949.2238260643,6377172.426293615,7780000.0,253750000.0
3560.0,1.0,56299.0391282701,9.843330662922563,0.0,291032.09587688616,9873.044472093028,1006084.5210898916,100000.0,1225686.3825982856,3318658.202744189,6377172.426293615,7780000.0,253750000.0
3561.0,1.0,56308.85758362174,9.793580040354273,0.0,292089.7615885545,9714.66453544223,1006084.5210898916,100000.0,1212732.1301638908,3301074.205311959,6377172.426293615,7780000.0,253750000.0
3562.0,1.0,56318.62741007442,9.746072864996275,0.0,293141.95207056135,9544.980805767655,1006084.5210898916,100000.0,1200504.2149123084,3284389.7615517788,6377172.426293615,7780000.0,253750000.0
3563.0,1.0,56328.350815616934,9.700738220034136,0.0,294188.9312578381,9375.021051270012,1006084.5210898916,100000.0,1188885.5349504738,3268457.683628984,6377172.426293615,7780000.0,253750000.0
3564.0,1.0,56338.02993742533,9.657505396754896,0.0,295230.93576853856,9205.86885323544,1006084.5210898916,100000.0,1177850.8649634884,3253254.1887738123,6377172.426293615,7780000.0,253750000.0
3565.0,1.0,56347.666842445054,9.616304642694496,0.0,296268.19463220215,9037.487032506466,1006084.5210898916,100000.0,1167375.7141642778,3238755.564005726,6377172.426293615,7780000.0,253750000.0
3566.0,1.0,56357.25981322338,9.56963691396364,0.0,297300.9293521357,8869.83963168479,1006084.5210898916,100000.0,1157436.4673788496,3224938.4170332593,6377172.426293615,7780000.0,253750000.0
3567.0,1.0,56366.80994938499,9.53063540924039,0.0,298328.9558782677,8712.408138925213,1006084.5210898916,100000.0,1146229.695877753,3209287.857196414,6377172.426293615,7780000.0,253750000.0
3568.0,1.0,56376.32139721799,9.492260256758398,0.0,299352.3920513948,8569.165280171037,1006084.5210898916,100000.0,1136905.7089216425,3196208.253795989,6377172.426293615,7780000.0,253750000.0
3569.0,1.0,56385.79393106548,9.452807438226388,0.0,300371.6822066742,8444.410887786373,1006084.5210898916,100000.0,1127768.6279165435,3183338.7048271233,6377172.426293615,7780000.0,253750000.0
3570.0,1.0,56395.22885999579,9.417050422398608,0.0,301386.8021616834,8342.242169650364,1006084.5210898916,100000.0,1118413.387958983,3170107.748147649,6377172.426293615,7780000.0,253750000.0
3571.0,1.0,56404.629917786064,9.385065158152663,0.0,302397.8922021568,8264.306491405465,1006084.5210898916,100000.0,1109968.1745104145,3158116.2214327506,6377172.426293615,7780000.0,253750000.0
3572.0,1.0,56413.99617086934,9.347441008400136,0.0,303405.35245669354,8210.29846549787,1006084.5210898916,100000.0,1102440.906211514,3147389.595012479,6377172.426293615,7780000.0,253750000.0
3573.0,1.0,56423.32916453575,9.318546324436761,0.0,304409.0828799962,8179.113601721706,1006084.5210898916,100000.0,1093619.3884343612,3134771.90345075,6377172.426293615,7780000.0,253750000.0
3574.0,1.0,56432.63511081443,9.293346232922644,0.0,305168.1040161819,8162.707865459414,1006084.5210898916,100000.0,1086868.6753442357,3125081.738691638,6377172.426293615,7780000.0,253750000.0
3575.0,1.0,56441.91577187743,9.26797589306933,0.0,305640.29840666417,8149.3267312131065,1006084.5210898916,100000.0,1080998.1983588394,3116630.598024171,6377172.426293615,7780000.0,253750000.0
3576.0,1.0,56451.1712065666,9.242893485273784,0.0,306006.71450891066,8138.643448016558,1006084.5210898916,100000.0,1075104.1196934066,3108122.3626171015,6377172.426293615,7780000.0,253750000.0
3577.0,1.0,56460.402599670524,9.219892722579552,0.0,306372.13463150564,8130.842781925525,1006084.5210898916,100000.0,1069292.7731286313,3099710.688538847,6377172.426293615,7780000.0,253750000.0
3578.0,1.0,56469.61243666499,9.199781266352518,0.0,306736.6055518941,8126.031195624773,1006084.5210898916,100000.0,1063977.5657570418,3091997.1180988704,6377172.426293615,7780000.0,253750000.0
3579.0,1.0,56478.80275402986,9.180853463376394,0.0,307100.2254008389,8123.716921683465,1006084.5210898916,100000.0,1059340.8957039302,3085252.5098300055,6377172.426293615,7780000.0,253750000.0
3580.0,1.0,56487.97520936643,9.164057209762134,0.0,307800.3903118432,8123.038867965908,1006084.5210898916,100000.0,1054986.3641056994,3078904.853299166,6377172.426293615,7780000.0,253750000.0
3581.0,1.0,56497.13098408039,9.147492218161796,0.0,308523.286620615,8122.959892718876,1006084.5210898916,100000.0,1051129.7271358566,3073272.0363746304,6377172.426293615,7780000.0,253750000.0
3582.0,1.0,56506.27130124312,9.133142107299408,0.0,309246.2573790481,8122.959892718876,1006084.5210898916,100000.0,1047333.107857308,3067716.775827602,6377172.426293615,7780000.0,253750000.0
3583.0,1.0,56515.39770158064,9.119658567731769,0.0,309968.0075572596,8122.959892718876,1006084.5210898916,100000.0,1044049.6817071824,3062904.3010227447,6377172.426293615,7780000.0,253750000.0
3584.0,1.0,56524.51102966536,9.106997601704832,0.0,310688.65881615377,8122.959892718876,1006084.5210898916,100000.0,1040969.2317337377,3058382.4408732434,6377172.426293615,7780000.0,253750000.0
3585.0,1.0,56533.61208755833,9.095118184239748,0.0,311408.27784601186,8122.959892718876,1006084.5210898916,100000.0,1038080.8500681261,3054136.440225994,6377172.426293615,7780000.0,253750000.0
3586.0,1.0,56542.70163700638,9.083980711861484,0.0,312126.92798026983,8122.959892718876,1006084.5210898916,100000.0,1035374.414126641,3050152.540882266,6377172.426293615,7780000.0,253750000.0
3587.0,1.0,56551.78040085847,9.073546992324037,0.0,312844.6693690181,8122.959892718876,1006084.5210898916,100000.0,1032840.2208912584,3046417.4613609863,6377172.426293615,7780000.0,253750000.0
3588.0,1.0,56560.84906470932,9.063780709376925,0.0,313561.55909084284,8122.959892718876,1006084.5210898916,100000.0,1030468.9749033308,3042918.3934529806,6377172.426293615,7780000.0,253750000.0
3589.0,1.0,56569.90827826283,9.054646397652096,0.0,314277.65128260665,8122.959892718876,1006084.5210898916,100000.0,1028251.8848307068,3039643.158085756,6377172.426293615,7780000.0,253750000.0
3590.0,1.0,56578.958460334914,9.045717746514851,0.0,314992.99724711577,8122.959892718876,1006084.5210898916,100000.0,1026180.422420468,3036579.8615400363,6377172.426293615,7780000.0,253750000.0
3591.0,1.0,56588.00015586626,9.037673316176699,0.0,315707.6300554815,8122.959892718876,1006084.5210898916,100000.0,1024157.6179646445,3033585.5356389047,6377172.426293615,7780000.0,253750000.0
3592.0,1.0,56597.03412576892,9.030266489135986,0.0,317359.64161522634,8122.959892718876,1006084.5210898916,100000.0,1022336.8445459733,3030887.7433575043,6377172.426293615,7780000.0,253750000.0
3593.0,1.0,56606.06093959053,9.023361154069617,0.0,319497.7083952681,8122.959892718876,1006084.5210898916,100000.0,1020661.818465371,3028403.778678821,6377172.426293615,7780000.0,253750000.0
3594.0,1.0,56615.081084388876,9.016928442629837,0.0,321737.8979095652,8122.959892718876,1006084.5210898916,100000.0,1019101.4399117776,3026087.9951044163,6377172.426293615,7780000.0,253750000.0
3595.0,1.0,56624.09501906579,9.010940911196922,0.0,323976.4323685722,8122.959892718876,1006084.5210898916,100000.0,1017648.9326573309,3023930.7113016825,6377172.426293615,7780000.0,253750000.0
3596.0,1.0,56633.10317568922,9.005372335655418,0.0,326213.42565821426,8122.959892718876,1006084.5210898916,100000.0,1016297.8779232586,3021922.7237369507,6377172.426293615,7780000.0,253750000.0
3597.0,1.0,56642.10596069855,9.000197683012335,0.0,328448.9850050409,8122.959892718876,1006084.5210898916,100000.0,1015042.163811581,3020055.237851342,6377172.426293615,7780000.0,253750000.0
3598.0,1.0,56651.10375608106,8.995393082005037,0.0,330683.2112753448,8122.959892718876,1006084.5210898916,100000.0,1013875.9751563622,3018319.858542601,6377172.426293615,7780000.0,253750000.0
3599.0,1.0,56660.096920518474,8.990935792822452,0.0,332916.19926712464,8122.959892718876,1006084.5210898916,100000.0,1012793.7835243049,3016708.5803081165,6377172.426293615,7780000.0,253750000.0
3600.0,1.0,56669.08579050291,8.986804176059934,0.0,335148.03799463063,8122.959892718876,1006084.5210898916,100000.0,1011790.3373614035,3015213.777090576,6377172.426293615,7780000.0,253750000.0
3601.0,1.0,56678.07068142146,8.982977661024833,0.0,337378.8109653011,8122.959892718876,1006084.5210898916,100000.0,1010860.6522834542,3013828.191866628,6377172.426293615,7780000.0,253750000.0
3602.0,1.0,56687.05188860872,8.979436713506553,0.0,339608.5964489293,8122.959892718876,1006084.5210898916,100000.0,1010000.0015092769,3012544.926017783,6377172.426293615,7780000.0,253750000.0
3603.0,1.0,56696.02968836704,8.97616280312182,0.0,341837.46773887274,8122.959892718876,1006084.5210898916,100000.0,1009203.9064365533,3011357.428521739,6377172.426293615,7780000.0,253750000.0
3604.0,1.0,56705.00420685649,8.972874175778388,0.0,344065.49340523774,8122.959892718876,1006084.5210898916,100000.0,1008468.1273612058,3010259.485001234,6377172.426293615,7780000.0,253750000.0
3605.0,1.0,56713.9756123763,8.969936863845795,0.0,346292.70475724456,8122.959892718876,1006084.5210898916,100000.0,1007729.3109210255,3009156.6059792805,6377172.426293615,7780000.0,253750000.0
3606.0,1.0,56722.94425183482,8.967342053192358,0.0,348519.14356180653,8122.297054390824,1006084.5210898916,100000.0,1007069.6491929218,3008171.5446229493,6377172.426293615,7780000.0,253750000.0
3607.0,1.0,56731.91027408506,8.964702447276508,0.0,350744.8959113683,8120.760127630371,1006084.5210898916,100000.0,1006487.0860981666,3007301.345011755,6377172.426293615,7780000.0,253750000.0
3608.0,1.0,56740.873751145904,8.96225167441418,0.0,352969.99874686246,8118.866178095405,1006084.5210898916,100000.0,1005894.6389189211,3006416.1227938505,6377172.426293615,7780000.0,253750000.0
3609.0,1.0,56749.834854950655,8.959955935085583,0.0,355194.4699412603,8115.787567484222,1006084.5210898916,100000.0,1005344.7305808024,3005594.227913352,6377172.426293615,7780000.0,253750000.0
3610.0,1.0,56758.79354687412,8.957427911848985,0.0,357418.3521633436,8111.047398399825,1006084.5210898916,100000.0,1004829.7453037138,3004824.325312366,6377172.426293615,7780000.0,253750000.0
3611.0,1.0,56767.750003902736,8.955486145383007,0.0,359641.6358274793,8103.7026320616915,1006084.5210898916,100000.0,1004262.8062241006,3003976.5236299336,6377172.426293615,7780000.0,253750000.0
3612.0,1.0,56776.7047274149,8.953960878951188,0.0,361864.36485649034,8093.9224147496025,1006084.5210898916,100000.0,1003827.4507857346,3003325.329901603,6377172.426293615,7780000.0,253750000.0
3613.0,1.0,56785.6579041492,8.952392589644314,0.0,364086.66367773723,8081.7678340009115,1006084.5210898916,100000.0,1003485.5432883508,3002813.814252406,6377172.426293615,7780000.0,253750000.0
3614.0,1.0,56794.60956314307,8.950925398095718,0.0,366308.5786342442,8067.188842963725,1006084.5210898916,100000.0,1003134.0524014693,3002287.8703869935,6377172.426293615,7780000.0,253750000.0
3615.0,1.0,56803.55977031403,8.949488943819407,0.0,368530.1169322463,8042.024129329912,1006084.5210898916,100000.0,1002805.2756673032,3001795.8308181544,6377172.426293615,7780000.0,253750000.0
3616.0,1.0,56812.50871387246,8.948398173044191,0.0,370751.2949305307,7998.914550982399,1006084.5210898916,100000.0,1002483.4389236679,3001314.0993472715,6377172.426293615,7780000.0,253750000.0
3617.0,1.0,56821.456564477536,8.947303037099884,0.0,372972.15933737776,7936.0757949615945,1006084.5210898916,100000.0,1002239.0868701375,3000948.2968162713,6377172.426293615,7780000.0,253750000.0
3618.0,1.0,56830.40338521913,8.946338446087806,0.0,375192.7525053688,7853.725442228131,1006084.5210898916,100000.0,1001993.7869037557,3000581.0303755854,6377172.426293615,7780000.0,253750000.0
3619.0,1.0,56839.349315212676,8.945521541009516,0.0,377413.09009155404,7751.799998694188,1006084.5210898916,100000.0,1001777.7526199033,3000257.543680107,6377172.426293615,7780000.0,253750000.0
3620.0,1.0,56848.2944913045,8.944830642632951,0.0,379633.2066202911,7627.270640888004,1006084.5210898916,100000.0,1001594.8129791602,2999983.5851619514,6377172.426293615,7780000.0,253750000.0
3621.0,1.0,56857.239018103304,8.944222954981525,0.0,381853.13605280966,7482.91478964304,1006084.5210898916,100000.0,1001440.1046138359,2999751.884441182,6377172.426293615,7780000.0,253750000.0
3622.0,1.0,56866.18296270408,8.943666246572722,0.0,384072.9043499097,7317.867172843916,1006084.5210898916,100000.0,1001304.0389603936,2999548.089394596,6377172.426293615,7780000.0,253750000.0
3623.0,1.0,56875.12638259828,8.943173541834923,0.0,386292.5281625952,7131.165422420643,1006084.5210898916,100000.0,1001179.3960410292,2999361.3908236437,6377172.426293615,7780000.0,253750000.0
3624.0,1.0,56884.06933940673,8.942740075048295,0.0,388512.02175855235,6925.509941048114,1006084.5210898916,100000.0,1001069.0895446308,2999196.1566202547,6377172.426293615,7780000.0,253750000.0
3625.0,1.0,56893.01191743559,8.942415982682396,0.0,390731.40043025324,6701.147322825375,1006084.5210898916,100000.0,1000972.0502367556,2999050.7885454437,6377172.426293615,7780000.0,253750000.0
3626.0,1.0,56901.95419187874,8.942132903618116,0.0,392950.6851000104,6456.231687690354,1006084.5210898916,100000.0,1000899.4994259662,2998942.1004411993,6377172.426293615,7780000.0,253750000.0
3627.0,1.0,56910.89619894235,8.94188122358403,0.0,395169.89442872885,6191.950198472833,1006084.5210898916,100000.0,1000836.1319401074,2998847.1666195937,6377172.426293615,7780000.0,253750000.0
3628.0,1.0,56919.83797991983,8.941680731373648,0.0,397389.03740171314,5914.978590062796,1006084.5210898916,100000.0,1000779.7948380456,2998762.762824073,6377172.426293615,7780000.0,253750000.0
3629.0,1.0,56928.77957177523,8.941502979430124,0.0,399399.82927774446,5625.983865776342,1006084.5210898916,100000.0,1000734.9169653218,2998695.5254542516,6377172.426293615,7780000.0,253750000.0
3630.0,1.0,56937.721001338505,8.941356147113279,0.0,399307.2619087423,5331.156560946347,1006084.5210898916,100000.0,1000695.1300810168,2998635.914294594,6377172.426293615,7780000.0,253750000.0
3631.0,1.0,56946.66229721862,8.94123561312408,0.0,398862.3709844473,5036.226860784099,1006084.5210898916,100000.0,1000662.2646492639,2998586.6723875357,6377172.426293615,7780000.0,253750000.0
3632.0,1.0,56955.603482763276,8.94113547617363,0.0,398408.4914775471,4741.301570110493,1006084.5210898916,100000.0,1000635.2859673623,2998546.24992727,6377172.426293615,7780000.0,253750000.0
3633.0,1.0,56964.54457141089,8.941041819049405,0.0,397954.6175715133,4446.379918810909,1006084.5210898916,100000.0,1000612.872956613,2998512.6678486574,6377172.426293615,7780000.0,253750000.0
3634.0,1.0,56973.4855774661,8.940970291368552,0.0,397500.7485841822,4151.461463623848,1006084.5210898916,100000.0,1000591.9105109437,2998481.258854333,6377172.426293615,7780000.0,253750000.0
3635.0,1.0,56982.42651691921,8.940908614846068,0.0,397046.88378941966,3856.5457327161043,1006084.5210898916,100000.0,1000575.9012507235,2998457.2712234887,6377172.426293615,7780000.0,253750000.0
3636.0,1.0,56991.36739903186,8.94085561045477,0.0,396593.0223755253,3561.6321986536896,1006084.5210898916,100000.0,1000562.0969706042,2998436.5872919597,6377172.426293615,7780000.0,253750000.0
3637.0,1.0,57000.308232353964,8.940811033766206,0.0,396139.16387235624,3266.72055594486,1006084.5210898916,100000.0,1000550.2337405928,2998418.811659415,6377172.426293615,7780000.0,253750000.0
3638.0,1.0,57009.249037870846,8.940800000000007,0.0,395685.3078459012,2971.939502644466,1006084.5210898916,100000.0,1000540.2568196089,2998403.8623539596,6377172.426293615,7780000.0,253750000.0
3639.0,1.0,57018.18983787084,8.940800000000007,0.0,395231.4532308999,2680.7716735038093,1006084.5210898916,100000.0,1000537.7873075225,2998400.1620534984,6377172.426293615,7780000.0,253750000.0
3640.0,1.0,57027.13063787084,8.940800000000007,0.0,394777.5988959483,2397.7830516427885,1006084.5210898916,100000.0,1000537.7873075225,2998400.1620534984,6377172.426293615,7780000.0,253750000.0
3641.0,1.0,57036.071437870836,8.940800000000007,0.0,394323.7445609963,2125.1862068448545,1006084.5210898916,100000.0,1000537.7873075225,2998400.1620534984,6377172.426293615,7780000.0,253750000.0
3642.0,1.0,57045.01223787083,8.940800000000007,0.0,393869.89022604394,1865.193821785036,1006084.5210898916,100000.0,1000537.7873075225,2998400.1620534984,6377172.426293615,7780000.0,253750000.0
3643.0,1.0,57053.95303787083,8.940800000000007,0.0,393416.035891092,1621.309986152047,1006084.5210898916,100000.0,1000537.7873075225,2998400.1620534984,6377172.426293615,7780000.0,253750000.0
3644.0,1.0,57062.893837870826,8.940800000000007,0.0,392962.1815561392,1396.4496792571088,1006084.5210898916,100000.0,1000537.7873075225,2998400.1620534984,6377172.426293615,7780000.0,253750000.0
3645.0,1.0,57071.83463787082,8.940800000000007,0.0,392508.3272211864,1191.3029081482805,1006084.5210898916,100000.0,1000537.7873075225,2998400.1620534984,6377172.426293615,7780000.0,253750000.0
3646.0,1.0,57080.77543787082,8.940800000000007,0.0,392054.47288623324,1004.3567147200664,1006084.5210898916,100000.0,1000537.7873075225,2998400.1620534984,6377172.426293615,7780000.0,253750000.0
3647.0,1.0,57089.716254082734,8.940832423829981,0.0,391600.61855128006,834.1293411636664,1006084.5210898916,100000.0,1000537.7873075225,2998400.1620534984,6377172.426293615,7780000.0,253750000.0
3648.0,1.0,57098.657109419604,8.94087824991611,0.0,391146.7633933753,681.8622249522948,1006084.5210898916,100000.0,1000545.0442254544,2998411.0357579826,6377172.426293615,7780000.0,253750000.0
3649.0,1.0,57107.598010942296,8.94092479547237,0.0,390692.90624940296,545.2997533893339,1006084.5210898916,100000.0,1000555.3008053127,2998426.4040632886,6377172.426293615,7780000.0,253750000.0
3650.0,1.0,57116.53896771314,8.940988746206344,0.0,390239.0467609388,424.4751332774485,1006084.5210898916,100000.0,1000565.7184674185,2998442.013651181,6377172.426293615,7780000.0,253750000.0
3651.0,1.0,57125.47998602627,8.941047880064032,0.0,389114.271432274,321.32763055555506,1006084.5210898916,100000.0,1000580.0317834086,2998463.460265702,6377172.426293615,7780000.0,253750000.0
3652.0,1.0,57134.42106920094,8.941118469259417,0.0,387408.9515061586,236.4248288969688,1006084.5210898916,100000.0,1000593.2670875896,2998483.291485333,6377172.426293615,7780000.0,253750000.0
3653.0,1.0,57143.36222665868,8.941196446232482,0.0,385492.6169548907,168.38567942264504,1006084.5210898916,100000.0,1000609.0664331235,2998506.9643842774,6377172.426293615,7780000.0,253750000.0
3654.0,1.0,57152.303471800915,8.941293838231953,0.0,383576.2664825957,116.97558424048708,1006084.5210898916,100000.0,1000626.5194635744,2998533.1148594776,6377172.426293615,7780000.0,253750000.0
3655.0,1.0,57161.24482565787,8.941413875681809,0.0,381659.8972169612,82.94449908420523,1006084.5210898916,100000.0,1000648.3182348673,2998565.7763871932,6377172.426293615,7780000.0,253750000.0
3656.0,1.0,57170.18629944743,8.941533703438903,0.0,379743.50465059455,63.36783113487611,1006084.5210898916,100000.0,1000675.1859523978,2998606.0323272767,6377172.426293615,7780000.0,253750000.0
3657.0,1.0,57179.12791083539,8.94168907248908,0.0,377827.0863791788,49.48167583469142,1006084.5210898916,100000.0,1000702.0070946139,2998646.21794448,6377172.426293615,7780000.0,253750000.0
3658.0,1.0,57188.06967649281,8.941842242334687,0.0,375910.6386164158,37.76952291495819,1006084.5210898916,100000.0,1000736.7840079067,2998698.3227432934,6377172.426293615,7780000.0,253750000.0
3659.0,1.0,57197.01159908617,8.942002944382365,0.0,373994.1577892158,28.59261164982409,1006084.5210898916,100000.0,1000771.069255428,2998749.6900135474,6377172.426293615,7780000.0,253750000.0
3660.0,1.0,57205.9537105383,8.942219959883873,0.0,372077.6433260724,21.879768680711486,1006084.5210898916,100000.0,1000807.0411280921,2998803.5832944396,6377172.426293615,7780000.0,253750000.0
3661.0,1.0,57214.89603740743,8.942433778374786,0.0,370161.08838499326,17.259119538182254,1006084.5210898916,100000.0,1000855.6193445878,2998876.3619400747,6377172.426293615,7780000.0,253750000.0
3662.0,1.0,57223.83858362492,8.942658656611568,0.0,368244.4872737764,14.293265769867219,1006084.5210898916,100000.0,1000903.4830736432,2998948.068431418,6377172.426293615,7780000.0,253750000.0
3663.0,1.0,57232.781367195756,8.942908485054286,0.0,366327.8391498169,12.334196347986573,1006084.5210898916,100000.0,1000953.8237853863,2999023.483935803,6377172.426293615,7780000.0,253750000.0
3664.0,1.0,57241.724414326076,8.943185775592665,0.0,364411.14015412243,10.716784013902235,1006084.5210898916,100000.0,1001009.7512757784,2999107.266778852,6377172.426293615,7780000.0,253750000.0
3665.0,1.0,57250.66775384533,8.943493262915283,0.0,361903.5919338072,9.099324011944468,1006084.5210898916,100000.0,1001071.8283587764,2999200.259351688,6377172.426293615,7780000.0,253750000.0
3666.0,1.0,57259.611413799335,8.94382664509524,0.0,358269.051267126,7.591867772193267,1006084.5210898916,100000.0,1001140.667851928,2999303.3787635933,6377172.426293615,7780000.0,253750000.0
3667.0,1.0,57268.555424475046,8.944194706328258,0.0,353930.83370419074,7.4483568875260655,1006084.5210898916,100000.0,1001215.3072952038,2999415.1823138813,6377172.426293615,7780000.0,253750000.0
3668.0,1.0,57277.499822274985,8.944600893548527,0.0,349592.44601995614,7.4421215935213185,1006084.5210898916,100000.0,1001297.7141077851,2999538.615883665,6377172.426293615,7780000.0,253750000.0
3669.0,1.0,57286.444647102406,8.945048761293279,0.0,345253.8705569884,7.4421215935213185,1006084.5210898916,100000.0,1001388.6610479336,2999674.8354419908,6377172.426293615,7780000.0,253750000.0
3670.0,1.0,57295.38994255907,8.945542152043855,0.0,340915.08795979037,7.4421215935213185,1006084.5210898916,100000.0,1001488.945211489,2999825.033043821,6377172.426293615,7780000.0,253750000.0
3671.0,1.0,57304.335756242646,8.946085215111976,0.0,336576.07707886206,7.4421215935213185,1006084.5210898916,100000.0,1001599.4284571446,2999990.4973094887,6377172.426293615,7780000.0,253750000.0
3672.0,1.0,57313.28214006338,8.94668242634605,0.0,332236.8148264492,7.4421215935213185,1006084.5210898916,100000.0,1001721.0416941772,3000172.619758426,6377172.426293615,7780000.0,253750000.0
3673.0,1.0,57322.229150580875,8.947338608655967,0.0,327897.2760229347,7.4421215935213185,1006084.5210898916,100000.0,1001854.7893644391,3000372.9014179003,6377172.426293615,7780000.0,253750000.0
3674.0,1.0,57331.17684936188,8.948058953351277,0.0,323557.4332334741,7.4421215935213185,1006084.5210898916,100000.0,1002001.7541199971,3000592.959706241,6377172.426293615,7780000.0,253750000.0
3675.0,1.0,57340.1253035088,8.948849340495874,0.0,319217.2565944661,7.374878756594699,1006084.5210898916,100000.0,1002163.1016972245,3000834.5355888405,6377172.426293615,7780000.0,253750000.0
3676.0,1.0,57349.07458622247,8.949716086846557,0.0,314876.7135571709,6.848078760506781,1006084.5210898916,100000.0,1002340.1527916983,3001099.60101279,6377172.426293615,7780000.0,253750000.0
3677.0,1.0,57358.02477685414,8.950665176483918,0.0,310535.7686147444,5.229490976625768,1006084.5210898916,100000.0,1002534.3267484546,3001390.274375168,6377172.426293615,7780000.0,253750000.0
3678.0,1.0,57366.975961214965,8.951703545171096,0.0,306194.3832770206,3.614962783280283,1006084.5210898916,100000.0,1002746.9693357559,3001708.56250626,6377172.426293615,7780000.0,253750000.0
3679.0,1.0,57375.92823235059,8.952838726082252,0.0,301852.51592037803,4.052284186225051,1006084.5210898916,100000.0,1002979.6406355384,3002056.7913940446,6377172.426293615,7780000.0,253750000.0
3680.0,1.0,57384.88169097373,8.954078520194079,0.0,297510.121412038,5.90020196399971,1006084.5210898916,100000.0,1003234.0359086101,3002437.4873751616,6377172.426293615,7780000.0,253750000.0
3681.0,1.0,57393.836445929745,8.955431391838754,0.0,293167.1509002274,9.461222534191357,1006084.5210898916,100000.0,1003511.911967785,3002853.2665969105,6377172.426293615,7780000.0,253750000.0
3682.0,1.0,57402.79261481288,8.956906374435482,0.0,288823.5515883407,14.596300519751948,1006084.5210898916,100000.0,1003815.1760880052,3003306.9676704872,6377172.426293615,7780000.0,253750000.0
3683.0,1.0,57411.750324549284,8.958513098363813,0.0,284479.2664360361,21.835306156795163,1006084.5210898916,100000.0,1004145.8652040072,3003801.6200569686,6377172.426293615,7780000.0,253750000.0
3684.0,1.0,57420.709712008145,8.960261819357568,0.0,280134.23387643683,31.353126545685527,1006084.5210898916,100000.0,1004506.1525240465,3004340.4534149547,6377172.426293615,7780000.0,253750000.0
3685.0,1.0,57429.67092465757,8.962163479490677,0.0,275788.3875196818,43.026302515823886,1006084.5210898916,100000.0,1004898.3543156001,3004926.907122795,6377172.426293615,7780000.0,253750000.0
3686.0,1.0,57438.634121226525,8.964229658418544,0.0,271441.65583479416,56.840039992910256,1006084.5210898916,100000.0,1005324.9440654133,3005564.6507308935,6377172.426293615,7780000.0,253750000.0
3687.0,1.0,57447.59947237893,8.966472646391967,0.0,267093.96182859817,72.78238998931326,1006084.5210898916,100000.0,1005788.542093135,3006257.567609937,6377172.426293615,7780000.0,253750000.0
3688.0,1.0,57456.56716144807,8.968905491880374,0.0,262745.2227187399,95.73165321052166,1006084.5210898916,100000.0,1006291.9325525659,3007009.779436954,6377172.426293615,7780000.0,253750000.0
3689.0,1.0,57465.53738520204,8.971542016069286,0.0,258395.34957746108,124.39178370747568,1006084.5210898916,100000.0,1006838.0748338352,3007825.662166317,6377172.426293615,7780000.0,253750000.0
3690.0,1.0,57474.510354631566,8.974396842979935,0.0,254044.24696029027,153.32680207851513,1006084.5210898916,100000.0,1007430.1076322343,3008709.8508916316,6377172.426293615,7780000.0,253750000.0
3691.0,1.0,57483.48629576786,8.977485429610006,0.0,249691.81252393784,182.27067710408855,1006084.5210898916,100000.0,1008071.3566321577,3009667.2499466967,6377172.426293615,7780000.0,253750000.0
3692.0,1.0,57492.465450530675,8.98082409600724,0.0,245337.9366295488,211.22413788731942,1006084.5210898916,100000.0,1008765.3423195017,3010703.0430135494,6377172.426293615,7780000.0,253750000.0
3693.0,1.0,57501.44807760627,8.984430055183662,0.0,240982.50193137574,240.18796478222762,1006084.5210898916,100000.0,1009515.7879165305,3011822.703207996,6377172.426293615,7780000.0,253750000.0
3694.0,1.0,57510.43445335525,8.988321442774776,0.0,236625.382950886,269.1629922265242,1006084.5210898916,100000.0,1010326.6274335032,3013032.00311169,6377172.426293615,7780000.0,253750000.0
3695.0,1.0,57519.42487274981,8.992517346344531,0.0,232266.445636426,298.1501116694865,1006084.5210898916,100000.0,1011202.0138318316,3014337.0247186837,6377172.426293615,7780000.0,253750000.0
3696.0,1.0,57528.4196503401,8.9970378342337,0.0,227905.5469085876,327.1502745952157,1006084.5210898916,100000.0,1012146.3272940292,3015744.169263189,6377172.426293615,7780000.0,253750000.0
3697.0,1.0,57537.41912124914,9.001903983846157,0.0,223539.5522400008,356.1644956400733,1006084.5210898916,100000.0,1013164.1835963423,3017260.166894211,6377172.426293615,7780000.0,253750000.0
3698.0,1.0,57546.423642195696,9.0071379092645,0.0,219110.31453647703,385.1938558015914,1006084.5210898916,100000.0,1014260.4425806265,3018892.086161678,6377172.426293615,7780000.0,253750000.0
3699.0,1.0,57555.43359254437,9.012762788083451,0.0,214643.4253618203,414.2395057382568,1006084.5210898916,100000.0,1015440.2167227621,3020647.343277656,6377172.426293615,7780000.0,253750000.0
3700.0,1.0,57564.44937538208,9.0188028873463,0.0,210171.416368544,443.30266915666124,1006084.5210898916,100000.0,1016708.8797956816,3022533.7111152406,6377172.426293615,7780000.0,253750000.0
3701.0,1.0,57573.4714186861,9.02528372070037,0.0,205696.5124710297,467.90209993698426,1006084.5210898916,100000.0,1018072.0756258238,3024559.3279066402,6377172.426293615,7780000.0,253750000.0
3702.0,1.0,57582.50017645392,9.032231814934143,0.0,201218.50124655254,486.7831800398986,1006084.5210898916,100000.0,1019535.756818046,3026732.749947071,6377172.426293615,7780000.0,253750000.0
3703.0,1.0,57591.536129754815,9.039674786853778,0.0,196737.15735748727,502.7975212419969,1006084.5210898916,100000.0,1021106.1356488537,3029062.8733002953,6377172.426293615,7780000.0,253750000.0
3704.0,1.0,57600.57978790384,9.047641511190719,0.0,192252.24202935855,518.1152898246875,1006084.5210898916,100000.0,1022789.7053026434,3031558.9595800457,6377172.426293615,7780000.0,253750000.0
3705.0,1.0,57609.631689692214,9.05616206556851,0.0,187763.5024681571,532.4333685031154,1006084.5210898916,100000.0,1024593.2821783101,3034230.6922597745,6377172.426293615,7780000.0,253750000.0
3706.0,1.0,57618.69240459928,9.065267748554303,0.0,183270.67124963086,545.5508121906669,1006084.5210898916,100000.0,1026523.9982709717,3037088.158216641,6377172.426293615,7780000.0,253750000.0
3707.0,1.0,57627.7625340215,9.074991095899321,0.0,178773.46571776216,557.5810809984375,1006084.5210898916,100000.0,1028589.3105291008,3040141.853785294,6377172.426293615,7780000.0,253750000.0
3708.0,1.0,57636.84271251686,9.085365894812892,0.0,174271.58737474153,567.5199430368094,1006084.5210898916,100000.0,1030797.0103126344,3043402.690204295,6377172.426293615,7780000.0,253750000.0
3709.0,1.0,57645.93360906232,9.096427196105726,0.0,169764.7212633437,574.8626801499107,1006084.5210898916,100000.0,1033155.23295258,3046881.998403083,6377172.426293615,7780000.0,253750000.0
3710.0,1.0,57655.03592832239,9.108211324027533,0.0,164732.2763066818,579.9057887356112,1006084.5210898916,100000.0,1035672.467411528,3050591.5330743603,6377172.426293615,7780000.0,253750000.0
3711.0,1.0,57664.15041192621,9.120755883612315,0.0,158769.33120303083,583.0820525005682,1006084.5210898916,100000.0,1038357.56604283,3054543.4759732513,6377172.426293615,7780000.0,253750000.0
3712.0,1.0,57673.277839750685,9.134099765330893,0.0,152548.97812465407,585.0070907644729,1006084.5210898916,100000.0,1041219.7544440256,3058750.438380631,6377172.426293615,7780000.0,253750000.0
3713.0,1.0,57682.41903199863,9.148284730567429,0.0,146319.79101614747,585.6571610970651,1006084.5210898916,100000.0,1044268.6413971966,3063225.4626634032,6377172.426293615,7780000.0,253750000.0
3714.0,1.0,57691.57484987292,9.163351018019052,0.0,140081.2101144602,585.6571610970651,1006084.5210898916,100000.0,1047514.5915725116,3067982.5539822956,6377172.426293615,7780000.0,253750000.0
3715.0,1.0,57700.746196059066,9.179341354271356,0.0,133832.64767527493,585.6571610970651,1006084.5210898916,100000.0,1050967.731086279,3073035.206847418,6377172.426293615,7780000.0,253750000.0
3716.0,1.0,57709.93401663327,9.196299794138488,0.0,127573.48764366156,585.6571610970651,1006084.5210898916,100000.0,1054638.8750357444,3078397.750110907,6377172.426293615,7780000.0,253750000.0
3717.0,1.0,57719.13930235791,9.214271655132618,0.0,121303.08435187775,585.6571610970651,1006084.5210898916,100000.0,1058539.2748936876,3084084.9580616252,6377172.426293615,7780000.0,253750000.0
3718.0,1.0,57728.36309106,9.233305749048402,0.0,115020.76163525268,585.6571610970651,1006084.5210898916,100000.0,1062680.6164923434,3090112.0284487493,6377172.426293615,7780000.0,253750000.0
3719.0,1.0,57737.606468496,9.25344912295425,0.0,108725.8112089578,585.6571610970651,1006084.5210898916,100000.0,1067075.5497501027,3096495.3308692966,6377172.426293615,7780000.0,253750000.0
3720.0,1.0,57746.872525085375,9.278664055796366,0.0,102417.49207779775,585.6571610970651,1006084.5210898916,100000.0,1071736.491034817,3103250.64309903,6377172.426293615,7780000.0,253750000.0
3721.0,1.0,57756.16412011187,9.304525997193902,0.0,96093.69512610296,585.6571610970651,1006084.5210898916,100000.0,1077585.2469135735,3111706.7609766214,6377172.426293615,7780000.0,253750000.0
3722.0,1.0,57765.48457975883,9.336393296727353,0.0,89752.46898117373,585.6571610970651,1006084.5210898916,100000.0,1083600.6138844995,3120379.86061842,6377172.426293615,7780000.0,253750000.0
3723.0,1.0,57774.8373235155,9.369094216625955,0.0,83391.54362578377,585.6571610970651,1006084.5210898916,100000.0,1091035.8253312616,3131066.9262149334,6377172.426293615,7780000.0,253750000.0
3724.0,1.0,57784.22484403099,9.405946814363048,0.0,77227.47458105466,585.6571610970651,1006084.5210898916,100000.0,1098691.9630410327,3142033.5559933945,6377172.426293615,7780000.0,253750000.0
3725.0,1.0,57793.64991527547,9.444195674592718,0.0,71340.34333913383,585.6571610970651,1006084.5210898916,100000.0,1107352.1992284448,3154392.498708475,6377172.426293615,7780000.0,253750000.0
3726.0,1.0,57803.11418400761,9.484341789682421,0.0,65545.93979174734,585.6571610970651,1006084.5210898916,100000.0,1116376.5064249623,3167219.6941172755,6377172.426293615,7780000.0,253750000.0
3727.0,1.0,57812.62224298058,9.531776156251667,0.0,59727.43817065271,585.6571610970651,1006084.5210898916,100000.0,1125887.8379442845,3180683.155775157,6377172.426293615,7780000.0,253750000.0
3728.0,1.0,57822.1769159495,9.577569781598813,0.0,53882.01491467294,585.6571610970651,1006084.5210898916,100000.0,1137177.883724238,3196590.8164328304,6377172.426293615,7780000.0,253750000.0
3729.0,1.0,57831.78119816463,9.630994648664501,0.0,48007.93401818275,585.6571610970651,1006084.5210898916,100000.0,1148130.8458104557,3211948.235641615,6377172.426293615,7780000.0,253750000.0
3730.0,1.0,57841.44051926349,9.687647549049368,0.0,42103.3540427207,585.6571610970651,1006084.5210898916,100000.0,1160975.4017346574,3229864.8795736395,6377172.426293615,7780000.0,253750000.0
3731.0,1.0,57851.15511308437,9.741540092721067,0.0,36164.936922174995,585.6571610970651,1006084.5210898916,100000.0,1174674.1057734103,3248864.0816243268,6377172.426293615,7780000.0,253750000.0
3732.0,1.0,57860.92298410037,9.794201939277093,0.0,30192.538895991136,585.6571610970651,1006084.5210898916,100000.0,1187779.9215816783,3266937.566287746,6377172.426293615,7780000.0,253750000.0
3733.0,1.0,57870.74815140852,9.856132677036179,0.0,24187.38678654006,585.6571610970651,1006084.5210898916,100000.0,1200656.6854041151,3284598.3225117554,6377172.426293615,7780000.0,253750000.0
3734.0,1.0,57880.62990554423,9.907375594375077,0.0,18147.00970850044,585.6571610970651,1006084.5210898916,100000.0,1215888.6856795275,3305367.50805812,6377172.426293615,7780000.0,253750000.0
3735.0,1.0,57890.56402732568,9.960867968525413,0.0,12071.843830907592,585.6571610970651,1006084.5210898916,100000.0,1228564.580348812,3322552.410041505,6377172.426293615,7780000.0,253750000.0
3736.0,1.0,57900.55279611488,10.016669609875072,0.0,5964.48304842702,585.6571610970651,1006084.5210898916,100000.0,1241867.0440956037,3340491.6932511725,6377172.426293615,7780000.0,253750000.0
3737.0,1.0,57910.59855063247,10.074839425315844,0.0,-176.47395919869246,585.6571610970651,1006084.5210898916,100000.0,1255820.110619268,3359205.415788939,6377172.426293615,7780000.0,253750000.0
3738.0,1.0,57920.70368745133,10.13543421239258,0.0,-6352.465005105565,585.6571610970651,1006084.5210898916,100000.0,1270448.3136002494,3378713.3327588113,6377172.426293615,7780000.0,253750000.0
3739.0,1.0,57930.87065905216,10.198508989273979,0.0,-12564.963469168988,585.6571610970651,1006084.5210898916,100000.0,1285776.4089226758,3399034.4918710254,6377172.426293615,7780000.0,253750000.0
3740.0,1.0,57941.101974622085,10.264122150575012,0.0,-18815.4771026402,585.6571610970651,1006084.5210898916,100000.0,1301829.477617149,3420187.34410155,6377172.426293615,7780000.0,253750000.0
3741.0,1.0,57951.40019538816,10.332319381578134,0.0,-25105.54851907957,585.6571610970651,1006084.5210898916,100000.0,1318634.2708694506,3442191.4727564645,6377172.426293615,7780000.0,253750000.0
3742.0,1.0,57961.76792858544,10.40314701297886,0.0,-31316.94710046719,585.6571610970651,1006084.5210898916,100000.0,1336215.1128279516,3465062.1989209424,6377172.426293615,7780000.0,253750000.0
3743.0,1.0,57972.20783051877,10.476656853680177,0.0,-37288.32717574425,585.6571610970651,1006084.5210898916,100000.0,1354597.3032971679,3488815.0601268522,6377172.426293615,7780000.0,253750000.0
3744.0,1.0,57982.72259976011,10.552881629016056,0.0,-43235.56617052781,585.6571610970651,1006084.5210898916,100000.0,1373808.4209415638,3513467.4310859786,6377172.426293615,7780000.0,253750000.0
3745.0,1.0,57993.31497311952,10.631865089808697,0.0,-49225.45439482665,585.6571610970651,1006084.5210898916,100000.0,1393871.9178695458,3539030.2866156395,6377172.426293615,7780000.0,253750000.0
3746.0,1.0,58003.98772145785,10.713631586843483,0.0,-55259.55091150818,585.6571610970651,1006084.5210898916,100000.0,1414814.9794762072,3565518.2990575014,6377172.426293615,7780000.0,253750000.0
3747.0,1.0,58014.74364220781,10.798209913075215,0.0,-61339.4341809655,585.6571610970651,1006084.5210898916,100000.0,1436660.4997431177,3592939.6347276485,6377172.426293615,7780000.0,253750000.0
3748.0,1.0,58025.58555816513,10.885622001553818,0.0,-67466.69780063065,585.6571610970651,1006084.5210898916,100000.0,1459433.3510677593,3621303.949674794,6377172.426293615,7780000.0,253750000.0
3749.0,1.0,58036.51630750138,10.975876670952811,0.0,-73642.94981633837,585.6571610970651,1006084.5210898916,100000.0,1483157.3701059627,3650618.5993996146,6377172.426293615,7780000.0,253750000.0
3750.0,1.0,58047.538735332535,11.068978991356865,0.0,-79869.80703299603,585.6571610970651,1006084.5210898916,100000.0,1507853.5821662685,3680886.541345752,6377172.426293615,7780000.0,253750000.0
3751.0,1.0,58058.655687335726,11.16492501502669,0.0,-86148.89021148512,585.9145605694713,1006084.5210898916,100000.0,1533542.6591277856,3712109.4758244418,6377172.426293615,7780000.0,253750000.0
3752.0,1.0,58069.87000177403,11.263703861571285,0.0,-92481.82043235748,587.2007122423651,1006084.5210898916,100000.0,1560243.408002453,3744286.0789158866,6377172.426293615,7780000.0,253750000.0
3753.0,1.0,58081.18449992372,11.36529243781985,0.0,-98870.21455264211,587.2007122423651,1006084.5210898916,100000.0,1587973.250982897,3777412.701755764,6377172.426293615,7780000.0,253750000.0
3754.0,1.0,58092.60197255062,11.469652815971159,0.0,-105315.6797526035,587.2007122423651,1006084.5210898916,100000.0,1616746.6322388058,3811481.5997835114,6377172.426293615,7780000.0,253750000.0
3755.0,1.0,58104.12517173612,11.576745555041956,0.0,-111819.80583177497,587.8840829675445,1006084.5210898916,100000.0,1646574.0978673205,3846480.053474551,6377172.426293615,7780000.0,253750000.0
3756.0,1.0,58115.75679785789,11.686506688494319,0.0,-118384.16055256996,589.793476604651,1006084.5210898916,100000.0,1677465.941383607,3882394.8358413,6377172.426293615,7780000.0,253750000.0
3757.0,1.0,58127.49948678687,11.798871169481547,0.0,-125010.2822236234,591.2748672957523,1006084.5210898916,100000.0,1709425.4245869447,3919204.4949692013,6377172.426293615,7780000.0,253750000.0
3758.0,1.0,58139.35579787762,11.91375101201632,0.0,-131699.67240641147,591.5006047186508,1006084.5210898916,100000.0,1742455.330544654,3956887.216649718,6377172.426293615,7780000.0,253750000.0
3759.0,1.0,58151.32819661322,12.031046459174512,0.0,-138453.78907374156,591.5006047186508,1006084.5210898916,100000.0,1776551.386754961,3995413.493769544,6377172.426293615,7780000.0,253750000.0
3760.0,1.0,58163.419041285495,12.150642885375415,0.0,-145274.03672320812,591.5006047186508,1006084.5210898916,100000.0,1811705.2499571615,4034749.8716962687,6377172.426293615,7780000.0,253750000.0
3761.0,1.0,58175.63056737831,12.272409300268293,0.0,-152161.75878937703,591.5006047186508,1006084.5210898916,100000.0,1847903.3332381072,4074857.909422402,6377172.426293615,7780000.0,253750000.0
3762.0,1.0,58187.96487319715,12.39620233739724,0.0,-159118.228747507,591.5006047186508,1006084.5210898916,100000.0,1885126.060660071,4115693.677826513,6377172.426293615,7780000.0,253750000.0
3763.0,1.0,58200.423901880284,12.521855028877745,0.0,-166144.64192722974,591.5006047186508,1006084.5210898916,100000.0,1923348.7869910675,4157209.0973178926,6377172.426293615,7780000.0,253750000.0
3764.0,1.0,58213.00942409863,12.649189407810923,0.0,-173242.10526497773,591.5006047186508,1006084.5210898916,100000.0,1962538.0153300625,4199348.173295166,6377172.426293615,7780000.0,253750000.0
3765.0,1.0,58225.72787551737,12.78771342967314,0.0,-180411.62744867848,591.5006047186508,1006084.5210898916,100000.0,2002654.9411880425,4242051.222510921,6377172.426293615,7780000.0,253750000.0
3766.0,1.0,58238.585901646875,12.928338829341804,0.0,-187656.87464676867,591.5006047186508,1006084.5210898916,100000.0,2046758.136785645,4288506.847242486,6377172.426293615,7780000.0,253750000.0
3767.0,1.0,58251.58043759867,13.060733074247656,0.0,-194981.63256898883,591.5006047186508,1006084.5210898916,100000.0,2092021.7067974077,4335667.19320206,6377172.426293615,7780000.0,253750000.0
3768.0,1.0,58264.70775385229,13.193899433001867,0.0,-202384.1552579149,591.5006047186508,1006084.5210898916,100000.0,2135088.309386764,4380067.12669578,6377172.426293615,7780000.0,253750000.0
3769.0,1.0,58277.9683934091,13.32737968061362,0.0,-209862.31813903927,591.747608113015,1006084.5210898916,100000.0,2178848.701372794,4424725.997453285,6377172.426293615,7780000.0,253750000.0
3770.0,1.0,58291.36249820616,13.460829913501776,0.0,-216513.3867155406,593.6717468255133,1006084.5210898916,100000.0,2223157.7275108355,4469490.134451095,6377172.426293615,7780000.0,253750000.0
3771.0,1.0,58304.890021645304,13.594216964792242,0.0,-222247.02344649777,595.7586343017697,1006084.5210898916,100000.0,2267902.6499237763,4514244.205665967,6377172.426293615,7780000.0,253750000.0
3772.0,1.0,58318.55075131429,13.727242373176056,0.0,-227969.40954359126,596.7111563429673,1006084.5210898916,100000.0,2313071.881027753,4558977.088205021,6377172.426293615,7780000.0,253750000.0
3773.0,1.0,58332.34417360394,13.859602206131104,0.0,-233748.1442754593,600.8775147836946,1006084.5210898916,100000.0,2358562.2258473933,4603588.689633893,6377172.426293615,7780000.0,253750000.0
3774.0,1.0,58346.269468149745,13.990986885476644,0.0,-239583.01037616978,613.8602951850676,1006084.5210898916,100000.0,2404264.622326249,4647977.082683932,6377172.426293615,7780000.0,253750000.0
3775.0,1.0,58360.325504169305,14.121085153640232,0.0,-245473.660816758,634.6981117087531,1006084.5210898916,100000.0,2450064.028419107,4692038.4467499005,6377172.426293615,7780000.0,253750000.0
3776.0,1.0,58374.5108403203,14.249587148338879,0.0,-251419.61725589674,697.7098659452395,1006084.5210898916,100000.0,2495840.794396735,4735668.39802323,6377172.426293615,7780000.0,253750000.0
3777.0,1.0,58388.823726389186,14.376184989440745,0.0,-257420.2699798209,825.5803279687186,1006084.5210898916,100000.0,2541471.8201647596,4778763.020621724,6377172.426293615,7780000.0,253750000.0
3778.0,1.0,58403.262109245436,14.500580723052083,0.0,-263474.8786166762,1019.3705777736567,1006084.5210898916,100000.0,2586830.900929377,4821219.063400386,6377172.426293615,7780000.0,253750000.0
3779.0,1.0,58417.82364167274,14.622484131555469,0.0,-269582.5746552614,1296.034584902009,1006084.5210898916,100000.0,2631791.7775258366,4862936.604092382,6377172.426293615,7780000.0,253750000.0
3780.0,1.0,58432.50574475835,14.741722039682557,0.0,-275676.0266514519,1643.7224354292116,1006084.5210898916,100000.0,2676227.644850691,4903818.314880167,6377172.426293615,7780000.0,253750000.0
3781.0,1.0,58447.30824995817,14.86328835995624,0.0,-280740.207416141,2043.603961830737,1006084.5210898916,100000.0,2720051.779376212,4943806.119444768,6377172.426293615,7780000.0,253750000.0
3782.0,1.0,58462.22766715671,14.97554603711561,0.0,-285833.0781801149,2461.74062499366,1006084.5210898916,100000.0,2765098.089680706,4984574.783815837,6377172.426293615,7780000.0,253750000.0
3783.0,1.0,58477.25760947715,15.084338603773068,0.0,-290966.17306103185,2890.205579377548,1006084.5210898916,100000.0,2807023.6273412327,5022221.687603686,6377172.426293615,7780000.0,253750000.0
3784.0,1.0,58492.39451737636,15.189477194634575,0.0,-296137.2946242203,3322.064576333884,1006084.5210898916,100000.0,2847956.0328099076,5058706.52671159,6377172.426293615,7780000.0,253750000.0
3785.0,1.0,58507.63465388024,15.290795813129595,0.0,-301345.2181923042,3758.9470171145226,1006084.5210898916,100000.0,2887795.181653325,5093965.962989911,6377172.426293615,7780000.0,253750000.0
3786.0,1.0,58522.97413374273,15.388163911855992,0.0,-306588.65804196807,4212.986383141529,1006084.5210898916,100000.0,2926448.6836618655,5127944.327578595,6377172.426293615,7780000.0,253750000.0
3787.0,1.0,58538.40895295253,15.481474507743151,0.0,-311866.2774362326,4675.627333234339,1006084.5210898916,100000.0,2963837.184714095,5160597.839904122,6377172.426293615,7780000.0,253750000.0
3788.0,1.0,58553.9350151499,15.570649887006088,0.0,-316362.82001295,5155.895168315206,1006084.5210898916,100000.0,2999890.336793867,5191890.621962703,6377172.426293615,7780000.0,253750000.0
3789.0,1.0,58569.54816291462,15.655645642431985,0.0,-320215.93168892286,5643.16248842795,1006084.5210898916,100000.0,3034549.4157508295,5221796.61154229,6377172.426293615,7780000.0,253750000.0
3790.0,1.0,58585.24420949613,15.736447520578983,0.0,-324090.6554396202,6117.712148526283,1006084.5210898916,100000.0,3067769.324782911,5250300.91617307,6377172.426293615,7780000.0,253750000.0
3791.0,1.0,58601.01900771742,15.813148922001117,0.0,-327985.952236773,6590.953713985062,1006084.5210898916,100000.0,3099517.770242294,5277398.755799298,6377172.426293615,7780000.0,253750000.0
3792.0,1.0,58616.868482843136,15.885801329432299,0.0,-330038.6451818002,7070.242519554336,1006084.5210898916,100000.0,3129806.275588075,5303121.453371535,6377172.426293615,7780000.0,253750000.0
3793.0,1.0,58632.78856349398,15.954359972251135,0.0,-329681.06579578767,7569.170679282928,1006084.5210898916,100000.0,3158631.6943436633,5327486.274217011,6377172.426293615,7780000.0,253750000.0
3794.0,1.0,58648.77520245404,16.018917947870026,0.0,-329321.89348129474,8071.727730806171,1006084.5210898916,100000.0,3185954.054137035,5350478.203992666,6377172.426293615,7780000.0,253750000.0
3795.0,1.0,58664.82445677846,16.079590700962946,0.0,-328961.2195474014,8576.385861360697,1006084.5210898916,100000.0,3211789.6094807847,5372128.46398702,6377172.426293615,7780000.0,253750000.0
3796.0,1.0,58680.93250847493,16.136512691975803,0.0,-327834.97664136445,9083.020602058217,1006084.5210898916,100000.0,3236165.432716183,5392475.769899919,6377172.426293615,7780000.0,253750000.0
3797.0,1.0,58697.09568443307,16.18983922431397,0.0,-325584.19622837135,9591.511428449287,1006084.5210898916,100000.0,3259118.1352292513,5411565.214589136,6377172.426293615,7780000.0,253750000.0
3798.0,1.0,58713.310572494964,16.239936899466926,0.0,-323305.09136477305,10098.426113965477,1006084.5210898916,100000.0,3280694.6241861125,5429448.880838746,6377172.426293615,7780000.0,253750000.0
3799.0,1.0,58729.57451386971,16.28794585002038,0.0,-321018.6947840349,10571.968442040241,1006084.5210898916,100000.0,3301029.534344668,5446249.712676739,6377172.426293615,7780000.0,253750000.0
3800.0,1.0,58745.885785978004,16.33459836656491,0.0,-318725.3813916392,10982.246303421445,1006084.5210898916,100000.0,3320575.5725614224,5462350.066685272,6377172.426293615,7780000.0,253750000.0
3801.0,1.0,58762.244213009864,16.382255697162524,0.0,-316425.3940816099,11300.297479365769,1006084.5210898916,100000.0,3339624.6364809796,5477995.524940386,6377172.426293615,7780000.0,253750000.0
3802.0,1.0,58778.64771549682,16.424749276758877,0.0,-314118.75764421065,11491.295576396766,1006084.5210898916,100000.0,3359140.239924819,5493977.959150627,6377172.426293615,7780000.0,253750000.0
3803.0,1.0,58795.09169371616,16.463207161914813,0.0,-311805.7652969831,11569.50559348083,1006084.5210898916,100000.0,3376589.243695867,5508228.670043157,6377172.426293615,7780000.0,253750000.0
3804.0,1.0,58811.57092716606,16.49525973788431,0.0,-309487.0656284489,11562.485702908298,1006084.5210898916,100000.0,3392420.049513091,5521125.964366239,6377172.426293615,7780000.0,253750000.0
3805.0,1.0,58828.08124207308,16.52537007615813,0.0,-306233.372492157,11525.935990376413,1006084.5210898916,100000.0,3405642.461201764,5531875.164547561,6377172.426293615,7780000.0,253750000.0
3806.0,1.0,58844.62078900589,16.553723789461856,0.0,-302042.8761204762,11478.970150142779,1006084.5210898916,100000.0,3418087.083560316,5541973.012968251,6377172.426293615,7780000.0,253750000.0
3807.0,1.0,58861.18790223552,16.580502669807295,0.0,-297844.9603447032,11428.610342460452,1006084.5210898916,100000.0,3429826.4398381533,5551481.7569916835,6377172.426293615,7780000.0,253750000.0
3808.0,1.0,58877.78109308924,16.605879037620703,0.0,-293640.04794485064,11378.166600592238,1006084.5210898916,100000.0,3440932.2433617176,5560462.362660905,6377172.426293615,7780000.0,253750000.0
3809.0,1.0,58894.400028246775,16.631991277451043,0.0,-289428.5167621515,11327.589961771457,1006084.5210898916,100000.0,3451472.959057073,5568972.619613756,6377172.426293615,7780000.0,253750000.0
3810.0,1.0,58911.04370710088,16.655366430759887,0.0,-285089.7589626835,11274.02108792471,1006084.5210898916,100000.0,3462336.1659278106,5577729.659715188,6377172.426293615,7780000.0,253750000.0
3811.0,1.0,58927.71041752023,16.67805440795287,0.0,-280677.66468722577,11221.059417963932,1006084.5210898916,100000.0,3472075.169519669,5585568.786355897,6377172.426293615,7780000.0,253750000.0
3812.0,1.0,58944.40026384773,16.701638247047295,0.0,-276259.4649444545,11184.449041737511,1006084.5210898916,100000.0,3481540.9493200504,5593177.460578797,6377172.426293615,7780000.0,253750000.0
3813.0,1.0,58961.11408630823,16.726006673954835,0.0,-271835.13207397825,11155.759833109078,1006084.5210898916,100000.0,3491394.1555276397,5601086.5723990565,6377172.426293615,7780000.0,253750000.0
3814.0,1.0,58977.85381948711,16.75345968380071,0.0,-267404.44333950954,11130.428090825966,1006084.5210898916,100000.0,3501589.7841963144,5609258.804770718,6377172.426293615,7780000.0,253750000.0
3815.0,1.0,58994.62138834262,16.781678027222863,0.0,-262966.88589931605,11109.853313641928,1006084.5210898916,100000.0,3513093.7935962062,5618465.487525139,6377172.426293615,7780000.0,253750000.0
3816.0,1.0,59011.41586131736,16.807267922262515,0.0,-258218.89457084157,11097.094413171651,1006084.5210898916,100000.0,3524938.173909603,5627928.833701082,6377172.426293615,7780000.0,253750000.0
3817.0,1.0,59028.23557566397,16.832160770977826,0.0,-251289.3044797507,11091.074147371251,1006084.5210898916,100000.0,3535696.5225756736,5636510.699466319,6377172.426293615,7780000.0,253750000.0
3818.0,1.0,59045.07918565078,16.855059202634497,0.0,-243699.92618014425,11089.624565290853,1006084.5210898916,100000.0,3546177.552145931,5644858.802725754,6377172.426293615,7780000.0,253750000.0
3819.0,1.0,59061.943484503754,16.873538503309625,0.0,-236099.76570853597,11089.624565290853,1006084.5210898916,100000.0,3555832.5380820823,5652538.055274758,6377172.426293615,7780000.0,253750000.0
3820.0,1.0,59078.8262722206,16.892036930373536,0.0,-228490.27002298043,11089.624565290853,1006084.5210898916,100000.0,3563633.7944913316,5658735.301398029,6377172.426293615,7780000.0,253750000.0
3821.0,1.0,59095.727586919245,16.91059246691467,0.0,-220872.4318067876,11089.624565290853,1006084.5210898916,100000.0,3571451.6869491595,5664938.9617758645,6377172.426293615,7780000.0,253750000.0
3822.0,1.0,59112.647502312495,16.929238319579838,0.0,-213246.23386041538,11089.624565290853,1006084.5210898916,100000.0,3579302.3210373996,5671161.77447405,6377172.426293615,7780000.0,253750000.0
3823.0,1.0,59129.58612251772,16.948002090868528,0.0,-205611.64292323106,11089.624565290853,1006084.5210898916,100000.0,3587199.848886092,5677414.875723699,6377172.426293615,7780000.0,253750000.0
3824.0,1.0,59146.54357692824,16.96690673017437,0.0,-197968.61201547447,11089.624565290853,1006084.5210898916,100000.0,3595156.1075130133,5683707.5223406395,6377172.426293615,7780000.0,253750000.0
3825.0,1.0,59163.5200163138,16.985972040935962,0.0,-190317.08275239525,11089.624565290853,1006084.5210898916,100000.0,3603181.0103810504,5690047.410668105,6377172.426293615,7780000.0,253750000.0
3826.0,1.0,59180.51560933688,17.005214005217397,0.0,-182656.9871037862,11089.624565290853,1006084.5210898916,100000.0,3611283.1780522405,5696441.182017107,6377172.426293615,7780000.0,253750000.0
3827.0,1.0,59197.530538999876,17.02464532078283,0.0,-174988.24896589623,11089.624565290853,1006084.5210898916,100000.0,3619469.6439645607,5702894.196156745,6377172.426293615,7780000.0,253750000.0
3828.0,1.0,59214.56500002977,17.04427673900383,0.0,-167310.78576452687,11089.624565290853,1006084.5210898916,100000.0,3627746.0748683186,5709410.711428344,6377172.426293615,7780000.0,253750000.0
3829.0,1.0,59231.619196067426,17.064115336315744,0.0,-159624.50963512543,11089.624565290853,1006084.5210898916,100000.0,3636117.3343339143,5715994.333428075,6377172.426293615,7780000.0,253750000.0
3830.0,1.0,59248.69333711244,17.084166753710768,0.0,-151929.32869101668,11089.624565290853,1006084.5210898916,100000.0,3644586.740168051,5722647.435319957,6377172.426293615,7780000.0,253750000.0
3831.0,1.0,59265.78763752589,17.104434073191946,0.0,-144225.1481763512,11089.624565290853,1006084.5210898916,100000.0,3653157.0134958853,5729371.9088756405,6377172.426293615,7780000.0,253750000.0
3832.0,1.0,59282.902314041814,17.12491895864309,0.0,-136511.87136728808,11089.624565290853,1006084.5210898916,100000.0,3661829.7944199727,5736168.787680306,6377172.426293615,7780000.0,253750000.0
3833.0,1.0,59300.03758425721,17.14562147214766,0.0,-128789.40046927013,11089.624565290853,1006084.5210898916,100000.0,3670606.1248372006,5743038.629736538,6377172.426293615,7780000.0,253750000.0
3834.0,1.0,59317.19365529841,17.16652061026123,0.0,-121058.96157236735,11089.624565290853,1006084.5210898916,100000.0,3679486.3660946526,5749981.455864738,6377172.426293615,7780000.0,253750000.0
3835.0,1.0,59334.370730678755,17.187630150431218,0.0,-113993.42800507274,11089.624565290853,1006084.5210898916,100000.0,3688461.830784914,5756990.222318132,6377172.426293615,7780000.0,253750000.0
3836.0,1.0,59351.57164297976,17.21419445157843,0.0,-107017.86418691206,11091.127952469935,1006084.5210898916,100000.0,3697538.755333872,5764069.549522249,6377172.426293615,7780000.0,253750000.0
3837.0,1.0,59368.79986779856,17.24225518601662,0.0,-100032.62025978937,11096.210647773807,1006084.5210898916,100000.0,3708977.032273936,5772978.193588175,6377172.426293615,7780000.0,253750000.0
3838.0,1.0,59386.05654214197,17.271093500800813,0.0,-93036.28479312146,11108.977457613613,1006084.5210898916,100000.0,3721078.8412905685,5782388.683777736,6377172.426293615,7780000.0,253750000.0
3839.0,1.0,59403.3411758554,17.29817392606269,0.0,-86477.715005689,11138.22444745594,1006084.5210898916,100000.0,3733536.5368174063,5792059.944483967,6377172.426293615,7780000.0,253750000.0
3840.0,1.0,59420.653358639654,17.326191642451754,0.0,-81297.41836561696,11264.282506179892,1006084.5210898916,100000.0,3745253.805577029,5801141.676710802,6377172.426293615,7780000.0,253750000.0
3841.0,1.0,59437.99164629878,17.350383675808853,0.0,-76219.88517675786,11509.028470098901,1006084.5210898916,100000.0,3757395.9472074755,5810537.740302576,6377172.426293615,7780000.0,253750000.0
3842.0,1.0,59455.35363967728,17.373603081187557,0.0,-71134.69562415747,11876.283496625814,1006084.5210898916,100000.0,3767895.94740984,5818650.817067333,6377172.426293615,7780000.0,253750000.0
3843.0,1.0,59472.73869556045,17.39650868515361,0.0,-66943.28163447084,12342.095878032798,1006084.5210898916,100000.0,3777987.5795392483,5826437.711847474,6377172.426293615,7780000.0,253750000.0
3844.0,1.0,59490.14669080701,17.41948180796055,0.0,-63805.49312895499,12842.243021811286,1006084.5210898916,100000.0,3787956.050988802,5834119.36971296,6377172.426293615,7780000.0,253750000.0
3845.0,1.0,59507.57772046196,17.442577501944324,0.0,-60663.56435082678,13364.529665506645,1006084.5210898916,100000.0,3797967.0985432626,5841823.670798682,6377172.426293615,7780000.0,253750000.0
3846.0,1.0,59525.03190148194,17.465784538013597,0.0,-57517.47814562956,13890.081607432257,1006084.5210898916,100000.0,3808044.87658585,5849569.077538983,6377172.426293615,7780000.0,253750000.0
3847.0,1.0,59542.50933965796,17.489091814024036,0.0,-54367.21340413244,14416.331571510907,1006084.5210898916,100000.0,3818184.6881393115,5857351.824128873,6377172.426293615,7780000.0,253750000.0
3848.0,1.0,59560.010129823626,17.51248851730374,0.0,-51212.75103236137,14943.28274738049,1006084.5210898916,100000.0,3828381.8667071653,5865168.187336497,6377172.426293615,7780000.0,253750000.0
3849.0,1.0,59577.53435622686,17.535964289166767,0.0,-48054.073914019165,15467.417807397796,1006084.5210898916,100000.0,3838631.8475974505,5873014.541007911,6377172.426293615,7780000.0,253750000.0
3850.0,1.0,59595.082092956756,17.559509170620085,0.0,-44891.16684339215,15945.638869773846,1006084.5210898916,100000.0,3848930.240727524,5880887.4112385865,6377172.426293615,7780000.0,253750000.0
3851.0,1.0,59612.65443728373,17.58517948333367,0.0,-41724.016448310234,16344.682127165119,1006084.5210898916,100000.0,3859272.8078691615,5888783.458165614,6377172.426293615,7780000.0,253750000.0
3852.0,1.0,59630.256377644386,17.618701237981828,0.0,-38552.4246849775,16659.02440917496,1006084.5210898916,100000.0,3870564.8267227625,5897392.292923172,6377172.426293615,7780000.0,253750000.0
3853.0,1.0,59647.890746501085,17.650036475416485,0.0,-35375.4912020135,16878.297632697337,1006084.5210898916,100000.0,3885335.4227008703,5908634.199080267,6377172.426293615,7780000.0,253750000.0
3854.0,1.0,59665.55749213377,17.683454789951842,0.0,-32192.70477484345,17001.501599742944,1006084.5210898916,100000.0,3899168.017052563,5919142.831529495,6377172.426293615,7780000.0,253750000.0
3855.0,1.0,59683.25971903175,17.72099900599825,0.0,-28012.397315859547,17036.172411979172,1006084.5210898916,100000.0,3913947.2477771426,5930350.047854474,6377172.426293615,7780000.0,253750000.0
3856.0,1.0,59700.995711120464,17.75098517143676,0.0,-22820.46711784195,17040.742167655208,1006084.5210898916,100000.0,3930584.502814746,5942940.932728057,6377172.426293615,7780000.0,253750000.0
3857.0,1.0,59718.760062650465,17.777717888568553,0.0,-17618.633842969728,17018.159334189626,1006084.5210898916,100000.0,3943897.846695124,5952997.138359564,6377172.426293615,7780000.0,253750000.0
3858.0,1.0,59736.55083926379,17.8038353380831,0.0,-12408.48295696177,16915.133469136166,1006084.5210898916,100000.0,3955785.6932956716,5961962.262663888,6377172.426293615,7780000.0,253750000.0
3859.0,1.0,59754.3684920651,17.83147026453189,0.0,-7190.581792476075,16708.763965516286,1006084.5210898916,100000.0,3967417.211405467,5970721.049892866,6377172.426293615,7780000.0,253750000.0
3860.0,1.0,59772.2128071723,17.857159949861984,0.0,-1964.7980439084797,16388.475763733,1006084.5210898916,100000.0,3979743.136827445,5979988.740473394,6377172.426293615,7780000.0,253750000.0
3861.0,1.0,59790.0821809139,17.881587533346778,0.0,3026.5453959114807,15957.087242901098,1006084.5210898916,100000.0,3991218.5782161844,5988604.07206082,6377172.426293615,7780000.0,253750000.0
3862.0,1.0,59807.97574690833,17.90554445550638,0.0,7412.001354234264,15466.525903385975,1006084.5210898916,100000.0,4002145.568810756,5996796.143271381,6377172.426293615,7780000.0,253750000.0
3863.0,1.0,59825.89328440107,17.92953052997961,0.0,13366.517941931012,14952.38570926059,1006084.5210898916,100000.0,4012876.5306858984,6004830.372790623,6377172.426293615,7780000.0,253750000.0
3864.0,1.0,59843.8348247997,17.953550267271417,0.0,19329.01162510472,14437.556736229782,1006084.5210898916,100000.0,4023634.944137246,6012874.378873699,6377172.426293615,7780000.0,253750000.0
3865.0,1.0,59861.80038533596,17.97757080525822,0.0,25299.492855382305,13920.336458031616,1006084.5210898916,100000.0,4034422.888828865,6020929.674170344,6377172.426293615,7780000.0,253750000.0
3866.0,1.0,59879.78998721133,18.001632945463957,0.0,31277.9673670455,13385.492912759848,1006084.5210898916,100000.0,4045225.6365191177,6028985.237989268,6377172.426293615,7780000.0,253750000.0
3867.0,1.0,59897.80435334664,18.02709932517132,0.0,37264.44221539525,12850.336353102079,1006084.5210898916,100000.0,4056061.57512948,6037054.753591031,6377172.426293615,7780000.0,253750000.0
3868.0,1.0,59915.84482481487,18.053843611295274,0.0,41736.17802019998,12303.590770256127,1006084.5210898916,100000.0,4067545.674091841,6045595.19706829,6377172.426293615,7780000.0,253750000.0
3869.0,1.0,59933.91421814074,18.084943040430755,0.0,46009.78688913926,11833.278708477474,1006084.5210898916,100000.0,4079623.523875351,6054564.201167259,6377172.426293615,7780000.0,253750000.0
3870.0,1.0,59952.01478222871,18.116185135511355,0.0,50290.24705947126,11493.749524417053,1006084.5210898916,100000.0,4093690.6933413134,6064993.752589906,6377172.426293615,7780000.0,253750000.0
3871.0,1.0,59970.146966078195,18.148182563460757,0.0,54578.091274372026,11264.792737093652,1006084.5210898916,100000.0,4107846.772745053,6075471.148678909,6377172.426293615,7780000.0,253750000.0
3872.0,1.0,59988.31208270106,18.18205068226049,0.0,58873.42589735085,11121.685506139265,1006084.5210898916,100000.0,4122370.427426506,6086201.854337104,6377172.426293615,7780000.0,253750000.0
3873.0,1.0,60006.50777591907,18.209335753758833,0.0,63176.561967906186,11051.732100893325,1006084.5210898916,100000.0,4137771.110923882,6097559.917698051,6377172.426293615,7780000.0,253750000.0
3874.0,1.0,60024.72951554007,18.234143488243287,0.0,67486.94133076962,11000.160952451537,1006084.5210898916,100000.0,4150199.2021615007,6106710.280395156,6377172.426293615,7780000.0,253750000.0
3875.0,1.0,60042.97605036852,18.25892616864845,0.0,70123.571085861,10963.300421204045,1006084.5210898916,100000.0,4161515.0649381434,6115029.839617862,6377172.426293615,7780000.0,253750000.0
3876.0,1.0,60061.24815584161,18.285284777540983,0.0,72284.78270407215,10938.527827863783,1006084.5210898916,100000.0,4172834.8819776224,6123340.99666678,6377172.426293615,7780000.0,253750000.0
3877.0,1.0,60079.54686933215,18.312142203538407,0.0,74449.02303840914,10937.2272957677,1006084.5210898916,100000.0,4184891.397519722,6132180.659468193,6377172.426293615,7780000.0,253750000.0
3878.0,1.0,60097.87290149936,18.3399221308709,0.0,76616.4149605404,11011.870953587752,1006084.5210898916,100000.0,4197193.962732518,6141187.606325635,6377172.426293615,7780000.0,253750000.0
3879.0,1.0,60116.228545139944,18.371365150300598,0.0,78787.04264452729,11218.56615276786,1006084.5210898916,100000.0,4209938.095305767,6150503.924621041,6377172.426293615,7780000.0,253750000.0
3880.0,1.0,60134.614237182715,18.40001893523558,0.0,80961.1776607777,11574.613034640373,1006084.5210898916,100000.0,4224385.990828416,6161048.703002557,6377172.426293615,7780000.0,253750000.0
3881.0,1.0,60153.027787149724,18.427080998774123,0.0,83138.87176134372,12050.518659665846,1006084.5210898916,100000.0,4237573.801666782,6170658.079500466,6377172.426293615,7780000.0,253750000.0
3882.0,1.0,60171.46906948767,18.45548367711116,0.0,81747.57909737685,12606.452340498285,1006084.5210898916,100000.0,4250047.900043383,6179733.653912093,6377172.426293615,7780000.0,253750000.0
3883.0,1.0,60189.9396935805,18.485764508544275,0.0,77485.90320279023,13165.09042746817,1006084.5210898916,100000.0,4263159.664629577,6189258.8189228885,6377172.426293615,7780000.0,253750000.0
3884.0,1.0,60208.44092425366,18.51669683776712,0.0,72797.85917216093,13716.234891394564,1006084.5210898916,100000.0,4277160.698175031,6199413.844186419,6377172.426293615,7780000.0,253750000.0
3885.0,1.0,60226.972635627644,18.54672591020876,0.0,68102.04686063809,14245.393902881975,1006084.5210898916,100000.0,4291486.666037729,6209787.356730539,6377172.426293615,7780000.0,253750000.0
3886.0,1.0,60245.5349389789,18.577880792291108,0.0,63398.498217800545,14697.328279363448,1006084.5210898916,100000.0,4305417.213232801,6219857.9517192785,6377172.426293615,7780000.0,253750000.0
3887.0,1.0,60264.12893534341,18.610111936742165,0.0,57211.558902637364,15044.596714918833,1006084.5210898916,100000.0,4319893.884356908,6230306.0999257555,6377172.426293615,7780000.0,253750000.0
3888.0,1.0,60282.75392939025,18.639876156941774,0.0,49555.71270255525,15281.927573912277,1006084.5210898916,100000.0,4334896.231103194,6241115.185102162,6377172.426293615,7780000.0,253750000.0
3889.0,1.0,60301.406502771424,18.665270605396326,0.0,41887.10359320895,15405.083622757962,1006084.5210898916,100000.0,4348773.41623705,6251096.958843876,6377172.426293615,7780000.0,253750000.0
3890.0,1.0,60320.083955665235,18.689635182225164,0.0,34207.13903677148,15446.52804143875,1006084.5210898916,100000.0,4360630.783529732,6259613.279347789,6377172.426293615,7780000.0,253750000.0
3891.0,1.0,60338.78565925676,18.71377200082828,0.0,26516.93065116433,15465.749424807791,1006084.5210898916,100000.0,4372022.449797946,6267784.220551255,6377172.426293615,7780000.0,253750000.0
3892.0,1.0,60357.51136985881,18.737649203271086,0.0,18816.737343095636,15471.716563401611,1006084.5210898916,100000.0,4383322.280239637,6275878.780412904,6377172.426293615,7780000.0,253750000.0
3893.0,1.0,60376.26081210371,18.761235286528404,0.0,11106.65944773139,15472.071200301627,1006084.5210898916,100000.0,4394514.9188034395,6283886.275007784,6377172.426293615,7780000.0,253750000.0
3894.0,1.0,60395.03367806733,18.78449664071146,0.0,3386.810344272813,15472.071200301627,1006084.5210898916,100000.0,4405585.104625505,6291796.1394338915,6377172.426293615,7780000.0,253750000.0
3895.0,1.0,60413.829625716746,18.80739865812255,0.0,-4342.683183353598,15472.071200301627,1006084.5210898916,100000.0,4416516.517660869,6299597.10222828,6377172.426293615,7780000.0,253750000.0
3896.0,1.0,60432.64827950595,18.82990892028275,0.0,-12081.680307357365,15472.183215451698,1006084.5210898916,100000.0,4427292.297209823,6307277.557301289,6377172.426293615,7780000.0,253750000.0
3897.0,1.0,60451.489231503125,18.851995074067602,0.0,-19830.026401353487,15473.118610007305,1006084.5210898916,100000.0,4437896.544239043,6314826.632742973,6377172.426293615,7780000.0,253750000.0
3898.0,1.0,60470.352041573016,18.873625065719256,0.0,-27587.553504499905,15475.154566989258,1006084.5210898916,100000.0,4448313.328402475,6322233.478560756,6377172.426293615,7780000.0,253750000.0
3899.0,1.0,60489.236663899814,18.89561958787398,0.0,-35354.080396590485,15486.447664086198,1006084.5210898916,100000.0,4458526.802090639,6329487.345158101,6377172.426293615,7780000.0,253750000.0
3900.0,1.0,60508.1459416232,18.92293585890151,0.0,-43129.58821354095,15510.227390752403,1006084.5210898916,100000.0,4468924.413096674,6336863.461254314,6377172.426293615,7780000.0,253750000.0
3901.0,1.0,60527.081028058994,18.94723701268326,0.0,-50912.03994808059,15568.007080730491,1006084.5210898916,100000.0,4481854.667932499,6346024.287072545,6377172.426293615,7780000.0,253750000.0
3902.0,1.0,60546.03834756043,18.96740199018936,0.0,-58235.64859099223,15732.067373340455,1006084.5210898916,100000.0,4493373.406364879,6354173.958627359,6377172.426293615,7780000.0,253750000.0
3903.0,1.0,60565.01504070812,18.985984305181933,0.0,-65506.469387130855,15989.149132957877,1006084.5210898916,100000.0,4502942.821653102,6360936.51587303,6377172.426293615,7780000.0,253750000.0
3904.0,1.0,60584.01000190659,19.003938091761984,0.0,-72784.72068049715,16345.477596668923,1006084.5210898916,100000.0,4511770.18663329,6367168.309033045,6377172.426293615,7780000.0,253750000.0
3905.0,1.0,60603.02259455416,19.021247203382103,0.0,-80069.97843506375,16802.310494354162,1006084.5210898916,100000.0,4520307.185029521,6373189.3179574255,6377172.426293615,7780000.0,253750000.0
3906.0,1.0,60622.05216743733,19.037898562955252,0.0,-87361.99849095762,17330.245697354556,1006084.5210898916,100000.0,4528545.281107166,6378994.1277156975,6377172.426293615,7780000.0,253750000.0
3907.0,1.0,60641.09805784492,19.05388225223776,0.0,-94660.53108413766,17894.28218132122,1006084.5210898916,100000.0,4536477.40466626,6384578.352756247,6377172.426293615,7780000.0,253750000.0
3908.0,1.0,60660.15959474678,19.06919155147847,0.0,-101965.32204079103,18468.52276765222,1006084.5210898916,100000.0,4544098.002451519,6389938.666881927,6377172.426293615,7780000.0,253750000.0
3909.0,1.0,60679.2361101497,19.083839254357446,0.0,-109276.11399647125,19035.90404303708,1006084.5210898916,100000.0,4551403.06530412,6395072.816546864,6377172.426293615,7780000.0,253750000.0
3910.0,1.0,60698.3280134056,19.099967257427796,0.0,-116592.65075151727,19583.70987361663,1006084.5210898916,100000.0,4558397.92971071,6399985.0922588855,6377172.426293615,7780000.0,253750000.0
3911.0,1.0,60717.4373611186,19.118728168586664,0.0,-123915.08930725821,20121.407681948604,1006084.5210898916,100000.0,4566105.909250725,6405393.803673942,6377172.426293615,7780000.0,253750000.0
3912.0,1.0,60736.564709166145,19.1359679264959,0.0,-131244.21844610016,20565.000140344564,1006084.5210898916,100000.0,4575080.414595386,6411685.4911134355,6377172.426293615,7780000.0,253750000.0
3913.0,1.0,60755.70783758943,19.15028892006251,0.0,-138214.13297487292,20871.934238637725,1006084.5210898916,100000.0,4583335.026399206,6417467.042306708,6377172.426293615,7780000.0,253750000.0
3914.0,1.0,60774.86482754318,19.16369098744174,0.0,-143926.17354454944,20957.862741667137,1006084.5210898916,100000.0,4590197.75450992,6422269.752291373,6377172.426293615,7780000.0,253750000.0
3915.0,1.0,60794.03480264087,19.176259207947197,0.0,-150353.20044816434,20772.336592207605,1006084.5210898916,100000.0,4596624.776698511,6426764.289804989,6377172.426293615,7780000.0,253750000.0
3916.0,1.0,60813.21611977897,19.18637506825559,0.0,-156811.86752076406,20366.799371414374,1006084.5210898916,100000.0,4602656.009206396,6430979.187174384,6377172.426293615,7780000.0,253750000.0
3917.0,1.0,60832.406603384305,19.194592142421772,0.0,-161769.7862339521,19847.98650718499,1006084.5210898916,100000.0,4607513.276241771,6434371.657332311,6377172.426293615,7780000.0,253750000.0
3918.0,1.0,60851.605048785445,19.20229865986317,0.0,-166099.34370537943,19287.727750426686,1006084.5210898916,100000.0,4611460.70096501,6437127.347708059,6377172.426293615,7780000.0,253750000.0
3919.0,1.0,60870.81093171957,19.20946720839296,0.0,-170430.69743443045,18709.7006864184,1006084.5210898916,100000.0,4615164.39378325,6439711.817011159,6377172.426293615,7780000.0,253750000.0
3920.0,1.0,60890.023723598315,19.216116549092515,0.0,-174763.7291423798,18130.636266689235,1006084.5210898916,100000.0,4618610.877554259,6442115.872249327,6377172.426293615,7780000.0,253750000.0
3921.0,1.0,60909.24313255786,19.22270137000023,0.0,-179098.3195746118,17551.363539743925,1006084.5210898916,100000.0,4621808.887389161,6444345.8051670855,6377172.426293615,7780000.0,253750000.0
3922.0,1.0,60928.46955588814,19.230145290565364,0.0,-183434.4028838446,16971.891305384048,1006084.5210898916,100000.0,4624976.95707846,6446554.100630218,6377172.426293615,7780000.0,253750000.0
3923.0,1.0,60947.703317427426,19.237377788005343,0.0,-187772.06870250579,16441.8314628205,1006084.5210898916,100000.0,4628559.661347965,6449050.505049153,6377172.426293615,7780000.0,253750000.0
3924.0,1.0,60966.9434976335,19.242982624150397,0.0,-192111.39009161844,16001.610815774904,1006084.5210898916,100000.0,4632041.9378051255,6451476.006290215,6377172.426293615,7780000.0,253750000.0
3925.0,1.0,60986.188692405616,19.24740692007565,0.0,-196452.15959362718,15665.644654531932,1006084.5210898916,100000.0,4634741.434417674,6453355.652586476,6377172.426293615,7780000.0,253750000.0
3926.0,1.0,61005.438284700365,19.25177766942,0.0,-200794.06042990906,15444.08753752303,1006084.5210898916,100000.0,4636872.894527059,6454839.391135516,6377172.426293615,7780000.0,253750000.0
3927.0,1.0,61024.69215647257,19.25596587499707,0.0,-205212.63038734466,15338.705565303388,1006084.5210898916,100000.0,4638979.039042414,6456305.172222488,6377172.426293615,7780000.0,253750000.0
3928.0,1.0,61043.94983822523,19.259397630315863,0.0,-211277.31367294668,15307.157861567008,1006084.5210898916,100000.0,4640997.669383644,6457709.735156565,6377172.426293615,7780000.0,253750000.0
3929.0,1.0,61063.21031874308,19.261563405383747,0.0,-217794.39070153644,15293.062355458984,1006084.5210898916,100000.0,4642652.033309754,6458860.613792033,6377172.426293615,7780000.0,253750000.0
3930.0,1.0,61082.472749611174,19.263298330809498,0.0,-224312.4148725996,15290.349586226384,1006084.5210898916,100000.0,4643696.251365706,6459586.931382687,6377172.426293615,7780000.0,253750000.0
3931.0,1.0,61101.736525736356,19.264253919557294,0.0,-230831.09907029412,15290.249124017659,1006084.5210898916,100000.0,4644532.822038292,6460168.7585880505,6377172.426293615,7780000.0,253750000.0
3932.0,1.0,61121.00099918428,19.264692976286835,0.0,-237350.238522372,15291.562930023607,1006084.5210898916,100000.0,4644993.633402068,6460489.226270612,6377172.426293615,7780000.0,253750000.0
3933.0,1.0,61140.265601682135,19.26451201942108,0.0,-243869.61395851543,15291.983988180224,1006084.5210898916,100000.0,4645205.366382994,6460636.468997103,6377172.426293615,7780000.0,253750000.0
3934.0,1.0,61159.52965890517,19.263602426650742,0.0,-250729.3969444503,15294.531920650208,1006084.5210898916,100000.0,4645118.100226502,6460575.783029896,6377172.426293615,7780000.0,253750000.0
3935.0,1.0,61178.79268790908,19.262455581166467,0.0,-259530.363626969,15296.135393382056,1006084.5210898916,100000.0,4644679.462996615,6460270.740627652,6377172.426293615,7780000.0,253750000.0
3936.0,1.0,61198.05435000511,19.260868610893418,0.0,-268330.8605578566,15297.902327805581,1006084.5210898916,100000.0,4644126.443785727,6459886.132797715,6377172.426293615,7780000.0,253750000.0
3937.0,1.0,61217.31405876508,19.258548909029937,0.0,-277130.7330039568,15301.321516700407,1006084.5210898916,100000.0,4643361.246744179,6459353.924055333,6377172.426293615,7780000.0,253750000.0
3938.0,1.0,61236.57048325022,19.254300061257336,0.0,-285929.71305000497,15301.466934993632,1006084.5210898916,100000.0,4642242.858437446,6458575.985342537,6377172.426293615,7780000.0,253750000.0
3939.0,1.0,61255.82230958924,19.249352616776015,0.0,-294727.19264405017,15293.64037014216,1006084.5210898916,100000.0,4640194.728276262,6457151.085350376,6377172.426293615,7780000.0,253750000.0
3940.0,1.0,61275.06871531688,19.24345883849876,0.0,-303522.57153156045,15258.747403944984,1006084.5210898916,100000.0,4637810.413470487,6455491.902913174,6377172.426293615,7780000.0,253750000.0
3941.0,1.0,61294.307595387574,19.23430130289169,0.0,-312315.47396151186,15121.947251940359,1006084.5210898916,100000.0,4634970.833126339,6453515.356548012,6377172.426293615,7780000.0,253750000.0
3942.0,1.0,61313.53638190344,19.223271728843002,0.0,-321104.9382239346,14852.043467892167,1006084.5210898916,100000.0,4630560.522952676,6450444.2716061445,6377172.426293615,7780000.0,253750000.0
3943.0,1.0,61332.75322368455,19.21041183338172,0.0,-329889.7911503976,14455.336576710877,1006084.5210898916,100000.0,4625251.417529046,6446745.377031278,6377172.426293615,7780000.0,253750000.0
3944.0,1.0,61351.95825048236,19.199641762243065,0.0,-338669.187011852,13952.615144446421,1006084.5210898916,100000.0,4619065.128832818,6442432.663109135,6377172.426293615,7780000.0,253750000.0
3945.0,1.0,61371.151322015925,19.18650130487704,0.0,-347443.1850864773,13403.143592098437,1006084.5210898916,100000.0,4613887.341363292,6438820.795821255,6377172.426293615,7780000.0,253750000.0
3946.0,1.0,61390.327952519794,19.166759702854037,0.0,-356211.7212855942,12847.20475415877,1006084.5210898916,100000.0,4607573.906644403,6434413.992235923,6377172.426293615,7780000.0,253750000.0
3947.0,1.0,61409.48571868601,19.14877262957845,0.0,-364904.8746067252,12269.022305938564,1006084.5210898916,100000.0,4598097.025723393,6427793.418830303,6377172.426293615,7780000.0,253750000.0
3948.0,1.0,61428.62435463316,19.12849926472455,0.0,-372008.3934038199,11691.408624422607,1006084.5210898916,100000.0,4589470.893660956,6421761.246829543,6377172.426293615,7780000.0,253750000.0
3949.0,1.0,61447.74150591812,19.105803305203715,0.0,-378377.2371127087,11112.881645184812,1006084.5210898916,100000.0,4579758.024277332,6414962.340639571,6377172.426293615,7780000.0,253750000.0
3950.0,1.0,61466.83442510689,19.080035072340184,0.0,-384738.93128095166,10511.112871216432,1006084.5210898916,100000.0,4568896.708110636,6407350.989451172,6377172.426293615,7780000.0,253750000.0
3951.0,1.0,61485.89947528307,19.05006528002101,0.0,-391092.56163347524,9908.397257965573,1006084.5210898916,100000.0,4556580.76422097,6398709.316044561,6377172.426293615,7780000.0,253750000.0
3952.0,1.0,61504.93254047924,19.016065112324785,0.0,-397436.91789844114,9320.624043235446,1006084.5210898916,100000.0,4542277.590389936,6388658.601327027,6377172.426293615,7780000.0,253750000.0
3953.0,1.0,61523.92977687235,18.978407673898072,0.0,-400382.68214944575,8720.853142835374,1006084.5210898916,100000.0,4526078.1308653075,6377256.25384915,6377172.426293615,7780000.0,253750000.0
3954.0,1.0,61542.88694761986,18.935933821121267,0.0,-401775.61883866345,8134.620957806588,1006084.5210898916,100000.0,4508169.93101536,6364627.398547479,6377172.426293615,7780000.0,253750000.0
3955.0,1.0,61561.795075919224,18.880322777611276,0.0,-403165.6177896459,7564.763771773341,1006084.5210898916,100000.0,4488013.858603888,6350383.303270881,6377172.426293615,7780000.0,253750000.0
3956.0,1.0,61580.64331599604,18.816157376025053,0.0,-404552.0207951989,7025.0597662577875,1006084.5210898916,100000.0,4461691.771878165,6331733.4999118615,6377172.426293615,7780000.0,253750000.0
3957.0,1.0,61599.42699041568,18.75119146325736,0.0,-405915.65578216256,6568.487618235986,1006084.5210898916,100000.0,4431416.890349219,6310214.894136723,6377172.426293615,7780000.0,253750000.0
3958.0,1.0,61618.13022215681,18.655272018999586,0.0,-405536.8786826875,6225.964632646824,1006084.5210898916,100000.0,4400869.309189184,6288427.827725371,6377172.426293615,7780000.0,253750000.0
3959.0,1.0,61636.72302882083,18.53034130904068,0.0,-403954.51789406704,6000.391713131373,1006084.5210898916,100000.0,4355960.241460182,6256260.138345608,6377172.426293615,7780000.0,253750000.0
3960.0,1.0,61655.18766936729,18.398939783878653,0.0,-402260.2313596894,5889.19373380872,1006084.5210898916,100000.0,4297813.56558142,6214363.187179466,6377172.426293615,7780000.0,253750000.0
3961.0,1.0,61673.49272328365,18.211168048834256,0.0,-398159.7965412073,5852.927782746116,1006084.5210898916,100000.0,4237076.753328658,6170296.173675094,6377172.426293615,7780000.0,253750000.0
3962.0,1.0,61691.6419620268,18.087309437469717,0.0,-393926.75561358896,5835.360511936811,1006084.5210898916,100000.0,4151034.4629590167,6107324.761632973,6377172.426293615,7780000.0,253750000.0
3963.0,1.0,61709.66885475409,17.966476017117806,0.0,-389729.7469210227,5830.057917163996,1006084.5210898916,100000.0,4094762.0742464317,6065787.351067123,6377172.426293615,7780000.0,253750000.0
3964.0,1.0,61727.57103492183,17.83788431835342,0.0,-385561.03072597354,5829.736237213151,1006084.5210898916,100000.0,4040234.1865774067,6025264.473118321,6377172.426293615,7780000.0,253750000.0
3965.0,1.0,61745.33468643938,17.689418716750765,0.0,-381421.1542913095,5829.736237213151,1006084.5210898916,100000.0,3982606.7119844374,5982139.767229154,6377172.426293615,7780000.0,253750000.0
3966.0,1.0,61762.94248746462,17.526183333727513,0.0,-377313.3125858823,5829.736237213151,1006084.5210898916,100000.0,3916587.730805602,5932350.119333577,6377172.426293615,7780000.0,253750000.0
3967.0,1.0,61780.35927799217,17.307397721364513,0.0,-373241.5112830448,5829.751067619238,1006084.5210898916,100000.0,3844637.8373360466,5877607.255282286,6377172.426293615,7780000.0,253750000.0
3968.0,1.0,61797.554283830694,17.082613955681765,0.0,-369213.8811286785,5829.460603080173,1006084.5210898916,100000.0,3749248.9862047904,5804234.982603757,6377172.426293615,7780000.0,253750000.0
3969.0,1.0,61814.48622714156,16.7812726660569,0.0,-365237.5386498367,5828.798009463522,1006084.5210898916,100000.0,3652492.96504717,5728851.16018852,6377172.426293615,7780000.0,253750000.0
3970.0,1.0,61831.11720007788,16.480673206584353,0.0,-361322.0293404134,5822.2579353905,1006084.5210898916,100000.0,3524767.886315168,5627792.891169572,6377172.426293615,7780000.0,253750000.0
3971.0,1.0,61847.4674415052,16.219809648050525,0.0,-357476.1193842237,5806.6841760826655,1006084.5210898916,100000.0,3399621.9987151586,5526983.403428467,6377172.426293615,7780000.0,253750000.0
3972.0,1.0,61863.57225455306,15.989816447668481,0.0,-353695.12854669295,5781.560235678788,1006084.5210898916,100000.0,3292852.226811164,5439499.807309364,6377172.426293615,7780000.0,253750000.0
3973.0,1.0,61879.45083946995,15.767353386117946,0.0,-350049.4071670628,5709.941089649304,1006084.5210898916,100000.0,3200130.520532742,5362368.941022597,6377172.426293615,7780000.0,253750000.0
3974.0,1.0,61895.109102012306,15.549171698590232,0.0,-346785.28654539783,5566.715530655979,1006084.5210898916,100000.0,3111704.427585761,5287763.39344251,6377172.426293615,7780000.0,253750000.0
3975.0,1.0,61910.544387292524,15.321398861841896,0.0,-343605.89752755803,5357.730521414472,1006084.5210898916,100000.0,3026183.4615751663,5214593.653906875,6377172.426293615,7780000.0,253750000.0
3976.0,1.0,61925.742303089166,15.074432731434529,0.0,-340471.78374102566,5092.92893399041,1006084.5210898916,100000.0,2938174.413807567,5138207.412114464,6377172.426293615,7780000.0,253750000.0
3977.0,1.0,61940.70627609301,14.853513276265048,0.0,-337385.8675068862,4758.766285018073,1006084.5210898916,100000.0,2844216.7603900554,5055384.4784356905,6377172.426293615,7780000.0,253750000.0
3978.0,1.0,61955.46030496242,14.65454446254713,0.0,-334347.4530402126,4375.750820378645,1006084.5210898916,100000.0,2761462.2620584327,4981296.597017815,6377172.426293615,7780000.0,253750000.0
3979.0,1.0,61970.01574187439,14.45632936139402,0.0,-331351.66744590516,3959.756675859625,1006084.5210898916,100000.0,2687975.9639412286,4914570.115797411,6377172.426293615,7780000.0,253750000.0
3980.0,1.0,61984.37341568642,14.259018262672184,0.0,-328396.2056797861,3529.99674400547,1006084.5210898916,100000.0,2615753.43103961,4848096.400758606,6377172.426293615,7780000.0,253750000.0
3981.0,1.0,61998.53489868433,14.063947733144266,0.0,-325480.89944346464,3097.1076087784672,1006084.5210898916,100000.0,2544837.088645076,4781925.853337513,6377172.426293615,7780000.0,253750000.0
3982.0,1.0,62012.50243099739,13.871116892973504,0.0,-322605.4294864325,2671.3515563673946,1006084.5210898916,100000.0,2475684.0721699293,4716506.706577898,6377172.426293615,7780000.0,253750000.0
3983.0,1.0,62026.278349255284,13.680719622813927,0.0,-319769.34095347236,2264.125619695292,1006084.5210898916,100000.0,2408261.252822614,4651838.665416378,6377172.426293615,7780000.0,253750000.0
3984.0,1.0,62039.86557394644,13.493729759488378,0.0,-316972.1593950896,1883.1934548184736,1006084.5210898916,100000.0,2342602.5943200584,4587986.74996127,6377172.426293615,7780000.0,253750000.0
3985.0,1.0,62053.25775873849,13.290639824614415,0.0,-314213.29181006167,1541.3492314137955,1006084.5210898916,100000.0,2279002.237486419,4525277.547597087,6377172.426293615,7780000.0,253750000.0
3986.0,1.0,62066.429202329455,13.05224735731454,0.0,-311494.02681258635,1319.330764003978,1006084.5210898916,100000.0,2210917.3750407873,4457169.000975138,6377172.426293615,7780000.0,253750000.0
3987.0,1.0,62079.35462400858,12.79859600093279,0.0,-308819.58301724715,1241.0467089375643,1006084.5210898916,100000.0,2132314.825041753,4377221.343876861,6377172.426293615,7780000.0,253750000.0
3988.0,1.0,62092.00420011512,12.500556212151173,0.0,-306195.0936381502,1311.487911264854,1006084.5210898916,100000.0,2050243.2741682562,4292156.442740482,6377172.426293615,7780000.0,253750000.0
3989.0,1.0,62104.36144248081,12.213928519229897,0.0,-303626.614329245,1516.6811328523397,1006084.5210898916,100000.0,1955867.408112909,4192205.370019788,6377172.426293615,7780000.0,253750000.0
3990.0,1.0,62116.46138153552,11.985949590184195,0.0,-301684.65663672425,1834.9303169327732,1006084.5210898916,100000.0,1867202.7704805047,4096081.4749651873,6377172.426293615,7780000.0,253750000.0
3991.0,1.0,62128.330856308516,11.752999955810719,0.0,-301317.3273259582,2244.38542336619,1006084.5210898916,100000.0,1798148.8050887806,4019626.117749343,6377172.426293615,7780000.0,253750000.0
3992.0,1.0,62139.9805869598,11.546461346751535,0.0,-301384.274014539,2725.5480983672,1006084.5210898916,100000.0,1728933.1608344498,3941503.7773037753,6377172.426293615,7780000.0,253750000.0
3993.0,1.0,62151.43223358185,11.356831897350913,0.0,-301449.9812934954,3224.5260539581286,1006084.5210898916,100000.0,1668701.0805511689,3872238.678109815,6377172.426293615,7780000.0,253750000.0
3994.0,1.0,62162.71013745505,11.198975849039957,0.0,-301514.57133094966,3723.375445302616,1006084.5210898916,100000.0,1614340.4541139568,3808644.2601815606,6377172.426293615,7780000.0,253750000.0
3995.0,1.0,62173.83254123823,11.045831717332613,0.0,-301578.1814175677,4225.736754202641,1006084.5210898916,100000.0,1569774.793767112,3755705.4179262035,6377172.426293615,7780000.0,253750000.0
3996.0,1.0,62184.81176292287,10.91261165194247,0.0,-301640.91444633034,4726.441509544962,1006084.5210898916,100000.0,1527135.525017901,3704346.7711240333,6377172.426293615,7780000.0,253750000.0
3997.0,1.0,62195.653391548745,10.770645599801778,0.0,-301486.0159739228,5213.5937337888545,1006084.5210898916,100000.0,1490521.1245436578,3659669.8892281647,6377172.426293615,7780000.0,253750000.0
3998.0,1.0,62206.362533492116,10.647638286946037,0.0,-300755.0097352104,5693.360103242907,1006084.5210898916,100000.0,1451991.9448407071,3612059.940035168,6377172.426293615,7780000.0,253750000.0
3999.0,1.0,62216.95306788848,10.533430505770173,0.0,-299848.9777442957,6168.008636766663,1006084.5210898916,100000.0,1419016.0691759016,3570808.022220161,6377172.426293615,7780000.0,253750000.0
4000.0,1.0,62227.443874789155,10.448183295584954,0.0,-298952.98037917266,6642.426733124049,1006084.5210898916,100000.0,1388738.270286862,3532507.1286104745,6377172.426293615,7780000.0,253750000.0
4001.0,1.0,62237.84880324711,10.361673620313935,0.0,-298065.4203194794,7112.0664015692555,1006084.5210898916,100000.0,1366351.0692573106,3503918.495732659,6377172.426293615,7780000.0,253750000.0
4002.0,1.0,62248.17021438199,10.28114864946155,0.0,-297185.1258854403,7573.4719255445125,1006084.5210898916,100000.0,1343818.3030298885,3474906.4806610974,6377172.426293615,7780000.0,253750000.0
4003.0,1.0,62258.41494419147,10.208310969488894,0.0,-296311.8973178254,8030.935528602056,1006084.5210898916,100000.0,1323012.6963175808,3447901.505082498,6377172.426293615,7780000.0,253750000.0
4004.0,1.0,62268.58848035385,10.138761355274927,0.0,-295445.15626660554,8485.144570921038,1006084.5210898916,100000.0,1304333.1061335607,3423474.550958302,6377172.426293615,7780000.0,253750000.0
4005.0,1.0,62278.69405878827,10.072395513569674,0.0,-294584.43845442357,8940.216584840658,1006084.5210898916,100000.0,1286620.707035108,3400150.287522153,6377172.426293615,7780000.0,253750000.0
4006.0,1.0,62288.734807089924,10.009101089741351,0.0,-293729.4701108626,9402.435364057714,1006084.5210898916,100000.0,1269832.0284480704,3377893.738832568,6377172.426293615,7780000.0,253750000.0
4007.0,1.0,62298.713744223685,9.948773177787226,0.0,-292879.9866301013,9861.688879582229,1006084.5210898916,100000.0,1253923.0511530382,3356667.225470908,6377172.426293615,7780000.0,253750000.0
4008.0,1.0,62308.63378430194,9.891306978720847,0.0,-292035.732596835,10318.40110472592,1006084.5210898916,100000.0,1238853.0491055094,3336435.5660020015,6377172.426293615,7780000.0,253750000.0
4009.0,1.0,62318.4977374891,9.836599395591353,0.0,-291196.46146665583,10776.119434996814,1006084.5210898916,100000.0,1224582.633205869,3317163.614879817,6377172.426293615,7780000.0,253750000.0
4010.0,1.0,62328.30831140257,9.784548431345097,0.0,-290361.9354895311,11231.181219852433,1006084.5210898916,100000.0,1211074.0667954183,3298816.797355543,6377172.426293615,7780000.0,253750000.0
4011.0,1.0,62338.068114989765,9.735058743037579,0.0,-289531.92559127434,11678.684910981521,1006084.5210898916,100000.0,1198291.0333820616,3281360.9075435563,6377172.426293615,7780000.0,253750000.0
4012.0,1.0,62347.77874344034,9.686198158126405,0.0,-288706.21104553406,12110.849103937186,1006084.5210898916,100000.0,1186199.913503412,3264763.9710903033,6377172.426293615,7780000.0,253750000.0
4013.0,1.0,62357.44263710135,9.64158916387576,0.0,-287884.65689351654,12524.751007161129,1006084.5210898916,100000.0,1174322.640752486,3248378.011700127,6377172.426293615,7780000.0,253750000.0
4014.0,1.0,62367.063056535466,9.599249704355227,0.0,-287067.0566730713,12906.377644110305,1006084.5210898916,100000.0,1163531.0540334638,3233417.8721611397,6377172.426293615,7780000.0,253750000.0
4015.0,1.0,62376.642225798525,9.559088821762368,0.0,-286253.13452884846,13247.618317507155,1006084.5210898916,100000.0,1153334.579297998,3219218.8472094988,6377172.426293615,7780000.0,253750000.0
4016.0,1.0,62386.18228226017,9.521024101527242,0.0,-285442.702297711,13541.543753166481,1006084.5210898916,100000.0,1143704.234723274,3205750.433099504,6377172.426293615,7780000.0,253750000.0
4017.0,1.0,62395.68527444789,9.484960273908815,0.0,-284635.579150488,13786.552753563688,1006084.5210898916,100000.0,1134613.8070035784,3192984.991156779,6377172.426293615,7780000.0,253750000.0
4018.0,1.0,62405.15316468622,9.450820202752183,0.0,-283831.59177437273,13981.186336313176,1006084.5210898916,100000.0,1126034.6834689544,3180890.5715773944,6377172.426293615,7780000.0,253750000.0
4019.0,1.0,62414.5878328426,9.418516110002455,0.0,-283030.57414964,14127.600875594098,1006084.5210898916,100000.0,1117943.1959755332,3169441.305864196,6377172.426293615,7780000.0,253750000.0
4020.0,1.0,62423.99091947878,9.38765716237271,0.0,-282232.36723273195,14228.132640099537,1006084.5210898916,100000.0,1110313.7165061287,3158607.7566364114,6377172.426293615,7780000.0,253750000.0
4021.0,1.0,62433.36390090716,9.358305694382201,0.0,-281436.8322262123,14281.095778702334,1006084.5210898916,100000.0,1103049.9432368802,3148258.853453941,6377172.426293615,7780000.0,253750000.0
4022.0,1.0,62442.70836254931,9.33061758991615,0.0,-280643.844228735,14302.017100374496,1006084.5210898916,100000.0,1096163.1298612352,3138415.5009151027,6377172.426293615,7780000.0,253750000.0
4023.0,1.0,62452.02593654473,9.304530400918413,0.0,-279853.26910792274,14310.583397498347,1006084.5210898916,100000.0,1089686.363345174,3129129.9764745645,6377172.426293615,7780000.0,253750000.0
4024.0,1.0,62461.31833451808,9.280265545787545,0.0,-279064.9687788941,14314.73659451812,1006084.5210898916,100000.0,1083601.639596011,3120381.337458108,6377172.426293615,7780000.0,253750000.0
4025.0,1.0,62470.58716905566,9.257403529373686,0.0,-278554.3982747098,14316.529811038263,1006084.5210898916,100000.0,1077957.2597180116,3112243.8390735565,6377172.426293615,7780000.0,253750000.0
4026.0,1.0,62479.83250027591,9.23325891111945,0.0,-278544.04210751207,14316.76485339475,1006084.5210898916,100000.0,1072652.6871824926,3104576.7987952614,6377172.426293615,7780000.0,253750000.0
4027.0,1.0,62489.055626815076,9.212994167218227,0.0,-278544.04210751184,14316.057340989424,1006084.5210898916,100000.0,1067064.723837179,3096479.6232308573,6377172.426293615,7780000.0,253750000.0
4028.0,1.0,62498.25915298716,9.194058176949776,0.0,-278544.04210751184,14314.406701407841,1006084.5210898916,100000.0,1062385.971926285,3089683.6081765667,6377172.426293615,7780000.0,253750000.0
4029.0,1.0,62507.44427551944,9.17618688761997,0.0,-278544.0421075114,14313.49331729499,1006084.5210898916,100000.0,1058023.2954901627,3083333.2059430345,6377172.426293615,7780000.0,253750000.0
4030.0,1.0,62516.611303783604,9.157869640711242,0.0,-278544.042107511,14312.790702012702,1006084.5210898916,100000.0,1053914.14950189,3077339.863420822,6377172.426293615,7780000.0,253750000.0
4031.0,1.0,62525.7598532205,9.139229233077492,0.0,-278544.04210751003,14311.84904549661,1006084.5210898916,100000.0,1049710.7613021152,3071196.963892871,6377172.426293615,7780000.0,253750000.0
4032.0,1.0,62534.89025757247,9.12157947085668,0.0,-278544.0421075092,14311.083875099475,1006084.5210898916,100000.0,1045441.8377708759,3064945.688697164,6377172.426293615,7780000.0,253750000.0
4033.0,1.0,62544.0052061857,9.108317755595364,0.0,-278544.04210750986,14309.920696070192,1006084.5210898916,100000.0,1041407.8033373859,3059026.637840072,6377172.426293615,7780000.0,253750000.0
4034.0,1.0,62553.10674221322,9.094754299444553,0.0,-278544.04210751003,14308.294225002759,1006084.5210898916,100000.0,1038381.8330839607,3054579.1690242346,6377172.426293615,7780000.0,253750000.0
4035.0,1.0,62562.19551891674,9.082799107605673,0.0,-278544.04210751125,14307.21804726983,1006084.5210898916,100000.0,1035291.5676012402,3050030.507928964,6377172.426293615,7780000.0,253750000.0
4036.0,1.0,62571.27298593453,9.07213492796875,0.0,-278544.0421075114,14306.797590714034,1006084.5210898916,100000.0,1032571.5437404349,3046021.196777045,6377172.426293615,7780000.0,253750000.0
4037.0,1.0,62580.3401430815,9.062179365968138,0.0,-278544.0421075114,14305.269871359045,1006084.5210898916,100000.0,1030148.2678443696,3042444.8414227683,6377172.426293615,7780000.0,253750000.0
4038.0,1.0,62589.397679042944,9.052892556918561,0.0,-278544.0421075116,14303.62996453494,1006084.5210898916,100000.0,1027888.5841340119,3039106.1291469126,6377172.426293615,7780000.0,253750000.0
4039.0,1.0,62598.44512839331,9.042006143809509,0.0,-278544.04210751224,14301.991797820609,1006084.5210898916,100000.0,1025782.9286600939,3035991.6908685467,6377172.426293615,7780000.0,253750000.0
4040.0,1.0,62607.4831867292,9.03411052797233,0.0,-278544.0421075116,14301.546464933479,1006084.5210898916,100000.0,1023317.3338806458,3032340.8069621446,6377172.426293615,7780000.0,253750000.0
4041.0,1.0,62616.5136236985,9.026763410614993,0.0,-278544.04210751125,14301.484529559899,1006084.5210898916,100000.0,1021530.9619732146,3029692.921336059,6377172.426293615,7780000.0,253750000.0
4042.0,1.0,62625.53697147607,9.019932144530499,0.0,-278544.04210751125,14301.484529559899,1006084.5210898916,100000.0,1019870.088788192,3027228.9809867763,6377172.426293615,7780000.0,253750000.0
4043.0,1.0,62634.55373035479,9.01358561291835,0.0,-278544.04210751184,14301.484529559899,1006084.5210898916,100000.0,1018327.0401029066,3024938.0372977573,6377172.426293615,7780000.0,253750000.0
4044.0,1.0,62643.56437025389,9.007694185277623,0.0,-278544.04210751265,14301.484529559899,1006084.5210898916,100000.0,1016894.5301946825,3022809.6548918937,6377172.426293615,7780000.0,253750000.0
4045.0,1.0,62652.56929634329,9.002157993521402,0.0,-278544.04210751224,14301.472255230121,1006084.5210898916,100000.0,1015565.6466837318,3020833.896839742,6377172.426293615,7780000.0,253750000.0
4046.0,1.0,62661.56794793379,8.995145187485914,0.0,-278544.04210751085,14300.985404553701,1006084.5210898916,100000.0,1014317.6828268985,3018977.2712291684,6377172.426293615,7780000.0,253750000.0
4047.0,1.0,62670.56014235386,8.989243652656924,0.0,-278544.04210751003,14299.619282951715,1006084.5210898916,100000.0,1012737.9632691547,3016625.446028598,6377172.426293615,7780000.0,253750000.0
4048.0,1.0,62679.54671262775,8.983896895119651,0.0,-278544.04210751026,14299.499963801614,1006084.5210898916,100000.0,1011409.5249529433,3014646.2984145586,6377172.426293615,7780000.0,253750000.0
4049.0,1.0,62688.528658922936,8.979995695245574,0.0,-278544.04210750887,14299.499963801614,1006084.5210898916,100000.0,1010206.7200330087,3012853.201749135,6377172.426293615,7780000.0,253750000.0
4050.0,1.0,62697.50656074725,8.975807953377435,0.0,-278544.0421075084,14299.499963801614,1006084.5210898916,100000.0,1009329.5588870253,3011544.889480139,6377172.426293615,7780000.0,253750000.0
4051.0,1.0,62706.480579733456,8.972230019028784,0.0,-278544.04210750724,14299.499963801614,1006084.5210898916,100000.0,1008388.394497258,3010140.4820561875,6377172.426293615,7780000.0,253750000.0
4052.0,1.0,62715.451333880694,8.969278275444402,0.0,-278544.04210750567,14298.768484311318,1006084.5210898916,100000.0,1007584.6276625339,3008940.58060097,6377172.426293615,7780000.0,253750000.0
4053.0,1.0,62724.41928721937,8.966628401901287,0.0,-278544.0421075034,14297.423867670603,1006084.5210898916,100000.0,1006921.7730033476,3007950.6794241457,6377172.426293615,7780000.0,253750000.0
4054.0,1.0,62733.38471977396,8.964236707290462,0.0,-278544.04210750223,14296.633368817456,1006084.5210898916,100000.0,1006326.8932065438,3007062.0138392877,6377172.426293615,7780000.0,253750000.0
4055.0,1.0,62742.347860707276,8.96204515933517,0.0,-278544.042107501,14296.633368817456,1006084.5210898916,100000.0,1005790.1238637203,3006259.931530246,6377172.426293615,7780000.0,253750000.0
4056.0,1.0,62751.30891475918,8.96006294447628,0.0,-278612.4941703883,14296.633368817456,1006084.5210898916,100000.0,1005298.3992654246,3005524.9707052307,6377172.426293615,7780000.0,253750000.0
4057.0,1.0,62760.26808625871,8.95828005457331,0.0,-278998.0099507492,14296.633368817456,1006084.5210898916,100000.0,1004853.7469532026,3004860.212142896,6377172.426293615,7780000.0,253750000.0
4058.0,1.0,62769.225549456605,8.956646341220118,0.0,-280109.71129114757,14296.633368817456,1006084.5210898916,100000.0,1004453.8914235765,3004262.2994981674,6377172.426293615,7780000.0,253750000.0
4059.0,1.0,62778.181448040625,8.95515082681175,0.0,-281221.2006564534,14296.633368817456,1006084.5210898916,100000.0,1004087.5621522904,3003714.4149259864,6377172.426293615,7780000.0,253750000.0
4060.0,1.0,62787.13591476529,8.953782622520897,0.0,-282332.4958762014,14296.633368817456,1006084.5210898916,100000.0,1003752.2799509055,3003212.876960211,6377172.426293615,7780000.0,253750000.0
4061.0,1.0,62796.08907233877,8.952532524436098,0.0,-283443.6134232757,14296.633368817456,1006084.5210898916,100000.0,1003445.5886866602,3002754.0339073054,6377172.426293615,7780000.0,253750000.0
4062.0,1.0,62805.0410340543,8.951390906624075,0.0,-284554.56852395396,14296.633368817456,1006084.5210898916,100000.0,1003165.4126105835,3002334.799129652,6377172.426293615,7780000.0,253750000.0
4063.0,1.0,62813.99190425078,8.95034948633092,0.0,-285665.37523625884,14296.633368817456,1006084.5210898916,100000.0,1002909.5836636483,3001951.94445976,6377172.426293615,7780000.0,253750000.0
4064.0,1.0,62822.941779073735,8.949400159568452,0.0,-286776.0465071119,14296.633368817456,1006084.5210898916,100000.0,1002676.2367688606,3001602.6921807956,6377172.426293615,7780000.0,253750000.0
4065.0,1.0,62831.890746966674,8.94853562630414,0.0,-287886.5942667582,14297.241140230863,1006084.5210898916,100000.0,1002463.5485589132,3001284.3245270704,6377172.426293615,7780000.0,253750000.0
4066.0,1.0,62840.838889376966,8.947749194284198,0.0,-288997.0294897365,14298.521491629253,1006084.5210898916,100000.0,1002269.8772049269,3000994.3933486734,6377172.426293615,7780000.0,253750000.0
4067.0,1.0,62849.786280962355,8.94703397648812,0.0,-290107.36228246527,14299.602040316948,1006084.5210898916,100000.0,1002093.718217315,3000730.654321289,6377172.426293615,7780000.0,253750000.0
4068.0,1.0,62858.73299013696,8.946384372720747,0.0,-291217.6019088722,14299.720471108056,1006084.5210898916,100000.0,1001933.5244969614,3000490.797803342,6377172.426293615,7780000.0,253750000.0
4069.0,1.0,62867.67907963038,8.94579461412047,0.0,-292327.7568581436,14299.720471108056,1006084.5210898916,100000.0,1001788.0380338755,3000272.945704943,6377172.426293615,7780000.0,253750000.0
4070.0,1.0,62876.62460691002,8.945259945166843,0.0,-293437.83491409966,14299.720471108056,1006084.5210898916,100000.0,1001655.9637538436,3000075.1633719704,6377172.426293615,7780000.0,253750000.0
4071.0,1.0,62885.56962459005,8.944775414887657,0.0,-294547.8432075994,14299.720471108056,1006084.5210898916,100000.0,1001536.2341233909,2999895.85598592,6377172.426293615,7780000.0,253750000.0
4072.0,1.0,62894.51418079537,8.944336995755588,0.0,-295657.7882672857,14299.720471108056,1006084.5210898916,100000.0,1001427.7383409586,2999733.36318129,6377172.426293615,7780000.0,253750000.0
4073.0,1.0,62903.45831965498,8.943940723467168,0.0,-296767.6760647527,14299.720471108056,1006084.5210898916,100000.0,1001329.572808604,2999586.334280449,6377172.426293615,7780000.0,253750000.0
4074.0,1.0,62912.40208148816,8.943582942885122,0.0,-297877.5120757581,14299.720471108056,1006084.5210898916,100000.0,1001240.8484299228,2999453.4398086104,6377172.426293615,7780000.0,253750000.0
4075.0,1.0,62921.34550295685,8.943259994504396,0.0,-298987.30130333186,14299.720471108056,1006084.5210898916,100000.0,1001160.7456252096,2999333.4539734293,6377172.426293615,7780000.0,253750000.0
4076.0,1.0,62930.28861736937,8.942968830540481,0.0,-300097.04829668126,14299.720471108056,1006084.5210898916,100000.0,1001088.4440865112,2999225.1495177764,6377172.426293615,7780000.0,253750000.0
4077.0,1.0,62939.231454994966,8.942706420651858,0.0,-301206.75718887825,14299.720471108056,1006084.5210898916,100000.0,1001023.2606668306,2999127.504332045,6377172.426293615,7780000.0,253750000.0
4078.0,1.0,62948.17404327274,8.94247013489016,0.0,-302316.4317358913,14299.720471108056,1006084.5210898916,100000.0,1000964.5162937961,2999039.502156337,6377172.426293615,7780000.0,253750000.0
4079.0,1.0,62957.116407121626,8.94225756288713,0.0,-303426.0753425091,14299.720471108056,1006084.5210898916,100000.0,1000911.6216716454,2998960.2610072037,6377172.426293615,7780000.0,253750000.0
4080.0,1.0,62966.05856915305,8.942066499956988,0.0,-304535.69110080454,14299.720471108056,1006084.5210898916,100000.0,1000864.0367748037,2998888.9725399152,6377172.426293615,7780000.0,253750000.0
4081.0,1.0,62975.00054986063,8.94189491521238,0.0,-305645.2818165231,14299.720471108056,1006084.5210898916,100000.0,1000821.2677153625,2998824.8973877253,6377172.426293615,7780000.0,253750000.0
4082.0,1.0,62983.94236779814,8.94174095979551,0.0,-306754.8500326213,14299.720471108056,1006084.5210898916,100000.0,1000782.8595881042,2998767.3544691904,6377172.426293615,7780000.0,253750000.0
4083.0,1.0,62992.884039636694,8.9416027173117,0.0,-307919.20510087075,14299.720471108056,1006084.5210898916,100000.0,1000748.3982983176,2998715.723748573,6377172.426293615,7780000.0,253750000.0
4084.0,1.0,63001.82558032143,8.94147865214972,0.0,-309535.882164123,14299.720471108056,1006084.5210898916,100000.0,1000717.4546877984,2998669.3625408667,6377172.426293615,7780000.0,253750000.0
4085.0,1.0,63010.767003488196,8.941367681388169,0.0,-311956.6391439137,14299.720471108056,1006084.5210898916,100000.0,1000689.6848761181,2998627.7558611757,6377172.426293615,7780000.0,253750000.0
4086.0,1.0,63019.70832158488,8.941268511989964,0.0,-314377.3643078864,14299.720471108056,1006084.5210898916,100000.0,1000664.8463428878,2998590.5405393452,6377172.426293615,7780000.0,253750000.0
4087.0,1.0,63028.64954582509,8.941179968411495,0.0,-316798.06102607533,14299.720471108056,1006084.5210898916,100000.0,1000642.6495640863,2998557.2829405125,6377172.426293615,7780000.0,253750000.0
4088.0,1.0,63037.59068630081,8.941100983044244,0.0,-319218.7323343542,14299.720471108056,1006084.5210898916,100000.0,1000622.8313375907,2998527.588832599,6377172.426293615,7780000.0,253750000.0
4089.0,1.0,63046.531752086,8.941030587316734,0.0,-321639.380964949,14299.720471108056,1006084.5210898916,100000.0,1000605.1526390294,2998501.1001808047,6377172.426293615,7780000.0,253750000.0
4090.0,1.0,63055.47275133137,8.940967903422987,0.0,-324060.00937445887,14299.720471108056,1006084.5210898916,100000.0,1000589.3966263159,2998477.492163538,6377172.426293615,7780000.0,253750000.0
4091.0,1.0,63064.4136913514,8.94091213664427,0.0,-326480.619769544,14299.720471108056,1006084.5210898916,100000.0,1000575.3667851365,2998456.4703984647,6377172.426293615,7780000.0,253750000.0
4092.0,1.0,63073.35457870384,8.940862568231548,0.0,-328901.21413046186,14299.720471108056,1006084.5210898916,100000.0,1000562.885207827,2998437.768367512,6377172.426293615,7780000.0,253750000.0
4093.0,1.0,63082.295439244954,8.940858513996298,0.0,-331321.7942326011,14299.720471108056,1006084.5210898916,100000.0,1000551.7909982409,2998421.1450299206,6377172.426293615,7780000.0,253750000.0
4094.0,1.0,63091.23631122039,8.940885436880922,0.0,-333742.36707607046,14299.720471108056,1006084.5210898916,100000.0,1000550.8835977772,2998419.7853954774,6377172.426293615,7780000.0,253750000.0
4095.0,1.0,63100.17722243777,8.940936997887476,0.0,-336162.94301517087,14299.720471108056,1006084.5210898916,100000.0,1000556.9093628679,2998428.814294638,6377172.426293615,7780000.0,253750000.0
4096.0,1.0,63109.11818834779,8.940994822154067,0.0,-338583.52957830305,14299.720471108056,1006084.5210898916,100000.0,1000568.4495778682,2998446.105871501,6377172.426293615,7780000.0,253750000.0
4097.0,1.0,63118.059215643036,8.9410597683384,0.0,-341004.1309484571,14299.720471108056,1006084.5210898916,100000.0,1000581.3916943099,2998465.497904687,6377172.426293615,7780000.0,253750000.0
4098.0,1.0,63127.000323978784,8.941156903160268,0.0,-343424.7489375266,14299.60409566813,1006084.5210898916,100000.0,1000595.9279245202,2998487.278354941,6377172.426293615,7780000.0,253750000.0
4099.0,1.0,63135.941524546564,8.941244232398654,0.0,-345845.38886681537,14299.1368877453,1006084.5210898916,100000.0,1000617.6688003638,2998519.8536351873,6377172.426293615,7780000.0,253750000.0
4100.0,1.0,63144.88281637073,8.941339415925784,0.0,-348266.0537662236,14298.948695535357,1006084.5210898916,100000.0,1000637.2151759882,2998549.140500181,6377172.426293615,7780000.0,253750000.0
4101.0,1.0,63153.824208949525,8.941445741669083,0.0,-350686.7433716127,14298.948695535357,1006084.5210898916,100000.0,1000658.51974703,2998581.061391283,6377172.426293615,7780000.0,253750000.0
4102.0,1.0,63162.76571411013,8.941564579537808,0.0,-353107.46025445673,14298.948695535357,1006084.5210898916,100000.0,1000682.3185066014,2998616.718952792,6377172.426293615,7780000.0,253750000.0
4103.0,1.0,63171.707345138886,8.94169747797987,0.0,-355528.20761674567,14298.948695535357,1006084.5210898916,100000.0,1000708.9181746403,2998656.5725995395,6377172.426293615,7780000.0,253750000.0
4104.0,1.0,63180.64911678403,8.941845812310465,0.0,-357948.9890555119,14298.948695535357,1006084.5210898916,100000.0,1000738.6654617812,2998701.1416213517,6377172.426293615,7780000.0,253750000.0
4105.0,1.0,63189.5910452058,8.94201103123915,0.0,-360369.8085635675,14298.948695535357,1006084.5210898916,100000.0,1000771.8683590341,2998750.8872460043,6377172.426293615,7780000.0,253750000.0
4106.0,1.0,63198.533148237126,8.942195031402482,0.0,-362790.6705160001,14298.948695535357,1006084.5210898916,100000.0,1000808.8513236203,2998806.2953149183,6377172.426293615,7780000.0,253750000.0
4107.0,1.0,63207.47544573436,8.942399963070105,0.0,-365211.579740743,14298.948695535357,1006084.5210898916,100000.0,1000850.0391249069,2998868.001886987,6377172.426293615,7780000.0,253750000.0
4108.0,1.0,63216.41795969089,8.942627949988347,0.0,-367632.5416135388,14298.948695535357,1006084.5210898916,100000.0,1000895.9133687771,2998936.7280798797,6377172.426293615,7780000.0,253750000.0
4109.0,1.0,63225.360714146256,8.942880960751669,0.0,-370053.5620886905,14298.948695535357,1006084.5210898916,100000.0,1000946.9497985017,2999013.1861163643,6377172.426293615,7780000.0,253750000.0
4110.0,1.0,63234.30373569699,8.943162140714703,0.0,-372474.64767446107,14298.948695535357,1006084.5210898916,100000.0,1001003.5895101823,2999098.036187246,6377172.426293615,7780000.0,253750000.0
4111.0,1.0,63243.24705360402,8.943473673356499,0.0,-374895.80557136756,14298.948695535357,1006084.5210898916,100000.0,1001066.5371393331,2999192.333123396,6377172.426293615,7780000.0,253750000.0
4112.0,1.0,63252.190699937986,8.94381899457713,0.0,-377317.04370126873,14299.592645000044,1006084.5210898916,100000.0,1001136.282119886,2999296.8091796376,6377172.426293615,7780000.0,253750000.0
4113.0,1.0,63261.13471002967,8.944201188794382,0.0,-379738.3707466956,14300.93389430057,1006084.5210898916,100000.0,1001213.5944237744,2999412.616624598,6377172.426293615,7780000.0,253750000.0
4114.0,1.0,63270.07912275783,8.944624267525596,0.0,-382159.7962728056,14302.551528465985,1006084.5210898916,100000.0,1001299.1655253979,2999540.789853274,6377172.426293615,7780000.0,253750000.0
4115.0,1.0,63279.02398074256,8.945091701941516,0.0,-384581.3308053043,14304.169235453175,1006084.5210898916,100000.0,1001393.8947003819,2999682.6741741663,6377172.426293615,7780000.0,253750000.0
4116.0,1.0,63287.969330549065,8.945607911069496,0.0,-387002.9858827951,14305.733418825908,1006084.5210898916,100000.0,1001498.5605168672,2999839.4336843267,6377172.426293615,7780000.0,253750000.0
4117.0,1.0,63296.91522315768,8.946177306161792,0.0,-389424.77411194664,14306.883017129758,1006084.5210898916,100000.0,1001614.154103386,3000012.550355429,6377172.426293615,7780000.0,253750000.0
4118.0,1.0,63305.86171413998,8.946804658442051,0.0,-391846.7092947435,14306.886958568497,1006084.5210898916,100000.0,1001741.6652440188,3000203.5035516764,6377172.426293615,7780000.0,253750000.0
4119.0,1.0,63314.8088643555,8.947495772603224,0.0,-394268.8064761624,14307.195223808752,1006084.5210898916,100000.0,1001882.1647962454,3000413.893357823,6377172.426293615,7780000.0,253750000.0
4120.0,1.0,63323.75674024501,8.948256006401055,0.0,-396691.0821328,14308.510534831488,1006084.5210898916,100000.0,1002036.955634283,3000645.6664444436,6377172.426293615,7780000.0,253750000.0
4121.0,1.0,63332.70541408782,8.949091679221157,0.0,-399113.5542522645,14309.947036981412,1006084.5210898916,100000.0,1002207.2412074863,3000900.619596579,6377172.426293615,7780000.0,253750000.0
4122.0,1.0,63341.65496464428,8.95000943371141,0.0,-401536.242402847,14310.580455951891,1006084.5210898916,100000.0,1002394.4411397714,3001180.872092913,6377172.426293615,7780000.0,253750000.0
4123.0,1.0,63350.60551144944,8.951084176598334,0.0,-403959.1679074568,14310.40517375064,1006084.5210898916,100000.0,1002600.0484134855,3001488.6516218474,6377172.426293615,7780000.0,253750000.0
4124.0,1.0,63359.55745062026,8.952794165047713,0.0,-406382.3631279993,14309.341644249907,1006084.5210898916,100000.0,1002840.8530685715,3001849.079016076,6377172.426293615,7780000.0,253750000.0
4125.0,1.0,63368.51152817705,8.955360948533073,0.0,-408805.9353058267,14306.685206612272,1006084.5210898916,100000.0,1003224.0491241639,3002422.5433194633,6377172.426293615,7780000.0,253750000.0
4126.0,1.0,63377.46850955857,8.958601814495495,0.0,-411230.08641215507,14300.363342696755,1006084.5210898916,100000.0,1003799.3841561389,3003283.3436973332,6377172.426293615,7780000.0,253750000.0
4127.0,1.0,63386.42868935659,8.961757781551945,0.0,-413655.02367539227,14289.450490225052,1006084.5210898916,100000.0,1004526.0478661376,3004370.2053905735,6377172.426293615,7780000.0,253750000.0
4128.0,1.0,63395.39243476029,8.965733025847445,0.0,-416080.82685081975,14266.847195853283,1006084.5210898916,100000.0,1005233.9283130091,3005428.5952587617,6377172.426293615,7780000.0,253750000.0
4129.0,1.0,63404.3607935711,8.970984595775372,0.0,-418507.5953481237,14208.975104992167,1006084.5210898916,100000.0,1006125.9266950004,3006761.7391765127,6377172.426293615,7780000.0,253750000.0
4130.0,1.0,63413.334510081404,8.976448424834947,0.0,-420935.61284018727,14106.321853606592,1006084.5210898916,100000.0,1007304.9241263911,3008522.9135818155,6377172.426293615,7780000.0,253750000.0
4131.0,1.0,63422.3144766228,8.983484657956145,0.0,-423365.0808304279,13959.258785358283,1006084.5210898916,100000.0,1008532.3073417197,3010355.2715293886,6377172.426293615,7780000.0,253750000.0
4132.0,1.0,63431.30113870449,8.989839505430316,0.0,-425796.2409011397,13767.879832036659,1006084.5210898916,100000.0,1010114.0130032771,3012714.953272728,6377172.426293615,7780000.0,253750000.0
4133.0,1.0,63440.29514099919,8.9981650839643,0.0,-428229.21366571233,13534.062176880503,1006084.5210898916,100000.0,1011543.6121280511,3014846.1244986113,6377172.426293615,7780000.0,253750000.0
4134.0,1.0,63449.29821067405,9.007974265766373,0.0,-430664.1736573746,13261.130668127922,1006084.5210898916,100000.0,1013418.080627991,3017638.2030626647,6377172.426293615,7780000.0,253750000.0
4135.0,1.0,63458.311209852276,9.018024090674922,0.0,-433101.588474732,12945.743397263506,1006084.5210898916,100000.0,1015628.8025899929,3020927.8250545384,6377172.426293615,7780000.0,253750000.0
4136.0,1.0,63467.33426948703,9.02809517883482,0.0,-434554.1722592286,12595.773359593346,1006084.5210898916,100000.0,1017896.2569677604,3024298.149481257,6377172.426293615,7780000.0,253750000.0
4137.0,1.0,63476.36758464015,9.038535127411482,0.0,-434769.3557090934,12219.067818840962,1006084.5210898916,100000.0,1020171.0451120562,3027675.6047839914,6377172.426293615,7780000.0,253750000.0
4138.0,1.0,63485.41032956967,9.046954731619264,0.0,-434718.40564197017,11824.53146061794,1006084.5210898916,100000.0,1022531.8291079301,3031176.761671976,6377172.426293615,7780000.0,253750000.0
4139.0,1.0,63494.46256383855,9.05751380614303,0.0,-434667.40238864266,11424.06805094082,1006084.5210898916,100000.0,1024437.7404213472,3034000.3728276943,6377172.426293615,7780000.0,253750000.0
4140.0,1.0,63503.52547625733,9.068311031417595,0.0,-434616.34561316215,11022.856661311745,1006084.5210898916,100000.0,1026830.4631258739,3037541.479972826,6377172.426293615,7780000.0,253750000.0
4141.0,1.0,63512.60112057573,9.082977605388182,0.0,-434565.22861035226,10620.540480177739,1006084.5210898916,100000.0,1029280.0377619482,3041162.4537126464,6377172.426293615,7780000.0,253750000.0
4142.0,1.0,63521.69084475534,9.096470753829548,0.0,-434514.0397965708,10213.55787609843,1006084.5210898916,100000.0,1032612.1289256249,3046081.0580623886,6377172.426293615,7780000.0,253750000.0
4143.0,1.0,63530.793654976136,9.109149687761928,0.0,-434462.7715689898,9799.56629885129,1006084.5210898916,100000.0,1035682.385952586,3050606.1406582645,6377172.426293615,7780000.0,253750000.0
4144.0,1.0,63539.9095163816,9.12257312317358,0.0,-434436.6922123961,9391.431378959109,1006084.5210898916,100000.0,1038571.5284202262,3054858.16704936,6377172.426293615,7780000.0,253750000.0
4145.0,1.0,63549.03908725504,9.136568623699462,0.0,-434675.4418014096,8987.399919595822,1006084.5210898916,100000.0,1041634.7056282354,3059359.8705785316,6377172.426293615,7780000.0,253750000.0
4146.0,1.0,63558.1831165365,9.151489939211846,0.0,-435442.55096626293,8582.760831824555,1006084.5210898916,100000.0,1044833.229011788,3064053.4227265297,6377172.426293615,7780000.0,253750000.0
4147.0,1.0,63567.3445091344,9.171295256585163,0.0,-436216.1687872492,8177.480921268503,1006084.5210898916,100000.0,1048248.7381569635,3069057.457583633,6377172.426293615,7780000.0,253750000.0
4148.0,1.0,63576.52461503246,9.188916539547181,0.0,-436991.25560736225,7767.308056244557,1006084.5210898916,100000.0,1052790.8103375044,3075699.3986651544,6377172.426293615,7780000.0,253750000.0
4149.0,1.0,63585.72277144148,9.207396278480457,0.0,-437767.92564008903,7356.119252697874,1006084.5210898916,100000.0,1056840.2594611673,3081608.8986750985,6377172.426293615,7780000.0,253750000.0
4150.0,1.0,63594.93999499328,9.227050825120049,0.0,-438546.12281107355,6946.9387382941695,1006084.5210898916,100000.0,1061095.335765837,3087806.2917732825,6377172.426293615,7780000.0,253750000.0
4151.0,1.0,63604.17749067607,9.247940540461304,0.0,-439325.93313103245,6538.414725338061,1006084.5210898916,100000.0,1065630.3001670095,3094397.6701543266,6377172.426293615,7780000.0,253750000.0
4152.0,1.0,63613.43652312503,9.270124357451508,0.0,-440107.4585463087,6128.992214883624,1006084.5210898916,100000.0,1070460.860393541,3101403.2765725967,6377172.426293615,7780000.0,253750000.0
4153.0,1.0,63622.718513964486,9.293857321460907,0.0,-440890.806049594,5717.421782973365,1006084.5210898916,100000.0,1075602.6299747906,3108842.8748701084,6377172.426293615,7780000.0,253750000.0
4154.0,1.0,63632.02504061892,9.31919598741171,0.0,-441676.09591543,5299.895339510194,1006084.5210898916,100000.0,1081117.1008439555,3116801.9974465887,6377172.426293615,7780000.0,253750000.0
4155.0,1.0,63641.357675630716,9.346074036175391,0.0,-442463.46159960964,4874.224368087854,1006084.5210898916,100000.0,1087020.2275125715,3125299.6106459787,6377172.426293615,7780000.0,253750000.0
4156.0,1.0,63650.717992790465,9.374560283328055,0.0,-443253.0361448839,4447.359227213092,1006084.5210898916,100000.0,1093299.5494503346,3134313.4735853914,6377172.426293615,7780000.0,253750000.0
4157.0,1.0,63660.11261373903,9.414681613807316,0.0,-444044.9526996078,4018.9403426056942,1006084.5210898916,100000.0,1099974.3229514617,3143866.664360137,6377172.426293615,7780000.0,253750000.0
4158.0,1.0,63669.54429582627,9.448682560680718,0.0,-444839.7714784536,3585.4748214402157,1006084.5210898916,100000.0,1109409.8316458266,3157321.814213709,6377172.426293615,7780000.0,253750000.0
4159.0,1.0,63679.01034737925,9.483420545274651,0.0,-445637.72576315375,3150.116536562621,1006084.5210898916,100000.0,1117437.5272414533,3168724.4229976186,6377172.426293615,7780000.0,253750000.0
4160.0,1.0,63688.512631098616,9.521146893459733,0.0,-446438.58782848023,2717.693094516241,1006084.5210898916,100000.0,1125669.1264040766,3180374.205862224,6377172.426293615,7780000.0,253750000.0
4161.0,1.0,63698.061923944435,9.577438798170823,0.0,-447242.51526561973,2295.4697000427973,1006084.5210898916,100000.0,1134643.0732503426,3193026.17084431,6377172.426293615,7780000.0,253750000.0
4162.0,1.0,63707.66834545331,9.635404219582657,0.0,-448050.4198442201,1885.9634874717003,1006084.5210898916,100000.0,1148099.4422103672,3211904.308841808,6377172.426293615,7780000.0,253750000.0
4163.0,1.0,63717.344829086556,9.717563046902752,0.0,-448863.1577135364,1501.096230898081,1006084.5210898916,100000.0,1162038.755109821,3231343.6799221076,6377172.426293615,7780000.0,253750000.0
4164.0,1.0,63727.103225239574,9.799229259127408,0.0,-449681.8230909914,1150.4484964033923,1006084.5210898916,100000.0,1181940.1047130655,3258896.5880679893,6377172.426293615,7780000.0,253750000.0
4165.0,1.0,63736.94930889513,9.89293805198404,0.0,-450507.4185627311,842.457964269888,1006084.5210898916,100000.0,1201889.5851080588,3286284.292073079,6377172.426293615,7780000.0,253750000.0
4166.0,1.0,63746.90527659039,10.018997338537652,0.0,-451340.4327131023,581.727553248599,1006084.5210898916,100000.0,1224986.5330504235,3317710.6140674376,6377172.426293615,7780000.0,253750000.0
4167.0,1.0,63757.00276671053,10.175982901742255,0.0,-452182.74344911886,371.5050662720665,1006084.5210898916,100000.0,1256403.8471776277,3359986.0463811792,6377172.426293615,7780000.0,253750000.0
4168.0,1.0,63767.24933456832,10.317152813831472,0.0,-453037.02749215235,212.06948976089484,1006084.5210898916,100000.0,1296084.9636549074,3412632.9614394223,6377172.426293615,7780000.0,253750000.0
4169.0,1.0,63777.64254145763,10.469260964789846,0.0,-453903.924048882,103.22408427293506,1006084.5210898916,100000.0,1332295.1946677833,3459975.9159049494,6377172.426293615,7780000.0,253750000.0
4170.0,1.0,63788.199920753155,10.645497626258448,0.0,-454783.2267959847,49.20926840158368,1006084.5210898916,100000.0,1371869.4535367913,3510987.1346418913,6377172.426293615,7780000.0,253750000.0
4171.0,1.0,63798.954605353654,10.863871574738226,0.0,-455676.41912012885,28.867847777986054,1006084.5210898916,100000.0,1418445.5526949237,3570090.127025931,6377172.426293615,7780000.0,253750000.0
4172.0,1.0,63809.899578299664,11.026074317277118,0.0,-456586.30418391735,19.155280410273658,1006084.5210898916,100000.0,1477236.3345657422,3643324.343484193,6377172.426293615,7780000.0,253750000.0
4173.0,1.0,63821.001045788216,11.176860659833256,0.0,-457512.2883272989,15.169786531127402,1006084.5210898916,100000.0,1521677.3134268261,3697720.8996664286,6377172.426293615,7780000.0,253750000.0
4174.0,1.0,63832.2432397668,11.307527297344599,0.0,-457536.28374487103,14.7188627071354,1006084.5210898916,100000.0,1563581.086512671,3748288.8347455915,6377172.426293615,7780000.0,253750000.0
4175.0,1.0,63843.6173219376,11.440637044248414,0.0,-457536.2837448716,14.7188627071354,1006084.5210898916,100000.0,1600353.8713556416,3792109.3952199337,6377172.426293615,7780000.0,253750000.0
4176.0,1.0,63855.1198703754,11.564459831348826,0.0,-457536.2837448722,14.7188627071354,1006084.5210898916,100000.0,1638253.6741205074,3836749.280541973,6377172.426293615,7780000.0,253750000.0
4177.0,1.0,63866.74916220218,11.694123822203851,0.0,-457536.2837448726,14.7188627071354,1006084.5210898916,100000.0,1673907.4374049583,3878274.677028618,6377172.426293615,7780000.0,253750000.0
4178.0,1.0,63878.52186961148,11.85129099640032,0.0,-457536.28374487325,14.7188627071354,1006084.5210898916,100000.0,1711654.519357188,3921758.988409279,6377172.426293615,7780000.0,253750000.0
4179.0,1.0,63890.46264991104,12.030269602709085,0.0,-457536.2837448735,14.7188627071354,1006084.5210898916,100000.0,1757972.4263199924,3974466.808803447,6377172.426293615,7780000.0,253750000.0
4180.0,1.0,63902.58693257613,12.218295727482417,0.0,-457536.28374487325,14.7188627071354,1006084.5210898916,100000.0,1811471.2903424385,4034489.3439412774,6377172.426293615,7780000.0,253750000.0
4181.0,1.0,63914.90996877048,12.427776661218958,0.0,-457536.2837448722,14.7188627071354,1006084.5210898916,100000.0,1868538.2820137746,4097546.068506266,6377172.426293615,7780000.0,253750000.0
4182.0,1.0,63927.427584573,12.607454943822331,0.0,-457536.283744872,14.7188627071354,1006084.5210898916,100000.0,1933159.1751024176,4167797.9101381963,6377172.426293615,7780000.0,253750000.0
4183.0,1.0,63940.13699398468,12.811363879529276,0.0,-457536.283744872,14.7188627071354,1006084.5210898916,100000.0,1989461.7084440172,4228055.089772619,6377172.426293615,7780000.0,253750000.0
4184.0,1.0,63953.05327372281,13.021195596747967,0.0,-457536.2837448712,14.7188627071354,1006084.5210898916,100000.0,2054335.9597145526,4296438.297748175,6377172.426293615,7780000.0,253750000.0
4185.0,1.0,63966.17885323167,13.229963420968605,0.0,-457536.2837448716,14.7188627071354,1006084.5210898916,100000.0,2122181.187962372,4366807.778657322,6377172.426293615,7780000.0,253750000.0
4186.0,1.0,63979.51335278774,13.439035691170554,0.0,-457536.2837448714,14.7188627071354,1006084.5210898916,100000.0,2190776.238886319,4436820.470807321,6377172.426293615,7780000.0,253750000.0
4187.0,1.0,63993.06423442128,13.662727575915891,0.0,-457536.2837448704,14.7188627071354,1006084.5210898916,100000.0,2260564.7426020247,4506935.262420422,6377172.426293615,7780000.0,253750000.0
4188.0,1.0,64006.84820916758,13.905221916687815,0.0,-457536.2837448698,14.7188627071354,1006084.5210898916,100000.0,2336444.950347784,4581952.9099989915,6377172.426293615,7780000.0,253750000.0
4189.0,1.0,64020.87401601875,14.146391785651364,0.0,-457536.2837448714,14.7188627071354,1006084.5210898916,100000.0,2420118.2329475204,4663276.177566501,6377172.426293615,7780000.0,253750000.0
4190.0,1.0,64035.145725505834,14.397027188519893,0.0,-457536.283744872,14.7188627071354,1006084.5210898916,100000.0,2504794.4859984,4744155.268272336,6377172.426293615,7780000.0,253750000.0
4191.0,1.0,64049.66780697691,14.64713575364112,0.0,-457536.28374487365,14.7188627071354,1006084.5210898916,100000.0,2594336.9711535787,4828208.7346933875,6377172.426293615,7780000.0,253750000.0
4192.0,1.0,64064.44476548608,14.906781264685456,0.0,-457536.2837448752,14.7188627071354,1006084.5210898916,100000.0,2685258.800323753,4912085.520013544,6377172.426293615,7780000.0,253750000.0
4193.0,1.0,64079.480995732185,15.165679227534017,0.0,-457536.28374487784,14.7188627071354,1006084.5210898916,100000.0,2781304.2077633473,4999160.629890937,6377172.426293615,7780000.0,253750000.0
4194.0,1.0,64094.77182779841,15.415984904912191,0.0,-457536.2837448809,14.7188627071354,1006084.5210898916,100000.0,2878753.419677696,5085985.040878818,6377172.426293615,7780000.0,253750000.0
4195.0,1.0,64110.309547310164,15.659454118590324,0.0,-457536.28374488343,14.7188627071354,1006084.5210898916,100000.0,2974563.796813808,5169927.930062518,6377172.426293615,7780000.0,253750000.0
4196.0,1.0,64126.08773141592,15.89691409292574,0.0,-457536.2837448854,14.7188627071354,1006084.5210898916,100000.0,3069262.0703008124,5251578.132477017,6377172.426293615,7780000.0,253750000.0
4197.0,1.0,64142.10317368423,16.133970443684486,0.0,-457536.2837448871,14.7188627071354,1006084.5210898916,100000.0,3163052.422462596,5331213.06732944,6377172.426293615,7780000.0,253750000.0
4198.0,1.0,64158.350855687306,16.36139356246587,0.0,-457536.2837448871,14.7188627071354,1006084.5210898916,100000.0,3258091.291946,5410712.642370916,6377172.426293615,7780000.0,253750000.0
4199.0,1.0,64174.81587925454,16.568653572001217,0.0,-457536.2837448867,14.7188627071354,1006084.5210898916,100000.0,3350590.23116234,5486981.602218895,6377172.426293615,7780000.0,253750000.0
4200.0,1.0,64191.48859980274,16.77678752440555,0.0,-457536.28374488564,14.126575254072428,1006084.5210898916,100000.0,3436015.941984406,5556488.631363714,6377172.426293615,7780000.0,253750000.0
4201.0,1.0,64208.35918040338,16.964373676881344,0.0,-457536.283744885,11.77252236132546,1006084.5210898916,100000.0,3522884.0040946915,5626288.747306133,6377172.426293615,7780000.0,253750000.0
4202.0,1.0,64225.40565395381,17.128573423976633,0.0,-457536.28374488425,11.631760416535533,1006084.5210898916,100000.0,3602105.225812528,5689197.9220983675,6377172.426293615,7780000.0,253750000.0
4203.0,1.0,64242.62310324373,17.30632515586517,0.0,-457536.283744885,11.631760416535533,1006084.5210898916,100000.0,3672172.909959684,5744264.1967381835,6377172.426293615,7780000.0,253750000.0
4204.0,1.0,64259.99859597285,17.444660302381788,0.0,-457536.28374488384,11.631760416535533,1006084.5210898916,100000.0,3748784.307392608,5803875.285421509,6377172.426293615,7780000.0,253750000.0
4205.0,1.0,64277.5068016159,17.571750983708586,0.0,-457536.283744884,11.631760416535533,1006084.5210898916,100000.0,3808954.360413456,5850267.568632533,6377172.426293615,7780000.0,253750000.0
4206.0,1.0,64295.138094794216,17.690835372930486,0.0,-457536.28374488384,11.631760416535533,1006084.5210898916,100000.0,3864655.7561547123,5892888.8910517525,6377172.426293615,7780000.0,253750000.0
4207.0,1.0,64312.88439758336,17.80177020536114,0.0,-457536.28374488425,11.631760416535533,1006084.5210898916,100000.0,3917215.075375269,5932825.211284952,6377172.426293615,7780000.0,253750000.0
4208.0,1.0,64330.73518127062,17.89979716916122,0.0,-457536.2837448844,11.631760416535533,1006084.5210898916,100000.0,3966496.8739874805,5970028.483871013,6377172.426293615,7780000.0,253750000.0
4209.0,1.0,64348.68042060267,17.990681494949722,0.0,-457536.28374488384,11.631760416535533,1006084.5210898916,100000.0,4010300.8537312387,6002902.95418058,6377172.426293615,7780000.0,253750000.0
4210.0,1.0,64366.71415959997,18.076796499643276,0.0,-457536.28374488384,11.631760416535533,1006084.5210898916,100000.0,4051127.995361063,6033382.0586424135,6377172.426293615,7780000.0,253750000.0
4211.0,1.0,64384.82892857327,18.152741446950884,0.0,-457536.28374488384,11.631760416535533,1006084.5210898916,100000.0,4090003.437391093,6062261.716394335,6377172.426293615,7780000.0,253750000.0
4212.0,1.0,64403.01645638257,18.222314171641667,0.0,-457536.283744884,11.631760416535533,1006084.5210898916,100000.0,4124441.79373539,6087730.728374727,6377172.426293615,7780000.0,253750000.0
4213.0,1.0,64421.270504599204,18.285782261637618,0.0,-457536.28374488367,11.631760416535533,1006084.5210898916,100000.0,4156117.288936508,6111062.742175208,6377172.426293615,7780000.0,253750000.0
4214.0,1.0,64439.585117292714,18.343443125383544,0.0,-457536.28374488343,11.631760416535533,1006084.5210898916,100000.0,4185119.115628889,6132347.496484564,6377172.426293615,7780000.0,253750000.0
4215.0,1.0,64457.954643480545,18.395609250278778,0.0,-457169.76427980274,11.631760416535533,1006084.5210898916,100000.0,4211554.742502113,6151684.730647047,6377172.426293615,7780000.0,253750000.0
4216.0,1.0,64476.373754242246,18.442612273129903,0.0,-453854.29100716603,11.631760416535533,1006084.5210898916,100000.0,4235542.920464167,6169179.2409078255,6377172.426293615,7780000.0,253750000.0
4217.0,1.0,64494.83745654073,18.484792323837507,0.0,-450529.8683295337,11.631760416535533,1006084.5210898916,100000.0,4257215.22922385,6184942.245486142,6377172.426293615,7780000.0,253750000.0
4218.0,1.0,64513.34109967056,18.522493935818165,0.0,-447197.39742861874,11.631760416535533,1006084.5210898916,100000.0,4276710.82975054,6199087.810858045,6377172.426293615,7780000.0,253750000.0
4219.0,1.0,64531.88037660162,18.556059926309224,0.0,-443857.7176994826,11.631760416535533,1006084.5210898916,100000.0,4294174.193252853,6211731.480269337,6377172.426293615,7780000.0,253750000.0
4220.0,1.0,64550.45132244141,18.58583175326502,0.0,-440511.60650802124,11.631760416535533,1006084.5210898916,100000.0,4309751.880839558,6222988.221425372,6377172.426293615,7780000.0,253750000.0
4221.0,1.0,64569.050306765566,18.612136895043662,0.0,-437159.77946850786,11.631760416535533,1006084.5210898916,100000.0,4323592.331779411,6232972.546180303,6377172.426293615,7780000.0,253750000.0
4222.0,1.0,64587.67402360328,18.63529678038699,0.0,-433349.5936799554,11.631760416535533,1006084.5210898916,100000.0,4335839.638827283,6241794.278169826,6377172.426293615,7780000.0,253750000.0
4223.0,1.0,64606.319520712015,18.655697437093345,0.0,-427047.05951468664,11.631760416535533,1006084.5210898916,100000.0,4346636.897241431,6249561.212221205,6377172.426293615,7780000.0,253750000.0
4224.0,1.0,64624.984147797346,18.673556733571328,0.0,-420737.15459182614,9.261538246704397,1006084.5210898916,100000.0,4356158.911887477,6256402.807198649,6377172.426293615,7780000.0,253750000.0
4225.0,1.0,64643.66605571654,18.690259104809027,0.0,-414420.7758092004,5.885811011660637,1006084.5210898916,100000.0,4364503.298064127,6262392.127780001,6377172.426293615,7780000.0,253750000.0
4226.0,1.0,64662.36311012051,18.703849703141,0.0,-408098.54894336365,3.693497383392691,1006084.5210898916,100000.0,4372314.360158807,6267993.460169249,6377172.426293615,7780000.0,253750000.0
4227.0,1.0,64681.072808735415,18.71554752667477,0.0,-401771.19628879806,2.8739904213102068,1006084.5210898916,100000.0,4378675.317742835,6272551.223707299,6377172.426293615,7780000.0,253750000.0
4228.0,1.0,64699.79329298698,18.72542097645377,0.0,-395439.56465103605,0.0,1006084.5210898916,100000.0,4384154.081675012,6276474.223436554,6377172.426293615,7780000.0,253750000.0
4229.0,1.0,64718.52298414746,18.733961344506913,0.0,-389104.28299839894,0.0,1006084.5210898916,100000.0,4388781.052178067,6279785.398434024,6377172.426293615,7780000.0,253750000.0
4230.0,1.0,64737.26063829953,18.741346959640197,0.0,-382765.88559510384,0.0,1006084.5210898916,100000.0,4392785.272213115,6282649.509134917,6377172.426293615,7780000.0,253750000.0
4231.0,1.0,64756.005181517896,18.747739477097834,0.0,-376424.79340069636,0.0,1006084.5210898916,100000.0,4396249.549306541,6285126.360156358,6377172.426293615,7780000.0,253750000.0
4232.0,1.0,64774.75569464887,18.753286784843713,0.0,-370081.3698469759,0.0,1006084.5210898916,100000.0,4399249.109041462,6287270.164444667,6377172.426293615,7780000.0,253750000.0
4233.0,1.0,64793.511398475224,18.758120867860956,0.0,-363735.9259887986,0.0,1006084.5210898916,100000.0,4401852.900198471,6289130.517930284,6377172.426293615,7780000.0,253750000.0
4234.0,1.0,64812.27163982155,18.762361824786453,0.0,-357388.72552450345,0.0,1006084.5210898916,100000.0,4404122.546597497,6290751.683296055,6377172.426293615,7780000.0,253750000.0
4235.0,1.0,64831.03587908717,18.766116706453356,0.0,-351039.9894980605,0.0,1006084.5210898916,100000.0,4406114.196564256,6292173.937001838,6377172.426293615,7780000.0,253750000.0
4236.0,1.0,64849.8036787772,18.769482673615208,0.0,-344689.90051810886,0.0,1006084.5210898916,100000.0,4407877.9503048,6293433.17977637,6377172.426293615,7780000.0,253750000.0
4237.0,1.0,64868.57469339452,18.77254656102631,0.0,-338338.606639229,0.0,1006084.5210898916,100000.0,4409459.322014064,6294561.995596382,6377172.426293615,7780000.0,253750000.0
4238.0,1.0,64887.348659914256,18.77538647845116,0.0,-332013.93182624545,0.0,1006084.5210898916,100000.0,4410899.019614607,6295589.505495939,6377172.426293615,7780000.0,253750000.0
4239.0,1.0,64906.125389826,18.778073345024694,0.0,-326853.1642887991,0.0,1006084.5210898916,100000.0,4412233.68526135,6296541.904483378,6377172.426293615,7780000.0,253750000.0
4240.0,1.0,64924.90476197725,18.78067095747946,0.0,-321981.52202627243,0.0,1006084.5210898916,100000.0,4413496.608022775,6297442.976106666,6377172.426293615,7780000.0,253750000.0
4241.0,1.0,64943.68671605197,18.783237191961945,0.0,-317109.1942319327,0.0380637616206285,1006084.5210898916,100000.0,4414717.749990427,6298314.115334177,6377172.426293615,7780000.0,253750000.0
4242.0,1.0,64962.47124714595,18.78582499600294,0.0,-312953.36309387954,3.6956698502985548,1006084.5210898916,100000.0,4415924.306984079,6299174.731597615,6377172.426293615,7780000.0,253750000.0
4243.0,1.0,64981.25840111189,18.788482935881355,0.0,-309880.8343474481,16.983577330155622,1006084.5210898916,100000.0,4417141.172197194,6300042.581460701,6377172.426293615,7780000.0,253750000.0
4244.0,1.0,65000.048270516665,18.791255873669126,0.0,-306807.87658581056,43.47861853525902,1006084.5210898916,100000.0,4418391.191957653,6300933.952183922,6377172.426293615,7780000.0,253750000.0
4245.0,1.0,65018.84099108288,18.794185258755103,0.0,-303734.474668085,117.46642654502143,1006084.5210898916,100000.0,4419695.483320838,6301863.888779329,6377172.426293615,7780000.0,253750000.0
4246.0,1.0,65037.63673857568,18.797309726848617,0.0,-300660.6063945355,282.20336697871323,1006084.5210898916,100000.0,4421073.571010045,6302846.291776434,6377172.426293615,7780000.0,253750000.0
4247.0,1.0,65056.435726140866,18.80066540352364,0.0,-297586.24301579,527.5358882121438,1006084.5210898916,100000.0,4422543.669484122,6303894.118104941,6377172.426293615,7780000.0,253750000.0
4248.0,1.0,65075.2382019401,18.804286194945615,0.0,-294511.3496682375,811.4724467927825,1006084.5210898916,100000.0,4424122.826450565,6305019.482891782,6377172.426293615,7780000.0,253750000.0
4249.0,1.0,65094.044447075394,18.808204075641328,0.0,-291435.8857608258,1111.6374360157872,1006084.5210898916,100000.0,4425827.060652549,6306233.756959697,6377172.426293615,7780000.0,253750000.0
4250.0,1.0,65112.8547723143,18.812446402166657,0.0,-288359.8053145553,1412.1481691272397,1006084.5210898916,100000.0,4427671.498522449,6307547.663334175,6377172.426293615,7780000.0,253750000.0
4251.0,1.0,65131.669483533435,18.816976036112575,0.0,-285283.05749811884,1712.7240994600752,1006084.5210898916,100000.0,4429669.11047516,6308970.376351022,6377172.426293615,7780000.0,253750000.0
4252.0,1.0,65150.48892285357,18.82190260415827,0.0,-282205.5922802048,2013.3701147103807,1006084.5210898916,100000.0,4431802.506071614,6310489.441217419,6377172.426293615,7780000.0,253750000.0
4253.0,1.0,65169.3134980581,18.827247804904733,0.0,-279127.3537011572,2314.091681730226,1006084.5210898916,100000.0,4434123.435295219,6312141.62250171,6377172.426293615,7780000.0,253750000.0
4254.0,1.0,65188.14363807305,18.83303222499682,0.0,-276048.2750610856,2614.895316614842,1006084.5210898916,100000.0,4436642.2715508565,6313934.197079421,6377172.426293615,7780000.0,253750000.0
4255.0,1.0,65206.9797913344,18.83927429770072,0.0,-272968.2862018614,2915.787873304316,1006084.5210898916,100000.0,4439368.888349187,6315874.068918798,6377172.426293615,7780000.0,253750000.0
4256.0,1.0,65225.82242403406,18.845991101609616,0.0,-269887.3137741716,3216.7765174939045,1006084.5210898916,100000.0,4442312.169634143,6317967.419827768,6377172.426293615,7780000.0,253750000.0
4257.0,1.0,65244.67201878858,18.85319840743467,0.0,-266805.28152442153,160710.0929640926,1006084.5210898916,100000.0,4445480.387093009,6320219.97730908,6377172.426293615,7780000.0,253750000.0
4258.0,1.0,65263.52907285738,18.860909730168064,0.0,-263722.1105124864,160937.67199233317,1006084.5210898916,100000.0,4448881.22317122,6322637.030252197,6377172.426293615,7780000.0,253750000.0
4259.0,1.0,65282.39409593557,18.869136426197148,0.0,-260637.71940315253,161085.3406404662,1006084.5210898916,100000.0,4452521.324361135,6325223.111065262,6377172.426293615,7780000.0,253750000.0
4260.0,1.0,65301.2676079904,18.877887683464472,0.0,-257552.02482713634,161153.02819267524,1006084.5210898916,100000.0,4456406.346717426,6327982.028243452,6377172.426293615,7780000.0,253750000.0
4261.0,1.0,65320.150137102595,18.887170540926697,0.0,-253392.2282002467,161180.5885451078,1006084.5210898916,100000.0,4460540.950569464,6330916.8630690295,6377172.426293615,7780000.0,253750000.0
4262.0,1.0,65339.04221704414,18.89698934216291,0.0,-248493.13622423713,161197.76503993422,1006084.5210898916,100000.0,4464928.808682123,6334029.976137104,6377172.426293615,7780000.0,253750000.0
4263.0,1.0,65357.94438510566,18.907346780876114,0.0,-243591.56627553562,161204.74773480007,1006084.5210898916,100000.0,4469572.346362115,6337322.82411691,6377172.426293615,7780000.0,253750000.0
4264.0,1.0,65376.857179571045,18.918242149896578,0.0,-238356.25807030505,161205.97151253853,1006084.5210898916,100000.0,4474473.233746514,6340796.310372741,6377172.426293615,7780000.0,253750000.0
4265.0,1.0,65395.781137038524,18.929672785062017,0.0,-231958.4355847769,161205.97151253853,1006084.5210898916,100000.0,4479631.554903366,6344450.197747091,6377172.426293615,7780000.0,253750000.0
4266.0,1.0,65414.716789973085,18.941633084066055,0.0,-225554.29566361316,161205.97151253853,1006084.5210898916,100000.0,4485046.487530857,6348283.592782482,6377172.426293615,7780000.0,253750000.0
4267.0,1.0,65433.66550250705,18.955791983860287,0.0,-219146.19782784051,161205.97151253853,1006084.5210898916,100000.0,4490715.834705041,6352294.616681005,6377172.426293615,7780000.0,253750000.0
4268.0,1.0,65452.62981434055,18.972831683146776,0.0,-212733.68043542825,161205.97151253853,1006084.5210898916,100000.0,4497431.977884804,6357042.966653884,6377172.426293615,7780000.0,253750000.0
4269.0,1.0,65471.61113709536,18.989813826471174,0.0,-206315.8840152486,161205.97151253853,1006084.5210898916,100000.0,4505521.255585622,6362757.42588594,6377172.426293615,7780000.0,253750000.0
4270.0,1.0,65490.61050510771,19.008922198228138,0.0,-199892.33085415338,161205.97151253853,1006084.5210898916,100000.0,4513590.441217336,6368452.583063808,6377172.426293615,7780000.0,253750000.0
4271.0,1.0,65509.62989234493,19.029852276202114,0.0,-193462.67091785942,161205.97151253853,1006084.5210898916,100000.0,4522678.551065221,6374860.795413112,6377172.426293615,7780000.0,253750000.0
4272.0,1.0,65528.670307840606,19.050978715158543,0.0,-187026.23618737003,161205.97151253853,1006084.5210898916,100000.0,4532643.569302378,6381879.93790472,6377172.426293615,7780000.0,253750000.0
4273.0,1.0,65547.73137786966,19.071161342938183,0.0,-180582.6851911795,161205.97151253853,1006084.5210898916,100000.0,4542713.197866017,6388964.932311324,6377172.426293615,7780000.0,253750000.0
4274.0,1.0,65566.81307471341,19.092232344572086,0.0,-174132.14440324457,161205.97151253853,1006084.5210898916,100000.0,4552343.406997044,6395733.408779329,6377172.426293615,7780000.0,253750000.0
4275.0,1.0,65585.91505352606,19.11172528070311,0.0,-167674.62320395577,161205.97151253853,1006084.5210898916,100000.0,4562408.386697903,6402799.811641905,6377172.426293615,7780000.0,253750000.0
4276.0,1.0,65605.03545473273,19.12907713264382,0.0,-161210.23829411095,161205.97151253853,1006084.5210898916,100000.0,4571729.469148517,6409336.992079245,6377172.426293615,7780000.0,253750000.0
4277.0,1.0,65624.17335322904,19.146719859983666,0.0,-154739.61898064017,161205.97151253853,1006084.5210898916,100000.0,4580034.735500585,6415156.135295841,6377172.426293615,7780000.0,253750000.0
4278.0,1.0,65643.32902826888,19.164630219693187,0.0,-148263.0783322027,161205.97151253853,1006084.5210898916,100000.0,4588486.953696624,6421072.826924652,6377172.426293615,7780000.0,253750000.0
4279.0,1.0,65662.50273641848,19.18278607949121,0.0,-141780.5218452535,161205.97151253853,1006084.5210898916,100000.0,4597075.3583780555,6427079.272148284,6377172.426293615,7780000.0,253750000.0
4280.0,1.0,65681.69471234635,19.201165776253564,0.0,-135291.86269408866,161205.97151253853,1006084.5210898916,100000.0,4605789.681588145,6433168.048651574,6377172.426293615,7780000.0,253750000.0
4281.0,1.0,65700.90516900187,19.219747534799062,0.0,-128797.02146349862,161205.97151253853,1006084.5210898916,100000.0,4614619.845449954,6439331.891456552,6377172.426293615,7780000.0,253750000.0
4282.0,1.0,65720.13429804986,19.238510561182142,0.0,-122295.92608834372,161205.97151253853,1006084.5210898916,100000.0,4623555.682321705,6445563.498005636,6377172.426293615,7780000.0,253750000.0
4283.0,1.0,65739.38227130781,19.257435954726105,0.0,-115788.51170648808,161205.97151253853,1006084.5210898916,100000.0,4632587.459903036,6451855.894809909,6377172.426293615,7780000.0,253750000.0
4284.0,1.0,65758.64924168597,19.27650480159252,0.0,-109274.72017241678,161205.97151253853,1006084.5210898916,100000.0,4641706.322179836,6458202.743309949,6377172.426293615,7780000.0,253750000.0
4285.0,1.0,65777.93534426823,19.29570036292179,0.0,-102754.49973909972,161205.97151253853,1006084.5210898916,100000.0,4650903.373111948,6464597.700532393,6377172.426293615,7780000.0,253750000.0
4286.0,1.0,65797.2407530414,19.315117183433024,0.0,-96227.80469219794,161205.97151253853,1006084.5210898916,100000.0,4660170.732808652,6471035.152908062,6377172.426293615,7780000.0,253750000.0
4287.0,1.0,65816.5657113292,19.33479939215511,0.0,-89912.69287193313,161205.97151253853,1006084.5210898916,100000.0,4669554.297417249,6477546.80709644,6377172.426293615,7780000.0,253750000.0
4288.0,1.0,65835.91186608217,19.357510113803297,0.0,-84462.82255726065,161205.97151253853,1006084.5210898916,100000.0,4679075.748246129,6484147.462275157,6377172.426293615,7780000.0,253750000.0
4289.0,1.0,65855.28220161282,19.383160947483635,0.0,-79006.97458485544,161205.97151253853,1006084.5210898916,100000.0,4690074.320763903,6491763.764112831,6377172.426293615,7780000.0,253750000.0
4290.0,1.0,65874.67806367432,19.40856317552312,0.0,-73544.30734275354,161205.97151253853,1006084.5210898916,100000.0,4702512.286584884,6500366.066352445,6377172.426293615,7780000.0,253750000.0
4291.0,1.0,65894.09991525882,19.435139993482903,0.0,-68074.44131239873,161205.97151253853,1006084.5210898916,100000.0,4714845.936813004,6508884.995829685,6377172.426293615,7780000.0,253750000.0
4292.0,1.0,65913.54733588385,19.45970125658801,0.0,-62597.24592444479,161205.97151253853,1006084.5210898916,100000.0,4727767.181285171,6517797.837552739,6377172.426293615,7780000.0,253750000.0
4293.0,1.0,65933.01887267317,19.48337232205679,0.0,-56216.06030352462,161205.97151253853,1006084.5210898916,100000.0,4739724.214501782,6526034.739762227,6377172.426293615,7780000.0,253750000.0
4294.0,1.0,65952.51532828898,19.509538909561513,0.0,-51428.80975478364,161205.97151253853,1006084.5210898916,100000.0,4751262.167537455,6533973.103950842,6377172.426293615,7780000.0,253750000.0
4295.0,1.0,65972.0371019642,19.53400844088896,0.0,-47470.080827866004,161205.97151253853,1006084.5210898916,100000.0,4764032.83170406,6542748.370170257,6377172.426293615,7780000.0,253750000.0
4296.0,1.0,65991.58279732143,19.557382273556545,0.0,-43506.21110324802,161205.97151253853,1006084.5210898916,100000.0,4775990.752031343,6550954.509072548,6377172.426293615,7780000.0,253750000.0
4297.0,1.0,66011.15047933259,19.57798174874024,0.0,-39537.48411347432,161205.97151253853,1006084.5210898916,100000.0,4787427.2165482165,6558793.192821014,6377172.426293615,7780000.0,253750000.0
4298.0,1.0,66030.73833641793,19.59773242194736,0.0,-35564.292763377045,161205.97151253853,1006084.5210898916,100000.0,4797517.567433835,6565701.463862644,6377172.426293615,7780000.0,253750000.0
4299.0,1.0,66050.34593202181,19.61745878582338,0.0,-31587.00489177138,161205.97151253853,1006084.5210898916,100000.0,4807202.119998691,6572325.079394241,6377172.426293615,7780000.0,253750000.0
4300.0,1.0,66069.97323868437,19.63715453928102,0.0,-27605.709140688206,161205.97151253853,1006084.5210898916,100000.0,4816884.499747438,6578940.542511924,6377172.426293615,7780000.0,253750000.0
4301.0,1.0,66089.6202230295,19.656814150985888,0.0,-23620.41108581766,161205.97151253853,1006084.5210898916,100000.0,4826561.573213764,6585545.740073569,6377172.426293615,7780000.0,253750000.0
4302.0,1.0,66109.28684506132,19.676429912635612,0.0,-19631.11750413085,161205.97151253853,1006084.5210898916,100000.0,4836230.573335928,6592138.817082537,6377172.426293615,7780000.0,253750000.0
4303.0,1.0,66128.9730577123,19.695995389334186,0.0,-15637.836516740923,161205.97151253853,1006084.5210898916,100000.0,4845887.649970155,6598717.188470929,6377172.426293615,7780000.0,253750000.0
4304.0,1.0,66148.67880711638,19.71550341882502,0.0,-11640.57768064257,161205.97151253853,1006084.5210898916,100000.0,4855529.5658109905,6605278.696222322,6377172.426293615,7780000.0,253750000.0
4305.0,1.0,66168.40403191536,19.73494617913468,0.0,-7639.351933268226,161205.97151253853,1006084.5210898916,100000.0,4865152.712142528,6611820.938391553,6377172.426293615,7780000.0,253750000.0
4306.0,1.0,66188.14866309307,19.754316176306762,0.0,-4924.789169276456,161205.97151253853,1006084.5210898916,100000.0,4874753.140571933,6618341.291789824,6377172.426293615,7780000.0,253750000.0
4307.0,1.0,66207.91262415859,19.773605954728414,0.0,-3477.051160788308,161205.97151253853,1006084.5210898916,100000.0,4884327.049981011,6624837.24323262,6377172.426293615,7780000.0,253750000.0
4308.0,1.0,66227.69587326601,19.792892260108303,0.0,-2027.8958245712838,161205.97151253853,1006084.5210898916,100000.0,4893870.6440680865,6631306.292394378,6377172.426293615,7780000.0,253750000.0
4309.0,1.0,66247.4985389705,19.812439148850704,0.0,-206.2937823380395,161205.97151253853,1006084.5210898916,100000.0,4903421.831978028,6637774.176831618,6377172.426293615,7780000.0,253750000.0
4310.0,1.0,66267.32089132737,19.832265564900574,0.0,2738.5292362939254,161205.97151253853,1006084.5210898916,100000.0,4913111.569832784,6644329.450898017,6377172.426293615,7780000.0,253750000.0
4311.0,1.0,66287.1661408572,19.858233494766033,0.0,5757.205600643024,161205.97151253853,1006084.5210898916,100000.0,4922949.645034635,6650978.467663504,6377172.426293615,7780000.0,253750000.0
4312.0,1.0,66307.04022428591,19.889933362664294,0.0,8902.555561703686,161204.8195870284,1006084.5210898916,100000.0,4935850.088037543,6659687.111757633,6377172.426293615,7780000.0,253750000.0
4313.0,1.0,66326.94439846255,19.918414990605687,0.0,12980.033812297545,161195.80771501505,1006084.5210898916,100000.0,4951620.944961084,6670318.027228645,6377172.426293615,7780000.0,253750000.0
4314.0,1.0,66346.87521182325,19.943211730780636,0.0,15074.475760165215,161173.1747456265,1006084.5210898916,100000.0,4965812.1639910145,6679869.668897736,6377172.426293615,7780000.0,253750000.0
4315.0,1.0,66366.83037711156,19.96711884584424,0.0,17097.938099749503,161117.5972336026,1006084.5210898916,100000.0,4978183.891456741,6688185.541052238,6377172.426293615,7780000.0,253750000.0
4316.0,1.0,66386.808529211,19.989185353053454,0.0,5061.11301267221,160964.95287803668,1006084.5210898916,100000.0,4990126.335963737,6696203.067188707,6377172.426293615,7780000.0,253750000.0
4317.0,1.0,66406.8068488023,20.0074538295259,0.0,-11110.528540729265,160717.80749985416,1006084.5210898916,100000.0,5001162.029776196,6703603.324301277,6377172.426293615,7780000.0,253750000.0
4318.0,1.0,66426.82320081303,20.025250191937435,0.0,-27298.49499983725,160420.23009008676,1006084.5210898916,100000.0,5010307.511063811,6709729.868102217,6377172.426293615,7780000.0,253750000.0
4319.0,1.0,66446.85730349882,20.042955179661885,0.0,-43501.05809541243,160100.96550624436,1006084.5210898916,100000.0,5019224.678102425,6715698.083020201,6377172.426293615,7780000.0,253750000.0
4320.0,1.0,66466.90907074953,20.06057932176606,0.0,-59717.98976486803,159780.83446243263,1006084.5210898916,100000.0,5028103.927534434,6721635.65438542,6377172.426293615,7780000.0,253750000.0
4321.0,1.0,66486.9784273732,20.078133925554713,0.0,-75949.22030494284,159460.42115114452,1006084.5210898916,100000.0,5036950.425288145,6727546.113241586,6377172.426293615,7780000.0,253750000.0
4322.0,1.0,66507.06531016862,20.09563166528612,0.0,-92194.6888502656,159139.7267738957,1006084.5210898916,100000.0,5045769.74756191,6733433.251623463,6377172.426293615,7780000.0,253750000.0
4323.0,1.0,66527.16966889656,20.113085790599,0.0,-108454.34424160939,158818.75234059687,1006084.5210898916,100000.0,5054568.178483324,6739301.319989406,6377172.426293615,7780000.0,253750000.0
4324.0,1.0,66547.291466593,20.130509602287987,0.0,-124728.14581199246,158497.49865403638,1006084.5210898916,100000.0,5063352.314366527,6745154.761758223,6377172.426293615,7780000.0,253750000.0
4325.0,1.0,66567.43079302335,20.148143258414212,0.0,-141016.0636402856,158175.96630487373,1006084.5210898916,100000.0,5072128.800637051,6750998.037504449,6377172.426293615,7780000.0,253750000.0
4326.0,1.0,66587.59013112464,20.170532944158378,0.0,-157318.1703885667,41037.36886137808,1006084.5210898916,100000.0,5081018.72445655,6756911.686997388,6377172.426293615,7780000.0,253750000.0
4327.0,1.0,66607.77273444265,20.194673691876655,0.0,-173636.47591077772,368.34249829755896,1006084.5210898916,100000.0,5092317.59407993,6764420.325750478,6377172.426293615,7780000.0,253750000.0
4328.0,1.0,66627.98041221188,20.220681846565377,0.0,-189973.61384268972,170.87315075462158,1006084.5210898916,100000.0,5104514.189915452,6772516.2032861095,6377172.426293615,7780000.0,253750000.0
4329.0,1.0,66648.21511935229,20.248732434239553,0.0,-206331.04869872122,67.41705814755777,1006084.5210898916,100000.0,5117670.578078452,6781238.337237587,6377172.426293615,7780000.0,253750000.0
4330.0,1.0,66668.47827680723,20.27758247566028,0.0,-223334.22067690702,31.634970032070214,1006084.5210898916,100000.0,5131879.123445683,6790645.424593074,6377172.426293615,7780000.0,253750000.0
4331.0,1.0,66688.76776435573,20.301392621320577,0.0,-241643.88128269688,10.61968261422884,1006084.5210898916,100000.0,5146513.16523557,6800320.617961807,6377172.426293615,7780000.0,253750000.0
4332.0,1.0,66709.08075123733,20.324581141887634,0.0,-260012.97731169575,1.6949318023919342,1006084.5210898916,100000.0,5158606.43835275,6808305.624293047,6377172.426293615,7780000.0,253750000.0
4333.0,1.0,66729.41691208714,20.347740557738813,0.0,-278705.712704233,0.0,1006084.5210898916,100000.0,5170397.626254061,6816082.16149621,6377172.426293615,7780000.0,253750000.0
4334.0,1.0,66749.77620283511,20.370840938226614,0.0,-298680.89757032687,0.0,1006084.5210898916,100000.0,5182187.449659789,6823848.938097997,6377172.426293615,7780000.0,253750000.0
4335.0,1.0,66770.15805964156,20.392872674658747,0.0,-318720.82801233133,0.0,1006084.5210898916,100000.0,5193960.595082843,6831595.916511349,6377172.426293615,7780000.0,253750000.0
4336.0,1.0,66790.56237059584,20.41574923390902,0.0,-338782.97053665586,0.0,1006084.5210898916,100000.0,5205201.549954812,6838984.512843717,6377172.426293615,7780000.0,253750000.0
4337.0,1.0,66810.98699740517,20.43350438473761,0.0,-358867.21498812415,0.0,1006084.5210898916,100000.0,5216886.406074066,6846656.430229547,6377172.426293615,7780000.0,253750000.0
4338.0,1.0,66831.42936807577,20.451236956464264,0.0,-378971.45661567163,0.0,1006084.5210898916,100000.0,5225964.386181083,6852610.82436897,6377172.426293615,7780000.0,253750000.0
4339.0,1.0,66851.88945288633,20.46893266465509,0.0,-399093.16377038806,0.0,1006084.5210898916,100000.0,5235038.698335127,6858557.646346737,6377172.426293615,7780000.0,253750000.0
4340.0,1.0,66872.36720814755,20.486577857788504,0.0,-419232.3071971763,0.0,1006084.5210898916,100000.0,5244101.993175128,6864492.105713574,6377172.426293615,7780000.0,253750000.0
4341.0,1.0,66892.86257583412,20.504157515357115,0.0,-439388.84389205417,0.0,1006084.5210898916,100000.0,5253147.220691696,6870409.624274631,6377172.426293615,7780000.0,253750000.0
4342.0,1.0,66913.37548318427,20.52165718492504,0.0,-459562.71673990844,0.0,1006084.5210898916,100000.0,5262166.604246828,6876305.164729911,6377172.426293615,7780000.0,253750000.0
4343.0,1.0,66933.90584306809,20.53906258270901,0.0,-479753.8541203226,0.0,1006084.5210898916,100000.0,5271152.63286863,6882173.880288737,6377172.426293615,7780000.0,253750000.0
4344.0,1.0,66954.45355362969,20.556358540502785,0.0,-499962.1702701375,0.0,1006084.5210898916,100000.0,5280097.857401548,6888010.9807200255,6377172.426293615,7780000.0,253750000.0
4345.0,1.0,66975.01849784897,20.573529898065065,0.0,-520187.56493118947,0.0,1006084.5210898916,100000.0,5288994.349290354,6893811.379191272,6377172.426293615,7780000.0,253750000.0
4346.0,1.0,66995.60054377875,20.590561961500057,0.0,-540429.922918982,0.0,1006084.5210898916,100000.0,5297834.158634638,6899569.991541108,6377172.426293615,7780000.0,253750000.0
4347.0,1.0,67016.19954441098,20.607439302942595,0.0,-560689.1143560901,0.0,1006084.5210898916,100000.0,5306609.550918242,6905281.8900024975,6377172.426293615,7780000.0,253750000.0
4348.0,1.0,67036.81533758059,20.62414703625901,0.0,-580964.9945404534,0.0,1006084.5210898916,100000.0,5315312.389297434,6910941.9006633265,6377172.426293615,7780000.0,253750000.0
4349.0,1.0,67057.44774601521,20.640669833002548,0.0,-601257.4038507701,0.0,1006084.5210898916,100000.0,5323934.792226395,6916545.031287374,6377172.426293615,7780000.0,253750000.0
4350.0,1.0,67078.09691948607,20.657677108708963,0.0,-621566.1677954104,0.0,1006084.5210898916,100000.0,5332468.626753634,6922086.141303637,6377172.426293615,7780000.0,253750000.0
4351.0,1.0,67098.76613398227,20.68075188370324,0.0,-641891.433796238,0.0,1006084.5210898916,100000.0,5341259.826657721,6927789.726915014,6377172.426293615,7780000.0,253750000.0
4352.0,1.0,67119.45607761496,20.699135381682442,0.0,-662236.4264544862,0.0,1006084.5210898916,100000.0,5353198.942822383,6935528.118231473,6377172.426293615,7780000.0,253750000.0
4353.0,1.0,67140.16555783636,20.719825061107553,0.0,-682601.82308744,0.0,1006084.5210898916,100000.0,5362720.285368945,6941693.235818259,6377172.426293615,7780000.0,253750000.0
4354.0,1.0,67160.89620508719,20.741469440574484,0.0,-703029.527032792,0.0,1006084.5210898916,100000.0,5373446.184073641,6948631.757890232,6377172.426293615,7780000.0,253750000.0
4355.0,1.0,67181.64744879161,20.761017968278658,0.0,-726007.3570507206,0.0,1006084.5210898916,100000.0,5384678.485044057,6955890.44960699,6377172.426293615,7780000.0,253750000.0
4356.0,1.0,67202.41828310344,20.780650655376082,0.0,-749008.0161585334,0.0,1006084.5210898916,100000.0,5394833.227554986,6962446.273318078,6377172.426293615,7780000.0,253750000.0
4357.0,1.0,67223.20830336402,20.79938986579917,0.0,-772030.3894772688,0.0,1006084.5210898916,100000.0,5405041.315832084,6969030.320850119,6377172.426293615,7780000.0,253750000.0
4358.0,1.0,67244.01597760739,20.81595862091729,0.0,-795074.0284836517,0.0,1006084.5210898916,100000.0,5414793.8376652235,6975314.730698158,6377172.426293615,7780000.0,253750000.0
4359.0,1.0,67264.8401419059,20.83236997609014,0.0,-818137.2351480321,0.0,1006084.5210898916,100000.0,5423424.103038011,6980871.25338418,6377172.426293615,7780000.0,253750000.0
4360.0,1.0,67285.68066524439,20.848676700908573,0.0,-842161.6162994789,0.0,1006084.5210898916,100000.0,5431979.157071893,6986374.990187351,6377172.426293615,7780000.0,253750000.0
4361.0,1.0,67306.53732211304,20.864637036385602,0.0,-866906.8706708953,0.0,1006084.5210898916,100000.0,5440486.346313048,6991843.637997184,6377172.426293615,7780000.0,253750000.0
4362.0,1.0,67327.40861116577,20.877941069056213,0.0,-891671.281389829,0.0,1006084.5210898916,100000.0,5448819.270731904,6997196.120155465,6377172.426293615,7780000.0,253750000.0
4363.0,1.0,67348.2922051716,20.889246942611027,0.0,-916453.0658143574,0.0,1006084.5210898916,100000.0,5455770.206995021,7001657.780601457,6377172.426293615,7780000.0,253750000.0
4364.0,1.0,67369.18632860717,20.89899992854447,0.0,-941059.4463589534,0.0,1006084.5210898916,100000.0,5461680.650851628,7005449.335395089,6377172.426293615,7780000.0,253750000.0
4365.0,1.0,67390.0899588723,20.908260601698498,0.0,-948544.7298303208,0.0,1006084.5210898916,100000.0,5466781.852421121,7008720.111455769,6377172.426293615,7780000.0,253750000.0
4366.0,1.0,67411.00260214855,20.917025950815667,0.0,-952789.183665357,0.0,1006084.5210898916,100000.0,5471627.75860955,7011825.784760817,6377172.426293615,7780000.0,253750000.0
4367.0,1.0,67431.92376285286,20.925295457811956,0.0,-957035.4675801062,0.0,1006084.5210898916,100000.0,5476216.450296639,7014765.345450394,6377172.426293615,7780000.0,253750000.0
4368.0,1.0,67452.85294614546,20.933071127377964,0.0,-961283.4809470945,0.0,1006084.5210898916,100000.0,5480547.330044648,7017538.619779065,6377172.426293615,7780000.0,253750000.0
4369.0,1.0,67473.78966044584,20.940357473382303,0.0,-965533.1232897765,0.0,1006084.5210898916,100000.0,5484621.140409235,7020146.280042888,6377172.426293615,7780000.0,253750000.0
4370.0,1.0,67494.73341991378,20.94716146251293,0.0,-969784.2947933965,0.0,1006084.5210898916,100000.0,5488439.959175652,7022589.840019645,6377172.426293615,7780000.0,253750000.0
4371.0,1.0,67515.68374613099,20.953490971910586,0.0,-974036.8968087565,0.0,1006084.5210898916,100000.0,5492007.171694061,7024871.636068308,6377172.426293615,7780000.0,253750000.0
4372.0,1.0,67536.64016919066,20.959355147447617,0.0,-977587.0683696731,0.0,1006084.5210898916,100000.0,5495326.663259756,7026994.309878666,6377172.426293615,7780000.0,253750000.0
4373.0,1.0,67557.60223289544,20.964772262093675,0.0,-979149.1466785998,0.0,1006084.5210898916,100000.0,5498403.006925228,7028960.928624253,6377172.426293615,7780000.0,253750000.0
4374.0,1.0,67578.56949788329,20.969757713598113,0.0,-980686.1506412767,0.0,1006084.5210898916,100000.0,5501245.587567434,7030777.620355709,6377172.426293615,7780000.0,253750000.0
4375.0,1.0,67599.54154100217,20.97432852414896,0.0,-982223.535978269,0.0,1006084.5210898916,100000.0,5503862.306102795,7032449.548885463,6377172.426293615,7780000.0,253750000.0
4376.0,1.0,67620.51795681505,20.97850310161382,0.0,-983761.2716627475,0.0,1006084.5210898916,100000.0,5506261.9383741915,7033982.422800142,6377172.426293615,7780000.0,253750000.0
4377.0,1.0,67641.49835886042,20.982300989123214,0.0,-985299.3279668033,0.0,1006084.5210898916,100000.0,5508454.008980084,7035382.415389972,6377172.426293615,7780000.0,253750000.0
4378.0,1.0,67662.48238960184,20.985760493691643,0.0,-986837.6765538724,0.0,1006084.5210898916,100000.0,5510448.658671513,7036656.0806686515,6377172.426293615,7780000.0,253750000.0
4379.0,1.0,67683.4697258438,20.98891199022804,0.0,-987313.5180676597,0.0,1006084.5210898916,100000.0,5512265.903966125,7037816.265334297,6377172.426293615,7780000.0,253750000.0
4380.0,1.0,67704.4600507778,20.99173787778018,0.0,-985774.6610436449,0.0,1006084.5210898916,100000.0,5513921.616305381,7038873.155962142,6377172.426293615,7780000.0,253750000.0
4381.0,1.0,67725.45303191563,20.99422439790398,0.0,-981551.3618861015,0.0,1006084.5210898916,100000.0,5515406.473777336,7039820.849870326,6377172.426293615,7780000.0,253750000.0
4382.0,1.0,67746.4483649585,20.99644168783846,0.0,-962600.3775567852,0.0,1006084.5210898916,100000.0,5516713.176586359,7040654.733006304,6377172.426293615,7780000.0,253750000.0
4383.0,1.0,67767.44579120094,20.99841079703342,0.0,-941934.3819190132,0.0,1006084.5210898916,100000.0,5517878.52552338,7041398.326700253,6377172.426293615,7780000.0,253750000.0
4384.0,1.0,67788.44507237157,21.00015154422628,0.0,-921266.3259160619,0.0,1006084.5210898916,100000.0,5518913.540407643,7042058.690127382,6377172.426293615,7780000.0,253750000.0
4385.0,1.0,67809.44599012064,21.001683953903235,0.0,-900596.4440817257,0.0,1006084.5210898916,100000.0,5519828.603128597,7042642.469729338,6377172.426293615,7780000.0,253750000.0
4386.0,1.0,67830.44834590073,21.003027606261004,0.0,-879924.9513406785,0.0,1006084.5210898916,100000.0,5520634.21135175,7043156.3809479885,6377172.426293615,7780000.0,253750000.0
4387.0,1.0,67851.4519603251,21.004201242470852,0.0,-859252.0431258851,0.0,1006084.5210898916,100000.0,5521340.635701374,7043606.990227614,6377172.426293615,7780000.0,253750000.0
4388.0,1.0,67872.45667172702,21.005221561375816,0.0,-838577.8960101865,0.0,1006084.5210898916,100000.0,5521957.711150582,7044000.582635653,6377172.426293615,7780000.0,253750000.0
4389.0,1.0,67893.46233496838,21.006104921342263,0.0,-817902.6691243579,0.0,1006084.5210898916,100000.0,5522494.203314697,7044342.758321274,6377172.426293615,7780000.0,253750000.0
4390.0,1.0,67914.46882061995,21.006866381777993,0.0,-797226.5053298553,0.0,1006084.5210898916,100000.0,5522958.7023782,7044639.003250872,6377172.426293615,7780000.0,253750000.0
4391.0,1.0,67935.47601379751,21.007519973354327,0.0,-776549.532025654,0.0,1006084.5210898916,100000.0,5523359.118426738,7044894.367770142,6377172.426293615,7780000.0,253750000.0
4392.0,1.0,67956.48381320009,21.00807883180281,0.0,-755871.862293868,0.0,1006084.5210898916,100000.0,5523702.822917162,7045113.557226163,6377172.426293615,7780000.0,253750000.0
4393.0,1.0,67977.4921299143,21.008554596639975,0.0,-735193.5958464431,0.0,1006084.5210898916,100000.0,5523996.718536863,7045300.976837663,6377172.426293615,7780000.0,253750000.0
4394.0,1.0,67998.50088613467,21.008957844090165,0.0,-714514.8202020451,0.0,1006084.5210898916,100000.0,5524246.922582608,7045460.530050445,6377172.426293615,7780000.0,253750000.0
4395.0,1.0,68019.51001411758,21.009298121720523,0.0,-693835.6119456823,0.0,1006084.5210898916,100000.0,5524458.994275084,7045595.763723047,6377172.426293615,7780000.0,253750000.0
4396.0,1.0,68040.51945517525,21.009583993615617,0.0,-673156.0377583312,0.0,1006084.5210898916,100000.0,5524637.952703513,7045709.879741972,6377172.426293615,7780000.0,253750000.0
4397.0,1.0,68061.52915871891,21.00982309369927,0.0,-652476.1554071753,0.0,1006084.5210898916,100000.0,5524788.3003693,7045805.75017153,6377172.426293615,7780000.0,253750000.0
4398.0,1.0,68082.53908135825,21.01002218497494,0.0,-631796.0146874407,0.0,1006084.5210898916,100000.0,5524914.0510611655,7045885.935135915,6377172.426293615,7780000.0,253750000.0
4399.0,1.0,68103.54918606207,21.010187222654988,0.0,-611115.6583088159,0.0,1006084.5210898916,100000.0,5525018.760881248,7045952.702686159,6377172.426293615,7780000.0,253750000.0
4400.0,1.0,68124.55944138308,21.010323419372103,0.0,-590435.1227216116,0.0,1006084.5210898916,100000.0,5525105.561347408,7046008.049971257,6377172.426293615,7780000.0,253750000.0
4401.0,1.0,68145.56982074822,21.010435310902704,0.0,-569754.4388798242,0.0,1006084.5210898916,100000.0,5525177.193615147,7046053.725107561,6377172.426293615,7780000.0,253750000.0
4402.0,1.0,68166.5803018142,21.010526821073366,0.0,-549073.6329397006,0.0,1006084.5210898916,100000.0,5525236.042988082,7046091.249219887,6377172.426293615,7780000.0,253750000.0
4403.0,1.0,68187.5908657928,21.010601136105976,0.0,-528392.7268940315,0.0,1006084.5210898916,100000.0,5525284.17301365,7046121.938208629,6377172.426293615,7780000.0,253750000.0
4404.0,1.0,68208.60149670758,21.010660693465724,0.0,-507711.7392363403,0.0,1006084.5210898916,100000.0,5525323.25936338,7046146.86060996,6377172.426293615,7780000.0,253750000.0
4405.0,1.0,68229.61218136341,21.010708618191803,0.0,-487030.6856924341,0.0,1006084.5210898916,100000.0,5525354.583943704,7046166.83385588,6377172.426293615,7780000.0,253750000.0
4406.0,1.0,68250.62290920912,21.010747073235162,0.0,-466349.57925046934,0.0,1006084.5210898916,100000.0,5525379.790329243,7046182.905964242,6377172.426293615,7780000.0,253750000.0
4407.0,1.0,68271.63367148567,21.010777479872008,0.0,-445668.43029611,0.0,1006084.5210898916,100000.0,5525400.016102464,7046195.802305536,6377172.426293615,7780000.0,253750000.0
4408.0,1.0,68292.6444610553,21.01080165938951,0.0,-424987.2474510051,0.0,1006084.5210898916,100000.0,5525416.008770664,7046205.9995210925,6377172.426293615,7780000.0,253750000.0
4409.0,1.0,68313.65527221105,21.01082065212269,0.0,-404306.03774094785,0.0,1006084.5210898916,100000.0,5525428.726241028,7046214.108400521,6377172.426293615,7780000.0,253750000.0
4410.0,1.0,68334.66610023112,21.010835388002352,0.0,-383624.80678337335,0.0,1006084.5210898916,100000.0,5525438.7156781405,7046220.477832142,6377172.426293615,7780000.0,253750000.0
4411.0,1.0,68355.67694156713,21.010847284020564,0.0,-362943.55922601983,0.0,1006084.5210898916,100000.0,5525446.466182502,7046225.419678954,6377172.426293615,7780000.0,253750000.0
4412.0,1.0,68376.68779339443,21.010856370598155,0.0,-342262.2985615948,0.0,1006084.5210898916,100000.0,5525452.7230332345,7046229.409145549,6377172.426293615,7780000.0,253750000.0
4413.0,1.0,68397.69865333028,21.01086350111284,0.0,-321581.0275704478,0.0,1006084.5210898916,100000.0,5525457.502228007,7046232.456433903,6377172.426293615,7780000.0,253750000.0
4414.0,1.0,68418.70951917008,21.010868178482603,0.0,-300899.74859794794,0.0,1006084.5210898916,100000.0,5525461.252609416,7046234.847734055,6377172.426293615,7780000.0,253750000.0
4415.0,1.0,68439.72038924342,21.010871968189473,0.0,-280218.4638141138,0.0,1006084.5210898916,100000.0,5525463.712729939,7046236.416343828,6377172.426293615,7780000.0,253750000.0
4416.0,1.0,68460.73126261849,21.01087478193514,0.0,-259537.17486314292,0.0,1006084.5210898916,100000.0,5525465.70597358,7046237.687265635,6377172.426293615,7780000.0,253750000.0
4417.0,1.0,68481.74213851632,21.010877013731704,0.0,-238855.88266223585,0.0,1006084.5210898916,100000.0,5525467.185898473,7046238.630887622,6377172.426293615,7780000.0,253750000.0
4418.0,1.0,68502.75301622752,21.010878408662844,0.0,-218174.5879781378,0.0,1006084.5210898916,100000.0,5525468.359740064,7046239.37934628,6377172.426293615,7780000.0,253750000.0
4419.0,1.0,68523.7638951798,21.010879495900774,0.0,-197493.2915091124,0.0,1006084.5210898916,100000.0,5525469.093421777,7046239.84715249,6377172.426293615,7780000.0,253750000.0
4420.0,1.0,68544.77477492775,21.010880000000007,0.0,-176811.9938184802,0.0,1006084.5210898916,100000.0,5525469.665268381,7046240.211770241,6377172.426293615,7780000.0,253750000.0
4421.0,1.0,68565.78565492775,21.010880000000007,0.0,-156130.69534465938,0.0,1006084.5210898916,100000.0,5525469.930405789,7046240.380825719,6377172.426293615,7780000.0,253750000.0
4422.0,1.0,68586.79653492775,21.010880000000007,0.0,-135449.3966227385,0.0,1006084.5210898916,100000.0,5525469.930405789,7046240.380825719,6377172.426293615,7780000.0,253750000.0
4423.0,1.0,68607.80741492775,21.010880000000007,0.0,-114768.09790081771,0.0,1006084.5210898916,100000.0,5525469.930405789,7046240.380825719,6377172.426293615,7780000.0,253750000.0
4424.0,1.0,68628.81829492775,21.010880000000007,0.0,-94086.7991788969,0.0,1006084.5210898916,100000.0,5525469.930405789,7046240.380825719,6377172.426293615,7780000.0,253750000.0
4425.0,1.0,68649.82917492776,21.010880000000007,0.0,-73405.50045697606,0.0,1006084.5210898916,100000.0,5525469.930405789,7046240.380825719,6377172.426293615,7780000.0,253750000.0
4426.0,1.0,68670.84005492776,21.010880000000007,0.0,-52724.20173505521,0.0,1006084.5210898916,100000.0,5525469.930405789,7046240.380825719,6377172.426293615,7780000.0,253750000.0
4427.0,1.0,68691.85093492776,21.010880000000007,0.0,-32042.903013134466,0.0,1006084.5210898916,100000.0,5525469.930405789,7046240.380825719,6377172.426293615,7780000.0,253750000.0
4428.0,1.0,68712.86181492776,21.010880000000007,0.0,-11361.604291213627,0.0,1006084.5210898916,100000.0,5525469.930405789,7046240.380825719,6377172.426293615,7780000.0,253750000.0
4429.0,1.0,68733.87269492776,21.010880000000007,0.0,0.0,0.0,1006084.5210898916,100000.0,5525469.930405789,7046240.380825719,6377172.426293615,7780000.0,253750000.0
4430.0,1.0,68754.88357492776,21.010880000000007,0.0,0.0,0.0,1006084.5210898916,100000.0,5525469.930405789,7046240.380825719,6377172.426293615,7780000.0,253750000.0
4431.0,1.0,68775.89445492777,21.010880000000007,0.0,0.0,0.0,1006084.5210898916,100000.0,5525469.930405789,7046240.380825719,6377172.426293615,7780000.0,253750000.0
4432.0,1.0,68796.90533492777,21.010880000000007,0.0,0.0,0.0,1006084.5210898916,100000.0,5525469.930405789,7046240.380825719,6377172.426293615,7780000.0,253750000.0
4433.0,1.0,68817.91621492777,21.010880000000007,0.0,0.0,0.0,1006084.5210898916,100000.0,5525469.930405789,7046240.380825719,6377172.426293615,7780000.0,253750000.0
4434.0,1.0,68838.92709492777,21.010880000000007,0.0,0.0,0.0,1006084.5210898916,100000.0,5525469.930405789,7046240.380825719,6377172.426293615,7780000.0,253750000.0
4435.0,1.0,68859.93797492777,21.010880000000007,0.0,0.0,0.0,1006084.5210898916,100000.0,5525469.930405789,7046240.380825719,6377172.426293615,7780000.0,253750000.0
4436.0,1.0,68880.94885492777,21.010880000000007,0.0,0.0,0.0,1006084.5210898916,100000.0,5525469.930405789,7046240.380825719,6377172.426293615,7780000.0,253750000.0
4437.0,1.0,68901.95973492778,21.010880000000007,0.0,0.0,0.0,1006084.5210898916,100000.0,5525469.930405789,7046240.380825719,6377172.426293615,7780000.0,253750000.0
4438.0,1.0,68922.97061492778,21.010880000000007,0.0,0.0,0.0,1006084.5210898916,100000.0,5525469.930405789,7046240.380825719,6377172.426293615,7780000.0,253750000.0
4439.0,1.0,68943.98149492778,21.010880000000007,0.0,0.0,0.0,1006084.5210898916,100000.0,5525469.930405789,7046240.380825719,6377172.426293615,7780000.0,253750000.0
4440.0,1.0,68964.99237492778,21.010880000000007,0.0,0.0,0.0,1006084.5210898916,100000.0,5525469.930405789,7046240.380825719,6377172.426293615,7780000.0,253750000.0
4441.0,1.0,68986.00325492778,21.010880000000007,0.0,0.0,0.0,1006084.5210898916,100000.0,5525469.930405789,7046240.380825719,6377172.426293615,7780000.0,253750000.0
4442.0,1.0,69007.01413492778,21.010880000000007,0.0,0.0,0.0,1006084.5210898916,100000.0,5525469.930405789,7046240.380825719,6377172.426293615,7780000.0,253750000.0
4443.0,1.0,69028.02501492779,21.010880000000007,0.0,0.0,0.0,1006084.5210898916,100000.0,5525469.930405789,7046240.380825719,6377172.426293615,7780000.0,253750000.0
4444.0,1.0,69049.03589492779,21.010880000000007,0.0,0.0,0.0,1006084.5210898916,100000.0,5525469.930405789,7046240.380825719,6377172.426293615,7780000.0,253750000.0
4445.0,1.0,69070.04677492779,21.010880000000007,0.0,0.0,0.0,1006084.5210898916,100000.0,5525469.930405789,7046240.380825719,6377172.426293615,7780000.0,253750000.0
4446.0,1.0,69091.05765492779,21.010880000000007,0.0,0.0,0.0,1006084.5210898916,100000.0,5525469.930405789,7046240.380825719,6377172.426293615,7780000.0,253750000.0
4447.0,1.0,69112.06853492779,21.010880000000007,0.0,0.0,0.0,1006084.5210898916,100000.0,5525469.930405789,7046240.380825719,6377172.426293615,7780000.0,253750000.0
4448.0,1.0,69133.0794149278,21.010880000000007,0.0,0.0,0.0,1006084.5210898916,100000.0,5525469.930405789,7046240.380825719,6377172.426293615,7780000.0,253750000.0
4449.0,1.0,69154.0902949278,21.010880000000007,0.0,0.0,0.0,1006084.5210898916,100000.0,5525469.930405789,7046240.380825719,6377172.426293615,7780000.0,253750000.0
4450.0,1.0,69175.1011749278,21.010880000000007,0.0,0.0,0.0,1006084.5210898916,100000.0,5525469.930405789,7046240.380825719,6377172.426293615,7780000.0,253750000.0
4451.0,1.0,69196.1120549278,21.010880000000007,0.0,0.0,0.0,1006084.5210898916,100000.0,5525469.930405789,7046240.380825719,6377172.426293615,7780000.0,253750000.0
4452.0,1.0,69217.1229349278,21.010880000000007,0.0,0.0,0.0,1006084.5210898916,100000.0,5525469.930405789,7046240.380825719,6377172.426293615,7780000.0,253750000.0
4453.0,1.0,69238.1338149278,21.010880000000007,0.0,0.0,0.0,1006084.5210898916,100000.0,5525469.930405789,7046240.380825719,6377172.426293615,7780000.0,253750000.0
4454.0,1.0,69259.1446949278,21.010880000000007,0.0,0.0,0.0,1006084.5210898916,100000.0,5525469.930405789,7046240.380825719,6377172.426293615,7780000.0,253750000.0
4455.0,1.0,69280.1555749278,21.010880000000007,0.0,0.0,0.0,1006084.5210898916,100000.0,5525469.930405789,7046240.380825719,6377172.426293615,7780000.0,253750000.0
4456.0,1.0,69301.1664549278,21.010880000000007,0.0,0.0,0.0,1006084.5210898916,100000.0,5525469.930405789,7046240.380825719,6377172.426293615,7780000.0,253750000.0
4457.0,1.0,69322.17733492781,21.010880000000007,0.0,0.0,0.0,1006084.5210898916,100000.0,5525469.930405789,7046240.380825719,6377172.426293615,7780000.0,253750000.0
4458.0,1.0,69343.18821492781,21.010880000000007,0.0,0.0,0.0,1006084.5210898916,100000.0,5525469.930405789,7046240.380825719,6377172.426293615,7780000.0,253750000.0
4459.0,1.0,69364.19909492781,21.010880000000007,0.0,0.0,0.0,1006084.5210898916,100000.0,5525469.930405789,7046240.380825719,6377172.426293615,7780000.0,253750000.0
4460.0,1.0,69385.20997492781,21.010880000000007,0.0,0.0,0.0,1006084.5210898916,100000.0,5525469.930405789,7046240.380825719,6377172.426293615,7780000.0,253750000.0
4461.0,1.0,69406.22085492781,21.010880000000007,0.0,0.0,0.0,1006084.5210898916,100000.0,5525469.930405789,7046240.380825719,6377172.426293615,7780000.0,253750000.0
4462.0,1.0,69427.23173492782,21.010880000000007,0.0,0.0,0.0,1006084.5210898916,100000.0,5525469.930405789,7046240.380825719,6377172.426293615,7780000.0,253750000.0
4463.0,1.0,69448.24261492782,21.010880000000007,0.0,0.0,0.0,1006084.5210898916,100000.0,5525469.930405789,7046240.380825719,6377172.426293615,7780000.0,253750000.0
4464.0,1.0,69469.25349492782,21.010880000000007,0.0,0.0,0.0,1006084.5210898916,100000.0,5525469.930405789,7046240.380825719,6377172.426293615,7780000.0,253750000.0
4465.0,1.0,69490.26437492782,21.010880000000007,0.0,0.0,0.0,1006084.5210898916,100000.0,5525469.930405789,7046240.380825719,6377172.426293615,7780000.0,253750000.0
4466.0,1.0,69511.27525492782,21.010880000000007,0.0,0.0,0.0,1006084.5210898916,100000.0,5525469.930405789,7046240.380825719,6377172.426293615,7780000.0,253750000.0
4467.0,1.0,69532.28613492782,21.010880000000007,0.0,0.0,0.0,1006084.5210898916,100000.0,5525469.930405789,7046240.380825719,6377172.426293615,7780000.0,253750000.0
4468.0,1.0,69553.29701492783,21.010880000000007,0.0,0.0,0.0,1006084.5210898916,100000.0,5525469.930405789,7046240.380825719,6377172.426293615,7780000.0,253750000.0
4469.0,1.0,69574.30789492783,21.010880000000007,0.0,0.0,0.0,1006084.5210898916,100000.0,5525469.930405789,7046240.380825719,6377172.426293615,7780000.0,253750000.0
4470.0,1.0,69595.31877492783,21.010880000000007,0.0,0.0,0.0,1006084.5210898916,100000.0,5525469.930405789,7046240.380825719,6377172.426293615,7780000.0,253750000.0
4471.0,1.0,69616.32965492783,21.010880000000007,0.0,0.0,0.0,1006084.5210898916,100000.0,5525469.930405789,7046240.380825719,6377172.426293615,7780000.0,253750000.0
4472.0,1.0,69637.34053492783,21.010880000000007,0.0,0.0,0.0,1006084.5210898916,100000.0,5525469.930405789,7046240.380825719,6377172.426293615,7780000.0,253750000.0
4473.0,1.0,69658.35141492783,21.010880000000007,0.0,0.0,0.0,1006084.5210898916,100000.0,5525469.930405789,7046240.380825719,6377172.426293615,7780000.0,253750000.0
4474.0,1.0,69679.36229492784,21.010880000000007,0.0,0.0,0.0,1006084.5210898916,100000.0,5525469.930405789,7046240.380825719,6377172.426293615,7780000.0,253750000.0
4475.0,1.0,69700.37317492784,21.010880000000007,0.0,0.0,0.0,1006084.5210898916,100000.0,5525469.930405789,7046240.380825719,6377172.426293615,7780000.0,253750000.0
4476.0,1.0,69721.38405492784,21.010880000000007,0.0,0.0,0.0,1006084.5210898916,100000.0,5525469.930405789,7046240.380825719,6377172.426293615,7780000.0,253750000.0
4477.0,1.0,69742.39493492784,21.010880000000007,0.0,0.0,0.0,1006084.5210898916,100000.0,5525469.930405789,7046240.380825719,6377172.426293615,7780000.0,253750000.0
4478.0,1.0,69763.40581492784,21.010880000000007,0.0,0.0,0.0,1006084.5210898916,100000.0,5525469.930405789,7046240.380825719,6377172.426293615,7780000.0,253750000.0
4479.0,1.0,69784.41669492784,21.010880000000007,0.0,0.0,0.0,1006084.5210898916,100000.0,5525469.930405789,7046240.380825719,6377172.426293615,7780000.0,253750000.0
4480.0,1.0,69805.42757492785,21.010880000000007,0.0,0.0,0.0,1006084.5210898916,100000.0,5525469.930405789,7046240.380825719,6377172.426293615,7780000.0,253750000.0
4481.0,1.0,69826.43845492785,21.010880000000007,0.0,0.0,0.0,1006084.5210898916,100000.0,5525469.930405789,7046240.380825719,6377172.426293615,7780000.0,253750000.0
4482.0,1.0,69847.44933492785,21.010880000000007,0.0,0.0,0.0,1006084.5210898916,100000.0,5525469.930405789,7046240.380825719,6377172.426293615,7780000.0,253750000.0
4483.0,1.0,69868.46021492785,21.010880000000007,0.0,0.0,0.0,1006084.5210898916,100000.0,5525469.930405789,7046240.380825719,6377172.426293615,7780000.0,253750000.0
4484.0,1.0,69889.47109492785,21.010880000000007,0.0,0.0,0.0,1006084.5210898916,100000.0,5525469.930405789,7046240.380825719,6377172.426293615,7780000.0,253750000.0
4485.0,1.0,69910.48197492785,21.010880000000007,0.0,0.0,0.0,1006084.5210898916,100000.0,5525469.930405789,7046240.380825719,6377172.426293615,7780000.0,253750000.0
4486.0,1.0,69931.49285492786,21.010880000000007,0.0,0.0,0.0,1006084.5210898916,100000.0,5525469.930405789,7046240.380825719,6377172.426293615,7780000.0,253750000.0
4487.0,1.0,69952.50373492786,21.010880000000007,0.0,0.0,0.0,1006084.5210898916,100000.0,5525469.930405789,7046240.380825719,6377172.426293615,7780000.0,253750000.0
4488.0,1.0,69973.51461492786,21.010880000000007,0.0,0.0,0.0,1006084.5210898916,100000.0,5525469.930405789,7046240.380825719,6377172.426293615,7780000.0,253750000.0
4489.0,1.0,69994.52549492786,21.010880000000007,0.0,0.0,0.0,1006084.5210898916,100000.0,5525469.930405789,7046240.380825719,6377172.426293615,7780000.0,253750000.0
4490.0,1.0,70015.53637492786,21.010880000000007,0.0,0.0,0.0,1006084.5210898916,100000.0,5525469.930405789,7046240.380825719,6377172.426293615,7780000.0,253750000.0
4491.0,1.0,70036.54725492786,21.010880000000007,0.0,0.0,0.0,1006084.5210898916,100000.0,5525469.930405789,7046240.380825719,6377172.426293615,7780000.0,253750000.0
4492.0,1.0,70057.55813492787,21.010880000000007,0.0,0.0,0.0,1006084.5210898916,100000.0,5525469.930405789,7046240.380825719,6377172.426293615,7780000.0,253750000.0
4493.0,1.0,70078.56901492787,21.010880000000007,0.0,0.0,0.0,1006084.5210898916,100000.0,5525469.930405789,7046240.380825719,6377172.426293615,7780000.0,253750000.0
4494.0,1.0,70099.57989492787,21.010880000000007,0.0,0.0,0.0,1006084.5210898916,100000.0,5525469.930405789,7046240.380825719,6377172.426293615,7780000.0,253750000.0
4495.0,1.0,70120.59077492787,21.010880000000007,0.0,0.0,0.0,1006084.5210898916,100000.0,5525469.930405789,7046240.380825719,6377172.426293615,7780000.0,253750000.0
4496.0,1.0,70141.60165492787,21.010880000000007,0.0,0.0,0.0,1006084.5210898916,100000.0,5525469.930405789,7046240.380825719,6377172.426293615,7780000.0,253750000.0
4497.0,1.0,70162.61253492787,21.010880000000007,0.0,0.0,0.0,1006084.5210898916,100000.0,5525469.930405789,7046240.380825719,6377172.426293615,7780000.0,253750000.0
4498.0,1.0,70183.62341492788,21.010880000000007,0.0,0.0,0.0,1006084.5210898916,100000.0,5525469.930405789,7046240.380825719,6377172.426293615,7780000.0,253750000.0
4499.0,1.0,70204.63429492788,21.010880000000007,0.0,0.0,0.0,1006084.5210898916,100000.0,5525469.930405789,7046240.380825719,6377172.426293615,7780000.0,253750000.0
4500.0,1.0,70225.64517492788,21.010880000000007,0.0,0.0,0.0,1006084.5210898916,100000.0,5525469.930405789,7046240.380825719,6377172.426293615,7780000.0,253750000.0
4501.0,1.0,70246.65605492788,21.010880000000007,0.0,0.0,0.0,1006084.5210898916,100000.0,5525469.930405789,7046240.380825719,6377172.426293615,7780000.0,253750000.0
4502.0,1.0,70267.66693492788,21.010880000000007,0.0,0.0,0.0,1006084.5210898916,100000.0,5525469.930405789,7046240.380825719,6377172.426293615,7780000.0,253750000.0
4503.0,1.0,70288.67781492788,21.010880000000007,0.0,0.0,0.0,1006084.5210898916,100000.0,5525469.930405789,7046240.380825719,6377172.426293615,7780000.0,253750000.0
4504.0,1.0,70309.68869492789,21.010880000000007,0.0,0.0,0.0,1006084.5210898916,100000.0,5525469.930405789,7046240.380825719,6377172.426293615,7780000.0,253750000.0
4505.0,1.0,70330.69957492789,21.010880000000007,0.0,0.0,0.0,1006084.5210898916,100000.0,5525469.930405789,7046240.380825719,6377172.426293615,7780000.0,253750000.0
4506.0,1.0,70351.71045492789,21.010880000000007,0.0,0.0,0.0,1006084.5210898916,100000.0,5525469.930405789,7046240.380825719,6377172.426293615,7780000.0,253750000.0
4507.0,1.0,70372.72133492789,21.010880000000007,0.0,0.0,0.0,1006084.5210898916,100000.0,5525469.930405789,7046240.380825719,6377172.426293615,7780000.0,253750000.0
4508.0,1.0,70393.73221492789,21.010880000000007,0.0,0.0,0.0,1006084.5210898916,100000.0,5525469.930405789,7046240.380825719,6377172.426293615,7780000.0,253750000.0
4509.0,1.0,70414.7430949279,21.010880000000007,0.0,0.0,0.0,1006084.5210898916,100000.0,5525469.930405789,7046240.380825719,6377172.426293615,7780000.0,253750000.0
4510.0,1.0,70435.7539749279,21.010880000000007,0.0,0.0,0.0,1006084.5210898916,100000.0,5525469.930405789,7046240.380825719,6377172.426293615,7780000.0,253750000.0
4511.0,1.0,70456.7648549279,21.010880000000007,0.0,0.0,0.0,1006084.5210898916,100000.0,5525469.930405789,7046240.380825719,6377172.426293615,7780000.0,253750000.0
4512.0,1.0,70477.7757349279,21.010880000000007,0.0,0.0,0.0,1006084.5210898916,100000.0,5525469.930405789,7046240.380825719,6377172.426293615,7780000.0,253750000.0
4513.0,1.0,70498.7866149279,21.010880000000007,0.0,0.0,0.0,1006084.5210898916,100000.0,5525469.930405789,7046240.380825719,6377172.426293615,7780000.0,253750000.0
4514.0,1.0,70519.7974949279,21.010880000000007,0.0,0.0,0.0,1006084.5210898916,100000.0,5525469.930405789,7046240.380825719,6377172.426293615,7780000.0,253750000.0
4515.0,1.0,70540.8083749279,21.010880000000007,0.0,0.0,0.0,1006084.5210898916,100000.0,5525469.930405789,7046240.380825719,6377172.426293615,7780000.0,253750000.0
4516.0,1.0,70561.8192549279,21.010880000000007,0.0,0.0,0.0,1006084.5210898916,100000.0,5525469.930405789,7046240.380825719,6377172.426293615,7780000.0,253750000.0
4517.0,1.0,70582.8301349279,21.010880000000007,0.0,0.0,0.0,1006084.5210898916,100000.0,5525469.930405789,7046240.380825719,6377172.426293615,7780000.0,253750000.0
4518.0,1.0,70603.84101492791,21.010880000000007,0.0,0.0,0.0,1006084.5210898916,100000.0,5525469.930405789,7046240.380825719,6377172.426293615,7780000.0,253750000.0
4519.0,1.0,70624.85189492791,21.010880000000007,0.0,0.0,0.0,1006084.5210898916,100000.0,5525469.930405789,7046240.380825719,6377172.426293615,7780000.0,253750000.0
4520.0,1.0,70645.86277492791,21.010880000000007,0.0,0.0,0.0,1006084.5210898916,100000.0,5525469.930405789,7046240.380825719,6377172.426293615,7780000.0,253750000.0
4521.0,1.0,70666.87365492791,21.010880000000007,0.0,0.0,0.0,1006084.5210898916,100000.0,5525469.930405789,7046240.380825719,6377172.426293615,7780000.0,253750000.0
4522.0,1.0,70687.88453492791,21.010880000000007,0.0,0.0,0.0,1006084.5210898916,100000.0,5525469.930405789,7046240.380825719,6377172.426293615,7780000.0,253750000.0
4523.0,1.0,70708.89541492792,21.010880000000007,0.0,0.0,0.0,1006084.5210898916,100000.0,5525469.930405789,7046240.380825719,6377172.426293615,7780000.0,253750000.0
4524.0,1.0,70729.90629492792,21.010880000000007,0.0,0.0,0.0,1006084.5210898916,100000.0,5525469.930405789,7046240.380825719,6377172.426293615,7780000.0,253750000.0
4525.0,1.0,70750.91717492792,21.010880000000007,0.0,0.0,0.0,1006084.5210898916,100000.0,5525469.930405789,7046240.380825719,6377172.426293615,7780000.0,253750000.0
4526.0,1.0,70771.92805492792,21.010880000000007,0.0,0.0,0.0,1006084.5210898916,100000.0,5525469.930405789,7046240.380825719,6377172.426293615,7780000.0,253750000.0
4527.0,1.0,70792.93893492792,21.010880000000007,0.0,0.0,0.0,1006084.5210898916,100000.0,5525469.930405789,7046240.380825719,6377172.426293615,7780000.0,253750000.0
4528.0,1.0,70813.94981492792,21.010880000000007,0.0,0.0,0.0,1006084.5210898916,100000.0,5525469.930405789,7046240.380825719,6377172.426293615,7780000.0,253750000.0
4529.0,1.0,70834.96069492793,21.010880000000007,0.0,0.0,0.0,1006084.5210898916,100000.0,5525469.930405789,7046240.380825719,6377172.426293615,7780000.0,253750000.0
4530.0,1.0,70855.97157492793,21.010880000000007,0.0,0.0,0.0,1006084.5210898916,100000.0,5525469.930405789,7046240.380825719,6377172.426293615,7780000.0,253750000.0
4531.0,1.0,70876.98245492793,21.010880000000007,0.0,0.0,0.0,1006084.5210898916,100000.0,5525469.930405789,7046240.380825719,6377172.426293615,7780000.0,253750000.0
4532.0,1.0,70897.99333492793,21.010880000000007,0.0,0.0,0.0,1006084.5210898916,100000.0,5525469.930405789,7046240.380825719,6377172.426293615,7780000.0,253750000.0
4533.0,1.0,70919.00421492793,21.010880000000007,0.0,0.0,0.0,1006084.5210898916,100000.0,5525469.930405789,7046240.380825719,6377172.426293615,7780000.0,253750000.0
4534.0,1.0,70940.01509492793,21.010880000000007,0.0,0.0,0.0,1006084.5210898916,100000.0,5525469.930405789,7046240.380825719,6377172.426293615,7780000.0,253750000.0
4535.0,1.0,70961.02597492794,21.010880000000007,0.0,0.0,0.0,1006084.5210898916,100000.0,5525469.930405789,7046240.380825719,6377172.426293615,7780000.0,253750000.0
4536.0,1.0,70982.03685492794,21.010880000000007,0.0,0.0,0.0,1006084.5210898916,100000.0,5525469.930405789,7046240.380825719,6377172.426293615,7780000.0,253750000.0
4537.0,1.0,71003.04773492794,21.010880000000007,0.0,0.0,0.0,1006084.5210898916,100000.0,5525469.930405789,7046240.380825719,6377172.426293615,7780000.0,253750000.0
4538.0,1.0,71024.05861492794,21.010880000000007,0.0,0.0,0.0,1006084.5210898916,100000.0,5525469.930405789,7046240.380825719,6377172.426293615,7780000.0,253750000.0
4539.0,1.0,71045.06949492794,21.010880000000007,0.0,0.0,0.0,1006084.5210898916,100000.0,5525469.930405789,7046240.380825719,6377172.426293615,7780000.0,253750000.0
4540.0,1.0,71066.08037492794,21.010880000000007,0.0,0.0,0.0,1006084.5210898916,100000.0,5525469.930405789,7046240.380825719,6377172.426293615,7780000.0,253750000.0
4541.0,1.0,71087.09125492795,21.010880000000007,0.0,0.0,0.0,1006084.5210898916,100000.0,5525469.930405789,7046240.380825719,6377172.426293615,7780000.0,253750000.0
4542.0,1.0,71108.10213492795,21.010880000000007,0.0,0.0,0.0,1006084.5210898916,100000.0,5525469.930405789,7046240.380825719,6377172.426293615,7780000.0,253750000.0
4543.0,1.0,71129.11301492795,21.010880000000007,0.0,0.0,0.0,1006084.5210898916,100000.0,5525469.930405789,7046240.380825719,6377172.426293615,7780000.0,253750000.0
4544.0,1.0,71150.12389492795,21.010880000000007,0.0,0.0,0.0,1006084.5210898916,100000.0,5525469.930405789,7046240.380825719,6377172.426293615,7780000.0,253750000.0
4545.0,1.0,71171.13477492795,21.010880000000007,0.0,0.0,0.0,1006084.5210898916,100000.0,5525469.930405789,7046240.380825719,6377172.426293615,7780000.0,253750000.0
4546.0,1.0,71192.14565492795,21.010880000000007,0.0,0.0,0.0,1006084.5210898916,100000.0,5525469.930405789,7046240.380825719,6377172.426293615,7780000.0,253750000.0
4547.0,1.0,71213.15653492796,21.010880000000007,0.0,0.0,0.0,1006084.5210898916,100000.0,5525469.930405789,7046240.380825719,6377172.426293615,7780000.0,253750000.0
4548.0,1.0,71234.16741492796,21.010880000000007,0.0,0.0,0.0,1006084.5210898916,100000.0,5525469.930405789,7046240.380825719,6377172.426293615,7780000.0,253750000.0
4549.0,1.0,71255.17829492796,21.010880000000007,0.0,0.0,0.0,1006084.5210898916,100000.0,5525469.930405789,7046240.380825719,6377172.426293615,7780000.0,253750000.0
4550.0,1.0,71276.18917492796,21.010880000000007,0.0,0.0,0.0,1006084.5210898916,100000.0,5525469.930405789,7046240.380825719,6377172.426293615,7780000.0,253750000.0
4551.0,1.0,71297.20005492796,21.010880000000007,0.0,0.0,0.0,1006084.5210898916,100000.0,5525469.930405789,7046240.380825719,6377172.426293615,7780000.0,253750000.0
4552.0,1.0,71318.21093492796,21.010880000000007,0.0,0.0,0.0,1006084.5210898916,100000.0,5525469.930405789,7046240.380825719,6377172.426293615,7780000.0,253750000.0
4553.0,1.0,71339.22181492797,21.010880000000007,0.0,0.0,0.0,1006084.5210898916,100000.0,5525469.930405789,7046240.380825719,6377172.426293615,7780000.0,253750000.0
4554.0,1.0,71360.23269492797,21.010880000000007,0.0,0.0,0.0,1006084.5210898916,100000.0,5525469.930405789,7046240.380825719,6377172.426293615,7780000.0,253750000.0
4555.0,1.0,71381.24357492797,21.010880000000007,0.0,0.0,0.0,1006084.5210898916,100000.0,5525469.930405789,7046240.380825719,6377172.426293615,7780000.0,253750000.0
4556.0,1.0,71402.25445492797,21.010880000000007,0.0,0.0,0.0,1006084.5210898916,100000.0,5525469.930405789,7046240.380825719,6377172.426293615,7780000.0,253750000.0
4557.0,1.0,71423.26533492797,21.010880000000007,0.0,0.0,0.0,1006084.5210898916,100000.0,5525469.930405789,7046240.380825719,6377172.426293615,7780000.0,253750000.0
4558.0,1.0,71444.27621492797,21.010880000000007,0.0,0.0,0.0,1006084.5210898916,100000.0,5525469.930405789,7046240.380825719,6377172.426293615,7780000.0,253750000.0
4559.0,1.0,71465.28709492797,21.010880000000007,0.0,0.0,0.0,1006084.5210898916,100000.0,5525469.930405789,7046240.380825719,6377172.426293615,7780000.0,253750000.0
4560.0,1.0,71486.29797492798,21.010880000000007,0.0,0.0,0.0,1006084.5210898916,100000.0,5525469.930405789,7046240.380825719,6377172.426293615,7780000.0,253750000.0
4561.0,1.0,71507.30885492798,21.010880000000007,0.0,0.0,0.0,1006084.5210898916,100000.0,5525469.930405789,7046240.380825719,6377172.426293615,7780000.0,253750000.0
4562.0,1.0,71528.31973492798,21.010880000000007,0.0,0.0,0.0,1006084.5210898916,100000.0,5525469.930405789,7046240.380825719,6377172.426293615,7780000.0,253750000.0
4563.0,1.0,71549.33061492798,21.010880000000007,0.0,0.0,0.0,1006084.5210898916,100000.0,5525469.930405789,7046240.380825719,6377172.426293615,7780000.0,253750000.0
4564.0,1.0,71570.34149492798,21.010880000000007,0.0,0.0,0.0,1006084.5210898916,100000.0,5525469.930405789,7046240.380825719,6377172.426293615,7780000.0,253750000.0
4565.0,1.0,71591.35237492798,21.010880000000007,0.0,0.0,0.0,1006084.5210898916,100000.0,5525469.930405789,7046240.380825719,6377172.426293615,7780000.0,253750000.0
4566.0,1.0,71612.36325492799,21.010880000000007,0.0,0.0,0.0,1006084.5210898916,100000.0,5525469.930405789,7046240.380825719,6377172.426293615,7780000.0,253750000.0
4567.0,1.0,71633.37413492799,21.010880000000007,0.0,0.0,0.0,1006084.5210898916,100000.0,5525469.930405789,7046240.380825719,6377172.426293615,7780000.0,253750000.0
4568.0,1.0,71654.38501492799,21.010880000000007,0.0,0.0,0.0,1006084.5210898916,100000.0,5525469.930405789,7046240.380825719,6377172.426293615,7780000.0,253750000.0
4569.0,1.0,71675.39589492799,21.010880000000007,0.0,0.0,0.0,1006084.5210898916,100000.0,5525469.930405789,7046240.380825719,6377172.426293615,7780000.0,253750000.0
4570.0,1.0,71696.406774928,21.010880000000007,0.0,0.0,0.0,1006084.5210898916,100000.0,5525469.930405789,7046240.380825719,6377172.426293615,7780000.0,253750000.0
4571.0,1.0,71717.417654928,21.010880000000007,0.0,0.0,0.0,1006084.5210898916,100000.0,5525469.930405789,7046240.380825719,6377172.426293615,7780000.0,253750000.0
4572.0,1.0,71738.428534928,21.010880000000007,0.0,0.0,0.0,1006084.5210898916,100000.0,5525469.930405789,7046240.380825719,6377172.426293615,7780000.0,253750000.0
4573.0,1.0,71759.439414928,21.010880000000007,0.0,0.0,0.0,1006084.5210898916,100000.0,5525469.930405789,7046240.380825719,6377172.426293615,7780000.0,253750000.0
4574.0,1.0,71780.450294928,21.010880000000007,0.0,0.0,0.0,1006084.5210898916,100000.0,5525469.930405789,7046240.380825719,6377172.426293615,7780000.0,253750000.0
4575.0,1.0,71801.461174928,21.010880000000007,0.0,0.0,0.0,1006084.5210898916,100000.0,5525469.930405789,7046240.380825719,6377172.426293615,7780000.0,253750000.0
4576.0,1.0,71822.472054928,21.010880000000007,0.0,0.0,0.0,1006084.5210898916,100000.0,5525469.930405789,7046240.380825719,6377172.426293615,7780000.0,253750000.0
4577.0,1.0,71843.482934928,21.010880000000007,0.0,0.0,0.0,1006084.5210898916,100000.0,5525469.930405789,7046240.380825719,6377172.426293615,7780000.0,253750000.0
4578.0,1.0,71864.493814928,21.010880000000007,0.0,0.0,0.0,1006084.5210898916,100000.0,5525469.930405789,7046240.380825719,6377172.426293615,7780000.0,253750000.0
4579.0,1.0,71885.50469492801,21.010880000000007,0.0,0.0,0.0,1006084.5210898916,100000.0,5525469.930405789,7046240.380825719,6377172.426293615,7780000.0,253750000.0
4580.0,1.0,71906.51557492801,21.010880000000007,0.0,0.0,0.0,1006084.5210898916,100000.0,5525469.930405789,7046240.380825719,6377172.426293615,7780000.0,253750000.0
4581.0,1.0,71927.52645492801,21.010880000000007,0.0,0.0,0.0,1006084.5210898916,100000.0,5525469.930405789,7046240.380825719,6377172.426293615,7780000.0,253750000.0
4582.0,1.0,71948.53733492801,21.010880000000007,0.0,0.0,0.0,1006084.5210898916,100000.0,5525469.930405789,7046240.380825719,6377172.426293615,7780000.0,253750000.0
4583.0,1.0,71969.54821492801,21.010880000000007,0.0,0.0,0.0,1006084.5210898916,100000.0,5525469.930405789,7046240.380825719,6377172.426293615,7780000.0,253750000.0
4584.0,1.0,71990.55909492802,21.010880000000007,0.0,0.0,0.0,1006084.5210898916,100000.0,5525469.930405789,7046240.380825719,6377172.426293615,7780000.0,253750000.0
4585.0,1.0,72011.56997492802,21.010880000000007,0.0,0.0,0.0,1006084.5210898916,100000.0,5525469.930405789,7046240.380825719,6377172.426293615,7780000.0,253750000.0
4586.0,1.0,72032.58085492802,21.010880000000007,0.0,0.0,0.0,1006084.5210898916,100000.0,5525469.930405789,7046240.380825719,6377172.426293615,7780000.0,253750000.0
4587.0,1.0,72053.59173492802,21.010880000000007,0.0,0.0,0.0,1006084.5210898916,100000.0,5525469.930405789,7046240.380825719,6377172.426293615,7780000.0,253750000.0
4588.0,1.0,72074.60261492802,21.010880000000007,0.0,0.0,0.0,1006084.5210898916,100000.0,5525469.930405789,7046240.380825719,6377172.426293615,7780000.0,253750000.0
4589.0,1.0,72095.61349492802,21.010880000000007,0.0,0.0,0.0,1006084.5210898916,100000.0,5525469.930405789,7046240.380825719,6377172.426293615,7780000.0,253750000.0
4590.0,1.0,72116.62437492803,21.010880000000007,0.0,0.0,0.0,1006084.5210898916,100000.0,5525469.930405789,7046240.380825719,6377172.426293615,7780000.0,253750000.0
4591.0,1.0,72137.63525492803,21.010880000000007,0.0,0.0,0.0,1006084.5210898916,100000.0,5525469.930405789,7046240.380825719,6377172.426293615,7780000.0,253750000.0
4592.0,1.0,72158.64613492803,21.010880000000007,0.0,0.0,0.0,1006084.5210898916,100000.0,5525469.930405789,7046240.380825719,6377172.426293615,7780000.0,253750000.0
4593.0,1.0,72179.65701492803,21.010880000000007,0.0,0.0,0.0,1006084.5210898916,100000.0,5525469.930405789,7046240.380825719,6377172.426293615,7780000.0,253750000.0
4594.0,1.0,72200.66789492803,21.010880000000007,0.0,0.0,0.0,1006084.5210898916,100000.0,5525469.930405789,7046240.380825719,6377172.426293615,7780000.0,253750000.0
4595.0,1.0,72221.67877492803,21.010880000000007,0.0,0.0,0.0,1006084.5210898916,100000.0,5525469.930405789,7046240.380825719,6377172.426293615,7780000.0,253750000.0
4596.0,1.0,72242.68965492804,21.010880000000007,0.0,0.0,0.0,1006084.5210898916,100000.0,5525469.930405789,7046240.380825719,6377172.426293615,7780000.0,253750000.0
4597.0,1.0,72263.70053492804,21.010880000000007,0.0,0.0,0.0,1006084.5210898916,100000.0,5525469.930405789,7046240.380825719,6377172.426293615,7780000.0,253750000.0
4598.0,1.0,72284.71141492804,21.010880000000007,0.0,0.0,0.0,1006084.5210898916,100000.0,5525469.930405789,7046240.380825719,6377172.426293615,7780000.0,253750000.0
4599.0,1.0,72305.72229492804,21.010880000000007,0.0,0.0,0.0,1006084.5210898916,100000.0,5525469.930405789,7046240.380825719,6377172.426293615,7780000.0,253750000.0
4600.0,1.0,72326.73317492804,21.010880000000007,0.0,0.0,0.0,1006084.5210898916,100000.0,5525469.930405789,7046240.380825719,6377172.426293615,7780000.0,253750000.0
4601.0,1.0,72347.74405492804,21.010880000000007,0.0,0.0,0.0,1006084.5210898916,100000.0,5525469.930405789,7046240.380825719,6377172.426293615,7780000.0,253750000.0
4602.0,1.0,72368.75493492805,21.010880000000007,0.0,0.0,0.0,1006084.5210898916,100000.0,5525469.930405789,7046240.380825719,6377172.426293615,7780000.0,253750000.0
4603.0,1.0,72389.76581492805,21.010880000000007,0.0,0.0,0.0,1006084.5210898916,100000.0,5525469.930405789,7046240.380825719,6377172.426293615,7780000.0,253750000.0
4604.0,1.0,72410.77669492805,21.010880000000007,0.0,0.0,0.0,1006084.5210898916,100000.0,5525469.930405789,7046240.380825719,6377172.426293615,7780000.0,253750000.0
4605.0,1.0,72431.78757492805,21.010880000000007,0.0,0.0,0.0,1006084.5210898916,100000.0,5525469.930405789,7046240.380825719,6377172.426293615,7780000.0,253750000.0
4606.0,1.0,72452.79845492805,21.010880000000007,0.0,0.0,0.0,1006084.5210898916,100000.0,5525469.930405789,7046240.380825719,6377172.426293615,7780000.0,253750000.0
4607.0,1.0,72473.80933492805,21.010880000000007,0.0,0.0,0.0,1006084.5210898916,100000.0,5525469.930405789,7046240.380825719,6377172.426293615,7780000.0,253750000.0
4608.0,1.0,72494.82021492806,21.010880000000007,0.0,0.0,0.0,1006084.5210898916,100000.0,5525469.930405789,7046240.380825719,6377172.426293615,7780000.0,253750000.0
4609.0,1.0,72515.83109492806,21.010880000000007,0.0,0.0,0.0,1006084.5210898916,100000.0,5525469.930405789,7046240.380825719,6377172.426293615,7780000.0,253750000.0
4610.0,1.0,72536.84197492806,21.010880000000007,0.0,0.0,0.0,1006084.5210898916,100000.0,5525469.930405789,7046240.380825719,6377172.426293615,7780000.0,253750000.0
4611.0,1.0,72557.85285492806,21.010880000000007,0.0,0.0,0.0,1006084.5210898916,100000.0,5525469.930405789,7046240.380825719,6377172.426293615,7780000.0,253750000.0
4612.0,1.0,72578.86373492806,21.010880000000007,0.0,0.0,0.0,1006084.5210898916,100000.0,5525469.930405789,7046240.380825719,6377172.426293615,7780000.0,253750000.0
4613.0,1.0,72599.87461492806,21.010880000000007,0.0,0.0,0.0,1006084.5210898916,100000.0,5525469.930405789,7046240.380825719,6377172.426293615,7780000.0,253750000.0
4614.0,1.0,72620.88549492806,21.010880000000007,0.0,0.0,0.0,1006084.5210898916,100000.0,5525469.930405789,7046240.380825719,6377172.426293615,7780000.0,253750000.0
4615.0,1.0,72641.89637492807,21.010880000000007,0.0,0.0,0.0,1006084.5210898916,100000.0,5525469.930405789,7046240.380825719,6377172.426293615,7780000.0,253750000.0
4616.0,1.0,72662.90725492807,21.010880000000007,0.0,0.0,0.0,1006084.5210898916,100000.0,5525469.930405789,7046240.380825719,6377172.426293615,7780000.0,253750000.0
4617.0,1.0,72683.91813492807,21.010880000000007,0.0,0.0,0.0,1006084.5210898916,100000.0,5525469.930405789,7046240.380825719,6377172.426293615,7780000.0,253750000.0
4618.0,1.0,72704.92901492807,21.010880000000007,0.0,0.0,0.0,1006084.5210898916,100000.0,5525469.930405789,7046240.380825719,6377172.426293615,7780000.0,253750000.0
4619.0,1.0,72725.93989492807,21.010880000000007,0.0,0.0,0.0,1006084.5210898916,100000.0,5525469.930405789,7046240.380825719,6377172.426293615,7780000.0,253750000.0
4620.0,1.0,72746.95077492807,21.010880000000007,0.0,0.0,0.0,1006084.5210898916,100000.0,5525469.930405789,7046240.380825719,6377172.426293615,7780000.0,253750000.0
4621.0,1.0,72767.96165492808,21.010880000000007,0.0,0.0,0.0,1006084.5210898916,100000.0,5525469.930405789,7046240.380825719,6377172.426293615,7780000.0,253750000.0
4622.0,1.0,72788.97253492808,21.010880000000007,0.0,0.0,0.0,1006084.5210898916,100000.0,5525469.930405789,7046240.380825719,6377172.426293615,7780000.0,253750000.0
4623.0,1.0,72809.98341492808,21.010880000000007,0.0,0.0,0.0,1006084.5210898916,100000.0,5525469.930405789,7046240.380825719,6377172.426293615,7780000.0,253750000.0
4624.0,1.0,72830.99429492808,21.010880000000007,0.0,0.0,0.0,1006084.5210898916,100000.0,5525469.930405789,7046240.380825719,6377172.426293615,7780000.0,253750000.0
4625.0,1.0,72852.00517492808,21.010880000000007,0.0,0.0,0.0,1006084.5210898916,100000.0,5525469.930405789,7046240.380825719,6377172.426293615,7780000.0,253750000.0
4626.0,1.0,72873.01605492808,21.010880000000007,0.0,0.0,0.0,1006084.5210898916,100000.0,5525469.930405789,7046240.380825719,6377172.426293615,7780000.0,253750000.0
4627.0,1.0,72894.02693492809,21.010880000000007,0.0,0.0,0.0,1006084.5210898916,100000.0,5525469.930405789,7046240.380825719,6377172.426293615,7780000.0,253750000.0
4628.0,1.0,72915.03781492809,21.010880000000007,0.0,0.0,0.0,1006084.5210898916,100000.0,5525469.930405789,7046240.380825719,6377172.426293615,7780000.0,253750000.0
4629.0,1.0,72936.04869492809,21.010880000000007,0.0,0.0,0.0,1006084.5210898916,100000.0,5525469.930405789,7046240.380825719,6377172.426293615,7780000.0,253750000.0
4630.0,1.0,72957.05957492809,21.010880000000007,0.0,0.0,0.0,1006084.5210898916,100000.0,5525469.930405789,7046240.380825719,6377172.426293615,7780000.0,253750000.0
4631.0,1.0,72978.07045492809,21.010880000000007,0.0,0.0,0.0,1006084.5210898916,100000.0,5525469.930405789,7046240.380825719,6377172.426293615,7780000.0,253750000.0
4632.0,1.0,72999.0813349281,21.010880000000007,0.0,0.0,0.0,1006084.5210898916,100000.0,5525469.930405789,7046240.380825719,6377172.426293615,7780000.0,253750000.0
4633.0,1.0,73020.0922149281,21.010880000000007,0.0,0.0,0.0,1006084.5210898916,100000.0,5525469.930405789,7046240.380825719,6377172.426293615,7780000.0,253750000.0
4634.0,1.0,73041.1030949281,21.010880000000007,0.0,0.0,0.0,1006084.5210898916,100000.0,5525469.930405789,7046240.380825719,6377172.426293615,7780000.0,253750000.0
4635.0,1.0,73062.1139749281,21.010880000000007,0.0,0.0,0.0,1006084.5210898916,100000.0,5525469.930405789,7046240.380825719,6377172.426293615,7780000.0,253750000.0
4636.0,1.0,73083.1248549281,21.010880000000007,0.0,0.0,0.0,1006084.5210898916,100000.0,5525469.930405789,7046240.380825719,6377172.426293615,7780000.0,253750000.0
4637.0,1.0,73104.1357349281,21.010880000000007,0.0,0.0,0.0,1006084.5210898916,100000.0,5525469.930405789,7046240.380825719,6377172.426293615,7780000.0,253750000.0
4638.0,1.0,73125.1466149281,21.010880000000007,0.0,0.0,0.0,1006084.5210898916,100000.0,5525469.930405789,7046240.380825719,6377172.426293615,7780000.0,253750000.0
4639.0,1.0,73146.1574949281,21.010880000000007,0.0,0.0,0.0,1006084.5210898916,100000.0,5525469.930405789,7046240.380825719,6377172.426293615,7780000.0,253750000.0
4640.0,1.0,73167.16837492811,21.010880000000007,0.0,0.0,0.0,1006084.5210898916,100000.0,5525469.930405789,7046240.380825719,6377172.426293615,7780000.0,253750000.0
4641.0,1.0,73188.17925492811,21.010880000000007,0.0,0.0,0.0,1006084.5210898916,100000.0,5525469.930405789,7046240.380825719,6377172.426293615,7780000.0,253750000.0
4642.0,1.0,73209.19013492811,21.010880000000007,0.0,0.0,0.0,1006084.5210898916,100000.0,5525469.930405789,7046240.380825719,6377172.426293615,7780000.0,253750000.0
4643.0,1.0,73230.20101492811,21.010880000000007,0.0,0.0,0.0,1006084.5210898916,100000.0,5525469.930405789,7046240.380825719,6377172.426293615,7780000.0,253750000.0
4644.0,1.0,73251.21189492811,21.010880000000007,0.0,0.0,0.0,1006084.5210898916,100000.0,5525469.930405789,7046240.380825719,6377172.426293615,7780000.0,253750000.0
4645.0,1.0,73272.22277492812,21.010880000000007,0.0,0.0,0.0,1006084.5210898916,100000.0,5525469.930405789,7046240.380825719,6377172.426293615,7780000.0,253750000.0
4646.0,1.0,73293.23365492812,21.010880000000007,0.0,0.0,0.0,1006084.5210898916,100000.0,5525469.930405789,7046240.380825719,6377172.426293615,7780000.0,253750000.0
4647.0,1.0,73314.24453492812,21.010880000000007,0.0,0.0,0.0,1006084.5210898916,100000.0,5525469.930405789,7046240.380825719,6377172.426293615,7780000.0,253750000.0
4648.0,1.0,73335.25541492812,21.010880000000007,0.0,0.0,0.0,1006084.5210898916,100000.0,5525469.930405789,7046240.380825719,6377172.426293615,7780000.0,253750000.0
4649.0,1.0,73356.26629492812,21.010880000000007,0.0,0.0,0.0,1006084.5210898916,100000.0,5525469.930405789,7046240.380825719,6377172.426293615,7780000.0,253750000.0
4650.0,1.0,73377.27717492812,21.010880000000007,0.0,0.0,0.0,1006084.5210898916,100000.0,5525469.930405789,7046240.380825719,6377172.426293615,7780000.0,253750000.0
4651.0,1.0,73398.28805492813,21.010880000000007,0.0,0.0,0.0,1006084.5210898916,100000.0,5525469.930405789,7046240.380825719,6377172.426293615,7780000.0,253750000.0
4652.0,1.0,73419.29893492813,21.010880000000007,0.0,0.0,0.0,1006084.5210898916,100000.0,5525469.930405789,7046240.380825719,6377172.426293615,7780000.0,253750000.0
4653.0,1.0,73440.30981492813,21.010880000000007,0.0,0.0,0.0,1006084.5210898916,100000.0,5525469.930405789,7046240.380825719,6377172.426293615,7780000.0,253750000.0
4654.0,1.0,73461.32069492813,21.010880000000007,0.0,0.0,0.0,1006084.5210898916,100000.0,5525469.930405789,7046240.380825719,6377172.426293615,7780000.0,253750000.0
4655.0,1.0,73482.33157492813,21.010880000000007,0.0,0.0,0.0,1006084.5210898916,100000.0,5525469.930405789,7046240.380825719,6377172.426293615,7780000.0,253750000.0
4656.0,1.0,73503.34245492813,21.010880000000007,0.0,0.0,0.0,1006084.5210898916,100000.0,5525469.930405789,7046240.380825719,6377172.426293615,7780000.0,253750000.0
4657.0,1.0,73524.35333492814,21.010880000000007,0.0,0.0,0.0,1006084.5210898916,100000.0,5525469.930405789,7046240.380825719,6377172.426293615,7780000.0,253750000.0
4658.0,1.0,73545.36421492814,21.010880000000007,0.0,0.0,0.0,1006084.5210898916,100000.0,5525469.930405789,7046240.380825719,6377172.426293615,7780000.0,253750000.0
4659.0,1.0,73566.37509492814,21.010880000000007,0.0,0.0,0.0,1006084.5210898916,100000.0,5525469.930405789,7046240.380825719,6377172.426293615,7780000.0,253750000.0
4660.0,1.0,73587.38597492814,21.010880000000007,0.0,0.0,0.0,1006084.5210898916,100000.0,5525469.930405789,7046240.380825719,6377172.426293615,7780000.0,253750000.0
4661.0,1.0,73608.39685492814,21.010880000000007,0.0,0.0,0.0,1006084.5210898916,100000.0,5525469.930405789,7046240.380825719,6377172.426293615,7780000.0,253750000.0
4662.0,1.0,73629.40773492814,21.010880000000007,0.0,0.0,0.0,1006084.5210898916,100000.0,5525469.930405789,7046240.380825719,6377172.426293615,7780000.0,253750000.0
4663.0,1.0,73650.41861492814,21.010880000000007,0.0,0.0,0.0,1006084.5210898916,100000.0,5525469.930405789,7046240.380825719,6377172.426293615,7780000.0,253750000.0
4664.0,1.0,73671.42949492815,21.010880000000007,0.0,0.0,0.0,1006084.5210898916,100000.0,5525469.930405789,7046240.380825719,6377172.426293615,7780000.0,253750000.0
4665.0,1.0,73692.44037492815,21.010880000000007,0.0,0.0,0.0,1006084.5210898916,100000.0,5525469.930405789,7046240.380825719,6377172.426293615,7780000.0,253750000.0
4666.0,1.0,73713.45125492815,21.010880000000007,0.0,0.0,0.0,1006084.5210898916,100000.0,5525469.930405789,7046240.380825719,6377172.426293615,7780000.0,253750000.0
4667.0,1.0,73734.46213492815,21.010880000000007,0.0,0.0,0.0,1006084.5210898916,100000.0,5525469.930405789,7046240.380825719,6377172.426293615,7780000.0,253750000.0
4668.0,1.0,73755.47301492815,21.010880000000007,0.0,0.0,0.0,1006084.5210898916,100000.0,5525469.930405789,7046240.380825719,6377172.426293615,7780000.0,253750000.0
4669.0,1.0,73776.48389492815,21.010880000000007,0.0,0.0,0.0,1006084.5210898916,100000.0,5525469.930405789,7046240.380825719,6377172.426293615,7780000.0,253750000.0
4670.0,1.0,73797.49477492816,21.010880000000007,0.0,0.0,0.0,1006084.5210898916,100000.0,5525469.930405789,7046240.380825719,6377172.426293615,7780000.0,253750000.0
4671.0,1.0,73818.50565492816,21.010880000000007,0.0,0.0,0.0,1006084.5210898916,100000.0,5525469.930405789,7046240.380825719,6377172.426293615,7780000.0,253750000.0
4672.0,1.0,73839.51653492816,21.010880000000007,0.0,0.0,0.0,1006084.5210898916,100000.0,5525469.930405789,7046240.380825719,6377172.426293615,7780000.0,253750000.0
4673.0,1.0,73860.52741492816,21.010880000000007,0.0,0.0,0.0,1006084.5210898916,100000.0,5525469.930405789,7046240.380825719,6377172.426293615,7780000.0,253750000.0
4674.0,1.0,73881.53829492816,21.010880000000007,0.0,0.0,0.0,1006084.5210898916,100000.0,5525469.930405789,7046240.380825719,6377172.426293615,7780000.0,253750000.0
4675.0,1.0,73902.54917492816,21.010880000000007,0.0,0.0,0.0,1006084.5210898916,100000.0,5525469.930405789,7046240.380825719,6377172.426293615,7780000.0,253750000.0
4676.0,1.0,73923.56005492817,21.010880000000007,0.0,0.0,0.0,1006084.5210898916,100000.0,5525469.930405789,7046240.380825719,6377172.426293615,7780000.0,253750000.0
4677.0,1.0,73944.57093492817,21.010880000000007,0.0,0.0,0.0,1006084.5210898916,100000.0,5525469.930405789,7046240.380825719,6377172.426293615,7780000.0,253750000.0
4678.0,1.0,73965.58181492817,21.010880000000007,0.0,0.0,0.0,1006084.5210898916,100000.0,5525469.930405789,7046240.380825719,6377172.426293615,7780000.0,253750000.0
4679.0,1.0,73986.59269492817,21.010880000000007,0.0,0.0,0.0,1006084.5210898916,100000.0,5525469.930405789,7046240.380825719,6377172.426293615,7780000.0,253750000.0
4680.0,1.0,74007.60357492817,21.010880000000007,0.0,0.0,0.0,1006084.5210898916,100000.0,5525469.930405789,7046240.380825719,6377172.426293615,7780000.0,253750000.0
4681.0,1.0,74028.61445492817,21.010880000000007,0.0,0.0,0.0,1006084.5210898916,100000.0,5525469.930405789,7046240.380825719,6377172.426293615,7780000.0,253750000.0
4682.0,1.0,74049.62533492818,21.010880000000007,0.0,0.0,0.0,1006084.5210898916,100000.0,5525469.930405789,7046240.380825719,6377172.426293615,7780000.0,253750000.0
4683.0,1.0,74070.63621492818,21.010880000000007,0.0,0.0,0.0,1006084.5210898916,100000.0,5525469.930405789,7046240.380825719,6377172.426293615,7780000.0,253750000.0
4684.0,1.0,74091.64709492818,21.010880000000007,0.0,0.0,0.0,1006084.5210898916,100000.0,5525469.930405789,7046240.380825719,6377172.426293615,7780000.0,253750000.0
4685.0,1.0,74112.65797492818,21.010880000000007,0.0,0.0,0.0,1006084.5210898916,100000.0,5525469.930405789,7046240.380825719,6377172.426293615,7780000.0,253750000.0
4686.0,1.0,74133.66885492818,21.010880000000007,0.0,0.0,0.0,1006084.5210898916,100000.0,5525469.930405789,7046240.380825719,6377172.426293615,7780000.0,253750000.0
4687.0,1.0,74154.67973492818,21.010880000000007,0.0,0.0,0.0,1006084.5210898916,100000.0,5525469.930405789,7046240.380825719,6377172.426293615,7780000.0,253750000.0
4688.0,1.0,74175.69061492819,21.010880000000007,0.0,0.0,0.0,1006084.5210898916,100000.0,5525469.930405789,7046240.380825719,6377172.426293615,7780000.0,253750000.0
4689.0,1.0,74196.70149492819,21.010880000000007,0.0,0.0,0.0,1006084.5210898916,100000.0,5525469.930405789,7046240.380825719,6377172.426293615,7780000.0,253750000.0
4690.0,1.0,74217.71237492819,21.010880000000007,0.0,0.0,0.0,1006084.5210898916,100000.0,5525469.930405789,7046240.380825719,6377172.426293615,7780000.0,253750000.0
4691.0,1.0,74238.72325492819,21.010880000000007,0.0,0.0,0.0,1006084.5210898916,100000.0,5525469.930405789,7046240.380825719,6377172.426293615,7780000.0,253750000.0
4692.0,1.0,74259.73413492819,21.010880000000007,0.0,0.0,0.0,1006084.5210898916,100000.0,5525469.930405789,7046240.380825719,6377172.426293615,7780000.0,253750000.0
4693.0,1.0,74280.7450149282,21.010880000000007,0.0,0.0,0.0,1006084.5210898916,100000.0,5525469.930405789,7046240.380825719,6377172.426293615,7780000.0,253750000.0
4694.0,1.0,74301.7558949282,21.010880000000007,0.0,0.0,0.0,1006084.5210898916,100000.0,5525469.930405789,7046240.380825719,6377172.426293615,7780000.0,253750000.0
4695.0,1.0,74322.7667749282,21.010880000000007,0.0,0.0,0.0,1006084.5210898916,100000.0,5525469.930405789,7046240.380825719,6377172.426293615,7780000.0,253750000.0
4696.0,1.0,74343.7776549282,21.010880000000007,0.0,0.0,0.0,1006084.5210898916,100000.0,5525469.930405789,7046240.380825719,6377172.426293615,7780000.0,253750000.0
4697.0,1.0,74364.7885349282,21.010880000000007,0.0,0.0,0.0,1006084.5210898916,100000.0,5525469.930405789,7046240.380825719,6377172.426293615,7780000.0,253750000.0
4698.0,1.0,74385.7994149282,21.010880000000007,0.0,0.0,0.0,1006084.5210898916,100000.0,5525469.930405789,7046240.380825719,6377172.426293615,7780000.0,253750000.0
4699.0,1.0,74406.8102949282,21.010880000000007,0.0,0.0,0.0,1006084.5210898916,100000.0,5525469.930405789,7046240.380825719,6377172.426293615,7780000.0,253750000.0
4700.0,1.0,74427.8211749282,21.010880000000007,0.0,0.0,0.0,1006084.5210898916,100000.0,5525469.930405789,7046240.380825719,6377172.426293615,7780000.0,253750000.0
4701.0,1.0,74448.8320549282,21.010880000000007,0.0,0.0,0.0,1006084.5210898916,100000.0,5525469.930405789,7046240.380825719,6377172.426293615,7780000.0,253750000.0
4702.0,1.0,74469.84293492821,21.010880000000007,0.0,0.0,0.0,1006084.5210898916,100000.0,5525469.930405789,7046240.380825719,6377172.426293615,7780000.0,253750000.0
4703.0,1.0,74490.85381492821,21.010880000000007,0.0,0.0,0.0,1006084.5210898916,100000.0,5525469.930405789,7046240.380825719,6377172.426293615,7780000.0,253750000.0
4704.0,1.0,74511.86469492821,21.010880000000007,0.0,0.0,0.0,1006084.5210898916,100000.0,5525469.930405789,7046240.380825719,6377172.426293615,7780000.0,253750000.0
4705.0,1.0,74532.87557492821,21.010880000000007,0.0,0.0,0.0,1006084.5210898916,100000.0,5525469.930405789,7046240.380825719,6377172.426293615,7780000.0,253750000.0
4706.0,1.0,74553.88645492822,21.010880000000007,0.0,0.0,0.0,1006084.5210898916,100000.0,5525469.930405789,7046240.380825719,6377172.426293615,7780000.0,253750000.0
4707.0,1.0,74574.89733492822,21.010880000000007,0.0,0.0,0.0,1006084.5210898916,100000.0,5525469.930405789,7046240.380825719,6377172.426293615,7780000.0,253750000.0
4708.0,1.0,74595.90821492822,21.010880000000007,0.0,0.0,0.0,1006084.5210898916,100000.0,5525469.930405789,7046240.380825719,6377172.426293615,7780000.0,253750000.0
4709.0,1.0,74616.91909492822,21.010880000000007,0.0,0.0,0.0,1006084.5210898916,100000.0,5525469.930405789,7046240.380825719,6377172.426293615,7780000.0,253750000.0
4710.0,1.0,74637.92997492822,21.010880000000007,0.0,0.0,0.0,1006084.5210898916,100000.0,5525469.930405789,7046240.380825719,6377172.426293615,7780000.0,253750000.0
4711.0,1.0,74658.94085492822,21.010880000000007,0.0,0.0,0.0,1006084.5210898916,100000.0,5525469.930405789,7046240.380825719,6377172.426293615,7780000.0,253750000.0
4712.0,1.0,74679.95173492823,21.010880000000007,0.0,0.0,0.0,1006084.5210898916,100000.0,5525469.930405789,7046240.380825719,6377172.426293615,7780000.0,253750000.0
4713.0,1.0,74700.96261492823,21.010880000000007,0.0,0.0,0.0,1006084.5210898916,100000.0,5525469.930405789,7046240.380825719,6377172.426293615,7780000.0,253750000.0
4714.0,1.0,74721.97349492823,21.010880000000007,0.0,0.0,0.0,1006084.5210898916,100000.0,5525469.930405789,7046240.380825719,6377172.426293615,7780000.0,253750000.0
4715.0,1.0,74742.98437492823,21.010880000000007,0.0,0.0,0.0,1006084.5210898916,100000.0,5525469.930405789,7046240.380825719,6377172.426293615,7780000.0,253750000.0
4716.0,1.0,74763.99525492823,21.010880000000007,0.0,0.0,0.0,1006084.5210898916,100000.0,5525469.930405789,7046240.380825719,6377172.426293615,7780000.0,253750000.0
4717.0,1.0,74785.00613492823,21.010880000000007,0.0,0.0,0.0,1006084.5210898916,100000.0,5525469.930405789,7046240.380825719,6377172.426293615,7780000.0,253750000.0
4718.0,1.0,74806.01701492823,21.010880000000007,0.0,0.0,0.0,1006084.5210898916,100000.0,5525469.930405789,7046240.380825719,6377172.426293615,7780000.0,253750000.0
4719.0,1.0,74827.02789492824,21.010880000000007,0.0,0.0,0.0,1006084.5210898916,100000.0,5525469.930405789,7046240.380825719,6377172.426293615,7780000.0,253750000.0
4720.0,1.0,74848.03877492824,21.010880000000007,0.0,0.0,0.0,1006084.5210898916,100000.0,5525469.930405789,7046240.380825719,6377172.426293615,7780000.0,253750000.0
4721.0,1.0,74869.04965492824,21.010880000000007,0.0,0.0,0.0,1006084.5210898916,100000.0,5525469.930405789,7046240.380825719,6377172.426293615,7780000.0,253750000.0
4722.0,1.0,74890.06053492824,21.010880000000007,0.0,0.0,0.0,1006084.5210898916,100000.0,5525469.930405789,7046240.380825719,6377172.426293615,7780000.0,253750000.0
4723.0,1.0,74911.07141492824,21.010880000000007,0.0,0.0,0.0,1006084.5210898916,100000.0,5525469.930405789,7046240.380825719,6377172.426293615,7780000.0,253750000.0
4724.0,1.0,74932.08229492824,21.010880000000007,0.0,0.0,0.0,1006084.5210898916,100000.0,5525469.930405789,7046240.380825719,6377172.426293615,7780000.0,253750000.0
4725.0,1.0,74953.09317492825,21.010880000000007,0.0,0.0,0.0,1006084.5210898916,100000.0,5525469.930405789,7046240.380825719,6377172.426293615,7780000.0,253750000.0
4726.0,1.0,74974.10405492825,21.010880000000007,0.0,0.0,0.0,1006084.5210898916,100000.0,5525469.930405789,7046240.380825719,6377172.426293615,7780000.0,253750000.0
4727.0,1.0,74995.11493492825,21.010880000000007,0.0,0.0,0.0,1006084.5210898916,100000.0,5525469.930405789,7046240.380825719,6377172.426293615,7780000.0,253750000.0
4728.0,1.0,75016.12581492825,21.010880000000007,0.0,0.0,0.0,1006084.5210898916,100000.0,5525469.930405789,7046240.380825719,6377172.426293615,7780000.0,253750000.0
4729.0,1.0,75037.13669492825,21.010880000000007,0.0,0.0,0.0,1006084.5210898916,100000.0,5525469.930405789,7046240.380825719,6377172.426293615,7780000.0,253750000.0
4730.0,1.0,75058.14757492825,21.010880000000007,0.0,0.0,0.0,1006084.5210898916,100000.0,5525469.930405789,7046240.380825719,6377172.426293615,7780000.0,253750000.0
4731.0,1.0,75079.15845492826,21.010880000000007,0.0,0.0,0.0,1006084.5210898916,100000.0,5525469.930405789,7046240.380825719,6377172.426293615,7780000.0,253750000.0
4732.0,1.0,75100.16933492826,21.010880000000007,0.0,0.0,0.0,1006084.5210898916,100000.0,5525469.930405789,7046240.380825719,6377172.426293615,7780000.0,253750000.0
4733.0,1.0,75121.18021492826,21.010880000000007,0.0,0.0,0.0,1006084.5210898916,100000.0,5525469.930405789,7046240.380825719,6377172.426293615,7780000.0,253750000.0
4734.0,1.0,75142.19109492826,21.010880000000007,0.0,0.0,0.0,1006084.5210898916,100000.0,5525469.930405789,7046240.380825719,6377172.426293615,7780000.0,253750000.0
4735.0,1.0,75163.20197492826,21.010880000000007,0.0,0.0,0.0,1006084.5210898916,100000.0,5525469.930405789,7046240.380825719,6377172.426293615,7780000.0,253750000.0
4736.0,1.0,75184.21285492826,21.010880000000007,0.0,0.0,0.0,1006084.5210898916,100000.0,5525469.930405789,7046240.380825719,6377172.426293615,7780000.0,253750000.0
4737.0,1.0,75205.22373492827,21.010880000000007,0.0,0.0,0.0,1006084.5210898916,100000.0,5525469.930405789,7046240.380825719,6377172.426293615,7780000.0,253750000.0
4738.0,1.0,75226.23461492827,21.010880000000007,0.0,0.0,0.0,1006084.5210898916,100000.0,5525469.930405789,7046240.380825719,6377172.426293615,7780000.0,253750000.0
4739.0,1.0,75247.24549492827,21.010880000000007,0.0,0.0,0.0,1006084.5210898916,100000.0,5525469.930405789,7046240.380825719,6377172.426293615,7780000.0,253750000.0
4740.0,1.0,75268.25637492827,21.010880000000007,0.0,0.0,0.0,1006084.5210898916,100000.0,5525469.930405789,7046240.380825719,6377172.426293615,7780000.0,253750000.0
4741.0,1.0,75289.26725492827,21.010880000000007,0.0,0.0,0.0,1006084.5210898916,100000.0,5525469.930405789,7046240.380825719,6377172.426293615,7780000.0,253750000.0
4742.0,1.0,75310.27813492827,21.010880000000007,0.0,0.0,0.0,1006084.5210898916,100000.0,5525469.930405789,7046240.380825719,6377172.426293615,7780000.0,253750000.0
4743.0,1.0,75331.28901492828,21.010880000000007,0.0,0.0,0.0,1006084.5210898916,100000.0,5525469.930405789,7046240.380825719,6377172.426293615,7780000.0,253750000.0
4744.0,1.0,75352.29989492828,21.010880000000007,0.0,0.0,0.0,1006084.5210898916,100000.0,5525469.930405789,7046240.380825719,6377172.426293615,7780000.0,253750000.0
4745.0,1.0,75373.31077492828,21.010880000000007,0.0,0.0,0.0,1006084.5210898916,100000.0,5525469.930405789,7046240.380825719,6377172.426293615,7780000.0,253750000.0
4746.0,1.0,75394.32165492828,21.010880000000007,0.0,0.0,0.0,1006084.5210898916,100000.0,5525469.930405789,7046240.380825719,6377172.426293615,7780000.0,253750000.0
4747.0,1.0,75415.33253492828,21.010880000000007,0.0,0.0,0.0,1006084.5210898916,100000.0,5525469.930405789,7046240.380825719,6377172.426293615,7780000.0,253750000.0
4748.0,1.0,75436.34341492828,21.010880000000007,0.0,0.0,0.0,1006084.5210898916,100000.0,5525469.930405789,7046240.380825719,6377172.426293615,7780000.0,253750000.0
4749.0,1.0,75457.35429492829,21.010880000000007,0.0,0.0,0.0,1006084.5210898916,100000.0,5525469.930405789,7046240.380825719,6377172.426293615,7780000.0,253750000.0
4750.0,1.0,75478.36517492829,21.010880000000007,0.0,0.0,0.0,1006084.5210898916,100000.0,5525469.930405789,7046240.380825719,6377172.426293615,7780000.0,253750000.0
4751.0,1.0,75499.37605492829,21.010880000000007,0.0,0.0,0.0,1006084.5210898916,100000.0,5525469.930405789,7046240.380825719,6377172.426293615,7780000.0,253750000.0
4752.0,1.0,75520.38693492829,21.010880000000007,0.0,0.0,0.0,1006084.5210898916,100000.0,5525469.930405789,7046240.380825719,6377172.426293615,7780000.0,253750000.0
4753.0,1.0,75541.39781492829,21.010880000000007,0.0,0.0,0.0,1006084.5210898916,100000.0,5525469.930405789,7046240.380825719,6377172.426293615,7780000.0,253750000.0
4754.0,1.0,75562.4086949283,21.010880000000007,0.0,0.0,0.0,1006084.5210898916,100000.0,5525469.930405789,7046240.380825719,6377172.426293615,7780000.0,253750000.0
4755.0,1.0,75583.4195749283,21.010880000000007,0.0,0.0,0.0,1006084.5210898916,100000.0,5525469.930405789,7046240.380825719,6377172.426293615,7780000.0,253750000.0
4756.0,1.0,75604.4304549283,21.010880000000007,0.0,0.0,0.0,1006084.5210898916,100000.0,5525469.930405789,7046240.380825719,6377172.426293615,7780000.0,253750000.0
4757.0,1.0,75625.4413349283,21.010880000000007,0.0,0.0,0.0,1006084.5210898916,100000.0,5525469.930405789,7046240.380825719,6377172.426293615,7780000.0,253750000.0
4758.0,1.0,75646.4522149283,21.010880000000007,0.0,0.0,0.0,1006084.5210898916,100000.0,5525469.930405789,7046240.380825719,6377172.426293615,7780000.0,253750000.0
4759.0,1.0,75667.4630949283,21.010880000000007,0.0,0.0,0.0,1006084.5210898916,100000.0,5525469.930405789,7046240.380825719,6377172.426293615,7780000.0,253750000.0
4760.0,1.0,75688.4739749283,21.010880000000007,0.0,0.0,0.0,1006084.5210898916,100000.0,5525469.930405789,7046240.380825719,6377172.426293615,7780000.0,253750000.0
4761.0,1.0,75709.4848549283,21.010880000000007,0.0,0.0,0.0,1006084.5210898916,100000.0,5525469.930405789,7046240.380825719,6377172.426293615,7780000.0,253750000.0
4762.0,1.0,75730.4957349283,21.010880000000007,0.0,0.0,0.0,1006084.5210898916,100000.0,5525469.930405789,7046240.380825719,6377172.426293615,7780000.0,253750000.0
4763.0,1.0,75751.50661492831,21.010880000000007,0.0,0.0,0.0,1006084.5210898916,100000.0,5525469.930405789,7046240.380825719,6377172.426293615,7780000.0,253750000.0
4764.0,1.0,75772.51749492831,21.010880000000007,0.0,0.0,0.0,1006084.5210898916,100000.0,5525469.930405789,7046240.380825719,6377172.426293615,7780000.0,253750000.0
4765.0,1.0,75793.52837492831,21.010880000000007,0.0,0.0,0.0,1006084.5210898916,100000.0,5525469.930405789,7046240.380825719,6377172.426293615,7780000.0,253750000.0
4766.0,1.0,75814.53925492831,21.010880000000007,0.0,0.0,0.0,1006084.5210898916,100000.0,5525469.930405789,7046240.380825719,6377172.426293615,7780000.0,253750000.0
4767.0,1.0,75835.55013492831,21.010880000000007,0.0,0.0,0.0,1006084.5210898916,100000.0,5525469.930405789,7046240.380825719,6377172.426293615,7780000.0,253750000.0
4768.0,1.0,75856.56101492832,21.010880000000007,0.0,0.0,0.0,1006084.5210898916,100000.0,5525469.930405789,7046240.380825719,6377172.426293615,7780000.0,253750000.0
4769.0,1.0,75877.57189492832,21.010880000000007,0.0,0.0,0.0,1006084.5210898916,100000.0,5525469.930405789,7046240.380825719,6377172.426293615,7780000.0,253750000.0
4770.0,1.0,75898.58277492832,21.010880000000007,0.0,0.0,0.0,1006084.5210898916,100000.0,5525469.930405789,7046240.380825719,6377172.426293615,7780000.0,253750000.0
4771.0,1.0,75919.59365492832,21.010880000000007,0.0,0.0,0.0,1006084.5210898916,100000.0,5525469.930405789,7046240.380825719,6377172.426293615,7780000.0,253750000.0
4772.0,1.0,75940.60453492832,21.010880000000007,0.0,0.0,0.0,1006084.5210898916,100000.0,5525469.930405789,7046240.380825719,6377172.426293615,7780000.0,253750000.0
4773.0,1.0,75961.61541492832,21.010880000000007,0.0,0.0,0.0,1006084.5210898916,100000.0,5525469.930405789,7046240.380825719,6377172.426293615,7780000.0,253750000.0
4774.0,1.0,75982.62629492833,21.010880000000007,0.0,0.0,0.0,1006084.5210898916,100000.0,5525469.930405789,7046240.380825719,6377172.426293615,7780000.0,253750000.0
4775.0,1.0,76003.63717492833,21.010880000000007,0.0,0.0,0.0,1006084.5210898916,100000.0,5525469.930405789,7046240.380825719,6377172.426293615,7780000.0,253750000.0
4776.0,1.0,76024.64805492833,21.010880000000007,0.0,0.0,0.0,1006084.5210898916,100000.0,5525469.930405789,7046240.380825719,6377172.426293615,7780000.0,253750000.0
4777.0,1.0,76045.65893492833,21.010880000000007,0.0,0.0,0.0,1006084.5210898916,100000.0,5525469.930405789,7046240.380825719,6377172.426293615,7780000.0,253750000.0
4778.0,1.0,76066.66981492833,21.010880000000007,0.0,0.0,0.0,1006084.5210898916,100000.0,5525469.930405789,7046240.380825719,6377172.426293615,7780000.0,253750000.0
4779.0,1.0,76087.68069492833,21.010880000000007,0.0,0.0,0.0,1006084.5210898916,100000.0,5525469.930405789,7046240.380825719,6377172.426293615,7780000.0,253750000.0
4780.0,1.0,76108.69157492834,21.010880000000007,0.0,0.0,0.0,1006084.5210898916,100000.0,5525469.930405789,7046240.380825719,6377172.426293615,7780000.0,253750000.0
4781.0,1.0,76129.70245492834,21.010880000000007,0.0,0.0,0.0,1006084.5210898916,100000.0,5525469.930405789,7046240.380825719,6377172.426293615,7780000.0,253750000.0
4782.0,1.0,76150.71333492834,21.010880000000007,0.0,0.0,0.0,1006084.5210898916,100000.0,5525469.930405789,7046240.380825719,6377172.426293615,7780000.0,253750000.0
4783.0,1.0,76171.72421492834,21.010880000000007,0.0,0.0,0.0,1006084.5210898916,100000.0,5525469.930405789,7046240.380825719,6377172.426293615,7780000.0,253750000.0
4784.0,1.0,76192.73509492834,21.010880000000007,0.0,0.0,0.0,1006084.5210898916,100000.0,5525469.930405789,7046240.380825719,6377172.426293615,7780000.0,253750000.0
4785.0,1.0,76213.74597492834,21.010880000000007,0.0,0.0,0.0,1006084.5210898916,100000.0,5525469.930405789,7046240.380825719,6377172.426293615,7780000.0,253750000.0
4786.0,1.0,76234.75685492835,21.010880000000007,0.0,0.0,0.0,1006084.5210898916,100000.0,5525469.930405789,7046240.380825719,6377172.426293615,7780000.0,253750000.0
4787.0,1.0,76255.76773492835,21.010880000000007,0.0,0.0,0.0,1006084.5210898916,100000.0,5525469.930405789,7046240.380825719,6377172.426293615,7780000.0,253750000.0
4788.0,1.0,76276.77861492835,21.010880000000007,0.0,0.0,0.0,1006084.5210898916,100000.0,5525469.930405789,7046240.380825719,6377172.426293615,7780000.0,253750000.0
4789.0,1.0,76297.78949492835,21.010880000000007,0.0,0.0,0.0,1006084.5210898916,100000.0,5525469.930405789,7046240.380825719,6377172.426293615,7780000.0,253750000.0
4790.0,1.0,76318.80037492835,21.010880000000007,0.0,0.0,0.0,1006084.5210898916,100000.0,5525469.930405789,7046240.380825719,6377172.426293615,7780000.0,253750000.0
4791.0,1.0,76339.81125492835,21.010880000000007,0.0,0.0,0.0,1006084.5210898916,100000.0,5525469.930405789,7046240.380825719,6377172.426293615,7780000.0,253750000.0
4792.0,1.0,76360.82213492836,21.010880000000007,0.0,0.0,0.0,1006084.5210898916,100000.0,5525469.930405789,7046240.380825719,6377172.426293615,7780000.0,253750000.0
4793.0,1.0,76381.83301492836,21.010880000000007,0.0,0.0,0.0,1006084.5210898916,100000.0,5525469.930405789,7046240.380825719,6377172.426293615,7780000.0,253750000.0
4794.0,1.0,76402.84389492836,21.010880000000007,0.0,0.0,0.0,1006084.5210898916,100000.0,5525469.930405789,7046240.380825719,6377172.426293615,7780000.0,253750000.0
4795.0,1.0,76423.85477492836,21.010880000000007,0.0,0.0,0.0,1006084.5210898916,100000.0,5525469.930405789,7046240.380825719,6377172.426293615,7780000.0,253750000.0
4796.0,1.0,76444.86565492836,21.010880000000007,0.0,0.0,0.0,1006084.5210898916,100000.0,5525469.930405789,7046240.380825719,6377172.426293615,7780000.0,253750000.0
4797.0,1.0,76465.87653492836,21.010880000000007,0.0,0.0,0.0,1006084.5210898916,100000.0,5525469.930405789,7046240.380825719,6377172.426293615,7780000.0,253750000.0
4798.0,1.0,76486.88741492837,21.010880000000007,0.0,0.0,0.0,1006084.5210898916,100000.0,5525469.930405789,7046240.380825719,6377172.426293615,7780000.0,253750000.0
4799.0,1.0,76507.89829492837,21.010880000000007,0.0,0.0,0.0,1006084.5210898916,100000.0,5525469.930405789,7046240.380825719,6377172.426293615,7780000.0,253750000.0
4800.0,1.0,76528.90917492837,21.010880000000007,0.0,0.0,0.0,1006084.5210898916,100000.0,5525469.930405789,7046240.380825719,6377172.426293615,7780000.0,253750000.0
4801.0,1.0,76549.92005492837,21.010880000000007,0.0,0.0,0.0,1006084.5210898916,100000.0,5525469.930405789,7046240.380825719,6377172.426293615,7780000.0,253750000.0
4802.0,1.0,76570.93093492837,21.010880000000007,0.0,0.0,0.0,1006084.5210898916,100000.0,5525469.930405789,7046240.380825719,6377172.426293615,7780000.0,253750000.0
4803.0,1.0,76591.94181492837,21.010880000000007,0.0,0.0,0.0,1006084.5210898916,100000.0,5525469.930405789,7046240.380825719,6377172.426293615,7780000.0,253750000.0
4804.0,1.0,76612.95269492838,21.010880000000007,0.0,0.0,0.0,1006084.5210898916,100000.0,5525469.930405789,7046240.380825719,6377172.426293615,7780000.0,253750000.0
4805.0,1.0,76633.96357492838,21.010880000000007,0.0,0.0,0.0,1006084.5210898916,100000.0,5525469.930405789,7046240.380825719,6377172.426293615,7780000.0,253750000.0
4806.0,1.0,76654.97445492838,21.010880000000007,0.0,0.0,0.0,1006084.5210898916,100000.0,5525469.930405789,7046240.380825719,6377172.426293615,7780000.0,253750000.0
4807.0,1.0,76675.98533492838,21.010880000000007,0.0,0.0,0.0,1006084.5210898916,100000.0,5525469.930405789,7046240.380825719,6377172.426293615,7780000.0,253750000.0
4808.0,1.0,76696.99621492838,21.010880000000007,0.0,0.0,0.0,1006084.5210898916,100000.0,5525469.930405789,7046240.380825719,6377172.426293615,7780000.0,253750000.0
4809.0,1.0,76718.00709492838,21.010880000000007,0.0,0.0,0.0,1006084.5210898916,100000.0,5525469.930405789,7046240.380825719,6377172.426293615,7780000.0,253750000.0
4810.0,1.0,76739.01797492839,21.010880000000007,0.0,0.0,0.0,1006084.5210898916,100000.0,5525469.930405789,7046240.380825719,6377172.426293615,7780000.0,253750000.0
4811.0,1.0,76760.02885492839,21.010880000000007,0.0,0.0,0.0,1006084.5210898916,100000.0,5525469.930405789,7046240.380825719,6377172.426293615,7780000.0,253750000.0
4812.0,1.0,76781.03973492839,21.010880000000007,0.0,0.0,0.0,1006084.5210898916,100000.0,5525469.930405789,7046240.380825719,6377172.426293615,7780000.0,253750000.0
4813.0,1.0,76802.05061492839,21.010880000000007,0.0,0.0,0.0,1006084.5210898916,100000.0,5525469.930405789,7046240.380825719,6377172.426293615,7780000.0,253750000.0
4814.0,1.0,76823.06149492839,21.010880000000007,0.0,0.0,0.0,1006084.5210898916,100000.0,5525469.930405789,7046240.380825719,6377172.426293615,7780000.0,253750000.0
4815.0,1.0,76844.0723749284,21.010880000000007,0.0,0.0,0.0,1006084.5210898916,100000.0,5525469.930405789,7046240.380825719,6377172.426293615,7780000.0,253750000.0
4816.0,1.0,76865.0832549284,21.010880000000007,0.0,0.0,0.0,1006084.5210898916,100000.0,5525469.930405789,7046240.380825719,6377172.426293615,7780000.0,253750000.0
4817.0,1.0,76886.0941349284,21.010880000000007,0.0,0.0,0.0,1006084.5210898916,100000.0,5525469.930405789,7046240.380825719,6377172.426293615,7780000.0,253750000.0
4818.0,1.0,76907.1050149284,21.010880000000007,0.0,0.0,0.0,1006084.5210898916,100000.0,5525469.930405789,7046240.380825719,6377172.426293615,7780000.0,253750000.0
4819.0,1.0,76928.1158949284,21.010880000000007,0.0,0.0,0.0,1006084.5210898916,100000.0,5525469.930405789,7046240.380825719,6377172.426293615,7780000.0,253750000.0
4820.0,1.0,76949.1267749284,21.010880000000007,0.0,0.0,0.0,1006084.5210898916,100000.0,5525469.930405789,7046240.380825719,6377172.426293615,7780000.0,253750000.0
4821.0,1.0,76970.1376549284,21.010880000000007,0.0,0.0,0.0,1006084.5210898916,100000.0,5525469.930405789,7046240.380825719,6377172.426293615,7780000.0,253750000.0
4822.0,1.0,76991.1485349284,21.010880000000007,0.0,0.0,0.0,1006084.5210898916,100000.0,5525469.930405789,7046240.380825719,6377172.426293615,7780000.0,253750000.0
4823.0,1.0,77012.1594149284,21.010880000000007,0.0,0.0,0.0,1006084.5210898916,100000.0,5525469.930405789,7046240.380825719,6377172.426293615,7780000.0,253750000.0
4824.0,1.0,77033.17029492841,21.010880000000007,0.0,0.0,0.0,1006084.5210898916,100000.0,5525469.930405789,7046240.380825719,6377172.426293615,7780000.0,253750000.0
4825.0,1.0,77054.18117492841,21.010880000000007,0.0,0.0,0.0,1006084.5210898916,100000.0,5525469.930405789,7046240.380825719,6377172.426293615,7780000.0,253750000.0
4826.0,1.0,77075.19205492841,21.010880000000007,0.0,0.0,0.0,1006084.5210898916,100000.0,5525469.930405789,7046240.380825719,6377172.426293615,7780000.0,253750000.0
4827.0,1.0,77096.20293492841,21.010880000000007,0.0,0.0,0.0,1006084.5210898916,100000.0,5525469.930405789,7046240.380825719,6377172.426293615,7780000.0,253750000.0
4828.0,1.0,77117.21381492841,21.010880000000007,0.0,0.0,0.0,1006084.5210898916,100000.0,5525469.930405789,7046240.380825719,6377172.426293615,7780000.0,253750000.0
4829.0,1.0,77138.22469492842,21.010880000000007,0.0,0.0,0.0,1006084.5210898916,100000.0,5525469.930405789,7046240.380825719,6377172.426293615,7780000.0,253750000.0
4830.0,1.0,77159.23557492842,21.010880000000007,0.0,0.0,0.0,1006084.5210898916,100000.0,5525469.930405789,7046240.380825719,6377172.426293615,7780000.0,253750000.0
4831.0,1.0,77180.24645492842,21.010880000000007,0.0,0.0,0.0,1006084.5210898916,100000.0,5525469.930405789,7046240.380825719,6377172.426293615,7780000.0,253750000.0
4832.0,1.0,77201.25733492842,21.010880000000007,0.0,0.0,0.0,1006084.5210898916,100000.0,5525469.930405789,7046240.380825719,6377172.426293615,7780000.0,253750000.0
4833.0,1.0,77222.26821492842,21.010880000000007,0.0,0.0,0.0,1006084.5210898916,100000.0,5525469.930405789,7046240.380825719,6377172.426293615,7780000.0,253750000.0
4834.0,1.0,77243.27909492842,21.010880000000007,0.0,0.0,0.0,1006084.5210898916,100000.0,5525469.930405789,7046240.380825719,6377172.426293615,7780000.0,253750000.0
4835.0,1.0,77264.28997492843,21.010880000000007,0.0,0.0,0.0,1006084.5210898916,100000.0,5525469.930405789,7046240.380825719,6377172.426293615,7780000.0,253750000.0
4836.0,1.0,77285.30085492843,21.010880000000007,0.0,0.0,0.0,1006084.5210898916,100000.0,5525469.930405789,7046240.380825719,6377172.426293615,7780000.0,253750000.0
4837.0,1.0,77306.31173492843,21.010880000000007,0.0,0.0,0.0,1006084.5210898916,100000.0,5525469.930405789,7046240.380825719,6377172.426293615,7780000.0,253750000.0
4838.0,1.0,77327.32261492843,21.010880000000007,0.0,0.0,0.0,1006084.5210898916,100000.0,5525469.930405789,7046240.380825719,6377172.426293615,7780000.0,253750000.0
4839.0,1.0,77348.33349492843,21.010880000000007,0.0,0.0,0.0,1006084.5210898916,100000.0,5525469.930405789,7046240.380825719,6377172.426293615,7780000.0,253750000.0
4840.0,1.0,77369.34437492843,21.010880000000007,0.0,0.0,0.0,1006084.5210898916,100000.0,5525469.930405789,7046240.380825719,6377172.426293615,7780000.0,253750000.0
4841.0,1.0,77390.35525492844,21.010880000000007,0.0,0.0,0.0,1006084.5210898916,100000.0,5525469.930405789,7046240.380825719,6377172.426293615,7780000.0,253750000.0
4842.0,1.0,77411.36613492844,21.010880000000007,0.0,0.0,0.0,1006084.5210898916,100000.0,5525469.930405789,7046240.380825719,6377172.426293615,7780000.0,253750000.0
4843.0,1.0,77432.37701492844,21.010880000000007,0.0,0.0,0.0,1006084.5210898916,100000.0,5525469.930405789,7046240.380825719,6377172.426293615,7780000.0,253750000.0
4844.0,1.0,77453.38789492844,21.010880000000007,0.0,0.0,0.0,1006084.5210898916,100000.0,5525469.930405789,7046240.380825719,6377172.426293615,7780000.0,253750000.0
4845.0,1.0,77474.39877492844,21.010880000000007,0.0,0.0,0.0,1006084.5210898916,100000.0,5525469.930405789,7046240.380825719,6377172.426293615,7780000.0,253750000.0
4846.0,1.0,77495.40965492844,21.010880000000007,0.0,0.0,0.0,1006084.5210898916,100000.0,5525469.930405789,7046240.380825719,6377172.426293615,7780000.0,253750000.0
4847.0,1.0,77516.42053492845,21.010880000000007,0.0,0.0,0.0,1006084.5210898916,100000.0,5525469.930405789,7046240.380825719,6377172.426293615,7780000.0,253750000.0
4848.0,1.0,77537.43141492845,21.010880000000007,0.0,0.0,0.0,1006084.5210898916,100000.0,5525469.930405789,7046240.380825719,6377172.426293615,7780000.0,253750000.0
4849.0,1.0,77558.44229492845,21.010880000000007,0.0,0.0,0.0,1006084.5210898916,100000.0,5525469.930405789,7046240.380825719,6377172.426293615,7780000.0,253750000.0
4850.0,1.0,77579.45317492845,21.010880000000007,0.0,0.0,0.0,1006084.5210898916,100000.0,5525469.930405789,7046240.380825719,6377172.426293615,7780000.0,253750000.0
4851.0,1.0,77600.46405492845,21.010880000000007,0.0,0.0,0.0,1006084.5210898916,100000.0,5525469.930405789,7046240.380825719,6377172.426293615,7780000.0,253750000.0
4852.0,1.0,77621.47493492845,21.010880000000007,0.0,0.0,0.0,1006084.5210898916,100000.0,5525469.930405789,7046240.380825719,6377172.426293615,7780000.0,253750000.0
4853.0,1.0,77642.48581492846,21.010880000000007,0.0,0.0,0.0,1006084.5210898916,100000.0,5525469.930405789,7046240.380825719,6377172.426293615,7780000.0,253750000.0
4854.0,1.0,77663.49669492846,21.010880000000007,0.0,0.0,0.0,1006084.5210898916,100000.0,5525469.930405789,7046240.380825719,6377172.426293615,7780000.0,253750000.0
4855.0,1.0,77684.50757492846,21.010880000000007,0.0,0.0,0.0,1006084.5210898916,100000.0,5525469.930405789,7046240.380825719,6377172.426293615,7780000.0,253750000.0
