ReportDate,Subdivision,LineCode,TrackNumber,beg_mp,end_mp,length_ft,length_m,grade_to_next,speed,curvature_deg,curve_radius_m,road_grade_pct,speed_kph,cumulative_distance_m,elevation_m
2022-12-28,HENDERSON,00H,SG,250.36988636363637,250.37007575757576,0.9999999999990904,0.3047999999997227,-0.61,40,-4.0,1432.395,-0.61,64.3736,0.3047999999997227,0.0
2022-12-28,HENDERSON,00H,SG,250.38030303030305,250.3804924242424,0.9999999999990904,0.3047999999997227,-0.61,40,-4.0,1432.395,-0.61,64.3736,0.6095999999994454,-0.0018592799999983083
2022-12-28,HENDERSON,00H,SG,250.3933712121212,250.39356060606065,0.9999999999990904,0.3047999999997227,-0.61,41,-4.0,1432.395,-0.61,65.98294,0.9143999999991681,-0.0037185599999966165
2022-12-28,HENDERSON,00H,SG,250.36780303030304,250.36799242424243,0.9999999999990904,0.3047999999997227,-0.61,41,-4.0,1432.395,-0.61,65.98294,1.2191999999988907,-0.005577839999994925
2022-12-28,HENDERSON,00H,SG,250.3816287878788,250.38181818181815,0.9999999999990904,0.3047999999997227,-0.61,40,-4.0,1432.395,-0.61,64.3736,1.5239999999986134,-0.007437119999993233
2022-12-28,HENDERSON,00H,SG,250.36174242424244,250.36193181818183,0.9999999999990904,0.3047999999997227,-0.61,41,-3.7,1548.535135135135,-0.61,65.98294,1.828799999998336,-0.009296399999991541
2022-12-28,HENDERSON,00H,SG,250.3689393939394,250.3691287878788,0.9999999999990904,0.3047999999997227,-0.61,41,-4.0,1432.395,-0.61,65.98294,2.133599999998059,-0.01115567999998985
2022-12-28,HENDERSON,00H,SG,250.36231060606065,250.3625,0.9999999999990904,0.3047999999997227,-0.61,41,-3.7,1548.535135135135,-0.61,65.98294,2.4383999999977815,-0.013014959999988158
2022-12-28,HENDERSON,00H,SG,250.39526515151516,250.39545454545456,0.9999999999990904,0.3047999999997227,-0.61,41,-4.0,1432.395,-0.61,65.98294,2.743199999997504,-0.014874239999986466
2022-12-28,HENDERSON,00H,SG,250.36515151515152,250.36534090909092,0.9999999999990904,0.3047999999997227,-0.61,41,-3.9,1469.123076923077,-0.61,65.98294,3.0479999999972267,-0.016733519999984774
2022-12-28,HENDERSON,00H,SG,250.36534090909092,250.3655303030303,0.9999999999990904,0.3047999999997227,-0.61,41,-3.8,1507.7842105263157,-0.61,65.98294,3.3527999999969493,-0.018592799999983083
2022-12-28,HENDERSON,00H,SG,250.38541666666663,250.38560606060605,0.9999999999990904,0.3047999999997227,-0.61,40,-4.0,1432.395,-0.61,64.3736,3.657599999996672,-0.02045207999998139
2022-12-28,HENDERSON,00H,SG,250.3600378787879,250.3602272727273,0.9999999999990904,0.3047999999997227,-0.61,41,-3.6,1591.55,-0.61,65.98294,3.9623999999963946,-0.0223113599999797
2022-12-28,HENDERSON,00H,SG,250.3939393939394,250.3941287878788,0.9999999999990904,0.3047999999997227,-0.61,40,-4.1,1397.458536585366,-0.61,64.3736,4.267199999996118,-0.024170639999978007
2022-12-28,HENDERSON,00H,SG,250.36155303030304,250.36174242424244,0.9999999999990904,0.3047999999997227,-0.61,41,-3.8,1507.7842105263157,-0.61,65.98294,4.571999999995841,-0.026029919999976316
2022-12-28,HENDERSON,00H,SG,250.39204545454547,250.39242424242423,1.999999999998181,0.6095999999994455,-0.61,40,-4.0,1432.395,-0.61,64.3736,5.181599999995286,-0.027889199999974624
2022-12-28,HENDERSON,00H,SG,250.39545454545456,250.39583333333337,1.999999999998181,0.6095999999994455,-0.61,40,-4.1,1397.458536585366,-0.61,64.3736,5.791199999994731,-0.031607759999971244
2022-12-28,HENDERSON,00H,SG,250.39356060606065,250.3939393939394,1.999999999998181,0.6095999999994455,-0.61,41,-4.1,1397.458536585366,-0.61,65.98294,6.4007999999941765,-0.03532631999996786
2022-12-28,HENDERSON,00H,SG,250.3691287878788,250.3695075757576,1.999999999998181,0.6095999999994455,-0.61,41,-3.9,1469.123076923077,-0.61,65.98294,7.010399999993622,-0.03904487999996448
2022-12-28,HENDERSON,00H,SG,250.3695075757576,250.36988636363637,1.999999999998181,0.6095999999994455,-0.61,41,-4.0,1432.395,-0.61,65.98294,7.619999999993067,-0.04276343999996109
2022-12-28,HENDERSON,00H,SG,250.36193181818183,250.36231060606065,1.999999999998181,0.6095999999994455,-0.61,41,-3.8,1507.7842105263157,-0.61,65.98294,8.229599999992512,-0.04648199999995771
2022-12-28,HENDERSON,00H,SG,250.39242424242423,250.39280303030304,1.999999999998181,0.6095999999994455,-0.61,41,-4.0,1432.395,-0.61,65.98294,8.839199999991958,-0.050200559999954326
2022-12-28,HENDERSON,00H,SG,250.39867424242425,250.39924242424243,2.9999999999972715,0.9143999999991684,-0.61,40,-4.1,1397.458536585366,-0.61,64.3736,9.753599999991128,-0.05391911999995094
2022-12-28,HENDERSON,00H,SG,250.39280303030304,250.3933712121212,2.9999999999972715,0.9143999999991684,-0.61,41,-4.1,1397.458536585366,-0.61,65.98294,10.667999999990297,-0.05949695999994587
2022-12-28,HENDERSON,00H,SG,250.36799242424243,250.3689393939394,4.9999999999954525,1.523999999998614,-0.61,41,-3.9,1469.123076923077,-0.61,65.98294,12.19199999998891,-0.0650747999999408
2022-12-28,HENDERSON,00H,SG,250.3804924242424,250.3816287878788,5.999999999994543,1.8287999999983369,-0.61,41,-4.0,1432.395,-0.61,65.98294,14.020799999987247,-0.07437119999993234
2022-12-28,HENDERSON,00H,SG,250.3939393939394,250.39526515151516,6.9999999999936335,2.1335999999980597,-0.61,41,-4.1,1397.458536585366,-0.61,65.98294,16.15439999998531,-0.0855268799999222
2022-12-28,HENDERSON,00H,SG,250.3602272727273,250.36155303030304,6.9999999999936335,2.1335999999980597,-0.61,41,-3.7,1548.535135135135,-0.61,65.98294,18.28799999998337,-0.09854183999991037
2022-12-28,HENDERSON,00H,SG,250.3655303030303,250.36780303030304,11.999999999989086,3.6575999999966737,-0.61,41,-3.9,1469.123076923077,-0.61,65.98294,21.945599999980043,-0.11155679999989854
2022-12-28,HENDERSON,00H,SG,250.3625,250.36515151515152,13.999999999987269,4.267199999996119,-0.61,41,-3.8,1507.7842105263157,-0.61,65.98294,26.212799999976163,-0.13386815999987825
2022-12-28,HENDERSON,00H,SG,250.39583333333337,250.39867424242425,14.999999999986358,4.571999999995842,-0.61,41,-4.1,1397.458536585366,-0.61,65.98294,30.784799999972005,-0.1598980799998546
2022-12-28,HENDERSON,00H,SG,250.39924242424243,250.40227272727273,15.999999999985448,4.876799999995565,-0.61,41,-4.1,1397.458536585366,-0.61,65.98294,35.66159999996757,-0.18778727999982922
2022-12-28,HENDERSON,00H,SG,250.38181818181815,250.38541666666663,18.99999999998272,5.791199999994733,-0.61,41,-4.0,1432.395,-0.61,65.98294,41.4527999999623,-0.21753575999980215
2022-12-28,HENDERSON,00H,SG,250.38560606060605,250.39204545454547,34.000000000119144,10.363200000036317,-0.61,41,-4.0,1432.395,-0.61,65.98294,51.81599999999862,-0.25286207999977
2022-12-28,HENDERSON,00H,SG,250.40227272727273,250.41003787878788,40.99999999996271,12.496799999988635,-0.61,41,-4.0,1432.395,-0.61,65.98294,64.31279999998725,-0.3160775999999915
2022-12-28,HENDERSON,00H,SG,250.37007575757576,250.38030303030305,53.99999999995089,16.45919999998503,-0.61,41,-4.0,1432.395,-0.61,65.98294,80.77199999997228,-0.3923080799999222
2022-12-28,HENDERSON,00H,SG,250.6193181818182,250.6195075757576,0.9999999999990904,0.3047999999997227,-0.6,42,0.0,1000000.0,-0.6,67.59228,81.076799999972,-0.49270919999983087
2022-12-28,HENDERSON,00H,SG,249.53920454545457,249.53939393939393,0.9999999999990904,0.3047999999997227,-0.6,41,-0.8,7161.974999999999,-0.6,65.98294,81.38159999997171,-0.4945379999998292
2022-12-28,HENDERSON,00H,SG,249.7839015151515,249.7840909090909,0.9999999999990904,0.3047999999997227,-0.6,41,0.0,1000000.0,-0.6,65.98294,81.68639999997143,-0.4963667999998276
2022-12-28,HENDERSON,00H,SG,250.91685606060605,250.91704545454544,0.9999999999990904,0.3047999999997227,-0.6,41,0.0,1000000.0,-0.6,65.98294,81.99119999997114,-0.49819559999982593
2022-12-28,HENDERSON,00H,SG,251.57954545454547,251.5797348484849,0.9999999999990904,0.3047999999997227,-0.6,43,0.0,1000000.0,-0.6,69.20162,82.29599999997086,-0.5000243999998243
2022-12-28,HENDERSON,00H,SG,250.84261363636364,250.84280303030303,0.9999999999990904,0.3047999999997227,-0.6,41,0.0,1000000.0,-0.6,65.98294,82.60079999997058,-0.5018531999998226
2022-12-28,HENDERSON,00H,SG,250.8768939393939,250.87708333333333,0.9999999999990904,0.3047999999997227,-0.6,41,0.0,1000000.0,-0.6,65.98294,82.90559999997029,-0.5036819999998209
2022-12-28,HENDERSON,00H,SG,250.66003787878788,250.66022727272727,0.9999999999990904,0.3047999999997227,-0.6,42,0.0,1000000.0,-0.6,67.59228,83.21039999997001,-0.5055107999998192
2022-12-28,HENDERSON,00H,SG,250.64318181818183,250.6433712121212,0.9999999999990904,0.3047999999997227,-0.6,41,0.0,1000000.0,-0.6,65.98294,83.51519999996972,-0.5073395999998175
2022-12-28,HENDERSON,00H,SG,249.5606060606061,249.56079545454543,0.9999999999990904,0.3047999999997227,-0.6,41,-0.1,57295.799999999996,-0.6,65.98294,83.81999999996944,-0.5091683999998158
2022-12-28,HENDERSON,00H,SG,250.63958333333332,250.6397727272727,0.9999999999990904,0.3047999999997227,-0.6,42,0.0,1000000.0,-0.6,67.59228,84.12479999996916,-0.5109971999998141
2022-12-28,HENDERSON,00H,SG,251.60833333333332,251.6085227272727,0.9999999999990904,0.3047999999997227,-0.6,43,0.0,1000000.0,-0.6,69.20162,84.42959999996887,-0.5128259999998124
2022-12-28,HENDERSON,00H,SG,251.5903409090909,251.5905303030303,0.9999999999990904,0.3047999999997227,-0.6,43,0.0,1000000.0,-0.6,69.20162,84.73439999996859,-0.5146547999998107
2022-12-28,HENDERSON,00H,SG,249.53484848484848,249.53503787878788,0.9999999999990904,0.3047999999997227,-0.6,42,-0.9,6366.2,-0.6,67.59228,85.0391999999683,-0.516483599999809
2022-12-28,HENDERSON,00H,SG,250.83901515151516,250.83920454545455,0.9999999999990904,0.3047999999997227,-0.6,41,0.0,1000000.0,-0.6,65.98294,85.34399999996802,-0.5183123999998073
2022-12-28,HENDERSON,00H,SG,251.60303030303027,251.6032196969697,0.9999999999990904,0.3047999999997227,-0.6,43,0.0,1000000.0,-0.6,69.20162,85.64879999996774,-0.5201411999998056
2022-12-28,HENDERSON,00H,SG,249.53882575757575,249.53901515151512,0.9999999999990904,0.3047999999997227,-0.6,42,-0.7,8185.114285714286,-0.6,67.59228,85.95359999996745,-0.5219699999998039
2022-12-28,HENDERSON,00H,SG,249.5462121212121,249.5464015151515,0.9999999999990904,0.3047999999997227,-0.6,41,-0.5,11459.16,-0.6,65.98294,86.25839999996717,-0.5237987999998022
2022-12-28,HENDERSON,00H,SG,249.82329545454544,249.82348484848484,0.9999999999990904,0.3047999999997227,-0.6,41,0.0,1000000.0,-0.6,65.98294,86.56319999996688,-0.5256275999998005
2022-12-28,HENDERSON,00H,SG,249.82405303030305,249.8242424242424,0.9999999999990904,0.3047999999997227,-0.6,41,0.1,57295.799999999996,-0.6,65.98294,86.8679999999666,-0.5274563999997988
2022-12-28,HENDERSON,00H,SG,250.5820075757576,250.58219696969695,0.9999999999990904,0.3047999999997227,-0.6,42,-0.1,57295.799999999996,-0.6,67.59228,87.17279999996632,-0.5292851999997971
2022-12-28,HENDERSON,00H,SG,250.81685606060609,250.81704545454545,0.9999999999990904,0.3047999999997227,-0.6,42,0.0,1000000.0,-0.6,67.59228,87.47759999996603,-0.5311139999997954
2022-12-28,HENDERSON,00H,SG,249.55890151515152,249.5590909090909,0.9999999999990904,0.3047999999997227,-0.6,41,-0.1,57295.799999999996,-0.6,65.98294,87.78239999996575,-0.5329427999997937
2022-12-28,HENDERSON,00H,SG,249.88352272727272,249.8837121212121,0.9999999999990904,0.3047999999997227,-0.6,41,0.0,1000000.0,-0.6,65.98294,88.08719999996546,-0.534771599999792
2022-12-28,HENDERSON,00H,SG,250.58068181818183,250.5808712121212,0.9999999999990904,0.3047999999997227,-0.6,41,0.0,1000000.0,-0.6,65.98294,88.39199999996518,-0.5366003999997903
2022-12-28,HENDERSON,00H,SG,249.8837121212121,249.8839015151515,0.9999999999990904,0.3047999999997227,-0.6,40,0.0,1000000.0,-0.6,64.3736,88.6967999999649,-0.5384291999997886
2022-12-28,HENDERSON,00H,SG,249.7969696969697,249.7971590909091,0.9999999999990904,0.3047999999997227,-0.6,41,0.0,1000000.0,-0.6,65.98294,89.00159999996461,-0.5402579999997869
2022-12-28,HENDERSON,00H,SG,249.8659090909091,249.8660984848485,0.9999999999990904,0.3047999999997227,-0.6,40,0.0,1000000.0,-0.6,64.3736,89.30639999996433,-0.5420867999997852
2022-12-28,HENDERSON,00H,SG,249.58617424242425,249.58636363636364,0.9999999999990904,0.3047999999997227,-0.6,42,0.0,1000000.0,-0.6,67.59228,89.61119999996404,-0.5439155999997835
2022-12-28,HENDERSON,00H,SG,249.525,249.5251893939394,0.9999999999990904,0.3047999999997227,-0.6,41,-1.3,4407.369230769231,-0.6,65.98294,89.91599999996376,-0.5457443999997817
2022-12-28,HENDERSON,00H,SG,251.6727272727273,251.67291666666668,0.9999999999990904,0.3047999999997227,-0.6,42,0.0,1000000.0,-0.6,67.59228,90.22079999996348,-0.54757319999978
2022-12-28,HENDERSON,00H,SG,249.5255681818182,249.5257575757576,0.9999999999990904,0.3047999999997227,-0.6,41,-1.3,4407.369230769231,-0.6,65.98294,90.52559999996319,-0.5494019999997783
2022-12-28,HENDERSON,00H,SG,249.5346590909091,249.53484848484848,0.9999999999990904,0.3047999999997227,-0.6,42,-1.0,5729.58,-0.6,67.59228,90.8303999999629,-0.5512307999997766
2022-12-28,HENDERSON,00H,SG,250.60056818181815,250.60075757575757,0.9999999999990904,0.3047999999997227,-0.6,42,0.0,1000000.0,-0.6,67.59228,91.13519999996262,-0.5530595999997749
2022-12-28,HENDERSON,00H,SG,249.78238636363636,249.78257575757576,0.9999999999990904,0.3047999999997227,-0.6,41,-0.1,57295.799999999996,-0.6,65.98294,91.43999999996234,-0.5548883999997732
2022-12-28,HENDERSON,00H,SG,249.54166666666663,249.54185606060605,0.9999999999990904,0.3047999999997227,-0.6,41,-0.6,9549.300000000001,-0.6,65.98294,91.74479999996205,-0.5567171999997715
2022-12-28,HENDERSON,00H,SG,249.8943181818182,249.8945075757576,0.9999999999990904,0.3047999999997227,-0.6,40,-0.1,57295.799999999996,-0.6,64.3736,92.04959999996177,-0.5585459999997698
2022-12-28,HENDERSON,00H,SG,250.5808712121212,250.58106060606065,0.9999999999990904,0.3047999999997227,-0.6,41,-0.1,57295.799999999996,-0.6,65.98294,92.35439999996149,-0.5603747999997681
2022-12-28,HENDERSON,00H,SG,250.5818181818182,250.5820075757576,0.9999999999990904,0.3047999999997227,-0.6,42,0.0,1000000.0,-0.6,67.59228,92.6591999999612,-0.5622035999997664
2022-12-28,HENDERSON,00H,SG,250.8840909090909,250.88428030303027,0.9999999999990904,0.3047999999997227,-0.6,41,0.0,1000000.0,-0.6,65.98294,92.96399999996092,-0.5640323999997647
2022-12-28,HENDERSON,00H,SG,249.8731060606061,249.87329545454543,0.9999999999990904,0.3047999999997227,-0.6,40,0.0,1000000.0,-0.6,64.3736,93.26879999996063,-0.565861199999763
2022-12-28,HENDERSON,00H,SG,250.63617424242423,250.63636363636363,0.9999999999990904,0.3047999999997227,-0.6,42,0.0,1000000.0,-0.6,67.59228,93.57359999996035,-0.5676899999997613
2022-12-28,HENDERSON,00H,SG,249.75208333333333,249.75227272727273,0.9999999999990904,0.3047999999997227,-0.6,41,0.0,1000000.0,-0.6,65.98294,93.87839999996007,-0.5695187999997596
2022-12-28,HENDERSON,00H,SG,251.59204545454543,251.59223484848485,0.9999999999990904,0.3047999999997227,-0.6,43,0.0,1000000.0,-0.6,69.20162,94.18319999995978,-0.5713475999997579
2022-12-28,HENDERSON,00H,SG,249.52878787878788,249.52897727272727,0.9999999999990904,0.3047999999997227,-0.6,41,-1.3,4407.369230769231,-0.6,65.98294,94.4879999999595,-0.5731763999997562
2022-12-28,HENDERSON,00H,SG,249.57253787878787,249.5727272727273,0.9999999999990904,0.3047999999997227,-0.6,42,0.0,1000000.0,-0.6,67.59228,94.79279999995921,-0.5750051999997545
2022-12-28,HENDERSON,00H,SG,250.6278409090909,250.6280303030303,0.9999999999990904,0.3047999999997227,-0.6,42,0.0,1000000.0,-0.6,67.59228,95.09759999995893,-0.5768339999997528
2022-12-28,HENDERSON,00H,SG,250.6581439393939,250.65833333333333,0.9999999999990904,0.3047999999997227,-0.6,42,0.0,1000000.0,-0.6,67.59228,95.40239999995865,-0.5786627999997511
2022-12-28,HENDERSON,00H,SG,251.67973484848488,251.67992424242425,0.9999999999990904,0.3047999999997227,-0.6,42,0.0,1000000.0,-0.6,67.59228,95.70719999995836,-0.5804915999997494
2022-12-28,HENDERSON,00H,SG,250.81458333333333,250.81477272727273,0.9999999999990904,0.3047999999997227,-0.6,42,0.0,1000000.0,-0.6,67.59228,96.01199999995808,-0.5823203999997477
2022-12-28,HENDERSON,00H,SG,247.60435606060605,247.60454545454544,0.9999999999990904,0.3047999999997227,-0.6,38,0.0,1000000.0,-0.6,61.15492,96.3167999999578,-0.584149199999746
2022-12-28,HENDERSON,00H,SG,249.5225378787879,249.52272727272728,0.9999999999990904,0.3047999999997227,-0.6,42,-1.4,4092.557142857143,-0.6,67.59228,96.62159999995751,-0.5859779999997443
2022-12-28,HENDERSON,00H,SG,249.77765151515152,249.7778409090909,0.9999999999990904,0.3047999999997227,-0.6,41,0.1,57295.799999999996,-0.6,65.98294,96.92639999995723,-0.5878067999997426
2022-12-28,HENDERSON,00H,SG,249.52310606060607,249.52329545454543,0.9999999999990904,0.3047999999997227,-0.6,42,-1.4,4092.557142857143,-0.6,67.59228,97.23119999995694,-0.5896355999997409
2022-12-28,HENDERSON,00H,SG,251.0933712121212,251.0935606060606,0.9999999999990904,0.3047999999997227,-0.6,42,0.0,1000000.0,-0.6,67.59228,97.53599999995666,-0.5914643999997392
2022-12-28,HENDERSON,00H,SG,249.53503787878788,249.53522727272727,0.9999999999990904,0.3047999999997227,-0.6,42,-1.0,5729.58,-0.6,67.59228,97.84079999995637,-0.5932931999997375
2022-12-28,HENDERSON,00H,SG,249.88352272727272,249.8837121212121,0.9999999999990904,0.3047999999997227,-0.6,40,0.0,1000000.0,-0.6,64.3736,98.14559999995609,-0.5951219999997358
2022-12-28,HENDERSON,00H,SG,250.64299242424244,250.64318181818183,0.9999999999990904,0.3047999999997227,-0.6,42,0.0,1000000.0,-0.6,67.59228,98.4503999999558,-0.5969507999997341
2022-12-28,HENDERSON,00H,SG,250.8590909090909,250.8592803030303,0.9999999999990904,0.3047999999997227,-0.6,41,0.0,1000000.0,-0.6,65.98294,98.75519999995552,-0.5987795999997324
2022-12-28,HENDERSON,00H,SG,249.53901515151512,249.53920454545457,0.9999999999990904,0.3047999999997227,-0.6,42,-0.8,7161.974999999999,-0.6,67.59228,99.05999999995524,-0.6006083999997307
2022-12-28,HENDERSON,00H,SG,249.55189393939395,249.55208333333337,0.9999999999990904,0.3047999999997227,-0.6,41,-0.3,19098.600000000002,-0.6,65.98294,99.36479999995495,-0.602437199999729
2022-12-28,HENDERSON,00H,SG,249.8662878787879,249.86647727272728,0.9999999999990904,0.3047999999997227,-0.6,41,-0.1,57295.799999999996,-0.6,65.98294,99.66959999995467,-0.6042659999997273
2022-12-28,HENDERSON,00H,SG,250.64318181818183,250.6433712121212,0.9999999999990904,0.3047999999997227,-0.6,42,0.0,1000000.0,-0.6,67.59228,99.97439999995439,-0.6060947999997256
2022-12-28,HENDERSON,00H,SG,249.52007575757577,249.52026515151516,0.9999999999990904,0.3047999999997227,-0.6,41,-1.6,3580.9874999999997,-0.6,65.98294,100.2791999999541,-0.6079235999997239
2022-12-28,HENDERSON,00H,SG,249.8660984848485,249.8662878787879,0.9999999999990904,0.3047999999997227,-0.6,40,-0.1,57295.799999999996,-0.6,64.3736,100.58399999995382,-0.6097523999997222
2022-12-28,HENDERSON,00H,SG,249.5304924242424,249.53068181818185,0.9999999999990904,0.3047999999997227,-0.6,42,-1.2,4774.650000000001,-0.6,67.59228,100.88879999995353,-0.6115811999997205
2022-12-28,HENDERSON,00H,SG,249.82348484848484,249.82367424242423,0.9999999999990904,0.3047999999997227,-0.6,41,0.1,57295.799999999996,-0.6,65.98294,101.19359999995325,-0.6134099999997188
2022-12-28,HENDERSON,00H,SG,249.5774621212121,249.5776515151515,0.9999999999990904,0.3047999999997227,-0.6,42,0.0,1000000.0,-0.6,67.59228,101.49839999995297,-0.6152387999997171
2022-12-28,HENDERSON,00H,SG,249.5880681818182,249.5882575757576,0.9999999999990904,0.3047999999997227,-0.6,42,0.0,1000000.0,-0.6,67.59228,101.80319999995268,-0.6170675999997154
2022-12-28,HENDERSON,00H,SG,250.62443181818185,250.6246212121212,0.9999999999990904,0.3047999999997227,-0.6,42,0.0,1000000.0,-0.6,67.59228,102.1079999999524,-0.6188963999997137
2022-12-28,HENDERSON,00H,SG,249.78257575757576,249.78276515151515,0.9999999999990904,0.3047999999997227,-0.6,41,0.0,1000000.0,-0.6,65.98294,102.41279999995211,-0.620725199999712
2022-12-28,HENDERSON,00H,SG,249.52026515151516,249.52045454545456,0.9999999999990904,0.3047999999997227,-0.6,41,-1.5,3819.72,-0.6,65.98294,102.71759999995183,-0.6225539999997103
2022-12-28,HENDERSON,00H,SG,249.5460227272727,249.5462121212121,0.9999999999990904,0.3047999999997227,-0.6,42,-0.4,14323.949999999999,-0.6,67.59228,103.02239999995155,-0.6243827999997086
2022-12-28,HENDERSON,00H,SG,251.0935606060606,251.09375,0.9999999999990904,0.3047999999997227,-0.6,42,-0.1,57295.799999999996,-0.6,67.59228,103.32719999995126,-0.6262115999997069
2022-12-28,HENDERSON,00H,SG,247.59621212121212,247.5964015151515,0.9999999999990904,0.3047999999997227,-0.6,38,-0.2,28647.899999999998,-0.6,61.15492,103.63199999995098,-0.6280403999997052
2022-12-28,HENDERSON,00H,SG,251.61363636363637,251.61382575757577,0.9999999999990904,0.3047999999997227,-0.6,43,0.0,1000000.0,-0.6,69.20162,103.9367999999507,-0.6298691999997035
2022-12-28,HENDERSON,00H,SG,251.58106060606065,251.5814393939394,1.999999999998181,0.6095999999994455,-0.6,43,0.0,1000000.0,-0.6,69.20162,104.54639999995014,-0.6316979999997018
2022-12-28,HENDERSON,00H,SG,249.5659090909091,249.56628787878788,1.999999999998181,0.6095999999994455,-0.6,41,-0.1,57295.799999999996,-0.6,65.98294,105.15599999994959,-0.6353555999996985
2022-12-28,HENDERSON,00H,SG,247.5992424242424,247.5996212121212,1.999999999998181,0.6095999999994455,-0.6,37,-0.1,57295.799999999996,-0.6,59.54558,105.76559999994903,-0.6390131999996952
2022-12-28,HENDERSON,00H,SG,249.59867424242424,249.59905303030305,1.999999999998181,0.6095999999994455,-0.6,42,0.0,1000000.0,-0.6,67.59228,106.37519999994848,-0.6426707999996919
2022-12-28,HENDERSON,00H,SG,250.6784090909091,250.6787878787879,1.999999999998181,0.6095999999994455,-0.6,42,0.0,1000000.0,-0.6,67.59228,106.98479999994792,-0.6463283999996886
2022-12-28,HENDERSON,00H,SG,250.66666666666663,250.66704545454544,1.999999999998181,0.6095999999994455,-0.6,42,0.0,1000000.0,-0.6,67.59228,107.59439999994737,-0.6499859999996853
2022-12-28,HENDERSON,00H,SG,250.6734848484849,250.67386363636365,1.999999999998181,0.6095999999994455,-0.6,42,0.0,1000000.0,-0.6,67.59228,108.20399999994682,-0.653643599999682
2022-12-28,HENDERSON,00H,SG,250.78825757575757,250.78863636363636,1.999999999998181,0.6095999999994455,-0.6,41,0.0,1000000.0,-0.6,65.98294,108.81359999994626,-0.6573011999996787
2022-12-28,HENDERSON,00H,SG,250.6903409090909,250.6907196969697,1.999999999998181,0.6095999999994455,-0.6,42,0.0,1000000.0,-0.6,67.59228,109.42319999994571,-0.6609587999996754
2022-12-28,HENDERSON,00H,SG,250.8371212121212,250.8375,1.999999999998181,0.6095999999994455,-0.6,41,0.0,1000000.0,-0.6,65.98294,110.03279999994515,-0.6646163999996721
2022-12-28,HENDERSON,00H,SG,251.59905303030305,251.5994318181818,1.999999999998181,0.6095999999994455,-0.6,43,0.0,1000000.0,-0.6,69.20162,110.6423999999446,-0.6682739999996689
2022-12-28,HENDERSON,00H,SG,249.5433712121212,249.54375,1.999999999998181,0.6095999999994455,-0.6,42,-0.6,9549.300000000001,-0.6,67.59228,111.25199999994405,-0.6719315999996656
2022-12-28,HENDERSON,00H,SG,249.5623106060606,249.5626893939394,1.999999999998181,0.6095999999994455,-0.6,41,-0.1,57295.799999999996,-0.6,65.98294,111.8615999999435,-0.6755891999996623
2022-12-28,HENDERSON,00H,SG,250.61761363636364,250.61799242424243,1.999999999998181,0.6095999999994455,-0.6,42,0.0,1000000.0,-0.6,67.59228,112.47119999994294,-0.679246799999659
2022-12-28,HENDERSON,00H,SG,250.8660984848485,250.86647727272728,1.999999999998181,0.6095999999994455,-0.6,41,0.0,1000000.0,-0.6,65.98294,113.08079999994239,-0.6829043999996557
2022-12-28,HENDERSON,00H,SG,251.66704545454544,251.66742424242423,1.999999999998181,0.6095999999994455,-0.6,42,0.0,1000000.0,-0.6,67.59228,113.69039999994183,-0.6865619999996524
2022-12-28,HENDERSON,00H,SG,247.60814393939393,247.6085227272727,1.999999999998181,0.6095999999994455,-0.6,37,0.0,1000000.0,-0.6,59.54558,114.29999999994128,-0.6902195999996491
2022-12-28,HENDERSON,00H,SG,249.82367424242423,249.82405303030305,1.999999999998181,0.6095999999994455,-0.6,41,0.0,1000000.0,-0.6,65.98294,114.90959999994072,-0.6938771999996458
2022-12-28,HENDERSON,00H,SG,249.5221590909091,249.5225378787879,1.999999999998181,0.6095999999994455,-0.6,42,-1.5,3819.72,-0.6,67.59228,115.51919999994017,-0.6975347999996425
2022-12-28,HENDERSON,00H,SG,250.8407196969697,250.8410984848485,1.999999999998181,0.6095999999994455,-0.6,41,0.0,1000000.0,-0.6,65.98294,116.12879999993962,-0.7011923999996392
2022-12-28,HENDERSON,00H,SG,250.63276515151512,250.63314393939393,1.999999999998181,0.6095999999994455,-0.6,42,0.0,1000000.0,-0.6,67.59228,116.73839999993906,-0.7048499999996359
2022-12-28,HENDERSON,00H,SG,249.5251893939394,249.5255681818182,1.999999999998181,0.6095999999994455,-0.6,41,-1.4,4092.557142857143,-0.6,65.98294,117.34799999993851,-0.7085075999996326
2022-12-28,HENDERSON,00H,SG,249.53939393939393,249.53977272727272,1.999999999998181,0.6095999999994455,-0.6,41,-0.7,8185.114285714286,-0.6,65.98294,117.95759999993795,-0.7121651999996294
2022-12-28,HENDERSON,00H,SG,250.65473484848485,250.65511363636364,1.999999999998181,0.6095999999994455,-0.6,42,0.0,1000000.0,-0.6,67.59228,118.5671999999374,-0.7158227999996261
2022-12-28,HENDERSON,00H,SG,250.80814393939391,250.80852272727273,1.999999999998181,0.6095999999994455,-0.6,41,0.1,57295.799999999996,-0.6,65.98294,119.17679999993685,-0.7194803999996228
2022-12-28,HENDERSON,00H,SG,247.61515151515152,247.6155303030303,1.999999999998181,0.6095999999994455,-0.6,37,0.0,1000000.0,-0.6,59.54558,119.7863999999363,-0.7231379999996195
2022-12-28,HENDERSON,00H,SG,250.63125,250.6316287878788,1.999999999998181,0.6095999999994455,-0.6,42,0.0,1000000.0,-0.6,67.59228,120.39599999993574,-0.7267955999996162
2022-12-28,HENDERSON,00H,SG,250.8153409090909,250.8157196969697,1.999999999998181,0.6095999999994455,-0.6,41,0.0,1000000.0,-0.6,65.98294,121.00559999993519,-0.7304531999996129
2022-12-28,HENDERSON,00H,SG,250.84791666666663,250.84829545454545,1.999999999998181,0.6095999999994455,-0.6,41,0.0,1000000.0,-0.6,65.98294,121.61519999993463,-0.7341107999996096
2022-12-28,HENDERSON,00H,SG,251.62272727272727,251.6231060606061,1.999999999998181,0.6095999999994455,-0.6,43,0.0,1000000.0,-0.6,69.20162,122.22479999993408,-0.7377683999996063
2022-12-28,HENDERSON,00H,SG,251.66893939393935,251.66931818181817,1.999999999998181,0.6095999999994455,-0.6,42,0.0,1000000.0,-0.6,67.59228,122.83439999993352,-0.741425999999603
2022-12-28,HENDERSON,00H,SG,249.53352272727273,249.5339015151515,1.999999999998181,0.6095999999994455,-0.6,42,-1.0,5729.58,-0.6,67.59228,123.44399999993297,-0.7450835999995997
2022-12-28,HENDERSON,00H,SG,249.54469696969696,249.54507575757577,1.999999999998181,0.6095999999994455,-0.6,41,-0.5,11459.16,-0.6,65.98294,124.05359999993242,-0.7487411999995964
2022-12-28,HENDERSON,00H,SG,249.8655303030303,249.8659090909091,1.999999999998181,0.6095999999994455,-0.6,40,-0.1,57295.799999999996,-0.6,64.3736,124.66319999993186,-0.7523987999995931
2022-12-28,HENDERSON,00H,SG,250.58522727272728,250.58560606060607,1.999999999998181,0.6095999999994455,-0.6,42,0.0,1000000.0,-0.6,67.59228,125.27279999993131,-0.7560563999995898
2022-12-28,HENDERSON,00H,SG,247.61875,247.6191287878788,1.999999999998181,0.6095999999994455,-0.6,37,0.0,1000000.0,-0.6,59.54558,125.88239999993075,-0.7597139999995866
2022-12-28,HENDERSON,00H,SG,249.8748106060606,249.8751893939394,1.999999999998181,0.6095999999994455,-0.6,40,0.0,1000000.0,-0.6,64.3736,126.4919999999302,-0.7633715999995833
2022-12-28,HENDERSON,00H,SG,250.58106060606065,250.5814393939394,1.999999999998181,0.6095999999994455,-0.6,41,0.0,1000000.0,-0.6,65.98294,127.10159999992965,-0.76702919999958
2022-12-28,HENDERSON,00H,SG,250.8335227272727,250.83390151515152,1.999999999998181,0.6095999999994455,-0.6,41,0.0,1000000.0,-0.6,65.98294,127.7111999999291,-0.7706867999995767
2022-12-28,HENDERSON,00H,SG,249.57556818181817,249.57594696969696,1.999999999998181,0.6095999999994455,-0.6,42,0.0,1000000.0,-0.6,67.59228,128.32079999992854,-0.7743443999995734
2022-12-28,HENDERSON,00H,SG,250.5903409090909,250.5907196969697,1.999999999998181,0.6095999999994455,-0.6,42,0.0,1000000.0,-0.6,67.59228,128.93039999992797,-0.7780019999995701
2022-12-28,HENDERSON,00H,SG,249.52272727272728,249.52310606060607,1.999999999998181,0.6095999999994455,-0.6,42,-1.5,3819.72,-0.6,67.59228,129.5399999999274,-0.7816595999995668
2022-12-28,HENDERSON,00H,SG,249.53068181818185,249.5310606060606,1.999999999998181,0.6095999999994455,-0.6,41,-1.2,4774.650000000001,-0.6,65.98294,130.14959999992683,-0.7853171999995635
2022-12-28,HENDERSON,00H,SG,251.62443181818185,251.6248106060606,1.999999999998181,0.6095999999994455,-0.6,43,0.0,1000000.0,-0.6,69.20162,130.75919999992627,-0.7889747999995602
2022-12-28,HENDERSON,00H,SG,249.52045454545456,249.52083333333337,1.999999999998181,0.6095999999994455,-0.6,42,-1.6,3580.9874999999997,-0.6,67.59228,131.3687999999257,-0.7926323999995569
2022-12-28,HENDERSON,00H,SG,249.52897727272727,249.5293560606061,1.999999999998181,0.6095999999994455,-0.6,41,-1.2,4774.650000000001,-0.6,65.98294,131.97839999992513,-0.7962899999995536
2022-12-28,HENDERSON,00H,SG,249.53011363636364,249.5304924242424,1.999999999998181,0.6095999999994455,-0.6,42,-1.1,5208.70909090909,-0.6,67.59228,132.58799999992456,-0.7999475999995503
2022-12-28,HENDERSON,00H,SG,250.6498106060606,250.6501893939394,1.999999999998181,0.6095999999994455,-0.6,42,0.0,1000000.0,-0.6,67.59228,133.197599999924,-0.803605199999547
2022-12-28,HENDERSON,00H,SG,250.68352272727273,250.68390151515152,1.999999999998181,0.6095999999994455,-0.6,42,0.0,1000000.0,-0.6,67.59228,133.80719999992343,-0.8072627999995438
2022-12-28,HENDERSON,00H,SG,250.68863636363636,250.68901515151515,1.999999999998181,0.6095999999994455,-0.6,42,0.0,1000000.0,-0.6,67.59228,134.41679999992286,-0.8109203999995405
2022-12-28,HENDERSON,00H,SG,250.8007575757576,250.80113636363637,1.999999999998181,0.6095999999994455,-0.6,41,0.0,1000000.0,-0.6,65.98294,135.0263999999223,-0.8145779999995372
2022-12-28,HENDERSON,00H,SG,250.85681818181817,250.85719696969696,1.999999999998181,0.6095999999994455,-0.6,41,0.0,1000000.0,-0.6,65.98294,135.63599999992172,-0.8182355999995339
2022-12-28,HENDERSON,00H,SG,250.6566287878788,250.6570075757576,1.999999999998181,0.6095999999994455,-0.6,42,0.0,1000000.0,-0.6,67.59228,136.24559999992115,-0.8218931999995306
2022-12-28,HENDERSON,00H,SG,251.6371212121212,251.6375,1.999999999998181,0.6095999999994455,-0.6,43,0.0,1000000.0,-0.6,69.20162,136.8551999999206,-0.8255507999995273
2022-12-28,HENDERSON,00H,SG,249.5471590909091,249.5475378787879,1.999999999998181,0.6095999999994455,-0.6,42,-0.4,14323.949999999999,-0.6,67.59228,137.46479999992002,-0.829208399999524
2022-12-28,HENDERSON,00H,SG,249.86420454545456,249.86458333333337,1.999999999998181,0.6095999999994455,-0.6,40,-0.1,57295.799999999996,-0.6,64.3736,138.07439999991945,-0.8328659999995207
2022-12-28,HENDERSON,00H,SG,250.6344696969697,250.63484848484848,1.999999999998181,0.6095999999994455,-0.6,42,0.0,1000000.0,-0.6,67.59228,138.68399999991888,-0.8365235999995174
2022-12-28,HENDERSON,00H,SG,251.6337121212121,251.6340909090909,1.999999999998181,0.6095999999994455,-0.6,43,0.0,1000000.0,-0.6,69.20162,139.2935999999183,-0.8401811999995141
2022-12-28,HENDERSON,00H,SG,249.58257575757577,249.58295454545456,1.999999999998181,0.6095999999994455,-0.6,42,0.0,1000000.0,-0.6,67.59228,139.90319999991775,-0.8438387999995108
2022-12-28,HENDERSON,00H,SG,251.59734848484848,251.59772727272727,1.999999999998181,0.6095999999994455,-0.6,43,0.0,1000000.0,-0.6,69.20162,140.51279999991718,-0.8474963999995075
2022-12-28,HENDERSON,00H,SG,249.5375,249.5378787878788,1.999999999998181,0.6095999999994455,-0.6,41,-0.8,7161.974999999999,-0.6,65.98294,141.1223999999166,-0.8511539999995043
2022-12-28,HENDERSON,00H,SG,250.79375,250.7941287878788,1.999999999998181,0.6095999999994455,-0.6,41,0.0,1000000.0,-0.6,65.98294,141.73199999991604,-0.854811599999501
2022-12-28,HENDERSON,00H,SG,247.61685606060607,247.61723484848488,1.999999999998181,0.6095999999994455,-0.6,37,0.0,1000000.0,-0.6,59.54558,142.34159999991547,-0.8584691999994977
2022-12-28,HENDERSON,00H,SG,250.5814393939394,250.5818181818182,1.999999999998181,0.6095999999994455,-0.6,41,-0.1,57295.799999999996,-0.6,65.98294,142.9511999999149,-0.8621267999994944
2022-12-28,HENDERSON,00H,SG,250.8064393939394,250.8068181818182,1.999999999998181,0.6095999999994455,-0.6,41,0.1,57295.799999999996,-0.6,65.98294,143.56079999991434,-0.8657843999994911
2022-12-28,HENDERSON,00H,SG,249.67083333333332,249.6712121212121,1.999999999998181,0.6095999999994455,-0.6,42,0.0,1000000.0,-0.6,67.59228,144.17039999991377,-0.8694419999994878
2022-12-28,HENDERSON,00H,SG,250.6412878787879,250.64166666666668,1.999999999998181,0.6095999999994455,-0.6,42,0.0,1000000.0,-0.6,67.59228,144.7799999999132,-0.8730995999994845
2022-12-28,HENDERSON,00H,SG,249.53522727272727,249.53560606060609,1.999999999998181,0.6095999999994455,-0.6,42,-0.9,6366.2,-0.6,67.59228,145.38959999991263,-0.8767571999994812
2022-12-28,HENDERSON,00H,SG,251.63181818181815,251.63219696969696,1.999999999998181,0.6095999999994455,-0.6,43,0.0,1000000.0,-0.6,69.20162,145.99919999991207,-0.8804147999994779
2022-12-28,HENDERSON,00H,SG,249.87121212121212,249.8715909090909,1.999999999998181,0.6095999999994455,-0.6,40,0.0,1000000.0,-0.6,64.3736,146.6087999999115,-0.8840723999994746
2022-12-28,HENDERSON,00H,SG,250.7039772727273,250.70435606060607,1.999999999998181,0.6095999999994455,-0.6,42,0.0,1000000.0,-0.6,67.59228,147.21839999991093,-0.8877299999994713
2022-12-28,HENDERSON,00H,SG,249.6054924242424,249.6058712121212,1.999999999998181,0.6095999999994455,-0.6,42,0.0,1000000.0,-0.6,67.59228,147.82799999991036,-0.891387599999468
2022-12-28,HENDERSON,00H,SG,249.52689393939391,249.52746212121212,2.9999999999972715,0.9143999999991684,-0.6,41,-1.3,4407.369230769231,-0.6,65.98294,148.74239999990954,-0.8950451999994647
2022-12-28,HENDERSON,00H,SG,250.80435606060607,250.80492424242425,2.9999999999972715,0.9143999999991684,-0.6,41,0.0,1000000.0,-0.6,65.98294,149.6567999999087,-0.9005315999994598
2022-12-28,HENDERSON,00H,SG,251.61534090909092,251.6159090909091,2.9999999999972715,0.9143999999991684,-0.6,43,0.0,1000000.0,-0.6,69.20162,150.5711999999079,-0.9060179999994548
2022-12-28,HENDERSON,00H,SG,247.60454545454544,247.60511363636363,2.9999999999972715,0.9143999999991684,-0.6,37,0.0,1000000.0,-0.6,59.54558,151.48559999990707,-0.9115043999994498
2022-12-28,HENDERSON,00H,SG,249.53560606060609,249.53617424242424,2.9999999999972715,0.9143999999991684,-0.6,41,-0.9,6366.2,-0.6,65.98294,152.39999999990624,-0.9169907999994448
2022-12-28,HENDERSON,00H,SG,249.56761363636363,249.5681818181818,2.9999999999972715,0.9143999999991684,-0.6,41,-0.1,57295.799999999996,-0.6,65.98294,153.31439999990542,-0.9224771999994398
2022-12-28,HENDERSON,00H,SG,249.52159090909092,249.5221590909091,2.9999999999972715,0.9143999999991684,-0.6,41,-1.5,3819.72,-0.6,65.98294,154.2287999999046,-0.9279635999994348
2022-12-28,HENDERSON,00H,SG,250.77916666666667,250.77973484848485,2.9999999999972715,0.9143999999991684,-0.6,41,0.0,1000000.0,-0.6,65.98294,155.14319999990377,-0.9334499999994298
2022-12-28,HENDERSON,00H,SG,250.81477272727273,250.8153409090909,2.9999999999972715,0.9143999999991684,-0.6,42,0.1,57295.799999999996,-0.6,67.59228,156.05759999990295,-0.9389363999994248
2022-12-28,HENDERSON,00H,SG,250.81344696969697,250.81401515151515,2.9999999999972715,0.9143999999991684,-0.6,41,0.1,57295.799999999996,-0.6,65.98294,156.97199999990212,-0.9444227999994198
2022-12-28,HENDERSON,00H,SG,250.68011363636364,250.68068181818185,2.9999999999972715,0.9143999999991684,-0.6,42,0.0,1000000.0,-0.6,67.59228,157.8863999999013,-0.9499091999994148
2022-12-28,HENDERSON,00H,SG,251.65984848484848,251.66041666666663,2.9999999999972715,0.9143999999991684,-0.6,42,0.0,1000000.0,-0.6,67.59228,158.80079999990048,-0.9553955999994098
2022-12-28,HENDERSON,00H,SG,250.67670454545456,250.6772727272727,2.9999999999972715,0.9143999999991684,-0.6,42,0.0,1000000.0,-0.6,67.59228,159.71519999989965,-0.9608819999994048
2022-12-28,HENDERSON,00H,SG,250.8098484848485,250.81041666666667,2.9999999999972715,0.9143999999991684,-0.6,41,0.1,57295.799999999996,-0.6,65.98294,160.62959999989883,-0.9663683999993998
2022-12-28,HENDERSON,00H,SG,251.64791666666667,251.64848484848488,2.9999999999972715,0.9143999999991684,-0.6,43,0.0,1000000.0,-0.6,69.20162,161.543999999898,-0.9718547999993948
2022-12-28,HENDERSON,00H,SG,249.55530303030304,249.5558712121212,2.9999999999972715,0.9143999999991684,-0.6,41,-0.2,28647.899999999998,-0.6,65.98294,162.45839999989718,-0.9773411999993898
2022-12-28,HENDERSON,00H,SG,250.8157196969697,250.81628787878788,2.9999999999972715,0.9143999999991684,-0.6,42,0.0,1000000.0,-0.6,67.59228,163.37279999989636,-0.9828275999993848
2022-12-28,HENDERSON,00H,SG,250.81628787878788,250.81685606060609,2.9999999999972715,0.9143999999991684,-0.6,42,0.1,57295.799999999996,-0.6,67.59228,164.28719999989553,-0.9883139999993799
2022-12-28,HENDERSON,00H,SG,250.66325757575757,250.66382575757575,2.9999999999972715,0.9143999999991684,-0.6,42,0.0,1000000.0,-0.6,67.59228,165.2015999998947,-0.9938003999993749
2022-12-28,HENDERSON,00H,SG,250.61420454545456,250.6147727272727,2.9999999999972715,0.9143999999991684,-0.6,42,0.0,1000000.0,-0.6,67.59228,166.1159999998939,-0.9992867999993699
2022-12-28,HENDERSON,00H,SG,250.81155303030303,250.8121212121212,2.9999999999972715,0.9143999999991684,-0.6,41,0.1,57295.799999999996,-0.6,65.98294,167.03039999989306,-1.004773199999365
2022-12-28,HENDERSON,00H,SG,250.62594696969697,250.62651515151515,2.9999999999972715,0.9143999999991684,-0.6,42,0.0,1000000.0,-0.6,67.59228,167.94479999989224,-1.01025959999936
2022-12-28,HENDERSON,00H,SG,250.66155303030305,250.6621212121212,2.9999999999972715,0.9143999999991684,-0.6,42,0.0,1000000.0,-0.6,67.59228,168.85919999989142,-1.015745999999355
2022-12-28,HENDERSON,00H,SG,250.7971590909091,250.7977272727273,2.9999999999972715,0.9143999999991684,-0.6,41,0.0,1000000.0,-0.6,65.98294,169.7735999998906,-1.02123239999935
2022-12-28,HENDERSON,00H,SG,251.67784090909092,251.6784090909091,2.9999999999972715,0.9143999999991684,-0.6,42,0.0,1000000.0,-0.6,67.59228,170.68799999988977,-1.026718799999345
2022-12-28,HENDERSON,00H,SG,249.7971590909091,249.7977272727273,2.9999999999972715,0.9143999999991684,-0.6,41,-0.1,57295.799999999996,-0.6,65.98294,171.60239999988895,-1.03220519999934
2022-12-28,HENDERSON,00H,SG,250.78636363636363,250.7869318181818,2.9999999999972715,0.9143999999991684,-0.6,41,0.0,1000000.0,-0.6,65.98294,172.51679999988812,-1.037691599999335
2022-12-28,HENDERSON,00H,SG,251.61174242424244,251.61231060606065,2.9999999999972715,0.9143999999991684,-0.6,43,0.0,1000000.0,-0.6,69.20162,173.4311999998873,-1.04317799999933
2022-12-28,HENDERSON,00H,SG,247.59375,247.59431818181815,2.9999999999972715,0.9143999999991684,-0.6,37,-0.2,28647.899999999998,-0.6,59.54558,174.34559999988647,-1.048664399999325
2022-12-28,HENDERSON,00H,SG,247.60094696969696,247.60151515151512,2.9999999999972715,0.9143999999991684,-0.6,37,-0.1,57295.799999999996,-0.6,59.54558,175.25999999988565,-1.05415079999932
2022-12-28,HENDERSON,00H,SG,249.58068181818183,249.58125,2.9999999999972715,0.9143999999991684,-0.6,42,0.0,1000000.0,-0.6,67.59228,176.17439999988483,-1.059637199999315
2022-12-28,HENDERSON,00H,SG,250.79185606060605,250.79242424242423,2.9999999999972715,0.9143999999991684,-0.6,41,0.0,1000000.0,-0.6,65.98294,177.088799999884,-1.06512359999931
2022-12-28,HENDERSON,00H,SG,251.67064393939393,251.6712121212121,2.9999999999972715,0.9143999999991684,-0.6,42,0.0,1000000.0,-0.6,67.59228,178.00319999988318,-1.070609999999305
2022-12-28,HENDERSON,00H,SG,249.58958333333337,249.59015151515152,2.9999999999972715,0.9143999999991684,-0.6,42,0.0,1000000.0,-0.6,67.59228,178.91759999988236,-1.0760963999993
2022-12-28,HENDERSON,00H,SG,250.5971590909091,250.59772727272727,2.9999999999972715,0.9143999999991684,-0.6,42,0.0,1000000.0,-0.6,67.59228,179.83199999988153,-1.081582799999295
2022-12-28,HENDERSON,00H,SG,250.70757575757577,250.70814393939395,2.9999999999972715,0.9143999999991684,-0.6,42,0.0,1000000.0,-0.6,67.59228,180.7463999998807,-1.08706919999929
2022-12-28,HENDERSON,00H,SG,250.58011363636365,250.58068181818183,2.9999999999972715,0.9143999999991684,-0.6,41,-0.1,57295.799999999996,-0.6,65.98294,181.66079999987988,-1.092555599999285
2022-12-28,HENDERSON,00H,SG,250.8242424242424,250.8248106060606,2.9999999999972715,0.9143999999991684,-0.6,41,0.0,1000000.0,-0.6,65.98294,182.57519999987906,-1.09804199999928
2022-12-28,HENDERSON,00H,SG,250.82613636363635,250.82670454545453,2.9999999999972715,0.9143999999991684,-0.6,41,0.0,1000000.0,-0.6,65.98294,183.48959999987824,-1.103528399999275
2022-12-28,HENDERSON,00H,SG,251.6507575757576,251.65132575757576,2.9999999999972715,0.9143999999991684,-0.6,42,0.0,1000000.0,-0.6,67.59228,184.4039999998774,-1.10901479999927
2022-12-28,HENDERSON,00H,SG,251.6651515151515,251.6657196969697,2.9999999999972715,0.9143999999991684,-0.6,42,0.0,1000000.0,-0.6,67.59228,185.3183999998766,-1.1145011999992651
2022-12-28,HENDERSON,00H,SG,250.675,250.6755681818182,2.9999999999972715,0.9143999999991684,-0.6,42,0.0,1000000.0,-0.6,67.59228,186.23279999987577,-1.1199875999992601
2022-12-28,HENDERSON,00H,SG,250.79545454545453,250.7960227272727,2.9999999999972715,0.9143999999991684,-0.6,41,0.0,1000000.0,-0.6,65.98294,187.14719999987494,-1.1254739999992551
2022-12-28,HENDERSON,00H,SG,247.6098484848485,247.61041666666668,2.9999999999972715,0.9143999999991684,-0.6,37,0.0,1000000.0,-0.6,59.54558,188.06159999987412,-1.1309603999992501
2022-12-28,HENDERSON,00H,SG,250.76098484848484,250.76155303030305,2.9999999999972715,0.9143999999991684,-0.6,41,0.0,1000000.0,-0.6,65.98294,188.9759999998733,-1.1364467999992451
2022-12-28,HENDERSON,00H,SG,251.60454545454544,251.60511363636363,2.9999999999972715,0.9143999999991684,-0.6,43,0.0,1000000.0,-0.6,69.20162,189.89039999987247,-1.1419331999992401
2022-12-28,HENDERSON,00H,SG,250.81704545454545,250.81761363636363,2.9999999999972715,0.9143999999991684,-0.6,41,0.0,1000000.0,-0.6,65.98294,190.80479999987165,-1.1474195999992352
2022-12-28,HENDERSON,00H,SG,250.6818181818182,250.68238636363637,2.9999999999972715,0.9143999999991684,-0.6,42,0.0,1000000.0,-0.6,67.59228,191.71919999987082,-1.1529059999992302
2022-12-28,HENDERSON,00H,SG,251.59545454545457,251.59602272727273,2.9999999999972715,0.9143999999991684,-0.6,43,0.0,1000000.0,-0.6,69.20162,192.63359999987,-1.1583923999992252
2022-12-28,HENDERSON,00H,SG,250.65132575757576,250.65189393939391,2.9999999999972715,0.9143999999991684,-0.6,42,0.0,1000000.0,-0.6,67.59228,193.54799999986918,-1.1638787999992202
2022-12-28,HENDERSON,00H,SG,247.5910984848485,247.59166666666667,2.9999999999972715,0.9143999999991684,-0.6,38,-0.2,28647.899999999998,-0.6,61.15492,194.46239999986835,-1.1693651999992152
2022-12-28,HENDERSON,00H,SG,249.8693181818182,249.86988636363637,2.9999999999972715,0.9143999999991684,-0.6,40,0.0,1000000.0,-0.6,64.3736,195.37679999986753,-1.1748515999992102
2022-12-28,HENDERSON,00H,SG,249.87651515151515,249.87708333333333,2.9999999999972715,0.9143999999991684,-0.6,40,0.0,1000000.0,-0.6,64.3736,196.2911999998667,-1.1803379999992052
2022-12-28,HENDERSON,00H,SG,251.6189393939394,251.6195075757576,2.9999999999972715,0.9143999999991684,-0.6,43,0.0,1000000.0,-0.6,69.20162,197.20559999986588,-1.1858243999992002
2022-12-28,HENDERSON,00H,SG,250.67007575757577,250.67064393939393,2.9999999999972715,0.9143999999991684,-0.6,42,0.0,1000000.0,-0.6,67.59228,198.11999999986506,-1.1913107999991952
2022-12-28,HENDERSON,00H,SG,250.68693181818185,250.6875,2.9999999999972715,0.9143999999991684,-0.6,42,0.0,1000000.0,-0.6,67.59228,199.03439999986423,-1.1967971999991902
2022-12-28,HENDERSON,00H,SG,247.60625,247.60681818181817,2.9999999999972715,0.9143999999991684,-0.6,37,0.0,1000000.0,-0.6,59.54558,199.9487999998634,-1.2022835999991852
2022-12-28,HENDERSON,00H,SG,250.69204545454545,250.69261363636363,2.9999999999972715,0.9143999999991684,-0.6,42,0.0,1000000.0,-0.6,67.59228,200.8631999998626,-1.2077699999991802
2022-12-28,HENDERSON,00H,SG,251.6443181818182,251.64488636363637,2.9999999999972715,0.9143999999991684,-0.6,43,0.0,1000000.0,-0.6,69.20162,201.77759999986176,-1.2132563999991752
2022-12-28,HENDERSON,00H,SG,250.81401515151515,250.81458333333333,2.9999999999972715,0.9143999999991684,-0.6,42,0.1,57295.799999999996,-0.6,67.59228,202.69199999986094,-1.2187427999991702
2022-12-28,HENDERSON,00H,SG,249.53295454545457,249.53352272727273,2.9999999999972715,0.9143999999991684,-0.6,42,-1.1,5208.70909090909,-0.6,67.59228,203.60639999986012,-1.2242291999991652
2022-12-28,HENDERSON,00H,SG,250.6681818181818,250.66875,2.9999999999972715,0.9143999999991684,-0.6,42,0.0,1000000.0,-0.6,67.59228,204.5207999998593,-1.2297155999991602
2022-12-28,HENDERSON,00H,SG,250.84602272727273,250.8465909090909,2.9999999999972715,0.9143999999991684,-0.6,41,0.0,1000000.0,-0.6,65.98294,205.43519999985847,-1.2352019999991553
2022-12-28,HENDERSON,00H,SG,250.68522727272727,250.68579545454543,2.9999999999972715,0.9143999999991684,-0.6,42,0.0,1000000.0,-0.6,67.59228,206.34959999985765,-1.2406883999991503
2022-12-28,HENDERSON,00H,SG,250.69545454545457,250.69602272727272,2.9999999999972715,0.9143999999991684,-0.6,42,0.0,1000000.0,-0.6,67.59228,207.26399999985682,-1.2461747999991453
2022-12-28,HENDERSON,00H,SG,250.79905303030304,250.7996212121212,2.9999999999972715,0.9143999999991684,-0.6,41,0.0,1000000.0,-0.6,65.98294,208.178399999856,-1.2516611999991403
2022-12-28,HENDERSON,00H,SG,250.77007575757577,250.77064393939395,2.9999999999972715,0.9143999999991684,-0.6,41,0.0,1000000.0,-0.6,65.98294,209.09279999985517,-1.2571475999991353
2022-12-28,HENDERSON,00H,SG,250.8189393939394,250.81950757575757,2.9999999999972715,0.9143999999991684,-0.6,41,0.0,1000000.0,-0.6,65.98294,210.00719999985435,-1.2626339999991303
2022-12-28,HENDERSON,00H,SG,247.5956439393939,247.59621212121212,2.9999999999972715,0.9143999999991684,-0.6,37,-0.2,28647.899999999998,-0.6,59.54558,210.92159999985353,-1.2681203999991253
2022-12-28,HENDERSON,00H,SG,250.6715909090909,250.6721590909091,3.000000000147338,0.9144000000449088,-0.6,42,0.0,1000000.0,-0.6,67.59228,211.83599999989843,-1.2736067999991203
2022-12-28,HENDERSON,00H,SG,250.8278409090909,250.8284090909091,3.000000000147338,0.9144000000449088,-0.6,41,0.0,1000000.0,-0.6,65.98294,212.75039999994334,-1.2790931999993898
2022-12-28,HENDERSON,00H,SG,249.8905303030303,249.8910984848485,3.000000000147338,0.9144000000449088,-0.6,40,0.0,1000000.0,-0.6,64.3736,213.66479999998825,-1.2845795999996592
2022-12-28,HENDERSON,00H,SG,250.7327651515151,250.7335227272727,3.999999999996362,1.2191999999988912,-0.6,42,0.0,1000000.0,-0.6,67.59228,214.88399999998714,-1.2900659999999287
2022-12-28,HENDERSON,00H,SG,247.5964015151515,247.5971590909091,3.999999999996362,1.2191999999988912,-0.6,38,-0.1,57295.799999999996,-0.6,61.15492,216.10319999998603,-1.297381199999922
2022-12-28,HENDERSON,00H,SG,249.5558712121212,249.5566287878788,3.999999999996362,1.2191999999988912,-0.6,42,-0.2,28647.899999999998,-0.6,67.59228,217.32239999998492,-1.3046963999999155
2022-12-28,HENDERSON,00H,SG,249.86742424242425,249.86818181818185,3.999999999996362,1.2191999999988912,-0.6,40,0.0,1000000.0,-0.6,64.3736,218.54159999998382,-1.312011599999909
2022-12-28,HENDERSON,00H,SG,250.7183712121212,250.7191287878788,3.999999999996362,1.2191999999988912,-0.6,42,0.0,1000000.0,-0.6,67.59228,219.7607999999827,-1.3193267999999023
2022-12-28,HENDERSON,00H,SG,250.72291666666663,250.72367424242424,3.999999999996362,1.2191999999988912,-0.6,41,0.0,1000000.0,-0.6,65.98294,220.9799999999816,-1.3266419999998957
2022-12-28,HENDERSON,00H,SG,250.7590909090909,250.75984848484848,3.999999999996362,1.2191999999988912,-0.6,41,0.0,1000000.0,-0.6,65.98294,222.1991999999805,-1.3339571999998892
2022-12-28,HENDERSON,00H,SG,250.7717803030303,250.7725378787879,3.999999999996362,1.2191999999988912,-0.6,41,0.0,1000000.0,-0.6,65.98294,223.41839999997939,-1.3412723999998826
2022-12-28,HENDERSON,00H,SG,249.57102272727272,249.57178030303027,3.999999999996362,1.2191999999988912,-0.6,41,-0.1,57295.799999999996,-0.6,65.98294,224.63759999997828,-1.348587599999876
2022-12-28,HENDERSON,00H,SG,250.75,250.7507575757576,3.999999999996362,1.2191999999988912,-0.6,41,0.0,1000000.0,-0.6,65.98294,225.85679999997717,-1.3559027999998694
2022-12-28,HENDERSON,00H,SG,250.7092803030303,250.7100378787879,3.999999999996362,1.2191999999988912,-0.6,42,0.0,1000000.0,-0.6,67.59228,227.07599999997606,-1.3632179999998628
2022-12-28,HENDERSON,00H,SG,250.71477272727273,250.7155303030303,3.999999999996362,1.2191999999988912,-0.6,42,0.0,1000000.0,-0.6,67.59228,228.29519999997495,-1.3705331999998562
2022-12-28,HENDERSON,00H,SG,250.7808712121212,250.7816287878788,3.999999999996362,1.2191999999988912,-0.6,41,0.0,1000000.0,-0.6,65.98294,229.51439999997385,-1.3778483999998496
2022-12-28,HENDERSON,00H,SG,250.58674242424243,250.5875,3.999999999996362,1.2191999999988912,-0.6,42,0.0,1000000.0,-0.6,67.59228,230.73359999997274,-1.385163599999843
2022-12-28,HENDERSON,00H,SG,250.6530303030303,250.65378787878788,3.999999999996362,1.2191999999988912,-0.6,42,0.0,1000000.0,-0.6,67.59228,231.95279999997163,-1.3924787999998365
2022-12-28,HENDERSON,00H,SG,250.7844696969697,250.78522727272727,3.999999999996362,1.2191999999988912,-0.6,41,0.0,1000000.0,-0.6,65.98294,233.17199999997052,-1.39979399999983
2022-12-28,HENDERSON,00H,SG,251.63882575757577,251.63958333333332,3.999999999996362,1.2191999999988912,-0.6,43,0.0,1000000.0,-0.6,69.20162,234.39119999996942,-1.4071091999998233
2022-12-28,HENDERSON,00H,SG,249.57367424242423,249.5744318181818,3.999999999996362,1.2191999999988912,-0.6,42,0.0,1000000.0,-0.6,67.59228,235.6103999999683,-1.4144243999998167
2022-12-28,HENDERSON,00H,SG,250.73011363636363,250.7308712121212,3.999999999996362,1.2191999999988912,-0.6,41,0.0,1000000.0,-0.6,65.98294,236.8295999999672,-1.4217395999998101
2022-12-28,HENDERSON,00H,SG,250.7410984848485,250.74185606060607,3.999999999996362,1.2191999999988912,-0.6,41,0.0,1000000.0,-0.6,65.98294,238.0487999999661,-1.4290547999998036
2022-12-28,HENDERSON,00H,SG,250.7554924242424,250.75625,3.999999999996362,1.2191999999988912,-0.6,41,0.0,1000000.0,-0.6,65.98294,239.26799999996499,-1.436369999999797
2022-12-28,HENDERSON,00H,SG,250.72840909090908,250.72916666666663,3.999999999996362,1.2191999999988912,-0.6,41,0.0,1000000.0,-0.6,65.98294,240.48719999996388,-1.4436851999997904
2022-12-28,HENDERSON,00H,SG,250.77708333333337,250.7778409090909,3.999999999996362,1.2191999999988912,-0.6,41,0.0,1000000.0,-0.6,65.98294,241.70639999996277,-1.4510003999997838
2022-12-28,HENDERSON,00H,SG,250.76268939393935,250.76344696969696,3.999999999996362,1.2191999999988912,-0.6,41,0.0,1000000.0,-0.6,65.98294,242.92559999996166,-1.4583155999997772
2022-12-28,HENDERSON,00H,SG,251.6352272727273,251.63598484848484,3.999999999996362,1.2191999999988912,-0.6,43,0.0,1000000.0,-0.6,69.20162,244.14479999996055,-1.4656307999997706
2022-12-28,HENDERSON,00H,SG,251.65246212121212,251.6532196969697,3.999999999996362,1.2191999999988912,-0.6,42,0.0,1000000.0,-0.6,67.59228,245.36399999995945,-1.472945999999764
2022-12-28,HENDERSON,00H,SG,249.54261363636363,249.5433712121212,3.999999999996362,1.2191999999988912,-0.6,41,-0.6,9549.300000000001,-0.6,65.98294,246.58319999995834,-1.4802611999997575
2022-12-28,HENDERSON,00H,SG,247.5971590909091,247.59791666666663,3.999999999996362,1.2191999999988912,-0.6,37,-0.1,57295.799999999996,-0.6,59.54558,247.80239999995723,-1.4875763999997509
2022-12-28,HENDERSON,00H,SG,251.65416666666667,251.65492424242424,3.999999999996362,1.2191999999988912,-0.6,42,0.0,1000000.0,-0.6,67.59228,249.02159999995612,-1.4948915999997443
2022-12-28,HENDERSON,00H,SG,249.53219696969697,249.53295454545457,3.999999999996362,1.2191999999988912,-0.6,41,-1.1,5208.70909090909,-0.6,65.98294,250.24079999995502,-1.5022067999997377
2022-12-28,HENDERSON,00H,SG,251.6623106060606,251.66306818181815,3.999999999996362,1.2191999999988912,-0.6,43,0.0,1000000.0,-0.6,69.20162,251.4599999999539,-1.5095219999997311
2022-12-28,HENDERSON,00H,SG,250.7003787878788,250.70113636363635,3.999999999996362,1.2191999999988912,-0.6,42,0.0,1000000.0,-0.6,67.59228,252.6791999999528,-1.5168371999997246
2022-12-28,HENDERSON,00H,SG,250.71647727272727,250.71723484848485,3.999999999996362,1.2191999999988912,-0.6,42,0.0,1000000.0,-0.6,67.59228,253.8983999999517,-1.524152399999718
2022-12-28,HENDERSON,00H,SG,249.56931818181815,249.57007575757575,3.999999999996362,1.2191999999988912,-0.6,41,-0.1,57295.799999999996,-0.6,65.98294,255.11759999995058,-1.5314675999997114
2022-12-28,HENDERSON,00H,SG,250.80246212121213,250.80321969696973,3.999999999996362,1.2191999999988912,-0.6,41,0.0,1000000.0,-0.6,65.98294,256.33679999994945,-1.5387827999997048
2022-12-28,HENDERSON,00H,SG,249.57178030303027,249.57253787878787,3.999999999996362,1.2191999999988912,-0.6,42,-0.1,57295.799999999996,-0.6,67.59228,257.5559999999483,-1.5460979999996982
2022-12-28,HENDERSON,00H,SG,250.7346590909091,250.73541666666668,3.999999999996362,1.2191999999988912,-0.6,42,0.0,1000000.0,-0.6,67.59228,258.7751999999472,-1.5534131999996916
2022-12-28,HENDERSON,00H,SG,249.54981060606065,249.5505681818182,3.999999999996362,1.2191999999988912,-0.6,41,-0.3,19098.600000000002,-0.6,65.98294,259.99439999994604,-1.560728399999685
2022-12-28,HENDERSON,00H,SG,251.61723484848488,251.61799242424243,3.999999999996362,1.2191999999988912,-0.6,43,0.0,1000000.0,-0.6,69.20162,261.2135999999449,-1.5680435999996785
2022-12-28,HENDERSON,00H,SG,250.66477272727272,250.66553030303027,3.999999999996362,1.2191999999988912,-0.6,42,0.0,1000000.0,-0.6,67.59228,262.43279999994377,-1.5753587999996719
2022-12-28,HENDERSON,00H,SG,250.74545454545455,250.74621212121212,3.999999999996362,1.2191999999988912,-0.6,42,0.0,1000000.0,-0.6,67.59228,263.65199999994263,-1.5826739999996653
2022-12-28,HENDERSON,00H,SG,250.6969696969697,250.6977272727273,3.999999999996362,1.2191999999988912,-0.6,42,0.0,1000000.0,-0.6,67.59228,264.8711999999415,-1.5899891999996587
2022-12-28,HENDERSON,00H,SG,250.77348484848488,250.77424242424243,3.999999999996362,1.2191999999988912,-0.6,41,0.0,1000000.0,-0.6,65.98294,266.09039999994036,-1.5973043999996521
2022-12-28,HENDERSON,00H,SG,249.5293560606061,249.53011363636364,3.999999999996362,1.2191999999988912,-0.6,42,-1.2,4774.650000000001,-0.6,67.59228,267.3095999999392,-1.6046195999996455
2022-12-28,HENDERSON,00H,SG,250.6935606060606,250.69431818181815,3.999999999996362,1.2191999999988912,-0.6,42,0.0,1000000.0,-0.6,67.59228,268.5287999999381,-1.611934799999639
2022-12-28,HENDERSON,00H,SG,247.61155303030304,247.61231060606065,3.999999999996362,1.2191999999988912,-0.6,37,0.0,1000000.0,-0.6,59.54558,269.74799999993695,-1.6192499999996324
2022-12-28,HENDERSON,00H,SG,250.70568181818183,250.7064393939394,3.999999999996362,1.2191999999988912,-0.6,42,0.0,1000000.0,-0.6,67.59228,270.9671999999358,-1.6265651999996258
2022-12-28,HENDERSON,00H,SG,250.72102272727273,250.7217803030303,3.999999999996362,1.2191999999988912,-0.6,41,0.0,1000000.0,-0.6,65.98294,272.1863999999347,-1.6338803999996192
2022-12-28,HENDERSON,00H,SG,249.54185606060605,249.54261363636363,3.999999999996362,1.2191999999988912,-0.6,42,-0.6,9549.300000000001,-0.6,67.59228,273.40559999993354,-1.6411955999996126
2022-12-28,HENDERSON,00H,SG,250.82064393939393,250.8214015151515,3.999999999996362,1.2191999999988912,-0.6,41,0.0,1000000.0,-0.6,65.98294,274.6247999999324,-1.648510799999606
2022-12-28,HENDERSON,00H,SG,251.65795454545457,251.65871212121212,3.999999999996362,1.2191999999988912,-0.6,42,0.0,1000000.0,-0.6,67.59228,275.84399999993127,-1.6558259999995995
2022-12-28,HENDERSON,00H,SG,250.64791666666667,250.64867424242425,3.999999999996362,1.2191999999988912,-0.6,42,0.0,1000000.0,-0.6,67.59228,277.06319999993013,-1.6631411999995929
2022-12-28,HENDERSON,00H,SG,250.70208333333332,250.7028409090909,3.999999999996362,1.2191999999988912,-0.6,42,0.0,1000000.0,-0.6,67.59228,278.282399999929,-1.6704563999995863
2022-12-28,HENDERSON,00H,SG,250.76818181818183,250.7689393939394,3.999999999996362,1.2191999999988912,-0.6,41,0.0,1000000.0,-0.6,65.98294,279.50159999992786,-1.6777715999995797
2022-12-28,HENDERSON,00H,SG,249.52329545454543,249.52405303030304,3.999999999996362,1.2191999999988912,-0.6,41,-1.4,4092.557142857143,-0.6,65.98294,280.7207999999267,-1.6850867999995731
2022-12-28,HENDERSON,00H,SG,249.5339015151515,249.5346590909091,3.999999999996362,1.2191999999988912,-0.6,41,-1.0,5729.58,-0.6,65.98294,281.9399999999256,-1.6924019999995665
2022-12-28,HENDERSON,00H,SG,249.54905303030304,249.54981060606065,3.999999999996362,1.2191999999988912,-0.6,42,-0.3,19098.600000000002,-0.6,67.59228,283.15919999992445,-1.69971719999956
2022-12-28,HENDERSON,00H,SG,250.7518939393939,250.7526515151515,3.999999999996362,1.2191999999988912,-0.6,41,0.0,1000000.0,-0.6,65.98294,284.3783999999233,-1.7070323999995534
2022-12-28,HENDERSON,00H,SG,250.74280303030304,250.7435606060606,3.999999999996362,1.2191999999988912,-0.6,41,0.0,1000000.0,-0.6,65.98294,285.5975999999222,-1.7143475999995468
2022-12-28,HENDERSON,00H,SG,251.64621212121213,251.64696969696973,3.999999999996362,1.2191999999988912,-0.6,43,0.0,1000000.0,-0.6,69.20162,286.81679999992105,-1.7216627999995402
2022-12-28,HENDERSON,00H,SG,250.76458333333332,250.7653409090909,3.999999999996362,1.2191999999988912,-0.6,41,0.0,1000000.0,-0.6,65.98294,288.0359999999199,-1.7289779999995336
2022-12-28,HENDERSON,00H,SG,250.78257575757576,250.78333333333333,3.999999999996362,1.2191999999988912,-0.6,41,0.0,1000000.0,-0.6,65.98294,289.2551999999188,-1.736293199999527
2022-12-28,HENDERSON,00H,SG,247.6026515151515,247.60340909090908,3.999999999996362,1.2191999999988912,-0.6,37,-0.1,57295.799999999996,-0.6,59.54558,290.47439999991764,-1.7436083999995204
2022-12-28,HENDERSON,00H,SG,250.69867424242423,250.6994318181818,3.999999999996362,1.2191999999988912,-0.6,42,0.0,1000000.0,-0.6,67.59228,291.6935999999165,-1.7509235999995139
2022-12-28,HENDERSON,00H,SG,250.78977272727272,250.79053030303027,3.999999999996362,1.2191999999988912,-0.6,41,0.0,1000000.0,-0.6,65.98294,292.91279999991536,-1.7582387999995073
2022-12-28,HENDERSON,00H,SG,249.5787878787879,249.57954545454547,3.999999999996362,1.2191999999988912,-0.6,42,0.0,1000000.0,-0.6,67.59228,294.1319999999142,-1.7655539999995007
2022-12-28,HENDERSON,00H,SG,251.62613636363636,251.6268939393939,3.999999999996362,1.2191999999988912,-0.6,43,0.0,1000000.0,-0.6,69.20162,295.3511999999131,-1.772869199999494
2022-12-28,HENDERSON,00H,SG,249.52083333333337,249.52159090909092,3.999999999996362,1.2191999999988912,-0.6,42,-1.5,3819.72,-0.6,67.59228,296.57039999991196,-1.7801843999994875
2022-12-28,HENDERSON,00H,SG,250.7121212121212,250.7128787878788,3.999999999996362,1.2191999999988912,-0.6,41,0.0,1000000.0,-0.6,65.98294,297.7895999999108,-1.787499599999481
2022-12-28,HENDERSON,00H,SG,251.6278409090909,251.62859848484848,3.999999999996362,1.2191999999988912,-0.6,43,0.0,1000000.0,-0.6,69.20162,299.0087999999097,-1.7948147999994744
2022-12-28,HENDERSON,00H,SG,251.62992424242424,251.6306818181818,3.999999999996362,1.2191999999988912,-0.6,43,0.0,1000000.0,-0.6,69.20162,300.22799999990855,-1.8021299999994678
2022-12-28,HENDERSON,00H,SG,249.5464015151515,249.5471590909091,4.000000000146429,1.2192000000446317,-0.6,41,-0.4,14323.949999999999,-0.6,65.98294,301.44719999995317,-1.8094451999994612
2022-12-28,HENDERSON,00H,SG,251.6405303030303,251.6412878787879,4.000000000146429,1.2192000000446317,-0.6,43,0.0,1000000.0,-0.6,69.20162,302.6663999999978,-1.816760399999729
2022-12-28,HENDERSON,00H,SG,247.60340909090908,247.60435606060605,4.9999999999954525,1.523999999998614,-0.6,38,-0.1,57295.799999999996,-0.6,61.15492,304.19039999999643,-1.824075599999997
2022-12-28,HENDERSON,00H,SG,247.59280303030303,247.59375,4.9999999999954525,1.523999999998614,-0.6,38,-0.2,28647.899999999998,-0.6,61.15492,305.71439999999507,-1.8332195999999885
2022-12-28,HENDERSON,00H,SG,250.69261363636363,250.6935606060606,4.9999999999954525,1.523999999998614,-0.6,41,0.0,1000000.0,-0.6,65.98294,307.2383999999937,-1.8423635999999801
2022-12-28,HENDERSON,00H,SG,250.7155303030303,250.71647727272727,4.9999999999954525,1.523999999998614,-0.6,41,0.0,1000000.0,-0.6,65.98294,308.76239999999234,-1.8515075999999717
2022-12-28,HENDERSON,00H,SG,249.54375,249.54469696969696,4.9999999999954525,1.523999999998614,-0.6,42,-0.5,11459.16,-0.6,67.59228,310.286399999991,-1.8606515999999633
2022-12-28,HENDERSON,00H,SG,250.73181818181817,250.7327651515151,4.9999999999954525,1.523999999998614,-0.6,41,0.0,1000000.0,-0.6,65.98294,311.8103999999896,-1.869795599999955
2022-12-28,HENDERSON,00H,SG,250.66382575757575,250.66477272727272,4.9999999999954525,1.523999999998614,-0.6,41,0.0,1000000.0,-0.6,65.98294,313.33439999998825,-1.8789395999999465
2022-12-28,HENDERSON,00H,SG,250.71117424242425,250.7121212121212,4.9999999999954525,1.523999999998614,-0.6,42,0.0,1000000.0,-0.6,67.59228,314.8583999999869,-1.8880835999999381
2022-12-28,HENDERSON,00H,SG,250.74015151515152,250.7410984848485,4.9999999999954525,1.523999999998614,-0.6,42,0.0,1000000.0,-0.6,67.59228,316.3823999999855,-1.8972275999999297
2022-12-28,HENDERSON,00H,SG,250.7662878787879,250.7672348484849,4.9999999999954525,1.523999999998614,-0.6,41,0.0,1000000.0,-0.6,65.98294,317.90639999998416,-1.9063715999999213
2022-12-28,HENDERSON,00H,SG,250.6977272727273,250.69867424242423,4.9999999999954525,1.523999999998614,-0.6,41,0.0,1000000.0,-0.6,65.98294,319.4303999999828,-1.915515599999913
2022-12-28,HENDERSON,00H,SG,250.76344696969696,250.76439393939393,4.9999999999954525,1.523999999998614,-0.6,42,0.0,1000000.0,-0.6,67.59228,320.95439999998143,-1.9246595999999045
2022-12-28,HENDERSON,00H,SG,250.74905303030303,250.75,4.9999999999954525,1.523999999998614,-0.6,42,0.0,1000000.0,-0.6,67.59228,322.47839999998007,-1.9338035999998962
2022-12-28,HENDERSON,00H,SG,250.72556818181815,250.72651515151512,4.9999999999954525,1.523999999998614,-0.6,42,0.0,1000000.0,-0.6,67.59228,324.0023999999787,-1.9429475999998878
2022-12-28,HENDERSON,00H,SG,249.5407196969697,249.54166666666663,4.9999999999954525,1.523999999998614,-0.6,41,-0.7,8185.114285714286,-0.6,65.98294,325.52639999997734,-1.9520915999998794
2022-12-28,HENDERSON,00H,SG,250.7382575757576,250.73920454545456,4.9999999999954525,1.523999999998614,-0.6,42,0.0,1000000.0,-0.6,67.59228,327.050399999976,-1.961235599999871
2022-12-28,HENDERSON,00H,SG,250.74621212121212,250.7471590909091,4.9999999999954525,1.523999999998614,-0.6,41,0.0,1000000.0,-0.6,65.98294,328.5743999999746,-1.9703795999998626
2022-12-28,HENDERSON,00H,SG,250.73731060606065,250.7382575757576,4.9999999999954525,1.523999999998614,-0.6,41,0.0,1000000.0,-0.6,65.98294,330.09839999997325,-1.9795235999998542
2022-12-28,HENDERSON,00H,SG,250.7751893939394,250.77613636363637,4.9999999999954525,1.523999999998614,-0.6,41,0.0,1000000.0,-0.6,65.98294,331.6223999999719,-1.9886675999998458
2022-12-28,HENDERSON,00H,SG,250.72916666666663,250.73011363636363,4.9999999999954525,1.523999999998614,-0.6,42,0.0,1000000.0,-0.6,67.59228,333.1463999999705,-1.9978115999998374
2022-12-28,HENDERSON,00H,SG,249.53977272727272,249.5407196969697,4.9999999999954525,1.523999999998614,-0.6,42,-0.7,8185.114285714286,-0.6,67.59228,334.67039999996916,-2.006955599999829
2022-12-28,HENDERSON,00H,SG,249.86458333333337,249.8655303030303,4.9999999999954525,1.523999999998614,-0.6,41,-0.1,57295.799999999996,-0.6,65.98294,336.1943999999678,-2.0160995999998206
2022-12-28,HENDERSON,00H,SG,250.7526515151515,250.75359848484848,4.9999999999954525,1.523999999998614,-0.6,42,0.0,1000000.0,-0.6,67.59228,337.71839999996644,-2.025243599999812
2022-12-28,HENDERSON,00H,SG,250.73636363636365,250.73731060606065,4.9999999999954525,1.523999999998614,-0.6,42,0.0,1000000.0,-0.6,67.59228,339.2423999999651,-2.034387599999804
2022-12-28,HENDERSON,00H,SG,250.7816287878788,250.78257575757576,4.9999999999954525,1.523999999998614,-0.6,42,0.0,1000000.0,-0.6,67.59228,340.7663999999637,-2.0435315999997954
2022-12-28,HENDERSON,00H,SG,251.6412878787879,251.6422348484849,4.9999999999954525,1.523999999998614,-0.6,42,0.0,1000000.0,-0.6,67.59228,342.29039999996235,-2.052675599999787
2022-12-28,HENDERSON,00H,SG,249.5378787878788,249.53882575757575,4.9999999999954525,1.523999999998614,-0.6,42,-0.8,7161.974999999999,-0.6,67.59228,343.814399999961,-2.0618195999997786
2022-12-28,HENDERSON,00H,SG,250.7672348484849,250.76818181818183,4.9999999999954525,1.523999999998614,-0.6,42,0.0,1000000.0,-0.6,67.59228,345.3383999999596,-2.07096359999977
2022-12-28,HENDERSON,00H,SG,250.72651515151512,250.7274621212121,4.9999999999954525,1.523999999998614,-0.6,41,0.0,1000000.0,-0.6,65.98294,346.86239999995826,-2.080107599999762
2022-12-28,HENDERSON,00H,SG,251.61799242424243,251.6189393939394,4.9999999999954525,1.523999999998614,-0.6,42,0.0,1000000.0,-0.6,67.59228,348.3863999999569,-2.0892515999997534
2022-12-28,HENDERSON,00H,SG,249.5566287878788,249.55757575757576,4.9999999999954525,1.523999999998614,-0.6,41,-0.2,28647.899999999998,-0.6,65.98294,349.91039999995553,-2.098395599999745
2022-12-28,HENDERSON,00H,SG,251.63958333333332,251.6405303030303,4.9999999999954525,1.523999999998614,-0.6,42,0.0,1000000.0,-0.6,67.59228,351.43439999995417,-2.1075395999997366
2022-12-28,HENDERSON,00H,SG,249.57007575757575,249.57102272727272,4.9999999999954525,1.523999999998614,-0.6,42,-0.1,57295.799999999996,-0.6,67.59228,352.9583999999528,-2.116683599999728
2022-12-28,HENDERSON,00H,SG,250.72007575757576,250.72102272727273,4.9999999999954525,1.523999999998614,-0.6,42,0.0,1000000.0,-0.6,67.59228,354.48239999995144,-2.12582759999972
2022-12-28,HENDERSON,00H,SG,251.6433712121212,251.6443181818182,4.9999999999954525,1.523999999998614,-0.6,42,0.0,1000000.0,-0.6,67.59228,356.0063999999501,-2.1349715999997114
2022-12-28,HENDERSON,00H,SG,251.6268939393939,251.6278409090909,4.9999999999954525,1.523999999998614,-0.6,42,0.0,1000000.0,-0.6,67.59228,357.5303999999487,-2.144115599999703
2022-12-28,HENDERSON,00H,SG,251.66306818181815,251.66401515151512,4.9999999999954525,1.523999999998614,-0.6,42,0.0,1000000.0,-0.6,67.59228,359.05439999994735,-2.1532595999996946
2022-12-28,HENDERSON,00H,SG,247.59015151515152,247.5910984848485,4.9999999999954525,1.523999999998614,-0.6,37,-0.3,19098.600000000002,-0.6,59.54558,360.578399999946,-2.1624035999996862
2022-12-28,HENDERSON,00H,SG,249.52405303030304,249.525,4.9999999999954525,1.523999999998614,-0.6,42,-1.4,4092.557142857143,-0.6,67.59228,362.1023999999446,-2.171547599999678
2022-12-28,HENDERSON,00H,SG,250.7191287878788,250.72007575757576,4.9999999999954525,1.523999999998614,-0.6,41,0.0,1000000.0,-0.6,65.98294,363.62639999994326,-2.1806915999996694
2022-12-28,HENDERSON,00H,SG,251.6532196969697,251.65416666666667,4.9999999999954525,1.523999999998614,-0.6,43,0.0,1000000.0,-0.6,69.20162,365.1503999999419,-2.189835599999661
2022-12-28,HENDERSON,00H,SG,250.7246212121212,250.72556818181815,4.9999999999954525,1.523999999998614,-0.6,41,0.0,1000000.0,-0.6,65.98294,366.67439999994053,-2.1989795999996526
2022-12-28,HENDERSON,00H,SG,251.65492424242424,251.6558712121212,4.9999999999954525,1.523999999998614,-0.6,43,0.0,1000000.0,-0.6,69.20162,368.19839999993917,-2.2081235999996442
2022-12-28,HENDERSON,00H,SG,250.77424242424243,250.7751893939394,4.9999999999954525,1.523999999998614,-0.6,42,0.0,1000000.0,-0.6,67.59228,369.7223999999378,-2.217267599999636
2022-12-28,HENDERSON,00H,SG,250.71382575757576,250.71477272727273,4.9999999999954525,1.523999999998614,-0.6,41,0.0,1000000.0,-0.6,65.98294,371.24639999993644,-2.2264115999996275
2022-12-28,HENDERSON,00H,SG,250.7308712121212,250.73181818181817,4.9999999999954525,1.523999999998614,-0.6,42,0.0,1000000.0,-0.6,67.59228,372.7703999999351,-2.235555599999619
2022-12-28,HENDERSON,00H,SG,251.66136363636363,251.6623106060606,4.9999999999954525,1.523999999998614,-0.6,42,0.0,1000000.0,-0.6,67.59228,374.2943999999337,-2.2446995999996107
2022-12-28,HENDERSON,00H,SG,250.67064393939393,250.6715909090909,4.9999999999954525,1.523999999998614,-0.6,41,0.0,1000000.0,-0.6,65.98294,375.81839999993235,-2.2538435999996023
2022-12-28,HENDERSON,00H,SG,250.73920454545456,250.74015151515152,4.9999999999954525,1.523999999998614,-0.6,41,0.0,1000000.0,-0.6,65.98294,377.342399999931,-2.262987599999594
2022-12-28,HENDERSON,00H,SG,250.75814393939393,250.7590909090909,4.9999999999954525,1.523999999998614,-0.6,42,0.0,1000000.0,-0.6,67.59228,378.8663999999296,-2.2721315999995855
2022-12-28,HENDERSON,00H,SG,250.77613636363637,250.77708333333337,4.9999999999954525,1.523999999998614,-0.6,42,0.0,1000000.0,-0.6,67.59228,380.39039999992826,-2.281275599999577
2022-12-28,HENDERSON,00H,SG,250.75719696969696,250.75814393939393,4.9999999999954525,1.523999999998614,-0.6,41,0.0,1000000.0,-0.6,65.98294,381.9143999999269,-2.2904195999995687
2022-12-28,HENDERSON,00H,SG,249.75113636363636,249.75208333333333,4.9999999999954525,1.523999999998614,-0.6,41,-0.1,57295.799999999996,-0.6,65.98294,383.43839999992554,-2.2995635999995603
2022-12-28,HENDERSON,00H,SG,249.86647727272728,249.86742424242425,4.9999999999954525,1.523999999998614,-0.6,41,0.0,1000000.0,-0.6,65.98294,384.9623999999242,-2.308707599999552
2022-12-28,HENDERSON,00H,SG,250.7471590909091,250.7481060606061,4.9999999999954525,1.523999999998614,-0.6,42,0.0,1000000.0,-0.6,67.59228,386.4863999999228,-2.3178515999995435
2022-12-28,HENDERSON,00H,SG,250.7481060606061,250.74905303030303,4.9999999999954525,1.523999999998614,-0.6,41,0.0,1000000.0,-0.6,65.98294,388.01039999992145,-2.326995599999535
2022-12-28,HENDERSON,00H,SG,249.5727272727273,249.57367424242423,4.9999999999954525,1.523999999998614,-0.6,41,0.0,1000000.0,-0.6,65.98294,389.5343999999201,-2.3361395999995267
2022-12-28,HENDERSON,00H,SG,250.7274621212121,250.72840909090908,4.9999999999954525,1.523999999998614,-0.6,42,0.0,1000000.0,-0.6,67.59228,391.0583999999187,-2.3452835999995183
2022-12-28,HENDERSON,00H,SG,250.75625,250.75719696969696,4.9999999999954525,1.523999999998614,-0.6,42,0.0,1000000.0,-0.6,67.59228,392.58239999991736,-2.35442759999951
2022-12-28,HENDERSON,00H,SG,250.7725378787879,250.77348484848488,4.9999999999954525,1.523999999998614,-0.6,42,0.0,1000000.0,-0.6,67.59228,394.106399999916,-2.3635715999995015
2022-12-28,HENDERSON,00H,SG,251.64696969696973,251.64791666666667,4.9999999999954525,1.523999999998614,-0.6,42,0.0,1000000.0,-0.6,67.59228,395.63039999991463,-2.372715599999493
2022-12-28,HENDERSON,00H,SG,251.66041666666663,251.66136363636363,4.9999999999954525,1.523999999998614,-0.6,43,0.0,1000000.0,-0.6,69.20162,397.15439999991327,-2.3818595999994847
2022-12-28,HENDERSON,00H,SG,250.75454545454545,250.7554924242424,4.9999999999954525,1.523999999998614,-0.6,42,0.0,1000000.0,-0.6,67.59228,398.6783999999119,-2.3910035999994763
2022-12-28,HENDERSON,00H,SG,250.72367424242424,250.7246212121212,4.9999999999954525,1.523999999998614,-0.6,42,0.0,1000000.0,-0.6,67.59228,400.20239999991054,-2.400147599999468
2022-12-28,HENDERSON,00H,SG,250.74185606060607,250.74280303030304,4.9999999999954525,1.523999999998614,-0.6,42,0.0,1000000.0,-0.6,67.59228,401.7263999999092,-2.4092915999994595
2022-12-28,HENDERSON,00H,SG,249.54507575757577,249.5460227272727,4.9999999999954525,1.523999999998614,-0.6,42,-0.5,11459.16,-0.6,67.59228,403.2503999999078,-2.418435599999451
2022-12-28,HENDERSON,00H,SG,250.6994318181818,250.7003787878788,4.9999999999954525,1.523999999998614,-0.6,41,0.0,1000000.0,-0.6,65.98294,404.77439999990645,-2.4275795999994427
2022-12-28,HENDERSON,00H,SG,250.70113636363635,250.70208333333332,4.9999999999954525,1.523999999998614,-0.6,41,0.0,1000000.0,-0.6,65.98294,406.2983999999051,-2.4367235999994343
2022-12-28,HENDERSON,00H,SG,251.6558712121212,251.65681818181815,4.9999999999954525,1.523999999998614,-0.6,42,0.0,1000000.0,-0.6,67.59228,407.8223999999037,-2.445867599999426
2022-12-28,HENDERSON,00H,SG,250.7128787878788,250.71382575757576,4.9999999999954525,1.523999999998614,-0.6,42,0.0,1000000.0,-0.6,67.59228,409.34639999990236,-2.4550115999994175
2022-12-28,HENDERSON,00H,SG,250.75359848484848,250.75454545454545,4.9999999999954525,1.523999999998614,-0.6,41,0.0,1000000.0,-0.6,65.98294,410.870399999901,-2.464155599999409
2022-12-28,HENDERSON,00H,SG,250.73541666666668,250.73636363636365,4.9999999999954525,1.523999999998614,-0.6,41,0.0,1000000.0,-0.6,65.98294,412.39439999989963,-2.4732995999994007
2022-12-28,HENDERSON,00H,SG,250.7435606060606,250.7445075757576,4.9999999999954525,1.523999999998614,-0.6,42,0.0,1000000.0,-0.6,67.59228,413.91839999989827,-2.4824435999993923
2022-12-28,HENDERSON,00H,SG,250.7445075757576,250.74545454545455,4.9999999999954525,1.523999999998614,-0.6,41,0.0,1000000.0,-0.6,65.98294,415.4423999998969,-2.491587599999384
2022-12-28,HENDERSON,00H,SG,250.7653409090909,250.7662878787879,5.000000000145519,1.5240000000443543,-0.6,42,0.0,1000000.0,-0.6,67.59228,416.96639999994125,-2.5007315999993756
2022-12-28,HENDERSON,00H,SG,251.65681818181815,251.65795454545457,5.999999999994543,1.8287999999983369,-0.6,43,0.0,1000000.0,-0.6,69.20162,418.7951999999396,-2.5098755999996416
2022-12-28,HENDERSON,00H,SG,247.60151515151512,247.6026515151515,5.999999999994543,1.8287999999983369,-0.6,38,-0.1,57295.799999999996,-0.6,61.15492,420.62399999993795,-2.5208483999996316
2022-12-28,HENDERSON,00H,SG,250.69431818181815,250.69545454545457,5.999999999994543,1.8287999999983369,-0.6,41,0.0,1000000.0,-0.6,65.98294,422.4527999999363,-2.5318211999996216
2022-12-28,HENDERSON,00H,SG,249.57954545454547,249.58068181818183,5.999999999994543,1.8287999999983369,-0.6,41,0.0,1000000.0,-0.6,65.98294,424.28159999993466,-2.5427939999996116
2022-12-28,HENDERSON,00H,SG,250.68238636363637,250.68352272727273,5.999999999994543,1.8287999999983369,-0.6,41,0.0,1000000.0,-0.6,65.98294,426.110399999933,-2.5537667999996017
2022-12-28,HENDERSON,00H,SG,250.7507575757576,250.7518939393939,5.999999999994543,1.8287999999983369,-0.6,42,0.0,1000000.0,-0.6,67.59228,427.93919999993136,-2.5647395999995917
2022-12-28,HENDERSON,00H,SG,247.59166666666667,247.59280303030303,5.999999999994543,1.8287999999983369,-0.6,37,-0.2,28647.899999999998,-0.6,59.54558,429.7679999999297,-2.5757123999995817
2022-12-28,HENDERSON,00H,SG,250.69583333333333,250.6969696969697,5.999999999994543,1.8287999999983369,-0.6,41,0.0,1000000.0,-0.6,65.98294,431.59679999992807,-2.5866851999995717
2022-12-28,HENDERSON,00H,SG,250.82670454545453,250.8278409090909,5.999999999994543,1.8287999999983369,-0.6,42,0.0,1000000.0,-0.6,67.59228,433.4255999999264,-2.5976579999995617
2022-12-28,HENDERSON,00H,SG,250.7100378787879,250.71117424242425,5.999999999994543,1.8287999999983369,-0.6,41,0.0,1000000.0,-0.6,65.98294,435.2543999999248,-2.6086307999995517
2022-12-28,HENDERSON,00H,SG,250.6570075757576,250.6581439393939,5.999999999994543,1.8287999999983369,-0.6,41,0.0,1000000.0,-0.6,65.98294,437.0831999999231,-2.6196035999995417
2022-12-28,HENDERSON,00H,SG,250.68579545454543,250.68693181818185,5.999999999994543,1.8287999999983369,-0.6,41,0.0,1000000.0,-0.6,65.98294,438.9119999999215,-2.6305763999995317
2022-12-28,HENDERSON,00H,SG,249.5681818181818,249.56931818181815,5.999999999994543,1.8287999999983369,-0.6,42,-0.1,57295.799999999996,-0.6,67.59228,440.74079999991983,-2.6415491999995218
2022-12-28,HENDERSON,00H,SG,250.66553030303027,250.66666666666663,5.999999999994543,1.8287999999983369,-0.6,41,0.0,1000000.0,-0.6,65.98294,442.5695999999182,-2.6525219999995118
2022-12-28,HENDERSON,00H,SG,251.63598484848484,251.6371212121212,5.999999999994543,1.8287999999983369,-0.6,42,0.0,1000000.0,-0.6,67.59228,444.39839999991653,-2.663494799999502
2022-12-28,HENDERSON,00H,SG,251.6496212121212,251.6507575757576,5.999999999994543,1.8287999999983369,-0.6,43,0.0,1000000.0,-0.6,69.20162,446.2271999999149,-2.674467599999492
2022-12-28,HENDERSON,00H,SG,250.77973484848485,250.7808712121212,5.999999999994543,1.8287999999983369,-0.6,42,0.0,1000000.0,-0.6,67.59228,448.05599999991324,-2.685440399999482
2022-12-28,HENDERSON,00H,SG,249.78276515151515,249.7839015151515,5.999999999994543,1.8287999999983369,-0.6,41,-0.1,57295.799999999996,-0.6,65.98294,449.8847999999116,-2.696413199999472
2022-12-28,HENDERSON,00H,SG,250.6772727272727,250.6784090909091,5.999999999994543,1.8287999999983369,-0.6,41,0.0,1000000.0,-0.6,65.98294,451.71359999990995,-2.707385999999462
2022-12-28,HENDERSON,00H,SG,250.76155303030305,250.76268939393935,5.999999999994543,1.8287999999983369,-0.6,42,0.0,1000000.0,-0.6,67.59228,453.5423999999083,-2.718358799999452
2022-12-28,HENDERSON,00H,SG,250.6316287878788,250.63276515151512,5.999999999994543,1.8287999999983369,-0.6,41,0.0,1000000.0,-0.6,65.98294,455.37119999990665,-2.729331599999442
2022-12-28,HENDERSON,00H,SG,250.66704545454544,250.6681818181818,5.999999999994543,1.8287999999983369,-0.6,41,0.0,1000000.0,-0.6,65.98294,457.199999999905,-2.740304399999432
2022-12-28,HENDERSON,00H,SG,250.7064393939394,250.70757575757577,5.999999999994543,1.8287999999983369,-0.6,41,0.0,1000000.0,-0.6,65.98294,459.02879999990336,-2.751277199999422
2022-12-28,HENDERSON,00H,SG,250.77064393939395,250.7717803030303,5.999999999994543,1.8287999999983369,-0.6,42,0.0,1000000.0,-0.6,67.59228,460.8575999999017,-2.762249999999412
2022-12-28,HENDERSON,00H,SG,250.7689393939394,250.77007575757577,5.999999999994543,1.8287999999983369,-0.6,42,0.0,1000000.0,-0.6,67.59228,462.68639999990006,-2.773222799999402
2022-12-28,HENDERSON,00H,SG,250.78522727272727,250.78636363636363,5.999999999994543,1.8287999999983369,-0.6,42,0.0,1000000.0,-0.6,67.59228,464.5151999998984,-2.784195599999392
2022-12-28,HENDERSON,00H,SG,251.6422348484849,251.6433712121212,5.999999999994543,1.8287999999983369,-0.6,43,0.0,1000000.0,-0.6,69.20162,466.34399999989677,-2.795168399999382
2022-12-28,HENDERSON,00H,SG,250.65189393939391,250.6530303030303,5.999999999994543,1.8287999999983369,-0.6,41,0.0,1000000.0,-0.6,65.98294,468.1727999998951,-2.806141199999372
2022-12-28,HENDERSON,00H,SG,250.68068181818185,250.6818181818182,5.999999999994543,1.8287999999983369,-0.6,41,0.0,1000000.0,-0.6,65.98294,470.0015999998935,-2.817113999999362
2022-12-28,HENDERSON,00H,SG,251.66950757575756,251.67064393939393,5.999999999994543,1.8287999999983369,-0.6,43,0.0,1000000.0,-0.6,69.20162,471.8303999998918,-2.828086799999352
2022-12-28,HENDERSON,00H,SG,249.5310606060606,249.53219696969697,5.999999999994543,1.8287999999983369,-0.6,42,-1.1,5208.70909090909,-0.6,67.59228,473.6591999998902,-2.839059599999342
2022-12-28,HENDERSON,00H,SG,250.64867424242425,250.6498106060606,5.999999999994543,1.8287999999983369,-0.6,41,0.0,1000000.0,-0.6,65.98294,475.48799999988853,-2.850032399999332
2022-12-28,HENDERSON,00H,SG,251.65132575757576,251.65246212121212,5.999999999994543,1.8287999999983369,-0.6,43,0.0,1000000.0,-0.6,69.20162,477.3167999998869,-2.861005199999322
2022-12-28,HENDERSON,00H,SG,251.65871212121212,251.65984848484848,5.999999999994543,1.8287999999983369,-0.6,43,0.0,1000000.0,-0.6,69.20162,479.14559999988523,-2.871977999999312
2022-12-28,HENDERSON,00H,SG,250.81950757575757,250.82064393939393,5.999999999994543,1.8287999999983369,-0.6,42,0.0,1000000.0,-0.6,67.59228,480.9743999998836,-2.882950799999302
2022-12-28,HENDERSON,00H,SG,251.66401515151512,251.6651515151515,5.999999999994543,1.8287999999983369,-0.6,43,0.0,1000000.0,-0.6,69.20162,482.80319999988194,-2.893923599999292
2022-12-28,HENDERSON,00H,SG,250.6755681818182,250.67670454545456,5.999999999994543,1.8287999999983369,-0.6,41,0.0,1000000.0,-0.6,65.98294,484.6319999998803,-2.904896399999282
2022-12-28,HENDERSON,00H,SG,249.5257575757576,249.52689393939391,5.999999999994543,1.8287999999983369,-0.6,42,-1.3,4407.369230769231,-0.6,67.59228,486.46079999987865,-2.915869199999272
2022-12-28,HENDERSON,00H,SG,251.6306818181818,251.63181818181815,5.999999999994543,1.8287999999983369,-0.6,42,0.0,1000000.0,-0.6,67.59228,488.289599999877,-2.926841999999262
2022-12-28,HENDERSON,00H,SG,249.5744318181818,249.57556818181817,5.999999999994543,1.8287999999983369,-0.6,41,0.0,1000000.0,-0.6,65.98294,490.11839999987535,-2.937814799999252
2022-12-28,HENDERSON,00H,SG,250.6621212121212,250.66325757575757,5.999999999994543,1.8287999999983369,-0.6,41,0.0,1000000.0,-0.6,65.98294,491.9471999998737,-2.948787599999242
2022-12-28,HENDERSON,00H,SG,250.67386363636365,250.675,5.999999999994543,1.8287999999983369,-0.6,41,0.0,1000000.0,-0.6,65.98294,493.77599999987206,-2.959760399999232
2022-12-28,HENDERSON,00H,SG,250.7217803030303,250.72291666666663,5.999999999994543,1.8287999999983369,-0.6,42,0.0,1000000.0,-0.6,67.59228,495.6047999998704,-2.970733199999222
2022-12-28,HENDERSON,00H,SG,250.75984848484848,250.76098484848484,5.999999999994543,1.8287999999983369,-0.6,42,0.0,1000000.0,-0.6,67.59228,497.43359999986876,-2.981705999999212
2022-12-28,HENDERSON,00H,SG,250.81041666666667,250.81155303030303,5.999999999994543,1.8287999999983369,-0.6,42,0.1,57295.799999999996,-0.6,67.59228,499.2623999998671,-2.992678799999202
2022-12-28,HENDERSON,00H,SG,250.80321969696973,250.80435606060607,5.999999999994543,1.8287999999983369,-0.6,42,0.0,1000000.0,-0.6,67.59228,501.09119999986547,-3.003651599999192
2022-12-28,HENDERSON,00H,SG,250.6535984848485,250.65473484848485,5.999999999994543,1.8287999999983369,-0.6,41,0.0,1000000.0,-0.6,65.98294,502.9199999998638,-3.014624399999182
2022-12-28,HENDERSON,00H,SG,250.71723484848485,250.7183712121212,5.999999999994543,1.8287999999983369,-0.6,41,0.0,1000000.0,-0.6,65.98294,504.7487999998622,-3.025597199999172
2022-12-28,HENDERSON,00H,SG,250.7996212121212,250.8007575757576,5.999999999994543,1.8287999999983369,-0.6,42,0.0,1000000.0,-0.6,67.59228,506.5775999998605,-3.036569999999162
2022-12-28,HENDERSON,00H,SG,247.60511363636363,247.60625,5.999999999994543,1.8287999999983369,-0.6,38,0.0,1000000.0,-0.6,61.15492,508.4063999998589,-3.0475427999991522
2022-12-28,HENDERSON,00H,SG,251.64848484848488,251.6496212121212,5.999999999994543,1.8287999999983369,-0.6,42,0.0,1000000.0,-0.6,67.59228,510.23519999985723,-3.0585155999991422
2022-12-28,HENDERSON,00H,SG,249.86818181818185,249.8693181818182,5.999999999994543,1.8287999999983369,-0.6,41,0.0,1000000.0,-0.6,65.98294,512.0639999998556,-3.0694883999991323
2022-12-28,HENDERSON,00H,SG,251.6340909090909,251.6352272727273,5.999999999994543,1.8287999999983369,-0.6,42,0.0,1000000.0,-0.6,67.59228,513.8927999998539,-3.0804611999991223
2022-12-28,HENDERSON,00H,SG,250.78863636363636,250.78977272727272,5.999999999994543,1.8287999999983369,-0.6,42,0.0,1000000.0,-0.6,67.59228,515.7215999998522,-3.0914339999991123
2022-12-28,HENDERSON,00H,SG,250.70814393939395,250.7092803030303,5.999999999994543,1.8287999999983369,-0.6,41,0.0,1000000.0,-0.6,65.98294,517.5503999998505,-3.1024067999991023
2022-12-28,HENDERSON,00H,SG,247.61041666666668,247.61155303030304,5.999999999994543,1.8287999999983369,-0.6,38,0.0,1000000.0,-0.6,61.15492,519.3791999998488,-3.1133795999990923
2022-12-28,HENDERSON,00H,SG,250.58560606060607,250.58674242424243,5.999999999994543,1.8287999999983369,-0.6,41,0.0,1000000.0,-0.6,65.98294,521.2079999998471,-3.1243523999990823
2022-12-28,HENDERSON,00H,SG,250.6875,250.68863636363636,5.999999999994543,1.8287999999983369,-0.6,41,0.0,1000000.0,-0.6,65.98294,523.0367999998454,-3.1353251999990723
2022-12-28,HENDERSON,00H,SG,250.78333333333333,250.7844696969697,5.999999999994543,1.8287999999983369,-0.6,42,0.0,1000000.0,-0.6,67.59228,524.8655999998437,-3.1462979999990623
2022-12-28,HENDERSON,00H,SG,250.6501893939394,250.65132575757576,5.999999999994543,1.8287999999983369,-0.6,41,0.0,1000000.0,-0.6,65.98294,526.694399999842,-3.1572707999990524
2022-12-28,HENDERSON,00H,SG,250.7028409090909,250.7039772727273,6.00000000014461,1.8288000000440772,-0.6,41,0.0,1000000.0,-0.6,65.98294,528.5231999998861,-3.1682435999990424
2022-12-28,HENDERSON,00H,SG,249.5776515151515,249.5787878787879,6.00000000014461,1.8288000000440772,-0.6,41,0.0,1000000.0,-0.6,65.98294,530.3519999999302,-3.179216399999307
2022-12-28,HENDERSON,00H,SG,250.7335227272727,250.7346590909091,6.00000000014461,1.8288000000440772,-0.6,41,0.0,1000000.0,-0.6,65.98294,532.1807999999743,-3.1901891999995713
2022-12-28,HENDERSON,00H,SG,250.7960227272727,250.7971590909091,6.00000000014461,1.8288000000440772,-0.6,42,0.0,1000000.0,-0.6,67.59228,534.0096000000184,-3.2011619999998357
2022-12-28,HENDERSON,00H,SG,250.68901515151515,250.6903409090909,6.9999999999936335,2.1335999999980597,-0.6,41,0.0,1000000.0,-0.6,65.98294,536.1432000000165,-3.2121348000001
2022-12-28,HENDERSON,00H,SG,251.6784090909091,251.67973484848488,6.9999999999936335,2.1335999999980597,-0.6,43,0.0,1000000.0,-0.6,69.20162,538.2768000000145,-3.2249364000000886
2022-12-28,HENDERSON,00H,SG,249.58125,249.58257575757577,6.9999999999936335,2.1335999999980597,-0.6,41,0.0,1000000.0,-0.6,65.98294,540.4104000000126,-3.237738000000077
2022-12-28,HENDERSON,00H,SG,251.61231060606065,251.61363636363637,6.9999999999936335,2.1335999999980597,-0.6,42,0.0,1000000.0,-0.6,67.59228,542.5440000000107,-3.2505396000000655
2022-12-28,HENDERSON,00H,SG,250.63314393939393,250.6344696969697,6.9999999999936335,2.1335999999980597,-0.6,41,0.0,1000000.0,-0.6,65.98294,544.6776000000087,-3.263341200000054
2022-12-28,HENDERSON,00H,SG,250.80852272727273,250.8098484848485,6.9999999999936335,2.1335999999980597,-0.6,42,0.1,57295.799999999996,-0.6,67.59228,546.8112000000068,-3.2761428000000423
2022-12-28,HENDERSON,00H,SG,251.6231060606061,251.62443181818185,6.9999999999936335,2.1335999999980597,-0.6,42,0.0,1000000.0,-0.6,67.59228,548.9448000000049,-3.2889444000000307
2022-12-28,HENDERSON,00H,SG,249.52746212121212,249.52878787878788,6.9999999999936335,2.1335999999980597,-0.6,42,-1.3,4407.369230769231,-0.6,67.59228,551.078400000003,-3.301746000000019
2022-12-28,HENDERSON,00H,SG,250.80511363636364,250.8064393939394,6.9999999999936335,2.1335999999980597,-0.6,42,0.1,57295.799999999996,-0.6,67.59228,553.212000000001,-3.3145476000000076
2022-12-28,HENDERSON,00H,SG,250.6721590909091,250.6734848484849,6.9999999999936335,2.1335999999980597,-0.6,41,0.0,1000000.0,-0.6,65.98294,555.3455999999991,-3.327349199999996
2022-12-28,HENDERSON,00H,SG,250.66875,250.67007575757577,6.9999999999936335,2.1335999999980597,-0.6,41,0.0,1000000.0,-0.6,65.98294,557.4791999999971,-3.3401507999999844
2022-12-28,HENDERSON,00H,SG,247.59431818181815,247.5956439393939,6.9999999999936335,2.1335999999980597,-0.6,38,-0.2,28647.899999999998,-0.6,61.15492,559.6127999999952,-3.352952399999973
2022-12-28,HENDERSON,00H,SG,250.7977272727273,250.79905303030304,6.9999999999936335,2.1335999999980597,-0.6,42,0.0,1000000.0,-0.6,67.59228,561.7463999999933,-3.3657539999999613
2022-12-28,HENDERSON,00H,SG,250.8248106060606,250.82613636363635,6.9999999999936335,2.1335999999980597,-0.6,42,0.0,1000000.0,-0.6,67.59228,563.8799999999914,-3.3785555999999497
2022-12-28,HENDERSON,00H,SG,250.6787878787879,250.68011363636364,6.9999999999936335,2.1335999999980597,-0.6,41,0.0,1000000.0,-0.6,65.98294,566.0135999999894,-3.391357199999938
2022-12-28,HENDERSON,00H,SG,247.5996212121212,247.60094696969696,6.9999999999936335,2.1335999999980597,-0.6,38,-0.1,57295.799999999996,-0.6,61.15492,568.1471999999875,-3.4041587999999265
2022-12-28,HENDERSON,00H,SG,251.62859848484848,251.62992424242424,6.9999999999936335,2.1335999999980597,-0.6,42,0.0,1000000.0,-0.6,67.59228,570.2807999999856,-3.416960399999915
2022-12-28,HENDERSON,00H,SG,249.77632575757576,249.77765151515152,6.9999999999936335,2.1335999999980597,-0.6,41,0.0,1000000.0,-0.6,65.98294,572.4143999999836,-3.4297619999999034
2022-12-28,HENDERSON,00H,SG,249.86988636363637,249.87121212121212,6.9999999999936335,2.1335999999980597,-0.6,41,0.0,1000000.0,-0.6,65.98294,574.5479999999817,-3.442563599999892
2022-12-28,HENDERSON,00H,SG,247.6155303030303,247.61685606060607,6.9999999999936335,2.1335999999980597,-0.6,38,0.0,1000000.0,-0.6,61.15492,576.6815999999798,-3.4553651999998802
2022-12-28,HENDERSON,00H,SG,251.6032196969697,251.60454545454544,6.9999999999936335,2.1335999999980597,-0.6,42,0.0,1000000.0,-0.6,67.59228,578.8151999999778,-3.4681667999998687
2022-12-28,HENDERSON,00H,SG,251.6248106060606,251.62613636363636,6.9999999999936335,2.1335999999980597,-0.6,42,0.0,1000000.0,-0.6,67.59228,580.9487999999759,-3.480968399999857
2022-12-28,HENDERSON,00H,SG,249.53617424242424,249.5375,6.9999999999936335,2.1335999999980597,-0.6,42,-0.9,6366.2,-0.6,67.59228,583.082399999974,-3.4937699999998455
2022-12-28,HENDERSON,00H,SG,250.8121212121212,250.81344696969697,6.9999999999936335,2.1335999999980597,-0.6,42,0.1,57295.799999999996,-0.6,67.59228,585.215999999972,-3.506571599999834
2022-12-28,HENDERSON,00H,SG,250.6907196969697,250.69204545454545,6.9999999999936335,2.1335999999980597,-0.6,41,0.0,1000000.0,-0.6,65.98294,587.3495999999701,-3.5193731999998223
2022-12-28,HENDERSON,00H,SG,251.59772727272727,251.59905303030305,6.9999999999936335,2.1335999999980597,-0.6,42,0.0,1000000.0,-0.6,67.59228,589.4831999999682,-3.5321747999998108
2022-12-28,HENDERSON,00H,SG,250.62651515151515,250.6278409090909,6.9999999999936335,2.1335999999980597,-0.6,41,0.0,1000000.0,-0.6,65.98294,591.6167999999662,-3.544976399999799
2022-12-28,HENDERSON,00H,SG,251.6375,251.63882575757577,6.9999999999936335,2.1335999999980597,-0.6,42,0.0,1000000.0,-0.6,67.59228,593.7503999999643,-3.5577779999997876
2022-12-28,HENDERSON,00H,SG,249.56628787878788,249.56761363636363,6.9999999999936335,2.1335999999980597,-0.6,42,-0.1,57295.799999999996,-0.6,67.59228,595.8839999999624,-3.570579599999776
2022-12-28,HENDERSON,00H,SG,251.6159090909091,251.61723484848488,6.9999999999936335,2.1335999999980597,-0.6,42,0.0,1000000.0,-0.6,67.59228,598.0175999999605,-3.5833811999997645
2022-12-28,HENDERSON,00H,SG,250.7778409090909,250.77916666666667,6.9999999999936335,2.1335999999980597,-0.6,42,0.0,1000000.0,-0.6,67.59228,600.1511999999585,-3.596182799999753
2022-12-28,HENDERSON,00H,SG,250.7869318181818,250.78825757575757,6.9999999999936335,2.1335999999980597,-0.6,42,0.0,1000000.0,-0.6,67.59228,602.2847999999566,-3.6089843999997413
2022-12-28,HENDERSON,00H,SG,247.59791666666663,247.5992424242424,6.9999999999936335,2.1335999999980597,-0.6,38,-0.1,57295.799999999996,-0.6,61.15492,604.4183999999547,-3.6217859999997297
2022-12-28,HENDERSON,00H,SG,250.79053030303027,250.79185606060605,6.9999999999936335,2.1335999999980597,-0.6,42,0.0,1000000.0,-0.6,67.59228,606.5519999999527,-3.634587599999718
2022-12-28,HENDERSON,00H,SG,250.61799242424243,250.6193181818182,6.9999999999936335,2.1335999999980597,-0.6,41,0.0,1000000.0,-0.6,65.98294,608.6855999999508,-3.6473891999997066
2022-12-28,HENDERSON,00H,SG,250.8465909090909,250.84791666666663,6.9999999999936335,2.1335999999980597,-0.6,42,0.0,1000000.0,-0.6,67.59228,610.8191999999489,-3.660190799999695
2022-12-28,HENDERSON,00H,SG,251.5797348484849,251.58106060606065,6.9999999999936335,2.1335999999980597,-0.6,42,0.0,1000000.0,-0.6,67.59228,612.9527999999469,-3.6729923999996834
2022-12-28,HENDERSON,00H,SG,250.8068181818182,250.80814393939391,6.9999999999936335,2.1335999999980597,-0.6,42,0.1,57295.799999999996,-0.6,67.59228,615.086399999945,-3.685793999999672
2022-12-28,HENDERSON,00H,SG,250.79242424242423,250.79375,6.9999999999936335,2.1335999999980597,-0.6,42,0.0,1000000.0,-0.6,67.59228,617.2199999999431,-3.6985955999996603
2022-12-28,HENDERSON,00H,SG,250.6246212121212,250.62594696969697,6.9999999999936335,2.1335999999980597,-0.6,41,0.0,1000000.0,-0.6,65.98294,619.3535999999411,-3.7113971999996487
2022-12-28,HENDERSON,00H,SG,251.64488636363637,251.64621212121213,6.9999999999936335,2.1335999999980597,-0.6,42,0.0,1000000.0,-0.6,67.59228,621.4871999999392,-3.724198799999637
2022-12-28,HENDERSON,00H,SG,250.66022727272727,250.66155303030305,6.9999999999936335,2.1335999999980597,-0.6,41,0.0,1000000.0,-0.6,65.98294,623.6207999999373,-3.7370003999996255
2022-12-28,HENDERSON,00H,SG,250.80113636363637,250.80246212121213,6.9999999999936335,2.1335999999980597,-0.6,42,0.0,1000000.0,-0.6,67.59228,625.7543999999353,-3.749801999999614
2022-12-28,HENDERSON,00H,SG,250.81761363636363,250.8189393939394,6.9999999999936335,2.1335999999980597,-0.6,42,0.0,1000000.0,-0.6,67.59228,627.8879999999334,-3.7626035999996024
2022-12-28,HENDERSON,00H,SG,251.59602272727273,251.59734848484848,6.9999999999936335,2.1335999999980597,-0.6,42,0.0,1000000.0,-0.6,67.59228,630.0215999999315,-3.775405199999591
2022-12-28,HENDERSON,00H,SG,250.68390151515152,250.68522727272727,6.9999999999936335,2.1335999999980597,-0.6,41,0.0,1000000.0,-0.6,65.98294,632.1551999999296,-3.788206799999579
2022-12-28,HENDERSON,00H,SG,250.70435606060607,250.70568181818183,6.9999999999936335,2.1335999999980597,-0.6,41,0.0,1000000.0,-0.6,65.98294,634.2887999999276,-3.8010083999995676
2022-12-28,HENDERSON,00H,SG,249.5882575757576,249.58958333333337,6.9999999999936335,2.1335999999980597,-0.6,41,0.0,1000000.0,-0.6,65.98294,636.4223999999257,-3.813809999999556
2022-12-28,HENDERSON,00H,SG,250.7941287878788,250.79545454545453,6.9999999999936335,2.1335999999980597,-0.6,42,0.0,1000000.0,-0.6,67.59228,638.5559999999238,-3.8266115999995445
2022-12-28,HENDERSON,00H,SG,247.60681818181817,247.60814393939393,6.9999999999936335,2.1335999999980597,-0.6,38,0.0,1000000.0,-0.6,61.15492,640.6895999999218,-3.839413199999533
2022-12-28,HENDERSON,00H,SG,249.5505681818182,249.55189393939395,6.9999999999936335,2.1335999999980597,-0.6,42,-0.3,19098.600000000002,-0.6,67.59228,642.8231999999199,-3.8522147999995213
2022-12-28,HENDERSON,00H,SG,249.55757575757576,249.55890151515152,6.9999999999936335,2.1335999999980597,-0.6,42,-0.2,28647.899999999998,-0.6,67.59228,644.956799999918,-3.8650163999995097
2022-12-28,HENDERSON,00H,SG,249.8751893939394,249.87651515151515,6.9999999999936335,2.1335999999980597,-0.6,41,0.0,1000000.0,-0.6,65.98294,647.090399999916,-3.877817999999498
2022-12-28,HENDERSON,00H,SG,250.64166666666668,250.64299242424244,6.9999999999936335,2.1335999999980597,-0.6,41,0.0,1000000.0,-0.6,65.98294,649.2239999999141,-3.8906195999994866
2022-12-28,HENDERSON,00H,SG,251.6657196969697,251.66704545454544,6.9999999999936335,2.1335999999980597,-0.6,43,0.0,1000000.0,-0.6,69.20162,651.3575999999122,-3.903421199999475
2022-12-28,HENDERSON,00H,SG,247.6085227272727,247.6098484848485,7.0000000001437,2.1336000000438,-0.6,38,0.0,1000000.0,-0.6,61.15492,653.4911999999559,-3.9162227999994634
2022-12-28,HENDERSON,00H,SG,249.8715909090909,249.8731060606061,7.999999999992724,2.4383999999977823,-0.6,41,0.0,1000000.0,-0.6,65.98294,655.9295999999537,-3.9290243999997263
2022-12-28,HENDERSON,00H,SG,249.56079545454543,249.5623106060606,7.999999999992724,2.4383999999977823,-0.6,42,-0.1,57295.799999999996,-0.6,67.59228,658.3679999999514,-3.943654799999713
2022-12-28,HENDERSON,00H,SG,250.83920454545455,250.8407196969697,7.999999999992724,2.4383999999977823,-0.6,42,0.0,1000000.0,-0.6,67.59228,660.8063999999491,-3.9582851999997
2022-12-28,HENDERSON,00H,SG,249.87329545454543,249.8748106060606,7.999999999992724,2.4383999999977823,-0.6,41,0.0,1000000.0,-0.6,65.98294,663.2447999999468,-3.972915599999687
2022-12-28,HENDERSON,00H,SG,249.5537878787879,249.55530303030304,7.999999999992724,2.4383999999977823,-0.6,42,-0.2,28647.899999999998,-0.6,67.59228,665.6831999999446,-3.9875459999996736
2022-12-28,HENDERSON,00H,SG,247.61723484848488,247.61875,7.999999999992724,2.4383999999977823,-0.6,38,0.0,1000000.0,-0.6,61.15492,668.1215999999423,-4.0021763999996605
2022-12-28,HENDERSON,00H,SG,249.5590909090909,249.5606060606061,7.999999999992724,2.4383999999977823,-0.6,42,-0.1,57295.799999999996,-0.6,67.59228,670.55999999994,-4.016806799999647
2022-12-28,HENDERSON,00H,SG,251.5905303030303,251.59204545454543,7.999999999992724,2.4383999999977823,-0.6,42,0.0,1000000.0,-0.6,67.59228,672.9983999999378,-4.031437199999633
2022-12-28,HENDERSON,00H,SG,250.63484848484848,250.63636363636363,7.999999999992724,2.4383999999977823,-0.6,41,0.0,1000000.0,-0.6,65.98294,675.4367999999355,-4.04606759999962
2022-12-28,HENDERSON,00H,SG,250.8375,250.83901515151516,7.999999999992724,2.4383999999977823,-0.6,42,0.0,1000000.0,-0.6,67.59228,677.8751999999332,-4.060697999999606
2022-12-28,HENDERSON,00H,SG,250.65511363636364,250.6566287878788,7.999999999992724,2.4383999999977823,-0.6,41,0.0,1000000.0,-0.6,65.98294,680.313599999931,-4.075328399999592
2022-12-28,HENDERSON,00H,SG,249.5475378787879,249.54905303030304,7.999999999992724,2.4383999999977823,-0.6,41,-0.4,14323.949999999999,-0.6,65.98294,682.7519999999287,-4.089958799999579
2022-12-28,HENDERSON,00H,SG,249.57594696969696,249.5774621212121,7.999999999992724,2.4383999999977823,-0.6,41,0.0,1000000.0,-0.6,65.98294,685.1903999999264,-4.104589199999565
2022-12-28,HENDERSON,00H,SG,249.89280303030304,249.8943181818182,7.999999999992724,2.4383999999977823,-0.6,41,-0.1,57295.799999999996,-0.6,65.98294,687.6287999999241,-4.119219599999552
2022-12-28,HENDERSON,00H,SG,251.61382575757577,251.61534090909092,7.999999999992724,2.4383999999977823,-0.6,42,0.0,1000000.0,-0.6,67.59228,690.0671999999219,-4.133849999999538
2022-12-28,HENDERSON,00H,SG,251.66742424242423,251.66893939393935,7.999999999992724,2.4383999999977823,-0.6,43,0.0,1000000.0,-0.6,69.20162,692.5055999999196,-4.148480399999524
2022-12-28,HENDERSON,00H,SG,250.8410984848485,250.84261363636364,7.999999999992724,2.4383999999977823,-0.6,42,0.0,1000000.0,-0.6,67.59228,694.9439999999173,-4.163110799999511
2022-12-28,HENDERSON,00H,SG,251.63219696969696,251.6337121212121,7.999999999992724,2.4383999999977823,-0.6,42,0.0,1000000.0,-0.6,67.59228,697.382399999915,-4.177741199999497
2022-12-28,HENDERSON,00H,SG,250.6397727272727,250.6412878787879,8.00000000014279,2.438400000043522,-0.6,41,0.0,1000000.0,-0.6,65.98294,699.8207999999586,-4.1923715999994835
2022-12-28,HENDERSON,00H,SG,251.6712121212121,251.6727272727273,8.00000000014279,2.438400000043522,-0.6,43,0.0,1000000.0,-0.6,69.20162,702.2592000000021,-4.207001999999744
2022-12-28,HENDERSON,00H,SG,249.58636363636364,249.5880681818182,8.999999999991815,2.743199999997505,-0.6,41,0.0,1000000.0,-0.6,65.98294,705.0023999999996,-4.221632400000005
2022-12-28,HENDERSON,00H,SG,250.65833333333333,250.66003787878788,8.999999999991815,2.743199999997505,-0.6,41,0.0,1000000.0,-0.6,65.98294,707.7455999999971,-4.23809159999999
2022-12-28,HENDERSON,00H,SG,249.8910984848485,249.89280303030304,8.999999999991815,2.743199999997505,-0.6,41,0.0,1000000.0,-0.6,65.98294,710.4887999999946,-4.254550799999975
2022-12-28,HENDERSON,00H,SG,249.55208333333337,249.5537878787879,8.999999999991815,2.743199999997505,-0.6,42,-0.3,19098.600000000002,-0.6,67.59228,713.2319999999921,-4.27100999999996
2022-12-28,HENDERSON,00H,SG,250.85719696969696,250.8590909090909,9.999999999990903,3.047999999997228,-0.6,42,0.0,1000000.0,-0.6,67.59228,716.2799999999894,-4.287469199999944
2022-12-28,HENDERSON,00H,SG,250.6147727272727,250.61761363636364,14.999999999986358,4.571999999995842,-0.6,41,0.0,1000000.0,-0.6,65.98294,720.8519999999852,-4.305757199999928
2022-12-28,HENDERSON,00H,SG,250.8214015151515,250.8242424242424,14.999999999986358,4.571999999995842,-0.6,42,0.0,1000000.0,-0.6,67.59228,725.423999999981,-4.333189199999903
2022-12-28,HENDERSON,00H,SG,247.61231060606065,247.61515151515152,14.999999999986358,4.571999999995842,-0.6,38,0.0,1000000.0,-0.6,61.15492,729.9959999999768,-4.360621199999878
2022-12-28,HENDERSON,00H,SG,250.5875,250.5903409090909,14.999999999986358,4.571999999995842,-0.6,41,0.0,1000000.0,-0.6,65.98294,734.5679999999726,-4.388053199999853
2022-12-28,HENDERSON,00H,SG,250.59772727272727,250.60056818181815,14.999999999986358,4.571999999995842,-0.6,41,0.0,1000000.0,-0.6,65.98294,739.1399999999684,-4.415485199999829
2022-12-28,HENDERSON,00H,SG,250.58219696969695,250.58522727272728,15.999999999985448,4.876799999995565,-0.6,41,0.0,1000000.0,-0.6,65.98294,744.016799999964,-4.442917199999804
2022-12-28,HENDERSON,00H,SG,251.60511363636363,251.60833333333332,16.99999999998454,5.181599999995288,-0.6,42,0.0,1000000.0,-0.6,67.59228,749.1983999999593,-4.4721779999997775
2022-12-28,HENDERSON,00H,SG,249.58295454545456,249.58617424242425,16.99999999998454,5.181599999995288,-0.6,41,0.0,1000000.0,-0.6,65.98294,754.3799999999546,-4.50326759999975
2022-12-28,HENDERSON,00H,SG,251.59223484848485,251.59545454545457,16.99999999998454,5.181599999995288,-0.6,42,0.0,1000000.0,-0.6,67.59228,759.56159999995,-4.534357199999722
2022-12-28,HENDERSON,00H,SG,250.6280303030303,250.63125,16.99999999998454,5.181599999995288,-0.6,41,0.0,1000000.0,-0.6,65.98294,764.7431999999453,-4.565446799999694
2022-12-28,HENDERSON,00H,SG,250.84280303030303,250.84602272727273,16.99999999998454,5.181599999995288,-0.6,42,0.0,1000000.0,-0.6,67.59228,769.9247999999407,-4.596536399999666
2022-12-28,HENDERSON,00H,SG,251.6195075757576,251.62272727272727,16.99999999998454,5.181599999995288,-0.6,42,0.0,1000000.0,-0.6,67.59228,775.106399999936,-4.627625999999638
2022-12-28,HENDERSON,00H,SG,249.5626893939394,249.5659090909091,16.99999999998454,5.181599999995288,-0.6,42,-0.1,57295.799999999996,-0.6,67.59228,780.2879999999313,-4.65871559999961
2022-12-28,HENDERSON,00H,SG,250.83390151515152,250.8371212121212,16.99999999998454,5.181599999995288,-0.6,42,0.0,1000000.0,-0.6,67.59228,785.4695999999267,-4.689805199999582
2022-12-28,HENDERSON,00H,SG,251.6085227272727,251.61174242424244,17.000000000134605,5.181600000041028,-0.6,42,0.0,1000000.0,-0.6,67.59228,790.6511999999677,-4.720894799999554
2022-12-28,HENDERSON,00H,SG,251.5994318181818,251.6028409090909,17.99999999998363,5.48639999999501,-0.6,42,0.0,1000000.0,-0.6,67.59228,796.1375999999627,-4.751984399999801
2022-12-28,HENDERSON,00H,SG,250.63636363636363,250.6397727272727,17.99999999998363,5.48639999999501,-0.6,41,0.0,1000000.0,-0.6,65.98294,801.6239999999577,-4.784902799999771
2022-12-28,HENDERSON,00H,SG,249.7778409090909,249.78238636363636,23.999999999978172,7.3151999999933475,-0.6,41,0.0,1000000.0,-0.6,65.98294,808.939199999951,-4.817821199999742
2022-12-28,HENDERSON,00H,SG,250.6433712121212,250.64791666666667,23.999999999978172,7.3151999999933475,-0.6,41,0.0,1000000.0,-0.6,65.98294,816.2543999999443,-4.861712399999702
2022-12-28,HENDERSON,00H,SG,249.8594696969697,249.86420454545456,24.999999999977263,7.61999999999307,-0.6,41,-0.1,57295.799999999996,-0.6,65.98294,823.8743999999374,-4.905603599999662
2022-12-28,HENDERSON,00H,SG,251.67291666666668,251.67784090909092,25.999999999976353,7.924799999992792,-0.6,43,0.0,1000000.0,-0.6,69.20162,831.7991999999302,-4.95132359999962
2022-12-28,HENDERSON,00H,SG,250.6195075757576,250.62443181818185,25.999999999976353,7.924799999992792,-0.6,41,0.0,1000000.0,-0.6,65.98294,839.7239999999231,-4.998872399999577
2022-12-28,HENDERSON,00H,SG,250.8284090909091,250.8335227272727,26.999999999975444,8.229599999992516,-0.6,42,0.0,1000000.0,-0.6,67.59228,847.9535999999156,-5.046421199999534
2022-12-28,HENDERSON,00H,SG,249.77007575757577,249.77632575757576,32.99999999996999,10.058399999990852,-0.6,41,0.1,57295.799999999996,-0.6,65.98294,858.0119999999064,-5.095798799999489
2022-12-28,HENDERSON,00H,SG,249.7977272727273,249.80416666666667,33.99999999996908,10.363199999990576,-0.6,41,0.0,1000000.0,-0.6,65.98294,868.375199999897,-5.156149199999434
2022-12-28,HENDERSON,00H,SG,249.59905303030305,249.6054924242424,33.99999999996908,10.363199999990576,-0.6,41,0.0,1000000.0,-0.6,65.98294,878.7383999998875,-5.218328399999377
2022-12-28,HENDERSON,00H,SG,250.5907196969697,250.5971590909091,33.99999999996908,10.363199999990576,-0.6,41,0.0,1000000.0,-0.6,65.98294,889.1015999998781,-5.2805075999993205
2022-12-28,HENDERSON,00H,SG,249.87708333333333,249.88352272727272,33.99999999996908,10.363199999990576,-0.6,41,0.0,1000000.0,-0.6,65.98294,899.4647999998687,-5.342686799999264
2022-12-28,HENDERSON,00H,SG,249.8839015151515,249.8905303030303,34.99999999996817,10.6679999999903,-0.6,41,0.0,1000000.0,-0.6,65.98294,910.132799999859,-5.404865999999207
2022-12-28,HENDERSON,00H,SG,249.76325757575756,249.77007575757577,36.000000000117325,10.97280000003576,-0.6,41,0.0,1000000.0,-0.6,65.98294,921.1055999998947,-5.468873999999149
2022-12-28,HENDERSON,00H,SG,250.8592803030303,250.8660984848485,36.000000000117325,10.97280000003576,-0.6,42,0.0,1000000.0,-0.6,67.59228,932.0783999999304,-5.534710799999363
2022-12-28,HENDERSON,00H,SG,250.87708333333333,250.8840909090909,36.99999999996635,11.277599999989745,-0.6,42,0.0,1000000.0,-0.6,67.59228,943.3559999999202,-5.600547599999578
2022-12-28,HENDERSON,00H,SG,249.8945075757576,249.90265151515152,42.9999999999609,13.10639999998808,-0.6,41,-0.1,57295.799999999996,-0.6,65.98294,956.4623999999083,-5.668213199999516
2022-12-28,HENDERSON,00H,SG,250.84829545454545,250.85681818181817,44.99999999995907,13.715999999987526,-0.6,42,0.0,1000000.0,-0.6,67.59228,970.1783999998958,-5.746851599999444
2022-12-28,HENDERSON,00H,SG,249.59015151515152,249.59867424242424,44.99999999995907,13.715999999987526,-0.6,41,0.0,1000000.0,-0.6,65.98294,983.8943999998833,-5.829147599999369
2022-12-28,HENDERSON,00H,SG,251.5814393939394,251.5903409090909,46.999999999957254,14.325599999986972,-0.6,42,0.0,1000000.0,-0.6,67.59228,998.2199999998702,-5.911443599999294
2022-12-28,HENDERSON,00H,SG,250.86647727272728,250.8768939393939,54.99999999994998,16.763999999984755,-0.6,42,0.0,1000000.0,-0.6,67.59228,1014.983999999855,-5.997397199999216
2022-12-28,HENDERSON,00H,SG,249.75227272727273,249.76325757575756,57.99999999994725,17.678399999983924,-0.6,41,-0.1,57295.799999999996,-0.6,65.98294,1032.662399999839,-6.097981199999124
2022-12-28,HENDERSON,00H,SG,251.09375,251.10643939393935,66.99999999993906,20.421599999981428,-0.6,42,0.0,1000000.0,-0.6,67.59228,1053.0839999998204,-6.204051599999027
2022-12-28,HENDERSON,00H,SG,251.10643939393935,251.1191287878788,67.00000000008913,20.42160000002717,-0.6,42,0.1,57295.799999999996,-0.6,67.59228,1073.5055999998476,-6.326581199998916
2022-12-28,HENDERSON,00H,SG,249.7840909090909,249.79696969696968,67.99999999993815,20.72639999998115,-0.6,41,-0.1,57295.799999999996,-0.6,65.98294,1094.2319999998288,-6.4491107999990795
2022-12-28,HENDERSON,00H,SG,250.60075757575757,250.61420454545456,71.00000000008549,21.640800000026054,-0.6,41,0.0,1000000.0,-0.6,65.98294,1115.8727999998548,-6.573469199998966
2022-12-28,HENDERSON,00H,SG,249.73636363636365,249.75113636363636,77.99999999992906,23.774399999978375,-0.6,41,0.0,1000000.0,-0.6,65.98294,1139.6471999998332,-6.703313999999122
2022-12-28,HENDERSON,00H,SG,249.90265151515152,249.92007575757577,91.99999999991633,28.041599999974498,-0.6,41,0.0,1000000.0,-0.6,65.98294,1167.6887999998078,-6.845960399998993
2022-12-28,HENDERSON,00H,SG,249.80416666666667,249.82329545454544,100.99999999990814,30.784799999972,-0.6,41,0.1,57295.799999999996,-0.6,65.98294,1198.4735999997797,-7.014209999998839
2022-12-28,HENDERSON,00H,SG,249.7157196969697,249.73636363636365,109.00000000005092,33.223200000015524,-0.6,41,0.1,57295.799999999996,-0.6,65.98294,1231.6967999997953,-7.198918799998672
2022-12-28,HENDERSON,00H,SG,251.06628787878788,251.0933712121212,143.00000000002,43.5864000000061,-0.6,42,-0.1,57295.799999999996,-0.6,67.59228,1275.2831999998014,-7.398257999998765
2022-12-28,HENDERSON,00H,SG,250.8844696969697,250.91685606060605,170.99999999999454,52.12079999999834,-0.6,42,0.0,1000000.0,-0.6,67.59228,1327.4039999997997,-7.659776399998801
2022-12-28,HENDERSON,00H,SG,249.8242424242424,249.85946969696968,185.9999999999809,56.69279999999418,-0.6,41,0.0,1000000.0,-0.6,65.98294,1384.0967999997938,-7.972501199998791
2022-12-28,HENDERSON,00H,SG,249.6712121212121,249.7157196969697,235.0000000000864,71.62800000002633,-0.6,41,0.0,1000000.0,-0.6,65.98294,1455.72479999982,-8.312657999998756
2022-12-28,HENDERSON,00H,SG,249.6058712121212,249.67083333333332,342.9999999999882,104.5463999999964,-0.6,41,0.0,1000000.0,-0.6,65.98294,1560.2711999998164,-8.742425999998913
2022-12-28,HENDERSON,00H,SG,251.67992424242425,251.81003787878788,686.9999999999754,209.3975999999925,-0.6,43,0.0,1000000.0,-0.6,69.20162,1769.668799999809,-9.369704399998891
2022-12-28,HENDERSON,00H,SG,250.91704545454544,251.06628787878788,788.0000000000337,240.18240000001023,-0.6,42,0.0,1000000.0,-0.6,67.59228,2009.851199999819,-10.626089999998847
2022-12-28,HENDERSON,00H,SG,247.6191287878788,247.78011363636364,849.9999999999773,259.0799999999931,-0.6,38,0.0,1000000.0,-0.6,61.15492,2268.931199999812,-12.067184399998908
2022-12-28,HENDERSON,00H,SG,251.1191287878788,251.57954545454547,2431.00000000004,740.9688000000123,-0.6,42,0.0,1000000.0,-0.6,67.59228,3009.8999999998246,-13.621664399998867
2022-12-28,HENDERSON,00H,SG,249.34375,249.3439393939394,0.9999999999990904,0.3047999999997227,-0.53,42,-0.5,11459.16,-0.53,67.59228,3010.2047999998244,-18.06747719999894
2022-12-28,HENDERSON,00H,SG,249.22878787878787,249.2289772727273,0.9999999999990904,0.3047999999997227,-0.53,43,1.2,4774.650000000001,-0.53,69.20162,3010.5095999998243,-18.06909263999894
2022-12-28,HENDERSON,00H,SG,249.29583333333332,249.2960227272727,0.9999999999990904,0.3047999999997227,-0.53,42,0.0,1000000.0,-0.53,67.59228,3010.814399999824,-18.070708079998937
2022-12-28,HENDERSON,00H,SG,249.2191287878788,249.21931818181815,0.9999999999990904,0.3047999999997227,-0.53,43,1.4,4092.557142857143,-0.53,69.20162,3011.119199999824,-18.072323519998935
2022-12-28,HENDERSON,00H,SG,249.33125,249.3314393939394,0.9999999999990904,0.3047999999997227,-0.53,42,-0.1,57295.799999999996,-0.53,67.59228,3011.423999999824,-18.073938959998934
2022-12-28,HENDERSON,00H,SG,249.2352272727273,249.23541666666668,0.9999999999990904,0.3047999999997227,-0.53,43,1.0,5729.58,-0.53,69.20162,3011.728799999824,-18.075554399998932
2022-12-28,HENDERSON,00H,SG,249.3098484848485,249.31003787878788,0.9999999999990904,0.3047999999997227,-0.53,42,0.0,1000000.0,-0.53,67.59228,3012.0335999998238,-18.07716983999893
2022-12-28,HENDERSON,00H,SG,249.33125,249.3314393939394,0.9999999999990904,0.3047999999997227,-0.53,43,-0.1,57295.799999999996,-0.53,69.20162,3012.3383999998237,-18.07878527999893
2022-12-28,HENDERSON,00H,SG,249.21022727272728,249.21041666666667,0.9999999999990904,0.3047999999997227,-0.53,43,1.9,3015.5684210526315,-0.53,69.20162,3012.6431999998235,-18.080400719998927
2022-12-28,HENDERSON,00H,SG,249.21515151515152,249.2153409090909,0.9999999999990904,0.3047999999997227,-0.53,43,1.7,3370.3411764705884,-0.53,69.20162,3012.9479999998234,-18.082016159998926
2022-12-28,HENDERSON,00H,SG,249.24621212121212,249.24640151515152,0.9999999999990904,0.3047999999997227,-0.53,43,0.6,9549.300000000001,-0.53,69.20162,3013.2527999998233,-18.083631599998924
2022-12-28,HENDERSON,00H,SG,249.2445075757576,249.24469696969695,0.9999999999990904,0.3047999999997227,-0.53,43,0.6,9549.300000000001,-0.53,69.20162,3013.557599999823,-18.085247039998922
2022-12-28,HENDERSON,00H,SG,249.3524621212121,249.3526515151515,0.9999999999990904,0.3047999999997227,-0.53,42,-0.8,7161.974999999999,-0.53,67.59228,3013.862399999823,-18.08686247999892
2022-12-28,HENDERSON,00H,SG,249.32935606060607,249.32954545454547,0.9999999999990904,0.3047999999997227,-0.53,42,0.0,1000000.0,-0.53,67.59228,3014.167199999823,-18.08847791999892
2022-12-28,HENDERSON,00H,SG,249.2206439393939,249.22083333333333,0.9999999999990904,0.3047999999997227,-0.53,43,1.5,3819.72,-0.53,69.20162,3014.471999999823,-18.090093359998917
2022-12-28,HENDERSON,00H,SG,249.25,249.2501893939394,0.9999999999990904,0.3047999999997227,-0.53,43,0.5,11459.16,-0.53,69.20162,3014.7767999998227,-18.091708799998916
2022-12-28,HENDERSON,00H,SG,249.33674242424243,249.33693181818185,0.9999999999990904,0.3047999999997227,-0.53,43,-0.2,28647.899999999998,-0.53,69.20162,3015.0815999998226,-18.093324239998914
2022-12-28,HENDERSON,00H,SG,249.24640151515152,249.2465909090909,0.9999999999990904,0.3047999999997227,-0.53,43,0.5,11459.16,-0.53,69.20162,3015.3863999998225,-18.094939679998912
2022-12-28,HENDERSON,00H,SG,249.21931818181815,249.2195075757576,0.9999999999990904,0.3047999999997227,-0.53,43,1.5,3819.72,-0.53,69.20162,3015.6911999998224,-18.09655511999891
2022-12-28,HENDERSON,00H,SG,249.33068181818183,249.3308712121212,0.9999999999990904,0.3047999999997227,-0.53,42,-0.1,57295.799999999996,-0.53,67.59228,3015.9959999998223,-18.09817055999891
2022-12-28,HENDERSON,00H,SG,249.2481060606061,249.24829545454543,0.9999999999990904,0.3047999999997227,-0.53,43,0.6,9549.300000000001,-0.53,69.20162,3016.300799999822,-18.099785999998907
2022-12-28,HENDERSON,00H,SG,249.2100378787879,249.21022727272728,0.9999999999990904,0.3047999999997227,-0.53,43,1.8,3183.1,-0.53,69.20162,3016.605599999822,-18.101401439998906
2022-12-28,HENDERSON,00H,SG,249.2526515151515,249.2528409090909,0.9999999999990904,0.3047999999997227,-0.53,43,0.4,14323.949999999999,-0.53,69.20162,3016.910399999822,-18.103016879998904
2022-12-28,HENDERSON,00H,SG,249.2409090909091,249.2410984848485,0.9999999999990904,0.3047999999997227,-0.53,43,0.8,7161.974999999999,-0.53,69.20162,3017.215199999822,-18.104632319998903
2022-12-28,HENDERSON,00H,SG,249.33655303030304,249.33674242424243,0.9999999999990904,0.3047999999997227,-0.53,42,-0.3,19098.600000000002,-0.53,67.59228,3017.5199999998217,-18.1062477599989
2022-12-28,HENDERSON,00H,SG,249.34621212121212,249.3464015151515,0.9999999999990904,0.3047999999997227,-0.53,43,-0.6,9549.300000000001,-0.53,69.20162,3017.8247999998216,-18.1078631999989
2022-12-28,HENDERSON,00H,SG,249.34583333333333,249.34602272727273,0.9999999999990904,0.3047999999997227,-0.53,43,-0.6,9549.300000000001,-0.53,69.20162,3018.1295999998215,-18.109478639998898
2022-12-28,HENDERSON,00H,SG,249.3526515151515,249.3528409090909,0.9999999999990904,0.3047999999997227,-0.53,43,-0.7,8185.114285714286,-0.53,69.20162,3018.4343999998214,-18.111094079998896
2022-12-28,HENDERSON,00H,SG,249.2473484848485,249.24753787878788,0.9999999999990904,0.3047999999997227,-0.53,43,0.6,9549.300000000001,-0.53,69.20162,3018.7391999998213,-18.112709519998894
2022-12-28,HENDERSON,00H,SG,249.34431818181815,249.3445075757576,0.9999999999990904,0.3047999999997227,-0.53,43,-0.5,11459.16,-0.53,69.20162,3019.043999999821,-18.114324959998893
2022-12-28,HENDERSON,00H,SG,249.35833333333332,249.3585227272727,0.9999999999990904,0.3047999999997227,-0.53,43,-0.9,6366.2,-0.53,69.20162,3019.348799999821,-18.11594039999889
2022-12-28,HENDERSON,00H,SG,249.2183712121212,249.2185606060606,0.9999999999990904,0.3047999999997227,-0.53,43,1.6,3580.9874999999997,-0.53,69.20162,3019.653599999821,-18.11755583999889
2022-12-28,HENDERSON,00H,SG,249.3308712121212,249.33106060606065,0.9999999999990904,0.3047999999997227,-0.53,42,0.0,1000000.0,-0.53,67.59228,3019.958399999821,-18.119171279998888
2022-12-28,HENDERSON,00H,SG,249.24753787878788,249.24772727272727,0.9999999999990904,0.3047999999997227,-0.53,43,0.5,11459.16,-0.53,69.20162,3020.2631999998207,-18.120786719998886
2022-12-28,HENDERSON,00H,SG,249.33617424242425,249.33636363636364,0.9999999999990904,0.3047999999997227,-0.53,42,-0.3,19098.600000000002,-0.53,67.59228,3020.5679999998206,-18.122402159998884
2022-12-28,HENDERSON,00H,SG,249.23617424242423,249.23636363636365,0.9999999999990904,0.3047999999997227,-0.53,43,1.0,5729.58,-0.53,69.20162,3020.8727999998205,-18.124017599998883
2022-12-28,HENDERSON,00H,SG,249.24602272727273,249.24621212121212,0.9999999999990904,0.3047999999997227,-0.53,43,0.5,11459.16,-0.53,69.20162,3021.1775999998204,-18.12563303999888
2022-12-28,HENDERSON,00H,SG,249.33522727272728,249.33541666666667,0.9999999999990904,0.3047999999997227,-0.53,43,-0.1,57295.799999999996,-0.53,69.20162,3021.4823999998202,-18.12724847999888
2022-12-28,HENDERSON,00H,SG,249.22670454545457,249.22689393939393,0.9999999999990904,0.3047999999997227,-0.53,43,1.3,4407.369230769231,-0.53,69.20162,3021.78719999982,-18.128863919998878
2022-12-28,HENDERSON,00H,SG,249.23011363636363,249.23030303030305,0.9999999999990904,0.3047999999997227,-0.53,43,1.2,4774.650000000001,-0.53,69.20162,3022.09199999982,-18.130479359998876
2022-12-28,HENDERSON,00H,SG,249.25511363636363,249.25530303030305,0.9999999999990904,0.3047999999997227,-0.53,43,0.3,19098.600000000002,-0.53,69.20162,3022.39679999982,-18.132094799998875
2022-12-28,HENDERSON,00H,SG,249.33106060606065,249.33125,0.9999999999990904,0.3047999999997227,-0.53,42,-0.1,57295.799999999996,-0.53,67.59228,3022.70159999982,-18.133710239998873
2022-12-28,HENDERSON,00H,SG,249.2492424242424,249.24943181818185,0.9999999999990904,0.3047999999997227,-0.53,43,0.5,11459.16,-0.53,69.20162,3023.0063999998197,-18.13532567999887
2022-12-28,HENDERSON,00H,SG,249.31609848484848,249.31628787878788,0.9999999999990904,0.3047999999997227,-0.53,43,0.1,57295.799999999996,-0.53,69.20162,3023.3111999998196,-18.13694111999887
2022-12-28,HENDERSON,00H,SG,249.2433712121212,249.2435606060606,0.9999999999990904,0.3047999999997227,-0.53,43,0.7,8185.114285714286,-0.53,69.20162,3023.6159999998195,-18.138556559998868
2022-12-28,HENDERSON,00H,SG,249.3435606060606,249.34375,0.9999999999990904,0.3047999999997227,-0.53,42,-0.4,14323.949999999999,-0.53,67.59228,3023.9207999998193,-18.140171999998866
2022-12-28,HENDERSON,00H,SG,249.24318181818185,249.2433712121212,0.9999999999990904,0.3047999999997227,-0.53,43,0.6,9549.300000000001,-0.53,69.20162,3024.225599999819,-18.141787439998865
2022-12-28,HENDERSON,00H,SG,249.2501893939394,249.2503787878788,0.9999999999990904,0.3047999999997227,-0.53,43,0.4,14323.949999999999,-0.53,69.20162,3024.530399999819,-18.143402879998863
2022-12-28,HENDERSON,00H,SG,249.2558712121212,249.2560606060606,0.9999999999990904,0.3047999999997227,-0.53,43,0.3,19098.600000000002,-0.53,69.20162,3024.835199999819,-18.14501831999886
2022-12-28,HENDERSON,00H,SG,249.3155303030303,249.3157196969697,0.9999999999990904,0.3047999999997227,-0.53,43,0.1,57295.799999999996,-0.53,69.20162,3025.139999999819,-18.14663375999886
2022-12-28,HENDERSON,00H,SG,249.2410984848485,249.2412878787879,0.9999999999990904,0.3047999999997227,-0.53,43,0.7,8185.114285714286,-0.53,69.20162,3025.4447999998188,-18.148249199998858
2022-12-28,HENDERSON,00H,SG,249.24772727272727,249.24791666666667,0.9999999999990904,0.3047999999997227,-0.53,43,0.6,9549.300000000001,-0.53,69.20162,3025.7495999998187,-18.149864639998857
2022-12-28,HENDERSON,00H,SG,249.21723484848485,249.21742424242424,0.9999999999990904,0.3047999999997227,-0.53,43,1.6,3580.9874999999997,-0.53,69.20162,3026.0543999998185,-18.151480079998855
2022-12-28,HENDERSON,00H,SG,249.3346590909091,249.3348484848485,0.9999999999990904,0.3047999999997227,-0.53,42,-0.1,57295.799999999996,-0.53,67.59228,3026.3591999998184,-18.153095519998853
2022-12-28,HENDERSON,00H,SG,249.3439393939394,249.3441287878788,0.9999999999990904,0.3047999999997227,-0.53,43,-0.5,11459.16,-0.53,69.20162,3026.6639999998183,-18.15471095999885
2022-12-28,HENDERSON,00H,SG,249.3441287878788,249.34431818181815,0.9999999999990904,0.3047999999997227,-0.53,43,-0.4,14323.949999999999,-0.53,69.20162,3026.968799999818,-18.15632639999885
2022-12-28,HENDERSON,00H,SG,249.32954545454547,249.3297348484849,0.9999999999990904,0.3047999999997227,-0.53,42,-0.1,57295.799999999996,-0.53,67.59228,3027.273599999818,-18.15794183999885
2022-12-28,HENDERSON,00H,SG,249.24507575757576,249.24526515151516,0.9999999999990904,0.3047999999997227,-0.53,43,0.6,9549.300000000001,-0.53,69.20162,3027.578399999818,-18.159557279998847
2022-12-28,HENDERSON,00H,SG,249.24791666666667,249.2481060606061,0.9999999999990904,0.3047999999997227,-0.53,43,0.5,11459.16,-0.53,69.20162,3027.883199999818,-18.161172719998845
2022-12-28,HENDERSON,00H,SG,249.34602272727273,249.34621212121212,0.9999999999990904,0.3047999999997227,-0.53,43,-0.5,11459.16,-0.53,69.20162,3028.1879999998177,-18.162788159998843
2022-12-28,HENDERSON,00H,SG,249.22121212121212,249.2214015151515,0.9999999999990904,0.3047999999997227,-0.53,43,1.5,3819.72,-0.53,69.20162,3028.4927999998176,-18.164403599998842
2022-12-28,HENDERSON,00H,SG,249.22291666666663,249.22310606060609,0.9999999999990904,0.3047999999997227,-0.53,43,1.4,4092.557142857143,-0.53,69.20162,3028.7975999998175,-18.16601903999884
2022-12-28,HENDERSON,00H,SG,249.3532196969697,249.35340909090908,0.9999999999990904,0.3047999999997227,-0.53,43,-0.7,8185.114285714286,-0.53,69.20162,3029.1023999998174,-18.16763447999884
2022-12-28,HENDERSON,00H,SG,249.24526515151516,249.24545454545455,0.9999999999990904,0.3047999999997227,-0.53,43,0.7,8185.114285714286,-0.53,69.20162,3029.4071999998173,-18.169249919998837
2022-12-28,HENDERSON,00H,SG,249.2503787878788,249.25056818181815,0.9999999999990904,0.3047999999997227,-0.53,43,0.5,11459.16,-0.53,69.20162,3029.711999999817,-18.170865359998835
2022-12-28,HENDERSON,00H,SG,249.30454545454543,249.30473484848488,0.9999999999990904,0.3047999999997227,-0.53,42,0.0,1000000.0,-0.53,67.59228,3030.016799999817,-18.172480799998834
2022-12-28,HENDERSON,00H,SG,249.33636363636364,249.33655303030304,0.9999999999990904,0.3047999999997227,-0.53,42,-0.2,28647.899999999998,-0.53,67.59228,3030.321599999817,-18.174096239998832
2022-12-28,HENDERSON,00H,SG,249.3405303030303,249.3409090909091,1.999999999998181,0.6095999999994455,-0.53,43,-0.3,19098.600000000002,-0.53,69.20162,3030.9311999998163,-18.17571167999883
2022-12-28,HENDERSON,00H,SG,249.24469696969695,249.24507575757576,1.999999999998181,0.6095999999994455,-0.53,43,0.7,8185.114285714286,-0.53,69.20162,3031.5407999998156,-18.178942559998827
2022-12-28,HENDERSON,00H,SG,249.21401515151516,249.21439393939391,1.999999999998181,0.6095999999994455,-0.53,43,1.6,3580.9874999999997,-0.53,69.20162,3032.150399999815,-18.182173439998824
2022-12-28,HENDERSON,00H,SG,249.36174242424244,249.3621212121212,1.999999999998181,0.6095999999994455,-0.53,43,-1.0,5729.58,-0.53,69.20162,3032.759999999814,-18.18540431999882
2022-12-28,HENDERSON,00H,SG,249.2465909090909,249.2469696969697,1.999999999998181,0.6095999999994455,-0.53,43,0.6,9549.300000000001,-0.53,69.20162,3033.3695999998135,-18.188635199998817
2022-12-28,HENDERSON,00H,SG,249.31193181818185,249.3123106060606,1.999999999998181,0.6095999999994455,-0.53,43,0.0,1000000.0,-0.53,69.20162,3033.979199999813,-18.191866079998814
2022-12-28,HENDERSON,00H,SG,249.3157196969697,249.31609848484848,1.999999999998181,0.6095999999994455,-0.53,43,0.0,1000000.0,-0.53,69.20162,3034.588799999812,-18.19509695999881
2022-12-28,HENDERSON,00H,SG,249.2412878787879,249.24166666666667,1.999999999998181,0.6095999999994455,-0.53,43,0.8,7161.974999999999,-0.53,69.20162,3035.1983999998115,-18.198327839998807
2022-12-28,HENDERSON,00H,SG,249.22253787878788,249.22291666666663,1.999999999998181,0.6095999999994455,-0.53,43,1.3,4407.369230769231,-0.53,69.20162,3035.807999999811,-18.201558719998804
2022-12-28,HENDERSON,00H,SG,249.3409090909091,249.34128787878788,1.999999999998181,0.6095999999994455,-0.53,43,-0.4,14323.949999999999,-0.53,69.20162,3036.41759999981,-18.2047895999988
2022-12-28,HENDERSON,00H,SG,249.2289772727273,249.22935606060605,1.999999999998181,0.6095999999994455,-0.53,43,1.1,5208.70909090909,-0.53,69.20162,3037.0271999998095,-18.208020479998797
2022-12-28,HENDERSON,00H,SG,249.31155303030303,249.31193181818185,1.999999999998181,0.6095999999994455,-0.53,42,0.0,1000000.0,-0.53,67.59228,3037.6367999998088,-18.211251359998794
2022-12-28,HENDERSON,00H,SG,249.22973484848484,249.23011363636363,1.999999999998181,0.6095999999994455,-0.53,43,1.1,5208.70909090909,-0.53,69.20162,3038.246399999808,-18.21448223999879
2022-12-28,HENDERSON,00H,SG,249.33579545454543,249.33617424242425,1.999999999998181,0.6095999999994455,-0.53,42,-0.2,28647.899999999998,-0.53,67.59228,3038.8559999998074,-18.217713119998788
2022-12-28,HENDERSON,00H,SG,249.22935606060605,249.22973484848484,1.999999999998181,0.6095999999994455,-0.53,43,1.2,4774.650000000001,-0.53,69.20162,3039.4655999998067,-18.220943999998784
2022-12-28,HENDERSON,00H,SG,249.23333333333332,249.2337121212121,1.999999999998181,0.6095999999994455,-0.53,43,1.1,5208.70909090909,-0.53,69.20162,3040.075199999806,-18.22417487999878
2022-12-28,HENDERSON,00H,SG,249.33276515151516,249.33314393939395,1.999999999998181,0.6095999999994455,-0.53,42,-0.2,28647.899999999998,-0.53,67.59228,3040.6847999998054,-18.227405759998778
2022-12-28,HENDERSON,00H,SG,249.22083333333333,249.22121212121212,1.999999999998181,0.6095999999994455,-0.53,43,1.4,4092.557142857143,-0.53,69.20162,3041.2943999998047,-18.230636639998774
2022-12-28,HENDERSON,00H,SG,249.34261363636364,249.3429924242424,1.999999999998181,0.6095999999994455,-0.53,43,-0.5,11459.16,-0.53,69.20162,3041.903999999804,-18.23386751999877
2022-12-28,HENDERSON,00H,SG,249.24829545454543,249.24867424242424,1.999999999998181,0.6095999999994455,-0.53,43,0.5,11459.16,-0.53,69.20162,3042.5135999998033,-18.237098399998768
2022-12-28,HENDERSON,00H,SG,249.3289772727273,249.32935606060607,1.999999999998181,0.6095999999994455,-0.53,42,-0.1,57295.799999999996,-0.53,67.59228,3043.1231999998026,-18.240329279998765
2022-12-28,HENDERSON,00H,SG,249.34015151515152,249.3405303030303,1.999999999998181,0.6095999999994455,-0.53,43,-0.4,14323.949999999999,-0.53,69.20162,3043.732799999802,-18.24356015999876
2022-12-28,HENDERSON,00H,SG,249.35643939393935,249.35681818181817,1.999999999998181,0.6095999999994455,-0.53,43,-0.9,6366.2,-0.53,69.20162,3044.3423999998013,-18.246791039998758
2022-12-28,HENDERSON,00H,SG,249.3560606060606,249.35643939393935,1.999999999998181,0.6095999999994455,-0.53,42,-0.9,6366.2,-0.53,67.59228,3044.9519999998006,-18.250021919998755
2022-12-28,HENDERSON,00H,SG,249.2441287878788,249.2445075757576,1.999999999998181,0.6095999999994455,-0.53,43,0.7,8185.114285714286,-0.53,69.20162,3045.5615999998,-18.25325279999875
2022-12-28,HENDERSON,00H,SG,249.33541666666667,249.33579545454543,1.999999999998181,0.6095999999994455,-0.53,43,-0.2,28647.899999999998,-0.53,69.20162,3046.1711999997992,-18.256483679998748
2022-12-28,HENDERSON,00H,SG,249.22727272727272,249.2276515151515,1.999999999998181,0.6095999999994455,-0.53,43,1.3,4407.369230769231,-0.53,69.20162,3046.7807999997985,-18.259714559998745
2022-12-28,HENDERSON,00H,SG,249.21439393939391,249.21477272727273,1.999999999998181,0.6095999999994455,-0.53,43,1.7,3370.3411764705884,-0.53,69.20162,3047.390399999798,-18.26294543999874
2022-12-28,HENDERSON,00H,SG,249.2380681818182,249.23844696969695,1.999999999998181,0.6095999999994455,-0.53,43,0.9,6366.2,-0.53,69.20162,3047.999999999797,-18.26617631999874
2022-12-28,HENDERSON,00H,SG,249.22689393939393,249.22727272727272,1.999999999998181,0.6095999999994455,-0.53,43,1.2,4774.650000000001,-0.53,69.20162,3048.6095999997965,-18.269407199998735
2022-12-28,HENDERSON,00H,SG,249.3348484848485,249.33522727272728,1.999999999998181,0.6095999999994455,-0.53,43,-0.2,28647.899999999998,-0.53,69.20162,3049.219199999796,-18.272638079998732
2022-12-28,HENDERSON,00H,SG,249.31344696969697,249.31382575757576,1.999999999998181,0.6095999999994455,-0.53,42,0.1,57295.799999999996,-0.53,67.59228,3049.828799999795,-18.27586895999873
2022-12-28,HENDERSON,00H,SG,249.33371212121213,249.33409090909092,1.999999999998181,0.6095999999994455,-0.53,43,-0.1,57295.799999999996,-0.53,69.20162,3050.4383999997945,-18.279099839998725
2022-12-28,HENDERSON,00H,SG,249.22405303030305,249.2244318181818,1.999999999998181,0.6095999999994455,-0.53,43,1.4,4092.557142857143,-0.53,69.20162,3051.047999999794,-18.282330719998722
2022-12-28,HENDERSON,00H,SG,249.21477272727273,249.21515151515152,1.999999999998181,0.6095999999994455,-0.53,43,1.6,3580.9874999999997,-0.53,69.20162,3051.657599999793,-18.28556159999872
2022-12-28,HENDERSON,00H,SG,249.3278409090909,249.32821969696968,1.999999999998181,0.6095999999994455,-0.53,43,0.0,1000000.0,-0.53,69.20162,3052.2671999997924,-18.288792479998715
2022-12-28,HENDERSON,00H,SG,249.35454545454544,249.35492424242423,1.999999999998181,0.6095999999994455,-0.53,43,-0.8,7161.974999999999,-0.53,69.20162,3052.8767999997917,-18.292023359998712
2022-12-28,HENDERSON,00H,SG,249.2276515151515,249.22803030303027,1.999999999998181,0.6095999999994455,-0.53,43,1.2,4774.650000000001,-0.53,69.20162,3053.486399999791,-18.29525423999871
2022-12-28,HENDERSON,00H,SG,249.30625,249.3066287878788,1.999999999998181,0.6095999999994455,-0.53,42,0.0,1000000.0,-0.53,67.59228,3054.0959999997904,-18.298485119998706
2022-12-28,HENDERSON,00H,SG,249.31628787878788,249.31666666666663,1.999999999998181,0.6095999999994455,-0.53,43,0.0,1000000.0,-0.53,69.20162,3054.7055999997897,-18.301715999998702
2022-12-28,HENDERSON,00H,SG,249.31666666666663,249.31704545454545,1.999999999998181,0.6095999999994455,-0.53,42,0.0,1000000.0,-0.53,67.59228,3055.315199999789,-18.3049468799987
2022-12-28,HENDERSON,00H,SG,249.2469696969697,249.2473484848485,1.999999999998181,0.6095999999994455,-0.53,43,0.5,11459.16,-0.53,69.20162,3055.9247999997883,-18.308177759998696
2022-12-28,HENDERSON,00H,SG,249.3469696969697,249.34734848484848,1.999999999998181,0.6095999999994455,-0.53,42,-0.5,11459.16,-0.53,67.59228,3056.5343999997876,-18.311408639998692
2022-12-28,HENDERSON,00H,SG,249.2405303030303,249.2409090909091,1.999999999998181,0.6095999999994455,-0.53,43,0.7,8185.114285714286,-0.53,69.20162,3057.143999999787,-18.31463951999869
2022-12-28,HENDERSON,00H,SG,249.3219696969697,249.32234848484848,1.999999999998181,0.6095999999994455,-0.53,42,0.0,1000000.0,-0.53,67.59228,3057.7535999997863,-18.317870399998686
2022-12-28,HENDERSON,00H,SG,249.3528409090909,249.3532196969697,1.999999999998181,0.6095999999994455,-0.53,43,-0.8,7161.974999999999,-0.53,69.20162,3058.3631999997856,-18.321101279998683
2022-12-28,HENDERSON,00H,SG,249.3429924242424,249.3435606060606,2.9999999999972715,0.9143999999991684,-0.53,42,-0.5,11459.16,-0.53,67.59228,3059.277599999785,-18.32433215999868
2022-12-28,HENDERSON,00H,SG,249.3464015151515,249.3469696969697,2.9999999999972715,0.9143999999991684,-0.53,42,-0.6,9549.300000000001,-0.53,67.59228,3060.191999999784,-18.329178479998674
2022-12-28,HENDERSON,00H,SG,249.31496212121212,249.3155303030303,2.9999999999972715,0.9143999999991684,-0.53,42,0.1,57295.799999999996,-0.53,67.59228,3061.106399999783,-18.33402479999867
2022-12-28,HENDERSON,00H,SG,249.24545454545455,249.24602272727273,2.9999999999972715,0.9143999999991684,-0.53,43,0.6,9549.300000000001,-0.53,69.20162,3062.0207999997824,-18.338871119998664
2022-12-28,HENDERSON,00H,SG,249.34204545454543,249.34261363636364,2.9999999999972715,0.9143999999991684,-0.53,43,-0.4,14323.949999999999,-0.53,69.20162,3062.9351999997816,-18.34371743999866
2022-12-28,HENDERSON,00H,SG,249.2435606060606,249.2441287878788,2.9999999999972715,0.9143999999991684,-0.53,43,0.6,9549.300000000001,-0.53,69.20162,3063.849599999781,-18.348563759998655
2022-12-28,HENDERSON,00H,SG,249.2337121212121,249.2342803030303,2.9999999999972715,0.9143999999991684,-0.53,43,1.0,5729.58,-0.53,69.20162,3064.76399999978,-18.35341007999865
2022-12-28,HENDERSON,00H,SG,249.2185606060606,249.2191287878788,2.9999999999972715,0.9143999999991684,-0.53,43,1.5,3819.72,-0.53,69.20162,3065.6783999997792,-18.358256399998645
2022-12-28,HENDERSON,00H,SG,249.33409090909092,249.3346590909091,2.9999999999972715,0.9143999999991684,-0.53,42,-0.2,28647.899999999998,-0.53,67.59228,3066.5927999997784,-18.36310271999864
2022-12-28,HENDERSON,00H,SG,249.25530303030305,249.2558712121212,2.9999999999972715,0.9143999999991684,-0.53,43,0.2,28647.899999999998,-0.53,69.20162,3067.5071999997776,-18.367949039998635
2022-12-28,HENDERSON,00H,SG,249.24867424242424,249.2492424242424,2.9999999999972715,0.9143999999991684,-0.53,43,0.4,14323.949999999999,-0.53,69.20162,3068.421599999777,-18.37279535999863
2022-12-28,HENDERSON,00H,SG,249.2973484848485,249.29791666666668,2.9999999999972715,0.9143999999991684,-0.53,42,0.0,1000000.0,-0.53,67.59228,3069.335999999776,-18.377641679998625
2022-12-28,HENDERSON,00H,SG,249.33693181818185,249.3375,2.9999999999972715,0.9143999999991684,-0.53,43,-0.3,19098.600000000002,-0.53,69.20162,3070.2503999997753,-18.38248799999862
2022-12-28,HENDERSON,00H,SG,249.25454545454545,249.25511363636363,2.9999999999972715,0.9143999999991684,-0.53,43,0.2,28647.899999999998,-0.53,69.20162,3071.1647999997745,-18.387334319998615
2022-12-28,HENDERSON,00H,SG,249.32556818181817,249.32613636363635,2.9999999999972715,0.9143999999991684,-0.53,42,0.0,1000000.0,-0.53,67.59228,3072.0791999997737,-18.39218063999861
2022-12-28,HENDERSON,00H,SG,249.24943181818185,249.25,2.9999999999972715,0.9143999999991684,-0.53,43,0.4,14323.949999999999,-0.53,69.20162,3072.993599999773,-18.397026959998605
2022-12-28,HENDERSON,00H,SG,249.35094696969696,249.35151515151512,2.9999999999972715,0.9143999999991684,-0.53,43,-0.7,8185.114285714286,-0.53,69.20162,3073.907999999772,-18.4018732799986
2022-12-28,HENDERSON,00H,SG,249.3272727272727,249.3278409090909,2.9999999999972715,0.9143999999991684,-0.53,42,0.0,1000000.0,-0.53,67.59228,3074.8223999997713,-18.406719599998596
2022-12-28,HENDERSON,00H,SG,249.33219696969695,249.33276515151516,2.9999999999972715,0.9143999999991684,-0.53,42,-0.1,57295.799999999996,-0.53,67.59228,3075.7367999997705,-18.41156591999859
2022-12-28,HENDERSON,00H,SG,249.33314393939395,249.33371212121213,2.9999999999972715,0.9143999999991684,-0.53,43,-0.2,28647.899999999998,-0.53,69.20162,3076.6511999997697,-18.416412239998586
2022-12-28,HENDERSON,00H,SG,249.25056818181815,249.25113636363636,2.9999999999972715,0.9143999999991684,-0.53,43,0.4,14323.949999999999,-0.53,69.20162,3077.565599999769,-18.42125855999858
2022-12-28,HENDERSON,00H,SG,249.22803030303027,249.22878787878787,3.999999999996362,1.2191999999988912,-0.53,43,1.1,5208.70909090909,-0.53,69.20162,3078.784799999768,-18.426104879998576
2022-12-28,HENDERSON,00H,SG,249.2244318181818,249.2251893939394,3.999999999996362,1.2191999999988912,-0.53,43,1.3,4407.369230769231,-0.53,69.20162,3080.003999999767,-18.43256663999857
2022-12-28,HENDERSON,00H,SG,249.3282196969697,249.3289772727273,3.999999999996362,1.2191999999988912,-0.53,43,-0.1,57295.799999999996,-0.53,69.20162,3081.223199999766,-18.439028399998563
2022-12-28,HENDERSON,00H,SG,249.3314393939394,249.33219696969695,3.999999999996362,1.2191999999988912,-0.53,43,-0.1,57295.799999999996,-0.53,69.20162,3082.4423999997653,-18.445490159998556
2022-12-28,HENDERSON,00H,SG,249.23731060606065,249.2380681818182,3.999999999996362,1.2191999999988912,-0.53,43,0.8,7161.974999999999,-0.53,69.20162,3083.6615999997643,-18.45195191999855
2022-12-28,HENDERSON,00H,SG,249.3191287878788,249.31988636363636,3.999999999996362,1.2191999999988912,-0.53,43,0.0,1000000.0,-0.53,69.20162,3084.8807999997634,-18.458413679998543
2022-12-28,HENDERSON,00H,SG,249.3183712121212,249.3191287878788,3.999999999996362,1.2191999999988912,-0.53,42,0.0,1000000.0,-0.53,67.59228,3086.0999999997625,-18.464875439998536
2022-12-28,HENDERSON,00H,SG,249.34905303030305,249.3498106060606,3.999999999996362,1.2191999999988912,-0.53,43,-0.7,8185.114285714286,-0.53,69.20162,3087.3191999997616,-18.47133719999853
2022-12-28,HENDERSON,00H,SG,249.34734848484848,249.34810606060609,3.999999999996362,1.2191999999988912,-0.53,43,-0.6,9549.300000000001,-0.53,69.20162,3088.5383999997607,-18.477798959998523
2022-12-28,HENDERSON,00H,SG,249.23541666666668,249.23617424242423,3.999999999996362,1.2191999999988912,-0.53,43,0.9,6366.2,-0.53,69.20162,3089.75759999976,-18.484260719998517
2022-12-28,HENDERSON,00H,SG,249.32367424242423,249.3244318181818,3.999999999996362,1.2191999999988912,-0.53,42,0.0,1000000.0,-0.53,67.59228,3090.976799999759,-18.49072247999851
2022-12-28,HENDERSON,00H,SG,249.33939393939391,249.34015151515152,3.999999999996362,1.2191999999988912,-0.53,42,-0.3,19098.600000000002,-0.53,67.59228,3092.195999999758,-18.497184239998504
2022-12-28,HENDERSON,00H,SG,249.33863636363637,249.33939393939391,3.999999999996362,1.2191999999988912,-0.53,43,-0.3,19098.600000000002,-0.53,69.20162,3093.415199999757,-18.503645999998497
2022-12-28,HENDERSON,00H,SG,249.34128787878788,249.34204545454543,3.999999999996362,1.2191999999988912,-0.53,42,-0.4,14323.949999999999,-0.53,67.59228,3094.634399999756,-18.51010775999849
2022-12-28,HENDERSON,00H,SG,249.3585227272727,249.3592803030303,3.999999999996362,1.2191999999988912,-0.53,42,-0.9,6366.2,-0.53,67.59228,3095.8535999997553,-18.516569519998484
2022-12-28,HENDERSON,00H,SG,249.31988636363636,249.32083333333333,4.9999999999954525,1.523999999998614,-0.53,42,0.0,1000000.0,-0.53,67.59228,3097.377599999754,-18.523031279998477
2022-12-28,HENDERSON,00H,SG,249.21742424242424,249.2183712121212,4.9999999999954525,1.523999999998614,-0.53,43,1.5,3819.72,-0.53,69.20162,3098.9015999997523,-18.53110847999847
2022-12-28,HENDERSON,00H,SG,249.23636363636365,249.23731060606065,4.9999999999954525,1.523999999998614,-0.53,43,0.9,6366.2,-0.53,69.20162,3100.425599999751,-18.53918567999846
2022-12-28,HENDERSON,00H,SG,249.35151515151512,249.3524621212121,4.9999999999954525,1.523999999998614,-0.53,42,-0.7,8185.114285714286,-0.53,67.59228,3101.9495999997494,-18.547262879998453
2022-12-28,HENDERSON,00H,SG,249.2153409090909,249.21628787878788,4.9999999999954525,1.523999999998614,-0.53,43,1.6,3580.9874999999997,-0.53,69.20162,3103.473599999748,-18.555340079998444
2022-12-28,HENDERSON,00H,SG,249.34810606060609,249.34905303030305,4.9999999999954525,1.523999999998614,-0.53,42,-0.6,9549.300000000001,-0.53,67.59228,3104.9975999997464,-18.563417279998436
2022-12-28,HENDERSON,00H,SG,249.3297348484849,249.33068181818183,4.9999999999954525,1.523999999998614,-0.53,43,-0.1,57295.799999999996,-0.53,69.20162,3106.521599999745,-18.571494479998428
2022-12-28,HENDERSON,00H,SG,249.22310606060609,249.22405303030305,4.9999999999954525,1.523999999998614,-0.53,43,1.3,4407.369230769231,-0.53,69.20162,3108.0455999997434,-18.57957167999842
2022-12-28,HENDERSON,00H,SG,249.2130681818182,249.21401515151516,4.9999999999954525,1.523999999998614,-0.53,43,1.7,3370.3411764705884,-0.53,69.20162,3109.569599999742,-18.58764887999841
2022-12-28,HENDERSON,00H,SG,249.21628787878788,249.21723484848485,4.9999999999954525,1.523999999998614,-0.53,43,1.5,3819.72,-0.53,69.20162,3111.0935999997405,-18.595726079998403
2022-12-28,HENDERSON,00H,SG,249.2342803030303,249.2352272727273,5.000000000145519,1.5240000000443543,-0.53,43,0.9,6366.2,-0.53,69.20162,3112.617599999785,-18.603803279998395
2022-12-28,HENDERSON,00H,SG,249.3498106060606,249.35094696969696,5.999999999994543,1.8287999999983369,-0.53,42,-0.7,8185.114285714286,-0.53,67.59228,3114.4463999997834,-18.61188047999863
2022-12-28,HENDERSON,00H,SG,249.2,249.20113636363635,5.999999999994543,1.8287999999983369,-0.53,43,2.2,2604.354545454545,-0.53,69.20162,3116.2751999997818,-18.62157311999862
2022-12-28,HENDERSON,00H,SG,249.32613636363635,249.3272727272727,5.999999999994543,1.8287999999983369,-0.53,43,0.0,1000000.0,-0.53,69.20162,3118.10399999978,-18.63126575999861
2022-12-28,HENDERSON,00H,SG,249.31382575757576,249.31496212121212,5.999999999994543,1.8287999999983369,-0.53,43,0.1,57295.799999999996,-0.53,69.20162,3119.9327999997786,-18.6409583999986
2022-12-28,HENDERSON,00H,SG,249.3244318181818,249.32556818181817,5.999999999994543,1.8287999999983369,-0.53,43,0.0,1000000.0,-0.53,69.20162,3121.761599999777,-18.65065103999859
2022-12-28,HENDERSON,00H,SG,249.3123106060606,249.31344696969697,5.999999999994543,1.8287999999983369,-0.53,43,0.1,57295.799999999996,-0.53,69.20162,3123.5903999997754,-18.66034367999858
2022-12-28,HENDERSON,00H,SG,249.35340909090908,249.35454545454544,5.999999999994543,1.8287999999983369,-0.53,42,-0.8,7161.974999999999,-0.53,67.59228,3125.419199999774,-18.67003631999857
2022-12-28,HENDERSON,00H,SG,249.2214015151515,249.22253787878788,5.999999999994543,1.8287999999983369,-0.53,43,1.4,4092.557142857143,-0.53,69.20162,3127.247999999772,-18.67972895999856
2022-12-28,HENDERSON,00H,SG,249.23030303030305,249.23143939393935,5.999999999994543,1.8287999999983369,-0.53,43,1.1,5208.70909090909,-0.53,69.20162,3129.0767999997706,-18.68942159999855
2022-12-28,HENDERSON,00H,SG,249.35492424242423,249.3560606060606,5.999999999994543,1.8287999999983369,-0.53,42,-0.8,7161.974999999999,-0.53,67.59228,3130.905599999769,-18.69911423999854
2022-12-28,HENDERSON,00H,SG,249.32083333333333,249.3219696969697,5.999999999994543,1.8287999999983369,-0.53,43,0.0,1000000.0,-0.53,69.20162,3132.7343999997674,-18.70880687999853
2022-12-28,HENDERSON,00H,SG,249.3375,249.33863636363637,5.999999999994543,1.8287999999983369,-0.53,42,-0.3,19098.600000000002,-0.53,67.59228,3134.563199999766,-18.71849951999852
2022-12-28,HENDERSON,00H,SG,249.2195075757576,249.2206439393939,5.999999999994543,1.8287999999983369,-0.53,43,1.4,4092.557142857143,-0.53,69.20162,3136.3919999997643,-18.72819215999851
2022-12-28,HENDERSON,00H,SG,249.31704545454545,249.3183712121212,6.9999999999936335,2.1335999999980597,-0.53,43,0.0,1000000.0,-0.53,69.20162,3138.525599999762,-18.7378847999985
2022-12-28,HENDERSON,00H,SG,249.32234848484848,249.32367424242423,6.9999999999936335,2.1335999999980597,-0.53,43,0.0,1000000.0,-0.53,69.20162,3140.65919999976,-18.74919287999849
2022-12-28,HENDERSON,00H,SG,249.3445075757576,249.34583333333333,6.9999999999936335,2.1335999999980597,-0.53,42,-0.5,11459.16,-0.53,67.59228,3142.792799999758,-18.760500959998478
2022-12-28,HENDERSON,00H,SG,249.2960227272727,249.2973484848485,7.0000000001437,2.1336000000438,-0.53,43,0.0,1000000.0,-0.53,69.20162,3144.9263999998016,-18.771809039998466
2022-12-28,HENDERSON,00H,SG,249.30473484848488,249.30625,7.999999999992724,2.4383999999977823,-0.53,43,0.0,1000000.0,-0.53,69.20162,3147.3647999997993,-18.7831171199987
2022-12-28,HENDERSON,00H,SG,249.31003787878788,249.31155303030303,7.999999999992724,2.4383999999977823,-0.53,43,0.0,1000000.0,-0.53,69.20162,3149.803199999797,-18.796040639998687
2022-12-28,HENDERSON,00H,SG,249.35681818181817,249.35833333333332,7.999999999992724,2.4383999999977823,-0.53,42,-0.9,6366.2,-0.53,67.59228,3152.2415999997947,-18.808964159998673
2022-12-28,HENDERSON,00H,SG,249.24166666666667,249.24318181818185,7.999999999992724,2.4383999999977823,-0.53,43,0.7,8185.114285714286,-0.53,69.20162,3154.6799999997925,-18.82188767999866
2022-12-28,HENDERSON,00H,SG,249.2251893939394,249.22670454545457,7.999999999992724,2.4383999999977823,-0.53,43,1.2,4774.650000000001,-0.53,69.20162,3157.11839999979,-18.834811199998647
2022-12-28,HENDERSON,00H,SG,249.25113636363636,249.2526515151515,7.999999999992724,2.4383999999977823,-0.53,43,0.3,19098.600000000002,-0.53,69.20162,3159.556799999788,-18.847734719998634
2022-12-28,HENDERSON,00H,SG,249.2560606060606,249.25776515151512,8.999999999991815,2.743199999997505,-0.53,43,0.2,28647.899999999998,-0.53,69.20162,3162.2999999997855,-18.86065823999862
2022-12-28,HENDERSON,00H,SG,249.2528409090909,249.25454545454545,8.999999999991815,2.743199999997505,-0.53,43,0.3,19098.600000000002,-0.53,69.20162,3165.043199999783,-18.875197199998606
2022-12-28,HENDERSON,00H,SG,249.23143939393935,249.23333333333332,9.999999999990903,3.047999999997228,-0.53,43,1.0,5729.58,-0.53,69.20162,3168.09119999978,-18.88973615999859
2022-12-28,HENDERSON,00H,SG,249.36799242424243,249.37007575757576,10.999999999989996,3.3527999999969507,-0.53,42,-1.3,4407.369230769231,-0.53,67.59228,3171.443999999777,-18.905890559998575
2022-12-28,HENDERSON,00H,SG,249.23844696969695,249.2405303030303,10.999999999989996,3.3527999999969507,-0.53,43,0.8,7161.974999999999,-0.53,69.20162,3174.796799999774,-18.92366039999856
2022-12-28,HENDERSON,00H,SG,249.3592803030303,249.36174242424244,13.000000000138243,3.9624000000421367,-0.53,42,-1.0,5729.58,-0.53,67.59228,3178.7591999998162,-18.941430239998546
2022-12-28,HENDERSON,00H,SG,249.36534090909092,249.36799242424243,13.999999999987269,4.267199999996119,-0.53,42,-1.2,4774.650000000001,-0.53,67.59228,3183.0263999998124,-18.96243095999877
2022-12-28,HENDERSON,00H,SG,249.21041666666667,249.2130681818182,13.999999999987269,4.267199999996119,-0.53,43,1.8,3183.1,-0.53,69.20162,3187.2935999998085,-18.98504711999875
2022-12-28,HENDERSON,00H,SG,249.2039772727273,249.2068181818182,14.999999999986358,4.571999999995842,-0.53,43,2.0,2864.79,-0.53,69.20162,3191.8655999998045,-19.00766327999873
2022-12-28,HENDERSON,00H,SG,249.20113636363635,249.2039772727273,15.000000000136424,4.572000000041582,-0.53,43,2.1,2728.3714285714286,-0.53,69.20162,3196.437599999846,-19.03189487999871
2022-12-28,HENDERSON,00H,SG,249.3621212121212,249.36534090909092,16.99999999998454,5.181599999995288,-0.53,42,-1.1,5208.70909090909,-0.53,67.59228,3201.6191999998414,-19.05612647999893
2022-12-28,HENDERSON,00H,SG,249.3066287878788,249.3098484848485,16.99999999998454,5.181599999995288,-0.53,43,0.0,1000000.0,-0.53,69.20162,3206.8007999998367,-19.083588959998906
2022-12-28,HENDERSON,00H,SG,249.2068181818182,249.2100378787879,16.99999999998454,5.181599999995288,-0.53,43,1.9,3015.5684210526315,-0.53,69.20162,3211.982399999832,-19.11105143999888
2022-12-28,HENDERSON,00H,SG,249.29791666666668,249.30454545454543,34.99999999996817,10.6679999999903,-0.53,43,0.0,1000000.0,-0.53,69.20162,3222.650399999822,-19.138513919998857
2022-12-28,HENDERSON,00H,SG,249.25776515151512,249.26458333333332,35.99999999996726,10.97279999999002,-0.53,43,0.1,57295.799999999996,-0.53,69.20162,3233.623199999812,-19.195054319998807
2022-12-28,HENDERSON,00H,SG,249.26458333333332,249.29583333333332,165.0,50.292,-0.53,43,0.0,1000000.0,-0.53,69.20162,3283.915199999812,-19.253210159998755
2022-12-28,HENDERSON,00H,SG,248.05738636363637,248.05757575757576,0.9999999999990904,0.3047999999997227,-0.52,40,2.3,2491.121739130435,-0.52,64.3736,3284.219999999812,-19.519757759998754
2022-12-28,HENDERSON,00H,SG,248.0378787878788,248.03806818181815,0.9999999999990904,0.3047999999997227,-0.52,40,1.4,4092.557142857143,-0.52,64.3736,3284.524799999812,-19.521342719998753
2022-12-28,HENDERSON,00H,SG,248.0058712121212,248.0060606060606,0.9999999999990904,0.3047999999997227,-0.52,39,0.2,28647.899999999998,-0.52,62.76426,3284.8295999998118,-19.52292767999875
2022-12-28,HENDERSON,00H,SG,247.97632575757575,247.97651515151512,0.9999999999990904,0.3047999999997227,-0.52,39,-0.1,57295.799999999996,-0.52,62.76426,3285.1343999998116,-19.52451263999875
2022-12-28,HENDERSON,00H,SG,248.00397727272727,248.00416666666663,0.9999999999990904,0.3047999999997227,-0.52,39,0.1,57295.799999999996,-0.52,62.76426,3285.4391999998115,-19.52609759999875
2022-12-28,HENDERSON,00H,SG,247.96761363636364,247.96780303030303,0.9999999999990904,0.3047999999997227,-0.52,40,0.0,1000000.0,-0.52,64.3736,3285.7439999998114,-19.52768255999875
2022-12-28,HENDERSON,00H,SG,248.00416666666663,248.00435606060609,0.9999999999990904,0.3047999999997227,-0.52,39,0.2,28647.899999999998,-0.52,62.76426,3286.0487999998113,-19.529267519998747
2022-12-28,HENDERSON,00H,SG,248.0001893939394,248.0003787878788,0.9999999999990904,0.3047999999997227,-0.52,40,0.1,57295.799999999996,-0.52,64.3736,3286.353599999811,-19.530852479998746
2022-12-28,HENDERSON,00H,SG,247.80246212121213,247.80265151515152,0.9999999999990904,0.3047999999997227,-0.52,39,0.0,1000000.0,-0.52,62.76426,3286.658399999811,-19.532437439998745
2022-12-28,HENDERSON,00H,SG,248.0376893939394,248.0378787878788,0.9999999999990904,0.3047999999997227,-0.52,40,1.5,3819.72,-0.52,64.3736,3286.963199999811,-19.534022399998744
2022-12-28,HENDERSON,00H,SG,248.01344696969696,248.01363636363635,0.9999999999990904,0.3047999999997227,-0.52,40,0.6,9549.300000000001,-0.52,64.3736,3287.267999999811,-19.535607359998743
2022-12-28,HENDERSON,00H,SG,248.01079545454544,248.01098484848484,0.9999999999990904,0.3047999999997227,-0.52,40,0.4,14323.949999999999,-0.52,64.3736,3287.5727999998107,-19.53719231999874
2022-12-28,HENDERSON,00H,SG,248.0089015151515,248.0090909090909,0.9999999999990904,0.3047999999997227,-0.52,40,0.4,14323.949999999999,-0.52,64.3736,3287.8775999998106,-19.53877727999874
2022-12-28,HENDERSON,00H,SG,248.01060606060605,248.01079545454544,0.9999999999990904,0.3047999999997227,-0.52,40,0.5,11459.16,-0.52,64.3736,3288.1823999998105,-19.54036223999874
2022-12-28,HENDERSON,00H,SG,248.01875,248.0189393939394,0.9999999999990904,0.3047999999997227,-0.52,40,0.8,7161.974999999999,-0.52,64.3736,3288.4871999998104,-19.541947199998738
2022-12-28,HENDERSON,00H,SG,247.84791666666663,247.84810606060609,0.9999999999990904,0.3047999999997227,-0.52,38,0.0,1000000.0,-0.52,61.15492,3288.7919999998103,-19.543532159998737
2022-12-28,HENDERSON,00H,SG,248.0064393939394,248.0066287878788,0.9999999999990904,0.3047999999997227,-0.52,40,0.3,19098.600000000002,-0.52,64.3736,3289.09679999981,-19.545117119998736
2022-12-28,HENDERSON,00H,SG,248.00776515151512,248.00795454545457,0.9999999999990904,0.3047999999997227,-0.52,39,0.3,19098.600000000002,-0.52,62.76426,3289.40159999981,-19.546702079998735
2022-12-28,HENDERSON,00H,SG,247.8621212121212,247.86231060606065,0.9999999999990904,0.3047999999997227,-0.52,38,0.0,1000000.0,-0.52,61.15492,3289.70639999981,-19.548287039998733
2022-12-28,HENDERSON,00H,SG,247.84242424242424,247.84280303030303,1.999999999998181,0.6095999999994455,-0.52,38,0.1,57295.799999999996,-0.52,61.15492,3290.3159999998093,-19.549871999998732
2022-12-28,HENDERSON,00H,SG,248.0066287878788,248.00700757575757,1.999999999998181,0.6095999999994455,-0.52,40,0.2,28647.899999999998,-0.52,64.3736,3290.9255999998086,-19.55304191999873
2022-12-28,HENDERSON,00H,SG,247.8219696969697,247.82234848484848,1.999999999998181,0.6095999999994455,-0.52,39,0.0,1000000.0,-0.52,62.76426,3291.535199999808,-19.556211839998728
2022-12-28,HENDERSON,00H,SG,247.81136363636364,247.8117424242424,1.999999999998181,0.6095999999994455,-0.52,39,0.0,1000000.0,-0.52,62.76426,3292.144799999807,-19.559381759998725
2022-12-28,HENDERSON,00H,SG,247.97651515151512,247.97689393939393,1.999999999998181,0.6095999999994455,-0.52,40,-0.1,57295.799999999996,-0.52,64.3736,3292.7543999998065,-19.562551679998723
2022-12-28,HENDERSON,00H,SG,247.98011363636363,247.9804924242424,1.999999999998181,0.6095999999994455,-0.52,40,-0.1,57295.799999999996,-0.52,64.3736,3293.363999999806,-19.56572159999872
2022-12-28,HENDERSON,00H,SG,247.8005681818182,247.80094696969695,1.999999999998181,0.6095999999994455,-0.52,39,0.0,1000000.0,-0.52,62.76426,3293.973599999805,-19.56889151999872
2022-12-28,HENDERSON,00H,SG,248.02064393939395,248.0210227272727,1.999999999998181,0.6095999999994455,-0.52,40,0.9,6366.2,-0.52,64.3736,3294.5831999998045,-19.572061439998716
2022-12-28,HENDERSON,00H,SG,248.0060606060606,248.0064393939394,1.999999999998181,0.6095999999994455,-0.52,40,0.2,28647.899999999998,-0.52,64.3736,3295.192799999804,-19.575231359998714
2022-12-28,HENDERSON,00H,SG,247.84602272727273,247.8464015151515,1.999999999998181,0.6095999999994455,-0.52,38,0.0,1000000.0,-0.52,61.15492,3295.802399999803,-19.57840127999871
2022-12-28,HENDERSON,00H,SG,247.81306818181815,247.81344696969697,1.999999999998181,0.6095999999994455,-0.52,39,0.0,1000000.0,-0.52,62.76426,3296.4119999998024,-19.58157119999871
2022-12-28,HENDERSON,00H,SG,247.84431818181815,247.84469696969697,1.999999999998181,0.6095999999994455,-0.52,38,0.1,57295.799999999996,-0.52,61.15492,3297.0215999998018,-19.584741119998707
2022-12-28,HENDERSON,00H,SG,248.05757575757576,248.05795454545455,1.999999999998181,0.6095999999994455,-0.52,40,2.2,2604.354545454545,-0.52,64.3736,3297.631199999801,-19.587911039998705
2022-12-28,HENDERSON,00H,SG,248.0189393939394,248.0193181818182,1.999999999998181,0.6095999999994455,-0.52,40,0.7,8185.114285714286,-0.52,64.3736,3298.2407999998004,-19.591080959998703
2022-12-28,HENDERSON,00H,SG,247.99867424242424,247.99905303030303,1.999999999998181,0.6095999999994455,-0.52,39,0.0,1000000.0,-0.52,62.76426,3298.8503999997997,-19.5942508799987
2022-12-28,HENDERSON,00H,SG,248.0003787878788,248.0007575757576,1.999999999998181,0.6095999999994455,-0.52,39,0.1,57295.799999999996,-0.52,62.76426,3299.459999999799,-19.597420799998698
2022-12-28,HENDERSON,00H,SG,247.97291666666663,247.97329545454545,1.999999999998181,0.6095999999994455,-0.52,40,0.0,1000000.0,-0.52,64.3736,3300.0695999997984,-19.600590719998696
2022-12-28,HENDERSON,00H,SG,247.9746212121212,247.975,1.999999999998181,0.6095999999994455,-0.52,40,0.0,1000000.0,-0.52,64.3736,3300.6791999997977,-19.603760639998693
2022-12-28,HENDERSON,00H,SG,248.01155303030305,248.0119318181818,1.999999999998181,0.6095999999994455,-0.52,40,0.4,14323.949999999999,-0.52,64.3736,3301.288799999797,-19.60693055999869
2022-12-28,HENDERSON,00H,SG,248.00227272727273,248.0026515151515,1.999999999998181,0.6095999999994455,-0.52,39,0.1,57295.799999999996,-0.52,62.76426,3301.8983999997963,-19.61010047999869
2022-12-28,HENDERSON,00H,SG,247.8494318181818,247.85,2.9999999999972715,0.9143999999991684,-0.52,38,0.0,1000000.0,-0.52,61.15492,3302.8127999997955,-19.613270399998687
2022-12-28,HENDERSON,00H,SG,247.8094696969697,247.81003787878788,2.9999999999972715,0.9143999999991684,-0.52,39,0.0,1000000.0,-0.52,62.76426,3303.7271999997947,-19.618025279998683
2022-12-28,HENDERSON,00H,SG,247.83522727272728,247.83579545454543,2.9999999999972715,0.9143999999991684,-0.52,38,0.0,1000000.0,-0.52,61.15492,3304.641599999794,-19.62278015999868
2022-12-28,HENDERSON,00H,SG,247.9967803030303,247.9973484848485,2.9999999999972715,0.9143999999991684,-0.52,39,0.0,1000000.0,-0.52,62.76426,3305.555999999793,-19.627535039998676
2022-12-28,HENDERSON,00H,SG,247.99488636363637,247.99545454545455,2.9999999999972715,0.9143999999991684,-0.52,39,0.0,1000000.0,-0.52,62.76426,3306.4703999997923,-19.632289919998673
2022-12-28,HENDERSON,00H,SG,247.83333333333337,247.83390151515152,2.9999999999972715,0.9143999999991684,-0.52,38,0.0,1000000.0,-0.52,61.15492,3307.3847999997915,-19.63704479999867
2022-12-28,HENDERSON,00H,SG,247.9782196969697,247.97878787878787,2.9999999999972715,0.9143999999991684,-0.52,40,-0.1,57295.799999999996,-0.52,64.3736,3308.2991999997907,-19.641799679998666
2022-12-28,HENDERSON,00H,SG,247.99318181818185,247.99375,2.9999999999972715,0.9143999999991684,-0.52,39,0.0,1000000.0,-0.52,62.76426,3309.21359999979,-19.646554559998663
2022-12-28,HENDERSON,00H,SG,247.83996212121212,247.8405303030303,2.9999999999972715,0.9143999999991684,-0.52,39,0.1,57295.799999999996,-0.52,62.76426,3310.127999999789,-19.65130943999866
2022-12-28,HENDERSON,00H,SG,247.99204545454543,247.99261363636364,2.9999999999972715,0.9143999999991684,-0.52,40,-0.1,57295.799999999996,-0.52,64.3736,3311.0423999997884,-19.656064319998656
2022-12-28,HENDERSON,00H,SG,247.83939393939391,247.83996212121212,2.9999999999972715,0.9143999999991684,-0.52,39,0.0,1000000.0,-0.52,62.76426,3311.9567999997876,-19.660819199998652
2022-12-28,HENDERSON,00H,SG,248.01363636363635,248.01420454545453,2.9999999999972715,0.9143999999991684,-0.52,40,0.5,11459.16,-0.52,64.3736,3312.8711999997868,-19.66557407999865
2022-12-28,HENDERSON,00H,SG,247.80416666666667,247.80473484848488,2.9999999999972715,0.9143999999991684,-0.52,39,0.0,1000000.0,-0.52,62.76426,3313.785599999786,-19.670328959998646
2022-12-28,HENDERSON,00H,SG,247.80776515151516,247.80833333333337,2.9999999999972715,0.9143999999991684,-0.52,39,0.0,1000000.0,-0.52,62.76426,3314.699999999785,-19.675083839998642
2022-12-28,HENDERSON,00H,SG,247.99261363636364,247.99318181818185,2.9999999999972715,0.9143999999991684,-0.52,40,0.0,1000000.0,-0.52,64.3736,3315.6143999997844,-19.67983871999864
2022-12-28,HENDERSON,00H,SG,247.83882575757576,247.83939393939391,2.9999999999972715,0.9143999999991684,-0.52,38,0.0,1000000.0,-0.52,61.15492,3316.5287999997836,-19.684593599998635
2022-12-28,HENDERSON,00H,SG,247.81496212121212,247.8155303030303,2.9999999999972715,0.9143999999991684,-0.52,39,0.0,1000000.0,-0.52,62.76426,3317.443199999783,-19.689348479998632
2022-12-28,HENDERSON,00H,SG,247.8316287878788,247.83219696969695,2.9999999999972715,0.9143999999991684,-0.52,38,0.0,1000000.0,-0.52,61.15492,3318.357599999782,-19.69410335999863
2022-12-28,HENDERSON,00H,SG,247.8183712121212,247.8189393939394,2.9999999999972715,0.9143999999991684,-0.52,39,0.0,1000000.0,-0.52,62.76426,3319.271999999781,-19.698858239998625
2022-12-28,HENDERSON,00H,SG,247.84469696969697,247.84526515151515,2.9999999999972715,0.9143999999991684,-0.52,39,0.1,57295.799999999996,-0.52,62.76426,3320.1863999997804,-19.70361311999862
2022-12-28,HENDERSON,00H,SG,247.8405303030303,247.8410984848485,2.9999999999972715,0.9143999999991684,-0.52,38,0.1,57295.799999999996,-0.52,61.15492,3321.1007999997796,-19.708367999998618
2022-12-28,HENDERSON,00H,SG,248.01098484848484,248.01155303030305,2.9999999999972715,0.9143999999991684,-0.52,39,0.4,14323.949999999999,-0.52,62.76426,3322.015199999779,-19.713122879998615
2022-12-28,HENDERSON,00H,SG,247.8058712121212,247.8064393939394,2.9999999999972715,0.9143999999991684,-0.52,39,0.0,1000000.0,-0.52,62.76426,3322.929599999778,-19.71787775999861
2022-12-28,HENDERSON,00H,SG,247.84526515151515,247.84602272727273,3.999999999996362,1.2191999999988912,-0.52,39,0.0,1000000.0,-0.52,62.76426,3324.148799999777,-19.722632639998608
2022-12-28,HENDERSON,00H,SG,247.83693181818185,247.8376893939394,3.999999999996362,1.2191999999988912,-0.52,38,0.0,1000000.0,-0.52,61.15492,3325.367999999776,-19.728972479998603
2022-12-28,HENDERSON,00H,SG,247.9912878787879,247.99204545454543,3.999999999996362,1.2191999999988912,-0.52,39,-0.1,57295.799999999996,-0.52,62.76426,3326.5871999997753,-19.7353123199986
2022-12-28,HENDERSON,00H,SG,247.9876893939394,247.98844696969695,3.999999999996362,1.2191999999988912,-0.52,39,-0.1,57295.799999999996,-0.52,62.76426,3327.8063999997744,-19.741652159998594
2022-12-28,HENDERSON,00H,SG,247.9859848484849,247.98674242424244,3.999999999996362,1.2191999999988912,-0.52,39,-0.1,57295.799999999996,-0.52,62.76426,3329.0255999997735,-19.74799199999859
2022-12-28,HENDERSON,00H,SG,248.00984848484848,248.01060606060605,3.999999999996362,1.2191999999988912,-0.52,40,0.4,14323.949999999999,-0.52,64.3736,3330.2447999997726,-19.754331839998585
2022-12-28,HENDERSON,00H,SG,248.00700757575757,248.00776515151512,3.999999999996362,1.2191999999988912,-0.52,40,0.3,19098.600000000002,-0.52,64.3736,3331.4639999997717,-19.76067167999858
2022-12-28,HENDERSON,00H,SG,247.98958333333337,247.99034090909092,3.999999999996362,1.2191999999988912,-0.52,39,-0.1,57295.799999999996,-0.52,62.76426,3332.6831999997707,-19.767011519998576
2022-12-28,HENDERSON,00H,SG,248.0090909090909,248.00984848484848,3.999999999996362,1.2191999999988912,-0.52,40,0.3,19098.600000000002,-0.52,64.3736,3333.90239999977,-19.77335135999857
2022-12-28,HENDERSON,00H,SG,247.82007575757575,247.82083333333333,3.999999999996362,1.2191999999988912,-0.52,39,0.0,1000000.0,-0.52,62.76426,3335.121599999769,-19.779691199998567
2022-12-28,HENDERSON,00H,SG,247.98143939393935,247.98219696969696,3.999999999996362,1.2191999999988912,-0.52,40,-0.1,57295.799999999996,-0.52,64.3736,3336.340799999768,-19.786031039998562
2022-12-28,HENDERSON,00H,SG,247.8297348484849,247.83049242424244,3.999999999996362,1.2191999999988912,-0.52,38,0.0,1000000.0,-0.52,61.15492,3337.559999999767,-19.792370879998558
2022-12-28,HENDERSON,00H,SG,247.82348484848484,247.8242424242424,3.999999999996362,1.2191999999988912,-0.52,39,0.0,1000000.0,-0.52,62.76426,3338.779199999766,-19.798710719998553
2022-12-28,HENDERSON,00H,SG,247.82708333333332,247.8278409090909,3.999999999996362,1.2191999999988912,-0.52,39,0.0,1000000.0,-0.52,62.76426,3339.9983999997653,-19.80505055999855
2022-12-28,HENDERSON,00H,SG,247.9840909090909,247.9848484848485,4.000000000146429,1.2192000000446317,-0.52,39,-0.1,57295.799999999996,-0.52,62.76426,3341.21759999981,-19.811390399998544
2022-12-28,HENDERSON,00H,SG,247.82518939393935,247.82613636363635,4.9999999999954525,1.523999999998614,-0.52,39,0.0,1000000.0,-0.52,62.76426,3342.7415999998084,-19.817730239998777
2022-12-28,HENDERSON,00H,SG,247.8242424242424,247.82518939393935,4.9999999999954525,1.523999999998614,-0.52,38,0.0,1000000.0,-0.52,61.15492,3344.265599999807,-19.82565503999877
2022-12-28,HENDERSON,00H,SG,247.8155303030303,247.81647727272727,4.9999999999954525,1.523999999998614,-0.52,38,0.0,1000000.0,-0.52,61.15492,3345.7895999998054,-19.833579839998766
2022-12-28,HENDERSON,00H,SG,247.81742424242424,247.8183712121212,4.9999999999954525,1.523999999998614,-0.52,38,0.0,1000000.0,-0.52,61.15492,3347.313599999804,-19.84150463999876
2022-12-28,HENDERSON,00H,SG,247.8287878787879,247.8297348484849,4.9999999999954525,1.523999999998614,-0.52,39,0.0,1000000.0,-0.52,62.76426,3348.8375999998025,-19.849429439998755
2022-12-28,HENDERSON,00H,SG,247.81647727272727,247.81742424242424,4.9999999999954525,1.523999999998614,-0.52,39,0.0,1000000.0,-0.52,62.76426,3350.361599999801,-19.85735423999875
2022-12-28,HENDERSON,00H,SG,248.00795454545457,248.0089015151515,4.9999999999954525,1.523999999998614,-0.52,40,0.3,19098.600000000002,-0.52,64.3736,3351.8855999997995,-19.865279039998743
2022-12-28,HENDERSON,00H,SG,247.82613636363635,247.82708333333332,4.9999999999954525,1.523999999998614,-0.52,38,0.0,1000000.0,-0.52,61.15492,3353.409599999798,-19.873203839998737
2022-12-28,HENDERSON,00H,SG,247.98219696969696,247.98314393939393,4.9999999999954525,1.523999999998614,-0.52,39,-0.1,57295.799999999996,-0.52,62.76426,3354.9335999997966,-19.88112863999873
2022-12-28,HENDERSON,00H,SG,247.98674242424244,247.9876893939394,4.9999999999954525,1.523999999998614,-0.52,40,-0.1,57295.799999999996,-0.52,64.3736,3356.457599999795,-19.889053439998726
2022-12-28,HENDERSON,00H,SG,247.99034090909092,247.9912878787879,4.9999999999954525,1.523999999998614,-0.52,40,-0.1,57295.799999999996,-0.52,64.3736,3357.9815999997936,-19.89697823999872
2022-12-28,HENDERSON,00H,SG,247.98314393939393,247.9840909090909,4.9999999999954525,1.523999999998614,-0.52,40,-0.1,57295.799999999996,-0.52,64.3736,3359.505599999792,-19.904903039998715
2022-12-28,HENDERSON,00H,SG,247.8278409090909,247.8287878787879,5.000000000145519,1.5240000000443543,-0.52,38,0.0,1000000.0,-0.52,61.15492,3361.0295999998366,-19.91282783999871
2022-12-28,HENDERSON,00H,SG,247.80473484848488,247.8058712121212,5.999999999994543,1.8287999999983369,-0.52,38,0.0,1000000.0,-0.52,61.15492,3362.858399999835,-19.92075263999894
2022-12-28,HENDERSON,00H,SG,247.98844696969695,247.98958333333337,5.999999999994543,1.8287999999983369,-0.52,40,-0.1,57295.799999999996,-0.52,64.3736,3364.6871999998334,-19.93026239999893
2022-12-28,HENDERSON,00H,SG,247.8189393939394,247.82007575757575,5.999999999994543,1.8287999999983369,-0.52,38,0.0,1000000.0,-0.52,61.15492,3366.515999999832,-19.93977215999892
2022-12-28,HENDERSON,00H,SG,247.82083333333333,247.8219696969697,5.999999999994543,1.8287999999983369,-0.52,38,0.0,1000000.0,-0.52,61.15492,3368.3447999998302,-19.94928191999891
2022-12-28,HENDERSON,00H,SG,247.9848484848485,247.9859848484849,5.999999999994543,1.8287999999983369,-0.52,40,-0.1,57295.799999999996,-0.52,64.3736,3370.1735999998286,-19.9587916799989
2022-12-28,HENDERSON,00H,SG,247.8376893939394,247.83882575757576,5.999999999994543,1.8287999999983369,-0.52,39,0.0,1000000.0,-0.52,62.76426,3372.002399999827,-19.96830143999889
2022-12-28,HENDERSON,00H,SG,247.83579545454543,247.83693181818185,5.999999999994543,1.8287999999983369,-0.52,39,0.0,1000000.0,-0.52,62.76426,3373.8311999998255,-19.97781119999888
2022-12-28,HENDERSON,00H,SG,247.83049242424244,247.8316287878788,5.999999999994543,1.8287999999983369,-0.52,39,0.0,1000000.0,-0.52,62.76426,3375.659999999824,-19.98732095999887
2022-12-28,HENDERSON,00H,SG,247.83219696969695,247.83333333333337,5.999999999994543,1.8287999999983369,-0.52,39,0.0,1000000.0,-0.52,62.76426,3377.4887999998223,-19.996830719998858
2022-12-28,HENDERSON,00H,SG,247.99375,247.99488636363637,5.999999999994543,1.8287999999983369,-0.52,40,0.0,1000000.0,-0.52,64.3736,3379.3175999998207,-20.006340479998848
2022-12-28,HENDERSON,00H,SG,247.9804924242424,247.9816287878788,5.999999999994543,1.8287999999983369,-0.52,39,-0.1,57295.799999999996,-0.52,62.76426,3381.146399999819,-20.015850239998837
2022-12-28,HENDERSON,00H,SG,247.99905303030303,248.0001893939394,5.999999999994543,1.8287999999983369,-0.52,40,0.0,1000000.0,-0.52,64.3736,3382.9751999998175,-20.025359999998827
2022-12-28,HENDERSON,00H,SG,247.80833333333337,247.8094696969697,5.999999999994543,1.8287999999983369,-0.52,38,0.0,1000000.0,-0.52,61.15492,3384.803999999816,-20.034869759998816
2022-12-28,HENDERSON,00H,SG,247.82234848484848,247.82348484848484,5.999999999994543,1.8287999999983369,-0.52,38,0.0,1000000.0,-0.52,61.15492,3386.6327999998143,-20.044379519998806
2022-12-28,HENDERSON,00H,SG,247.8410984848485,247.84242424242424,6.9999999999936335,2.1335999999980597,-0.52,39,0.1,57295.799999999996,-0.52,62.76426,3388.766399999812,-20.053889279998796
2022-12-28,HENDERSON,00H,SG,247.81003787878788,247.81136363636364,6.9999999999936335,2.1335999999980597,-0.52,38,0.0,1000000.0,-0.52,61.15492,3390.89999999981,-20.064983999998784
2022-12-28,HENDERSON,00H,SG,247.8064393939394,247.80776515151516,6.9999999999936335,2.1335999999980597,-0.52,38,0.0,1000000.0,-0.52,61.15492,3393.033599999808,-20.076078719998772
2022-12-28,HENDERSON,00H,SG,247.8117424242424,247.81306818181815,6.9999999999936335,2.1335999999980597,-0.52,38,0.0,1000000.0,-0.52,61.15492,3395.1671999998057,-20.08717343999876
2022-12-28,HENDERSON,00H,SG,247.83390151515152,247.83522727272728,6.9999999999936335,2.1335999999980597,-0.52,39,0.0,1000000.0,-0.52,62.76426,3397.3007999998035,-20.09826815999875
2022-12-28,HENDERSON,00H,SG,248.0193181818182,248.02064393939395,6.9999999999936335,2.1335999999980597,-0.52,40,0.8,7161.974999999999,-0.52,64.3736,3399.4343999998014,-20.109362879998738
2022-12-28,HENDERSON,00H,SG,247.97689393939393,247.9782196969697,6.9999999999936335,2.1335999999980597,-0.52,39,-0.1,57295.799999999996,-0.52,62.76426,3401.567999999799,-20.120457599998726
2022-12-28,HENDERSON,00H,SG,247.84810606060609,247.8494318181818,6.9999999999936335,2.1335999999980597,-0.52,39,0.0,1000000.0,-0.52,62.76426,3403.701599999797,-20.131552319998715
2022-12-28,HENDERSON,00H,SG,247.99545454545455,247.9967803030303,6.9999999999936335,2.1335999999980597,-0.52,40,0.0,1000000.0,-0.52,64.3736,3405.835199999795,-20.142647039998703
2022-12-28,HENDERSON,00H,SG,248.0210227272727,248.0223484848485,6.9999999999936335,2.1335999999980597,-0.52,40,0.8,7161.974999999999,-0.52,64.3736,3407.9687999997927,-20.15374175999869
2022-12-28,HENDERSON,00H,SG,247.975,247.97632575757575,6.9999999999936335,2.1335999999980597,-0.52,39,0.0,1000000.0,-0.52,62.76426,3410.1023999997906,-20.16483647999868
2022-12-28,HENDERSON,00H,SG,248.0026515151515,248.00397727272727,6.9999999999936335,2.1335999999980597,-0.52,40,0.1,57295.799999999996,-0.52,64.3736,3412.2359999997884,-20.17593119999867
2022-12-28,HENDERSON,00H,SG,247.97878787878787,247.98011363636363,6.9999999999936335,2.1335999999980597,-0.52,39,-0.1,57295.799999999996,-0.52,62.76426,3414.3695999997863,-20.187025919998657
2022-12-28,HENDERSON,00H,SG,247.97329545454545,247.9746212121212,6.9999999999936335,2.1335999999980597,-0.52,39,0.0,1000000.0,-0.52,62.76426,3416.503199999784,-20.198120639998645
2022-12-28,HENDERSON,00H,SG,247.9973484848485,247.99867424242424,6.9999999999936335,2.1335999999980597,-0.52,40,0.0,1000000.0,-0.52,64.3736,3418.636799999782,-20.209215359998634
2022-12-28,HENDERSON,00H,SG,248.0007575757576,248.00227272727273,7.999999999992724,2.4383999999977823,-0.52,40,0.1,57295.799999999996,-0.52,64.3736,3421.0751999997797,-20.220310079998622
2022-12-28,HENDERSON,00H,SG,247.8464015151515,247.84791666666663,7.999999999992724,2.4383999999977823,-0.52,39,0.0,1000000.0,-0.52,62.76426,3423.5135999997774,-20.23298975999861
2022-12-28,HENDERSON,00H,SG,247.81344696969697,247.81496212121212,7.999999999992724,2.4383999999977823,-0.52,38,0.0,1000000.0,-0.52,61.15492,3425.951999999775,-20.245669439998597
2022-12-28,HENDERSON,00H,SG,248.00435606060609,248.0058712121212,7.999999999992724,2.4383999999977823,-0.52,40,0.2,28647.899999999998,-0.52,64.3736,3428.390399999773,-20.258349119998584
2022-12-28,HENDERSON,00H,SG,247.80265151515152,247.80416666666667,7.999999999992724,2.4383999999977823,-0.52,38,0.0,1000000.0,-0.52,61.15492,3430.8287999997706,-20.27102879999857
2022-12-28,HENDERSON,00H,SG,247.84280303030303,247.84431818181815,7.999999999992724,2.4383999999977823,-0.52,39,0.1,57295.799999999996,-0.52,62.76426,3433.2671999997683,-20.28370847999856
2022-12-28,HENDERSON,00H,SG,248.0119318181818,248.01344696969696,7.999999999992724,2.4383999999977823,-0.52,40,0.5,11459.16,-0.52,64.3736,3435.705599999766,-20.296388159998546
2022-12-28,HENDERSON,00H,SG,247.80094696969695,247.80246212121213,7.999999999992724,2.4383999999977823,-0.52,38,0.0,1000000.0,-0.52,61.15492,3438.1439999997638,-20.309067839998534
2022-12-28,HENDERSON,00H,SG,248.05568181818185,248.05738636363637,8.999999999991815,2.743199999997505,-0.52,40,2.2,2604.354545454545,-0.52,64.3736,3440.8871999997614,-20.32174751999852
2022-12-28,HENDERSON,00H,SG,248.01685606060607,248.01875,9.999999999990903,3.047999999997228,-0.52,40,0.7,8185.114285714286,-0.52,64.3736,3443.9351999997584,-20.336012159998507
2022-12-28,HENDERSON,00H,SG,248.0679924242424,248.07007575757575,10.999999999989996,3.3527999999969507,-0.52,40,2.7,2122.0666666666666,-0.52,64.3736,3447.2879999997554,-20.351861759998492
2022-12-28,HENDERSON,00H,SG,248.05795454545455,248.06003787878788,10.999999999989996,3.3527999999969507,-0.52,40,2.3,2491.121739130435,-0.52,64.3736,3450.6407999997523,-20.369296319998476
2022-12-28,HENDERSON,00H,SG,248.0534090909091,248.05568181818185,11.999999999989086,3.6575999999966737,-0.52,40,2.1,2728.3714285714286,-0.52,64.3736,3454.298399999749,-20.38673087999846
2022-12-28,HENDERSON,00H,SG,248.02992424242424,248.03219696969697,11.999999999989086,3.6575999999966737,-0.52,40,1.2,4774.650000000001,-0.52,64.3736,3457.955999999746,-20.405750399998443
2022-12-28,HENDERSON,00H,SG,248.0431818181818,248.04545454545453,11.999999999989086,3.6575999999966737,-0.52,40,1.7,3370.3411764705884,-0.52,64.3736,3461.6135999997427,-20.424769919998425
2022-12-28,HENDERSON,00H,SG,248.05113636363637,248.0534090909091,11.999999999989086,3.6575999999966737,-0.52,40,2.0,2864.79,-0.52,64.3736,3465.2711999997396,-20.443789439998408
2022-12-28,HENDERSON,00H,SG,248.0248106060606,248.02708333333337,11.999999999989086,3.6575999999966737,-0.52,40,1.0,5729.58,-0.52,64.3736,3468.9287999997364,-20.46280895999839
2022-12-28,HENDERSON,00H,SG,248.03219696969697,248.0346590909091,12.999999999988177,3.962399999996397,-0.52,40,1.3,4407.369230769231,-0.52,64.3736,3472.8911999997326,-20.481828479998374
2022-12-28,HENDERSON,00H,SG,248.0223484848485,248.0248106060606,12.999999999988177,3.962399999996397,-0.52,40,0.9,6366.2,-0.52,64.3736,3476.853599999729,-20.502432959998355
2022-12-28,HENDERSON,00H,SG,248.0625,248.06496212121212,12.999999999988177,3.962399999996397,-0.52,40,2.5,2291.832,-0.52,64.3736,3480.815999999725,-20.523037439998337
2022-12-28,HENDERSON,00H,SG,248.06003787878788,248.0625,12.999999999988177,3.962399999996397,-0.52,40,2.4,2387.3250000000003,-0.52,64.3736,3484.7783999997214,-20.54364191999832
2022-12-28,HENDERSON,00H,SG,248.03806818181815,248.04053030303027,12.999999999988177,3.962399999996397,-0.52,40,1.5,3819.72,-0.52,64.3736,3488.7407999997176,-20.5642463999983
2022-12-28,HENDERSON,00H,SG,248.04053030303027,248.0431818181818,13.999999999987269,4.267199999996119,-0.52,40,1.6,3580.9874999999997,-0.52,64.3736,3493.007999999714,-20.58485087999828
2022-12-28,HENDERSON,00H,SG,248.01420454545453,248.01685606060607,14.000000000137334,4.26720000004186,-0.52,40,0.6,9549.300000000001,-0.52,64.3736,3497.275199999756,-20.607040319998262
2022-12-28,HENDERSON,00H,SG,248.04829545454547,248.05113636363637,14.999999999986358,4.571999999995842,-0.52,40,1.9,3015.5684210526315,-0.52,64.3736,3501.847199999752,-20.62922975999848
2022-12-28,HENDERSON,00H,SG,248.02708333333337,248.02992424242424,14.999999999986358,4.571999999995842,-0.52,40,1.1,5208.70909090909,-0.52,64.3736,3506.419199999748,-20.65300415999846
2022-12-28,HENDERSON,00H,SG,248.04545454545453,248.04829545454547,15.000000000136424,4.572000000041582,-0.52,40,1.8,3183.1,-0.52,64.3736,3510.9911999997894,-20.67677855999844
2022-12-28,HENDERSON,00H,SG,248.0346590909091,248.0376893939394,15.999999999985448,4.876799999995565,-0.52,40,1.4,4092.557142857143,-0.52,64.3736,3515.867999999785,-20.700552959998657
2022-12-28,HENDERSON,00H,SG,248.06496212121212,248.0679924242424,15.999999999985448,4.876799999995565,-0.52,40,2.6,2203.6846153846154,-0.52,64.3736,3520.7447999997803,-20.725912319998635
2022-12-28,HENDERSON,00H,SG,247.86231060606065,247.86685606060607,23.999999999978172,7.3151999999933475,-0.52,39,0.0,1000000.0,-0.52,62.76426,3528.0599999997735,-20.751271679998613
2022-12-28,HENDERSON,00H,SG,247.96780303030303,247.97291666666663,26.999999999975444,8.229599999992516,-0.52,39,0.0,1000000.0,-0.52,62.76426,3536.289599999766,-20.78931071999858
2022-12-28,HENDERSON,00H,SG,247.85,247.8621212121212,64.00000000009186,19.507200000028,-0.52,39,0.0,1000000.0,-0.52,62.76426,3555.796799999794,-20.83210463999854
2022-12-28,HENDERSON,00H,SG,247.86685606060607,247.8816287878788,77.99999999992906,23.774399999978375,-0.52,39,-0.1,57295.799999999996,-0.52,62.76426,3579.5711999997725,-20.933542079998688
2022-12-28,HENDERSON,00H,SG,247.78011363636364,247.8005681818182,108.00000000005184,32.9184000000158,-0.52,38,0.0,1000000.0,-0.52,61.15492,3612.4895999997884,-21.057168959998574
2022-12-28,HENDERSON,00H,SG,247.8816287878788,247.96761363636364,454.0000000000373,138.37920000001137,-0.52,39,0.0,1000000.0,-0.52,62.76426,3750.8687999997996,-21.228344639998657
2022-12-28,HENDERSON,00H,SG,249.5089015151515,249.5090909090909,0.9999999999990904,0.3047999999997227,-0.48,42,-1.9,3015.5684210526315,-0.48,67.59228,3751.1735999997995,-21.947916479998717
2022-12-28,HENDERSON,00H,SG,249.50928030303027,249.5094696969697,0.9999999999990904,0.3047999999997227,-0.48,42,-1.9,3015.5684210526315,-0.48,67.59228,3751.4783999997994,-21.949379519998715
2022-12-28,HENDERSON,00H,SG,249.4028409090909,249.4030303030303,0.9999999999990904,0.3047999999997227,-0.48,42,-2.3,2491.121739130435,-0.48,67.59228,3751.7831999997993,-21.950842559998712
2022-12-28,HENDERSON,00H,SG,249.5090909090909,249.50928030303027,0.9999999999990904,0.3047999999997227,-0.48,42,-2.0,2864.79,-0.48,67.59228,3752.087999999799,-21.95230559999871
2022-12-28,HENDERSON,00H,SG,249.51439393939393,249.51458333333332,0.9999999999990904,0.3047999999997227,-0.48,42,-1.7,3370.3411764705884,-0.48,67.59228,3752.392799999799,-21.953768639998707
2022-12-28,HENDERSON,00H,SG,249.40265151515152,249.4028409090909,0.9999999999990904,0.3047999999997227,-0.48,42,-2.4,2387.3250000000003,-0.48,67.59228,3752.697599999799,-21.955231679998704
2022-12-28,HENDERSON,00H,SG,249.37405303030303,249.3742424242424,0.9999999999990904,0.3047999999997227,-0.48,42,-1.4,4092.557142857143,-0.48,67.59228,3753.002399999799,-21.9566947199987
2022-12-28,HENDERSON,00H,SG,249.50246212121212,249.5026515151515,0.9999999999990904,0.3047999999997227,-0.48,42,-2.2,2604.354545454545,-0.48,67.59228,3753.3071999997987,-21.9581577599987
2022-12-28,HENDERSON,00H,SG,249.40568181818185,249.4058712121212,0.9999999999990904,0.3047999999997227,-0.48,42,-2.5,2291.832,-0.48,67.59228,3753.6119999997986,-21.959620799998696
2022-12-28,HENDERSON,00H,SG,249.50492424242424,249.50511363636363,0.9999999999990904,0.3047999999997227,-0.48,42,-2.0,2864.79,-0.48,67.59228,3753.9167999997985,-21.961083839998693
2022-12-28,HENDERSON,00H,SG,249.5121212121212,249.5123106060606,0.9999999999990904,0.3047999999997227,-0.48,42,-1.8,3183.1,-0.48,67.59228,3754.2215999997984,-21.96254687999869
2022-12-28,HENDERSON,00H,SG,249.48731060606065,249.4875,0.9999999999990904,0.3047999999997227,-0.48,42,-2.7,2122.0666666666666,-0.48,67.59228,3754.5263999997983,-21.964009919998688
2022-12-28,HENDERSON,00H,SG,249.3943181818182,249.3945075757576,0.9999999999990904,0.3047999999997227,-0.48,42,-2.0,2864.79,-0.48,67.59228,3754.831199999798,-21.965472959998685
2022-12-28,HENDERSON,00H,SG,249.5153409090909,249.5155303030303,0.9999999999990904,0.3047999999997227,-0.48,42,-1.8,3183.1,-0.48,67.59228,3755.135999999798,-21.966935999998682
2022-12-28,HENDERSON,00H,SG,249.5147727272727,249.5149621212121,0.9999999999990904,0.3047999999997227,-0.48,41,-1.8,3183.1,-0.48,65.98294,3755.440799999798,-21.96839903999868
2022-12-28,HENDERSON,00H,SG,249.5094696969697,249.50965909090908,0.9999999999990904,0.3047999999997227,-0.48,41,-2.0,2864.79,-0.48,65.98294,3755.745599999798,-21.969862079998677
2022-12-28,HENDERSON,00H,SG,249.50965909090908,249.50984848484848,0.9999999999990904,0.3047999999997227,-0.48,42,-2.0,2864.79,-0.48,67.59228,3756.0503999997977,-21.971325119998674
2022-12-28,HENDERSON,00H,SG,249.5162878787879,249.5164772727273,0.9999999999990904,0.3047999999997227,-0.48,41,-1.7,3370.3411764705884,-0.48,65.98294,3756.3551999997976,-21.97278815999867
2022-12-28,HENDERSON,00H,SG,249.49507575757576,249.49526515151516,0.9999999999990904,0.3047999999997227,-0.48,41,-2.5,2291.832,-0.48,65.98294,3756.6599999997975,-21.97425119999867
2022-12-28,HENDERSON,00H,SG,249.50416666666663,249.50435606060609,0.9999999999990904,0.3047999999997227,-0.48,41,-2.1,2728.3714285714286,-0.48,65.98294,3756.9647999997974,-21.975714239998666
2022-12-28,HENDERSON,00H,SG,249.37386363636364,249.37405303030303,0.9999999999990904,0.3047999999997227,-0.48,42,-1.5,3819.72,-0.48,67.59228,3757.2695999997973,-21.977177279998664
2022-12-28,HENDERSON,00H,SG,249.50397727272727,249.50416666666663,0.9999999999990904,0.3047999999997227,-0.48,42,-2.1,2728.3714285714286,-0.48,67.59228,3757.574399999797,-21.97864031999866
2022-12-28,HENDERSON,00H,SG,249.50511363636363,249.50530303030305,0.9999999999990904,0.3047999999997227,-0.48,42,-2.1,2728.3714285714286,-0.48,67.59228,3757.879199999797,-21.980103359998658
2022-12-28,HENDERSON,00H,SG,249.51780303030304,249.51799242424244,0.9999999999990904,0.3047999999997227,-0.48,42,-1.6,3580.9874999999997,-0.48,67.59228,3758.183999999797,-21.981566399998655
2022-12-28,HENDERSON,00H,SG,249.51458333333332,249.5147727272727,0.9999999999990904,0.3047999999997227,-0.48,41,-1.7,3370.3411764705884,-0.48,65.98294,3758.488799999797,-21.983029439998653
2022-12-28,HENDERSON,00H,SG,249.4164772727273,249.41666666666663,0.9999999999990904,0.3047999999997227,-0.48,42,-2.7,2122.0666666666666,-0.48,67.59228,3758.7935999997967,-21.98449247999865
2022-12-28,HENDERSON,00H,SG,249.51268939393935,249.5128787878788,0.9999999999990904,0.3047999999997227,-0.48,41,-1.9,3015.5684210526315,-0.48,65.98294,3759.0983999997966,-21.985955519998647
2022-12-28,HENDERSON,00H,SG,249.50530303030305,249.5054924242424,0.9999999999990904,0.3047999999997227,-0.48,42,-2.0,2864.79,-0.48,67.59228,3759.4031999997965,-21.987418559998645
2022-12-28,HENDERSON,00H,SG,249.5151515151515,249.5153409090909,0.9999999999990904,0.3047999999997227,-0.48,42,-1.7,3370.3411764705884,-0.48,67.59228,3759.7079999997964,-21.988881599998642
2022-12-28,HENDERSON,00H,SG,249.5160984848485,249.5162878787879,0.9999999999990904,0.3047999999997227,-0.48,42,-1.6,3580.9874999999997,-0.48,67.59228,3760.0127999997962,-21.99034463999864
2022-12-28,HENDERSON,00H,SG,249.49223484848488,249.49242424242425,0.9999999999990904,0.3047999999997227,-0.48,42,-2.5,2291.832,-0.48,67.59228,3760.317599999796,-21.991807679998637
2022-12-28,HENDERSON,00H,SG,249.4897727272727,249.48996212121213,0.9999999999990904,0.3047999999997227,-0.48,42,-2.6,2203.6846153846154,-0.48,67.59228,3760.622399999796,-21.993270719998634
2022-12-28,HENDERSON,00H,SG,249.51325757575756,249.51344696969696,0.9999999999990904,0.3047999999997227,-0.48,42,-1.7,3370.3411764705884,-0.48,67.59228,3760.927199999796,-21.99473375999863
2022-12-28,HENDERSON,00H,SG,249.50227272727273,249.50246212121212,0.9999999999990904,0.3047999999997227,-0.48,42,-2.1,2728.3714285714286,-0.48,67.59228,3761.231999999796,-21.99619679999863
2022-12-28,HENDERSON,00H,SG,249.5149621212121,249.5151515151515,0.9999999999990904,0.3047999999997227,-0.48,42,-1.8,3183.1,-0.48,67.59228,3761.5367999997957,-21.997659839998626
2022-12-28,HENDERSON,00H,SG,249.4058712121212,249.4060606060606,0.9999999999990904,0.3047999999997227,-0.48,42,-2.4,2387.3250000000003,-0.48,67.59228,3761.8415999997956,-21.999122879998623
2022-12-28,HENDERSON,00H,SG,249.5026515151515,249.5028409090909,0.9999999999990904,0.3047999999997227,-0.48,42,-2.1,2728.3714285714286,-0.48,67.59228,3762.1463999997954,-22.00058591999862
2022-12-28,HENDERSON,00H,SG,249.50056818181815,249.5007575757576,0.9999999999990904,0.3047999999997227,-0.48,42,-2.2,2604.354545454545,-0.48,67.59228,3762.4511999997953,-22.002048959998618
2022-12-28,HENDERSON,00H,SG,249.3941287878788,249.3943181818182,0.9999999999990904,0.3047999999997227,-0.48,42,-2.1,2728.3714285714286,-0.48,67.59228,3762.755999999795,-22.003511999998615
2022-12-28,HENDERSON,00H,SG,249.5054924242424,249.5058712121212,1.999999999998181,0.6095999999994455,-0.48,42,-2.1,2728.3714285714286,-0.48,67.59228,3763.3655999997945,-22.004975039998612
2022-12-28,HENDERSON,00H,SG,249.4875,249.4878787878788,1.999999999998181,0.6095999999994455,-0.48,42,-2.8,2046.2785714285715,-0.48,67.59228,3763.975199999794,-22.00790111999861
2022-12-28,HENDERSON,00H,SG,249.5058712121212,249.50625,1.999999999998181,0.6095999999994455,-0.48,41,-2.1,2728.3714285714286,-0.48,65.98294,3764.584799999793,-22.01082719999861
2022-12-28,HENDERSON,00H,SG,249.50719696969696,249.50757575757575,1.999999999998181,0.6095999999994455,-0.48,42,-2.0,2864.79,-0.48,67.59228,3765.1943999997925,-22.013753279998607
2022-12-28,HENDERSON,00H,SG,249.41609848484848,249.4164772727273,1.999999999998181,0.6095999999994455,-0.48,42,-2.8,2046.2785714285715,-0.48,67.59228,3765.803999999792,-22.016679359998605
2022-12-28,HENDERSON,00H,SG,249.51969696969695,249.52007575757577,1.999999999998181,0.6095999999994455,-0.48,41,-1.6,3580.9874999999997,-0.48,65.98294,3766.413599999791,-22.019605439998603
2022-12-28,HENDERSON,00H,SG,249.48996212121213,249.49034090909092,1.999999999998181,0.6095999999994455,-0.48,42,-2.7,2122.0666666666666,-0.48,67.59228,3767.0231999997904,-22.0225315199986
2022-12-28,HENDERSON,00H,SG,249.5164772727273,249.51685606060607,1.999999999998181,0.6095999999994455,-0.48,41,-1.6,3580.9874999999997,-0.48,65.98294,3767.6327999997898,-22.0254575999986
2022-12-28,HENDERSON,00H,SG,249.5123106060606,249.51268939393935,1.999999999998181,0.6095999999994455,-0.48,42,-1.9,3015.5684210526315,-0.48,67.59228,3768.242399999789,-22.028383679998598
2022-12-28,HENDERSON,00H,SG,249.5128787878788,249.51325757575756,1.999999999998181,0.6095999999994455,-0.48,41,-1.8,3183.1,-0.48,65.98294,3768.8519999997884,-22.031309759998596
2022-12-28,HENDERSON,00H,SG,249.51117424242423,249.51155303030305,1.999999999998181,0.6095999999994455,-0.48,41,-1.9,3015.5684210526315,-0.48,65.98294,3769.4615999997877,-22.034235839998594
2022-12-28,HENDERSON,00H,SG,249.51155303030305,249.5121212121212,2.9999999999972715,0.9143999999991684,-0.48,42,-1.9,3015.5684210526315,-0.48,67.59228,3770.375999999787,-22.037161919998592
2022-12-28,HENDERSON,00H,SG,249.51799242424244,249.51856060606065,2.9999999999972715,0.9143999999991684,-0.48,41,-1.6,3580.9874999999997,-0.48,65.98294,3771.290399999786,-22.041551039998588
2022-12-28,HENDERSON,00H,SG,249.50757575757575,249.50814393939393,2.9999999999972715,0.9143999999991684,-0.48,41,-2.0,2864.79,-0.48,65.98294,3772.2047999997853,-22.045940159998583
2022-12-28,HENDERSON,00H,SG,249.49526515151516,249.49583333333337,2.9999999999972715,0.9143999999991684,-0.48,42,-2.5,2291.832,-0.48,67.59228,3773.1191999997845,-22.05032927999858
2022-12-28,HENDERSON,00H,SG,249.49242424242425,249.49299242424243,2.9999999999972715,0.9143999999991684,-0.48,42,-2.6,2203.6846153846154,-0.48,67.59228,3774.0335999997837,-22.054718399998574
2022-12-28,HENDERSON,00H,SG,249.50435606060609,249.50492424242424,2.9999999999972715,0.9143999999991684,-0.48,42,-2.1,2728.3714285714286,-0.48,67.59228,3774.947999999783,-22.05910751999857
2022-12-28,HENDERSON,00H,SG,249.5007575757576,249.50132575757576,2.9999999999972715,0.9143999999991684,-0.48,42,-2.3,2491.121739130435,-0.48,67.59228,3775.862399999782,-22.063496639998565
2022-12-28,HENDERSON,00H,SG,249.5155303030303,249.5160984848485,3.000000000147338,0.9144000000449088,-0.48,42,-1.7,3370.3411764705884,-0.48,67.59228,3776.7767999998273,-22.06788575999856
2022-12-28,HENDERSON,00H,SG,249.50814393939393,249.5089015151515,3.999999999996362,1.2191999999988912,-0.48,42,-2.0,2864.79,-0.48,67.59228,3777.9959999998264,-22.072274879998776
2022-12-28,HENDERSON,00H,SG,249.37007575757576,249.37083333333337,3.999999999996362,1.2191999999988912,-0.48,42,-1.3,4407.369230769231,-0.48,67.59228,3779.2151999998255,-22.078127039998773
2022-12-28,HENDERSON,00H,SG,249.50132575757576,249.50227272727273,4.9999999999954525,1.523999999998614,-0.48,42,-2.2,2604.354545454545,-0.48,67.59228,3780.739199999824,-22.08397919999877
2022-12-28,HENDERSON,00H,SG,249.51685606060607,249.51780303030304,4.9999999999954525,1.523999999998614,-0.48,42,-1.7,3370.3411764705884,-0.48,67.59228,3782.2631999998225,-22.091294399998763
2022-12-28,HENDERSON,00H,SG,249.50625,249.50719696969696,4.9999999999954525,1.523999999998614,-0.48,42,-2.1,2728.3714285714286,-0.48,67.59228,3783.787199999821,-22.098609599998756
2022-12-28,HENDERSON,00H,SG,249.51344696969696,249.51439393939393,4.9999999999954525,1.523999999998614,-0.48,42,-1.8,3183.1,-0.48,67.59228,3785.3111999998196,-22.10592479999875
2022-12-28,HENDERSON,00H,SG,249.5028409090909,249.50397727272727,5.999999999994543,1.8287999999983369,-0.48,42,-2.2,2604.354545454545,-0.48,67.59228,3787.139999999818,-22.113239999998743
2022-12-28,HENDERSON,00H,SG,249.51856060606065,249.51969696969695,5.999999999994543,1.8287999999983369,-0.48,42,-1.6,3580.9874999999997,-0.48,67.59228,3788.9687999998164,-22.122018239998734
2022-12-28,HENDERSON,00H,SG,249.50984848484848,249.51117424242423,6.9999999999936335,2.1335999999980597,-0.48,42,-1.9,3015.5684210526315,-0.48,67.59228,3791.102399999814,-22.130796479998725
2022-12-28,HENDERSON,00H,SG,249.4878787878788,249.4897727272727,9.999999999990903,3.047999999997228,-0.48,42,-2.7,2122.0666666666666,-0.48,67.59228,3794.1503999998113,-22.141037759998717
2022-12-28,HENDERSON,00H,SG,249.49867424242424,249.50056818181815,9.999999999990903,3.047999999997228,-0.48,42,-2.3,2491.121739130435,-0.48,67.59228,3797.1983999998083,-22.155668159998704
2022-12-28,HENDERSON,00H,SG,249.49034090909092,249.49223484848488,9.999999999990903,3.047999999997228,-0.48,42,-2.6,2203.6846153846154,-0.48,67.59228,3800.2463999998054,-22.17029855999869
2022-12-28,HENDERSON,00H,SG,249.3742424242424,249.37632575757576,10.999999999989996,3.3527999999969507,-0.48,42,-1.5,3819.72,-0.48,67.59228,3803.5991999998023,-22.18492895999868
2022-12-28,HENDERSON,00H,SG,249.49299242424243,249.49507575757576,10.999999999989996,3.3527999999969507,-0.48,42,-2.5,2291.832,-0.48,67.59228,3806.951999999799,-22.201022399998664
2022-12-28,HENDERSON,00H,SG,249.3945075757576,249.3967803030303,11.999999999989086,3.6575999999966737,-0.48,42,-2.1,2728.3714285714286,-0.48,67.59228,3810.609599999796,-22.217115839998648
2022-12-28,HENDERSON,00H,SG,249.4030303030303,249.40568181818185,13.999999999987269,4.267199999996119,-0.48,42,-2.4,2387.3250000000003,-0.48,67.59228,3814.876799999792,-22.234672319998634
2022-12-28,HENDERSON,00H,SG,249.49583333333337,249.49867424242424,14.999999999986358,4.571999999995842,-0.48,42,-2.4,2387.3250000000003,-0.48,67.59228,3819.448799999788,-22.255154879998614
2022-12-28,HENDERSON,00H,SG,249.3967803030303,249.3996212121212,14.999999999986358,4.571999999995842,-0.48,42,-2.2,2604.354545454545,-0.48,67.59228,3824.0207999997842,-22.277100479998595
2022-12-28,HENDERSON,00H,SG,249.37083333333337,249.37386363636364,15.999999999985448,4.876799999995565,-0.48,42,-1.4,4092.557142857143,-0.48,67.59228,3828.8975999997797,-22.299046079998575
2022-12-28,HENDERSON,00H,SG,249.4096590909091,249.4126893939394,15.999999999985448,4.876799999995565,-0.48,42,-2.6,2203.6846153846154,-0.48,67.59228,3833.774399999775,-22.322454719998554
2022-12-28,HENDERSON,00H,SG,249.3910984848485,249.3941287878788,15.999999999985448,4.876799999995565,-0.48,42,-2.0,2864.79,-0.48,67.59228,3838.6511999997706,-22.345863359998532
2022-12-28,HENDERSON,00H,SG,249.3996212121212,249.40265151515152,15.999999999985448,4.876799999995565,-0.48,42,-2.3,2491.121739130435,-0.48,67.59228,3843.527999999766,-22.36927199999851
2022-12-28,HENDERSON,00H,SG,249.4842803030303,249.48731060606065,16.000000000135515,4.876800000041305,-0.48,42,-2.8,2046.2785714285715,-0.48,67.59228,3848.4047999998074,-22.39268063999849
2022-12-28,HENDERSON,00H,SG,249.4126893939394,249.41609848484848,17.99999999998363,5.48639999999501,-0.48,42,-2.7,2122.0666666666666,-0.48,67.59228,3853.8911999998027,-22.416089279998687
2022-12-28,HENDERSON,00H,SG,249.4060606060606,249.4096590909091,18.99999999998272,5.791199999994733,-0.48,42,-2.5,2291.832,-0.48,67.59228,3859.6823999997973,-22.442423999998663
2022-12-28,HENDERSON,00H,SG,249.37992424242424,249.38352272727272,18.99999999998272,5.791199999994733,-0.48,42,-1.7,3370.3411764705884,-0.48,67.59228,3865.473599999792,-22.470221759998637
2022-12-28,HENDERSON,00H,SG,249.37632575757576,249.37992424242424,18.99999999998272,5.791199999994733,-0.48,42,-1.6,3580.9874999999997,-0.48,67.59228,3871.2647999997866,-22.49801951999861
2022-12-28,HENDERSON,00H,SG,249.38352272727272,249.3873106060606,19.99999999998181,6.095999999994456,-0.48,42,-1.8,3183.1,-0.48,67.59228,3877.360799999781,-22.525817279998584
2022-12-28,HENDERSON,00H,SG,249.3873106060606,249.3910984848485,20.000000000131877,6.096000000040196,-0.48,42,-1.9,3015.5684210526315,-0.48,67.59228,3883.456799999821,-22.55507807999856
2022-12-28,HENDERSON,00H,SG,249.41666666666663,249.4221590909091,29.00000000012369,8.839200000037701,-0.48,42,-2.8,2046.2785714285715,-0.48,67.59228,3892.295999999859,-22.58433887999875
2022-12-28,HENDERSON,00H,SG,249.4221590909091,249.4320075757576,51.999999999952706,15.849599999985584,-0.48,42,-2.9,1975.7172413793103,-0.48,67.59228,3908.1455999998443,-22.62676703999893
2022-12-28,HENDERSON,00H,SG,249.4600378787879,249.4842803030303,127.99999999988358,39.01439999996452,-0.48,42,-2.9,1975.7172413793103,-0.48,67.59228,3947.159999999809,-22.702845119998862
2022-12-28,HENDERSON,00H,SG,249.4320075757576,249.4600378787879,148.00000000001546,45.11040000000472,-0.48,42,-3.0,1909.86,-0.48,67.59228,3992.2703999998134,-22.89011423999869
2022-12-28,HENDERSON,00H,SG,250.5522727272727,250.55246212121213,0.9999999999990904,0.3047999999997227,-0.45,41,-1.4,4092.557142857143,-0.45,65.98294,3992.5751999998133,-23.106644159998716
2022-12-28,HENDERSON,00H,SG,250.52405303030304,250.52424242424243,0.9999999999990904,0.3047999999997227,-0.45,41,-3.1,1848.2516129032258,-0.45,65.98294,3992.879999999813,-23.108015759998715
2022-12-28,HENDERSON,00H,SG,250.5475378787879,250.5477272727273,0.9999999999990904,0.3047999999997227,-0.45,41,-1.7,3370.3411764705884,-0.45,65.98294,3993.184799999813,-23.109387359998713
2022-12-28,HENDERSON,00H,SG,250.55435606060607,250.55454545454543,0.9999999999990904,0.3047999999997227,-0.45,41,-1.5,3819.72,-0.45,65.98294,3993.489599999813,-23.110758959998712
2022-12-28,HENDERSON,00H,SG,250.56685606060609,250.56704545454545,0.9999999999990904,0.3047999999997227,-0.45,41,-0.6,9549.300000000001,-0.45,65.98294,3993.794399999813,-23.11213055999871
2022-12-28,HENDERSON,00H,SG,250.42897727272728,250.42916666666667,0.9999999999990904,0.3047999999997227,-0.45,41,-4.0,1432.395,-0.45,65.98294,3994.0991999998128,-23.11350215999871
2022-12-28,HENDERSON,00H,SG,250.5149621212121,250.5151515151515,0.9999999999990904,0.3047999999997227,-0.45,41,-3.7,1548.535135135135,-0.45,65.98294,3994.4039999998126,-23.11487375999871
2022-12-28,HENDERSON,00H,SG,250.5210227272727,250.52121212121213,0.9999999999990904,0.3047999999997227,-0.45,41,-3.3,1736.2363636363636,-0.45,65.98294,3994.7087999998125,-23.116245359998707
2022-12-28,HENDERSON,00H,SG,250.55208333333337,250.5522727272727,0.9999999999990904,0.3047999999997227,-0.45,41,-1.5,3819.72,-0.45,65.98294,3995.0135999998124,-23.117616959998706
2022-12-28,HENDERSON,00H,SG,250.52992424242424,250.53011363636364,0.9999999999990904,0.3047999999997227,-0.45,41,-2.8,2046.2785714285715,-0.45,65.98294,3995.3183999998123,-23.118988559998705
2022-12-28,HENDERSON,00H,SG,250.54261363636363,250.54280303030305,0.9999999999990904,0.3047999999997227,-0.45,41,-2.1,2728.3714285714286,-0.45,65.98294,3995.623199999812,-23.120360159998704
2022-12-28,HENDERSON,00H,SG,250.55265151515152,250.55284090909092,0.9999999999990904,0.3047999999997227,-0.45,41,-1.6,3580.9874999999997,-0.45,65.98294,3995.927999999812,-23.121731759998703
2022-12-28,HENDERSON,00H,SG,250.5683712121212,250.5685606060606,0.9999999999990904,0.3047999999997227,-0.45,41,-0.6,9549.300000000001,-0.45,65.98294,3996.232799999812,-23.1231033599987
2022-12-28,HENDERSON,00H,SG,250.5473484848485,250.5475378787879,0.9999999999990904,0.3047999999997227,-0.45,41,-1.8,3183.1,-0.45,65.98294,3996.537599999812,-23.1244749599987
2022-12-28,HENDERSON,00H,SG,250.57348484848484,250.57367424242423,0.9999999999990904,0.3047999999997227,-0.45,41,-0.4,14323.949999999999,-0.45,65.98294,3996.8423999998117,-23.1258465599987
2022-12-28,HENDERSON,00H,SG,250.4848484848485,250.4850378787879,0.9999999999990904,0.3047999999997227,-0.45,41,-4.1,1397.458536585366,-0.45,65.98294,3997.1471999998116,-23.127218159998698
2022-12-28,HENDERSON,00H,SG,250.5367424242424,250.5369318181818,0.9999999999990904,0.3047999999997227,-0.45,41,-2.5,2291.832,-0.45,65.98294,3997.4519999998115,-23.128589759998697
2022-12-28,HENDERSON,00H,SG,250.55625,250.5564393939394,0.9999999999990904,0.3047999999997227,-0.45,41,-1.4,4092.557142857143,-0.45,65.98294,3997.7567999998114,-23.129961359998696
2022-12-28,HENDERSON,00H,SG,250.53503787878788,250.53522727272727,0.9999999999990904,0.3047999999997227,-0.45,41,-2.4,2387.3250000000003,-0.45,65.98294,3998.0615999998113,-23.131332959998694
2022-12-28,HENDERSON,00H,SG,250.53901515151512,250.53920454545457,0.9999999999990904,0.3047999999997227,-0.45,41,-2.2,2604.354545454545,-0.45,65.98294,3998.366399999811,-23.132704559998693
2022-12-28,HENDERSON,00H,SG,250.54431818181817,250.54450757575756,0.9999999999990904,0.3047999999997227,-0.45,41,-2.0,2864.79,-0.45,65.98294,3998.671199999811,-23.134076159998692
2022-12-28,HENDERSON,00H,SG,250.5403409090909,250.54053030303027,0.9999999999990904,0.3047999999997227,-0.45,41,-2.1,2728.3714285714286,-0.45,65.98294,3998.975999999811,-23.13544775999869
2022-12-28,HENDERSON,00H,SG,250.5340909090909,250.5342803030303,0.9999999999990904,0.3047999999997227,-0.45,41,-2.6,2203.6846153846154,-0.45,65.98294,3999.280799999811,-23.13681935999869
2022-12-28,HENDERSON,00H,SG,250.5714015151515,250.5715909090909,0.9999999999990904,0.3047999999997227,-0.45,41,-0.3,19098.600000000002,-0.45,65.98294,3999.5855999998107,-23.13819095999869
2022-12-28,HENDERSON,00H,SG,250.57291666666663,250.57310606060605,0.9999999999990904,0.3047999999997227,-0.45,41,-0.4,14323.949999999999,-0.45,65.98294,3999.8903999998106,-23.139562559998687
2022-12-28,HENDERSON,00H,SG,250.4846590909091,250.4848484848485,0.9999999999990904,0.3047999999997227,-0.45,41,-4.2,1364.1857142857143,-0.45,65.98294,4000.1951999998105,-23.140934159998686
2022-12-28,HENDERSON,00H,SG,250.52121212121213,250.52140151515152,0.9999999999990904,0.3047999999997227,-0.45,41,-3.4,1685.1705882352942,-0.45,65.98294,4000.4999999998104,-23.142305759998685
2022-12-28,HENDERSON,00H,SG,250.56496212121212,250.5651515151515,0.9999999999990904,0.3047999999997227,-0.45,41,-0.7,8185.114285714286,-0.45,65.98294,4000.8047999998103,-23.143677359998684
2022-12-28,HENDERSON,00H,SG,250.57253787878787,250.5727272727273,0.9999999999990904,0.3047999999997227,-0.45,41,-0.4,14323.949999999999,-0.45,65.98294,4001.10959999981,-23.145048959998682
2022-12-28,HENDERSON,00H,SG,250.53238636363636,250.53257575757576,0.9999999999990904,0.3047999999997227,-0.45,41,-2.6,2203.6846153846154,-0.45,65.98294,4001.41439999981,-23.14642055999868
2022-12-28,HENDERSON,00H,SG,250.54564393939393,250.54583333333332,0.9999999999990904,0.3047999999997227,-0.45,41,-1.8,3183.1,-0.45,65.98294,4001.71919999981,-23.14779215999868
2022-12-28,HENDERSON,00H,SG,250.5659090909091,250.56609848484848,0.9999999999990904,0.3047999999997227,-0.45,41,-0.6,9549.300000000001,-0.45,65.98294,4002.02399999981,-23.14916375999868
2022-12-28,HENDERSON,00H,SG,250.54280303030305,250.5429924242424,0.9999999999990904,0.3047999999997227,-0.45,41,-2.0,2864.79,-0.45,65.98294,4002.3287999998097,-23.150535359998678
2022-12-28,HENDERSON,00H,SG,250.5431818181818,250.5433712121212,0.9999999999990904,0.3047999999997227,-0.45,41,-2.0,2864.79,-0.45,65.98294,4002.6335999998096,-23.151906959998676
2022-12-28,HENDERSON,00H,SG,250.52386363636364,250.52405303030304,0.9999999999990904,0.3047999999997227,-0.45,41,-3.3,1736.2363636363636,-0.45,65.98294,4002.9383999998095,-23.153278559998675
2022-12-28,HENDERSON,00H,SG,250.56136363636364,250.56155303030303,0.9999999999990904,0.3047999999997227,-0.45,41,-1.1,5208.70909090909,-0.45,65.98294,4003.2431999998093,-23.154650159998674
2022-12-28,HENDERSON,00H,SG,250.5376893939394,250.5378787878788,0.9999999999990904,0.3047999999997227,-0.45,41,-2.4,2387.3250000000003,-0.45,65.98294,4003.5479999998092,-23.156021759998673
2022-12-28,HENDERSON,00H,SG,250.56022727272727,250.56041666666667,0.9999999999990904,0.3047999999997227,-0.45,41,-1.1,5208.70909090909,-0.45,65.98294,4003.852799999809,-23.15739335999867
2022-12-28,HENDERSON,00H,SG,250.5681818181818,250.5683712121212,0.9999999999990904,0.3047999999997227,-0.45,41,-0.5,11459.16,-0.45,65.98294,4004.157599999809,-23.15876495999867
2022-12-28,HENDERSON,00H,SG,250.5253787878788,250.5255681818182,0.9999999999990904,0.3047999999997227,-0.45,41,-3.1,1848.2516129032258,-0.45,65.98294,4004.462399999809,-23.16013655999867
2022-12-28,HENDERSON,00H,SG,250.53333333333333,250.53352272727273,0.9999999999990904,0.3047999999997227,-0.45,41,-2.5,2291.832,-0.45,65.98294,4004.767199999809,-23.161508159998668
2022-12-28,HENDERSON,00H,SG,250.5626893939394,250.5628787878788,0.9999999999990904,0.3047999999997227,-0.45,41,-0.9,6366.2,-0.45,65.98294,4005.0719999998087,-23.162879759998667
2022-12-28,HENDERSON,00H,SG,250.42821969696973,250.4284090909091,0.9999999999990904,0.3047999999997227,-0.45,41,-4.0,1432.395,-0.45,65.98294,4005.3767999998086,-23.164251359998666
2022-12-28,HENDERSON,00H,SG,250.5414772727273,250.54166666666663,0.9999999999990904,0.3047999999997227,-0.45,41,-2.0,2864.79,-0.45,65.98294,4005.6815999998084,-23.165622959998664
2022-12-28,HENDERSON,00H,SG,250.54185606060605,250.54204545454544,0.9999999999990904,0.3047999999997227,-0.45,41,-2.2,2604.354545454545,-0.45,65.98294,4005.9863999998083,-23.166994559998663
2022-12-28,HENDERSON,00H,SG,250.54943181818183,250.5496212121212,0.9999999999990904,0.3047999999997227,-0.45,41,-1.6,3580.9874999999997,-0.45,65.98294,4006.291199999808,-23.168366159998662
2022-12-28,HENDERSON,00H,SG,250.5147727272727,250.5149621212121,0.9999999999990904,0.3047999999997227,-0.45,41,-3.6,1591.55,-0.45,65.98294,4006.595999999808,-23.16973775999866
2022-12-28,HENDERSON,00H,SG,250.5304924242424,250.53068181818185,0.9999999999990904,0.3047999999997227,-0.45,41,-2.8,2046.2785714285715,-0.45,65.98294,4006.900799999808,-23.17110935999866
2022-12-28,HENDERSON,00H,SG,250.53655303030305,250.5367424242424,0.9999999999990904,0.3047999999997227,-0.45,41,-2.4,2387.3250000000003,-0.45,65.98294,4007.205599999808,-23.17248095999866
2022-12-28,HENDERSON,00H,SG,250.55795454545455,250.55814393939391,0.9999999999990904,0.3047999999997227,-0.45,41,-1.1,5208.70909090909,-0.45,65.98294,4007.5103999998078,-23.173852559998657
2022-12-28,HENDERSON,00H,SG,250.55549242424243,250.55568181818185,0.9999999999990904,0.3047999999997227,-0.45,41,-1.4,4092.557142857143,-0.45,65.98294,4007.8151999998076,-23.175224159998656
2022-12-28,HENDERSON,00H,SG,250.57215909090908,250.57234848484848,0.9999999999990904,0.3047999999997227,-0.45,41,-0.4,14323.949999999999,-0.45,65.98294,4008.1199999998075,-23.176595759998655
2022-12-28,HENDERSON,00H,SG,250.55454545454543,250.55473484848488,0.9999999999990904,0.3047999999997227,-0.45,41,-1.4,4092.557142857143,-0.45,65.98294,4008.4247999998074,-23.177967359998654
2022-12-28,HENDERSON,00H,SG,250.5441287878788,250.54431818181817,0.9999999999990904,0.3047999999997227,-0.45,41,-2.1,2728.3714285714286,-0.45,65.98294,4008.7295999998073,-23.179338959998653
2022-12-28,HENDERSON,00H,SG,250.55473484848488,250.55492424242425,0.9999999999990904,0.3047999999997227,-0.45,41,-1.3,4407.369230769231,-0.45,65.98294,4009.034399999807,-23.18071055999865
2022-12-28,HENDERSON,00H,SG,250.56401515151515,250.56420454545457,0.9999999999990904,0.3047999999997227,-0.45,41,-0.8,7161.974999999999,-0.45,65.98294,4009.339199999807,-23.18208215999865
2022-12-28,HENDERSON,00H,SG,250.56363636363636,250.56382575757576,0.9999999999990904,0.3047999999997227,-0.45,41,-0.8,7161.974999999999,-0.45,65.98294,4009.643999999807,-23.18345375999865
2022-12-28,HENDERSON,00H,SG,250.55492424242425,250.55511363636364,0.9999999999990904,0.3047999999997227,-0.45,41,-1.4,4092.557142857143,-0.45,65.98294,4009.948799999807,-23.184825359998648
2022-12-28,HENDERSON,00H,SG,250.56931818181815,250.56950757575757,0.9999999999990904,0.3047999999997227,-0.45,41,-0.6,9549.300000000001,-0.45,65.98294,4010.2535999998067,-23.186196959998647
2022-12-28,HENDERSON,00H,SG,250.57102272727272,250.5712121212121,0.9999999999990904,0.3047999999997227,-0.45,41,-0.3,19098.600000000002,-0.45,65.98294,4010.5583999998066,-23.187568559998645
2022-12-28,HENDERSON,00H,SG,250.53219696969697,250.53238636363636,0.9999999999990904,0.3047999999997227,-0.45,41,-2.7,2122.0666666666666,-0.45,65.98294,4010.8631999998065,-23.188940159998644
2022-12-28,HENDERSON,00H,SG,250.56344696969697,250.56363636363636,0.9999999999990904,0.3047999999997227,-0.45,41,-0.9,6366.2,-0.45,65.98294,4011.1679999998064,-23.190311759998643
2022-12-28,HENDERSON,00H,SG,250.5433712121212,250.5435606060606,0.9999999999990904,0.3047999999997227,-0.45,41,-1.9,3015.5684210526315,-0.45,65.98294,4011.4727999998063,-23.191683359998642
2022-12-28,HENDERSON,00H,SG,250.5369318181818,250.5371212121212,0.9999999999990904,0.3047999999997227,-0.45,41,-2.3,2491.121739130435,-0.45,65.98294,4011.777599999806,-23.19305495999864
2022-12-28,HENDERSON,00H,SG,250.54583333333332,250.5460227272727,0.9999999999990904,0.3047999999997227,-0.45,41,-1.9,3015.5684210526315,-0.45,65.98294,4012.082399999806,-23.19442655999864
2022-12-28,HENDERSON,00H,SG,250.5496212121212,250.54981060606065,0.9999999999990904,0.3047999999997227,-0.45,41,-1.7,3370.3411764705884,-0.45,65.98294,4012.387199999806,-23.19579815999864
2022-12-28,HENDERSON,00H,SG,250.5712121212121,250.5714015151515,0.9999999999990904,0.3047999999997227,-0.45,41,-0.4,14323.949999999999,-0.45,65.98294,4012.691999999806,-23.197169759998637
2022-12-28,HENDERSON,00H,SG,250.4852272727273,250.48541666666668,0.9999999999990904,0.3047999999997227,-0.45,41,-4.1,1397.458536585366,-0.45,65.98294,4012.9967999998057,-23.198541359998636
2022-12-28,HENDERSON,00H,SG,250.51685606060607,250.51704545454547,0.9999999999990904,0.3047999999997227,-0.45,41,-3.6,1591.55,-0.45,65.98294,4013.3015999998056,-23.199912959998635
2022-12-28,HENDERSON,00H,SG,250.5339015151515,250.5340909090909,0.9999999999990904,0.3047999999997227,-0.45,41,-2.5,2291.832,-0.45,65.98294,4013.6063999998055,-23.201284559998633
2022-12-28,HENDERSON,00H,SG,250.54053030303027,250.5407196969697,0.9999999999990904,0.3047999999997227,-0.45,41,-2.2,2604.354545454545,-0.45,65.98294,4013.9111999998054,-23.202656159998632
2022-12-28,HENDERSON,00H,SG,250.5452651515151,250.54545454545453,0.9999999999990904,0.3047999999997227,-0.45,41,-2.0,2864.79,-0.45,65.98294,4014.2159999998053,-23.20402775999863
2022-12-28,HENDERSON,00H,SG,250.54128787878787,250.5414772727273,0.9999999999990904,0.3047999999997227,-0.45,41,-2.1,2728.3714285714286,-0.45,65.98294,4014.520799999805,-23.20539935999863
2022-12-28,HENDERSON,00H,SG,250.56723484848484,250.56742424242424,0.9999999999990904,0.3047999999997227,-0.45,41,-0.6,9549.300000000001,-0.45,65.98294,4014.825599999805,-23.20677095999863
2022-12-28,HENDERSON,00H,SG,250.50530303030305,250.5054924242424,0.9999999999990904,0.3047999999997227,-0.45,41,-3.9,1469.123076923077,-0.45,65.98294,4015.130399999805,-23.208142559998628
2022-12-28,HENDERSON,00H,SG,250.50852272727272,250.5087121212121,0.9999999999990904,0.3047999999997227,-0.45,41,-3.8,1507.7842105263157,-0.45,65.98294,4015.435199999805,-23.209514159998626
2022-12-28,HENDERSON,00H,SG,250.54204545454544,250.54223484848484,0.9999999999990904,0.3047999999997227,-0.45,41,-2.1,2728.3714285714286,-0.45,65.98294,4015.7399999998047,-23.210885759998625
2022-12-28,HENDERSON,00H,SG,250.54545454545453,250.54564393939393,0.9999999999990904,0.3047999999997227,-0.45,41,-1.9,3015.5684210526315,-0.45,65.98294,4016.0447999998046,-23.212257359998624
2022-12-28,HENDERSON,00H,SG,250.5465909090909,250.5467803030303,0.9999999999990904,0.3047999999997227,-0.45,41,-1.9,3015.5684210526315,-0.45,65.98294,4016.3495999998045,-23.213628959998623
2022-12-28,HENDERSON,00H,SG,250.52708333333337,250.52727272727273,0.9999999999990904,0.3047999999997227,-0.45,41,-2.9,1975.7172413793103,-0.45,65.98294,4016.6543999998044,-23.21500055999862
2022-12-28,HENDERSON,00H,SG,250.5375,250.5376893939394,0.9999999999990904,0.3047999999997227,-0.45,41,-2.3,2491.121739130435,-0.45,65.98294,4016.9591999998042,-23.21637215999862
2022-12-28,HENDERSON,00H,SG,250.5172348484849,250.51742424242423,0.9999999999990904,0.3047999999997227,-0.45,41,-3.6,1591.55,-0.45,65.98294,4017.263999999804,-23.21774375999862
2022-12-28,HENDERSON,00H,SG,250.4280303030303,250.42821969696973,0.9999999999990904,0.3047999999997227,-0.45,41,-4.1,1397.458536585366,-0.45,65.98294,4017.568799999804,-23.219115359998618
2022-12-28,HENDERSON,00H,SG,250.52651515151516,250.52670454545455,0.9999999999990904,0.3047999999997227,-0.45,41,-3.0,1909.86,-0.45,65.98294,4017.873599999804,-23.220486959998617
2022-12-28,HENDERSON,00H,SG,250.5471590909091,250.5473484848485,0.9999999999990904,0.3047999999997227,-0.45,41,-1.7,3370.3411764705884,-0.45,65.98294,4018.178399999804,-23.221858559998616
2022-12-28,HENDERSON,00H,SG,250.55776515151516,250.55795454545455,0.9999999999990904,0.3047999999997227,-0.45,41,-1.3,4407.369230769231,-0.45,65.98294,4018.4831999998037,-23.223230159998614
2022-12-28,HENDERSON,00H,SG,250.56382575757576,250.56401515151515,0.9999999999990904,0.3047999999997227,-0.45,41,-0.7,8185.114285714286,-0.45,65.98294,4018.7879999998036,-23.224601759998613
2022-12-28,HENDERSON,00H,SG,250.54166666666663,250.54185606060605,0.9999999999990904,0.3047999999997227,-0.45,41,-2.1,2728.3714285714286,-0.45,65.98294,4019.0927999998034,-23.225973359998612
2022-12-28,HENDERSON,00H,SG,250.55246212121213,250.55265151515152,0.9999999999990904,0.3047999999997227,-0.45,41,-1.5,3819.72,-0.45,65.98294,4019.3975999998033,-23.22734495999861
2022-12-28,HENDERSON,00H,SG,250.5727272727273,250.57291666666663,0.9999999999990904,0.3047999999997227,-0.45,41,-0.3,19098.600000000002,-0.45,65.98294,4019.702399999803,-23.22871655999861
2022-12-28,HENDERSON,00H,SG,250.5719696969697,250.57215909090908,0.9999999999990904,0.3047999999997227,-0.45,41,-0.3,19098.600000000002,-0.45,65.98294,4020.007199999803,-23.23008815999861
2022-12-28,HENDERSON,00H,SG,250.5160984848485,250.5162878787879,0.9999999999990904,0.3047999999997227,-0.45,41,-3.5,1637.0228571428572,-0.45,65.98294,4020.311999999803,-23.231459759998607
2022-12-28,HENDERSON,00H,SG,250.5378787878788,250.53806818181815,0.9999999999990904,0.3047999999997227,-0.45,41,-2.3,2491.121739130435,-0.45,65.98294,4020.616799999803,-23.232831359998606
2022-12-28,HENDERSON,00H,SG,250.5628787878788,250.56306818181815,0.9999999999990904,0.3047999999997227,-0.45,41,-1.0,5729.58,-0.45,65.98294,4020.9215999998028,-23.234202959998605
2022-12-28,HENDERSON,00H,SG,250.56704545454545,250.56723484848484,0.9999999999990904,0.3047999999997227,-0.45,41,-0.7,8185.114285714286,-0.45,65.98294,4021.2263999998027,-23.235574559998604
2022-12-28,HENDERSON,00H,SG,250.5401515151515,250.5403409090909,0.9999999999990904,0.3047999999997227,-0.45,41,-2.2,2604.354545454545,-0.45,65.98294,4021.5311999998025,-23.236946159998602
2022-12-28,HENDERSON,00H,SG,250.5780303030303,250.57821969696968,0.9999999999990904,0.3047999999997227,-0.45,41,-0.2,28647.899999999998,-0.45,65.98294,4021.8359999998024,-23.2383177599986
2022-12-28,HENDERSON,00H,SG,250.52140151515152,250.52159090909092,0.9999999999990904,0.3047999999997227,-0.45,41,-3.3,1736.2363636363636,-0.45,65.98294,4022.1407999998023,-23.2396893599986
2022-12-28,HENDERSON,00H,SG,250.52424242424243,250.52443181818185,0.9999999999990904,0.3047999999997227,-0.45,41,-3.2,1790.4937499999999,-0.45,65.98294,4022.445599999802,-23.2410609599986
2022-12-28,HENDERSON,00H,SG,250.57689393939393,250.57708333333332,0.9999999999990904,0.3047999999997227,-0.45,41,-0.1,57295.799999999996,-0.45,65.98294,4022.750399999802,-23.242432559998598
2022-12-28,HENDERSON,00H,SG,250.5331439393939,250.53333333333333,0.9999999999990904,0.3047999999997227,-0.45,41,-2.6,2203.6846153846154,-0.45,65.98294,4023.055199999802,-23.243804159998597
2022-12-28,HENDERSON,00H,SG,250.5651515151515,250.5653409090909,0.9999999999990904,0.3047999999997227,-0.45,41,-0.8,7161.974999999999,-0.45,65.98294,4023.359999999802,-23.245175759998595
2022-12-28,HENDERSON,00H,SG,250.5090909090909,250.50928030303027,0.9999999999990904,0.3047999999997227,-0.45,41,-3.8,1507.7842105263157,-0.45,65.98294,4023.6647999998017,-23.246547359998594
2022-12-28,HENDERSON,00H,SG,250.51704545454547,250.5172348484849,0.9999999999990904,0.3047999999997227,-0.45,41,-3.5,1637.0228571428572,-0.45,65.98294,4023.9695999998016,-23.247918959998593
2022-12-28,HENDERSON,00H,SG,250.53806818181815,250.53825757575757,0.9999999999990904,0.3047999999997227,-0.45,41,-2.4,2387.3250000000003,-0.45,65.98294,4024.2743999998015,-23.24929055999859
2022-12-28,HENDERSON,00H,SG,250.55890151515152,250.5590909090909,0.9999999999990904,0.3047999999997227,-0.45,41,-1.0,5729.58,-0.45,65.98294,4024.5791999998014,-23.25066215999859
2022-12-28,HENDERSON,00H,SG,250.51666666666668,250.51685606060607,0.9999999999990904,0.3047999999997227,-0.45,41,-3.5,1637.0228571428572,-0.45,65.98294,4024.8839999998013,-23.25203375999859
2022-12-28,HENDERSON,00H,SG,250.5429924242424,250.5431818181818,0.9999999999990904,0.3047999999997227,-0.45,41,-2.1,2728.3714285714286,-0.45,65.98294,4025.188799999801,-23.253405359998588
2022-12-28,HENDERSON,00H,SG,250.55284090909092,250.5530303030303,0.9999999999990904,0.3047999999997227,-0.45,41,-1.5,3819.72,-0.45,65.98294,4025.493599999801,-23.254776959998587
2022-12-28,HENDERSON,00H,SG,250.4850378787879,250.4852272727273,0.9999999999990904,0.3047999999997227,-0.45,41,-4.2,1364.1857142857143,-0.45,65.98294,4025.798399999801,-23.256148559998586
2022-12-28,HENDERSON,00H,SG,250.5407196969697,250.54090909090908,0.9999999999990904,0.3047999999997227,-0.45,41,-2.1,2728.3714285714286,-0.45,65.98294,4026.103199999801,-23.257520159998585
2022-12-28,HENDERSON,00H,SG,250.55094696969695,250.55113636363637,0.9999999999990904,0.3047999999997227,-0.45,41,-1.5,3819.72,-0.45,65.98294,4026.4079999998007,-23.258891759998583
2022-12-28,HENDERSON,00H,SG,250.55189393939395,250.55208333333337,0.9999999999990904,0.3047999999997227,-0.45,41,-1.6,3580.9874999999997,-0.45,65.98294,4026.7127999998006,-23.260263359998582
2022-12-28,HENDERSON,00H,SG,250.57234848484848,250.57253787878787,0.9999999999990904,0.3047999999997227,-0.45,41,-0.3,19098.600000000002,-0.45,65.98294,4027.0175999998005,-23.26163495999858
2022-12-28,HENDERSON,00H,SG,250.5753787878788,250.57556818181817,0.9999999999990904,0.3047999999997227,-0.45,41,-0.3,19098.600000000002,-0.45,65.98294,4027.3223999998004,-23.26300655999858
2022-12-28,HENDERSON,00H,SG,250.5590909090909,250.5594696969697,1.999999999998181,0.6095999999994455,-0.45,41,-1.2,4774.650000000001,-0.45,65.98294,4027.9319999997997,-23.26437815999858
2022-12-28,HENDERSON,00H,SG,250.56742424242424,250.56780303030305,1.999999999998181,0.6095999999994455,-0.45,41,-0.5,11459.16,-0.45,65.98294,4028.541599999799,-23.267121359998576
2022-12-28,HENDERSON,00H,SG,250.5087121212121,250.5090909090909,1.999999999998181,0.6095999999994455,-0.45,41,-3.9,1469.123076923077,-0.45,65.98294,4029.1511999997983,-23.269864559998574
2022-12-28,HENDERSON,00H,SG,250.56780303030305,250.5681818181818,1.999999999998181,0.6095999999994455,-0.45,41,-0.6,9549.300000000001,-0.45,65.98294,4029.7607999997977,-23.27260775999857
2022-12-28,HENDERSON,00H,SG,250.5342803030303,250.5346590909091,1.999999999998181,0.6095999999994455,-0.45,41,-2.5,2291.832,-0.45,65.98294,4030.370399999797,-23.27535095999857
2022-12-28,HENDERSON,00H,SG,250.575,250.5753787878788,1.999999999998181,0.6095999999994455,-0.45,41,-0.2,28647.899999999998,-0.45,65.98294,4030.9799999997963,-23.278094159998567
2022-12-28,HENDERSON,00H,SG,250.52064393939395,250.5210227272727,1.999999999998181,0.6095999999994455,-0.45,41,-3.4,1685.1705882352942,-0.45,65.98294,4031.5895999997956,-23.280837359998564
2022-12-28,HENDERSON,00H,SG,250.56041666666667,250.56079545454543,1.999999999998181,0.6095999999994455,-0.45,41,-0.9,6366.2,-0.45,65.98294,4032.199199999795,-23.283580559998562
2022-12-28,HENDERSON,00H,SG,250.54090909090908,250.54128787878787,1.999999999998181,0.6095999999994455,-0.45,41,-2.2,2604.354545454545,-0.45,65.98294,4032.8087999997942,-23.28632375999856
2022-12-28,HENDERSON,00H,SG,250.53011363636364,250.5304924242424,1.999999999998181,0.6095999999994455,-0.45,41,-2.9,1975.7172413793103,-0.45,65.98294,4033.4183999997936,-23.289066959998557
2022-12-28,HENDERSON,00H,SG,250.5564393939394,250.5568181818182,1.999999999998181,0.6095999999994455,-0.45,41,-1.3,4407.369230769231,-0.45,65.98294,4034.027999999793,-23.291810159998555
2022-12-28,HENDERSON,00H,SG,250.56306818181815,250.56344696969697,1.999999999998181,0.6095999999994455,-0.45,41,-0.8,7161.974999999999,-0.45,65.98294,4034.637599999792,-23.294553359998552
2022-12-28,HENDERSON,00H,SG,250.52348484848488,250.52386363636364,1.999999999998181,0.6095999999994455,-0.45,41,-3.2,1790.4937499999999,-0.45,65.98294,4035.2471999997915,-23.29729655999855
2022-12-28,HENDERSON,00H,SG,250.53068181818185,250.5310606060606,1.999999999998181,0.6095999999994455,-0.45,41,-2.7,2122.0666666666666,-0.45,65.98294,4035.856799999791,-23.300039759998548
2022-12-28,HENDERSON,00H,SG,250.56458333333333,250.56496212121212,1.999999999998181,0.6095999999994455,-0.45,41,-0.8,7161.974999999999,-0.45,65.98294,4036.46639999979,-23.302782959998545
2022-12-28,HENDERSON,00H,SG,250.57367424242423,250.57405303030305,1.999999999998181,0.6095999999994455,-0.45,41,-0.3,19098.600000000002,-0.45,65.98294,4037.0759999997895,-23.305526159998543
2022-12-28,HENDERSON,00H,SG,250.525,250.5253787878788,1.999999999998181,0.6095999999994455,-0.45,41,-3.2,1790.4937499999999,-0.45,65.98294,4037.685599999789,-23.30826935999854
2022-12-28,HENDERSON,00H,SG,250.56950757575757,250.56988636363636,1.999999999998181,0.6095999999994455,-0.45,41,-0.5,11459.16,-0.45,65.98294,4038.295199999788,-23.311012559998538
2022-12-28,HENDERSON,00H,SG,250.56988636363636,250.57026515151512,1.999999999998181,0.6095999999994455,-0.45,41,-0.4,14323.949999999999,-0.45,65.98294,4038.9047999997874,-23.313755759998536
2022-12-28,HENDERSON,00H,SG,250.5715909090909,250.5719696969697,1.999999999998181,0.6095999999994455,-0.45,41,-0.5,11459.16,-0.45,65.98294,4039.5143999997867,-23.316498959998533
2022-12-28,HENDERSON,00H,SG,250.52670454545455,250.52708333333337,1.999999999998181,0.6095999999994455,-0.45,41,-3.1,1848.2516129032258,-0.45,65.98294,4040.123999999786,-23.31924215999853
2022-12-28,HENDERSON,00H,SG,250.55113636363637,250.55151515151516,1.999999999998181,0.6095999999994455,-0.45,41,-1.6,3580.9874999999997,-0.45,65.98294,4040.7335999997854,-23.32198535999853
2022-12-28,HENDERSON,00H,SG,250.55814393939391,250.55852272727273,1.999999999998181,0.6095999999994455,-0.45,41,-1.2,4774.650000000001,-0.45,65.98294,4041.3431999997847,-23.324728559998526
2022-12-28,HENDERSON,00H,SG,250.55852272727273,250.55890151515152,1.999999999998181,0.6095999999994455,-0.45,41,-1.1,5208.70909090909,-0.45,65.98294,4041.952799999784,-23.327471759998524
2022-12-28,HENDERSON,00H,SG,250.52159090909092,250.52196969696973,1.999999999998181,0.6095999999994455,-0.45,41,-3.4,1685.1705882352942,-0.45,65.98294,4042.5623999997833,-23.33021495999852
2022-12-28,HENDERSON,00H,SG,250.57310606060605,250.57348484848484,1.999999999998181,0.6095999999994455,-0.45,41,-0.3,19098.600000000002,-0.45,65.98294,4043.1719999997827,-23.33295815999852
2022-12-28,HENDERSON,00H,SG,250.56420454545457,250.56458333333333,1.999999999998181,0.6095999999994455,-0.45,41,-0.7,8185.114285714286,-0.45,65.98294,4043.781599999782,-23.335701359998517
2022-12-28,HENDERSON,00H,SG,250.52026515151516,250.52064393939395,1.999999999998181,0.6095999999994455,-0.45,41,-3.3,1736.2363636363636,-0.45,65.98294,4044.3911999997813,-23.338444559998514
2022-12-28,HENDERSON,00H,SG,250.5255681818182,250.52594696969695,1.999999999998181,0.6095999999994455,-0.45,41,-3.0,1909.86,-0.45,65.98294,4045.0007999997806,-23.341187759998512
2022-12-28,HENDERSON,00H,SG,250.55151515151516,250.55189393939395,1.999999999998181,0.6095999999994455,-0.45,41,-1.5,3819.72,-0.45,65.98294,4045.61039999978,-23.34393095999851
2022-12-28,HENDERSON,00H,SG,250.5746212121212,250.575,1.999999999998181,0.6095999999994455,-0.45,41,-0.3,19098.600000000002,-0.45,65.98294,4046.2199999997792,-23.346674159998507
2022-12-28,HENDERSON,00H,SG,250.53352272727273,250.5339015151515,1.999999999998181,0.6095999999994455,-0.45,41,-2.6,2203.6846153846154,-0.45,65.98294,4046.8295999997786,-23.349417359998505
2022-12-28,HENDERSON,00H,SG,250.5278409090909,250.5282196969697,1.999999999998181,0.6095999999994455,-0.45,41,-2.9,1975.7172413793103,-0.45,65.98294,4047.439199999778,-23.352160559998502
2022-12-28,HENDERSON,00H,SG,250.5346590909091,250.53503787878788,1.999999999998181,0.6095999999994455,-0.45,41,-2.6,2203.6846153846154,-0.45,65.98294,4048.048799999777,-23.3549037599985
2022-12-28,HENDERSON,00H,SG,250.5623106060606,250.5626893939394,1.999999999998181,0.6095999999994455,-0.45,41,-0.8,7161.974999999999,-0.45,65.98294,4048.6583999997765,-23.357646959998497
2022-12-28,HENDERSON,00H,SG,250.54223484848484,250.54261363636363,1.999999999998181,0.6095999999994455,-0.45,41,-2.0,2864.79,-0.45,65.98294,4049.267999999776,-23.360390159998495
2022-12-28,HENDERSON,00H,SG,250.5568181818182,250.55719696969695,1.999999999998181,0.6095999999994455,-0.45,41,-1.2,4774.650000000001,-0.45,65.98294,4049.877599999775,-23.363133359998493
2022-12-28,HENDERSON,00H,SG,250.5162878787879,250.51666666666668,1.999999999998181,0.6095999999994455,-0.45,41,-3.6,1591.55,-0.45,65.98294,4050.4871999997745,-23.36587655999849
2022-12-28,HENDERSON,00H,SG,250.52196969696973,250.5223484848485,1.999999999998181,0.6095999999994455,-0.45,41,-3.2,1790.4937499999999,-0.45,65.98294,4051.096799999774,-23.368619759998488
2022-12-28,HENDERSON,00H,SG,250.5371212121212,250.5375,1.999999999998181,0.6095999999994455,-0.45,41,-2.4,2387.3250000000003,-0.45,65.98294,4051.706399999773,-23.371362959998486
2022-12-28,HENDERSON,00H,SG,250.55511363636364,250.55549242424243,1.999999999998181,0.6095999999994455,-0.45,41,-1.3,4407.369230769231,-0.45,65.98294,4052.3159999997724,-23.374106159998483
2022-12-28,HENDERSON,00H,SG,250.5776515151515,250.5780303030303,1.999999999998181,0.6095999999994455,-0.45,41,-0.1,57295.799999999996,-0.45,65.98294,4052.9255999997717,-23.37684935999848
2022-12-28,HENDERSON,00H,SG,250.5467803030303,250.5471590909091,2.0000000001482476,0.6096000000451858,-0.45,41,-1.8,3183.1,-0.45,65.98294,4053.535199999817,-23.37959255999848
2022-12-28,HENDERSON,00H,SG,250.55719696969695,250.55776515151516,2.9999999999972715,0.9143999999991684,-0.45,41,-1.1,5208.70909090909,-0.45,65.98294,4054.449599999816,-23.382335759998682
2022-12-28,HENDERSON,00H,SG,250.5282196969697,250.52878787878788,2.9999999999972715,0.9143999999991684,-0.45,41,-3.0,1909.86,-0.45,65.98294,4055.3639999998154,-23.38645055999868
2022-12-28,HENDERSON,00H,SG,250.5293560606061,250.52992424242424,2.9999999999972715,0.9143999999991684,-0.45,41,-2.9,1975.7172413793103,-0.45,65.98294,4056.2783999998146,-23.390565359998675
2022-12-28,HENDERSON,00H,SG,250.56079545454543,250.56136363636364,2.9999999999972715,0.9143999999991684,-0.45,41,-1.0,5729.58,-0.45,65.98294,4057.192799999814,-23.39468015999867
2022-12-28,HENDERSON,00H,SG,250.52727272727273,250.5278409090909,2.9999999999972715,0.9143999999991684,-0.45,41,-3.0,1909.86,-0.45,65.98294,4058.107199999813,-23.398794959998668
2022-12-28,HENDERSON,00H,SG,250.5653409090909,250.5659090909091,2.9999999999972715,0.9143999999991684,-0.45,41,-0.7,8185.114285714286,-0.45,65.98294,4059.021599999812,-23.402909759998664
2022-12-28,HENDERSON,00H,SG,250.5460227272727,250.5465909090909,2.9999999999972715,0.9143999999991684,-0.45,41,-1.8,3183.1,-0.45,65.98294,4059.9359999998114,-23.40702455999866
2022-12-28,HENDERSON,00H,SG,250.5189393939394,250.5195075757576,2.9999999999972715,0.9143999999991684,-0.45,41,-3.5,1637.0228571428572,-0.45,65.98294,4060.8503999998106,-23.411139359998657
2022-12-28,HENDERSON,00H,SG,250.57708333333332,250.5776515151515,2.9999999999972715,0.9143999999991684,-0.45,41,-0.2,28647.899999999998,-0.45,65.98294,4061.76479999981,-23.415254159998653
2022-12-28,HENDERSON,00H,SG,250.4284090909091,250.42897727272728,2.9999999999972715,0.9143999999991684,-0.45,41,-4.1,1397.458536585366,-0.45,65.98294,4062.679199999809,-23.41936895999865
2022-12-28,HENDERSON,00H,SG,250.55568181818185,250.55625,2.9999999999972715,0.9143999999991684,-0.45,41,-1.2,4774.650000000001,-0.45,65.98294,4063.5935999998082,-23.423483759998646
2022-12-28,HENDERSON,00H,SG,250.52443181818185,250.525,2.9999999999972715,0.9143999999991684,-0.45,41,-3.1,1848.2516129032258,-0.45,65.98294,4064.5079999998075,-23.427598559998643
2022-12-28,HENDERSON,00H,SG,250.52878787878788,250.5293560606061,2.9999999999972715,0.9143999999991684,-0.45,41,-2.8,2046.2785714285715,-0.45,65.98294,4065.4223999998067,-23.43171335999864
2022-12-28,HENDERSON,00H,SG,250.57405303030305,250.5746212121212,2.9999999999972715,0.9143999999991684,-0.45,41,-0.2,28647.899999999998,-0.45,65.98294,4066.336799999806,-23.435828159998636
2022-12-28,HENDERSON,00H,SG,250.5435606060606,250.5441287878788,2.9999999999972715,0.9143999999991684,-0.45,41,-2.0,2864.79,-0.45,65.98294,4067.251199999805,-23.439942959998632
2022-12-28,HENDERSON,00H,SG,250.53257575757576,250.5331439393939,2.9999999999972715,0.9143999999991684,-0.45,41,-2.7,2122.0666666666666,-0.45,65.98294,4068.1655999998043,-23.44405775999863
2022-12-28,HENDERSON,00H,SG,250.5183712121212,250.5189393939394,2.9999999999972715,0.9143999999991684,-0.45,41,-3.4,1685.1705882352942,-0.45,65.98294,4069.0799999998035,-23.448172559998625
2022-12-28,HENDERSON,00H,SG,250.52594696969695,250.52651515151516,2.9999999999972715,0.9143999999991684,-0.45,41,-3.1,1848.2516129032258,-0.45,65.98294,4069.9943999998027,-23.45228735999862
2022-12-28,HENDERSON,00H,SG,250.5477272727273,250.54829545454547,2.9999999999972715,0.9143999999991684,-0.45,41,-1.8,3183.1,-0.45,65.98294,4070.908799999802,-23.456402159998618
2022-12-28,HENDERSON,00H,SG,250.56609848484848,250.56685606060609,3.999999999996362,1.2191999999988912,-0.45,41,-0.7,8185.114285714286,-0.45,65.98294,4072.127999999801,-23.460516959998614
2022-12-28,HENDERSON,00H,SG,250.56155303030303,250.5623106060606,3.999999999996362,1.2191999999988912,-0.45,41,-0.9,6366.2,-0.45,65.98294,4073.3471999998,-23.46600335999861
2022-12-28,HENDERSON,00H,SG,250.53825757575757,250.53901515151512,3.999999999996362,1.2191999999988912,-0.45,41,-2.3,2491.121739130435,-0.45,65.98294,4074.566399999799,-23.471489759998605
2022-12-28,HENDERSON,00H,SG,250.50928030303027,250.51003787878787,3.999999999996362,1.2191999999988912,-0.45,41,-3.9,1469.123076923077,-0.45,65.98294,4075.7855999997983,-23.4769761599986
2022-12-28,HENDERSON,00H,SG,250.5195075757576,250.52026515151516,3.999999999996362,1.2191999999988912,-0.45,41,-3.4,1685.1705882352942,-0.45,65.98294,4077.0047999997973,-23.482462559998595
2022-12-28,HENDERSON,00H,SG,250.5685606060606,250.56931818181815,3.999999999996362,1.2191999999988912,-0.45,41,-0.5,11459.16,-0.45,65.98294,4078.2239999997964,-23.48794895999859
2022-12-28,HENDERSON,00H,SG,250.5054924242424,250.50625,3.999999999996362,1.2191999999988912,-0.45,41,-4.0,1432.395,-0.45,65.98294,4079.4431999997955,-23.493435359998585
2022-12-28,HENDERSON,00H,SG,250.57026515151512,250.57102272727272,3.999999999996362,1.2191999999988912,-0.45,41,-0.5,11459.16,-0.45,65.98294,4080.6623999997946,-23.49892175999858
2022-12-28,HENDERSON,00H,SG,250.54450757575756,250.5452651515151,3.999999999996362,1.2191999999988912,-0.45,41,-1.9,3015.5684210526315,-0.45,65.98294,4081.8815999997937,-23.504408159998576
2022-12-28,HENDERSON,00H,SG,250.5594696969697,250.56022727272727,3.999999999996362,1.2191999999988912,-0.45,41,-1.0,5729.58,-0.45,65.98294,4083.100799999793,-23.50989455999857
2022-12-28,HENDERSON,00H,SG,250.51742424242423,250.5183712121212,4.9999999999954525,1.523999999998614,-0.45,41,-3.5,1637.0228571428572,-0.45,65.98294,4084.6247999997913,-23.515380959998566
2022-12-28,HENDERSON,00H,SG,250.53920454545457,250.5401515151515,4.9999999999954525,1.523999999998614,-0.45,41,-2.3,2491.121739130435,-0.45,65.98294,4086.14879999979,-23.52223895999856
2022-12-28,HENDERSON,00H,SG,250.5151515151515,250.5160984848485,5.000000000145519,1.5240000000443543,-0.45,41,-3.6,1591.55,-0.45,65.98294,4087.6727999998343,-23.529096959998554
2022-12-28,HENDERSON,00H,SG,250.5223484848485,250.52348484848488,5.999999999994543,1.8287999999983369,-0.45,41,-3.3,1736.2363636363636,-0.45,65.98294,4089.5015999998327,-23.535954959998755
2022-12-28,HENDERSON,00H,SG,250.54981060606065,250.55094696969695,5.999999999994543,1.8287999999983369,-0.45,41,-1.6,3580.9874999999997,-0.45,65.98294,4091.330399999831,-23.544184559998747
2022-12-28,HENDERSON,00H,SG,250.5310606060606,250.53219696969697,5.999999999994543,1.8287999999983369,-0.45,41,-2.8,2046.2785714285715,-0.45,65.98294,4093.1591999998295,-23.55241415999874
2022-12-28,HENDERSON,00H,SG,250.54829545454547,250.54943181818183,5.999999999994543,1.8287999999983369,-0.45,41,-1.7,3370.3411764705884,-0.45,65.98294,4094.987999999828,-23.560643759998733
2022-12-28,HENDERSON,00H,SG,250.57556818181817,250.57689393939393,6.9999999999936335,2.1335999999980597,-0.45,41,-0.2,28647.899999999998,-0.45,65.98294,4097.121599999826,-23.568873359998726
2022-12-28,HENDERSON,00H,SG,250.5530303030303,250.55435606060607,6.9999999999936335,2.1335999999980597,-0.45,41,-1.4,4092.557142857143,-0.45,65.98294,4099.255199999824,-23.578474559998718
2022-12-28,HENDERSON,00H,SG,250.53522727272727,250.53655303030305,6.9999999999936335,2.1335999999980597,-0.45,41,-2.5,2291.832,-0.45,65.98294,4101.388799999822,-23.58807575999871
2022-12-28,HENDERSON,00H,SG,250.5782196969697,250.58011363636365,9.999999999990903,3.047999999997228,-0.45,41,-0.1,57295.799999999996,-0.45,65.98294,4104.436799999819,-23.5976769599987
2022-12-28,HENDERSON,00H,SG,250.51268939393935,250.5147727272727,10.999999999989996,3.3527999999969507,-0.45,41,-3.7,1548.535135135135,-0.45,65.98294,4107.789599999816,-23.61139295999869
2022-12-28,HENDERSON,00H,SG,250.50625,250.50852272727272,11.999999999989086,3.6575999999966737,-0.45,41,-3.9,1469.123076923077,-0.45,65.98294,4111.447199999813,-23.626480559998676
2022-12-28,HENDERSON,00H,SG,250.51003787878787,250.51268939393935,13.999999999987269,4.267199999996119,-0.45,41,-3.8,1507.7842105263157,-0.45,65.98294,4115.714399999809,-23.64293975999866
2022-12-28,HENDERSON,00H,SG,250.48541666666668,250.48863636363637,16.99999999998454,5.181599999995288,-0.45,41,-4.2,1364.1857142857143,-0.45,65.98294,4120.895999999804,-23.662142159998645
2022-12-28,HENDERSON,00H,SG,250.42916666666667,250.43276515151516,18.99999999998272,5.791199999994733,-0.45,41,-4.1,1397.458536585366,-0.45,65.98294,4126.687199999799,-23.685459359998625
2022-12-28,HENDERSON,00H,SG,250.49886363636364,250.50530303030305,33.99999999996908,10.363199999990576,-0.45,41,-4.0,1432.395,-0.45,65.98294,4137.05039999979,-23.711519759998602
2022-12-28,HENDERSON,00H,SG,250.48863636363637,250.49886363636364,53.99999999995089,16.45919999998503,-0.45,41,-4.1,1397.458536585366,-0.45,65.98294,4153.509599999775,-23.758154159998558
2022-12-28,HENDERSON,00H,SG,250.41003787878788,250.4280303030303,95.00000000006366,28.956000000019404,-0.45,41,-4.0,1432.395,-0.45,65.98294,4182.465599999794,-23.83222055999849
2022-12-28,HENDERSON,00H,SG,250.46041666666667,250.4846590909091,128.00000000003365,39.014400000010255,-0.45,41,-4.1,1397.458536585366,-0.45,65.98294,4221.479999999804,-23.962522559998575
2022-12-28,HENDERSON,00H,SG,250.43276515151516,250.46041666666667,146.00000000001728,44.50080000000527,-0.45,41,-4.0,1432.395,-0.45,65.98294,4265.980799999809,-24.13808735999862
2022-12-28,HENDERSON,00H,SG,248.13882575757577,248.1401515151515,6.9999999999936335,2.1335999999980597,-0.38,40,3.1,1848.2516129032258,-0.38,64.3736,4268.114399999808,-24.338340959998646
2022-12-28,HENDERSON,00H,SG,248.07007575757575,248.0715909090909,7.999999999992724,2.4383999999977823,-0.38,40,2.7,2122.0666666666666,-0.38,64.3736,4270.552799999806,-24.346448639998638
2022-12-28,HENDERSON,00H,SG,248.0715909090909,248.08125,51.00000000010368,15.544800000031604,-0.38,40,2.8,2046.2785714285715,-0.38,64.3736,4286.097599999837,-24.355714559998628
2022-12-28,HENDERSON,00H,SG,248.1183712121212,248.13882575757577,107.99999999990176,32.91839999997006,-0.38,40,3.0,1909.86,-0.38,64.3736,4319.015999999808,-24.41478479999875
2022-12-28,HENDERSON,00H,SG,248.08125,248.1183712121212,195.9999999999718,59.74079999999141,-0.38,40,2.9,1975.7172413793103,-0.38,64.3736,4378.756799999799,-24.539874719998636
2022-12-28,HENDERSON,00H,SG,249.92007575757577,250.07007575757575,792.00000000003,241.40160000000915,-0.38,41,0.0,1000000.0,-0.38,65.98294,4620.158399999808,-24.7668897599986
2022-12-28,HENDERSON,00H,SG,252.30568181818185,252.3058712121212,0.9999999999990904,0.3047999999997227,-0.31,45,1.8,3183.1,-0.31,72.4203,4620.463199999808,-25.684215839998636
2022-12-28,HENDERSON,00H,SG,252.33977272727273,252.33996212121212,0.9999999999990904,0.3047999999997227,-0.31,45,0.9,6366.2,-0.31,72.4203,4620.767999999808,-25.685160719998635
2022-12-28,HENDERSON,00H,SG,252.13882575757577,252.1390151515151,0.9999999999990904,0.3047999999997227,-0.31,45,0.7,8185.114285714286,-0.31,72.4203,4621.072799999808,-25.686105599998633
2022-12-28,HENDERSON,00H,SG,252.32613636363635,252.32632575757577,0.9999999999990904,0.3047999999997227,-0.31,45,1.3,4407.369230769231,-0.31,72.4203,4621.377599999808,-25.687050479998632
2022-12-28,HENDERSON,00H,SG,252.12916666666663,252.12935606060609,0.9999999999990904,0.3047999999997227,-0.31,45,0.4,14323.949999999999,-0.31,72.4203,4621.682399999808,-25.68799535999863
2022-12-28,HENDERSON,00H,SG,252.16041666666663,252.16060606060609,0.9999999999990904,0.3047999999997227,-0.31,45,1.4,4092.557142857143,-0.31,72.4203,4621.987199999808,-25.68894023999863
2022-12-28,HENDERSON,00H,SG,252.1619318181818,252.1621212121212,0.9999999999990904,0.3047999999997227,-0.31,45,1.3,4407.369230769231,-0.31,72.4203,4622.291999999808,-25.68988511999863
2022-12-28,HENDERSON,00H,SG,252.16382575757575,252.16401515151512,0.9999999999990904,0.3047999999997227,-0.31,45,1.5,3819.72,-0.31,72.4203,4622.596799999807,-25.690829999998627
2022-12-28,HENDERSON,00H,SG,252.17443181818183,252.1746212121212,0.9999999999990904,0.3047999999997227,-0.31,45,1.8,3183.1,-0.31,72.4203,4622.901599999807,-25.691774879998626
2022-12-28,HENDERSON,00H,SG,252.12935606060609,252.12954545454545,0.9999999999990904,0.3047999999997227,-0.31,45,0.3,19098.600000000002,-0.31,72.4203,4623.206399999807,-25.692719759998624
2022-12-28,HENDERSON,00H,SG,252.16060606060609,252.16079545454545,0.9999999999990904,0.3047999999997227,-0.31,45,1.3,4407.369230769231,-0.31,72.4203,4623.511199999807,-25.693664639998623
2022-12-28,HENDERSON,00H,SG,252.33901515151516,252.33920454545455,0.9999999999990904,0.3047999999997227,-0.31,45,0.8,7161.974999999999,-0.31,72.4203,4623.815999999807,-25.69460951999862
2022-12-28,HENDERSON,00H,SG,252.32935606060607,252.32954545454547,0.9999999999990904,0.3047999999997227,-0.31,45,1.1,5208.70909090909,-0.31,72.4203,4624.120799999807,-25.69555439999862
2022-12-28,HENDERSON,00H,SG,252.14791666666667,252.14810606060607,0.9999999999990904,0.3047999999997227,-0.31,45,0.9,6366.2,-0.31,72.4203,4624.425599999807,-25.69649927999862
2022-12-28,HENDERSON,00H,SG,252.33655303030304,252.33674242424243,0.9999999999990904,0.3047999999997227,-0.31,45,1.0,5729.58,-0.31,72.4203,4624.730399999807,-25.697444159998618
2022-12-28,HENDERSON,00H,SG,252.30625,252.3064393939394,0.9999999999990904,0.3047999999997227,-0.31,45,1.7,3370.3411764705884,-0.31,72.4203,4625.0351999998065,-25.698389039998617
2022-12-28,HENDERSON,00H,SG,252.13863636363635,252.13882575757577,0.9999999999990904,0.3047999999997227,-0.31,45,0.6,9549.300000000001,-0.31,72.4203,4625.339999999806,-25.699333919998615
2022-12-28,HENDERSON,00H,SG,252.17954545454543,252.17973484848488,0.9999999999990904,0.3047999999997227,-0.31,45,1.9,3015.5684210526315,-0.31,72.4203,4625.644799999806,-25.700278799998614
2022-12-28,HENDERSON,00H,SG,252.30549242424243,252.30568181818185,0.9999999999990904,0.3047999999997227,-0.31,45,1.7,3370.3411764705884,-0.31,72.4203,4625.949599999806,-25.701223679998613
2022-12-28,HENDERSON,00H,SG,252.31704545454545,252.31723484848484,0.9999999999990904,0.3047999999997227,-0.31,45,1.4,4092.557142857143,-0.31,72.4203,4626.254399999806,-25.70216855999861
2022-12-28,HENDERSON,00H,SG,252.14810606060607,252.14829545454543,0.9999999999990904,0.3047999999997227,-0.31,44,0.9,6366.2,-0.31,70.81096,4626.559199999806,-25.70311343999861
2022-12-28,HENDERSON,00H,SG,252.32083333333333,252.32102272727272,0.9999999999990904,0.3047999999997227,-0.31,45,1.3,4407.369230769231,-0.31,72.4203,4626.863999999806,-25.70405831999861
2022-12-28,HENDERSON,00H,SG,252.13030303030305,252.1304924242424,0.9999999999990904,0.3047999999997227,-0.31,44,0.3,19098.600000000002,-0.31,70.81096,4627.168799999806,-25.705003199998607
2022-12-28,HENDERSON,00H,SG,252.12007575757576,252.12026515151516,0.9999999999990904,0.3047999999997227,-0.31,45,0.2,28647.899999999998,-0.31,72.4203,4627.473599999806,-25.705948079998606
2022-12-28,HENDERSON,00H,SG,252.1532196969697,252.1534090909091,0.9999999999990904,0.3047999999997227,-0.31,45,1.2,4774.650000000001,-0.31,72.4203,4627.7783999998055,-25.706892959998605
2022-12-28,HENDERSON,00H,SG,252.3058712121212,252.3060606060606,0.9999999999990904,0.3047999999997227,-0.31,45,1.7,3370.3411764705884,-0.31,72.4203,4628.083199999805,-25.707837839998604
2022-12-28,HENDERSON,00H,SG,252.12954545454545,252.12973484848484,0.9999999999990904,0.3047999999997227,-0.31,45,0.4,14323.949999999999,-0.31,72.4203,4628.387999999805,-25.708782719998602
2022-12-28,HENDERSON,00H,SG,252.12897727272727,252.12916666666663,0.9999999999990904,0.3047999999997227,-0.31,45,0.3,19098.600000000002,-0.31,72.4203,4628.692799999805,-25.7097275999986
2022-12-28,HENDERSON,00H,SG,252.3289772727273,252.32916666666668,0.9999999999990904,0.3047999999997227,-0.31,45,1.1,5208.70909090909,-0.31,72.4203,4628.997599999805,-25.7106724799986
2022-12-28,HENDERSON,00H,SG,252.13636363636363,252.13655303030305,0.9999999999990904,0.3047999999997227,-0.31,45,0.5,11459.16,-0.31,72.4203,4629.302399999805,-25.7116173599986
2022-12-28,HENDERSON,00H,SG,252.1473484848485,252.1475378787879,0.9999999999990904,0.3047999999997227,-0.31,45,0.9,6366.2,-0.31,72.4203,4629.607199999805,-25.712562239998597
2022-12-28,HENDERSON,00H,SG,252.32954545454547,252.3297348484849,0.9999999999990904,0.3047999999997227,-0.31,45,1.2,4774.650000000001,-0.31,72.4203,4629.911999999805,-25.713507119998596
2022-12-28,HENDERSON,00H,SG,252.16685606060605,252.16704545454544,0.9999999999990904,0.3047999999997227,-0.31,45,1.6,3580.9874999999997,-0.31,72.4203,4630.216799999805,-25.714451999998595
2022-12-28,HENDERSON,00H,SG,252.3320075757576,252.33219696969695,0.9999999999990904,0.3047999999997227,-0.31,45,1.1,5208.70909090909,-0.31,72.4203,4630.5215999998045,-25.715396879998593
2022-12-28,HENDERSON,00H,SG,252.12083333333337,252.12102272727273,0.9999999999990904,0.3047999999997227,-0.31,44,0.1,57295.799999999996,-0.31,70.81096,4630.826399999804,-25.716341759998592
2022-12-28,HENDERSON,00H,SG,252.15776515151515,252.15795454545457,0.9999999999990904,0.3047999999997227,-0.31,45,1.2,4774.650000000001,-0.31,72.4203,4631.131199999804,-25.71728663999859
2022-12-28,HENDERSON,00H,SG,252.33674242424243,252.33693181818185,0.9999999999990904,0.3047999999997227,-0.31,45,0.9,6366.2,-0.31,72.4203,4631.435999999804,-25.71823151999859
2022-12-28,HENDERSON,00H,SG,252.1443181818182,252.1445075757576,0.9999999999990904,0.3047999999997227,-0.31,45,0.9,6366.2,-0.31,72.4203,4631.740799999804,-25.719176399998588
2022-12-28,HENDERSON,00H,SG,252.3244318181818,252.3246212121212,0.9999999999990904,0.3047999999997227,-0.31,45,1.3,4407.369230769231,-0.31,72.4203,4632.045599999804,-25.720121279998587
2022-12-28,HENDERSON,00H,SG,252.3287878787879,252.3289772727273,0.9999999999990904,0.3047999999997227,-0.31,45,1.2,4774.650000000001,-0.31,72.4203,4632.350399999804,-25.721066159998585
2022-12-28,HENDERSON,00H,SG,252.33920454545455,252.33939393939391,0.9999999999990904,0.3047999999997227,-0.31,45,0.9,6366.2,-0.31,72.4203,4632.655199999804,-25.722011039998584
2022-12-28,HENDERSON,00H,SG,252.30208333333337,252.3022727272727,0.9999999999990904,0.3047999999997227,-0.31,45,1.9,3015.5684210526315,-0.31,72.4203,4632.959999999804,-25.722955919998583
2022-12-28,HENDERSON,00H,SG,252.13219696969696,252.13238636363636,0.9999999999990904,0.3047999999997227,-0.31,44,0.5,11459.16,-0.31,70.81096,4633.2647999998035,-25.72390079999858
2022-12-28,HENDERSON,00H,SG,252.1410984848485,252.1412878787879,0.9999999999990904,0.3047999999997227,-0.31,44,0.8,7161.974999999999,-0.31,70.81096,4633.569599999803,-25.72484567999858
2022-12-28,HENDERSON,00H,SG,252.12973484848484,252.12992424242424,0.9999999999990904,0.3047999999997227,-0.31,44,0.3,19098.600000000002,-0.31,70.81096,4633.874399999803,-25.72579055999858
2022-12-28,HENDERSON,00H,SG,252.1409090909091,252.1410984848485,0.9999999999990904,0.3047999999997227,-0.31,44,0.7,8185.114285714286,-0.31,70.81096,4634.179199999803,-25.726735439998578
2022-12-28,HENDERSON,00H,SG,252.12878787878788,252.12897727272727,0.9999999999990904,0.3047999999997227,-0.31,45,0.4,14323.949999999999,-0.31,72.4203,4634.483999999803,-25.727680319998576
2022-12-28,HENDERSON,00H,SG,252.12102272727273,252.12121212121212,0.9999999999990904,0.3047999999997227,-0.31,44,0.2,28647.899999999998,-0.31,70.81096,4634.788799999803,-25.728625199998575
2022-12-28,HENDERSON,00H,SG,252.13503787878787,252.1352272727273,0.9999999999990904,0.3047999999997227,-0.31,45,0.6,9549.300000000001,-0.31,72.4203,4635.093599999803,-25.729570079998574
2022-12-28,HENDERSON,00H,SG,252.31723484848484,252.31742424242424,0.9999999999990904,0.3047999999997227,-0.31,45,1.5,3819.72,-0.31,72.4203,4635.398399999803,-25.730514959998573
2022-12-28,HENDERSON,00H,SG,252.33333333333337,252.3335227272727,0.9999999999990904,0.3047999999997227,-0.31,45,1.1,5208.70909090909,-0.31,72.4203,4635.703199999803,-25.73145983999857
2022-12-28,HENDERSON,00H,SG,252.33560606060607,252.33579545454543,0.9999999999990904,0.3047999999997227,-0.31,45,1.0,5729.58,-0.31,72.4203,4636.007999999802,-25.73240471999857
2022-12-28,HENDERSON,00H,SG,252.31685606060609,252.31704545454545,0.9999999999990904,0.3047999999997227,-0.31,45,1.5,3819.72,-0.31,72.4203,4636.312799999802,-25.73334959999857
2022-12-28,HENDERSON,00H,SG,252.12064393939391,252.12083333333337,0.9999999999990904,0.3047999999997227,-0.31,44,0.2,28647.899999999998,-0.31,70.81096,4636.617599999802,-25.734294479998567
2022-12-28,HENDERSON,00H,SG,252.3060606060606,252.30625,0.9999999999990904,0.3047999999997227,-0.31,45,1.8,3183.1,-0.31,72.4203,4636.922399999802,-25.735239359998566
2022-12-28,HENDERSON,00H,SG,252.14261363636365,252.14280303030304,0.9999999999990904,0.3047999999997227,-0.31,45,0.7,8185.114285714286,-0.31,72.4203,4637.227199999802,-25.736184239998565
2022-12-28,HENDERSON,00H,SG,252.15,252.1501893939394,0.9999999999990904,0.3047999999997227,-0.31,45,1.1,5208.70909090909,-0.31,72.4203,4637.531999999802,-25.737129119998563
2022-12-28,HENDERSON,00H,SG,252.31022727272727,252.31041666666667,0.9999999999990904,0.3047999999997227,-0.31,45,1.7,3370.3411764705884,-0.31,72.4203,4637.836799999802,-25.738073999998562
2022-12-28,HENDERSON,00H,SG,252.32026515151512,252.32045454545457,0.9999999999990904,0.3047999999997227,-0.31,45,1.3,4407.369230769231,-0.31,72.4203,4638.141599999802,-25.73901887999856
2022-12-28,HENDERSON,00H,SG,252.3064393939394,252.3066287878788,0.9999999999990904,0.3047999999997227,-0.31,45,1.8,3183.1,-0.31,72.4203,4638.4463999998015,-25.73996375999856
2022-12-28,HENDERSON,00H,SG,252.3179924242424,252.3181818181818,0.9999999999990904,0.3047999999997227,-0.31,45,1.5,3819.72,-0.31,72.4203,4638.751199999801,-25.74090863999856
2022-12-28,HENDERSON,00H,SG,252.32916666666668,252.32935606060607,0.9999999999990904,0.3047999999997227,-0.31,45,1.2,4774.650000000001,-0.31,72.4203,4639.055999999801,-25.741853519998557
2022-12-28,HENDERSON,00H,SG,252.33996212121212,252.34015151515152,0.9999999999990904,0.3047999999997227,-0.31,45,0.8,7161.974999999999,-0.31,72.4203,4639.360799999801,-25.742798399998556
2022-12-28,HENDERSON,00H,SG,252.1215909090909,252.1219696969697,1.999999999998181,0.6095999999994455,-0.31,45,0.1,57295.799999999996,-0.31,72.4203,4639.970399999801,-25.743743279998554
2022-12-28,HENDERSON,00H,SG,252.12026515151516,252.12064393939391,1.999999999998181,0.6095999999994455,-0.31,45,0.1,57295.799999999996,-0.31,72.4203,4640.579999999801,-25.745633039998552
2022-12-28,HENDERSON,00H,SG,252.13238636363636,252.13276515151512,1.999999999998181,0.6095999999994455,-0.31,45,0.4,14323.949999999999,-0.31,72.4203,4641.1895999998005,-25.74752279999855
2022-12-28,HENDERSON,00H,SG,252.32518939393935,252.32556818181817,1.999999999998181,0.6095999999994455,-0.31,45,1.3,4407.369230769231,-0.31,72.4203,4641.7991999998,-25.749412559998547
2022-12-28,HENDERSON,00H,SG,252.13825757575756,252.13863636363635,1.999999999998181,0.6095999999994455,-0.31,45,0.7,8185.114285714286,-0.31,72.4203,4642.4087999998,-25.751302319998544
2022-12-28,HENDERSON,00H,SG,252.1475378787879,252.14791666666667,1.999999999998181,0.6095999999994455,-0.31,45,1.0,5729.58,-0.31,72.4203,4643.0183999998,-25.75319207999854
2022-12-28,HENDERSON,00H,SG,252.16401515151512,252.16439393939393,1.999999999998181,0.6095999999994455,-0.31,45,1.4,4092.557142857143,-0.31,72.4203,4643.6279999998,-25.75508183999854
2022-12-28,HENDERSON,00H,SG,252.17045454545453,252.17083333333332,1.999999999998181,0.6095999999994455,-0.31,45,1.7,3370.3411764705884,-0.31,72.4203,4644.237599999799,-25.756971599998536
2022-12-28,HENDERSON,00H,SG,252.30170454545456,252.30208333333337,1.999999999998181,0.6095999999994455,-0.31,45,1.8,3183.1,-0.31,72.4203,4644.847199999799,-25.758861359998534
2022-12-28,HENDERSON,00H,SG,252.12121212121212,252.1215909090909,1.999999999998181,0.6095999999994455,-0.31,44,0.1,57295.799999999996,-0.31,70.81096,4645.456799999799,-25.76075111999853
2022-12-28,HENDERSON,00H,SG,252.33693181818185,252.3373106060606,1.999999999998181,0.6095999999994455,-0.31,45,1.0,5729.58,-0.31,72.4203,4646.066399999799,-25.76264087999853
2022-12-28,HENDERSON,00H,SG,252.30132575757577,252.30170454545456,1.999999999998181,0.6095999999994455,-0.31,45,1.9,3015.5684210526315,-0.31,72.4203,4646.6759999997985,-25.764530639998526
2022-12-28,HENDERSON,00H,SG,252.32102272727272,252.3214015151515,1.999999999998181,0.6095999999994455,-0.31,45,1.4,4092.557142857143,-0.31,72.4203,4647.285599999798,-25.766420399998523
2022-12-28,HENDERSON,00H,SG,252.33939393939391,252.33977272727273,1.999999999998181,0.6095999999994455,-0.31,45,0.8,7161.974999999999,-0.31,72.4203,4647.895199999798,-25.76831015999852
2022-12-28,HENDERSON,00H,SG,252.30511363636364,252.30549242424243,1.999999999998181,0.6095999999994455,-0.31,45,1.8,3183.1,-0.31,72.4203,4648.504799999798,-25.770199919998518
2022-12-28,HENDERSON,00H,SG,252.14696969696973,252.1473484848485,1.999999999998181,0.6095999999994455,-0.31,45,1.0,5729.58,-0.31,72.4203,4649.114399999798,-25.772089679998516
2022-12-28,HENDERSON,00H,SG,252.12992424242424,252.13030303030305,1.999999999998181,0.6095999999994455,-0.31,44,0.4,14323.949999999999,-0.31,70.81096,4649.723999999797,-25.773979439998513
2022-12-28,HENDERSON,00H,SG,252.1746212121212,252.175,1.999999999998181,0.6095999999994455,-0.31,45,1.7,3370.3411764705884,-0.31,72.4203,4650.333599999797,-25.77586919999851
2022-12-28,HENDERSON,00H,SG,252.30473484848488,252.30511363636364,1.999999999998181,0.6095999999994455,-0.31,45,1.7,3370.3411764705884,-0.31,72.4203,4650.943199999797,-25.777758959998508
2022-12-28,HENDERSON,00H,SG,252.32045454545457,252.32083333333333,1.999999999998181,0.6095999999994455,-0.31,45,1.4,4092.557142857143,-0.31,72.4203,4651.552799999797,-25.779648719998505
2022-12-28,HENDERSON,00H,SG,252.13768939393935,252.13806818181817,1.999999999998181,0.6095999999994455,-0.31,45,0.6,9549.300000000001,-0.31,72.4203,4652.162399999796,-25.781538479998503
2022-12-28,HENDERSON,00H,SG,252.33522727272728,252.33560606060607,1.999999999998181,0.6095999999994455,-0.31,45,0.9,6366.2,-0.31,72.4203,4652.771999999796,-25.7834282399985
2022-12-28,HENDERSON,00H,SG,252.3316287878788,252.3320075757576,1.999999999998181,0.6095999999994455,-0.31,45,1.0,5729.58,-0.31,72.4203,4653.381599999796,-25.785317999998497
2022-12-28,HENDERSON,00H,SG,252.13276515151512,252.13333333333333,2.9999999999972715,0.9143999999991684,-0.31,45,0.5,11459.16,-0.31,72.4203,4654.295999999795,-25.787207759998495
2022-12-28,HENDERSON,00H,SG,252.1412878787879,252.14185606060607,2.9999999999972715,0.9143999999991684,-0.31,45,0.7,8185.114285714286,-0.31,72.4203,4655.2103999997935,-25.79004239999849
2022-12-28,HENDERSON,00H,SG,252.1371212121212,252.13768939393935,2.9999999999972715,0.9143999999991684,-0.31,44,0.6,9549.300000000001,-0.31,70.81096,4656.124799999792,-25.792877039998487
2022-12-28,HENDERSON,00H,SG,252.15719696969697,252.15776515151515,2.9999999999972715,0.9143999999991684,-0.31,45,1.3,4407.369230769231,-0.31,72.4203,4657.039199999791,-25.795711679998483
2022-12-28,HENDERSON,00H,SG,252.31742424242424,252.3179924242424,2.9999999999972715,0.9143999999991684,-0.31,45,1.4,4092.557142857143,-0.31,72.4203,4657.95359999979,-25.79854631999848
2022-12-28,HENDERSON,00H,SG,252.1316287878788,252.13219696969696,2.9999999999972715,0.9143999999991684,-0.31,44,0.4,14323.949999999999,-0.31,70.81096,4658.8679999997885,-25.801380959998475
2022-12-28,HENDERSON,00H,SG,252.32556818181817,252.32613636363635,2.9999999999972715,0.9143999999991684,-0.31,45,1.2,4774.650000000001,-0.31,72.4203,4659.782399999787,-25.80421559999847
2022-12-28,HENDERSON,00H,SG,252.1352272727273,252.13579545454544,2.9999999999972715,0.9143999999991684,-0.31,44,0.5,11459.16,-0.31,70.81096,4660.696799999786,-25.807050239998468
2022-12-28,HENDERSON,00H,SG,252.1390151515151,252.13958333333332,2.9999999999972715,0.9143999999991684,-0.31,44,0.7,8185.114285714286,-0.31,70.81096,4661.611199999785,-25.809884879998464
2022-12-28,HENDERSON,00H,SG,252.17973484848488,252.18030303030304,2.9999999999972715,0.9143999999991684,-0.31,45,1.8,3183.1,-0.31,72.4203,4662.5255999997835,-25.81271951999846
2022-12-28,HENDERSON,00H,SG,252.1501893939394,252.1507575757576,2.9999999999972715,0.9143999999991684,-0.31,45,1.0,5729.58,-0.31,72.4203,4663.439999999782,-25.815554159998456
2022-12-28,HENDERSON,00H,SG,252.1219696969697,252.12253787878788,2.9999999999972715,0.9143999999991684,-0.31,45,0.2,28647.899999999998,-0.31,72.4203,4664.354399999781,-25.818388799998452
2022-12-28,HENDERSON,00H,SG,252.13655303030305,252.1371212121212,2.9999999999972715,0.9143999999991684,-0.31,45,0.6,9549.300000000001,-0.31,72.4203,4665.26879999978,-25.821223439998448
2022-12-28,HENDERSON,00H,SG,252.13579545454544,252.13636363636363,2.9999999999972715,0.9143999999991684,-0.31,45,0.6,9549.300000000001,-0.31,72.4203,4666.1831999997785,-25.824058079998444
2022-12-28,HENDERSON,00H,SG,252.1534090909091,252.15397727272727,2.9999999999972715,0.9143999999991684,-0.31,45,1.1,5208.70909090909,-0.31,72.4203,4667.097599999777,-25.82689271999844
2022-12-28,HENDERSON,00H,SG,252.3246212121212,252.32518939393935,2.9999999999972715,0.9143999999991684,-0.31,45,1.2,4774.650000000001,-0.31,72.4203,4668.011999999776,-25.829727359998436
2022-12-28,HENDERSON,00H,SG,252.32386363636363,252.3244318181818,2.9999999999972715,0.9143999999991684,-0.31,45,1.2,4774.650000000001,-0.31,72.4203,4668.926399999775,-25.832561999998433
2022-12-28,HENDERSON,00H,SG,252.12632575757576,252.12708333333333,3.999999999996362,1.2191999999988912,-0.31,44,0.3,19098.600000000002,-0.31,70.81096,4670.145599999773,-25.83539663999843
2022-12-28,HENDERSON,00H,SG,252.12253787878788,252.12329545454543,3.999999999996362,1.2191999999988912,-0.31,44,0.2,28647.899999999998,-0.31,70.81096,4671.364799999772,-25.839176159998424
2022-12-28,HENDERSON,00H,SG,252.33579545454543,252.33655303030304,3.999999999996362,1.2191999999988912,-0.31,45,0.9,6366.2,-0.31,72.4203,4672.583999999771,-25.84295567999842
2022-12-28,HENDERSON,00H,SG,252.31609848484848,252.31685606060609,3.999999999996362,1.2191999999988912,-0.31,45,1.4,4092.557142857143,-0.31,72.4203,4673.803199999769,-25.846735199998413
2022-12-28,HENDERSON,00H,SG,252.12708333333333,252.1278409090909,3.999999999996362,1.2191999999988912,-0.31,45,0.3,19098.600000000002,-0.31,72.4203,4675.022399999768,-25.850514719998408
2022-12-28,HENDERSON,00H,SG,252.1445075757576,252.14526515151516,3.999999999996362,1.2191999999988912,-0.31,45,0.8,7161.974999999999,-0.31,72.4203,4676.241599999767,-25.854294239998403
2022-12-28,HENDERSON,00H,SG,252.13333333333333,252.1340909090909,3.999999999996362,1.2191999999988912,-0.31,44,0.5,11459.16,-0.31,70.81096,4677.460799999765,-25.858073759998398
2022-12-28,HENDERSON,00H,SG,252.14185606060607,252.14261363636365,3.999999999996362,1.2191999999988912,-0.31,45,0.8,7161.974999999999,-0.31,72.4203,4678.679999999764,-25.861853279998392
2022-12-28,HENDERSON,00H,SG,252.16704545454544,252.16780303030305,3.999999999996362,1.2191999999988912,-0.31,45,1.5,3819.72,-0.31,72.4203,4679.8991999997625,-25.865632799998387
2022-12-28,HENDERSON,00H,SG,252.17083333333332,252.1717803030303,4.9999999999954525,1.523999999998614,-0.31,45,1.6,3580.9874999999997,-0.31,72.4203,4681.423199999761,-25.869412319998382
2022-12-28,HENDERSON,00H,SG,252.1340909090909,252.13503787878787,4.9999999999954525,1.523999999998614,-0.31,45,0.5,11459.16,-0.31,72.4203,4682.9471999997595,-25.87413671999838
2022-12-28,HENDERSON,00H,SG,252.12329545454543,252.1242424242424,4.9999999999954525,1.523999999998614,-0.31,45,0.2,28647.899999999998,-0.31,72.4203,4684.471199999758,-25.878861119998376
2022-12-28,HENDERSON,00H,SG,252.1278409090909,252.12878787878788,4.9999999999954525,1.523999999998614,-0.31,44,0.3,19098.600000000002,-0.31,70.81096,4685.995199999757,-25.883585519998373
2022-12-28,HENDERSON,00H,SG,252.1242424242424,252.1251893939394,4.9999999999954525,1.523999999998614,-0.31,44,0.2,28647.899999999998,-0.31,70.81096,4687.519199999755,-25.88830991999837
2022-12-28,HENDERSON,00H,SG,252.32632575757577,252.3274621212121,5.999999999994543,1.8287999999983369,-0.31,45,1.2,4774.650000000001,-0.31,72.4203,4689.3479999997535,-25.893034319998367
2022-12-28,HENDERSON,00H,SG,252.33219696969695,252.33333333333337,5.999999999994543,1.8287999999983369,-0.31,45,1.0,5729.58,-0.31,72.4203,4691.176799999752,-25.898703599998363
2022-12-28,HENDERSON,00H,SG,252.16079545454545,252.1619318181818,5.999999999994543,1.8287999999983369,-0.31,45,1.4,4092.557142857143,-0.31,72.4203,4693.00559999975,-25.90437287999836
2022-12-28,HENDERSON,00H,SG,252.1251893939394,252.12632575757576,5.999999999994543,1.8287999999983369,-0.31,45,0.2,28647.899999999998,-0.31,72.4203,4694.834399999749,-25.910042159998355
2022-12-28,HENDERSON,00H,SG,252.1304924242424,252.1316287878788,5.999999999994543,1.8287999999983369,-0.31,45,0.4,14323.949999999999,-0.31,72.4203,4696.663199999747,-25.91571143999835
2022-12-28,HENDERSON,00H,SG,252.3274621212121,252.3287878787879,7.0000000001437,2.1336000000438,-0.31,45,1.1,5208.70909090909,-0.31,72.4203,4698.796799999791,-25.921380719998346
2022-12-28,HENDERSON,00H,SG,252.13958333333332,252.1409090909091,7.0000000001437,2.1336000000438,-0.31,45,0.7,8185.114285714286,-0.31,72.4203,4700.930399999835,-25.927994879998483
2022-12-28,HENDERSON,00H,SG,252.14280303030304,252.1443181818182,7.999999999992724,2.4383999999977823,-0.31,45,0.8,7161.974999999999,-0.31,72.4203,4703.368799999833,-25.93460903999862
2022-12-28,HENDERSON,00H,SG,252.1621212121212,252.16382575757575,8.999999999991815,2.743199999997505,-0.31,45,1.4,4092.557142857143,-0.31,72.4203,4706.11199999983,-25.942168079998613
2022-12-28,HENDERSON,00H,SG,252.3373106060606,252.33901515151516,8.999999999991815,2.743199999997505,-0.31,45,0.9,6366.2,-0.31,72.4203,4708.855199999827,-25.950671999998605
2022-12-28,HENDERSON,00H,SG,252.30852272727273,252.31022727272727,8.999999999991815,2.743199999997505,-0.31,45,1.6,3580.9874999999997,-0.31,72.4203,4711.598399999824,-25.959175919998597
2022-12-28,HENDERSON,00H,SG,252.14829545454543,252.15,8.999999999991815,2.743199999997505,-0.31,45,1.0,5729.58,-0.31,72.4203,4714.3415999998215,-25.96767983999859
2022-12-28,HENDERSON,00H,SG,252.2996212121212,252.30132575757577,8.999999999991815,2.743199999997505,-0.31,45,1.8,3183.1,-0.31,72.4203,4717.084799999819,-25.97618375999858
2022-12-28,HENDERSON,00H,SG,252.14526515151516,252.14696969696973,8.999999999991815,2.743199999997505,-0.31,45,0.9,6366.2,-0.31,72.4203,4719.827999999816,-25.984687679998572
2022-12-28,HENDERSON,00H,SG,252.3335227272727,252.33522727272728,8.999999999991815,2.743199999997505,-0.31,45,1.0,5729.58,-0.31,72.4203,4722.571199999813,-25.993191599998564
2022-12-28,HENDERSON,00H,SG,252.3297348484849,252.3316287878788,9.999999999990903,3.047999999997228,-0.31,45,1.1,5208.70909090909,-0.31,72.4203,4725.61919999981,-26.001695519998556
2022-12-28,HENDERSON,00H,SG,252.3066287878788,252.30852272727273,9.999999999990903,3.047999999997228,-0.31,45,1.7,3370.3411764705884,-0.31,72.4203,4728.667199999807,-26.011144319998547
2022-12-28,HENDERSON,00H,SG,252.3181818181818,252.32026515151512,10.999999999989996,3.3527999999969507,-0.31,45,1.4,4092.557142857143,-0.31,72.4203,4732.019999999804,-26.020593119998537
2022-12-28,HENDERSON,00H,SG,252.15795454545457,252.16041666666663,12.999999999988177,3.962399999996397,-0.31,45,1.3,4407.369230769231,-0.31,72.4203,4735.982399999801,-26.030986799998526
2022-12-28,HENDERSON,00H,SG,252.16439393939393,252.16685606060605,12.999999999988177,3.962399999996397,-0.31,45,1.5,3819.72,-0.31,72.4203,4739.944799999797,-26.043270239998517
2022-12-28,HENDERSON,00H,SG,252.1507575757576,252.1532196969697,12.999999999988177,3.962399999996397,-0.31,45,1.1,5208.70909090909,-0.31,72.4203,4743.907199999794,-26.055553679998507
2022-12-28,HENDERSON,00H,SG,252.3214015151515,252.32386363636363,12.999999999988177,3.962399999996397,-0.31,45,1.3,4407.369230769231,-0.31,72.4203,4747.869599999791,-26.067837119998497
2022-12-28,HENDERSON,00H,SG,252.3022727272727,252.30473484848488,12.999999999988177,3.962399999996397,-0.31,45,1.8,3183.1,-0.31,72.4203,4751.8319999997875,-26.080120559998488
2022-12-28,HENDERSON,00H,SG,252.31344696969697,252.31609848484848,13.999999999987269,4.267199999996119,-0.31,45,1.5,3819.72,-0.31,72.4203,4756.099199999783,-26.092403999998478
2022-12-28,HENDERSON,00H,SG,252.16780303030305,252.17045454545453,13.999999999987269,4.267199999996119,-0.31,45,1.6,3580.9874999999997,-0.31,72.4203,4760.366399999779,-26.105632319998467
2022-12-28,HENDERSON,00H,SG,252.1717803030303,252.17443181818183,14.000000000137334,4.26720000004186,-0.31,45,1.7,3370.3411764705884,-0.31,72.4203,4764.633599999821,-26.118860639998456
2022-12-28,HENDERSON,00H,SG,252.31041666666667,252.31344696969697,15.999999999985448,4.876799999995565,-0.31,45,1.6,3580.9874999999997,-0.31,72.4203,4769.510399999816,-26.132088959998587
2022-12-28,HENDERSON,00H,SG,252.15397727272727,252.15719696969697,16.99999999998454,5.181599999995288,-0.31,45,1.2,4774.650000000001,-0.31,72.4203,4774.691999999812,-26.147207039998573
2022-12-28,HENDERSON,00H,SG,252.175,252.17954545454543,23.999999999978172,7.3151999999933475,-0.31,45,1.8,3183.1,-0.31,72.4203,4782.007199999805,-26.16326999999856
2022-12-28,HENDERSON,00H,SG,252.2901515151515,252.2996212121212,50.00000000010459,15.24000000003188,-0.31,45,1.9,3015.5684210526315,-0.31,72.4203,4797.247199999837,-26.185947119998538
2022-12-28,HENDERSON,00H,SG,252.18030303030304,252.1905303030303,53.99999999995089,16.45919999998503,-0.31,45,1.9,3015.5684210526315,-0.31,72.4203,4813.706399999822,-26.233191119998637
2022-12-28,HENDERSON,00H,SG,252.1905303030303,252.2901515151515,525.9999999999718,160.3247999999914,-0.31,45,2.0,2864.79,-0.31,72.4203,4974.031199999813,-26.28421463999859
2022-12-28,HENDERSON,00H,SG,251.8380681818182,251.8382575757576,0.9999999999990904,0.3047999999997227,-0.28,44,0.0,1000000.0,-0.28,70.81096,4974.335999999813,-26.781221519998564
2022-12-28,HENDERSON,00H,SG,251.88352272727272,251.8837121212121,0.9999999999990904,0.3047999999997227,-0.28,44,0.0,1000000.0,-0.28,70.81096,4974.640799999813,-26.782074959998564
2022-12-28,HENDERSON,00H,SG,251.8433712121212,251.8435606060606,0.9999999999990904,0.3047999999997227,-0.28,44,0.0,1000000.0,-0.28,70.81096,4974.945599999813,-26.782928399998564
2022-12-28,HENDERSON,00H,SG,251.84147727272727,251.8418560606061,1.999999999998181,0.6095999999994455,-0.28,44,0.0,1000000.0,-0.28,70.81096,4975.555199999812,-26.783781839998564
2022-12-28,HENDERSON,00H,SG,251.84886363636363,251.8492424242424,1.999999999998181,0.6095999999994455,-0.28,44,0.0,1000000.0,-0.28,70.81096,4976.164799999812,-26.78548871999856
2022-12-28,HENDERSON,00H,SG,251.83446969696973,251.8348484848485,1.999999999998181,0.6095999999994455,-0.28,44,0.0,1000000.0,-0.28,70.81096,4976.774399999812,-26.787195599998558
2022-12-28,HENDERSON,00H,SG,251.84507575757576,251.84545454545457,1.999999999998181,0.6095999999994455,-0.28,44,0.0,1000000.0,-0.28,70.81096,4977.383999999812,-26.788902479998555
2022-12-28,HENDERSON,00H,SG,251.83617424242425,251.83655303030304,1.999999999998181,0.6095999999994455,-0.28,44,0.0,1000000.0,-0.28,70.81096,4977.9935999998115,-26.79060935999855
2022-12-28,HENDERSON,00H,SG,251.8577651515151,251.85833333333332,2.9999999999972715,0.9143999999991684,-0.28,44,0.0,1000000.0,-0.28,70.81096,4978.90799999981,-26.79231623999855
2022-12-28,HENDERSON,00H,SG,251.8469696969697,251.84753787878788,2.9999999999972715,0.9143999999991684,-0.28,44,0.0,1000000.0,-0.28,70.81096,4979.822399999809,-26.794876559998546
2022-12-28,HENDERSON,00H,SG,251.85056818181815,251.85113636363636,2.9999999999972715,0.9143999999991684,-0.28,44,0.0,1000000.0,-0.28,70.81096,4980.736799999808,-26.797436879998543
2022-12-28,HENDERSON,00H,SG,251.8685606060606,251.8691287878788,2.9999999999972715,0.9143999999991684,-0.28,44,0.0,1000000.0,-0.28,70.81096,4981.6511999998065,-26.79999719999854
2022-12-28,HENDERSON,00H,SG,251.8558712121212,251.85643939393935,2.9999999999972715,0.9143999999991684,-0.28,44,0.0,1000000.0,-0.28,70.81096,4982.565599999805,-26.802557519998537
2022-12-28,HENDERSON,00H,SG,251.88579545454544,251.88636363636363,2.9999999999972715,0.9143999999991684,-0.28,43,0.0,1000000.0,-0.28,69.20162,4983.479999999804,-26.805117839998534
2022-12-28,HENDERSON,00H,SG,251.8875,251.88806818181817,2.9999999999972715,0.9143999999991684,-0.28,43,0.0,1000000.0,-0.28,69.20162,4984.394399999803,-26.80767815999853
2022-12-28,HENDERSON,00H,SG,251.87859848484848,251.87916666666663,2.9999999999972715,0.9143999999991684,-0.28,43,0.0,1000000.0,-0.28,69.20162,4985.3087999998015,-26.810238479998528
2022-12-28,HENDERSON,00H,SG,251.875,251.87556818181815,2.9999999999972715,0.9143999999991684,-0.28,43,0.0,1000000.0,-0.28,69.20162,4986.2231999998,-26.812798799998525
2022-12-28,HENDERSON,00H,SG,251.86496212121213,251.86571969696973,3.999999999996362,1.2191999999988912,-0.28,44,0.0,1000000.0,-0.28,70.81096,4987.442399999799,-26.815359119998522
2022-12-28,HENDERSON,00H,SG,251.86666666666667,251.86742424242425,3.999999999996362,1.2191999999988912,-0.28,44,0.0,1000000.0,-0.28,70.81096,4988.6615999997975,-26.81877287999852
2022-12-28,HENDERSON,00H,SG,251.87026515151516,251.87102272727273,3.999999999996362,1.2191999999988912,-0.28,44,0.0,1000000.0,-0.28,70.81096,4989.880799999796,-26.822186639998517
2022-12-28,HENDERSON,00H,SG,251.85227272727272,251.85303030303027,3.999999999996362,1.2191999999988912,-0.28,44,0.0,1000000.0,-0.28,70.81096,4991.099999999795,-26.825600399998514
2022-12-28,HENDERSON,00H,SG,251.8539772727273,251.85473484848484,3.999999999996362,1.2191999999988912,-0.28,44,0.0,1000000.0,-0.28,70.81096,4992.319199999793,-26.82901415999851
2022-12-28,HENDERSON,00H,SG,251.8594696969697,251.8602272727273,3.999999999996362,1.2191999999988912,-0.28,44,0.0,1000000.0,-0.28,70.81096,4993.538399999792,-26.83242791999851
2022-12-28,HENDERSON,00H,SG,251.8810606060606,251.88181818181815,3.999999999996362,1.2191999999988912,-0.28,44,0.0,1000000.0,-0.28,70.81096,4994.757599999791,-26.835841679998506
2022-12-28,HENDERSON,00H,SG,251.86136363636365,251.8621212121212,3.999999999996362,1.2191999999988912,-0.28,44,0.0,1000000.0,-0.28,70.81096,4995.976799999789,-26.839255439998503
2022-12-28,HENDERSON,00H,SG,251.87291666666667,251.87367424242424,3.999999999996362,1.2191999999988912,-0.28,43,0.0,1000000.0,-0.28,69.20162,4997.195999999788,-26.8426691999985
2022-12-28,HENDERSON,00H,SG,251.88030303030305,251.8810606060606,3.999999999996362,1.2191999999988912,-0.28,43,0.0,1000000.0,-0.28,69.20162,4998.415199999787,-26.846082959998498
2022-12-28,HENDERSON,00H,SG,251.87670454545457,251.87746212121212,3.999999999996362,1.2191999999988912,-0.28,43,0.0,1000000.0,-0.28,69.20162,4999.634399999785,-26.849496719998495
2022-12-28,HENDERSON,00H,SG,251.88939393939393,251.8901515151515,3.999999999996362,1.2191999999988912,-0.28,43,0.0,1000000.0,-0.28,69.20162,5000.853599999784,-26.852910479998492
2022-12-28,HENDERSON,00H,SG,251.86401515151516,251.86496212121213,4.9999999999954525,1.523999999998614,-0.28,43,0.0,1000000.0,-0.28,69.20162,5002.377599999782,-26.85632423999849
2022-12-28,HENDERSON,00H,SG,251.86571969696973,251.86666666666667,4.9999999999954525,1.523999999998614,-0.28,43,0.0,1000000.0,-0.28,69.20162,5003.901599999781,-26.860591439998487
2022-12-28,HENDERSON,00H,SG,251.8837121212121,251.88465909090908,4.9999999999954525,1.523999999998614,-0.28,43,0.0,1000000.0,-0.28,69.20162,5005.4255999997795,-26.864858639998484
2022-12-28,HENDERSON,00H,SG,251.8621212121212,251.8630681818182,4.9999999999954525,1.523999999998614,-0.28,43,0.0,1000000.0,-0.28,69.20162,5006.949599999778,-26.869125839998482
2022-12-28,HENDERSON,00H,SG,251.87102272727273,251.8719696969697,4.9999999999954525,1.523999999998614,-0.28,43,0.0,1000000.0,-0.28,69.20162,5008.4735999997765,-26.87339303999848
2022-12-28,HENDERSON,00H,SG,251.8630681818182,251.86401515151516,4.9999999999954525,1.523999999998614,-0.28,44,0.0,1000000.0,-0.28,70.81096,5009.997599999775,-26.877660239998477
2022-12-28,HENDERSON,00H,SG,251.85303030303027,251.8539772727273,4.9999999999954525,1.523999999998614,-0.28,43,0.0,1000000.0,-0.28,69.20162,5011.521599999774,-26.881927439998474
2022-12-28,HENDERSON,00H,SG,251.8719696969697,251.87291666666667,4.9999999999954525,1.523999999998614,-0.28,44,0.0,1000000.0,-0.28,70.81096,5013.045599999772,-26.88619463999847
2022-12-28,HENDERSON,00H,SG,251.8602272727273,251.86136363636365,5.999999999994543,1.8287999999983369,-0.28,43,0.0,1000000.0,-0.28,69.20162,5014.8743999997705,-26.89046183999847
2022-12-28,HENDERSON,00H,SG,251.88465909090908,251.88579545454544,5.999999999994543,1.8287999999983369,-0.28,44,0.0,1000000.0,-0.28,70.81096,5016.703199999769,-26.895582479998463
2022-12-28,HENDERSON,00H,SG,251.88825757575756,251.88939393939393,5.999999999994543,1.8287999999983369,-0.28,44,0.0,1000000.0,-0.28,70.81096,5018.531999999767,-26.900703119998457
2022-12-28,HENDERSON,00H,SG,251.85833333333332,251.85946969696968,5.999999999994543,1.8287999999983369,-0.28,43,0.0,1000000.0,-0.28,69.20162,5020.360799999766,-26.90582375999845
2022-12-28,HENDERSON,00H,SG,251.8691287878788,251.87026515151516,5.999999999994543,1.8287999999983369,-0.28,43,0.0,1000000.0,-0.28,69.20162,5022.189599999764,-26.910944399998446
2022-12-28,HENDERSON,00H,SG,251.87746212121212,251.87859848484848,5.999999999994543,1.8287999999983369,-0.28,44,0.0,1000000.0,-0.28,70.81096,5024.018399999763,-26.91606503999844
2022-12-28,HENDERSON,00H,SG,251.85113636363636,251.85227272727272,5.999999999994543,1.8287999999983369,-0.28,43,0.0,1000000.0,-0.28,69.20162,5025.847199999761,-26.921185679998434
2022-12-28,HENDERSON,00H,SG,251.86742424242425,251.8685606060606,5.999999999994543,1.8287999999983369,-0.28,43,0.0,1000000.0,-0.28,69.20162,5027.675999999759,-26.926306319998428
2022-12-28,HENDERSON,00H,SG,251.87556818181815,251.87670454545457,5.999999999994543,1.8287999999983369,-0.28,44,0.0,1000000.0,-0.28,70.81096,5029.504799999758,-26.931426959998422
2022-12-28,HENDERSON,00H,SG,251.88636363636363,251.8875,5.999999999994543,1.8287999999983369,-0.28,44,0.0,1000000.0,-0.28,70.81096,5031.333599999756,-26.936547599998416
2022-12-28,HENDERSON,00H,SG,251.85473484848484,251.8558712121212,5.999999999994543,1.8287999999983369,-0.28,43,0.0,1000000.0,-0.28,69.20162,5033.162399999755,-26.94166823999841
2022-12-28,HENDERSON,00H,SG,251.87916666666663,251.88030303030305,5.999999999994543,1.8287999999983369,-0.28,44,0.0,1000000.0,-0.28,70.81096,5034.991199999753,-26.946788879998405
2022-12-28,HENDERSON,00H,SG,251.8348484848485,251.83617424242425,6.9999999999936335,2.1335999999980597,-0.28,43,0.0,1000000.0,-0.28,69.20162,5037.124799999751,-26.9519095199984
2022-12-28,HENDERSON,00H,SG,251.85643939393935,251.8577651515151,6.9999999999936335,2.1335999999980597,-0.28,43,0.0,1000000.0,-0.28,69.20162,5039.25839999975,-26.957883599998393
2022-12-28,HENDERSON,00H,SG,251.87367424242424,251.875,6.9999999999936335,2.1335999999980597,-0.28,44,0.0,1000000.0,-0.28,70.81096,5041.391999999748,-26.963857679998387
2022-12-28,HENDERSON,00H,SG,251.84753787878788,251.84886363636363,6.9999999999936335,2.1335999999980597,-0.28,43,0.0,1000000.0,-0.28,69.20162,5043.525599999746,-26.96983175999838
2022-12-28,HENDERSON,00H,SG,251.8492424242424,251.85056818181815,6.9999999999936335,2.1335999999980597,-0.28,43,0.0,1000000.0,-0.28,69.20162,5045.6591999997445,-26.975805839998376
2022-12-28,HENDERSON,00H,SG,251.83655303030304,251.8380681818182,7.999999999992724,2.4383999999977823,-0.28,43,0.0,1000000.0,-0.28,69.20162,5048.097599999743,-26.98177991999837
2022-12-28,HENDERSON,00H,SG,251.84545454545457,251.8469696969697,7.999999999992724,2.4383999999977823,-0.28,43,0.0,1000000.0,-0.28,69.20162,5050.535999999741,-26.988607439998365
2022-12-28,HENDERSON,00H,SG,251.8418560606061,251.8433712121212,7.999999999992724,2.4383999999977823,-0.28,43,0.0,1000000.0,-0.28,69.20162,5052.974399999739,-26.99543495999836
2022-12-28,HENDERSON,00H,SG,251.8435606060606,251.84507575757576,7.999999999992724,2.4383999999977823,-0.28,43,0.0,1000000.0,-0.28,69.20162,5055.412799999737,-27.002262479998354
2022-12-28,HENDERSON,00H,SG,251.88181818181815,251.88352272727272,8.999999999991815,2.743199999997505,-0.28,43,0.0,1000000.0,-0.28,69.20162,5058.155999999734,-27.00908999999835
2022-12-28,HENDERSON,00H,SG,251.8382575757576,251.84147727272727,16.99999999998454,5.181599999995288,-0.28,43,0.0,1000000.0,-0.28,69.20162,5063.33759999973,-27.016770959998343
2022-12-28,HENDERSON,00H,SG,251.81003787878788,251.83446969696973,129.00000000003274,39.31920000000998,-0.28,43,0.0,1000000.0,-0.28,69.20162,5102.65679999974,-27.03127943999833
2022-12-28,HENDERSON,00H,SG,247.57007575757575,247.57026515151512,0.9999999999990904,0.3047999999997227,-0.27,37,-0.8,7161.974999999999,-0.27,59.54558,5102.9615999997395,-27.141373199998355
2022-12-28,HENDERSON,00H,SG,247.5785984848485,247.5787878787879,0.9999999999990904,0.3047999999997227,-0.27,38,-0.6,9549.300000000001,-0.27,61.15492,5103.266399999739,-27.142196159998356
2022-12-28,HENDERSON,00H,SG,247.58257575757577,247.58276515151516,0.9999999999990904,0.3047999999997227,-0.27,38,-0.4,14323.949999999999,-0.27,61.15492,5103.571199999739,-27.143019119998357
2022-12-28,HENDERSON,00H,SG,247.575,247.57518939393935,0.9999999999990904,0.3047999999997227,-0.27,38,-0.7,8185.114285714286,-0.27,61.15492,5103.875999999739,-27.143842079998358
2022-12-28,HENDERSON,00H,SG,247.5503787878788,247.5505681818182,0.9999999999990904,0.3047999999997227,-0.27,38,-1.0,5729.58,-0.27,61.15492,5104.180799999739,-27.14466503999836
2022-12-28,HENDERSON,00H,SG,247.58636363636364,247.58655303030304,0.9999999999990904,0.3047999999997227,-0.27,37,-0.4,14323.949999999999,-0.27,59.54558,5104.485599999739,-27.14548799999836
2022-12-28,HENDERSON,00H,SG,247.5787878787879,247.5789772727273,0.9999999999990904,0.3047999999997227,-0.27,38,-0.5,11459.16,-0.27,61.15492,5104.790399999739,-27.14631095999836
2022-12-28,HENDERSON,00H,SG,247.56969696969696,247.57007575757575,1.999999999998181,0.6095999999994455,-0.27,38,-0.8,7161.974999999999,-0.27,61.15492,5105.399999999739,-27.14713391999836
2022-12-28,HENDERSON,00H,SG,247.57518939393935,247.57556818181817,1.999999999998181,0.6095999999994455,-0.27,38,-0.6,9549.300000000001,-0.27,61.15492,5106.009599999738,-27.148779839998358
2022-12-28,HENDERSON,00H,SG,247.57689393939393,247.5772727272727,1.999999999998181,0.6095999999994455,-0.27,38,-0.6,9549.300000000001,-0.27,61.15492,5106.619199999738,-27.150425759998356
2022-12-28,HENDERSON,00H,SG,247.58409090909092,247.58446969696973,1.999999999998181,0.6095999999994455,-0.27,38,-0.4,14323.949999999999,-0.27,61.15492,5107.228799999738,-27.152071679998354
2022-12-28,HENDERSON,00H,SG,247.5643939393939,247.56477272727273,1.999999999998181,0.6095999999994455,-0.27,38,-0.8,7161.974999999999,-0.27,61.15492,5107.838399999738,-27.15371759999835
2022-12-28,HENDERSON,00H,SG,247.58977272727273,247.59015151515152,1.999999999998181,0.6095999999994455,-0.27,37,-0.3,19098.600000000002,-0.27,59.54558,5108.4479999997375,-27.15536351999835
2022-12-28,HENDERSON,00H,SG,247.5820075757576,247.58257575757577,2.9999999999972715,0.9143999999991684,-0.27,38,-0.5,11459.16,-0.27,61.15492,5109.362399999736,-27.157009439998347
2022-12-28,HENDERSON,00H,SG,247.58579545454543,247.58636363636364,2.9999999999972715,0.9143999999991684,-0.27,38,-0.4,14323.949999999999,-0.27,61.15492,5110.276799999735,-27.159478319998346
2022-12-28,HENDERSON,00H,SG,247.5875,247.5880681818182,2.9999999999972715,0.9143999999991684,-0.27,38,-0.3,19098.600000000002,-0.27,61.15492,5111.191199999734,-27.161947199998345
2022-12-28,HENDERSON,00H,SG,247.56780303030305,247.5683712121212,2.9999999999972715,0.9143999999991684,-0.27,38,-0.8,7161.974999999999,-0.27,61.15492,5112.1055999997325,-27.164416079998343
2022-12-28,HENDERSON,00H,SG,247.58920454545455,247.58977272727273,2.9999999999972715,0.9143999999991684,-0.27,38,-0.3,19098.600000000002,-0.27,61.15492,5113.019999999731,-27.16688495999834
2022-12-28,HENDERSON,00H,SG,247.5714015151515,247.5719696969697,2.9999999999972715,0.9143999999991684,-0.27,38,-0.7,8185.114285714286,-0.27,61.15492,5113.93439999973,-27.16935383999834
2022-12-28,HENDERSON,00H,SG,247.56609848484848,247.56685606060609,3.999999999996362,1.2191999999988912,-0.27,38,-0.8,7161.974999999999,-0.27,61.15492,5115.153599999729,-27.17182271999834
2022-12-28,HENDERSON,00H,SG,247.57310606060605,247.57386363636363,3.999999999996362,1.2191999999988912,-0.27,38,-0.7,8185.114285714286,-0.27,61.15492,5116.372799999727,-27.175114559998335
2022-12-28,HENDERSON,00H,SG,247.58030303030304,247.58106060606065,3.999999999996362,1.2191999999988912,-0.27,38,-0.5,11459.16,-0.27,61.15492,5117.591999999726,-27.17840639999833
2022-12-28,HENDERSON,00H,SG,247.58106060606065,247.5820075757576,4.9999999999954525,1.523999999998614,-0.27,37,-0.5,11459.16,-0.27,59.54558,5119.115999999724,-27.181698239998326
2022-12-28,HENDERSON,00H,SG,247.58655303030304,247.5875,4.9999999999954525,1.523999999998614,-0.27,37,-0.3,19098.600000000002,-0.27,59.54558,5120.639999999723,-27.185813039998322
2022-12-28,HENDERSON,00H,SG,247.56685606060609,247.56780303030305,4.9999999999954525,1.523999999998614,-0.27,37,-0.8,7161.974999999999,-0.27,59.54558,5122.163999999721,-27.18992783999832
2022-12-28,HENDERSON,00H,SG,247.5719696969697,247.57310606060605,5.999999999994543,1.8287999999983369,-0.27,37,-0.7,8185.114285714286,-0.27,59.54558,5123.99279999972,-27.194042639998315
2022-12-28,HENDERSON,00H,SG,247.5880681818182,247.58920454545455,5.999999999994543,1.8287999999983369,-0.27,37,-0.3,19098.600000000002,-0.27,59.54558,5125.821599999718,-27.198980399998312
2022-12-28,HENDERSON,00H,SG,247.57026515151512,247.5714015151515,5.999999999994543,1.8287999999983369,-0.27,37,-0.7,8185.114285714286,-0.27,59.54558,5127.650399999717,-27.20391815999831
2022-12-28,HENDERSON,00H,SG,247.57386363636363,247.575,5.999999999994543,1.8287999999983369,-0.27,37,-0.7,8185.114285714286,-0.27,59.54558,5129.479199999715,-27.208855919998307
2022-12-28,HENDERSON,00H,SG,247.5683712121212,247.56969696969696,6.9999999999936335,2.1335999999980597,-0.27,37,-0.8,7161.974999999999,-0.27,59.54558,5131.612799999713,-27.213793679998304
2022-12-28,HENDERSON,00H,SG,247.58276515151516,247.58409090909092,6.9999999999936335,2.1335999999980597,-0.27,37,-0.4,14323.949999999999,-0.27,59.54558,5133.746399999712,-27.219554399998298
2022-12-28,HENDERSON,00H,SG,247.58446969696973,247.58579545454543,6.9999999999936335,2.1335999999980597,-0.27,37,-0.4,14323.949999999999,-0.27,59.54558,5135.87999999971,-27.225315119998292
2022-12-28,HENDERSON,00H,SG,247.5789772727273,247.58030303030304,6.9999999999936335,2.1335999999980597,-0.27,37,-0.5,11459.16,-0.27,59.54558,5138.013599999708,-27.231075839998287
2022-12-28,HENDERSON,00H,SG,247.56477272727273,247.56609848484848,6.9999999999936335,2.1335999999980597,-0.27,37,-0.8,7161.974999999999,-0.27,59.54558,5140.147199999707,-27.23683655999828
2022-12-28,HENDERSON,00H,SG,247.57556818181817,247.57689393939393,6.9999999999936335,2.1335999999980597,-0.27,37,-0.6,9549.300000000001,-0.27,59.54558,5142.280799999705,-27.242597279998275
2022-12-28,HENDERSON,00H,SG,247.5772727272727,247.5785984848485,7.0000000001437,2.1336000000438,-0.27,37,-0.6,9549.300000000001,-0.27,59.54558,5144.414399999749,-27.24835799999827
2022-12-28,HENDERSON,00H,SG,247.5505681818182,247.55265151515152,10.999999999989996,3.3527999999969507,-0.27,37,-1.0,5729.58,-0.27,59.54558,5147.767199999746,-27.254118719998388
2022-12-28,HENDERSON,00H,SG,247.5621212121212,247.5643939393939,11.999999999989086,3.6575999999966737,-0.27,37,-0.8,7161.974999999999,-0.27,59.54558,5151.424799999742,-27.263171279998378
2022-12-28,HENDERSON,00H,SG,247.55265151515152,247.5621212121212,49.999999999954525,15.23999999998614,-0.27,37,-0.9,6366.2,-0.27,59.54558,5166.6647999997285,-27.27304679999837
2022-12-28,HENDERSON,00H,SG,247.53958333333333,247.5503787878788,57.000000000098225,17.37360000002994,-0.27,37,-1.0,5729.58,-0.27,59.54558,5184.038399999758,-27.314194799998333
2022-12-28,HENDERSON,00H,SG,247.52007575757577,247.53958333333333,102.99999999990632,31.394399999971448,-0.27,37,-1.1,5208.70909090909,-0.27,59.54558,5215.4327999997295,-27.361103519998412
2022-12-28,HENDERSON,00H,SG,247.43977272727273,247.43996212121212,0.9999999999990904,0.3047999999997227,-0.25,37,-0.6,9549.300000000001,-0.25,59.54558,5215.737599999729,-27.445868399998336
2022-12-28,HENDERSON,00H,SG,249.1844696969697,249.1846590909091,0.9999999999990904,0.3047999999997227,-0.25,43,2.8,2046.2785714285715,-0.25,69.20162,5216.042399999729,-27.446630399998334
2022-12-28,HENDERSON,00H,SG,247.46401515151516,247.46420454545455,0.9999999999990904,0.3047999999997227,-0.25,37,-1.1,5208.70909090909,-0.25,59.54558,5216.347199999729,-27.447392399998332
2022-12-28,HENDERSON,00H,SG,249.17973484848488,249.17992424242425,0.9999999999990904,0.3047999999997227,-0.25,43,2.8,2046.2785714285715,-0.25,69.20162,5216.651999999729,-27.44815439999833
2022-12-28,HENDERSON,00H,SG,249.1875,249.1876893939394,0.9999999999990904,0.3047999999997227,-0.25,43,2.7,2122.0666666666666,-0.25,69.20162,5216.956799999729,-27.44891639999833
2022-12-28,HENDERSON,00H,SG,247.44886363636363,247.44905303030305,0.9999999999990904,0.3047999999997227,-0.25,37,-0.8,7161.974999999999,-0.25,59.54558,5217.261599999729,-27.449678399998326
2022-12-28,HENDERSON,00H,SG,249.1842803030303,249.1844696969697,0.9999999999990904,0.3047999999997227,-0.25,43,2.7,2122.0666666666666,-0.25,69.20162,5217.566399999729,-27.450440399998325
2022-12-28,HENDERSON,00H,SG,249.17481060606065,249.175,0.9999999999990904,0.3047999999997227,-0.25,43,3.0,1909.86,-0.25,69.20162,5217.871199999729,-27.451202399998323
2022-12-28,HENDERSON,00H,SG,247.43655303030303,247.4367424242424,0.9999999999990904,0.3047999999997227,-0.25,37,-0.5,11459.16,-0.25,59.54558,5218.175999999728,-27.45196439999832
2022-12-28,HENDERSON,00H,SG,247.5164772727273,247.51666666666668,0.9999999999990904,0.3047999999997227,-0.25,38,-1.1,5208.70909090909,-0.25,61.15492,5218.480799999728,-27.45272639999832
2022-12-28,HENDERSON,00H,SG,247.44905303030305,247.4492424242424,0.9999999999990904,0.3047999999997227,-0.25,37,-0.7,8185.114285714286,-0.25,59.54558,5218.785599999728,-27.453488399998317
2022-12-28,HENDERSON,00H,SG,249.18693181818185,249.1875,2.9999999999972715,0.9143999999991684,-0.25,43,2.6,2203.6846153846154,-0.25,69.20162,5219.699999999727,-27.454250399998315
2022-12-28,HENDERSON,00H,SG,247.4367424242424,247.4373106060606,2.9999999999972715,0.9143999999991684,-0.25,37,-0.4,14323.949999999999,-0.25,59.54558,5220.614399999726,-27.456536399998313
2022-12-28,HENDERSON,00H,SG,247.46420454545455,247.46496212121212,3.999999999996362,1.2191999999988912,-0.25,37,-1.0,5729.58,-0.25,59.54558,5221.833599999724,-27.45882239999831
2022-12-28,HENDERSON,00H,SG,249.17992424242425,249.18068181818185,3.999999999996362,1.2191999999988912,-0.25,43,2.9,1975.7172413793103,-0.25,69.20162,5223.052799999723,-27.461870399998308
2022-12-28,HENDERSON,00H,SG,249.19886363636363,249.2,5.999999999994543,1.8287999999983369,-0.25,43,2.2,2604.354545454545,-0.25,69.20162,5224.881599999721,-27.464918399998304
2022-12-28,HENDERSON,00H,SG,249.1734848484849,249.17481060606065,6.9999999999936335,2.1335999999980597,-0.25,43,2.9,1975.7172413793103,-0.25,69.20162,5227.01519999972,-27.4694903999983
2022-12-28,HENDERSON,00H,SG,247.43996212121212,247.44147727272727,7.999999999992724,2.4383999999977823,-0.25,37,-0.5,11459.16,-0.25,59.54558,5229.453599999718,-27.474824399998294
2022-12-28,HENDERSON,00H,SG,249.1846590909091,249.18693181818185,11.999999999989086,3.6575999999966737,-0.25,43,2.7,2122.0666666666666,-0.25,69.20162,5233.111199999715,-27.48092039999829
2022-12-28,HENDERSON,00H,SG,247.4373106060606,247.43977272727273,12.999999999988177,3.962399999996397,-0.25,37,-0.5,11459.16,-0.25,59.54558,5237.073599999711,-27.490064399998282
2022-12-28,HENDERSON,00H,SG,249.1876893939394,249.1903409090909,13.999999999987269,4.267199999996119,-0.25,43,2.6,2203.6846153846154,-0.25,69.20162,5241.340799999707,-27.499970399998272
2022-12-28,HENDERSON,00H,SG,249.19602272727272,249.19886363636363,14.999999999986358,4.571999999995842,-0.25,43,2.3,2491.121739130435,-0.25,69.20162,5245.912799999703,-27.510638399998264
2022-12-28,HENDERSON,00H,SG,249.1931818181818,249.19602272727272,14.999999999986358,4.571999999995842,-0.25,43,2.4,2387.3250000000003,-0.25,69.20162,5250.484799999698,-27.522068399998254
2022-12-28,HENDERSON,00H,SG,249.1903409090909,249.1931818181818,14.999999999986358,4.571999999995842,-0.25,43,2.5,2291.832,-0.25,69.20162,5255.056799999694,-27.533498399998244
2022-12-28,HENDERSON,00H,SG,247.43371212121212,247.43655303030303,14.999999999986358,4.571999999995842,-0.25,37,-0.4,14323.949999999999,-0.25,59.54558,5259.628799999689,-27.544928399998234
2022-12-28,HENDERSON,00H,SG,247.51666666666668,247.52007575757577,17.99999999998363,5.48639999999501,-0.25,37,-1.1,5208.70909090909,-0.25,59.54558,5265.115199999685,-27.556358399998224
2022-12-28,HENDERSON,00H,SG,247.44526515151512,247.44886363636363,18.99999999998272,5.791199999994733,-0.25,37,-0.7,8185.114285714286,-0.25,59.54558,5270.90639999968,-27.570074399998212
2022-12-28,HENDERSON,00H,SG,249.18068181818185,249.1842803030303,18.99999999998272,5.791199999994733,-0.25,43,2.8,2046.2785714285715,-0.25,69.20162,5276.697599999675,-27.5845523999982
2022-12-28,HENDERSON,00H,SG,247.44147727272727,247.44526515151512,19.99999999998181,6.095999999994456,-0.25,37,-0.6,9549.300000000001,-0.25,59.54558,5282.793599999669,-27.599030399998185
2022-12-28,HENDERSON,00H,SG,247.4492424242424,247.4537878787879,24.00000000012824,7.315200000039088,-0.25,37,-0.8,7161.974999999999,-0.25,59.54558,5290.108799999708,-27.61427039999817
2022-12-28,HENDERSON,00H,SG,249.175,249.17973484848488,24.999999999977263,7.61999999999307,-0.25,43,2.9,1975.7172413793103,-0.25,69.20162,5297.728799999701,-27.632558399998267
2022-12-28,HENDERSON,00H,SG,247.4537878787879,247.45871212121213,25.999999999976353,7.924799999992792,-0.25,37,-0.9,6366.2,-0.25,59.54558,5305.653599999693,-27.65160839999825
2022-12-28,HENDERSON,00H,SG,247.45871212121213,247.46401515151516,27.999999999974538,8.534399999992239,-0.25,37,-1.0,5729.58,-0.25,59.54558,5314.187999999685,-27.67142039999823
2022-12-28,HENDERSON,00H,SG,247.4280303030303,247.43371212121212,29.999999999972715,9.143999999991685,-0.25,37,-0.3,19098.600000000002,-0.25,59.54558,5323.3319999996775,-27.69275639999821
2022-12-28,HENDERSON,00H,SG,247.4221590909091,247.4280303030303,30.99999999997181,9.448799999991406,-0.25,37,-0.2,28647.899999999998,-0.25,59.54558,5332.7807999996685,-27.71561639999819
2022-12-28,HENDERSON,00H,SG,247.4125,247.4221590909091,51.00000000010368,15.544800000031604,-0.25,37,-0.1,57295.799999999996,-0.25,59.54558,5348.3255999997,-27.739238399998168
2022-12-28,HENDERSON,00H,SG,249.1401515151515,249.15416666666667,74.00000000008276,22.555200000025227,-0.25,43,3.1,1848.2516129032258,-0.25,69.20162,5370.880799999725,-27.778100399998248
2022-12-28,HENDERSON,00H,SG,249.15416666666667,249.1734848484849,102.0000000000573,31.089600000017462,-0.25,43,3.0,1909.86,-0.25,69.20162,5401.970399999743,-27.83448839999831
2022-12-28,HENDERSON,00H,SG,247.46496212121212,247.5164772727273,272.00000000005275,82.90560000001608,-0.25,37,-1.1,5208.70909090909,-0.25,59.54558,5484.875999999759,-27.912212399998353
2022-12-28,HENDERSON,00H,SG,247.34015151515152,247.4125,381.9999999999527,116.4335999999856,-0.25,37,0.0,1000000.0,-0.25,59.54558,5601.309599999745,-28.119476399998394
2022-12-28,HENDERSON,00H,SG,248.1592803030303,248.1594696969697,0.9999999999990904,0.3047999999997227,-0.21,41,3.0,1909.86,-0.21,65.98294,5601.614399999745,-28.410560399998356
2022-12-28,HENDERSON,00H,SG,248.2047348484849,248.20492424242423,0.9999999999990904,0.3047999999997227,-0.21,40,3.1,1848.2516129032258,-0.21,64.3736,5601.919199999745,-28.411200479998357
2022-12-28,HENDERSON,00H,SG,248.20833333333337,248.2085227272727,0.9999999999990904,0.3047999999997227,-0.21,40,3.1,1848.2516129032258,-0.21,64.3736,5602.223999999745,-28.411840559998357
2022-12-28,HENDERSON,00H,SG,248.2064393939394,248.2066287878788,0.9999999999990904,0.3047999999997227,-0.21,40,3.1,1848.2516129032258,-0.21,64.3736,5602.5287999997445,-28.412480639998357
2022-12-28,HENDERSON,00H,SG,248.19753787878787,248.1977272727273,0.9999999999990904,0.3047999999997227,-0.21,40,3.1,1848.2516129032258,-0.21,64.3736,5602.833599999744,-28.413120719998357
2022-12-28,HENDERSON,00H,SG,248.1628787878788,248.16306818181815,0.9999999999990904,0.3047999999997227,-0.21,41,3.0,1909.86,-0.21,65.98294,5603.138399999744,-28.413760799998357
2022-12-28,HENDERSON,00H,SG,248.2028409090909,248.20321969696968,1.999999999998181,0.6095999999994455,-0.21,40,3.1,1848.2516129032258,-0.21,64.3736,5603.747999999744,-28.414400879998357
2022-12-28,HENDERSON,00H,SG,248.1714015151515,248.1717803030303,1.999999999998181,0.6095999999994455,-0.21,41,3.0,1909.86,-0.21,65.98294,5604.357599999744,-28.415681039998358
2022-12-28,HENDERSON,00H,SG,248.18295454545455,248.18333333333337,1.999999999998181,0.6095999999994455,-0.21,40,3.0,1909.86,-0.21,64.3736,5604.967199999744,-28.416961199998358
2022-12-28,HENDERSON,00H,SG,248.19564393939393,248.19602272727272,1.999999999998181,0.6095999999994455,-0.21,40,3.1,1848.2516129032258,-0.21,64.3736,5605.576799999743,-28.41824135999836
2022-12-28,HENDERSON,00H,SG,248.1679924242424,248.1683712121212,1.999999999998181,0.6095999999994455,-0.21,41,3.0,1909.86,-0.21,65.98294,5606.186399999743,-28.41952151999836
2022-12-28,HENDERSON,00H,SG,248.16628787878787,248.16666666666663,1.999999999998181,0.6095999999994455,-0.21,41,3.0,1909.86,-0.21,65.98294,5606.795999999743,-28.42080167999836
2022-12-28,HENDERSON,00H,SG,248.175,248.1755681818182,2.9999999999972715,0.9143999999991684,-0.21,41,3.0,1909.86,-0.21,65.98294,5607.710399999742,-28.42208183999836
2022-12-28,HENDERSON,00H,SG,248.16969696969696,248.1702651515151,2.9999999999972715,0.9143999999991684,-0.21,41,3.0,1909.86,-0.21,65.98294,5608.62479999974,-28.424002079998356
2022-12-28,HENDERSON,00H,SG,248.18390151515152,248.1844696969697,2.9999999999972715,0.9143999999991684,-0.21,41,3.1,1848.2516129032258,-0.21,65.98294,5609.539199999739,-28.425922319998353
2022-12-28,HENDERSON,00H,SG,248.18333333333337,248.18390151515152,2.9999999999972715,0.9143999999991684,-0.21,40,3.1,1848.2516129032258,-0.21,64.3736,5610.453599999738,-28.42784255999835
2022-12-28,HENDERSON,00H,SG,248.17329545454547,248.17386363636365,2.9999999999972715,0.9143999999991684,-0.21,41,3.0,1909.86,-0.21,65.98294,5611.367999999737,-28.429762799998347
2022-12-28,HENDERSON,00H,SG,248.1992424242424,248.1998106060606,2.9999999999972715,0.9143999999991684,-0.21,40,3.1,1848.2516129032258,-0.21,64.3736,5612.282399999735,-28.431683039998344
2022-12-28,HENDERSON,00H,SG,248.19375,248.19431818181815,2.9999999999972715,0.9143999999991684,-0.21,40,3.1,1848.2516129032258,-0.21,64.3736,5613.196799999734,-28.43360327999834
2022-12-28,HENDERSON,00H,SG,248.1882575757576,248.18901515151515,3.999999999996362,1.2191999999988912,-0.21,40,3.1,1848.2516129032258,-0.21,64.3736,5614.415999999733,-28.435523519998338
2022-12-28,HENDERSON,00H,SG,248.1784090909091,248.17916666666667,3.999999999996362,1.2191999999988912,-0.21,41,3.0,1909.86,-0.21,65.98294,5615.635199999731,-28.438083839998335
2022-12-28,HENDERSON,00H,SG,248.20075757575756,248.2015151515151,3.999999999996362,1.2191999999988912,-0.21,40,3.1,1848.2516129032258,-0.21,64.3736,5616.85439999973,-28.44064415999833
2022-12-28,HENDERSON,00H,SG,248.17670454545456,248.17746212121213,3.999999999996362,1.2191999999988912,-0.21,41,3.0,1909.86,-0.21,65.98294,5618.073599999729,-28.44320447999833
2022-12-28,HENDERSON,00H,SG,248.1856060606061,248.18636363636364,3.999999999996362,1.2191999999988912,-0.21,41,3.1,1848.2516129032258,-0.21,65.98294,5619.292799999727,-28.445764799998326
2022-12-28,HENDERSON,00H,SG,248.18030303030304,248.1810606060606,3.999999999996362,1.2191999999988912,-0.21,41,3.0,1909.86,-0.21,65.98294,5620.511999999726,-28.448325119998323
2022-12-28,HENDERSON,00H,SG,248.19185606060609,248.19261363636363,3.999999999996362,1.2191999999988912,-0.21,40,3.1,1848.2516129032258,-0.21,64.3736,5621.731199999725,-28.45088543999832
2022-12-28,HENDERSON,00H,SG,248.1998106060606,248.20075757575756,4.9999999999954525,1.523999999998614,-0.21,41,3.1,1848.2516129032258,-0.21,65.98294,5623.255199999723,-28.453445759998317
2022-12-28,HENDERSON,00H,SG,248.1820075757576,248.18295454545455,4.9999999999954525,1.523999999998614,-0.21,41,3.0,1909.86,-0.21,65.98294,5624.779199999722,-28.456646159998314
2022-12-28,HENDERSON,00H,SG,248.18636363636364,248.1873106060606,4.9999999999954525,1.523999999998614,-0.21,40,3.1,1848.2516129032258,-0.21,64.3736,5626.30319999972,-28.45984655999831
2022-12-28,HENDERSON,00H,SG,248.17746212121213,248.1784090909091,4.9999999999954525,1.523999999998614,-0.21,40,3.0,1909.86,-0.21,64.3736,5627.827199999719,-28.46304695999831
2022-12-28,HENDERSON,00H,SG,248.1810606060606,248.1820075757576,4.9999999999954525,1.523999999998614,-0.21,40,3.0,1909.86,-0.21,64.3736,5629.351199999717,-28.466247359998306
2022-12-28,HENDERSON,00H,SG,248.1873106060606,248.1882575757576,4.9999999999954525,1.523999999998614,-0.21,41,3.1,1848.2516129032258,-0.21,65.98294,5630.875199999716,-28.469447759998303
2022-12-28,HENDERSON,00H,SG,248.18996212121212,248.1909090909091,4.9999999999954525,1.523999999998614,-0.21,40,3.1,1848.2516129032258,-0.21,64.3736,5632.399199999714,-28.4726481599983
2022-12-28,HENDERSON,00H,SG,248.18901515151515,248.18996212121212,4.9999999999954525,1.523999999998614,-0.21,41,3.1,1848.2516129032258,-0.21,65.98294,5633.923199999713,-28.475848559998298
2022-12-28,HENDERSON,00H,SG,248.1909090909091,248.19185606060609,4.9999999999954525,1.523999999998614,-0.21,41,3.1,1848.2516129032258,-0.21,65.98294,5635.447199999711,-28.479048959998295
2022-12-28,HENDERSON,00H,SG,248.1755681818182,248.17670454545456,5.999999999994543,1.8287999999983369,-0.21,40,3.0,1909.86,-0.21,64.3736,5637.27599999971,-28.482249359998292
2022-12-28,HENDERSON,00H,SG,248.17916666666667,248.18030303030304,5.999999999994543,1.8287999999983369,-0.21,40,3.0,1909.86,-0.21,64.3736,5639.104799999708,-28.48608983999829
2022-12-28,HENDERSON,00H,SG,248.17386363636365,248.175,5.999999999994543,1.8287999999983369,-0.21,40,3.0,1909.86,-0.21,64.3736,5640.9335999997065,-28.489930319998287
2022-12-28,HENDERSON,00H,SG,248.19261363636363,248.19375,5.999999999994543,1.8287999999983369,-0.21,41,3.1,1848.2516129032258,-0.21,65.98294,5642.762399999705,-28.493770799998284
2022-12-28,HENDERSON,00H,SG,248.1844696969697,248.1856060606061,5.999999999994543,1.8287999999983369,-0.21,40,3.1,1848.2516129032258,-0.21,64.3736,5644.591199999703,-28.49761127999828
2022-12-28,HENDERSON,00H,SG,248.1702651515151,248.1714015151515,5.999999999994543,1.8287999999983369,-0.21,40,3.0,1909.86,-0.21,64.3736,5646.419999999702,-28.50145175999828
2022-12-28,HENDERSON,00H,SG,248.16666666666663,248.1679924242424,6.9999999999936335,2.1335999999980597,-0.21,40,3.0,1909.86,-0.21,64.3736,5648.5535999997,-28.505292239998276
2022-12-28,HENDERSON,00H,SG,248.2015151515151,248.2028409090909,6.9999999999936335,2.1335999999980597,-0.21,41,3.1,1848.2516129032258,-0.21,65.98294,5650.687199999698,-28.509772799998274
2022-12-28,HENDERSON,00H,SG,248.1683712121212,248.16969696969696,6.9999999999936335,2.1335999999980597,-0.21,40,3.0,1909.86,-0.21,64.3736,5652.820799999697,-28.51425335999827
2022-12-28,HENDERSON,00H,SG,248.19431818181815,248.19564393939393,6.9999999999936335,2.1335999999980597,-0.21,41,3.1,1848.2516129032258,-0.21,65.98294,5654.954399999695,-28.51873391999827
2022-12-28,HENDERSON,00H,SG,248.1977272727273,248.1992424242424,7.999999999992724,2.4383999999977823,-0.21,41,3.1,1848.2516129032258,-0.21,65.98294,5657.392799999693,-28.523214479998266
2022-12-28,HENDERSON,00H,SG,248.20492424242423,248.2064393939394,7.999999999992724,2.4383999999977823,-0.21,41,3.1,1848.2516129032258,-0.21,65.98294,5659.831199999691,-28.52833511999826
2022-12-28,HENDERSON,00H,SG,248.19602272727272,248.19753787878787,7.999999999992724,2.4383999999977823,-0.21,41,3.1,1848.2516129032258,-0.21,65.98294,5662.2695999996895,-28.533455759998255
2022-12-28,HENDERSON,00H,SG,248.2032196969697,248.2047348484849,7.999999999992724,2.4383999999977823,-0.21,41,3.1,1848.2516129032258,-0.21,65.98294,5664.707999999688,-28.53857639999825
2022-12-28,HENDERSON,00H,SG,248.1717803030303,248.17329545454547,8.00000000014279,2.438400000043522,-0.21,40,3.0,1909.86,-0.21,64.3736,5667.146399999731,-28.543697039998243
2022-12-28,HENDERSON,00H,SG,248.2066287878788,248.20833333333337,8.999999999991815,2.743199999997505,-0.21,41,3.1,1848.2516129032258,-0.21,65.98294,5669.8895999997285,-28.548817679998333
2022-12-28,HENDERSON,00H,SG,248.16306818181815,248.16628787878787,16.99999999998454,5.181599999995288,-0.21,40,3.0,1909.86,-0.21,64.3736,5675.071199999724,-28.554578399998327
2022-12-28,HENDERSON,00H,SG,248.1594696969697,248.1628787878788,17.99999999998363,5.48639999999501,-0.21,40,3.0,1909.86,-0.21,64.3736,5680.557599999719,-28.565459759998316
2022-12-28,HENDERSON,00H,SG,248.1554924242424,248.1592803030303,19.99999999998181,6.095999999994456,-0.21,40,3.0,1909.86,-0.21,64.3736,5686.653599999713,-28.576981199998304
2022-12-28,HENDERSON,00H,SG,248.2085227272727,248.22007575757576,60.99999999994452,18.59279999998309,-0.21,41,3.1,1848.2516129032258,-0.21,65.98294,5705.246399999696,-28.589782799998293
2022-12-28,HENDERSON,00H,SG,248.1401515151515,248.1554924242424,81.0000000000764,24.688800000023285,-0.21,40,3.1,1848.2516129032258,-0.21,64.3736,5729.93519999972,-28.628827679998256
2022-12-28,HENDERSON,00H,SG,248.79185606060605,248.79204545454544,0.9999999999990904,0.3047999999997227,-0.2,44,-2.6,2203.6846153846154,-0.2,70.81096,5730.23999999972,-28.680674159998304
2022-12-28,HENDERSON,00H,SG,248.79375,248.79393939393935,0.9999999999990904,0.3047999999997227,-0.2,44,-2.6,2203.6846153846154,-0.2,70.81096,5730.5447999997195,-28.681283759998305
2022-12-28,HENDERSON,00H,SG,248.82954545454547,248.8297348484849,0.9999999999990904,0.3047999999997227,-0.2,43,-1.4,4092.557142857143,-0.2,69.20162,5730.849599999719,-28.681893359998305
2022-12-28,HENDERSON,00H,SG,248.80397727272728,248.80416666666667,0.9999999999990904,0.3047999999997227,-0.2,43,-2.3,2491.121739130435,-0.2,69.20162,5731.154399999719,-28.682502959998306
2022-12-28,HENDERSON,00H,SG,248.71363636363637,248.71382575757576,0.9999999999990904,0.3047999999997227,-0.2,43,-2.8,2046.2785714285715,-0.2,69.20162,5731.459199999719,-28.683112559998307
2022-12-28,HENDERSON,00H,SG,248.82102272727272,248.8212121212121,0.9999999999990904,0.3047999999997227,-0.2,43,-1.7,3370.3411764705884,-0.2,69.20162,5731.763999999719,-28.683722159998307
2022-12-28,HENDERSON,00H,SG,248.82083333333333,248.82102272727272,0.9999999999990904,0.3047999999997227,-0.2,43,-1.6,3580.9874999999997,-0.2,69.20162,5732.068799999719,-28.684331759998308
2022-12-28,HENDERSON,00H,SG,248.80151515151516,248.80170454545456,0.9999999999990904,0.3047999999997227,-0.2,43,-2.4,2387.3250000000003,-0.2,69.20162,5732.373599999719,-28.68494135999831
2022-12-28,HENDERSON,00H,SG,248.83522727272728,248.83541666666667,0.9999999999990904,0.3047999999997227,-0.2,43,-1.2,4774.650000000001,-0.2,69.20162,5732.678399999719,-28.68555095999831
2022-12-28,HENDERSON,00H,SG,248.78238636363636,248.78257575757576,0.9999999999990904,0.3047999999997227,-0.2,43,-2.8,2046.2785714285715,-0.2,69.20162,5732.983199999719,-28.68616055999831
2022-12-28,HENDERSON,00H,SG,248.78920454545457,248.78939393939393,0.9999999999990904,0.3047999999997227,-0.2,43,-2.6,2203.6846153846154,-0.2,69.20162,5733.2879999997185,-28.68677015999831
2022-12-28,HENDERSON,00H,SG,248.8070075757576,248.80719696969695,0.9999999999990904,0.3047999999997227,-0.2,43,-2.2,2604.354545454545,-0.2,69.20162,5733.592799999718,-28.68737975999831
2022-12-28,HENDERSON,00H,SG,248.8350378787879,248.83522727272728,0.9999999999990904,0.3047999999997227,-0.2,43,-1.1,5208.70909090909,-0.2,69.20162,5733.897599999718,-28.687989359998312
2022-12-28,HENDERSON,00H,SG,248.79393939393935,248.7941287878788,0.9999999999990904,0.3047999999997227,-0.2,43,-2.5,2291.832,-0.2,69.20162,5734.202399999718,-28.688598959998313
2022-12-28,HENDERSON,00H,SG,248.79810606060607,248.79829545454547,0.9999999999990904,0.3047999999997227,-0.2,43,-2.3,2491.121739130435,-0.2,69.20162,5734.507199999718,-28.689208559998313
2022-12-28,HENDERSON,00H,SG,248.83693181818185,248.8371212121212,0.9999999999990904,0.3047999999997227,-0.2,43,-1.0,5729.58,-0.2,69.20162,5734.811999999718,-28.689818159998314
2022-12-28,HENDERSON,00H,SG,248.78295454545457,248.7831439393939,0.9999999999990904,0.3047999999997227,-0.2,43,-2.8,2046.2785714285715,-0.2,69.20162,5735.116799999718,-28.690427759998315
2022-12-28,HENDERSON,00H,SG,248.79943181818183,248.7996212121212,0.9999999999990904,0.3047999999997227,-0.2,43,-2.3,2491.121739130435,-0.2,69.20162,5735.421599999718,-28.691037359998315
2022-12-28,HENDERSON,00H,SG,248.7941287878788,248.79431818181817,0.9999999999990904,0.3047999999997227,-0.2,43,-2.6,2203.6846153846154,-0.2,69.20162,5735.726399999718,-28.691646959998316
2022-12-28,HENDERSON,00H,SG,248.82935606060607,248.82954545454547,0.9999999999990904,0.3047999999997227,-0.2,43,-1.3,4407.369230769231,-0.2,69.20162,5736.0311999997175,-28.692256559998317
2022-12-28,HENDERSON,00H,SG,248.7952651515151,248.79545454545453,0.9999999999990904,0.3047999999997227,-0.2,44,-2.5,2291.832,-0.2,70.81096,5736.335999999717,-28.692866159998317
2022-12-28,HENDERSON,00H,SG,248.8037878787879,248.80397727272728,0.9999999999990904,0.3047999999997227,-0.2,43,-2.2,2604.354545454545,-0.2,69.20162,5736.640799999717,-28.693475759998318
2022-12-28,HENDERSON,00H,SG,248.71344696969695,248.71363636363637,0.9999999999990904,0.3047999999997227,-0.2,43,-2.9,1975.7172413793103,-0.2,69.20162,5736.945599999717,-28.69408535999832
2022-12-28,HENDERSON,00H,SG,248.8068181818182,248.8070075757576,0.9999999999990904,0.3047999999997227,-0.2,43,-2.1,2728.3714285714286,-0.2,69.20162,5737.250399999717,-28.69469495999832
2022-12-28,HENDERSON,00H,SG,248.8320075757576,248.83238636363637,1.999999999998181,0.6095999999994455,-0.2,43,-1.2,4774.650000000001,-0.2,69.20162,5737.859999999717,-28.69530455999832
2022-12-28,HENDERSON,00H,SG,248.83238636363637,248.83276515151516,1.999999999998181,0.6095999999994455,-0.2,43,-1.3,4407.369230769231,-0.2,69.20162,5738.469599999717,-28.696523759998318
2022-12-28,HENDERSON,00H,SG,248.7901515151515,248.79053030303027,1.999999999998181,0.6095999999994455,-0.2,43,-2.6,2203.6846153846154,-0.2,69.20162,5739.079199999716,-28.697742959998315
2022-12-28,HENDERSON,00H,SG,248.78257575757576,248.78295454545457,1.999999999998181,0.6095999999994455,-0.2,43,-2.9,1975.7172413793103,-0.2,69.20162,5739.688799999716,-28.698962159998313
2022-12-28,HENDERSON,00H,SG,248.7839015151515,248.7842803030303,1.999999999998181,0.6095999999994455,-0.2,43,-2.9,1975.7172413793103,-0.2,69.20162,5740.298399999716,-28.70018135999831
2022-12-28,HENDERSON,00H,SG,248.7977272727273,248.79810606060607,1.999999999998181,0.6095999999994455,-0.2,43,-2.4,2387.3250000000003,-0.2,69.20162,5740.907999999716,-28.70140055999831
2022-12-28,HENDERSON,00H,SG,248.77045454545456,248.77083333333337,1.999999999998181,0.6095999999994455,-0.2,44,-3.0,1909.86,-0.2,70.81096,5741.5175999997155,-28.702619759998306
2022-12-28,HENDERSON,00H,SG,248.77594696969695,248.77632575757576,1.999999999998181,0.6095999999994455,-0.2,44,-3.0,1909.86,-0.2,70.81096,5742.127199999715,-28.703838959998304
2022-12-28,HENDERSON,00H,SG,248.7831439393939,248.78352272727273,1.999999999998181,0.6095999999994455,-0.2,43,-2.9,1975.7172413793103,-0.2,69.20162,5742.736799999715,-28.705058159998302
2022-12-28,HENDERSON,00H,SG,248.7793560606061,248.77973484848485,1.999999999998181,0.6095999999994455,-0.2,44,-2.9,1975.7172413793103,-0.2,70.81096,5743.346399999715,-28.7062773599983
2022-12-28,HENDERSON,00H,SG,248.80113636363637,248.80151515151516,1.999999999998181,0.6095999999994455,-0.2,43,-2.3,2491.121739130435,-0.2,69.20162,5743.955999999715,-28.707496559998297
2022-12-28,HENDERSON,00H,SG,248.78352272727273,248.7839015151515,1.999999999998181,0.6095999999994455,-0.2,43,-2.8,2046.2785714285715,-0.2,69.20162,5744.565599999714,-28.708715759998295
2022-12-28,HENDERSON,00H,SG,248.77878787878788,248.7793560606061,2.9999999999972715,0.9143999999991684,-0.2,43,-2.9,1975.7172413793103,-0.2,69.20162,5745.479999999713,-28.709934959998293
2022-12-28,HENDERSON,00H,SG,248.79053030303027,248.79109848484848,2.9999999999972715,0.9143999999991684,-0.2,43,-2.7,2122.0666666666666,-0.2,69.20162,5746.394399999712,-28.71176375999829
2022-12-28,HENDERSON,00H,SG,248.80170454545456,248.8022727272727,2.9999999999972715,0.9143999999991684,-0.2,43,-2.3,2491.121739130435,-0.2,69.20162,5747.308799999711,-28.71359255999829
2022-12-28,HENDERSON,00H,SG,248.8005681818182,248.80113636363637,2.9999999999972715,0.9143999999991684,-0.2,44,-2.4,2387.3250000000003,-0.2,70.81096,5748.223199999709,-28.715421359998288
2022-12-28,HENDERSON,00H,SG,248.8030303030303,248.8037878787879,3.999999999996362,1.2191999999988912,-0.2,43,-2.3,2491.121739130435,-0.2,69.20162,5749.442399999708,-28.717250159998287
2022-12-28,HENDERSON,00H,SG,248.78939393939393,248.7901515151515,3.999999999996362,1.2191999999988912,-0.2,43,-2.7,2122.0666666666666,-0.2,69.20162,5750.661599999707,-28.719688559998286
2022-12-28,HENDERSON,00H,SG,248.8022727272727,248.8030303030303,3.999999999996362,1.2191999999988912,-0.2,44,-2.3,2491.121739130435,-0.2,70.81096,5751.880799999705,-28.722126959998285
2022-12-28,HENDERSON,00H,SG,248.79109848484848,248.79185606060605,3.999999999996362,1.2191999999988912,-0.2,43,-2.6,2203.6846153846154,-0.2,69.20162,5753.099999999704,-28.724565359998284
2022-12-28,HENDERSON,00H,SG,248.8371212121212,248.8380681818182,4.9999999999954525,1.523999999998614,-0.2,43,-1.1,5208.70909090909,-0.2,69.20162,5754.623999999702,-28.727003759998283
2022-12-28,HENDERSON,00H,SG,248.79431818181817,248.7952651515151,4.9999999999954525,1.523999999998614,-0.2,43,-2.5,2291.832,-0.2,69.20162,5756.147999999701,-28.73005175999828
2022-12-28,HENDERSON,00H,SG,248.7996212121212,248.8005681818182,4.9999999999954525,1.523999999998614,-0.2,43,-2.4,2387.3250000000003,-0.2,69.20162,5757.671999999699,-28.733099759998275
2022-12-28,HENDERSON,00H,SG,248.79829545454547,248.79943181818183,5.999999999994543,1.8287999999983369,-0.2,43,-2.4,2387.3250000000003,-0.2,69.20162,5759.500799999698,-28.73614775999827
2022-12-28,HENDERSON,00H,SG,248.7876893939394,248.78920454545457,7.999999999992724,2.4383999999977823,-0.2,43,-2.7,2122.0666666666666,-0.2,69.20162,5761.939199999696,-28.739805359998268
2022-12-28,HENDERSON,00H,SG,248.83541666666667,248.83693181818185,7.999999999992724,2.4383999999977823,-0.2,43,-1.1,5208.70909090909,-0.2,69.20162,5764.377599999694,-28.744682159998263
2022-12-28,HENDERSON,00H,SG,248.79204545454544,248.79375,8.999999999991815,2.743199999997505,-0.2,43,-2.6,2203.6846153846154,-0.2,69.20162,5767.120799999691,-28.749558959998257
2022-12-28,HENDERSON,00H,SG,248.8380681818182,248.84015151515152,10.999999999989996,3.3527999999969507,-0.2,43,-1.0,5729.58,-0.2,69.20162,5770.473599999688,-28.755045359998253
2022-12-28,HENDERSON,00H,SG,248.8242424242424,248.82632575757577,10.999999999989996,3.3527999999969507,-0.2,43,-1.5,3819.72,-0.2,69.20162,5773.826399999685,-28.761750959998245
2022-12-28,HENDERSON,00H,SG,248.81875,248.82083333333333,10.999999999989996,3.3527999999969507,-0.2,43,-1.7,3370.3411764705884,-0.2,69.20162,5777.179199999682,-28.76845655999824
2022-12-28,HENDERSON,00H,SG,248.8297348484849,248.8320075757576,11.999999999989086,3.6575999999966737,-0.2,43,-1.3,4407.369230769231,-0.2,69.20162,5780.836799999679,-28.77516215999823
2022-12-28,HENDERSON,00H,SG,248.83276515151516,248.8350378787879,11.999999999989086,3.6575999999966737,-0.2,43,-1.2,4774.650000000001,-0.2,69.20162,5784.494399999676,-28.782477359998225
2022-12-28,HENDERSON,00H,SG,248.79545454545453,248.7977272727273,12.000000000139153,3.657600000042414,-0.2,43,-2.5,2291.832,-0.2,69.20162,5788.151999999718,-28.78979255999822
2022-12-28,HENDERSON,00H,SG,248.77632575757576,248.77878787878788,12.999999999988177,3.962399999996397,-0.2,43,-3.0,1909.86,-0.2,69.20162,5792.114399999715,-28.797107759998305
2022-12-28,HENDERSON,00H,SG,248.81003787878788,248.8125,12.999999999988177,3.962399999996397,-0.2,43,-2.0,2864.79,-0.2,69.20162,5796.0767999997115,-28.8050325599983
2022-12-28,HENDERSON,00H,SG,248.77973484848485,248.78238636363636,13.999999999987269,4.267199999996119,-0.2,43,-2.9,1975.7172413793103,-0.2,69.20162,5800.343999999707,-28.812957359998293
2022-12-28,HENDERSON,00H,SG,248.80416666666667,248.8068181818182,13.999999999987269,4.267199999996119,-0.2,43,-2.2,2604.354545454545,-0.2,69.20162,5804.611199999703,-28.821491759998285
2022-12-28,HENDERSON,00H,SG,248.80719696969695,248.81003787878788,14.999999999986358,4.571999999995842,-0.2,43,-2.1,2728.3714285714286,-0.2,69.20162,5809.183199999698,-28.830026159998276
2022-12-28,HENDERSON,00H,SG,248.8157196969697,248.81875,15.999999999985448,4.876799999995565,-0.2,43,-1.8,3183.1,-0.2,69.20162,5814.059999999694,-28.839170159998268
2022-12-28,HENDERSON,00H,SG,248.8212121212121,248.8242424242424,15.999999999985448,4.876799999995565,-0.2,43,-1.6,3580.9874999999997,-0.2,69.20162,5818.936799999689,-28.84892375999826
2022-12-28,HENDERSON,00H,SG,248.82632575757577,248.82935606060607,16.000000000135515,4.876800000041305,-0.2,43,-1.4,4092.557142857143,-0.2,69.20162,5823.81359999973,-28.858677359998254
2022-12-28,HENDERSON,00H,SG,248.8125,248.8157196969697,16.99999999998454,5.181599999995288,-0.2,43,-1.9,3015.5684210526315,-0.2,69.20162,5828.995199999726,-28.868430959998335
2022-12-28,HENDERSON,00H,SG,248.7842803030303,248.7876893939394,17.99999999998363,5.48639999999501,-0.2,43,-2.8,2046.2785714285715,-0.2,69.20162,5834.481599999721,-28.878794159998325
2022-12-28,HENDERSON,00H,SG,248.7100378787879,248.71344696969695,17.99999999998363,5.48639999999501,-0.2,43,-2.8,2046.2785714285715,-0.2,69.20162,5839.967999999716,-28.889766959998315
2022-12-28,HENDERSON,00H,SG,248.77083333333337,248.77594696969695,26.999999999975444,8.229599999992516,-0.2,43,-3.0,1909.86,-0.2,69.20162,5848.1975999997085,-28.900739759998306
2022-12-28,HENDERSON,00H,SG,248.71382575757576,248.725,58.99999999994634,17.983199999983643,-0.2,43,-2.9,1975.7172413793103,-0.2,69.20162,5866.180799999692,-28.91719895999829
2022-12-28,HENDERSON,00H,SG,248.725,248.77045454545456,240.00000000008183,73.15200000002496,-0.2,43,-3.0,1909.86,-0.2,69.20162,5939.332799999716,-28.95316535999826
2022-12-28,HENDERSON,00H,SG,252.35454545454544,252.35473484848484,0.9999999999990904,0.3047999999997227,-0.14,45,0.5,11459.16,-0.14,72.4203,5939.637599999716,-29.09946935999831
2022-12-28,HENDERSON,00H,SG,252.3554924242424,252.3556818181818,0.9999999999990904,0.3047999999997227,-0.14,45,0.5,11459.16,-0.14,72.4203,5939.942399999716,-29.09989607999831
2022-12-28,HENDERSON,00H,SG,252.34375,252.3439393939394,0.9999999999990904,0.3047999999997227,-0.14,45,0.8,7161.974999999999,-0.14,72.4203,5940.247199999716,-29.10032279999831
2022-12-28,HENDERSON,00H,SG,252.11666666666667,252.11685606060607,0.9999999999990904,0.3047999999997227,-0.14,45,0.1,57295.799999999996,-0.14,72.4203,5940.551999999716,-29.10074951999831
2022-12-28,HENDERSON,00H,SG,252.34772727272727,252.34791666666663,0.9999999999990904,0.3047999999997227,-0.14,45,0.6,9549.300000000001,-0.14,72.4203,5940.856799999716,-29.10117623999831
2022-12-28,HENDERSON,00H,SG,252.35435606060605,252.35454545454544,0.9999999999990904,0.3047999999997227,-0.14,45,0.4,14323.949999999999,-0.14,72.4203,5941.161599999716,-29.10160295999831
2022-12-28,HENDERSON,00H,SG,252.35189393939393,252.35208333333333,0.9999999999990904,0.3047999999997227,-0.14,45,0.6,9549.300000000001,-0.14,72.4203,5941.466399999716,-29.10202967999831
2022-12-28,HENDERSON,00H,SG,252.34848484848484,252.34867424242424,0.9999999999990904,0.3047999999997227,-0.14,45,0.6,9549.300000000001,-0.14,72.4203,5941.7711999997155,-29.10245639999831
2022-12-28,HENDERSON,00H,SG,252.3558712121212,252.3560606060606,0.9999999999990904,0.3047999999997227,-0.14,45,0.5,11459.16,-0.14,72.4203,5942.075999999715,-29.10288311999831
2022-12-28,HENDERSON,00H,SG,252.3596590909091,252.3598484848485,0.9999999999990904,0.3047999999997227,-0.14,45,0.4,14323.949999999999,-0.14,72.4203,5942.380799999715,-29.10330983999831
2022-12-28,HENDERSON,00H,SG,252.37443181818185,252.3746212121212,0.9999999999990904,0.3047999999997227,-0.14,45,0.0,1000000.0,-0.14,72.4203,5942.685599999715,-29.10373655999831
2022-12-28,HENDERSON,00H,SG,252.11534090909092,252.1155303030303,0.9999999999990904,0.3047999999997227,-0.14,44,0.1,57295.799999999996,-0.14,70.81096,5942.990399999715,-29.10416327999831
2022-12-28,HENDERSON,00H,SG,252.3556818181818,252.3558712121212,0.9999999999990904,0.3047999999997227,-0.14,45,0.4,14323.949999999999,-0.14,72.4203,5943.295199999715,-29.10458999999831
2022-12-28,HENDERSON,00H,SG,252.34734848484848,252.34753787878788,0.9999999999990904,0.3047999999997227,-0.14,45,0.6,9549.300000000001,-0.14,72.4203,5943.599999999715,-29.10501671999831
2022-12-28,HENDERSON,00H,SG,252.11382575757577,252.11401515151516,0.9999999999990904,0.3047999999997227,-0.14,44,0.1,57295.799999999996,-0.14,70.81096,5943.904799999715,-29.10544343999831
2022-12-28,HENDERSON,00H,SG,252.34867424242424,252.34886363636363,0.9999999999990904,0.3047999999997227,-0.14,45,0.7,8185.114285714286,-0.14,72.4203,5944.209599999715,-29.10587015999831
2022-12-28,HENDERSON,00H,SG,252.34753787878788,252.34772727272727,0.9999999999990904,0.3047999999997227,-0.14,45,0.7,8185.114285714286,-0.14,72.4203,5944.514399999714,-29.10629687999831
2022-12-28,HENDERSON,00H,SG,252.36799242424243,252.36818181818185,0.9999999999990904,0.3047999999997227,-0.14,45,0.2,28647.899999999998,-0.14,72.4203,5944.819199999714,-29.10672359999831
2022-12-28,HENDERSON,00H,SG,252.35151515151512,252.35170454545457,0.9999999999990904,0.3047999999997227,-0.14,45,0.6,9549.300000000001,-0.14,72.4203,5945.123999999714,-29.10715031999831
2022-12-28,HENDERSON,00H,SG,252.34015151515152,252.3403409090909,0.9999999999990904,0.3047999999997227,-0.14,45,0.8,7161.974999999999,-0.14,72.4203,5945.428799999714,-29.10757703999831
2022-12-28,HENDERSON,00H,SG,252.3403409090909,252.3405303030303,0.9999999999990904,0.3047999999997227,-0.14,45,0.9,6366.2,-0.14,72.4203,5945.733599999714,-29.10800375999831
2022-12-28,HENDERSON,00H,SG,252.35170454545457,252.35189393939393,0.9999999999990904,0.3047999999997227,-0.14,45,0.5,11459.16,-0.14,72.4203,5946.038399999714,-29.10843047999831
2022-12-28,HENDERSON,00H,SG,252.3632575757576,252.36344696969695,0.9999999999990904,0.3047999999997227,-0.14,45,0.3,19098.600000000002,-0.14,72.4203,5946.343199999714,-29.10885719999831
2022-12-28,HENDERSON,00H,SG,252.3587121212121,252.3589015151515,0.9999999999990904,0.3047999999997227,-0.14,45,0.4,14323.949999999999,-0.14,72.4203,5946.647999999714,-29.10928391999831
2022-12-28,HENDERSON,00H,SG,252.37367424242424,252.37386363636364,0.9999999999990904,0.3047999999997227,-0.14,46,0.1,57295.799999999996,-0.14,74.02964,5946.9527999997135,-29.109710639998312
2022-12-28,HENDERSON,00H,SG,252.11969696969695,252.12007575757576,1.999999999998181,0.6095999999994455,-0.14,45,0.1,57295.799999999996,-0.14,72.4203,5947.562399999713,-29.110137359998312
2022-12-28,HENDERSON,00H,SG,252.3469696969697,252.34734848484848,1.999999999998181,0.6095999999994455,-0.14,45,0.7,8185.114285714286,-0.14,72.4203,5948.171999999713,-29.110990799998312
2022-12-28,HENDERSON,00H,SG,252.375,252.3753787878788,1.999999999998181,0.6095999999994455,-0.14,45,0.0,1000000.0,-0.14,72.4203,5948.781599999713,-29.111844239998312
2022-12-28,HENDERSON,00H,SG,252.37973484848484,252.38011363636363,1.999999999998181,0.6095999999994455,-0.14,45,0.0,1000000.0,-0.14,72.4203,5949.391199999713,-29.112697679998313
2022-12-28,HENDERSON,00H,SG,252.1162878787879,252.11666666666667,1.999999999998181,0.6095999999994455,-0.14,45,0.0,1000000.0,-0.14,72.4203,5950.000799999712,-29.113551119998313
2022-12-28,HENDERSON,00H,SG,252.3746212121212,252.375,1.999999999998181,0.6095999999994455,-0.14,45,0.1,57295.799999999996,-0.14,72.4203,5950.610399999712,-29.114404559998313
2022-12-28,HENDERSON,00H,SG,252.10189393939393,252.10227272727272,1.999999999998181,0.6095999999994455,-0.14,45,0.0,1000000.0,-0.14,72.4203,5951.219999999712,-29.115257999998313
2022-12-28,HENDERSON,00H,SG,252.3465909090909,252.3469696969697,1.999999999998181,0.6095999999994455,-0.14,45,0.6,9549.300000000001,-0.14,72.4203,5951.829599999712,-29.116111439998313
2022-12-28,HENDERSON,00H,SG,252.1089015151515,252.10946969696968,2.9999999999972715,0.9143999999991684,-0.14,45,0.0,1000000.0,-0.14,72.4203,5952.7439999997105,-29.116964879998314
2022-12-28,HENDERSON,00H,SG,252.37386363636364,252.37443181818185,2.9999999999972715,0.9143999999991684,-0.14,45,0.1,57295.799999999996,-0.14,72.4203,5953.658399999709,-29.118245039998314
2022-12-28,HENDERSON,00H,SG,252.34791666666663,252.34848484848484,2.9999999999972715,0.9143999999991684,-0.14,45,0.7,8185.114285714286,-0.14,72.4203,5954.572799999708,-29.119525199998314
2022-12-28,HENDERSON,00H,SG,252.1126893939394,252.1132575757576,2.9999999999972715,0.9143999999991684,-0.14,45,0.0,1000000.0,-0.14,72.4203,5955.487199999707,-29.120805359998315
2022-12-28,HENDERSON,00H,SG,252.3753787878788,252.37594696969697,2.9999999999972715,0.9143999999991684,-0.14,46,0.0,1000000.0,-0.14,74.02964,5956.4015999997055,-29.122085519998315
2022-12-28,HENDERSON,00H,SG,252.1132575757576,252.11382575757577,2.9999999999972715,0.9143999999991684,-0.14,44,0.0,1000000.0,-0.14,70.81096,5957.315999999704,-29.123365679998315
2022-12-28,HENDERSON,00H,SG,252.3626893939394,252.3632575757576,2.9999999999972715,0.9143999999991684,-0.14,45,0.2,28647.899999999998,-0.14,72.4203,5958.230399999703,-29.124645839998315
2022-12-28,HENDERSON,00H,SG,252.37897727272727,252.37973484848484,3.999999999996362,1.2191999999988912,-0.14,46,0.0,1000000.0,-0.14,74.02964,5959.449599999702,-29.125925999998316
2022-12-28,HENDERSON,00H,SG,252.37708333333333,252.3778409090909,3.999999999996362,1.2191999999988912,-0.14,46,0.0,1000000.0,-0.14,74.02964,5960.6687999997,-29.127632879998313
2022-12-28,HENDERSON,00H,SG,252.35795454545453,252.3587121212121,3.999999999996362,1.2191999999988912,-0.14,45,0.3,19098.600000000002,-0.14,72.4203,5961.887999999699,-29.12933975999831
2022-12-28,HENDERSON,00H,SG,252.1155303030303,252.1162878787879,3.999999999996362,1.2191999999988912,-0.14,44,0.0,1000000.0,-0.14,70.81096,5963.1071999996975,-29.131046639998306
2022-12-28,HENDERSON,00H,SG,252.3429924242424,252.34375,3.999999999996362,1.2191999999988912,-0.14,45,0.7,8185.114285714286,-0.14,72.4203,5964.326399999696,-29.132753519998303
2022-12-28,HENDERSON,00H,SG,252.35473484848484,252.3554924242424,3.999999999996362,1.2191999999988912,-0.14,45,0.4,14323.949999999999,-0.14,72.4203,5965.545599999695,-29.1344603999983
2022-12-28,HENDERSON,00H,SG,252.11799242424243,252.11875,3.999999999996362,1.2191999999988912,-0.14,45,0.1,57295.799999999996,-0.14,72.4203,5966.764799999693,-29.136167279998297
2022-12-28,HENDERSON,00H,SG,252.3589015151515,252.3596590909091,4.000000000146429,1.2192000000446317,-0.14,45,0.3,19098.600000000002,-0.14,72.4203,5967.983999999738,-29.137874159998294
2022-12-28,HENDERSON,00H,SG,252.11174242424244,252.1126893939394,4.9999999999954525,1.523999999998614,-0.14,44,0.0,1000000.0,-0.14,70.81096,5969.507999999737,-29.139581039998355
2022-12-28,HENDERSON,00H,SG,252.11079545454547,252.11174242424244,4.9999999999954525,1.523999999998614,-0.14,45,0.0,1000000.0,-0.14,72.4203,5971.0319999997355,-29.14171463999835
2022-12-28,HENDERSON,00H,SG,252.11875,252.11969696969695,4.9999999999954525,1.523999999998614,-0.14,44,0.1,57295.799999999996,-0.14,70.81096,5972.555999999734,-29.14384823999835
2022-12-28,HENDERSON,00H,SG,252.3780303030303,252.37897727272727,4.9999999999954525,1.523999999998614,-0.14,45,0.0,1000000.0,-0.14,72.4203,5974.0799999997325,-29.145981839998345
2022-12-28,HENDERSON,00H,SG,252.3503787878788,252.35151515151512,5.999999999994543,1.8287999999983369,-0.14,45,0.5,11459.16,-0.14,72.4203,5975.908799999731,-29.148115439998342
2022-12-28,HENDERSON,00H,SG,252.11685606060607,252.11799242424243,5.999999999994543,1.8287999999983369,-0.14,44,0.1,57295.799999999996,-0.14,70.81096,5977.737599999729,-29.15067575999834
2022-12-28,HENDERSON,00H,SG,252.37594696969697,252.37708333333333,5.999999999994543,1.8287999999983369,-0.14,45,0.0,1000000.0,-0.14,72.4203,5979.566399999728,-29.153236079998337
2022-12-28,HENDERSON,00H,SG,252.36666666666667,252.36799242424243,6.9999999999936335,2.1335999999980597,-0.14,45,0.1,57295.799999999996,-0.14,72.4203,5981.699999999726,-29.155796399998334
2022-12-28,HENDERSON,00H,SG,252.11401515151516,252.11534090909092,6.9999999999936335,2.1335999999980597,-0.14,44,0.0,1000000.0,-0.14,70.81096,5983.833599999724,-29.15878343999833
2022-12-28,HENDERSON,00H,SG,252.1094696969697,252.11079545454547,6.9999999999936335,2.1335999999980597,-0.14,44,0.0,1000000.0,-0.14,70.81096,5985.967199999723,-29.161770479998328
2022-12-28,HENDERSON,00H,SG,252.34886363636363,252.3503787878788,7.999999999992724,2.4383999999977823,-0.14,45,0.6,9549.300000000001,-0.14,72.4203,5988.405599999721,-29.164757519998325
2022-12-28,HENDERSON,00H,SG,252.3560606060606,252.35795454545453,9.999999999990903,3.047999999997228,-0.14,45,0.4,14323.949999999999,-0.14,72.4203,5991.453599999718,-29.168171279998322
2022-12-28,HENDERSON,00H,SG,252.35208333333333,252.35416666666663,10.999999999989996,3.3527999999969507,-0.14,45,0.5,11459.16,-0.14,72.4203,5994.806399999715,-29.17243847999832
2022-12-28,HENDERSON,00H,SG,252.3405303030303,252.3429924242424,12.999999999988177,3.962399999996397,-0.14,45,0.8,7161.974999999999,-0.14,72.4203,5998.7687999997115,-29.177132399998314
2022-12-28,HENDERSON,00H,SG,252.3439393939394,252.3465909090909,13.999999999987269,4.267199999996119,-0.14,45,0.7,8185.114285714286,-0.14,72.4203,6003.035999999707,-29.182679759998308
2022-12-28,HENDERSON,00H,SG,252.3598484848485,252.3626893939394,14.999999999986358,4.571999999995842,-0.14,45,0.3,19098.600000000002,-0.14,72.4203,6007.607999999703,-29.188653839998302
2022-12-28,HENDERSON,00H,SG,252.36344696969695,252.36666666666667,16.99999999998454,5.181599999995288,-0.14,45,0.2,28647.899999999998,-0.14,72.4203,6012.789599999698,-29.195054639998297
2022-12-28,HENDERSON,00H,SG,252.36818181818185,252.37367424242424,28.999999999973625,8.839199999991962,-0.14,45,0.1,57295.799999999996,-0.14,72.4203,6021.62879999969,-29.20230887999829
2022-12-28,HENDERSON,00H,SG,252.10227272727272,252.1089015151515,34.99999999996817,10.6679999999903,-0.14,44,0.0,1000000.0,-0.14,70.81096,6032.296799999681,-29.21468375999828
2022-12-28,HENDERSON,00H,SG,252.08011363636365,252.10189393939393,114.9999999998954,35.051999999968125,-0.14,44,0.0,1000000.0,-0.14,70.81096,6067.348799999649,-29.229618959998266
2022-12-28,HENDERSON,00H,SG,252.97007575757576,253.0,158.00000000000637,48.15840000000194,-0.13,47,0.0,1000000.0,-0.13,75.63898,6115.507199999651,-29.27869175999822
2022-12-28,HENDERSON,00H,SG,250.32178030303027,250.3219696969697,0.9999999999990904,0.3047999999997227,-0.12,41,-1.4,4092.557142857143,-0.12,65.98294,6115.811999999651,-29.341297679998224
2022-12-28,HENDERSON,00H,SG,250.31306818181815,250.3132575757576,0.9999999999990904,0.3047999999997227,-0.12,41,-1.0,5729.58,-0.12,65.98294,6116.1167999996505,-29.341663439998225
2022-12-28,HENDERSON,00H,SG,250.32329545454544,250.32348484848484,0.9999999999990904,0.3047999999997227,-0.12,41,-1.6,3580.9874999999997,-0.12,65.98294,6116.42159999965,-29.342029199998226
2022-12-28,HENDERSON,00H,SG,250.3471590909091,250.34734848484848,0.9999999999990904,0.3047999999997227,-0.12,41,-3.0,1909.86,-0.12,65.98294,6116.72639999965,-29.342394959998227
2022-12-28,HENDERSON,00H,SG,250.34886363636363,250.34905303030305,0.9999999999990904,0.3047999999997227,-0.12,41,-3.0,1909.86,-0.12,65.98294,6117.03119999965,-29.34276071999823
2022-12-28,HENDERSON,00H,SG,250.31477272727273,250.31496212121212,0.9999999999990904,0.3047999999997227,-0.12,41,-1.0,5729.58,-0.12,65.98294,6117.33599999965,-29.34312647999823
2022-12-28,HENDERSON,00H,SG,250.31780303030305,250.3179924242424,0.9999999999990904,0.3047999999997227,-0.12,41,-1.3,4407.369230769231,-0.12,65.98294,6117.64079999965,-29.34349223999823
2022-12-28,HENDERSON,00H,SG,250.3035984848485,250.3037878787879,0.9999999999990904,0.3047999999997227,-0.12,41,-0.3,19098.600000000002,-0.12,65.98294,6117.94559999965,-29.34385799999823
2022-12-28,HENDERSON,00H,SG,250.30738636363637,250.30757575757576,0.9999999999990904,0.3047999999997227,-0.12,41,-0.5,11459.16,-0.12,65.98294,6118.25039999965,-29.344223759998233
2022-12-28,HENDERSON,00H,SG,250.33333333333337,250.3335227272727,0.9999999999990904,0.3047999999997227,-0.12,41,-2.1,2728.3714285714286,-0.12,65.98294,6118.55519999965,-29.344589519998234
2022-12-28,HENDERSON,00H,SG,250.30113636363637,250.30132575757577,0.9999999999990904,0.3047999999997227,-0.12,41,-0.2,28647.899999999998,-0.12,65.98294,6118.8599999996495,-29.344955279998235
2022-12-28,HENDERSON,00H,SG,250.3060606060606,250.30625,0.9999999999990904,0.3047999999997227,-0.12,41,-0.5,11459.16,-0.12,65.98294,6119.164799999649,-29.345321039998236
2022-12-28,HENDERSON,00H,SG,250.31022727272727,250.31041666666667,0.9999999999990904,0.3047999999997227,-0.12,41,-0.7,8185.114285714286,-0.12,65.98294,6119.469599999649,-29.345686799998237
2022-12-28,HENDERSON,00H,SG,250.33106060606065,250.33125,0.9999999999990904,0.3047999999997227,-0.12,41,-2.1,2728.3714285714286,-0.12,65.98294,6119.774399999649,-29.34605255999824
2022-12-28,HENDERSON,00H,SG,250.34867424242424,250.34886363636363,0.9999999999990904,0.3047999999997227,-0.12,41,-3.1,1848.2516129032258,-0.12,65.98294,6120.079199999649,-29.34641831999824
2022-12-28,HENDERSON,00H,SG,250.31193181818185,250.3121212121212,0.9999999999990904,0.3047999999997227,-0.12,41,-0.8,7161.974999999999,-0.12,65.98294,6120.383999999649,-29.34678407999824
2022-12-28,HENDERSON,00H,SG,250.3181818181818,250.3183712121212,0.9999999999990904,0.3047999999997227,-0.12,41,-1.3,4407.369230769231,-0.12,65.98294,6120.688799999649,-29.34714983999824
2022-12-28,HENDERSON,00H,SG,250.3244318181818,250.3246212121212,0.9999999999990904,0.3047999999997227,-0.12,41,-1.7,3370.3411764705884,-0.12,65.98294,6120.993599999649,-29.347515599998243
2022-12-28,HENDERSON,00H,SG,250.32954545454547,250.3297348484849,0.9999999999990904,0.3047999999997227,-0.12,41,-1.9,3015.5684210526315,-0.12,65.98294,6121.298399999649,-29.347881359998244
2022-12-28,HENDERSON,00H,SG,250.3179924242424,250.3181818181818,0.9999999999990904,0.3047999999997227,-0.12,41,-1.2,4774.650000000001,-0.12,65.98294,6121.6031999996485,-29.348247119998245
2022-12-28,HENDERSON,00H,SG,250.3532196969697,250.35340909090908,0.9999999999990904,0.3047999999997227,-0.12,41,-3.4,1685.1705882352942,-0.12,65.98294,6121.907999999648,-29.348612879998246
2022-12-28,HENDERSON,00H,SG,250.15568181818185,250.1558712121212,0.9999999999990904,0.3047999999997227,-0.12,41,-0.1,57295.799999999996,-0.12,65.98294,6122.212799999648,-29.348978639998247
2022-12-28,HENDERSON,00H,SG,250.3096590909091,250.3098484848485,0.9999999999990904,0.3047999999997227,-0.12,41,-0.8,7161.974999999999,-0.12,65.98294,6122.517599999648,-29.349344399998248
2022-12-28,HENDERSON,00H,SG,250.32708333333332,250.3272727272727,0.9999999999990904,0.3047999999997227,-0.12,41,-1.8,3183.1,-0.12,65.98294,6122.822399999648,-29.34971015999825
2022-12-28,HENDERSON,00H,SG,250.33371212121213,250.33390151515152,0.9999999999990904,0.3047999999997227,-0.12,41,-2.1,2728.3714285714286,-0.12,65.98294,6123.127199999648,-29.35007591999825
2022-12-28,HENDERSON,00H,SG,250.33541666666667,250.33560606060607,0.9999999999990904,0.3047999999997227,-0.12,41,-2.3,2491.121739130435,-0.12,65.98294,6123.431999999648,-29.35044167999825
2022-12-28,HENDERSON,00H,SG,250.34204545454543,250.34223484848485,0.9999999999990904,0.3047999999997227,-0.12,41,-2.7,2122.0666666666666,-0.12,65.98294,6123.736799999648,-29.350807439998253
2022-12-28,HENDERSON,00H,SG,250.1534090909091,250.1535984848485,0.9999999999990904,0.3047999999997227,-0.12,41,-0.1,57295.799999999996,-0.12,65.98294,6124.041599999648,-29.351173199998254
2022-12-28,HENDERSON,00H,SG,250.3034090909091,250.3035984848485,0.9999999999990904,0.3047999999997227,-0.12,41,-0.4,14323.949999999999,-0.12,65.98294,6124.3463999996475,-29.351538959998255
2022-12-28,HENDERSON,00H,SG,250.31496212121212,250.3151515151515,0.9999999999990904,0.3047999999997227,-0.12,41,-1.1,5208.70909090909,-0.12,65.98294,6124.651199999647,-29.351904719998256
2022-12-28,HENDERSON,00H,SG,250.32632575757577,250.3265151515151,0.9999999999990904,0.3047999999997227,-0.12,41,-1.7,3370.3411764705884,-0.12,65.98294,6124.955999999647,-29.352270479998257
2022-12-28,HENDERSON,00H,SG,250.3265151515151,250.32670454545453,0.9999999999990904,0.3047999999997227,-0.12,41,-1.8,3183.1,-0.12,65.98294,6125.260799999647,-29.352636239998258
2022-12-28,HENDERSON,00H,SG,250.31003787878788,250.31022727272727,0.9999999999990904,0.3047999999997227,-0.12,41,-0.8,7161.974999999999,-0.12,65.98294,6125.565599999647,-29.35300199999826
2022-12-28,HENDERSON,00H,SG,250.3467803030303,250.3469696969697,0.9999999999990904,0.3047999999997227,-0.12,41,-3.0,1909.86,-0.12,65.98294,6125.870399999647,-29.35336775999826
2022-12-28,HENDERSON,00H,SG,250.35473484848484,250.35492424242423,0.9999999999990904,0.3047999999997227,-0.12,41,-3.4,1685.1705882352942,-0.12,65.98294,6126.175199999647,-29.35373351999826
2022-12-28,HENDERSON,00H,SG,250.3037878787879,250.30397727272728,0.9999999999990904,0.3047999999997227,-0.12,41,-0.4,14323.949999999999,-0.12,65.98294,6126.479999999647,-29.354099279998263
2022-12-28,HENDERSON,00H,SG,250.30757575757576,250.30776515151516,0.9999999999990904,0.3047999999997227,-0.12,41,-0.6,9549.300000000001,-0.12,65.98294,6126.784799999647,-29.354465039998264
2022-12-28,HENDERSON,00H,SG,250.32935606060607,250.32954545454547,0.9999999999990904,0.3047999999997227,-0.12,41,-2.0,2864.79,-0.12,65.98294,6127.089599999646,-29.354830799998265
2022-12-28,HENDERSON,00H,SG,250.33522727272728,250.33541666666667,0.9999999999990904,0.3047999999997227,-0.12,41,-2.2,2604.354545454545,-0.12,65.98294,6127.394399999646,-29.355196559998266
2022-12-28,HENDERSON,00H,SG,250.2975378787879,250.2977272727273,0.9999999999990904,0.3047999999997227,-0.12,41,-0.1,57295.799999999996,-0.12,65.98294,6127.699199999646,-29.355562319998267
2022-12-28,HENDERSON,00H,SG,250.33674242424243,250.33693181818185,0.9999999999990904,0.3047999999997227,-0.12,41,-2.4,2387.3250000000003,-0.12,65.98294,6128.003999999646,-29.355928079998268
2022-12-28,HENDERSON,00H,SG,250.3403409090909,250.3405303030303,0.9999999999990904,0.3047999999997227,-0.12,41,-2.5,2291.832,-0.12,65.98294,6128.308799999646,-29.35629383999827
2022-12-28,HENDERSON,00H,SG,250.3276515151515,250.3278409090909,0.9999999999990904,0.3047999999997227,-0.12,41,-1.8,3183.1,-0.12,65.98294,6128.613599999646,-29.35665959999827
2022-12-28,HENDERSON,00H,SG,250.34223484848485,250.34242424242424,0.9999999999990904,0.3047999999997227,-0.12,41,-2.8,2046.2785714285715,-0.12,65.98294,6128.918399999646,-29.35702535999827
2022-12-28,HENDERSON,00H,SG,250.32348484848484,250.32367424242423,0.9999999999990904,0.3047999999997227,-0.12,41,-1.5,3819.72,-0.12,65.98294,6129.223199999646,-29.357391119998272
2022-12-28,HENDERSON,00H,SG,250.3350378787879,250.33522727272728,0.9999999999990904,0.3047999999997227,-0.12,41,-2.3,2491.121739130435,-0.12,65.98294,6129.5279999996455,-29.357756879998274
2022-12-28,HENDERSON,00H,SG,250.35303030303027,250.3532196969697,0.9999999999990904,0.3047999999997227,-0.12,41,-3.3,1736.2363636363636,-0.12,65.98294,6129.832799999645,-29.358122639998275
2022-12-28,HENDERSON,00H,SG,250.31723484848484,250.31742424242424,0.9999999999990904,0.3047999999997227,-0.12,41,-1.1,5208.70909090909,-0.12,65.98294,6130.137599999645,-29.358488399998276
2022-12-28,HENDERSON,00H,SG,250.3320075757576,250.33219696969695,0.9999999999990904,0.3047999999997227,-0.12,41,-2.0,2864.79,-0.12,65.98294,6130.442399999645,-29.358854159998277
2022-12-28,HENDERSON,00H,SG,250.30568181818185,250.3058712121212,0.9999999999990904,0.3047999999997227,-0.12,41,-0.4,14323.949999999999,-0.12,65.98294,6130.747199999645,-29.359219919998278
2022-12-28,HENDERSON,00H,SG,250.30189393939395,250.30208333333337,0.9999999999990904,0.3047999999997227,-0.12,41,-0.4,14323.949999999999,-0.12,65.98294,6131.051999999645,-29.35958567999828
2022-12-28,HENDERSON,00H,SG,250.3594696969697,250.3596590909091,0.9999999999990904,0.3047999999997227,-0.12,41,-3.7,1548.535135135135,-0.12,65.98294,6131.356799999645,-29.35995143999828
2022-12-28,HENDERSON,00H,SG,250.35625,250.35643939393935,0.9999999999990904,0.3047999999997227,-0.12,41,-3.5,1637.0228571428572,-0.12,65.98294,6131.661599999645,-29.36031719999828
2022-12-28,HENDERSON,00H,SG,250.30549242424243,250.30568181818185,0.9999999999990904,0.3047999999997227,-0.12,41,-0.5,11459.16,-0.12,65.98294,6131.966399999645,-29.360682959998282
2022-12-28,HENDERSON,00H,SG,250.35530303030305,250.3554924242424,0.9999999999990904,0.3047999999997227,-0.12,41,-3.4,1685.1705882352942,-0.12,65.98294,6132.2711999996445,-29.361048719998283
2022-12-28,HENDERSON,00H,SG,250.32234848484848,250.32253787878787,0.9999999999990904,0.3047999999997227,-0.12,41,-1.4,4092.557142857143,-0.12,65.98294,6132.575999999644,-29.361414479998285
2022-12-28,HENDERSON,00H,SG,250.30435606060607,250.30454545454543,0.9999999999990904,0.3047999999997227,-0.12,41,-0.4,14323.949999999999,-0.12,65.98294,6132.880799999644,-29.361780239998286
2022-12-28,HENDERSON,00H,SG,250.3090909090909,250.3092803030303,0.9999999999990904,0.3047999999997227,-0.12,41,-0.7,8185.114285714286,-0.12,65.98294,6133.185599999644,-29.362145999998287
2022-12-28,HENDERSON,00H,SG,250.31136363636364,250.31155303030303,0.9999999999990904,0.3047999999997227,-0.12,41,-0.8,7161.974999999999,-0.12,65.98294,6133.490399999644,-29.362511759998288
2022-12-28,HENDERSON,00H,SG,250.30890151515152,250.3090909090909,0.9999999999990904,0.3047999999997227,-0.12,41,-0.6,9549.300000000001,-0.12,65.98294,6133.795199999644,-29.36287751999829
2022-12-28,HENDERSON,00H,SG,250.3528409090909,250.35303030303027,0.9999999999990904,0.3047999999997227,-0.12,40,-3.4,1685.1705882352942,-0.12,64.3736,6134.099999999644,-29.36324327999829
2022-12-28,HENDERSON,00H,SG,250.3335227272727,250.33371212121213,0.9999999999990904,0.3047999999997227,-0.12,41,-2.3,2491.121739130435,-0.12,65.98294,6134.404799999644,-29.36360903999829
2022-12-28,HENDERSON,00H,SG,250.3342803030303,250.33446969696973,0.9999999999990904,0.3047999999997227,-0.12,41,-2.2,2604.354545454545,-0.12,65.98294,6134.709599999644,-29.363974799998292
2022-12-28,HENDERSON,00H,SG,250.33276515151516,250.33295454545456,0.9999999999990904,0.3047999999997227,-0.12,41,-2.1,2728.3714285714286,-0.12,65.98294,6135.0143999996435,-29.364340559998293
2022-12-28,HENDERSON,00H,SG,250.2964015151515,250.2965909090909,0.9999999999990904,0.3047999999997227,-0.12,41,-0.2,28647.899999999998,-0.12,65.98294,6135.319199999643,-29.364706319998295
2022-12-28,HENDERSON,00H,SG,250.34905303030305,250.3492424242424,0.9999999999990904,0.3047999999997227,-0.12,41,-3.2,1790.4937499999999,-0.12,65.98294,6135.623999999643,-29.365072079998296
2022-12-28,HENDERSON,00H,SG,250.1532196969697,250.1534090909091,0.9999999999990904,0.3047999999997227,-0.12,41,0.0,1000000.0,-0.12,65.98294,6135.928799999643,-29.365437839998297
2022-12-28,HENDERSON,00H,SG,250.3,250.3001893939394,0.9999999999990904,0.3047999999997227,-0.12,41,-0.2,28647.899999999998,-0.12,65.98294,6136.233599999643,-29.365803599998298
2022-12-28,HENDERSON,00H,SG,250.3001893939394,250.3003787878788,0.9999999999990904,0.3047999999997227,-0.12,41,-0.3,19098.600000000002,-0.12,65.98294,6136.538399999643,-29.3661693599983
2022-12-28,HENDERSON,00H,SG,250.3098484848485,250.31003787878788,0.9999999999990904,0.3047999999997227,-0.12,41,-0.7,8185.114285714286,-0.12,65.98294,6136.843199999643,-29.3665351199983
2022-12-28,HENDERSON,00H,SG,250.34147727272727,250.34166666666667,0.9999999999990904,0.3047999999997227,-0.12,41,-2.6,2203.6846153846154,-0.12,65.98294,6137.147999999643,-29.3669008799983
2022-12-28,HENDERSON,00H,SG,250.2977272727273,250.29791666666668,0.9999999999990904,0.3047999999997227,-0.12,41,-0.2,28647.899999999998,-0.12,65.98294,6137.452799999643,-29.367266639998302
2022-12-28,HENDERSON,00H,SG,250.3376893939394,250.3378787878788,0.9999999999990904,0.3047999999997227,-0.12,41,-2.5,2291.832,-0.12,65.98294,6137.7575999996425,-29.367632399998303
2022-12-28,HENDERSON,00H,SG,250.3058712121212,250.3060606060606,0.9999999999990904,0.3047999999997227,-0.12,41,-0.6,9549.300000000001,-0.12,65.98294,6138.062399999642,-29.367998159998304
2022-12-28,HENDERSON,00H,SG,250.33125,250.3314393939394,0.9999999999990904,0.3047999999997227,-0.12,41,-2.0,2864.79,-0.12,65.98294,6138.367199999642,-29.368363919998306
2022-12-28,HENDERSON,00H,SG,250.3348484848485,250.3350378787879,0.9999999999990904,0.3047999999997227,-0.12,41,-2.2,2604.354545454545,-0.12,65.98294,6138.671999999642,-29.368729679998307
2022-12-28,HENDERSON,00H,SG,250.3469696969697,250.3471590909091,0.9999999999990904,0.3047999999997227,-0.12,41,-2.9,1975.7172413793103,-0.12,65.98294,6138.976799999642,-29.369095439998308
2022-12-28,HENDERSON,00H,SG,250.35454545454544,250.35473484848484,0.9999999999990904,0.3047999999997227,-0.12,41,-3.5,1637.0228571428572,-0.12,65.98294,6139.281599999642,-29.36946119999831
2022-12-28,HENDERSON,00H,SG,250.3068181818182,250.3070075757576,0.9999999999990904,0.3047999999997227,-0.12,41,-0.5,11459.16,-0.12,65.98294,6139.586399999642,-29.36982695999831
2022-12-28,HENDERSON,00H,SG,250.3246212121212,250.3248106060606,0.9999999999990904,0.3047999999997227,-0.12,41,-1.6,3580.9874999999997,-0.12,65.98294,6139.891199999642,-29.37019271999831
2022-12-28,HENDERSON,00H,SG,250.33655303030304,250.33674242424243,0.9999999999990904,0.3047999999997227,-0.12,41,-2.3,2491.121739130435,-0.12,65.98294,6140.195999999642,-29.370558479998312
2022-12-28,HENDERSON,00H,SG,250.35643939393935,250.3566287878788,0.9999999999990904,0.3047999999997227,-0.12,40,-3.5,1637.0228571428572,-0.12,64.3736,6140.5007999996415,-29.370924239998313
2022-12-28,HENDERSON,00H,SG,250.31931818181815,250.31950757575757,0.9999999999990904,0.3047999999997227,-0.12,41,-1.3,4407.369230769231,-0.12,65.98294,6140.805599999641,-29.371289999998314
2022-12-28,HENDERSON,00H,SG,250.3219696969697,250.32234848484848,1.999999999998181,0.6095999999994455,-0.12,41,-1.5,3819.72,-0.12,65.98294,6141.415199999641,-29.371655759998315
2022-12-28,HENDERSON,00H,SG,250.30397727272728,250.30435606060607,1.999999999998181,0.6095999999994455,-0.12,41,-0.5,11459.16,-0.12,65.98294,6142.024799999641,-29.372387279998314
2022-12-28,HENDERSON,00H,SG,250.31742424242424,250.31780303030305,1.999999999998181,0.6095999999994455,-0.12,41,-1.2,4774.650000000001,-0.12,65.98294,6142.634399999641,-29.373118799998313
2022-12-28,HENDERSON,00H,SG,250.33693181818185,250.3373106060606,1.999999999998181,0.6095999999994455,-0.12,41,-2.5,2291.832,-0.12,65.98294,6143.24399999964,-29.37385031999831
2022-12-28,HENDERSON,00H,SG,250.3435606060606,250.3439393939394,1.999999999998181,0.6095999999994455,-0.12,41,-2.9,1975.7172413793103,-0.12,65.98294,6143.85359999964,-29.37458183999831
2022-12-28,HENDERSON,00H,SG,250.29791666666668,250.29829545454547,1.999999999998181,0.6095999999994455,-0.12,41,-0.1,57295.799999999996,-0.12,65.98294,6144.46319999964,-29.37531335999831
2022-12-28,HENDERSON,00H,SG,250.31155303030303,250.31193181818185,1.999999999998181,0.6095999999994455,-0.12,41,-0.9,6366.2,-0.12,65.98294,6145.07279999964,-29.376044879998307
2022-12-28,HENDERSON,00H,SG,250.3007575757576,250.30113636363637,1.999999999998181,0.6095999999994455,-0.12,41,-0.3,19098.600000000002,-0.12,65.98294,6145.6823999996395,-29.376776399998306
2022-12-28,HENDERSON,00H,SG,250.3092803030303,250.3096590909091,1.999999999998181,0.6095999999994455,-0.12,41,-0.6,9549.300000000001,-0.12,65.98294,6146.291999999639,-29.377507919998305
2022-12-28,HENDERSON,00H,SG,250.3554924242424,250.3558712121212,1.999999999998181,0.6095999999994455,-0.12,41,-3.5,1637.0228571428572,-0.12,65.98294,6146.901599999639,-29.378239439998303
2022-12-28,HENDERSON,00H,SG,250.32556818181817,250.32594696969696,1.999999999998181,0.6095999999994455,-0.12,41,-1.7,3370.3411764705884,-0.12,65.98294,6147.511199999639,-29.378970959998302
2022-12-28,HENDERSON,00H,SG,250.35056818181815,250.35094696969696,1.999999999998181,0.6095999999994455,-0.12,41,-3.2,1790.4937499999999,-0.12,65.98294,6148.120799999639,-29.3797024799983
2022-12-28,HENDERSON,00H,SG,250.33446969696973,250.3348484848485,1.999999999998181,0.6095999999994455,-0.12,41,-2.3,2491.121739130435,-0.12,65.98294,6148.730399999638,-29.3804339999983
2022-12-28,HENDERSON,00H,SG,250.3492424242424,250.3496212121212,1.999999999998181,0.6095999999994455,-0.12,41,-3.1,1848.2516129032258,-0.12,65.98294,6149.339999999638,-29.381165519998298
2022-12-28,HENDERSON,00H,SG,250.3248106060606,250.32518939393935,1.999999999998181,0.6095999999994455,-0.12,41,-1.7,3370.3411764705884,-0.12,65.98294,6149.949599999638,-29.381897039998297
2022-12-28,HENDERSON,00H,SG,250.35492424242423,250.35530303030305,1.999999999998181,0.6095999999994455,-0.12,41,-3.5,1637.0228571428572,-0.12,65.98294,6150.559199999638,-29.382628559998295
2022-12-28,HENDERSON,00H,SG,250.32594696969696,250.32632575757577,1.999999999998181,0.6095999999994455,-0.12,41,-1.8,3183.1,-0.12,65.98294,6151.1687999996375,-29.383360079998294
2022-12-28,HENDERSON,00H,SG,250.33030303030304,250.33068181818183,1.999999999998181,0.6095999999994455,-0.12,41,-1.9,3015.5684210526315,-0.12,65.98294,6151.778399999637,-29.384091599998293
2022-12-28,HENDERSON,00H,SG,250.33390151515152,250.3342803030303,1.999999999998181,0.6095999999994455,-0.12,41,-2.3,2491.121739130435,-0.12,65.98294,6152.387999999637,-29.38482311999829
2022-12-28,HENDERSON,00H,SG,250.33068181818183,250.33106060606065,1.999999999998181,0.6095999999994455,-0.12,41,-2.0,2864.79,-0.12,65.98294,6152.997599999637,-29.38555463999829
2022-12-28,HENDERSON,00H,SG,250.30511363636364,250.30549242424243,1.999999999998181,0.6095999999994455,-0.12,41,-0.4,14323.949999999999,-0.12,65.98294,6153.607199999637,-29.38628615999829
2022-12-28,HENDERSON,00H,SG,250.31041666666667,250.31079545454543,1.999999999998181,0.6095999999994455,-0.12,41,-0.8,7161.974999999999,-0.12,65.98294,6154.216799999636,-29.387017679998287
2022-12-28,HENDERSON,00H,SG,250.3143939393939,250.31477272727273,1.999999999998181,0.6095999999994455,-0.12,41,-0.9,6366.2,-0.12,65.98294,6154.826399999636,-29.387749199998286
2022-12-28,HENDERSON,00H,SG,250.35340909090908,250.35378787878787,1.999999999998181,0.6095999999994455,-0.12,41,-3.3,1736.2363636363636,-0.12,65.98294,6155.435999999636,-29.388480719998284
2022-12-28,HENDERSON,00H,SG,250.3070075757576,250.30738636363637,1.999999999998181,0.6095999999994455,-0.12,41,-0.6,9549.300000000001,-0.12,65.98294,6156.045599999636,-29.389212239998283
2022-12-28,HENDERSON,00H,SG,250.32518939393935,250.32556818181817,1.999999999998181,0.6095999999994455,-0.12,41,-1.6,3580.9874999999997,-0.12,65.98294,6156.655199999635,-29.389943759998282
2022-12-28,HENDERSON,00H,SG,250.3373106060606,250.3376893939394,1.999999999998181,0.6095999999994455,-0.12,41,-2.4,2387.3250000000003,-0.12,65.98294,6157.264799999635,-29.39067527999828
2022-12-28,HENDERSON,00H,SG,250.34166666666667,250.34204545454543,1.999999999998181,0.6095999999994455,-0.12,41,-2.8,2046.2785714285715,-0.12,65.98294,6157.874399999635,-29.39140679999828
2022-12-28,HENDERSON,00H,SG,250.2965909090909,250.29696969696968,1.999999999998181,0.6095999999994455,-0.12,41,-0.1,57295.799999999996,-0.12,65.98294,6158.483999999635,-29.392138319998278
2022-12-28,HENDERSON,00H,SG,250.3030303030303,250.3034090909091,1.999999999998181,0.6095999999994455,-0.12,41,-0.3,19098.600000000002,-0.12,65.98294,6159.0935999996345,-29.392869839998276
2022-12-28,HENDERSON,00H,SG,250.35719696969696,250.35757575757577,1.999999999998181,0.6095999999994455,-0.12,41,-3.6,1591.55,-0.12,65.98294,6159.703199999634,-29.393601359998275
2022-12-28,HENDERSON,00H,SG,250.3003787878788,250.3007575757576,1.999999999998181,0.6095999999994455,-0.12,41,-0.2,28647.899999999998,-0.12,65.98294,6160.312799999634,-29.394332879998274
2022-12-28,HENDERSON,00H,SG,250.30208333333337,250.30246212121213,1.999999999998181,0.6095999999994455,-0.12,41,-0.3,19098.600000000002,-0.12,65.98294,6160.922399999634,-29.395064399998272
2022-12-28,HENDERSON,00H,SG,250.31988636363636,250.32026515151512,1.999999999998181,0.6095999999994455,-0.12,41,-1.3,4407.369230769231,-0.12,65.98294,6161.531999999634,-29.39579591999827
2022-12-28,HENDERSON,00H,SG,250.3596590909091,250.3600378787879,1.999999999998181,0.6095999999994455,-0.12,41,-3.6,1591.55,-0.12,65.98294,6162.141599999633,-29.39652743999827
2022-12-28,HENDERSON,00H,SG,250.31950757575757,250.31988636363636,1.999999999998181,0.6095999999994455,-0.12,41,-1.4,4092.557142857143,-0.12,65.98294,6162.751199999633,-29.39725895999827
2022-12-28,HENDERSON,00H,SG,250.3464015151515,250.3467803030303,1.999999999998181,0.6095999999994455,-0.12,41,-2.9,1975.7172413793103,-0.12,65.98294,6163.360799999633,-29.397990479998267
2022-12-28,HENDERSON,00H,SG,250.3272727272727,250.3276515151515,1.999999999998181,0.6095999999994455,-0.12,41,-1.9,3015.5684210526315,-0.12,65.98294,6163.970399999633,-29.398721999998266
2022-12-28,HENDERSON,00H,SG,250.3558712121212,250.35625,1.999999999998181,0.6095999999994455,-0.12,41,-3.4,1685.1705882352942,-0.12,65.98294,6164.5799999996325,-29.399453519998264
2022-12-28,HENDERSON,00H,SG,250.32670454545453,250.32708333333332,1.999999999998181,0.6095999999994455,-0.12,41,-1.7,3370.3411764705884,-0.12,65.98294,6165.189599999632,-29.400185039998263
2022-12-28,HENDERSON,00H,SG,250.33295454545456,250.33333333333337,1.999999999998181,0.6095999999994455,-0.12,41,-2.2,2604.354545454545,-0.12,65.98294,6165.799199999632,-29.40091655999826
2022-12-28,HENDERSON,00H,SG,250.3501893939394,250.35056818181815,1.999999999998181,0.6095999999994455,-0.12,41,-3.1,1848.2516129032258,-0.12,65.98294,6166.408799999632,-29.40164807999826
2022-12-28,HENDERSON,00H,SG,250.35094696969696,250.35151515151512,2.9999999999972715,0.9143999999991684,-0.12,41,-3.3,1736.2363636363636,-0.12,65.98294,6167.323199999631,-29.40237959999826
2022-12-28,HENDERSON,00H,SG,250.31666666666663,250.31723484848484,2.9999999999972715,0.9143999999991684,-0.12,41,-1.2,4774.650000000001,-0.12,65.98294,6168.237599999629,-29.40347687999826
2022-12-28,HENDERSON,00H,SG,250.31382575757576,250.3143939393939,2.9999999999972715,0.9143999999991684,-0.12,41,-1.0,5729.58,-0.12,65.98294,6169.151999999628,-29.40457415999826
2022-12-28,HENDERSON,00H,SG,250.31079545454543,250.31136363636364,2.9999999999972715,0.9143999999991684,-0.12,41,-0.7,8185.114285714286,-0.12,65.98294,6170.066399999627,-29.405671439998258
2022-12-28,HENDERSON,00H,SG,250.35151515151512,250.35208333333333,2.9999999999972715,0.9143999999991684,-0.12,41,-3.2,1790.4937499999999,-0.12,65.98294,6170.980799999626,-29.406768719998258
2022-12-28,HENDERSON,00H,SG,250.30625,250.3068181818182,2.9999999999972715,0.9143999999991684,-0.12,41,-0.6,9549.300000000001,-0.12,65.98294,6171.895199999624,-29.407865999998258
2022-12-28,HENDERSON,00H,SG,250.3132575757576,250.31382575757576,2.9999999999972715,0.9143999999991684,-0.12,41,-0.9,6366.2,-0.12,65.98294,6172.809599999623,-29.408963279998257
2022-12-28,HENDERSON,00H,SG,250.3297348484849,250.33030303030304,2.9999999999972715,0.9143999999991684,-0.12,41,-2.0,2864.79,-0.12,65.98294,6173.723999999622,-29.410060559998257
2022-12-28,HENDERSON,00H,SG,250.30132575757577,250.30189393939395,2.9999999999972715,0.9143999999991684,-0.12,41,-0.3,19098.600000000002,-0.12,65.98294,6174.638399999621,-29.411157839998257
2022-12-28,HENDERSON,00H,SG,250.30246212121213,250.3030303030303,2.9999999999972715,0.9143999999991684,-0.12,41,-0.4,14323.949999999999,-0.12,65.98294,6175.552799999619,-29.412255119998257
2022-12-28,HENDERSON,00H,SG,250.35757575757577,250.35814393939393,2.9999999999972715,0.9143999999991684,-0.12,41,-3.5,1637.0228571428572,-0.12,65.98294,6176.467199999618,-29.413352399998256
2022-12-28,HENDERSON,00H,SG,250.34242424242424,250.3429924242424,2.9999999999972715,0.9143999999991684,-0.12,41,-2.7,2122.0666666666666,-0.12,65.98294,6177.381599999617,-29.414449679998256
2022-12-28,HENDERSON,00H,SG,250.30454545454543,250.30511363636364,2.9999999999972715,0.9143999999991684,-0.12,41,-0.5,11459.16,-0.12,65.98294,6178.295999999616,-29.415546959998256
2022-12-28,HENDERSON,00H,SG,250.3429924242424,250.3435606060606,2.9999999999972715,0.9143999999991684,-0.12,41,-2.8,2046.2785714285715,-0.12,65.98294,6179.210399999614,-29.416644239998256
2022-12-28,HENDERSON,00H,SG,250.34810606060609,250.34867424242424,2.9999999999972715,0.9143999999991684,-0.12,41,-3.0,1909.86,-0.12,65.98294,6180.124799999613,-29.417741519998255
2022-12-28,HENDERSON,00H,SG,250.3314393939394,250.3320075757576,2.9999999999972715,0.9143999999991684,-0.12,41,-2.1,2728.3714285714286,-0.12,65.98294,6181.039199999612,-29.418838799998255
2022-12-28,HENDERSON,00H,SG,250.3496212121212,250.3501893939394,2.9999999999972715,0.9143999999991684,-0.12,41,-3.2,1790.4937499999999,-0.12,65.98294,6181.953599999611,-29.419936079998255
2022-12-28,HENDERSON,00H,SG,250.3212121212121,250.32178030303027,2.9999999999972715,0.9143999999991684,-0.12,41,-1.5,3819.72,-0.12,65.98294,6182.867999999609,-29.421033359998255
2022-12-28,HENDERSON,00H,SG,250.29943181818183,250.3,2.9999999999972715,0.9143999999991684,-0.12,41,-0.3,19098.600000000002,-0.12,65.98294,6183.782399999608,-29.422130639998255
2022-12-28,HENDERSON,00H,SG,250.3566287878788,250.35719696969696,2.9999999999972715,0.9143999999991684,-0.12,41,-3.5,1637.0228571428572,-0.12,65.98294,6184.696799999607,-29.423227919998254
2022-12-28,HENDERSON,00H,SG,250.33219696969695,250.33276515151516,2.9999999999972715,0.9143999999991684,-0.12,41,-2.2,2604.354545454545,-0.12,65.98294,6185.611199999606,-29.424325199998254
2022-12-28,HENDERSON,00H,SG,250.2969696969697,250.2975378787879,2.9999999999972715,0.9143999999991684,-0.12,41,-0.2,28647.899999999998,-0.12,65.98294,6186.525599999604,-29.425422479998254
2022-12-28,HENDERSON,00H,SG,250.32367424242423,250.3244318181818,3.999999999996362,1.2191999999988912,-0.12,41,-1.6,3580.9874999999997,-0.12,65.98294,6187.744799999603,-29.426519759998254
2022-12-28,HENDERSON,00H,SG,250.3151515151515,250.3159090909091,3.999999999996362,1.2191999999988912,-0.12,41,-1.0,5729.58,-0.12,65.98294,6188.963999999602,-29.42798279999825
2022-12-28,HENDERSON,00H,SG,250.34734848484848,250.34810606060609,3.999999999996362,1.2191999999988912,-0.12,41,-3.1,1848.2516129032258,-0.12,65.98294,6190.1831999996,-29.429445839998248
2022-12-28,HENDERSON,00H,SG,250.3159090909091,250.31666666666663,3.999999999996362,1.2191999999988912,-0.12,41,-1.1,5208.70909090909,-0.12,65.98294,6191.402399999599,-29.430908879998245
2022-12-28,HENDERSON,00H,SG,250.3439393939394,250.34469696969697,3.999999999996362,1.2191999999988912,-0.12,41,-2.8,2046.2785714285715,-0.12,65.98294,6192.6215999995975,-29.432371919998243
2022-12-28,HENDERSON,00H,SG,250.3456439393939,250.3464015151515,3.999999999996362,1.2191999999988912,-0.12,41,-3.0,1909.86,-0.12,65.98294,6193.840799999596,-29.43383495999824
2022-12-28,HENDERSON,00H,SG,250.32253787878787,250.32329545454544,3.999999999996362,1.2191999999988912,-0.12,41,-1.5,3819.72,-0.12,65.98294,6195.059999999595,-29.435297999998237
2022-12-28,HENDERSON,00H,SG,250.35378787878787,250.35454545454544,3.999999999996362,1.2191999999988912,-0.12,41,-3.4,1685.1705882352942,-0.12,65.98294,6196.279199999593,-29.436761039998235
2022-12-28,HENDERSON,00H,SG,250.35208333333333,250.3528409090909,3.999999999996362,1.2191999999988912,-0.12,41,-3.3,1736.2363636363636,-0.12,65.98294,6197.498399999592,-29.438224079998232
2022-12-28,HENDERSON,00H,SG,250.3378787878788,250.33863636363637,3.999999999996362,1.2191999999988912,-0.12,41,-2.4,2387.3250000000003,-0.12,65.98294,6198.717599999591,-29.43968711999823
2022-12-28,HENDERSON,00H,SG,250.3121212121212,250.31306818181815,4.9999999999954525,1.523999999998614,-0.12,41,-0.9,6366.2,-0.12,65.98294,6200.241599999589,-29.441150159998227
2022-12-28,HENDERSON,00H,SG,250.34469696969697,250.3456439393939,4.9999999999954525,1.523999999998614,-0.12,41,-2.9,1975.7172413793103,-0.12,65.98294,6201.765599999588,-29.442978959998225
2022-12-28,HENDERSON,00H,SG,250.32026515151512,250.3212121212121,4.9999999999954525,1.523999999998614,-0.12,41,-1.4,4092.557142857143,-0.12,65.98294,6203.289599999586,-29.444807759998223
2022-12-28,HENDERSON,00H,SG,250.33560606060607,250.33655303030304,4.9999999999954525,1.523999999998614,-0.12,41,-2.4,2387.3250000000003,-0.12,65.98294,6204.813599999585,-29.446636559998222
2022-12-28,HENDERSON,00H,SG,250.3405303030303,250.34147727272727,4.9999999999954525,1.523999999998614,-0.12,41,-2.7,2122.0666666666666,-0.12,65.98294,6206.337599999583,-29.44846535999822
2022-12-28,HENDERSON,00H,SG,250.3183712121212,250.31931818181815,4.9999999999954525,1.523999999998614,-0.12,41,-1.2,4774.650000000001,-0.12,65.98294,6207.861599999582,-29.45029415999822
2022-12-28,HENDERSON,00H,SG,250.29829545454547,250.29943181818183,5.999999999994543,1.8287999999983369,-0.12,41,-0.2,28647.899999999998,-0.12,65.98294,6209.69039999958,-29.452122959998217
2022-12-28,HENDERSON,00H,SG,250.30776515151516,250.30890151515152,5.999999999994543,1.8287999999983369,-0.12,41,-0.7,8185.114285714286,-0.12,65.98294,6211.519199999579,-29.454317519998217
2022-12-28,HENDERSON,00H,SG,250.35814393939393,250.35946969696968,6.9999999999936335,2.1335999999980597,-0.12,41,-3.6,1591.55,-0.12,65.98294,6213.652799999577,-29.456512079998216
2022-12-28,HENDERSON,00H,SG,250.3278409090909,250.32935606060607,8.00000000014279,2.438400000043522,-0.12,41,-1.9,3015.5684210526315,-0.12,65.98294,6216.091199999621,-29.459072399998213
2022-12-28,HENDERSON,00H,SG,250.33863636363637,250.3403409090909,8.999999999991815,2.743199999997505,-0.12,41,-2.6,2203.6846153846154,-0.12,65.98294,6218.834399999618,-29.461998479998265
2022-12-28,HENDERSON,00H,SG,250.1535984848485,250.15568181818185,10.999999999989996,3.3527999999969507,-0.12,41,0.0,1000000.0,-0.12,65.98294,6222.187199999615,-29.46529031999826
2022-12-28,HENDERSON,00H,SG,250.15094696969695,250.1532196969697,11.999999999989086,3.6575999999966737,-0.12,41,-0.1,57295.799999999996,-0.12,65.98294,6225.8447999996115,-29.46931367999826
2022-12-28,HENDERSON,00H,SG,250.2907196969697,250.2964015151515,29.999999999972715,9.143999999991685,-0.12,41,-0.1,57295.799999999996,-0.12,65.98294,6234.9887999996035,-29.473702799998254
2022-12-28,HENDERSON,00H,SG,250.07007575757575,250.15094696969695,427.00000000006185,130.14960000001886,-0.12,41,0.0,1000000.0,-0.12,65.98294,6365.138399999622,-29.484675599998244
2022-12-28,HENDERSON,00H,SG,250.1558712121212,250.2907196969697,711.9999999999527,217.0175999999856,-0.12,41,0.0,1000000.0,-0.12,65.98294,6582.155999999608,-29.640855119998267
2022-12-28,HENDERSON,00H,SG,251.93125,251.9314393939394,0.9999999999990904,0.3047999999997227,0.0,43,0.0,1000000.0,0.0,69.20162,6582.460799999608,-29.90127623999825
2022-12-28,HENDERSON,00H,SG,251.90416666666667,251.9043560606061,0.9999999999990904,0.3047999999997227,0.0,43,0.0,1000000.0,0.0,69.20162,6582.765599999608,-29.90127623999825
2022-12-28,HENDERSON,00H,SG,248.84867424242424,248.84886363636363,0.9999999999990904,0.3047999999997227,0.0,43,-0.6,9549.300000000001,0.0,69.20162,6583.070399999608,-29.90127623999825
2022-12-28,HENDERSON,00H,SG,248.86117424242423,248.86136363636365,0.9999999999990904,0.3047999999997227,0.0,43,-0.3,19098.600000000002,0.0,69.20162,6583.3751999996075,-29.90127623999825
2022-12-28,HENDERSON,00H,SG,248.86799242424243,248.86818181818185,0.9999999999990904,0.3047999999997227,0.0,43,0.0,1000000.0,0.0,69.20162,6583.679999999607,-29.90127623999825
2022-12-28,HENDERSON,00H,SG,252.61174242424244,252.61193181818183,0.9999999999990904,0.3047999999997227,0.0,47,0.0,1000000.0,0.0,75.63898,6583.984799999607,-29.90127623999825
2022-12-28,HENDERSON,00H,SG,248.67897727272728,248.67916666666667,0.9999999999990904,0.3047999999997227,0.0,43,-1.4,4092.557142857143,0.0,69.20162,6584.289599999607,-29.90127623999825
2022-12-28,HENDERSON,00H,SG,248.68863636363636,248.68882575757576,0.9999999999990904,0.3047999999997227,0.0,43,-2.0,2864.79,0.0,69.20162,6584.594399999607,-29.90127623999825
2022-12-28,HENDERSON,00H,SG,248.27954545454543,248.27973484848485,0.9999999999990904,0.3047999999997227,0.0,41,1.7,3370.3411764705884,0.0,65.98294,6584.899199999607,-29.90127623999825
2022-12-28,HENDERSON,00H,SG,248.875,248.8751893939394,0.9999999999990904,0.3047999999997227,0.0,44,0.0,1000000.0,0.0,70.81096,6585.203999999607,-29.90127623999825
2022-12-28,HENDERSON,00H,SG,248.84507575757576,248.84526515151515,0.9999999999990904,0.3047999999997227,0.0,43,-0.7,8185.114285714286,0.0,69.20162,6585.508799999607,-29.90127623999825
2022-12-28,HENDERSON,00H,SG,252.38276515151512,252.38295454545457,0.9999999999990904,0.3047999999997227,0.0,46,0.0,1000000.0,0.0,74.02964,6585.813599999607,-29.90127623999825
2022-12-28,HENDERSON,00H,SG,248.8602272727273,248.86041666666668,0.9999999999990904,0.3047999999997227,0.0,43,-0.3,19098.600000000002,0.0,69.20162,6586.1183999996065,-29.90127623999825
2022-12-28,HENDERSON,00H,SG,248.27973484848485,248.27992424242424,0.9999999999990904,0.3047999999997227,0.0,41,1.8,3183.1,0.0,65.98294,6586.423199999606,-29.90127623999825
2022-12-28,HENDERSON,00H,SG,248.84015151515152,248.8403409090909,0.9999999999990904,0.3047999999997227,0.0,43,-0.9,6366.2,0.0,69.20162,6586.727999999606,-29.90127623999825
2022-12-28,HENDERSON,00H,SG,248.85056818181815,248.85075757575757,0.9999999999990904,0.3047999999997227,0.0,43,-0.5,11459.16,0.0,69.20162,6587.032799999606,-29.90127623999825
2022-12-28,HENDERSON,00H,SG,248.85454545454544,248.85473484848484,0.9999999999990904,0.3047999999997227,0.0,43,-0.4,14323.949999999999,0.0,69.20162,6587.337599999606,-29.90127623999825
2022-12-28,HENDERSON,00H,SG,252.4217803030303,252.42196969696968,0.9999999999990904,0.3047999999997227,0.0,45,0.0,1000000.0,0.0,72.4203,6587.642399999606,-29.90127623999825
2022-12-28,HENDERSON,00H,SG,248.84204545454543,248.84223484848485,0.9999999999990904,0.3047999999997227,0.0,43,-0.9,6366.2,0.0,69.20162,6587.947199999606,-29.90127623999825
2022-12-28,HENDERSON,00H,SG,248.8600378787879,248.8602272727273,0.9999999999990904,0.3047999999997227,0.0,43,-0.2,28647.899999999998,0.0,69.20162,6588.251999999606,-29.90127623999825
2022-12-28,HENDERSON,00H,SG,248.7022727272727,248.7024621212121,0.9999999999990904,0.3047999999997227,0.0,43,-2.6,2203.6846153846154,0.0,69.20162,6588.556799999606,-29.90127623999825
2022-12-28,HENDERSON,00H,SG,248.7024621212121,248.7026515151515,0.9999999999990904,0.3047999999997227,0.0,43,-2.5,2291.832,0.0,69.20162,6588.8615999996055,-29.90127623999825
2022-12-28,HENDERSON,00H,SG,248.86818181818185,248.8683712121212,0.9999999999990904,0.3047999999997227,0.0,44,0.0,1000000.0,0.0,70.81096,6589.166399999605,-29.90127623999825
2022-12-28,HENDERSON,00H,SG,251.94375,251.9439393939394,0.9999999999990904,0.3047999999997227,0.0,43,0.0,1000000.0,0.0,69.20162,6589.471199999605,-29.90127623999825
2022-12-28,HENDERSON,00H,SG,248.6994318181818,248.6996212121212,0.9999999999990904,0.3047999999997227,0.0,43,-2.5,2291.832,0.0,69.20162,6589.775999999605,-29.90127623999825
2022-12-28,HENDERSON,00H,SG,252.4272727272727,252.42746212121213,0.9999999999990904,0.3047999999997227,0.0,45,0.0,1000000.0,0.0,72.4203,6590.080799999605,-29.90127623999825
2022-12-28,HENDERSON,00H,SG,248.8418560606061,248.84204545454543,0.9999999999990904,0.3047999999997227,0.0,43,-0.8,7161.974999999999,0.0,69.20162,6590.385599999605,-29.90127623999825
2022-12-28,HENDERSON,00H,SG,248.85113636363636,248.85132575757575,0.9999999999990904,0.3047999999997227,0.0,43,-0.5,11459.16,0.0,69.20162,6590.690399999605,-29.90127623999825
2022-12-28,HENDERSON,00H,SG,252.43257575757576,252.43276515151516,0.9999999999990904,0.3047999999997227,0.0,45,0.0,1000000.0,0.0,72.4203,6590.995199999605,-29.90127623999825
2022-12-28,HENDERSON,00H,SG,248.6787878787879,248.67897727272728,0.9999999999990904,0.3047999999997227,0.0,43,-1.5,3819.72,0.0,69.20162,6591.299999999605,-29.90127623999825
2022-12-28,HENDERSON,00H,SG,248.67992424242425,248.68011363636364,0.9999999999990904,0.3047999999997227,0.0,43,-1.6,3580.9874999999997,0.0,69.20162,6591.604799999604,-29.90127623999825
2022-12-28,HENDERSON,00H,SG,252.4234848484849,252.42367424242423,0.9999999999990904,0.3047999999997227,0.0,45,0.0,1000000.0,0.0,72.4203,6591.909599999604,-29.90127623999825
2022-12-28,HENDERSON,00H,SG,248.84772727272727,248.84791666666663,0.9999999999990904,0.3047999999997227,0.0,43,-0.6,9549.300000000001,0.0,69.20162,6592.214399999604,-29.90127623999825
2022-12-28,HENDERSON,00H,SG,248.85719696969696,248.85738636363635,0.9999999999990904,0.3047999999997227,0.0,44,-0.4,14323.949999999999,0.0,70.81096,6592.519199999604,-29.90127623999825
2022-12-28,HENDERSON,00H,SG,248.68276515151516,248.68314393939391,1.999999999998181,0.6095999999994455,0.0,43,-1.6,3580.9874999999997,0.0,69.20162,6593.128799999604,-29.90127623999825
2022-12-28,HENDERSON,00H,SG,248.69678030303027,248.69715909090908,1.999999999998181,0.6095999999994455,0.0,43,-2.4,2387.3250000000003,0.0,69.20162,6593.738399999604,-29.90127623999825
2022-12-28,HENDERSON,00H,SG,252.42897727272728,252.42935606060607,1.999999999998181,0.6095999999994455,0.0,45,0.0,1000000.0,0.0,72.4203,6594.347999999603,-29.90127623999825
2022-12-28,HENDERSON,00H,SG,248.8403409090909,248.8407196969697,1.999999999998181,0.6095999999994455,0.0,43,-1.0,5729.58,0.0,69.20162,6594.957599999603,-29.90127623999825
2022-12-28,HENDERSON,00H,SG,248.84886363636363,248.8492424242424,1.999999999998181,0.6095999999994455,0.0,43,-0.7,8185.114285714286,0.0,69.20162,6595.567199999603,-29.90127623999825
2022-12-28,HENDERSON,00H,SG,252.62045454545455,252.62083333333337,1.999999999998181,0.6095999999994455,0.0,47,0.0,1000000.0,0.0,75.63898,6596.176799999603,-29.90127623999825
2022-12-28,HENDERSON,00H,SG,248.85473484848484,248.85511363636363,1.999999999998181,0.6095999999994455,0.0,43,-0.5,11459.16,0.0,69.20162,6596.7863999996025,-29.90127623999825
2022-12-28,HENDERSON,00H,SG,248.8751893939394,248.87556818181815,1.999999999998181,0.6095999999994455,0.0,44,0.1,57295.799999999996,0.0,70.81096,6597.395999999602,-29.90127623999825
2022-12-28,HENDERSON,00H,SG,248.8590909090909,248.85946969696968,1.999999999998181,0.6095999999994455,0.0,44,-0.3,19098.600000000002,0.0,70.81096,6598.005599999602,-29.90127623999825
2022-12-28,HENDERSON,00H,SG,248.9191287878788,248.91950757575756,1.999999999998181,0.6095999999994455,0.0,44,0.0,1000000.0,0.0,70.81096,6598.615199999602,-29.90127623999825
2022-12-28,HENDERSON,00H,SG,251.92916666666667,251.92954545454543,1.999999999998181,0.6095999999994455,0.0,43,0.0,1000000.0,0.0,69.20162,6599.224799999602,-29.90127623999825
2022-12-28,HENDERSON,00H,SG,252.6221590909091,252.62253787878788,1.999999999998181,0.6095999999994455,0.0,47,0.0,1000000.0,0.0,75.63898,6599.834399999601,-29.90127623999825
2022-12-28,HENDERSON,00H,SG,251.9221590909091,251.9225378787879,1.999999999998181,0.6095999999994455,0.0,43,0.0,1000000.0,0.0,69.20162,6600.443999999601,-29.90127623999825
2022-12-28,HENDERSON,00H,SG,252.61704545454543,252.61742424242425,1.999999999998181,0.6095999999994455,0.0,47,0.0,1000000.0,0.0,75.63898,6601.053599999601,-29.90127623999825
2022-12-28,HENDERSON,00H,SG,251.9255681818182,251.92594696969695,1.999999999998181,0.6095999999994455,0.0,43,0.0,1000000.0,0.0,69.20162,6601.663199999601,-29.90127623999825
2022-12-28,HENDERSON,00H,SG,248.91742424242423,248.91780303030305,1.999999999998181,0.6095999999994455,0.0,44,0.0,1000000.0,0.0,70.81096,6602.2727999996005,-29.90127623999825
2022-12-28,HENDERSON,00H,SG,248.69242424242424,248.69280303030305,1.999999999998181,0.6095999999994455,0.0,43,-2.2,2604.354545454545,0.0,69.20162,6602.8823999996,-29.90127623999825
2022-12-28,HENDERSON,00H,SG,248.85075757575757,248.85113636363636,1.999999999998181,0.6095999999994455,0.0,43,-0.6,9549.300000000001,0.0,69.20162,6603.4919999996,-29.90127623999825
2022-12-28,HENDERSON,00H,SG,251.9185606060606,251.91893939393935,1.999999999998181,0.6095999999994455,0.0,43,0.0,1000000.0,0.0,69.20162,6604.1015999996,-29.90127623999825
2022-12-28,HENDERSON,00H,SG,252.61875,252.6191287878788,1.999999999998181,0.6095999999994455,0.0,47,0.0,1000000.0,0.0,75.63898,6604.7111999996,-29.90127623999825
2022-12-28,HENDERSON,00H,SG,252.61344696969695,252.61382575757577,1.999999999998181,0.6095999999994455,0.0,47,0.0,1000000.0,0.0,75.63898,6605.320799999599,-29.90127623999825
2022-12-28,HENDERSON,00H,SG,251.93295454545455,251.93333333333337,1.999999999998181,0.6095999999994455,0.0,43,0.0,1000000.0,0.0,69.20162,6605.930399999599,-29.90127623999825
2022-12-28,HENDERSON,00H,SG,248.3096590909091,248.31003787878788,1.999999999998181,0.6095999999994455,0.0,41,0.4,14323.949999999999,0.0,65.98294,6606.539999999599,-29.90127623999825
2022-12-28,HENDERSON,00H,SG,251.91477272727272,251.9151515151515,1.999999999998181,0.6095999999994455,0.0,43,0.0,1000000.0,0.0,69.20162,6607.149599999599,-29.90127623999825
2022-12-28,HENDERSON,00H,SG,251.9202651515151,251.92064393939393,1.999999999998181,0.6095999999994455,0.0,43,0.0,1000000.0,0.0,69.20162,6607.759199999598,-29.90127623999825
2022-12-28,HENDERSON,00H,SG,248.84223484848485,248.84261363636364,1.999999999998181,0.6095999999994455,0.0,43,-0.8,7161.974999999999,0.0,69.20162,6608.368799999598,-29.90127623999825
2022-12-28,HENDERSON,00H,SG,248.85511363636363,248.8554924242424,1.999999999998181,0.6095999999994455,0.0,43,-0.4,14323.949999999999,0.0,69.20162,6608.978399999598,-29.90127623999825
2022-12-28,HENDERSON,00H,SG,248.91553030303027,248.91590909090908,1.999999999998181,0.6095999999994455,0.0,44,0.0,1000000.0,0.0,70.81096,6609.587999999598,-29.90127623999825
2022-12-28,HENDERSON,00H,SG,252.62746212121212,252.6278409090909,1.999999999998181,0.6095999999994455,0.0,47,0.0,1000000.0,0.0,75.63898,6610.1975999995975,-29.90127623999825
2022-12-28,HENDERSON,00H,SG,252.62386363636364,252.6242424242424,1.999999999998181,0.6095999999994455,0.0,47,0.0,1000000.0,0.0,75.63898,6610.807199999597,-29.90127623999825
2022-12-28,HENDERSON,00H,SG,248.69507575757575,248.69545454545457,1.999999999998181,0.6095999999994455,0.0,43,-2.3,2491.121739130435,0.0,69.20162,6611.416799999597,-29.90127623999825
2022-12-28,HENDERSON,00H,SG,248.9121212121212,248.9125,1.999999999998181,0.6095999999994455,0.0,44,0.0,1000000.0,0.0,70.81096,6612.026399999597,-29.90127623999825
2022-12-28,HENDERSON,00H,SG,248.69204545454545,248.69242424242424,1.999999999998181,0.6095999999994455,0.0,43,-2.1,2728.3714285714286,0.0,69.20162,6612.635999999597,-29.90127623999825
2022-12-28,HENDERSON,00H,SG,251.9058712121212,251.90625,1.999999999998181,0.6095999999994455,0.0,43,0.0,1000000.0,0.0,69.20162,6613.245599999596,-29.90127623999825
2022-12-28,HENDERSON,00H,SG,248.68238636363637,248.68276515151516,1.999999999998181,0.6095999999994455,0.0,43,-1.7,3370.3411764705884,0.0,69.20162,6613.855199999596,-29.90127623999825
2022-12-28,HENDERSON,00H,SG,252.41988636363635,252.4202651515151,1.999999999998181,0.6095999999994455,0.0,45,0.0,1000000.0,0.0,72.4203,6614.464799999596,-29.90127623999825
2022-12-28,HENDERSON,00H,SG,252.61515151515152,252.6155303030303,1.999999999998181,0.6095999999994455,0.0,47,0.0,1000000.0,0.0,75.63898,6615.074399999596,-29.90127623999825
2022-12-28,HENDERSON,00H,SG,248.90852272727273,248.9090909090909,2.9999999999972715,0.9143999999991684,0.0,44,0.0,1000000.0,0.0,70.81096,6615.988799999594,-29.90127623999825
2022-12-28,HENDERSON,00H,SG,248.91022727272727,248.91079545454545,2.9999999999972715,0.9143999999991684,0.0,44,0.0,1000000.0,0.0,70.81096,6616.903199999593,-29.90127623999825
2022-12-28,HENDERSON,00H,SG,252.41079545454545,252.41136363636363,2.9999999999972715,0.9143999999991684,0.0,45,0.0,1000000.0,0.0,72.4203,6617.817599999592,-29.90127623999825
2022-12-28,HENDERSON,00H,SG,248.68011363636364,248.68068181818185,2.9999999999972715,0.9143999999991684,0.0,43,-1.5,3819.72,0.0,69.20162,6618.731999999591,-29.90127623999825
2022-12-28,HENDERSON,00H,SG,248.91950757575756,248.92007575757577,2.9999999999972715,0.9143999999991684,0.0,43,0.0,1000000.0,0.0,69.20162,6619.646399999589,-29.90127623999825
2022-12-28,HENDERSON,00H,SG,248.90151515151516,248.90208333333337,2.9999999999972715,0.9143999999991684,0.0,44,0.0,1000000.0,0.0,70.81096,6620.560799999588,-29.90127623999825
2022-12-28,HENDERSON,00H,SG,251.91117424242424,251.9117424242424,2.9999999999972715,0.9143999999991684,0.0,43,0.0,1000000.0,0.0,69.20162,6621.475199999587,-29.90127623999825
2022-12-28,HENDERSON,00H,SG,252.40719696969697,252.40776515151515,2.9999999999972715,0.9143999999991684,0.0,45,0.0,1000000.0,0.0,72.4203,6622.389599999586,-29.90127623999825
2022-12-28,HENDERSON,00H,SG,252.4125,252.41306818181815,2.9999999999972715,0.9143999999991684,0.0,45,0.0,1000000.0,0.0,72.4203,6623.303999999584,-29.90127623999825
2022-12-28,HENDERSON,00H,SG,252.40530303030303,252.4058712121212,2.9999999999972715,0.9143999999991684,0.0,45,0.0,1000000.0,0.0,72.4203,6624.218399999583,-29.90127623999825
2022-12-28,HENDERSON,00H,SG,248.87140151515152,248.8719696969697,2.9999999999972715,0.9143999999991684,0.0,44,0.0,1000000.0,0.0,70.81096,6625.132799999582,-29.90127623999825
2022-12-28,HENDERSON,00H,SG,251.89848484848488,251.89905303030304,2.9999999999972715,0.9143999999991684,0.0,43,0.0,1000000.0,0.0,69.20162,6626.047199999581,-29.90127623999825
2022-12-28,HENDERSON,00H,SG,251.9128787878788,251.91344696969696,2.9999999999972715,0.9143999999991684,0.0,43,0.0,1000000.0,0.0,69.20162,6626.961599999579,-29.90127623999825
2022-12-28,HENDERSON,00H,SG,252.64696969696973,252.6475378787879,2.9999999999972715,0.9143999999991684,0.0,47,0.0,1000000.0,0.0,75.63898,6627.875999999578,-29.90127623999825
2022-12-28,HENDERSON,00H,SG,252.64886363636364,252.64943181818185,2.9999999999972715,0.9143999999991684,0.0,47,0.0,1000000.0,0.0,75.63898,6628.790399999577,-29.90127623999825
2022-12-28,HENDERSON,00H,SG,248.8943181818182,248.89488636363637,2.9999999999972715,0.9143999999991684,0.0,44,0.0,1000000.0,0.0,70.81096,6629.704799999576,-29.90127623999825
2022-12-28,HENDERSON,00H,SG,251.89659090909092,251.8971590909091,2.9999999999972715,0.9143999999991684,0.0,43,0.0,1000000.0,0.0,69.20162,6630.619199999574,-29.90127623999825
2022-12-28,HENDERSON,00H,SG,248.89261363636365,248.89318181818183,2.9999999999972715,0.9143999999991684,0.0,44,0.0,1000000.0,0.0,70.81096,6631.533599999573,-29.90127623999825
2022-12-28,HENDERSON,00H,SG,252.60795454545453,252.6085227272727,2.9999999999972715,0.9143999999991684,0.0,47,0.0,1000000.0,0.0,75.63898,6632.447999999572,-29.90127623999825
2022-12-28,HENDERSON,00H,SG,248.88560606060605,248.88617424242423,2.9999999999972715,0.9143999999991684,0.0,44,0.1,57295.799999999996,0.0,70.81096,6633.362399999571,-29.90127623999825
2022-12-28,HENDERSON,00H,SG,251.90757575757576,251.9081439393939,2.9999999999972715,0.9143999999991684,0.0,43,0.0,1000000.0,0.0,69.20162,6634.276799999569,-29.90127623999825
2022-12-28,HENDERSON,00H,SG,252.39261363636365,252.39318181818183,2.9999999999972715,0.9143999999991684,0.0,45,0.0,1000000.0,0.0,72.4203,6635.191199999568,-29.90127623999825
2022-12-28,HENDERSON,00H,SG,248.91382575757575,248.91439393939393,2.9999999999972715,0.9143999999991684,0.0,44,0.0,1000000.0,0.0,70.81096,6636.105599999567,-29.90127623999825
2022-12-28,HENDERSON,00H,SG,248.6962121212121,248.69678030303027,2.9999999999972715,0.9143999999991684,0.0,43,-2.3,2491.121739130435,0.0,69.20162,6637.019999999566,-29.90127623999825
2022-12-28,HENDERSON,00H,SG,252.64943181818185,252.65,2.9999999999972715,0.9143999999991684,0.0,46,0.0,1000000.0,0.0,74.02964,6637.934399999564,-29.90127623999825
2022-12-28,HENDERSON,00H,SG,248.85738636363635,248.85795454545453,2.9999999999972715,0.9143999999991684,0.0,44,-0.3,19098.600000000002,0.0,70.81096,6638.848799999563,-29.90127623999825
2022-12-28,HENDERSON,00H,SG,252.41628787878787,252.41685606060605,2.9999999999972715,0.9143999999991684,0.0,45,0.0,1000000.0,0.0,72.4203,6639.763199999562,-29.90127623999825
2022-12-28,HENDERSON,00H,SG,252.63636363636363,252.6369318181818,2.9999999999972715,0.9143999999991684,0.0,47,0.0,1000000.0,0.0,75.63898,6640.677599999561,-29.90127623999825
2022-12-28,HENDERSON,00H,SG,251.9092803030303,251.90984848484848,2.9999999999972715,0.9143999999991684,0.0,43,0.0,1000000.0,0.0,69.20162,6641.591999999559,-29.90127623999825
2022-12-28,HENDERSON,00H,SG,252.38541666666663,252.38598484848484,2.9999999999972715,0.9143999999991684,0.0,45,0.0,1000000.0,0.0,72.4203,6642.506399999558,-29.90127623999825
2022-12-28,HENDERSON,00H,SG,252.38011363636363,252.3806818181818,2.9999999999972715,0.9143999999991684,0.0,45,0.0,1000000.0,0.0,72.4203,6643.420799999557,-29.90127623999825
2022-12-28,HENDERSON,00H,SG,251.8912878787879,251.89185606060607,2.9999999999972715,0.9143999999991684,0.0,43,0.0,1000000.0,0.0,69.20162,6644.335199999556,-29.90127623999825
2022-12-28,HENDERSON,00H,SG,251.89488636363637,251.89545454545456,2.9999999999972715,0.9143999999991684,0.0,43,0.0,1000000.0,0.0,69.20162,6645.249599999554,-29.90127623999825
2022-12-28,HENDERSON,00H,SG,252.41439393939393,252.4149621212121,2.9999999999972715,0.9143999999991684,0.0,45,0.0,1000000.0,0.0,72.4203,6646.163999999553,-29.90127623999825
2022-12-28,HENDERSON,00H,SG,252.63276515151512,252.63333333333333,2.9999999999972715,0.9143999999991684,0.0,47,0.0,1000000.0,0.0,75.63898,6647.078399999552,-29.90127623999825
2022-12-28,HENDERSON,00H,SG,252.63465909090908,252.6352272727273,2.9999999999972715,0.9143999999991684,0.0,47,0.0,1000000.0,0.0,75.63898,6647.992799999551,-29.90127623999825
2022-12-28,HENDERSON,00H,SG,248.67007575757577,248.67064393939393,2.9999999999972715,0.9143999999991684,0.0,43,-1.0,5729.58,0.0,69.20162,6648.907199999549,-29.90127623999825
2022-12-28,HENDERSON,00H,SG,248.9032196969697,248.90378787878788,2.9999999999972715,0.9143999999991684,0.0,44,0.0,1000000.0,0.0,70.81096,6649.821599999548,-29.90127623999825
2022-12-28,HENDERSON,00H,SG,252.39621212121213,252.3967803030303,2.9999999999972715,0.9143999999991684,0.0,45,0.0,1000000.0,0.0,72.4203,6650.735999999547,-29.90127623999825
2022-12-28,HENDERSON,00H,SG,248.8731060606061,248.87367424242424,2.9999999999972715,0.9143999999991684,0.0,44,0.0,1000000.0,0.0,70.81096,6651.650399999546,-29.90127623999825
2022-12-28,HENDERSON,00H,SG,252.4179924242424,252.4185606060606,2.9999999999972715,0.9143999999991684,0.0,45,0.0,1000000.0,0.0,72.4203,6652.564799999544,-29.90127623999825
2022-12-28,HENDERSON,00H,SG,248.8890151515151,248.88958333333332,2.9999999999972715,0.9143999999991684,0.0,44,0.1,57295.799999999996,0.0,70.81096,6653.479199999543,-29.90127623999825
2022-12-28,HENDERSON,00H,SG,252.4089015151515,252.4094696969697,2.9999999999972715,0.9143999999991684,0.0,45,0.0,1000000.0,0.0,72.4203,6654.393599999542,-29.90127623999825
2022-12-28,HENDERSON,00H,SG,248.8594696969697,248.8600378787879,2.9999999999972715,0.9143999999991684,0.0,43,-0.3,19098.600000000002,0.0,69.20162,6655.307999999541,-29.90127623999825
2022-12-28,HENDERSON,00H,SG,248.69431818181815,248.69507575757575,3.999999999996362,1.2191999999988912,0.0,43,-2.2,2604.354545454545,0.0,69.20162,6656.527199999539,-29.90127623999825
2022-12-28,HENDERSON,00H,SG,248.8907196969697,248.8914772727273,3.999999999996362,1.2191999999988912,0.0,44,0.1,57295.799999999996,0.0,70.81096,6657.746399999538,-29.90127623999825
2022-12-28,HENDERSON,00H,SG,252.63806818181817,252.63882575757577,3.999999999996362,1.2191999999988912,0.0,47,0.0,1000000.0,0.0,75.63898,6658.965599999537,-29.90127623999825
2022-12-28,HENDERSON,00H,SG,248.84791666666663,248.84867424242424,3.999999999996362,1.2191999999988912,0.0,43,-0.7,8185.114285714286,0.0,69.20162,6660.184799999535,-29.90127623999825
2022-12-28,HENDERSON,00H,SG,248.86041666666668,248.86117424242423,3.999999999996362,1.2191999999988912,0.0,43,-0.2,28647.899999999998,0.0,69.20162,6661.403999999534,-29.90127623999825
2022-12-28,HENDERSON,00H,SG,248.86969696969695,248.87045454545455,3.999999999996362,1.2191999999988912,0.0,44,0.0,1000000.0,0.0,70.81096,6662.6231999995325,-29.90127623999825
2022-12-28,HENDERSON,00H,SG,252.40170454545455,252.40246212121212,3.999999999996362,1.2191999999988912,0.0,45,0.0,1000000.0,0.0,72.4203,6663.842399999531,-29.90127623999825
2022-12-28,HENDERSON,00H,SG,252.6433712121212,252.6441287878788,3.999999999996362,1.2191999999988912,0.0,47,0.0,1000000.0,0.0,75.63898,6665.06159999953,-29.90127623999825
2022-12-28,HENDERSON,00H,SG,248.8960227272727,248.8967803030303,3.999999999996362,1.2191999999988912,0.0,44,0.0,1000000.0,0.0,70.81096,6666.280799999528,-29.90127623999825
2022-12-28,HENDERSON,00H,SG,248.8873106060606,248.88806818181817,3.999999999996362,1.2191999999988912,0.0,44,0.1,57295.799999999996,0.0,70.81096,6667.499999999527,-29.90127623999825
2022-12-28,HENDERSON,00H,SG,248.8996212121212,248.9003787878788,3.999999999996362,1.2191999999988912,0.0,44,0.0,1000000.0,0.0,70.81096,6668.719199999526,-29.90127623999825
2022-12-28,HENDERSON,00H,SG,251.90189393939391,251.90265151515152,3.999999999996362,1.2191999999988912,0.0,43,0.0,1000000.0,0.0,69.20162,6669.938399999524,-29.90127623999825
2022-12-28,HENDERSON,00H,SG,248.84261363636364,248.8433712121212,3.999999999996362,1.2191999999988912,0.0,43,-0.9,6366.2,0.0,69.20162,6671.157599999523,-29.90127623999825
2022-12-28,HENDERSON,00H,SG,248.9066287878788,248.90738636363636,3.999999999996362,1.2191999999988912,0.0,44,0.0,1000000.0,0.0,70.81096,6672.376799999522,-29.90127623999825
2022-12-28,HENDERSON,00H,SG,248.67916666666667,248.67992424242425,3.999999999996362,1.2191999999988912,0.0,43,-1.5,3819.72,0.0,69.20162,6673.59599999952,-29.90127623999825
2022-12-28,HENDERSON,00H,SG,248.87670454545457,248.87746212121212,3.999999999996362,1.2191999999988912,0.0,44,0.1,57295.799999999996,0.0,70.81096,6674.815199999519,-29.90127623999825
2022-12-28,HENDERSON,00H,SG,252.3806818181818,252.3814393939394,3.999999999996362,1.2191999999988912,0.0,46,0.0,1000000.0,0.0,74.02964,6676.0343999995175,-29.90127623999825
2022-12-28,HENDERSON,00H,SG,248.69545454545457,248.6962121212121,3.999999999996362,1.2191999999988912,0.0,43,-2.2,2604.354545454545,0.0,69.20162,6677.253599999516,-29.90127623999825
2022-12-28,HENDERSON,00H,SG,252.62556818181815,252.62632575757576,3.999999999996362,1.2191999999988912,0.0,47,0.0,1000000.0,0.0,75.63898,6678.472799999515,-29.90127623999825
2022-12-28,HENDERSON,00H,SG,252.64507575757577,252.64583333333337,3.999999999996362,1.2191999999988912,0.0,47,0.0,1000000.0,0.0,75.63898,6679.691999999513,-29.90127623999825
2022-12-28,HENDERSON,00H,SG,248.89791666666667,248.89867424242425,3.999999999996362,1.2191999999988912,0.0,44,0.0,1000000.0,0.0,70.81096,6680.911199999512,-29.90127623999825
2022-12-28,HENDERSON,00H,SG,248.8554924242424,248.85625,3.999999999996362,1.2191999999988912,0.0,44,-0.4,14323.949999999999,0.0,70.81096,6682.130399999511,-29.90127623999825
2022-12-28,HENDERSON,00H,SG,248.88030303030305,248.8810606060606,3.999999999996362,1.2191999999988912,0.0,44,0.1,57295.799999999996,0.0,70.81096,6683.349599999509,-29.90127623999825
2022-12-28,HENDERSON,00H,SG,248.8784090909091,248.87916666666663,3.999999999996362,1.2191999999988912,0.0,44,0.1,57295.799999999996,0.0,70.81096,6684.568799999508,-29.90127623999825
2022-12-28,HENDERSON,00H,SG,252.3943181818182,252.39507575757577,3.999999999996362,1.2191999999988912,0.0,45,0.0,1000000.0,0.0,72.4203,6685.787999999507,-29.90127623999825
2022-12-28,HENDERSON,00H,SG,252.6397727272727,252.6405303030303,3.999999999996362,1.2191999999988912,0.0,47,0.0,1000000.0,0.0,75.63898,6687.007199999505,-29.90127623999825
2022-12-28,HENDERSON,00H,SG,252.64166666666668,252.64242424242423,3.999999999996362,1.2191999999988912,0.0,47,0.0,1000000.0,0.0,75.63898,6688.226399999504,-29.90127623999825
2022-12-28,HENDERSON,00H,SG,252.39791666666667,252.39867424242425,3.999999999996362,1.2191999999988912,0.0,45,0.0,1000000.0,0.0,72.4203,6689.4455999995025,-29.90127623999825
2022-12-28,HENDERSON,00H,SG,248.8837121212121,248.8844696969697,3.999999999996362,1.2191999999988912,0.0,44,0.1,57295.799999999996,0.0,70.81096,6690.664799999501,-29.90127623999825
2022-12-28,HENDERSON,00H,SG,248.88200757575757,248.88276515151512,3.999999999996362,1.2191999999988912,0.0,44,0.1,57295.799999999996,0.0,70.81096,6691.8839999995,-29.90127623999825
2022-12-28,HENDERSON,00H,SG,248.6996212121212,248.7003787878788,3.999999999996362,1.2191999999988912,0.0,43,-2.4,2387.3250000000003,0.0,69.20162,6693.103199999498,-29.90127623999825
2022-12-28,HENDERSON,00H,SG,248.85132575757575,248.85208333333333,3.999999999996362,1.2191999999988912,0.0,43,-0.6,9549.300000000001,0.0,69.20162,6694.322399999497,-29.90127623999825
2022-12-28,HENDERSON,00H,SG,252.38882575757577,252.38958333333332,3.999999999996362,1.2191999999988912,0.0,45,0.0,1000000.0,0.0,72.4203,6695.541599999496,-29.90127623999825
2022-12-28,HENDERSON,00H,SG,248.90492424242424,248.90568181818185,3.999999999996362,1.2191999999988912,0.0,44,0.0,1000000.0,0.0,70.81096,6696.760799999494,-29.90127623999825
2022-12-28,HENDERSON,00H,SG,252.4034090909091,252.40416666666667,3.999999999996362,1.2191999999988912,0.0,45,0.0,1000000.0,0.0,72.4203,6697.979999999493,-29.90127623999825
2022-12-28,HENDERSON,00H,SG,248.89867424242425,248.8996212121212,4.9999999999954525,1.523999999998614,0.0,43,0.0,1000000.0,0.0,69.20162,6699.5039999994915,-29.90127623999825
2022-12-28,HENDERSON,00H,SG,252.3996212121212,252.4005681818182,4.9999999999954525,1.523999999998614,0.0,45,0.0,1000000.0,0.0,72.4203,6701.02799999949,-29.90127623999825
2022-12-28,HENDERSON,00H,SG,251.8939393939394,251.89488636363637,4.9999999999954525,1.523999999998614,0.0,44,0.0,1000000.0,0.0,70.81096,6702.5519999994885,-29.90127623999825
2022-12-28,HENDERSON,00H,SG,252.6441287878788,252.64507575757577,4.9999999999954525,1.523999999998614,0.0,46,0.0,1000000.0,0.0,74.02964,6704.075999999487,-29.90127623999825
2022-12-28,HENDERSON,00H,SG,248.88276515151512,248.8837121212121,4.9999999999954525,1.523999999998614,0.0,43,0.1,57295.799999999996,0.0,69.20162,6705.599999999486,-29.90127623999825
2022-12-28,HENDERSON,00H,SG,252.64242424242423,252.6433712121212,4.9999999999954525,1.523999999998614,0.0,46,0.0,1000000.0,0.0,74.02964,6707.123999999484,-29.90127623999825
2022-12-28,HENDERSON,00H,SG,252.40246212121212,252.4034090909091,4.9999999999954525,1.523999999998614,0.0,46,0.0,1000000.0,0.0,74.02964,6708.647999999483,-29.90127623999825
2022-12-28,HENDERSON,00H,SG,248.88806818181817,248.8890151515151,4.9999999999954525,1.523999999998614,0.0,43,0.1,57295.799999999996,0.0,69.20162,6710.171999999481,-29.90127623999825
2022-12-28,HENDERSON,00H,SG,251.89905303030304,251.9,4.9999999999954525,1.523999999998614,0.0,44,0.0,1000000.0,0.0,70.81096,6711.69599999948,-29.90127623999825
2022-12-28,HENDERSON,00H,SG,252.39867424242425,252.3996212121212,4.9999999999954525,1.523999999998614,0.0,46,0.0,1000000.0,0.0,74.02964,6713.219999999478,-29.90127623999825
2022-12-28,HENDERSON,00H,SG,248.87746212121212,248.8784090909091,4.9999999999954525,1.523999999998614,0.0,43,0.1,57295.799999999996,0.0,69.20162,6714.743999999477,-29.90127623999825
2022-12-28,HENDERSON,00H,SG,248.85625,248.85719696969696,4.9999999999954525,1.523999999998614,0.0,43,-0.4,14323.949999999999,0.0,69.20162,6716.267999999475,-29.90127623999825
2022-12-28,HENDERSON,00H,SG,248.8810606060606,248.88200757575757,4.9999999999954525,1.523999999998614,0.0,43,0.1,57295.799999999996,0.0,69.20162,6717.791999999474,-29.90127623999825
2022-12-28,HENDERSON,00H,SG,252.38598484848484,252.3869318181818,4.9999999999954525,1.523999999998614,0.0,46,0.0,1000000.0,0.0,74.02964,6719.315999999472,-29.90127623999825
2022-12-28,HENDERSON,00H,SG,252.3869318181818,252.3878787878788,4.9999999999954525,1.523999999998614,0.0,45,0.0,1000000.0,0.0,72.4203,6720.839999999471,-29.90127623999825
2022-12-28,HENDERSON,00H,SG,251.89185606060607,251.89280303030304,4.9999999999954525,1.523999999998614,0.0,44,0.0,1000000.0,0.0,70.81096,6722.363999999469,-29.90127623999825
2022-12-28,HENDERSON,00H,SG,251.9,251.90094696969695,4.9999999999954525,1.523999999998614,0.0,43,0.0,1000000.0,0.0,69.20162,6723.887999999468,-29.90127623999825
2022-12-28,HENDERSON,00H,SG,252.39166666666668,252.39261363636365,4.9999999999954525,1.523999999998614,0.0,46,0.0,1000000.0,0.0,74.02964,6725.411999999466,-29.90127623999825
2022-12-28,HENDERSON,00H,SG,252.3907196969697,252.39166666666668,4.9999999999954525,1.523999999998614,0.0,45,0.0,1000000.0,0.0,72.4203,6726.935999999465,-29.90127623999825
2022-12-28,HENDERSON,00H,SG,252.63882575757577,252.6397727272727,4.9999999999954525,1.523999999998614,0.0,46,0.0,1000000.0,0.0,74.02964,6728.459999999463,-29.90127623999825
2022-12-28,HENDERSON,00H,SG,251.90094696969695,251.90189393939391,4.9999999999954525,1.523999999998614,0.0,44,0.0,1000000.0,0.0,70.81096,6729.983999999462,-29.90127623999825
2022-12-28,HENDERSON,00H,SG,252.3878787878788,252.38882575757577,4.9999999999954525,1.523999999998614,0.0,46,0.0,1000000.0,0.0,74.02964,6731.5079999994605,-29.90127623999825
2022-12-28,HENDERSON,00H,SG,248.90568181818185,248.9066287878788,4.9999999999954525,1.523999999998614,0.0,43,0.0,1000000.0,0.0,69.20162,6733.031999999459,-29.90127623999825
2022-12-28,HENDERSON,00H,SG,248.87045454545455,248.87140151515152,4.9999999999954525,1.523999999998614,0.0,43,0.0,1000000.0,0.0,69.20162,6734.5559999994575,-29.90127623999825
2022-12-28,HENDERSON,00H,SG,252.4005681818182,252.40151515151516,4.9999999999954525,1.523999999998614,0.0,46,0.0,1000000.0,0.0,74.02964,6736.079999999456,-29.90127623999825
2022-12-28,HENDERSON,00H,SG,252.39507575757577,252.39621212121213,5.999999999994543,1.8287999999983369,0.0,46,0.0,1000000.0,0.0,74.02964,6737.9087999994545,-29.90127623999825
2022-12-28,HENDERSON,00H,SG,248.87916666666663,248.88030303030305,5.999999999994543,1.8287999999983369,0.0,43,0.1,57295.799999999996,0.0,69.20162,6739.737599999453,-29.90127623999825
2022-12-28,HENDERSON,00H,SG,248.89318181818183,248.8943181818182,5.999999999994543,1.8287999999983369,0.0,43,0.0,1000000.0,0.0,69.20162,6741.566399999451,-29.90127623999825
2022-12-28,HENDERSON,00H,SG,248.8967803030303,248.89791666666667,5.999999999994543,1.8287999999983369,0.0,43,0.0,1000000.0,0.0,69.20162,6743.39519999945,-29.90127623999825
2022-12-28,HENDERSON,00H,SG,248.84526515151515,248.8464015151515,5.999999999994543,1.8287999999983369,0.0,43,-0.8,7161.974999999999,0.0,69.20162,6745.223999999448,-29.90127623999825
2022-12-28,HENDERSON,00H,SG,252.38428030303027,252.38541666666663,5.999999999994543,1.8287999999983369,0.0,46,0.0,1000000.0,0.0,74.02964,6747.0527999994465,-29.90127623999825
2022-12-28,HENDERSON,00H,SG,252.41685606060605,252.4179924242424,5.999999999994543,1.8287999999983369,0.0,46,0.0,1000000.0,0.0,74.02964,6748.881599999445,-29.90127623999825
2022-12-28,HENDERSON,00H,SG,248.90738636363636,248.90852272727273,5.999999999994543,1.8287999999983369,0.0,43,0.0,1000000.0,0.0,69.20162,6750.710399999443,-29.90127623999825
2022-12-28,HENDERSON,00H,SG,248.91439393939393,248.91553030303027,5.999999999994543,1.8287999999983369,0.0,43,0.0,1000000.0,0.0,69.20162,6752.539199999442,-29.90127623999825
2022-12-28,HENDERSON,00H,SG,252.38958333333332,252.39071969696968,5.999999999994543,1.8287999999983369,0.0,46,0.0,1000000.0,0.0,74.02964,6754.36799999944,-29.90127623999825
2022-12-28,HENDERSON,00H,SG,252.39318181818183,252.3943181818182,5.999999999994543,1.8287999999983369,0.0,46,0.0,1000000.0,0.0,74.02964,6756.196799999439,-29.90127623999825
2022-12-28,HENDERSON,00H,SG,252.6369318181818,252.63806818181817,5.999999999994543,1.8287999999983369,0.0,46,0.0,1000000.0,0.0,74.02964,6758.025599999437,-29.90127623999825
2022-12-28,HENDERSON,00H,SG,252.64583333333337,252.64696969696973,5.999999999994543,1.8287999999983369,0.0,46,0.0,1000000.0,0.0,74.02964,6759.854399999435,-29.90127623999825
2022-12-28,HENDERSON,00H,SG,248.88958333333332,248.89071969696968,5.999999999994543,1.8287999999983369,0.0,43,0.1,57295.799999999996,0.0,69.20162,6761.683199999434,-29.90127623999825
2022-12-28,HENDERSON,00H,SG,251.9117424242424,251.9128787878788,5.999999999994543,1.8287999999983369,0.0,44,0.0,1000000.0,0.0,70.81096,6763.511999999432,-29.90127623999825
2022-12-28,HENDERSON,00H,SG,248.89488636363637,248.8960227272727,5.999999999994543,1.8287999999983369,0.0,43,0.0,1000000.0,0.0,69.20162,6765.340799999431,-29.90127623999825
2022-12-28,HENDERSON,00H,SG,248.8719696969697,248.8731060606061,5.999999999994543,1.8287999999983369,0.0,43,0.0,1000000.0,0.0,69.20162,6767.169599999429,-29.90127623999825
2022-12-28,HENDERSON,00H,SG,248.69829545454544,248.6994318181818,5.999999999994543,1.8287999999983369,0.0,43,-2.4,2387.3250000000003,0.0,69.20162,6768.998399999427,-29.90127623999825
2022-12-28,HENDERSON,00H,SG,248.8844696969697,248.88560606060605,5.999999999994543,1.8287999999983369,0.0,43,0.1,57295.799999999996,0.0,69.20162,6770.827199999426,-29.90127623999825
2022-12-28,HENDERSON,00H,SG,252.40776515151515,252.4089015151515,5.999999999994543,1.8287999999983369,0.0,46,0.0,1000000.0,0.0,74.02964,6772.655999999424,-29.90127623999825
2022-12-28,HENDERSON,00H,SG,252.6352272727273,252.63636363636363,5.999999999994543,1.8287999999983369,0.0,46,0.0,1000000.0,0.0,74.02964,6774.484799999423,-29.90127623999825
2022-12-28,HENDERSON,00H,SG,252.40416666666667,252.40530303030303,5.999999999994543,1.8287999999983369,0.0,46,0.0,1000000.0,0.0,74.02964,6776.313599999421,-29.90127623999825
2022-12-28,HENDERSON,00H,SG,248.8407196969697,248.8418560606061,5.999999999994543,1.8287999999983369,0.0,43,-0.9,6366.2,0.0,69.20162,6778.1423999994195,-29.90127623999825
2022-12-28,HENDERSON,00H,SG,248.90378787878788,248.90492424242424,5.999999999994543,1.8287999999983369,0.0,43,0.0,1000000.0,0.0,69.20162,6779.971199999418,-29.90127623999825
2022-12-28,HENDERSON,00H,SG,248.9090909090909,248.91022727272727,5.999999999994543,1.8287999999983369,0.0,43,0.0,1000000.0,0.0,69.20162,6781.799999999416,-29.90127623999825
2022-12-28,HENDERSON,00H,SG,252.62632575757576,252.62746212121212,5.999999999994543,1.8287999999983369,0.0,46,0.0,1000000.0,0.0,74.02964,6783.628799999415,-29.90127623999825
2022-12-28,HENDERSON,00H,SG,248.6875,248.68863636363636,5.999999999994543,1.8287999999983369,0.0,43,-1.9,3015.5684210526315,0.0,69.20162,6785.457599999413,-29.90127623999825
2022-12-28,HENDERSON,00H,SG,248.9003787878788,248.90151515151516,5.999999999994543,1.8287999999983369,0.0,43,0.0,1000000.0,0.0,69.20162,6787.2863999994115,-29.90127623999825
2022-12-28,HENDERSON,00H,SG,248.90208333333337,248.9032196969697,5.999999999994543,1.8287999999983369,0.0,43,0.0,1000000.0,0.0,69.20162,6789.11519999941,-29.90127623999825
2022-12-28,HENDERSON,00H,SG,251.89545454545456,251.89659090909092,5.999999999994543,1.8287999999983369,0.0,44,0.0,1000000.0,0.0,70.81096,6790.943999999408,-29.90127623999825
2022-12-28,HENDERSON,00H,SG,251.89280303030304,251.8939393939394,5.999999999994543,1.8287999999983369,0.0,43,0.0,1000000.0,0.0,69.20162,6792.772799999407,-29.90127623999825
2022-12-28,HENDERSON,00H,SG,248.85795454545453,248.8590909090909,5.999999999994543,1.8287999999983369,0.0,43,-0.3,19098.600000000002,0.0,69.20162,6794.601599999405,-29.90127623999825
2022-12-28,HENDERSON,00H,SG,251.9081439393939,251.9092803030303,5.999999999994543,1.8287999999983369,0.0,44,0.0,1000000.0,0.0,70.81096,6796.430399999404,-29.90127623999825
2022-12-28,HENDERSON,00H,SG,248.69715909090908,248.69829545454544,5.999999999994543,1.8287999999983369,0.0,43,-2.3,2491.121739130435,0.0,69.20162,6798.259199999402,-29.90127623999825
2022-12-28,HENDERSON,00H,SG,248.88617424242423,248.8873106060606,5.999999999994543,1.8287999999983369,0.0,43,0.1,57295.799999999996,0.0,69.20162,6800.0879999994,-29.90127623999825
2022-12-28,HENDERSON,00H,SG,252.41136363636363,252.4125,5.999999999994543,1.8287999999983369,0.0,46,0.0,1000000.0,0.0,74.02964,6801.916799999399,-29.90127623999825
2022-12-28,HENDERSON,00H,SG,252.3967803030303,252.39791666666667,5.999999999994543,1.8287999999983369,0.0,46,0.0,1000000.0,0.0,74.02964,6803.745599999397,-29.90127623999825
2022-12-28,HENDERSON,00H,SG,248.87556818181815,248.87670454545457,5.999999999994543,1.8287999999983369,0.0,43,0.1,57295.799999999996,0.0,69.20162,6805.574399999396,-29.90127623999825
2022-12-28,HENDERSON,00H,SG,248.8914772727273,248.89261363636365,5.999999999994543,1.8287999999983369,0.0,43,0.0,1000000.0,0.0,69.20162,6807.403199999394,-29.90127623999825
2022-12-28,HENDERSON,00H,SG,252.6405303030303,252.64166666666668,6.00000000014461,1.8288000000440772,0.0,46,0.0,1000000.0,0.0,74.02964,6809.231999999438,-29.90127623999825
2022-12-28,HENDERSON,00H,SG,251.8901515151515,251.8912878787879,6.00000000014461,1.8288000000440772,0.0,44,0.0,1000000.0,0.0,70.81096,6811.060799999482,-29.90127623999825
2022-12-28,HENDERSON,00H,SG,248.68882575757576,248.6901515151515,6.9999999999936335,2.1335999999980597,0.0,43,-1.9,3015.5684210526315,0.0,69.20162,6813.19439999948,-29.90127623999825
2022-12-28,HENDERSON,00H,SG,252.61382575757577,252.61515151515152,6.9999999999936335,2.1335999999980597,0.0,46,0.0,1000000.0,0.0,74.02964,6815.327999999478,-29.90127623999825
2022-12-28,HENDERSON,00H,SG,252.4058712121212,252.40719696969697,6.9999999999936335,2.1335999999980597,0.0,46,0.0,1000000.0,0.0,74.02964,6817.461599999477,-29.90127623999825
2022-12-28,HENDERSON,00H,SG,252.6242424242424,252.62556818181815,6.9999999999936335,2.1335999999980597,0.0,46,0.0,1000000.0,0.0,74.02964,6819.595199999475,-29.90127623999825
2022-12-28,HENDERSON,00H,SG,251.91344696969696,251.91477272727272,6.9999999999936335,2.1335999999980597,0.0,44,0.0,1000000.0,0.0,70.81096,6821.728799999473,-29.90127623999825
2022-12-28,HENDERSON,00H,SG,252.61742424242425,252.61875,6.9999999999936335,2.1335999999980597,0.0,46,0.0,1000000.0,0.0,74.02964,6823.862399999472,-29.90127623999825
2022-12-28,HENDERSON,00H,SG,252.6475378787879,252.64886363636364,6.9999999999936335,2.1335999999980597,0.0,46,0.0,1000000.0,0.0,74.02964,6825.99599999947,-29.90127623999825
2022-12-28,HENDERSON,00H,SG,252.41306818181815,252.41439393939393,6.9999999999936335,2.1335999999980597,0.0,46,0.0,1000000.0,0.0,74.02964,6828.129599999468,-29.90127623999825
2022-12-28,HENDERSON,00H,SG,252.4149621212121,252.41628787878787,6.9999999999936335,2.1335999999980597,0.0,46,0.0,1000000.0,0.0,74.02964,6830.263199999466,-29.90127623999825
2022-12-28,HENDERSON,00H,SG,248.27992424242424,248.28125,6.9999999999936335,2.1335999999980597,0.0,41,1.7,3370.3411764705884,0.0,65.98294,6832.396799999465,-29.90127623999825
2022-12-28,HENDERSON,00H,SG,248.8683712121212,248.86969696969695,6.9999999999936335,2.1335999999980597,0.0,43,0.0,1000000.0,0.0,69.20162,6834.530399999463,-29.90127623999825
2022-12-28,HENDERSON,00H,SG,248.9125,248.91382575757575,6.9999999999936335,2.1335999999980597,0.0,43,0.0,1000000.0,0.0,69.20162,6836.663999999461,-29.90127623999825
2022-12-28,HENDERSON,00H,SG,252.62253787878788,252.62386363636364,6.9999999999936335,2.1335999999980597,0.0,46,0.0,1000000.0,0.0,74.02964,6838.79759999946,-29.90127623999825
2022-12-28,HENDERSON,00H,SG,248.87367424242424,248.875,6.9999999999936335,2.1335999999980597,0.0,43,0.0,1000000.0,0.0,69.20162,6840.931199999458,-29.90127623999825
2022-12-28,HENDERSON,00H,SG,251.8971590909091,251.89848484848488,6.9999999999936335,2.1335999999980597,0.0,44,0.0,1000000.0,0.0,70.81096,6843.064799999456,-29.90127623999825
2022-12-28,HENDERSON,00H,SG,248.91780303030305,248.9191287878788,6.9999999999936335,2.1335999999980597,0.0,43,0.0,1000000.0,0.0,69.20162,6845.1983999994545,-29.90127623999825
2022-12-28,HENDERSON,00H,SG,252.4094696969697,252.41079545454545,6.9999999999936335,2.1335999999980597,0.0,46,0.0,1000000.0,0.0,74.02964,6847.331999999453,-29.90127623999825
2022-12-28,HENDERSON,00H,SG,252.63333333333333,252.63465909090908,6.9999999999936335,2.1335999999980597,0.0,46,0.0,1000000.0,0.0,74.02964,6849.465599999451,-29.90127623999825
2022-12-28,HENDERSON,00H,SG,252.3814393939394,252.38276515151512,6.9999999999936335,2.1335999999980597,0.0,45,0.0,1000000.0,0.0,72.4203,6851.599199999449,-29.90127623999825
2022-12-28,HENDERSON,00H,SG,252.6191287878788,252.62045454545455,6.9999999999936335,2.1335999999980597,0.0,46,0.0,1000000.0,0.0,74.02964,6853.732799999448,-29.90127623999825
2022-12-28,HENDERSON,00H,SG,252.38295454545457,252.38428030303027,6.9999999999936335,2.1335999999980597,0.0,45,0.0,1000000.0,0.0,72.4203,6855.866399999446,-29.90127623999825
2022-12-28,HENDERSON,00H,SG,251.90984848484848,251.91117424242424,6.9999999999936335,2.1335999999980597,0.0,44,0.0,1000000.0,0.0,70.81096,6857.999999999444,-29.90127623999825
2022-12-28,HENDERSON,00H,SG,248.91079545454545,248.9121212121212,6.9999999999936335,2.1335999999980597,0.0,43,0.0,1000000.0,0.0,69.20162,6860.133599999443,-29.90127623999825
2022-12-28,HENDERSON,00H,SG,252.4185606060606,252.41988636363635,6.9999999999936335,2.1335999999980597,0.0,46,0.0,1000000.0,0.0,74.02964,6862.267199999441,-29.90127623999825
2022-12-28,HENDERSON,00H,SG,248.8464015151515,248.84772727272727,6.9999999999936335,2.1335999999980597,0.0,43,-0.7,8185.114285714286,0.0,69.20162,6864.400799999439,-29.90127623999825
2022-12-28,HENDERSON,00H,SG,248.8492424242424,248.85056818181815,6.9999999999936335,2.1335999999980597,0.0,43,-0.6,9549.300000000001,0.0,69.20162,6866.5343999994375,-29.90127623999825
2022-12-28,HENDERSON,00H,SG,251.91893939393935,251.9202651515151,6.9999999999936335,2.1335999999980597,0.0,44,0.0,1000000.0,0.0,70.81096,6868.667999999436,-29.90127623999825
2022-12-28,HENDERSON,00H,SG,252.62083333333337,252.6221590909091,6.9999999999936335,2.1335999999980597,0.0,46,0.0,1000000.0,0.0,74.02964,6870.801599999434,-29.90127623999825
2022-12-28,HENDERSON,00H,SG,251.90625,251.90757575757576,6.9999999999936335,2.1335999999980597,0.0,44,0.0,1000000.0,0.0,70.81096,6872.935199999432,-29.90127623999825
2022-12-28,HENDERSON,00H,SG,252.6155303030303,252.61704545454543,7.999999999992724,2.4383999999977823,0.0,46,0.0,1000000.0,0.0,74.02964,6875.373599999431,-29.90127623999825
2022-12-28,HENDERSON,00H,SG,252.4219696969697,252.4234848484849,7.999999999992724,2.4383999999977823,0.0,46,0.0,1000000.0,0.0,74.02964,6877.811999999429,-29.90127623999825
2022-12-28,HENDERSON,00H,SG,251.9043560606061,251.9058712121212,7.999999999992724,2.4383999999977823,0.0,44,0.0,1000000.0,0.0,70.81096,6880.250399999427,-29.90127623999825
2022-12-28,HENDERSON,00H,SG,252.4202651515151,252.4217803030303,7.999999999992724,2.4383999999977823,0.0,46,0.0,1000000.0,0.0,74.02964,6882.688799999425,-29.90127623999825
2022-12-28,HENDERSON,00H,SG,248.91590909090908,248.91742424242423,7.999999999992724,2.4383999999977823,0.0,43,0.0,1000000.0,0.0,69.20162,6885.127199999423,-29.90127623999825
2022-12-28,HENDERSON,00H,SG,248.27083333333337,248.2723484848485,7.999999999992724,2.4383999999977823,0.0,41,2.2,2604.354545454545,0.0,65.98294,6887.5655999994215,-29.90127623999825
2022-12-28,HENDERSON,00H,SG,251.90265151515152,251.90416666666667,7.999999999992724,2.4383999999977823,0.0,44,0.0,1000000.0,0.0,70.81096,6890.00399999942,-29.90127623999825
2022-12-28,HENDERSON,00H,SG,252.61193181818183,252.61344696969695,7.999999999992724,2.4383999999977823,0.0,46,0.0,1000000.0,0.0,74.02964,6892.442399999418,-29.90127623999825
2022-12-28,HENDERSON,00H,SG,248.69280303030305,248.69431818181815,7.999999999992724,2.4383999999977823,0.0,43,-2.1,2728.3714285714286,0.0,69.20162,6894.880799999416,-29.90127623999825
2022-12-28,HENDERSON,00H,SG,251.9314393939394,251.93295454545455,7.999999999992724,2.4383999999977823,0.0,44,0.0,1000000.0,0.0,70.81096,6897.319199999414,-29.90127623999825
2022-12-28,HENDERSON,00H,SG,252.42746212121213,252.42897727272728,7.999999999992724,2.4383999999977823,0.0,46,0.0,1000000.0,0.0,74.02964,6899.757599999412,-29.90127623999825
2022-12-28,HENDERSON,00H,SG,251.92064393939393,251.9221590909091,8.00000000014279,2.438400000043522,0.0,44,0.0,1000000.0,0.0,70.81096,6902.195999999456,-29.90127623999825
2022-12-28,HENDERSON,00H,SG,251.92954545454543,251.93125,8.999999999991815,2.743199999997505,0.0,44,0.0,1000000.0,0.0,70.81096,6904.939199999453,-29.90127623999825
2022-12-28,HENDERSON,00H,SG,248.2778409090909,248.27954545454543,8.999999999991815,2.743199999997505,0.0,41,1.8,3183.1,0.0,65.98294,6907.68239999945,-29.90127623999825
2022-12-28,HENDERSON,00H,SG,248.68068181818185,248.68238636363637,8.999999999991815,2.743199999997505,0.0,43,-1.6,3580.9874999999997,0.0,69.20162,6910.4255999994475,-29.90127623999825
2022-12-28,HENDERSON,00H,SG,248.27424242424243,248.27594696969695,8.999999999991815,2.743199999997505,0.0,41,2.0,2864.79,0.0,65.98294,6913.168799999445,-29.90127623999825
2022-12-28,HENDERSON,00H,SG,248.8433712121212,248.84507575757576,8.999999999991815,2.743199999997505,0.0,43,-0.8,7161.974999999999,0.0,69.20162,6915.911999999442,-29.90127623999825
2022-12-28,HENDERSON,00H,SG,248.6727272727273,248.67443181818183,8.999999999991815,2.743199999997505,0.0,43,-1.2,4774.650000000001,0.0,69.20162,6918.655199999439,-29.90127623999825
2022-12-28,HENDERSON,00H,SG,248.70814393939395,248.7100378787879,9.999999999990903,3.047999999997228,0.0,43,-2.8,2046.2785714285715,0.0,69.20162,6921.703199999436,-29.90127623999825
2022-12-28,HENDERSON,00H,SG,248.27594696969695,248.2778409090909,9.999999999990903,3.047999999997228,0.0,41,1.9,3015.5684210526315,0.0,65.98294,6924.751199999433,-29.90127623999825
2022-12-28,HENDERSON,00H,SG,248.6901515151515,248.69204545454545,9.999999999990903,3.047999999997228,0.0,43,-2.0,2864.79,0.0,69.20162,6927.79919999943,-29.90127623999825
2022-12-28,HENDERSON,00H,SG,248.2723484848485,248.27424242424243,9.999999999990903,3.047999999997228,0.0,41,2.1,2728.3714285714286,0.0,65.98294,6930.847199999427,-29.90127623999825
2022-12-28,HENDERSON,00H,SG,248.7003787878788,248.7022727272727,9.999999999990903,3.047999999997228,0.0,43,-2.5,2291.832,0.0,69.20162,6933.895199999424,-29.90127623999825
2022-12-28,HENDERSON,00H,SG,248.28352272727273,248.28560606060609,10.999999999989996,3.3527999999969507,0.0,41,1.5,3819.72,0.0,65.98294,6937.247999999421,-29.90127623999825
2022-12-28,HENDERSON,00H,SG,248.86136363636365,248.86344696969695,10.999999999989996,3.3527999999969507,0.0,43,-0.2,28647.899999999998,0.0,69.20162,6940.600799999418,-29.90127623999825
2022-12-28,HENDERSON,00H,SG,248.68314393939391,248.68522727272727,10.999999999989996,3.3527999999969507,0.0,43,-1.7,3370.3411764705884,0.0,69.20162,6943.953599999415,-29.90127623999825
2022-12-28,HENDERSON,00H,SG,248.67443181818183,248.67651515151516,10.999999999989996,3.3527999999969507,0.0,43,-1.3,4407.369230769231,0.0,69.20162,6947.306399999412,-29.90127623999825
2022-12-28,HENDERSON,00H,SG,248.2907196969697,248.29280303030305,10.999999999989996,3.3527999999969507,0.0,41,1.2,4774.650000000001,0.0,65.98294,6950.659199999409,-29.90127623999825
2022-12-28,HENDERSON,00H,SG,248.67064393939393,248.6727272727273,11.000000000140062,3.352800000042691,0.0,43,-1.1,5208.70909090909,0.0,69.20162,6954.011999999451,-29.90127623999825
2022-12-28,HENDERSON,00H,SG,248.29545454545453,248.2975378787879,11.000000000140062,3.352800000042691,0.0,41,1.0,5729.58,0.0,65.98294,6957.364799999494,-29.90127623999825
2022-12-28,HENDERSON,00H,SG,248.28125,248.28352272727273,11.999999999989086,3.6575999999966737,0.0,41,1.6,3580.9874999999997,0.0,65.98294,6961.0223999994905,-29.90127623999825
2022-12-28,HENDERSON,00H,SG,248.2975378787879,248.29981060606065,11.999999999989086,3.6575999999966737,0.0,41,0.9,6366.2,0.0,65.98294,6964.679999999487,-29.90127623999825
2022-12-28,HENDERSON,00H,SG,248.30738636363637,248.3096590909091,11.999999999989086,3.6575999999966737,0.0,41,0.5,11459.16,0.0,65.98294,6968.337599999484,-29.90127623999825
2022-12-28,HENDERSON,00H,SG,248.67651515151516,248.6787878787879,11.999999999989086,3.6575999999966737,0.0,43,-1.4,4092.557142857143,0.0,69.20162,6971.995199999481,-29.90127623999825
2022-12-28,HENDERSON,00H,SG,248.68522727272727,248.6875,11.999999999989086,3.6575999999966737,0.0,43,-1.8,3183.1,0.0,69.20162,6975.652799999478,-29.90127623999825
2022-12-28,HENDERSON,00H,SG,248.28825757575757,248.2907196969697,12.999999999988177,3.962399999996397,0.0,41,1.3,4407.369230769231,0.0,65.98294,6979.6151999994745,-29.90127623999825
2022-12-28,HENDERSON,00H,SG,248.30246212121213,248.30492424242425,12.999999999988177,3.962399999996397,0.0,41,0.7,8185.114285714286,0.0,65.98294,6983.577599999471,-29.90127623999825
2022-12-28,HENDERSON,00H,SG,248.30492424242425,248.30738636363637,12.999999999988177,3.962399999996397,0.0,41,0.6,9549.300000000001,0.0,65.98294,6987.539999999468,-29.90127623999825
2022-12-28,HENDERSON,00H,SG,248.85208333333333,248.85454545454544,12.999999999988177,3.962399999996397,0.0,43,-0.5,11459.16,0.0,69.20162,6991.502399999465,-29.90127623999825
2022-12-28,HENDERSON,00H,SG,248.2655303030303,248.26799242424244,13.000000000138243,3.9624000000421367,0.0,41,2.4,2387.3250000000003,0.0,65.98294,6995.464799999507,-29.90127623999825
2022-12-28,HENDERSON,00H,SG,248.7026515151515,248.70511363636365,13.000000000138243,3.9624000000421367,0.0,43,-2.6,2203.6846153846154,0.0,69.20162,6999.427199999549,-29.90127623999825
2022-12-28,HENDERSON,00H,SG,248.28560606060609,248.28825757575757,13.999999999987269,4.267199999996119,0.0,41,1.4,4092.557142857143,0.0,65.98294,7003.694399999545,-29.90127623999825
2022-12-28,HENDERSON,00H,SG,248.29981060606065,248.30246212121213,13.999999999987269,4.267199999996119,0.0,41,0.8,7161.974999999999,0.0,65.98294,7007.96159999954,-29.90127623999825
2022-12-28,HENDERSON,00H,SG,248.29280303030305,248.29545454545453,13.999999999987269,4.267199999996119,0.0,41,1.1,5208.70909090909,0.0,65.98294,7012.228799999536,-29.90127623999825
2022-12-28,HENDERSON,00H,SG,248.25965909090908,248.2625,14.999999999986358,4.571999999995842,0.0,41,2.6,2203.6846153846154,0.0,65.98294,7016.800799999532,-29.90127623999825
2022-12-28,HENDERSON,00H,SG,248.26799242424244,248.27083333333337,14.999999999986358,4.571999999995842,0.0,41,2.3,2491.121739130435,0.0,65.98294,7021.372799999527,-29.90127623999825
2022-12-28,HENDERSON,00H,SG,248.2625,248.2655303030303,15.999999999985448,4.876799999995565,0.0,41,2.5,2291.832,0.0,65.98294,7026.249599999523,-29.90127623999825
2022-12-28,HENDERSON,00H,SG,251.9225378787879,251.9255681818182,15.999999999985448,4.876799999995565,0.0,44,0.0,1000000.0,0.0,70.81096,7031.126399999518,-29.90127623999825
2022-12-28,HENDERSON,00H,SG,248.2566287878788,248.25965909090908,15.999999999985448,4.876799999995565,0.0,41,2.7,2122.0666666666666,0.0,65.98294,7036.0031999995135,-29.90127623999825
2022-12-28,HENDERSON,00H,SG,248.70511363636365,248.70814393939395,15.999999999985448,4.876799999995565,0.0,43,-2.7,2122.0666666666666,0.0,69.20162,7040.879999999509,-29.90127623999825
2022-12-28,HENDERSON,00H,SG,251.92594696969695,251.92916666666667,16.99999999998454,5.181599999995288,0.0,44,0.0,1000000.0,0.0,70.81096,7046.061599999504,-29.90127623999825
2022-12-28,HENDERSON,00H,SG,252.42935606060607,252.43257575757576,16.99999999998454,5.181599999995288,0.0,46,0.0,1000000.0,0.0,74.02964,7051.2431999995,-29.90127623999825
2022-12-28,HENDERSON,00H,SG,252.6085227272727,252.61174242424244,17.000000000134605,5.181600000041028,0.0,46,0.0,1000000.0,0.0,74.02964,7056.4247999995405,-29.90127623999825
2022-12-28,HENDERSON,00H,SG,248.2532196969697,248.2566287878788,17.99999999998363,5.48639999999501,0.0,41,2.8,2046.2785714285715,0.0,65.98294,7061.911199999536,-29.90127623999825
2022-12-28,HENDERSON,00H,SG,251.9151515151515,251.9185606060606,17.99999999998363,5.48639999999501,0.0,44,0.0,1000000.0,0.0,70.81096,7067.397599999531,-29.90127623999825
2022-12-28,HENDERSON,00H,SG,252.42367424242423,252.4272727272727,18.99999999998272,5.791199999994733,0.0,46,0.0,1000000.0,0.0,74.02964,7073.188799999526,-29.90127623999825
2022-12-28,HENDERSON,00H,SG,248.24943181818185,248.2532196969697,19.99999999998181,6.095999999994456,0.0,41,2.9,1975.7172413793103,0.0,65.98294,7079.28479999952,-29.90127623999825
2022-12-28,HENDERSON,00H,SG,248.86344696969695,248.86799242424243,23.999999999978172,7.3151999999933475,0.0,43,-0.1,57295.799999999996,0.0,69.20162,7086.599999999514,-29.90127623999825
2022-12-28,HENDERSON,00H,SG,252.6278409090909,252.63276515151512,25.999999999976353,7.924799999992792,0.0,46,0.0,1000000.0,0.0,74.02964,7094.524799999506,-29.90127623999825
2022-12-28,HENDERSON,00H,SG,248.24299242424243,248.24943181818185,33.99999999996908,10.363199999990576,0.0,41,3.0,1909.86,0.0,65.98294,7104.887999999497,-29.90127623999825
2022-12-28,HENDERSON,00H,SG,251.93333333333337,251.94375,54.99999999994998,16.763999999984755,0.0,44,0.0,1000000.0,0.0,70.81096,7121.651999999482,-29.90127623999825
2022-12-28,HENDERSON,00H,SG,248.22007575757576,248.24299242424243,121.00000000004002,36.8808000000122,0.0,41,3.1,1848.2516129032258,0.0,65.98294,7158.532799999494,-29.90127623999825
2022-12-28,HENDERSON,00H,SG,251.9439393939394,252.08011363636365,719.0000000000964,219.1512000000294,0.0,44,0.0,1000000.0,0.0,70.81096,7377.683999999524,-29.90127623999825
2022-12-28,HENDERSON,00H,SG,252.43276515151516,252.60795454545453,924.999999999909,281.9399999999723,0.0,46,0.0,1000000.0,0.0,74.02964,7659.623999999496,-29.90127623999825
2022-12-28,HENDERSON,00H,SG,246.25397727272727,246.25416666666663,0.9999999999990904,0.3047999999997227,0.05,38,-2.0,2864.79,0.05,61.15492,7659.928799999496,-29.90127623999825
2022-12-28,HENDERSON,00H,SG,246.26325757575756,246.26344696969696,0.9999999999990904,0.3047999999997227,0.05,38,-2.4,2387.3250000000003,0.05,61.15492,7660.233599999496,-29.90112383999825
2022-12-28,HENDERSON,00H,SG,246.1931818181818,246.1933712121212,0.9999999999990904,0.3047999999997227,0.05,37,-0.4,14323.949999999999,0.05,59.54558,7660.538399999496,-29.900971439998248
2022-12-28,HENDERSON,00H,SG,246.2327651515151,246.23295454545453,0.9999999999990904,0.3047999999997227,0.05,37,-1.4,4092.557142857143,0.05,59.54558,7660.8431999994955,-29.900819039998247
2022-12-28,HENDERSON,00H,SG,246.19450757575757,246.19469696969696,0.9999999999990904,0.3047999999997227,0.05,37,-0.5,11459.16,0.05,59.54558,7661.147999999495,-29.900666639998246
2022-12-28,HENDERSON,00H,SG,246.24564393939391,246.24583333333337,0.9999999999990904,0.3047999999997227,0.05,37,-1.8,3183.1,0.05,59.54558,7661.452799999495,-29.900514239998245
2022-12-28,HENDERSON,00H,SG,246.27405303030304,246.27424242424243,0.9999999999990904,0.3047999999997227,0.05,38,-2.6,2203.6846153846154,0.05,61.15492,7661.757599999495,-29.900361839998244
2022-12-28,HENDERSON,00H,SG,246.275,246.2751893939394,0.9999999999990904,0.3047999999997227,0.05,37,-2.7,2122.0666666666666,0.05,59.54558,7662.062399999495,-29.900209439998243
2022-12-28,HENDERSON,00H,SG,246.2003787878788,246.20056818181817,0.9999999999990904,0.3047999999997227,0.05,37,-0.5,11459.16,0.05,59.54558,7662.367199999495,-29.90005703999824
2022-12-28,HENDERSON,00H,SG,246.17916666666667,246.17935606060607,0.9999999999990904,0.3047999999997227,0.05,38,-0.1,57295.799999999996,0.05,61.15492,7662.671999999495,-29.89990463999824
2022-12-28,HENDERSON,00H,SG,246.1878787878788,246.18806818181815,0.9999999999990904,0.3047999999997227,0.05,37,-0.3,19098.600000000002,0.05,59.54558,7662.976799999495,-29.89975223999824
2022-12-28,HENDERSON,00H,SG,246.19602272727272,246.1962121212121,0.9999999999990904,0.3047999999997227,0.05,37,-0.5,11459.16,0.05,59.54558,7663.281599999495,-29.89959983999824
2022-12-28,HENDERSON,00H,SG,246.2903409090909,246.29053030303027,0.9999999999990904,0.3047999999997227,0.05,37,-3.0,1909.86,0.05,59.54558,7663.5863999994945,-29.899447439998237
2022-12-28,HENDERSON,00H,SG,246.26685606060607,246.26704545454547,0.9999999999990904,0.3047999999997227,0.05,38,-2.4,2387.3250000000003,0.05,61.15492,7663.891199999494,-29.899295039998236
2022-12-28,HENDERSON,00H,SG,246.22859848484848,246.22878787878787,0.9999999999990904,0.3047999999997227,0.05,37,-1.4,4092.557142857143,0.05,59.54558,7664.195999999494,-29.899142639998235
2022-12-28,HENDERSON,00H,SG,246.20018939393935,246.2003787878788,0.9999999999990904,0.3047999999997227,0.05,37,-0.6,9549.300000000001,0.05,59.54558,7664.500799999494,-29.898990239998234
2022-12-28,HENDERSON,00H,SG,246.24280303030304,246.24299242424243,0.9999999999990904,0.3047999999997227,0.05,37,-1.8,3183.1,0.05,59.54558,7664.805599999494,-29.898837839998233
2022-12-28,HENDERSON,00H,SG,246.2217803030303,246.2219696969697,0.9999999999990904,0.3047999999997227,0.05,38,-1.1,5208.70909090909,0.05,61.15492,7665.110399999494,-29.898685439998232
2022-12-28,HENDERSON,00H,SG,246.18276515151516,246.18295454545455,0.9999999999990904,0.3047999999997227,0.05,38,-0.2,28647.899999999998,0.05,61.15492,7665.415199999494,-29.89853303999823
2022-12-28,HENDERSON,00H,SG,246.24583333333337,246.24602272727273,0.9999999999990904,0.3047999999997227,0.05,37,-1.9,3015.5684210526315,0.05,59.54558,7665.719999999494,-29.89838063999823
2022-12-28,HENDERSON,00H,SG,246.2785984848485,246.27878787878788,0.9999999999990904,0.3047999999997227,0.05,37,-2.7,2122.0666666666666,0.05,59.54558,7666.024799999494,-29.89822823999823
2022-12-28,HENDERSON,00H,SG,246.2964015151515,246.2965909090909,0.9999999999990904,0.3047999999997227,0.05,37,-3.2,1790.4937499999999,0.05,59.54558,7666.329599999493,-29.898075839998228
2022-12-28,HENDERSON,00H,SG,246.2219696969697,246.2221590909091,0.9999999999990904,0.3047999999997227,0.05,37,-1.2,4774.650000000001,0.05,59.54558,7666.634399999493,-29.897923439998227
2022-12-28,HENDERSON,00H,SG,246.27386363636364,246.27405303030304,0.9999999999990904,0.3047999999997227,0.05,38,-2.7,2122.0666666666666,0.05,61.15492,7666.939199999493,-29.897771039998226
2022-12-28,HENDERSON,00H,SG,246.23579545454547,246.2359848484849,0.9999999999990904,0.3047999999997227,0.05,37,-1.6,3580.9874999999997,0.05,59.54558,7667.243999999493,-29.897618639998225
2022-12-28,HENDERSON,00H,SG,246.28503787878788,246.28522727272727,0.9999999999990904,0.3047999999997227,0.05,37,-2.9,1975.7172413793103,0.05,59.54558,7667.548799999493,-29.897466239998224
2022-12-28,HENDERSON,00H,SG,246.23257575757577,246.2327651515151,0.9999999999990904,0.3047999999997227,0.05,38,-1.4,4092.557142857143,0.05,61.15492,7667.853599999493,-29.897313839998223
2022-12-28,HENDERSON,00H,SG,246.21136363636364,246.21155303030304,0.9999999999990904,0.3047999999997227,0.05,37,-0.8,7161.974999999999,0.05,59.54558,7668.158399999493,-29.89716143999822
2022-12-28,HENDERSON,00H,SG,246.2503787878788,246.25056818181815,0.9999999999990904,0.3047999999997227,0.05,38,-1.9,3015.5684210526315,0.05,61.15492,7668.463199999493,-29.89700903999822
2022-12-28,HENDERSON,00H,SG,246.26704545454547,246.2672348484849,0.9999999999990904,0.3047999999997227,0.05,37,-2.4,2387.3250000000003,0.05,59.54558,7668.7679999994925,-29.89685663999822
2022-12-28,HENDERSON,00H,SG,246.2352272727273,246.23541666666668,0.9999999999990904,0.3047999999997227,0.05,37,-1.6,3580.9874999999997,0.05,59.54558,7669.072799999492,-29.89670423999822
2022-12-28,HENDERSON,00H,SG,246.25984848484848,246.26003787878787,0.9999999999990904,0.3047999999997227,0.05,37,-2.2,2604.354545454545,0.05,59.54558,7669.377599999492,-29.896551839998217
2022-12-28,HENDERSON,00H,SG,246.26666666666668,246.26685606060607,0.9999999999990904,0.3047999999997227,0.05,38,-2.5,2291.832,0.05,61.15492,7669.682399999492,-29.896399439998216
2022-12-28,HENDERSON,00H,SG,246.23996212121213,246.24015151515152,0.9999999999990904,0.3047999999997227,0.05,37,-1.6,3580.9874999999997,0.05,59.54558,7669.987199999492,-29.896247039998215
2022-12-28,HENDERSON,00H,SG,246.23882575757577,246.23901515151516,0.9999999999990904,0.3047999999997227,0.05,37,-1.7,3370.3411764705884,0.05,59.54558,7670.291999999492,-29.896094639998214
2022-12-28,HENDERSON,00H,SG,246.16477272727272,246.1649621212121,0.9999999999990904,0.3047999999997227,0.05,38,0.0,1000000.0,0.05,61.15492,7670.596799999492,-29.895942239998213
2022-12-28,HENDERSON,00H,SG,246.26003787878787,246.2602272727273,0.9999999999990904,0.3047999999997227,0.05,37,-2.3,2491.121739130435,0.05,59.54558,7670.901599999492,-29.895789839998212
2022-12-28,HENDERSON,00H,SG,246.21761363636364,246.21780303030303,0.9999999999990904,0.3047999999997227,0.05,37,-1.1,5208.70909090909,0.05,59.54558,7671.206399999492,-29.89563743999821
2022-12-28,HENDERSON,00H,SG,246.2359848484849,246.23636363636365,1.999999999998181,0.6095999999994455,0.05,38,-1.5,3819.72,0.05,61.15492,7671.815999999491,-29.89548503999821
2022-12-28,HENDERSON,00H,SG,246.2778409090909,246.2782196969697,1.999999999998181,0.6095999999994455,0.05,37,-2.7,2122.0666666666666,0.05,59.54558,7672.425599999491,-29.89518023999821
2022-12-28,HENDERSON,00H,SG,246.26060606060605,246.26098484848484,1.999999999998181,0.6095999999994455,0.05,37,-2.3,2491.121739130435,0.05,59.54558,7673.035199999491,-29.894875439998213
2022-12-28,HENDERSON,00H,SG,246.21098484848488,246.21136363636364,1.999999999998181,0.6095999999994455,0.05,38,-0.8,7161.974999999999,0.05,61.15492,7673.644799999491,-29.894570639998214
2022-12-28,HENDERSON,00H,SG,246.25416666666663,246.25454545454545,1.999999999998181,0.6095999999994455,0.05,38,-2.1,2728.3714285714286,0.05,61.15492,7674.2543999994905,-29.894265839998216
2022-12-28,HENDERSON,00H,SG,246.2253787878788,246.22575757575757,1.999999999998181,0.6095999999994455,0.05,38,-1.2,4774.650000000001,0.05,61.15492,7674.86399999949,-29.893961039998217
2022-12-28,HENDERSON,00H,SG,246.1933712121212,246.19375,1.999999999998181,0.6095999999994455,0.05,37,-0.3,19098.600000000002,0.05,59.54558,7675.47359999949,-29.89365623999822
2022-12-28,HENDERSON,00H,SG,246.2782196969697,246.2785984848485,1.999999999998181,0.6095999999994455,0.05,37,-2.8,2046.2785714285715,0.05,59.54558,7676.08319999949,-29.89335143999822
2022-12-28,HENDERSON,00H,SG,246.2662878787879,246.26666666666668,1.999999999998181,0.6095999999994455,0.05,38,-2.4,2387.3250000000003,0.05,61.15492,7676.69279999949,-29.89304663999822
2022-12-28,HENDERSON,00H,SG,246.21780303030303,246.21818181818185,1.999999999998181,0.6095999999994455,0.05,37,-1.0,5729.58,0.05,59.54558,7677.302399999489,-29.892741839998223
2022-12-28,HENDERSON,00H,SG,246.2602272727273,246.26060606060605,1.999999999998181,0.6095999999994455,0.05,37,-2.2,2604.354545454545,0.05,59.54558,7677.911999999489,-29.892437039998224
2022-12-28,HENDERSON,00H,SG,246.2221590909091,246.22253787878788,1.999999999998181,0.6095999999994455,0.05,37,-1.1,5208.70909090909,0.05,59.54558,7678.521599999489,-29.892132239998226
2022-12-28,HENDERSON,00H,SG,246.26344696969696,246.26382575757577,1.999999999998181,0.6095999999994455,0.05,37,-2.3,2491.121739130435,0.05,59.54558,7679.131199999489,-29.891827439998227
2022-12-28,HENDERSON,00H,SG,246.2810606060606,246.2814393939394,1.999999999998181,0.6095999999994455,0.05,38,-2.9,1975.7172413793103,0.05,61.15492,7679.740799999488,-29.89152263999823
2022-12-28,HENDERSON,00H,SG,246.23958333333337,246.23996212121213,1.999999999998181,0.6095999999994455,0.05,38,-1.6,3580.9874999999997,0.05,61.15492,7680.350399999488,-29.89121783999823
2022-12-28,HENDERSON,00H,SG,246.2433712121212,246.24375,1.999999999998181,0.6095999999994455,0.05,38,-1.8,3183.1,0.05,61.15492,7680.959999999488,-29.89091303999823
2022-12-28,HENDERSON,00H,SG,246.23541666666668,246.23579545454547,1.999999999998181,0.6095999999994455,0.05,37,-1.5,3819.72,0.05,59.54558,7681.569599999488,-29.890608239998233
2022-12-28,HENDERSON,00H,SG,246.24299242424243,246.2433712121212,1.999999999998181,0.6095999999994455,0.05,37,-1.7,3370.3411764705884,0.05,59.54558,7682.1791999994875,-29.890303439998235
2022-12-28,HENDERSON,00H,SG,246.27348484848488,246.27386363636364,1.999999999998181,0.6095999999994455,0.05,38,-2.6,2203.6846153846154,0.05,61.15492,7682.788799999487,-29.889998639998236
2022-12-28,HENDERSON,00H,SG,246.21818181818185,246.2185606060606,1.999999999998181,0.6095999999994455,0.05,38,-1.0,5729.58,0.05,61.15492,7683.398399999487,-29.889693839998237
2022-12-28,HENDERSON,00H,SG,246.22348484848484,246.22386363636363,1.999999999998181,0.6095999999994455,0.05,38,-1.2,4774.650000000001,0.05,61.15492,7684.007999999487,-29.88938903999824
2022-12-28,HENDERSON,00H,SG,246.2558712121212,246.25625,1.999999999998181,0.6095999999994455,0.05,38,-2.1,2728.3714285714286,0.05,61.15492,7684.617599999487,-29.88908423999824
2022-12-28,HENDERSON,00H,SG,246.28068181818185,246.2810606060606,1.999999999998181,0.6095999999994455,0.05,38,-2.8,2046.2785714285715,0.05,61.15492,7685.227199999486,-29.888779439998242
2022-12-28,HENDERSON,00H,SG,246.2628787878788,246.26325757575756,1.999999999998181,0.6095999999994455,0.05,38,-2.3,2491.121739130435,0.05,61.15492,7685.836799999486,-29.888474639998243
2022-12-28,HENDERSON,00H,SG,246.23901515151516,246.23958333333337,2.9999999999972715,0.9143999999991684,0.05,37,-1.6,3580.9874999999997,0.05,59.54558,7686.751199999485,-29.888169839998245
2022-12-28,HENDERSON,00H,SG,246.25208333333333,246.2526515151515,2.9999999999972715,0.9143999999991684,0.05,38,-2.0,2864.79,0.05,61.15492,7687.665599999484,-29.887712639998245
2022-12-28,HENDERSON,00H,SG,246.24223484848488,246.24280303030304,2.9999999999972715,0.9143999999991684,0.05,37,-1.7,3370.3411764705884,0.05,59.54558,7688.579999999482,-29.887255439998246
2022-12-28,HENDERSON,00H,SG,246.22878787878787,246.22935606060605,2.9999999999972715,0.9143999999991684,0.05,37,-1.3,4407.369230769231,0.05,59.54558,7689.494399999481,-29.886798239998246
2022-12-28,HENDERSON,00H,SG,246.29583333333332,246.2964015151515,2.9999999999972715,0.9143999999991684,0.05,37,-3.1,1848.2516129032258,0.05,59.54558,7690.40879999948,-29.886341039998246
2022-12-28,HENDERSON,00H,SG,246.2126893939394,246.2132575757576,2.9999999999972715,0.9143999999991684,0.05,38,-0.9,6366.2,0.05,61.15492,7691.323199999479,-29.885883839998247
2022-12-28,HENDERSON,00H,SG,246.2467803030303,246.2473484848485,2.9999999999972715,0.9143999999991684,0.05,38,-1.9,3015.5684210526315,0.05,61.15492,7692.237599999477,-29.885426639998247
2022-12-28,HENDERSON,00H,SG,246.27121212121213,246.2717803030303,2.9999999999972715,0.9143999999991684,0.05,37,-2.6,2203.6846153846154,0.05,59.54558,7693.151999999476,-29.884969439998248
2022-12-28,HENDERSON,00H,SG,246.25928030303027,246.25984848484848,2.9999999999972715,0.9143999999991684,0.05,38,-2.2,2604.354545454545,0.05,61.15492,7694.066399999475,-29.884512239998248
2022-12-28,HENDERSON,00H,SG,246.2346590909091,246.2352272727273,2.9999999999972715,0.9143999999991684,0.05,37,-1.5,3819.72,0.05,59.54558,7694.980799999474,-29.88405503999825
2022-12-28,HENDERSON,00H,SG,246.27064393939395,246.27121212121213,2.9999999999972715,0.9143999999991684,0.05,37,-2.5,2291.832,0.05,59.54558,7695.895199999472,-29.88359783999825
2022-12-28,HENDERSON,00H,SG,246.18806818181815,246.18863636363636,2.9999999999972715,0.9143999999991684,0.05,37,-0.2,28647.899999999998,0.05,59.54558,7696.809599999471,-29.88314063999825
2022-12-28,HENDERSON,00H,SG,246.22708333333333,246.2276515151515,2.9999999999972715,0.9143999999991684,0.05,38,-1.3,4407.369230769231,0.05,61.15492,7697.72399999947,-29.88268343999825
2022-12-28,HENDERSON,00H,SG,246.25757575757575,246.25814393939393,2.9999999999972715,0.9143999999991684,0.05,38,-2.2,2604.354545454545,0.05,61.15492,7698.638399999469,-29.88222623999825
2022-12-28,HENDERSON,00H,SG,246.25056818181815,246.25113636363636,2.9999999999972715,0.9143999999991684,0.05,38,-2.0,2864.79,0.05,61.15492,7699.552799999467,-29.88176903999825
2022-12-28,HENDERSON,00H,SG,246.28257575757576,246.2831439393939,2.9999999999972715,0.9143999999991684,0.05,38,-2.9,1975.7172413793103,0.05,61.15492,7700.467199999466,-29.88131183999825
2022-12-28,HENDERSON,00H,SG,246.2376893939394,246.2382575757576,2.9999999999972715,0.9143999999991684,0.05,38,-1.6,3580.9874999999997,0.05,61.15492,7701.381599999465,-29.88085463999825
2022-12-28,HENDERSON,00H,SG,246.21628787878788,246.2168560606061,2.9999999999972715,0.9143999999991684,0.05,38,-1.0,5729.58,0.05,61.15492,7702.295999999464,-29.88039743999825
2022-12-28,HENDERSON,00H,SG,246.2382575757576,246.23882575757577,2.9999999999972715,0.9143999999991684,0.05,37,-1.6,3580.9874999999997,0.05,59.54558,7703.210399999462,-29.879940239998252
2022-12-28,HENDERSON,00H,SG,246.2340909090909,246.2346590909091,3.000000000147338,0.9144000000449088,0.05,38,-1.5,3819.72,0.05,61.15492,7704.124799999508,-29.879483039998252
2022-12-28,HENDERSON,00H,SG,246.19375,246.19450757575757,3.999999999996362,1.2191999999988912,0.05,37,-0.4,14323.949999999999,0.05,59.54558,7705.343999999506,-29.87902583999823
2022-12-28,HENDERSON,00H,SG,246.1962121212121,246.1969696969697,3.999999999996362,1.2191999999988912,0.05,37,-0.4,14323.949999999999,0.05,59.54558,7706.563199999505,-29.87841623999823
2022-12-28,HENDERSON,00H,SG,246.29924242424244,246.3,3.999999999996362,1.2191999999988912,0.05,37,-3.2,1790.4937499999999,0.05,59.54558,7707.7823999995035,-29.87780663999823
2022-12-28,HENDERSON,00H,SG,246.24602272727273,246.2467803030303,3.999999999996362,1.2191999999988912,0.05,37,-1.8,3183.1,0.05,59.54558,7709.001599999502,-29.87719703999823
2022-12-28,HENDERSON,00H,SG,246.29053030303027,246.29128787878787,3.999999999996362,1.2191999999988912,0.05,37,-3.1,1848.2516129032258,0.05,59.54558,7710.220799999501,-29.87658743999823
2022-12-28,HENDERSON,00H,SG,246.29393939393935,246.29469696969696,3.999999999996362,1.2191999999988912,0.05,37,-3.1,1848.2516129032258,0.05,59.54558,7711.439999999499,-29.875977839998228
2022-12-28,HENDERSON,00H,SG,246.2984848484849,246.29924242424244,3.999999999996362,1.2191999999988912,0.05,38,-3.2,1790.4937499999999,0.05,61.15492,7712.659199999498,-29.875368239998227
2022-12-28,HENDERSON,00H,SG,246.24488636363637,246.24564393939391,3.999999999996362,1.2191999999988912,0.05,38,-1.8,3183.1,0.05,61.15492,7713.878399999497,-29.874758639998227
2022-12-28,HENDERSON,00H,SG,246.26988636363637,246.27064393939395,3.999999999996362,1.2191999999988912,0.05,38,-2.5,2291.832,0.05,61.15492,7715.097599999495,-29.874149039998226
2022-12-28,HENDERSON,00H,SG,246.2931818181818,246.29393939393935,3.999999999996362,1.2191999999988912,0.05,38,-3.1,1848.2516129032258,0.05,61.15492,7716.316799999494,-29.873539439998225
2022-12-28,HENDERSON,00H,SG,246.26818181818183,246.2689393939394,3.999999999996362,1.2191999999988912,0.05,38,-2.5,2291.832,0.05,61.15492,7717.535999999493,-29.872929839998225
2022-12-28,HENDERSON,00H,SG,246.28598484848484,246.2867424242424,3.999999999996362,1.2191999999988912,0.05,38,-3.0,1909.86,0.05,61.15492,7718.755199999491,-29.872320239998224
2022-12-28,HENDERSON,00H,SG,246.2717803030303,246.2725378787879,3.999999999996362,1.2191999999988912,0.05,38,-2.6,2203.6846153846154,0.05,61.15492,7719.97439999949,-29.871710639998224
2022-12-28,HENDERSON,00H,SG,246.28522727272727,246.28598484848484,3.999999999996362,1.2191999999988912,0.05,37,-3.0,1909.86,0.05,59.54558,7721.1935999994885,-29.871101039998223
2022-12-28,HENDERSON,00H,SG,246.26382575757577,246.26458333333332,3.999999999996362,1.2191999999988912,0.05,37,-2.4,2387.3250000000003,0.05,59.54558,7722.412799999487,-29.870491439998222
2022-12-28,HENDERSON,00H,SG,246.24848484848485,246.2492424242424,3.999999999996362,1.2191999999988912,0.05,38,-1.9,3015.5684210526315,0.05,61.15492,7723.631999999486,-29.86988183999822
2022-12-28,HENDERSON,00H,SG,246.2842803030303,246.28503787878788,3.999999999996362,1.2191999999988912,0.05,38,-2.9,1975.7172413793103,0.05,61.15492,7724.851199999484,-29.86927223999822
2022-12-28,HENDERSON,00H,SG,246.27424242424243,246.275,3.999999999996362,1.2191999999988912,0.05,37,-2.6,2203.6846153846154,0.05,59.54558,7726.070399999483,-29.86866263999822
2022-12-28,HENDERSON,00H,SG,246.26458333333332,246.2653409090909,3.999999999996362,1.2191999999988912,0.05,38,-2.4,2387.3250000000003,0.05,61.15492,7727.289599999482,-29.86805303999822
2022-12-28,HENDERSON,00H,SG,246.24147727272728,246.24223484848488,3.999999999996362,1.2191999999988912,0.05,38,-1.7,3370.3411764705884,0.05,61.15492,7728.50879999948,-29.86744343999822
2022-12-28,HENDERSON,00H,SG,246.27708333333337,246.2778409090909,3.999999999996362,1.2191999999988912,0.05,38,-2.7,2122.0666666666666,0.05,61.15492,7729.727999999479,-29.86683383999822
2022-12-28,HENDERSON,00H,SG,246.28958333333333,246.2903409090909,3.999999999996362,1.2191999999988912,0.05,38,-3.0,1909.86,0.05,61.15492,7730.947199999478,-29.866224239998218
2022-12-28,HENDERSON,00H,SG,246.2168560606061,246.21761363636364,3.999999999996362,1.2191999999988912,0.05,37,-1.0,5729.58,0.05,59.54558,7732.166399999476,-29.865614639998217
2022-12-28,HENDERSON,00H,SG,246.2965909090909,246.2973484848485,4.000000000146429,1.2192000000446317,0.05,38,-3.2,1790.4937499999999,0.05,61.15492,7733.385599999521,-29.865005039998216
2022-12-28,HENDERSON,00H,SG,246.2276515151515,246.22859848484848,4.9999999999954525,1.523999999998614,0.05,37,-1.3,4407.369230769231,0.05,59.54558,7734.90959999952,-29.864395439998194
2022-12-28,HENDERSON,00H,SG,246.2751893939394,246.27613636363637,4.9999999999954525,1.523999999998614,0.05,38,-2.7,2122.0666666666666,0.05,61.15492,7736.433599999518,-29.863633439998196
2022-12-28,HENDERSON,00H,SG,246.27613636363637,246.27708333333337,4.9999999999954525,1.523999999998614,0.05,37,-2.7,2122.0666666666666,0.05,59.54558,7737.957599999517,-29.862871439998198
2022-12-28,HENDERSON,00H,SG,246.2867424242424,246.2876893939394,4.9999999999954525,1.523999999998614,0.05,37,-3.0,1909.86,0.05,59.54558,7739.481599999515,-29.8621094399982
2022-12-28,HENDERSON,00H,SG,246.2689393939394,246.26988636363637,4.9999999999954525,1.523999999998614,0.05,37,-2.5,2291.832,0.05,59.54558,7741.005599999514,-29.8613474399982
2022-12-28,HENDERSON,00H,SG,246.27973484848485,246.28068181818185,4.9999999999954525,1.523999999998614,0.05,37,-2.8,2046.2785714285715,0.05,59.54558,7742.529599999512,-29.860585439998204
2022-12-28,HENDERSON,00H,SG,246.2619318181818,246.2628787878788,4.9999999999954525,1.523999999998614,0.05,37,-2.3,2491.121739130435,0.05,59.54558,7744.053599999511,-29.859823439998205
2022-12-28,HENDERSON,00H,SG,246.2876893939394,246.28863636363636,4.9999999999954525,1.523999999998614,0.05,38,-3.0,1909.86,0.05,61.15492,7745.577599999509,-29.859061439998207
2022-12-28,HENDERSON,00H,SG,246.25113636363636,246.25208333333333,4.9999999999954525,1.523999999998614,0.05,37,-2.0,2864.79,0.05,59.54558,7747.101599999508,-29.85829943999821
2022-12-28,HENDERSON,00H,SG,246.26098484848484,246.2619318181818,4.9999999999954525,1.523999999998614,0.05,38,-2.3,2491.121739130435,0.05,61.15492,7748.625599999506,-29.85753743999821
2022-12-28,HENDERSON,00H,SG,246.27878787878788,246.27973484848485,4.9999999999954525,1.523999999998614,0.05,38,-2.8,2046.2785714285715,0.05,61.15492,7750.149599999505,-29.856775439998213
2022-12-28,HENDERSON,00H,SG,246.29223484848484,246.2931818181818,4.9999999999954525,1.523999999998614,0.05,37,-3.1,1848.2516129032258,0.05,59.54558,7751.6735999995035,-29.856013439998215
2022-12-28,HENDERSON,00H,SG,246.28863636363636,246.28958333333333,4.9999999999954525,1.523999999998614,0.05,37,-3.0,1909.86,0.05,59.54558,7753.197599999502,-29.855251439998217
2022-12-28,HENDERSON,00H,SG,246.29128787878787,246.29223484848484,4.9999999999954525,1.523999999998614,0.05,38,-3.1,1848.2516129032258,0.05,61.15492,7754.7215999995005,-29.85448943999822
2022-12-28,HENDERSON,00H,SG,246.22253787878788,246.22348484848484,4.9999999999954525,1.523999999998614,0.05,37,-1.2,4774.650000000001,0.05,59.54558,7756.245599999499,-29.85372743999822
2022-12-28,HENDERSON,00H,SG,246.2672348484849,246.26818181818183,4.9999999999954525,1.523999999998614,0.05,37,-2.5,2291.832,0.05,59.54558,7757.769599999498,-29.852965439998222
2022-12-28,HENDERSON,00H,SG,246.2725378787879,246.27348484848488,4.9999999999954525,1.523999999998614,0.05,37,-2.6,2203.6846153846154,0.05,59.54558,7759.293599999496,-29.852203439998224
2022-12-28,HENDERSON,00H,SG,246.2653409090909,246.2662878787879,5.000000000145519,1.5240000000443543,0.05,37,-2.4,2387.3250000000003,0.05,59.54558,7760.81759999954,-29.851441439998226
2022-12-28,HENDERSON,00H,SG,246.24375,246.24488636363637,5.999999999994543,1.8287999999983369,0.05,37,-1.8,3183.1,0.05,59.54558,7762.6463999995385,-29.850679439998203
2022-12-28,HENDERSON,00H,SG,246.25814393939393,246.25928030303027,5.999999999994543,1.8287999999983369,0.05,37,-2.2,2604.354545454545,0.05,59.54558,7764.475199999537,-29.849765039998204
2022-12-28,HENDERSON,00H,SG,246.21515151515152,246.21628787878788,5.999999999994543,1.8287999999983369,0.05,37,-1.0,5729.58,0.05,59.54558,7766.303999999535,-29.848850639998204
2022-12-28,HENDERSON,00H,SG,246.29469696969696,246.29583333333332,5.999999999994543,1.8287999999983369,0.05,38,-3.1,1848.2516129032258,0.05,61.15492,7768.132799999534,-29.847936239998205
2022-12-28,HENDERSON,00H,SG,246.2814393939394,246.28257575757576,5.999999999994543,1.8287999999983369,0.05,37,-2.9,1975.7172413793103,0.05,59.54558,7769.961599999532,-29.847021839998206
2022-12-28,HENDERSON,00H,SG,246.21155303030304,246.2126893939394,5.999999999994543,1.8287999999983369,0.05,37,-0.9,6366.2,0.05,59.54558,7771.790399999531,-29.846107439998207
2022-12-28,HENDERSON,00H,SG,246.2831439393939,246.2842803030303,5.999999999994543,1.8287999999983369,0.05,37,-2.9,1975.7172413793103,0.05,59.54558,7773.619199999529,-29.845193039998207
2022-12-28,HENDERSON,00H,SG,246.2973484848485,246.2984848484849,5.999999999994543,1.8287999999983369,0.05,37,-3.2,1790.4937499999999,0.05,59.54558,7775.447999999527,-29.84427863999821
2022-12-28,HENDERSON,00H,SG,246.23295454545453,246.2340909090909,5.999999999994543,1.8287999999983369,0.05,37,-1.5,3819.72,0.05,59.54558,7777.276799999526,-29.84336423999821
2022-12-28,HENDERSON,00H,SG,246.2473484848485,246.24848484848485,5.999999999994543,1.8287999999983369,0.05,37,-1.9,3015.5684210526315,0.05,59.54558,7779.105599999524,-29.84244983999821
2022-12-28,HENDERSON,00H,SG,246.2492424242424,246.2503787878788,5.999999999994543,1.8287999999983369,0.05,37,-1.9,3015.5684210526315,0.05,59.54558,7780.934399999523,-29.84153543999821
2022-12-28,HENDERSON,00H,SG,246.24015151515152,246.2412878787879,5.999999999994543,1.8287999999983369,0.05,37,-1.7,3370.3411764705884,0.05,59.54558,7782.763199999521,-29.84062103999821
2022-12-28,HENDERSON,00H,SG,246.19469696969696,246.19602272727272,6.9999999999936335,2.1335999999980597,0.05,37,-0.4,14323.949999999999,0.05,59.54558,7784.896799999519,-29.839706639998212
2022-12-28,HENDERSON,00H,SG,246.25625,246.25757575757575,6.9999999999936335,2.1335999999980597,0.05,37,-2.1,2728.3714285714286,0.05,59.54558,7787.030399999518,-29.838639839998212
2022-12-28,HENDERSON,00H,SG,246.22575757575757,246.22708333333333,6.9999999999936335,2.1335999999980597,0.05,37,-1.3,4407.369230769231,0.05,59.54558,7789.163999999516,-29.83757303999821
2022-12-28,HENDERSON,00H,SG,246.25454545454545,246.2558712121212,6.9999999999936335,2.1335999999980597,0.05,37,-2.1,2728.3714285714286,0.05,59.54558,7791.297599999514,-29.83650623999821
2022-12-28,HENDERSON,00H,SG,246.2526515151515,246.25397727272727,6.9999999999936335,2.1335999999980597,0.05,37,-2.0,2864.79,0.05,59.54558,7793.4311999995125,-29.83543943999821
2022-12-28,HENDERSON,00H,SG,246.23636363636365,246.2376893939394,6.9999999999936335,2.1335999999980597,0.05,37,-1.6,3580.9874999999997,0.05,59.54558,7795.564799999511,-29.83437263999821
2022-12-28,HENDERSON,00H,SG,246.22386363636363,246.2253787878788,7.999999999992724,2.4383999999977823,0.05,37,-1.2,4774.650000000001,0.05,59.54558,7798.003199999509,-29.83330583999821
2022-12-28,HENDERSON,00H,SG,246.2132575757576,246.21515151515152,9.999999999990903,3.047999999997228,0.05,37,-0.9,6366.2,0.05,59.54558,7801.051199999506,-29.832086639998213
2022-12-28,HENDERSON,00H,SG,246.22935606060605,246.23257575757577,16.99999999998454,5.181599999995288,0.05,37,-1.4,4092.557142857143,0.05,59.54558,7806.232799999501,-29.830562639998213
2022-12-28,HENDERSON,00H,SG,246.2185606060606,246.2217803030303,16.99999999998454,5.181599999995288,0.05,37,-1.1,5208.70909090909,0.05,59.54558,7811.414399999497,-29.827971839998217
2022-12-28,HENDERSON,00H,SG,246.1969696969697,246.20018939393935,16.99999999998454,5.181599999995288,0.05,37,-0.5,11459.16,0.05,59.54558,7816.595999999492,-29.82538103999822
2022-12-28,HENDERSON,00H,SG,246.20776515151516,246.21098484848488,16.99999999998454,5.181599999995288,0.05,37,-0.8,7161.974999999999,0.05,59.54558,7821.777599999487,-29.822790239998223
2022-12-28,HENDERSON,00H,SG,246.17935606060607,246.18276515151516,17.99999999998363,5.48639999999501,0.05,37,-0.1,57295.799999999996,0.05,59.54558,7827.263999999483,-29.820199439998227
2022-12-28,HENDERSON,00H,SG,246.20435606060607,246.20776515151516,17.99999999998363,5.48639999999501,0.05,37,-0.7,8185.114285714286,0.05,59.54558,7832.750399999478,-29.81745623999823
2022-12-28,HENDERSON,00H,SG,246.20056818181817,246.20435606060607,20.000000000131877,6.096000000040196,0.05,37,-0.6,9549.300000000001,0.05,59.54558,7838.846399999518,-29.81471303999823
2022-12-28,HENDERSON,00H,SG,246.18863636363636,246.1931818181818,23.999999999978172,7.3151999999933475,0.05,37,-0.3,19098.600000000002,0.05,59.54558,7846.161599999512,-29.81166503999821
2022-12-28,HENDERSON,00H,SG,246.1649621212121,246.16950757575756,23.999999999978172,7.3151999999933475,0.05,37,0.0,1000000.0,0.05,59.54558,7853.476799999506,-29.808007439998214
2022-12-28,HENDERSON,00H,SG,246.18295454545455,246.1878787878788,25.999999999976353,7.924799999992792,0.05,37,-0.2,28647.899999999998,0.05,59.54558,7861.401599999498,-29.804349839998217
2022-12-28,HENDERSON,00H,SG,246.16950757575756,246.17916666666667,51.00000000010368,15.544800000031604,0.05,37,-0.1,57295.799999999996,0.05,59.54558,7876.94639999953,-29.80038743999822
2022-12-28,HENDERSON,00H,SG,246.09015151515152,246.16477272727272,393.99999999994174,120.09119999998228,0.05,37,0.0,1000000.0,0.05,59.54558,7997.037599999512,-29.792615039998207
2022-12-28,HENDERSON,00H,SG,252.88011363636363,252.97007575757576,475.00000000001813,144.78000000000554,0.13,47,0.0,1000000.0,0.13,75.63898,8141.817599999517,-29.732569439998215
2022-12-28,HENDERSON,00H,SG,248.5149621212121,248.5151515151515,0.9999999999990904,0.3047999999997227,0.2,43,0.0,1000000.0,0.2,69.20162,8142.122399999517,-29.54435543999821
2022-12-28,HENDERSON,00H,SG,248.6443181818182,248.6445075757576,0.9999999999990904,0.3047999999997227,0.2,43,-0.2,28647.899999999998,0.2,69.20162,8142.427199999517,-29.54374583999821
2022-12-28,HENDERSON,00H,SG,248.6581439393939,248.65833333333333,0.9999999999990904,0.3047999999997227,0.2,43,-0.6,9549.300000000001,0.2,69.20162,8142.731999999517,-29.54313623999821
2022-12-28,HENDERSON,00H,SG,248.38011363636363,248.38030303030305,0.9999999999990904,0.3047999999997227,0.2,41,0.0,1000000.0,0.2,65.98294,8143.036799999517,-29.542526639998208
2022-12-28,HENDERSON,00H,SG,248.65492424242424,248.65511363636364,0.9999999999990904,0.3047999999997227,0.2,43,-0.5,11459.16,0.2,69.20162,8143.341599999517,-29.541917039998207
2022-12-28,HENDERSON,00H,SG,248.6592803030303,248.6594696969697,0.9999999999990904,0.3047999999997227,0.2,43,-0.6,9549.300000000001,0.2,69.20162,8143.646399999517,-29.541307439998207
2022-12-28,HENDERSON,00H,SG,248.66060606060609,248.66079545454545,0.9999999999990904,0.3047999999997227,0.2,43,-0.7,8185.114285714286,0.2,69.20162,8143.951199999517,-29.540697839998206
2022-12-28,HENDERSON,00H,SG,248.6590909090909,248.6592803030303,0.9999999999990904,0.3047999999997227,0.2,43,-0.5,11459.16,0.2,69.20162,8144.2559999995165,-29.540088239998205
2022-12-28,HENDERSON,00H,SG,248.64375,248.6439393939394,0.9999999999990904,0.3047999999997227,0.2,43,-0.2,28647.899999999998,0.2,69.20162,8144.560799999516,-29.539478639998205
2022-12-28,HENDERSON,00H,SG,248.65454545454543,248.65473484848485,0.9999999999990904,0.3047999999997227,0.2,43,-0.5,11459.16,0.2,69.20162,8144.865599999516,-29.538869039998204
2022-12-28,HENDERSON,00H,SG,248.64810606060607,248.64829545454543,0.9999999999990904,0.3047999999997227,0.2,43,-0.3,19098.600000000002,0.2,69.20162,8145.170399999516,-29.538259439998203
2022-12-28,HENDERSON,00H,SG,248.66363636363636,248.66382575757575,0.9999999999990904,0.3047999999997227,0.2,43,-0.8,7161.974999999999,0.2,69.20162,8145.475199999516,-29.537649839998203
2022-12-28,HENDERSON,00H,SG,248.6649621212121,248.6651515151515,0.9999999999990904,0.3047999999997227,0.2,43,-0.9,6366.2,0.2,69.20162,8145.779999999516,-29.537040239998202
2022-12-28,HENDERSON,00H,SG,248.66780303030305,248.6679924242424,0.9999999999990904,0.3047999999997227,0.2,43,-1.0,5729.58,0.2,69.20162,8146.084799999516,-29.5364306399982
2022-12-28,HENDERSON,00H,SG,248.53503787878788,248.53522727272727,0.9999999999990904,0.3047999999997227,0.2,42,0.0,1000000.0,0.2,67.59228,8146.389599999516,-29.5358210399982
2022-12-28,HENDERSON,00H,SG,248.3890151515151,248.38920454545453,0.9999999999990904,0.3047999999997227,0.2,41,0.0,1000000.0,0.2,65.98294,8146.694399999516,-29.5352114399982
2022-12-28,HENDERSON,00H,SG,248.65473484848485,248.65492424242424,0.9999999999990904,0.3047999999997227,0.2,43,-0.4,14323.949999999999,0.2,69.20162,8146.999199999515,-29.5346018399982
2022-12-28,HENDERSON,00H,SG,248.66041666666663,248.66060606060609,0.9999999999990904,0.3047999999997227,0.2,43,-0.6,9549.300000000001,0.2,69.20162,8147.303999999515,-29.5339922399982
2022-12-28,HENDERSON,00H,SG,248.32613636363635,248.32632575757577,0.9999999999990904,0.3047999999997227,0.2,42,0.1,57295.799999999996,0.2,67.59228,8147.608799999515,-29.533382639998198
2022-12-28,HENDERSON,00H,SG,248.6564393939394,248.6566287878788,0.9999999999990904,0.3047999999997227,0.2,43,-0.5,11459.16,0.2,69.20162,8147.913599999515,-29.532773039998197
2022-12-28,HENDERSON,00H,SG,248.65795454545457,248.6581439393939,0.9999999999990904,0.3047999999997227,0.2,43,-0.5,11459.16,0.2,69.20162,8148.218399999515,-29.532163439998197
2022-12-28,HENDERSON,00H,SG,248.6589015151515,248.6590909090909,0.9999999999990904,0.3047999999997227,0.2,43,-0.6,9549.300000000001,0.2,69.20162,8148.523199999515,-29.531553839998196
2022-12-28,HENDERSON,00H,SG,248.64507575757577,248.64526515151516,0.9999999999990904,0.3047999999997227,0.2,43,-0.2,28647.899999999998,0.2,69.20162,8148.827999999515,-29.530944239998195
2022-12-28,HENDERSON,00H,SG,248.5369318181818,248.5371212121212,0.9999999999990904,0.3047999999997227,0.2,42,0.0,1000000.0,0.2,67.59228,8149.132799999515,-29.530334639998195
2022-12-28,HENDERSON,00H,SG,248.54924242424244,248.54943181818183,0.9999999999990904,0.3047999999997227,0.2,42,0.0,1000000.0,0.2,67.59228,8149.4375999995145,-29.529725039998194
2022-12-28,HENDERSON,00H,SG,248.66458333333333,248.6649621212121,1.999999999998181,0.6095999999994455,0.2,43,-0.8,7161.974999999999,0.2,69.20162,8150.047199999514,-29.529115439998193
2022-12-28,HENDERSON,00H,SG,248.51818181818183,248.51856060606065,1.999999999998181,0.6095999999994455,0.2,43,0.0,1000000.0,0.2,69.20162,8150.656799999514,-29.527896239998196
2022-12-28,HENDERSON,00H,SG,248.3314393939394,248.3318181818182,1.999999999998181,0.6095999999994455,0.2,42,0.1,57295.799999999996,0.2,67.59228,8151.266399999514,-29.526677039998198
2022-12-28,HENDERSON,00H,SG,248.38352272727272,248.3839015151515,1.999999999998181,0.6095999999994455,0.2,41,0.0,1000000.0,0.2,65.98294,8151.875999999514,-29.5254578399982
2022-12-28,HENDERSON,00H,SG,248.3558712121212,248.35625,1.999999999998181,0.6095999999994455,0.2,42,0.1,57295.799999999996,0.2,67.59228,8152.485599999513,-29.524238639998202
2022-12-28,HENDERSON,00H,SG,248.65757575757576,248.65795454545457,1.999999999998181,0.6095999999994455,0.2,43,-0.6,9549.300000000001,0.2,69.20162,8153.095199999513,-29.523019439998205
2022-12-28,HENDERSON,00H,SG,248.3748106060606,248.3751893939394,1.999999999998181,0.6095999999994455,0.2,41,0.0,1000000.0,0.2,65.98294,8153.704799999513,-29.521800239998207
2022-12-28,HENDERSON,00H,SG,248.3350378787879,248.33541666666667,1.999999999998181,0.6095999999994455,0.2,42,0.1,57295.799999999996,0.2,67.59228,8154.314399999513,-29.52058103999821
2022-12-28,HENDERSON,00H,SG,248.6439393939394,248.6443181818182,1.999999999998181,0.6095999999994455,0.2,43,-0.1,57295.799999999996,0.2,69.20162,8154.9239999995125,-29.51936183999821
2022-12-28,HENDERSON,00H,SG,248.3871212121212,248.3875,1.999999999998181,0.6095999999994455,0.2,41,0.0,1000000.0,0.2,65.98294,8155.533599999512,-29.518142639998214
2022-12-28,HENDERSON,00H,SG,248.37291666666667,248.37329545454543,1.999999999998181,0.6095999999994455,0.2,41,0.0,1000000.0,0.2,65.98294,8156.143199999512,-29.516923439998216
2022-12-28,HENDERSON,00H,SG,248.34734848484848,248.34791666666663,2.9999999999972715,0.9143999999991684,0.2,42,0.1,57295.799999999996,0.2,67.59228,8157.057599999511,-29.515704239998218
2022-12-28,HENDERSON,00H,SG,248.52973484848485,248.53030303030303,2.9999999999972715,0.9143999999991684,0.2,42,0.0,1000000.0,0.2,67.59228,8157.9719999995095,-29.51387543999822
2022-12-28,HENDERSON,00H,SG,248.65833333333333,248.6589015151515,2.9999999999972715,0.9143999999991684,0.2,43,-0.5,11459.16,0.2,69.20162,8158.886399999508,-29.51204663999822
2022-12-28,HENDERSON,00H,SG,248.64526515151516,248.64583333333337,2.9999999999972715,0.9143999999991684,0.2,43,-0.1,57295.799999999996,0.2,69.20162,8159.800799999507,-29.510217839998223
2022-12-28,HENDERSON,00H,SG,248.32954545454547,248.33011363636365,2.9999999999972715,0.9143999999991684,0.2,42,0.1,57295.799999999996,0.2,67.59228,8160.715199999506,-29.508389039998224
2022-12-28,HENDERSON,00H,SG,248.36401515151516,248.36458333333337,2.9999999999972715,0.9143999999991684,0.2,41,0.0,1000000.0,0.2,65.98294,8161.6295999995045,-29.506560239998226
2022-12-28,HENDERSON,00H,SG,248.51988636363637,248.52045454545456,2.9999999999972715,0.9143999999991684,0.2,43,0.0,1000000.0,0.2,69.20162,8162.543999999503,-29.504731439998228
2022-12-28,HENDERSON,00H,SG,248.5331439393939,248.53371212121212,2.9999999999972715,0.9143999999991684,0.2,42,0.0,1000000.0,0.2,67.59228,8163.458399999502,-29.50290263999823
2022-12-28,HENDERSON,00H,SG,248.35075757575757,248.35132575757575,2.9999999999972715,0.9143999999991684,0.2,42,0.1,57295.799999999996,0.2,67.59228,8164.372799999501,-29.50107383999823
2022-12-28,HENDERSON,00H,SG,248.6445075757576,248.64507575757577,2.9999999999972715,0.9143999999991684,0.2,43,-0.1,57295.799999999996,0.2,69.20162,8165.2871999994995,-29.499245039998232
2022-12-28,HENDERSON,00H,SG,248.35625,248.35681818181817,2.9999999999972715,0.9143999999991684,0.2,42,0.0,1000000.0,0.2,67.59228,8166.201599999498,-29.497416239998234
2022-12-28,HENDERSON,00H,SG,248.35795454545453,248.3585227272727,2.9999999999972715,0.9143999999991684,0.2,42,0.0,1000000.0,0.2,67.59228,8167.115999999497,-29.495587439998236
2022-12-28,HENDERSON,00H,SG,248.37651515151515,248.37708333333333,2.9999999999972715,0.9143999999991684,0.2,41,0.0,1000000.0,0.2,65.98294,8168.030399999496,-29.493758639998237
2022-12-28,HENDERSON,00H,SG,248.35530303030305,248.3558712121212,2.9999999999972715,0.9143999999991684,0.2,41,0.1,57295.799999999996,0.2,65.98294,8168.9447999994945,-29.49192983999824
2022-12-28,HENDERSON,00H,SG,248.3693181818182,248.36988636363637,2.9999999999972715,0.9143999999991684,0.2,41,0.0,1000000.0,0.2,65.98294,8169.859199999493,-29.49010103999824
2022-12-28,HENDERSON,00H,SG,248.6679924242424,248.6685606060606,2.9999999999972715,0.9143999999991684,0.2,43,-0.9,6366.2,0.2,69.20162,8170.773599999492,-29.488272239998242
2022-12-28,HENDERSON,00H,SG,248.5278409090909,248.5285984848485,3.999999999996362,1.2191999999988912,0.2,42,0.0,1000000.0,0.2,67.59228,8171.992799999491,-29.486443439998244
2022-12-28,HENDERSON,00H,SG,248.36742424242425,248.36818181818185,3.999999999996362,1.2191999999988912,0.2,41,0.0,1000000.0,0.2,65.98294,8173.211999999489,-29.484005039998245
2022-12-28,HENDERSON,00H,SG,248.5314393939394,248.53219696969697,3.999999999996362,1.2191999999988912,0.2,42,0.0,1000000.0,0.2,67.59228,8174.431199999488,-29.481566639998245
2022-12-28,HENDERSON,00H,SG,248.66382575757575,248.66458333333333,3.999999999996362,1.2191999999988912,0.2,43,-0.7,8185.114285714286,0.2,69.20162,8175.650399999487,-29.479128239998246
2022-12-28,HENDERSON,00H,SG,248.52424242424243,248.525,3.999999999996362,1.2191999999988912,0.2,42,0.0,1000000.0,0.2,67.59228,8176.869599999485,-29.476689839998247
2022-12-28,HENDERSON,00H,SG,248.3621212121212,248.3628787878788,3.999999999996362,1.2191999999988912,0.2,41,0.0,1000000.0,0.2,65.98294,8178.088799999484,-29.47425143999825
2022-12-28,HENDERSON,00H,SG,248.52159090909092,248.5223484848485,3.999999999996362,1.2191999999988912,0.2,43,0.0,1000000.0,0.2,69.20162,8179.3079999994825,-29.47181303999825
2022-12-28,HENDERSON,00H,SG,248.36571969696973,248.36647727272728,3.999999999996362,1.2191999999988912,0.2,41,0.0,1000000.0,0.2,65.98294,8180.527199999481,-29.46937463999825
2022-12-28,HENDERSON,00H,SG,248.36060606060607,248.36136363636365,3.999999999996362,1.2191999999988912,0.2,41,0.0,1000000.0,0.2,65.98294,8181.74639999948,-29.46693623999825
2022-12-28,HENDERSON,00H,SG,248.35,248.35075757575757,3.999999999996362,1.2191999999988912,0.2,41,0.1,57295.799999999996,0.2,65.98294,8182.965599999478,-29.464497839998252
2022-12-28,HENDERSON,00H,SG,248.37102272727273,248.3717803030303,3.999999999996362,1.2191999999988912,0.2,41,0.0,1000000.0,0.2,65.98294,8184.184799999477,-29.462059439998253
2022-12-28,HENDERSON,00H,SG,248.3375,248.3382575757576,3.999999999996362,1.2191999999988912,0.2,41,0.1,57295.799999999996,0.2,65.98294,8185.403999999476,-29.459621039998254
2022-12-28,HENDERSON,00H,SG,248.52613636363637,248.52689393939391,3.999999999996362,1.2191999999988912,0.2,42,0.0,1000000.0,0.2,67.59228,8186.623199999474,-29.457182639998255
2022-12-28,HENDERSON,00H,SG,248.52329545454543,248.52424242424243,4.9999999999954525,1.523999999998614,0.2,43,0.0,1000000.0,0.2,69.20162,8188.147199999473,-29.454744239998256
2022-12-28,HENDERSON,00H,SG,248.5223484848485,248.52329545454543,4.9999999999954525,1.523999999998614,0.2,42,0.0,1000000.0,0.2,67.59228,8189.671199999471,-29.45169623999826
2022-12-28,HENDERSON,00H,SG,248.36647727272728,248.36742424242425,4.9999999999954525,1.523999999998614,0.2,42,0.0,1000000.0,0.2,67.59228,8191.19519999947,-29.448648239998263
2022-12-28,HENDERSON,00H,SG,248.33655303030304,248.3375,4.9999999999954525,1.523999999998614,0.2,42,0.1,57295.799999999996,0.2,67.59228,8192.719199999468,-29.445600239998267
2022-12-28,HENDERSON,00H,SG,248.3585227272727,248.35946969696968,4.9999999999954525,1.523999999998614,0.2,41,0.0,1000000.0,0.2,65.98294,8194.243199999468,-29.44255223999827
2022-12-28,HENDERSON,00H,SG,248.6566287878788,248.65757575757576,4.9999999999954525,1.523999999998614,0.2,43,-0.4,14323.949999999999,0.2,69.20162,8195.767199999467,-29.439504239998275
2022-12-28,HENDERSON,00H,SG,248.36117424242423,248.3621212121212,4.9999999999954525,1.523999999998614,0.2,42,0.0,1000000.0,0.2,67.59228,8197.291199999467,-29.43645623999828
2022-12-28,HENDERSON,00H,SG,248.6594696969697,248.66041666666663,4.9999999999954525,1.523999999998614,0.2,43,-0.5,11459.16,0.2,69.20162,8198.815199999466,-29.433408239998283
2022-12-28,HENDERSON,00H,SG,248.52689393939391,248.5278409090909,4.9999999999954525,1.523999999998614,0.2,43,0.0,1000000.0,0.2,69.20162,8200.339199999466,-29.430360239998286
2022-12-28,HENDERSON,00H,SG,248.53219696969697,248.5331439393939,4.9999999999954525,1.523999999998614,0.2,43,0.0,1000000.0,0.2,69.20162,8201.863199999465,-29.42731223999829
2022-12-28,HENDERSON,00H,SG,248.3382575757576,248.33920454545455,4.9999999999954525,1.523999999998614,0.2,42,0.1,57295.799999999996,0.2,67.59228,8203.387199999464,-29.424264239998294
2022-12-28,HENDERSON,00H,SG,248.34791666666663,248.34886363636363,4.9999999999954525,1.523999999998614,0.2,41,0.1,57295.799999999996,0.2,65.98294,8204.911199999464,-29.421216239998298
2022-12-28,HENDERSON,00H,SG,248.66685606060605,248.66780303030305,4.9999999999954525,1.523999999998614,0.2,43,-0.9,6366.2,0.2,69.20162,8206.435199999463,-29.4181682399983
2022-12-28,HENDERSON,00H,SG,248.3418560606061,248.3429924242424,5.999999999994543,1.8287999999983369,0.2,42,0.1,57295.799999999996,0.2,67.59228,8208.26399999946,-29.415120239998306
2022-12-28,HENDERSON,00H,SG,248.3628787878788,248.36401515151516,5.999999999994543,1.8287999999983369,0.2,42,0.0,1000000.0,0.2,67.59228,8210.092799999458,-29.41146263999831
2022-12-28,HENDERSON,00H,SG,248.525,248.52613636363637,5.999999999994543,1.8287999999983369,0.2,43,0.0,1000000.0,0.2,69.20162,8211.921599999456,-29.407805039998312
2022-12-28,HENDERSON,00H,SG,248.6625,248.66363636363636,5.999999999994543,1.8287999999983369,0.2,43,-0.7,8185.114285714286,0.2,69.20162,8213.750399999453,-29.404147439998315
2022-12-28,HENDERSON,00H,SG,248.52045454545456,248.52159090909092,5.999999999994543,1.8287999999983369,0.2,42,0.0,1000000.0,0.2,67.59228,8215.57919999945,-29.40048983999832
2022-12-28,HENDERSON,00H,SG,248.3594696969697,248.36060606060607,5.999999999994543,1.8287999999983369,0.2,42,0.0,1000000.0,0.2,67.59228,8217.407999999448,-29.39683223999832
2022-12-28,HENDERSON,00H,SG,248.36458333333337,248.36571969696973,5.999999999994543,1.8287999999983369,0.2,42,0.0,1000000.0,0.2,67.59228,8219.236799999446,-29.393174639998325
2022-12-28,HENDERSON,00H,SG,248.34886363636363,248.35,5.999999999994543,1.8287999999983369,0.2,42,0.1,57295.799999999996,0.2,67.59228,8221.065599999443,-29.389517039998328
2022-12-28,HENDERSON,00H,SG,248.3717803030303,248.37291666666667,5.999999999994543,1.8287999999983369,0.2,42,0.0,1000000.0,0.2,67.59228,8222.89439999944,-29.38585943999833
2022-12-28,HENDERSON,00H,SG,248.35681818181817,248.35795454545453,5.999999999994543,1.8287999999983369,0.2,41,0.0,1000000.0,0.2,65.98294,8224.723199999438,-29.382201839998334
2022-12-28,HENDERSON,00H,SG,248.53030303030303,248.5314393939394,5.999999999994543,1.8287999999983369,0.2,43,0.0,1000000.0,0.2,69.20162,8226.551999999436,-29.378544239998337
2022-12-28,HENDERSON,00H,SG,248.36988636363637,248.37102272727273,5.999999999994543,1.8287999999983369,0.2,42,0.0,1000000.0,0.2,67.59228,8228.380799999433,-29.37488663999834
2022-12-28,HENDERSON,00H,SG,248.33541666666667,248.33655303030304,5.999999999994543,1.8287999999983369,0.2,41,0.1,57295.799999999996,0.2,65.98294,8230.20959999943,-29.371229039998344
2022-12-28,HENDERSON,00H,SG,248.36818181818185,248.3693181818182,5.999999999994543,1.8287999999983369,0.2,42,0.0,1000000.0,0.2,67.59228,8232.038399999428,-29.367571439998347
2022-12-28,HENDERSON,00H,SG,248.5285984848485,248.52973484848485,5.999999999994543,1.8287999999983369,0.2,43,0.0,1000000.0,0.2,69.20162,8233.867199999426,-29.36391383999835
2022-12-28,HENDERSON,00H,SG,248.3751893939394,248.37651515151515,6.9999999999936335,2.1335999999980597,0.2,42,0.0,1000000.0,0.2,67.59228,8236.000799999423,-29.360256239998353
2022-12-28,HENDERSON,00H,SG,248.51856060606065,248.51988636363637,6.9999999999936335,2.1335999999980597,0.2,42,0.0,1000000.0,0.2,67.59228,8238.13439999942,-29.355989039998356
2022-12-28,HENDERSON,00H,SG,248.53371212121212,248.53503787878788,6.9999999999936335,2.1335999999980597,0.2,43,0.0,1000000.0,0.2,69.20162,8240.267999999418,-29.35172183999836
2022-12-28,HENDERSON,00H,SG,248.3539772727273,248.35530303030305,6.9999999999936335,2.1335999999980597,0.2,42,0.1,57295.799999999996,0.2,67.59228,8242.401599999415,-29.34745463999836
2022-12-28,HENDERSON,00H,SG,248.33011363636365,248.3314393939394,6.9999999999936335,2.1335999999980597,0.2,41,0.1,57295.799999999996,0.2,65.98294,8244.535199999413,-29.343187439998363
2022-12-28,HENDERSON,00H,SG,248.65511363636364,248.6564393939394,6.9999999999936335,2.1335999999980597,0.2,43,-0.4,14323.949999999999,0.2,69.20162,8246.66879999941,-29.338920239998366
2022-12-28,HENDERSON,00H,SG,248.37329545454543,248.3748106060606,7.999999999992724,2.4383999999977823,0.2,42,0.0,1000000.0,0.2,67.59228,8249.107199999407,-29.33465303999837
2022-12-28,HENDERSON,00H,SG,248.3875,248.3890151515151,7.999999999992724,2.4383999999977823,0.2,42,0.0,1000000.0,0.2,67.59228,8251.545599999405,-29.329776239998374
2022-12-28,HENDERSON,00H,SG,248.6685606060606,248.67007575757577,7.999999999992724,2.4383999999977823,0.2,43,-1.0,5729.58,0.2,69.20162,8253.983999999402,-29.32489943999838
2022-12-28,HENDERSON,00H,SG,248.6651515151515,248.66685606060605,8.999999999991815,2.743199999997505,0.2,43,-0.8,7161.974999999999,0.2,69.20162,8256.727199999399,-29.320022639998385
2022-12-28,HENDERSON,00H,SG,248.66079545454545,248.6625,8.999999999991815,2.743199999997505,0.2,43,-0.6,9549.300000000001,0.2,69.20162,8259.470399999396,-29.31453623999839
2022-12-28,HENDERSON,00H,SG,248.53522727272727,248.5369318181818,8.999999999991815,2.743199999997505,0.2,43,0.0,1000000.0,0.2,69.20162,8262.213599999393,-29.309049839998394
2022-12-28,HENDERSON,00H,SG,248.3242424242424,248.32613636363635,9.999999999990903,3.047999999997228,0.2,41,0.1,57295.799999999996,0.2,65.98294,8265.26159999939,-29.3035634399984
2022-12-28,HENDERSON,00H,SG,248.31003787878788,248.31193181818185,9.999999999990903,3.047999999997228,0.2,41,0.4,14323.949999999999,0.2,65.98294,8268.309599999388,-29.297467439998403
2022-12-28,HENDERSON,00H,SG,248.64583333333337,248.64810606060607,11.999999999989086,3.6575999999966737,0.2,43,-0.2,28647.899999999998,0.2,69.20162,8271.967199999384,-29.291371439998407
2022-12-28,HENDERSON,00H,SG,248.64829545454543,248.6507575757576,12.999999999988177,3.962399999996397,0.2,43,-0.2,28647.899999999998,0.2,69.20162,8275.929599999381,-29.284056239998414
2022-12-28,HENDERSON,00H,SG,248.35132575757575,248.3539772727273,13.999999999987269,4.267199999996119,0.2,41,0.1,57295.799999999996,0.2,65.98294,8280.196799999378,-29.27613143999842
2022-12-28,HENDERSON,00H,SG,248.33920454545455,248.3418560606061,13.999999999987269,4.267199999996119,0.2,41,0.1,57295.799999999996,0.2,65.98294,8284.463999999374,-29.267597039998428
2022-12-28,HENDERSON,00H,SG,248.37708333333333,248.38011363636363,15.999999999985448,4.876799999995565,0.2,42,0.0,1000000.0,0.2,67.59228,8289.34079999937,-29.259062639998437
2022-12-28,HENDERSON,00H,SG,248.5151515151515,248.51818181818183,16.000000000135515,4.876800000041305,0.2,42,0.0,1000000.0,0.2,67.59228,8294.217599999412,-29.249309039998444
2022-12-28,HENDERSON,00H,SG,248.3839015151515,248.3871212121212,16.99999999998454,5.181599999995288,0.2,42,0.0,1000000.0,0.2,67.59228,8299.399199999407,-29.239555439998362
2022-12-28,HENDERSON,00H,SG,248.38030303030305,248.38352272727272,16.99999999998454,5.181599999995288,0.2,42,0.0,1000000.0,0.2,67.59228,8304.580799999401,-29.229192239998373
2022-12-28,HENDERSON,00H,SG,248.3318181818182,248.3350378787879,16.99999999998454,5.181599999995288,0.2,41,0.1,57295.799999999996,0.2,65.98294,8309.762399999396,-29.218829039998383
2022-12-28,HENDERSON,00H,SG,248.32632575757577,248.32954545454547,17.000000000134605,5.181600000041028,0.2,41,0.1,57295.799999999996,0.2,65.98294,8314.943999999437,-29.208465839998393
2022-12-28,HENDERSON,00H,SG,248.6507575757576,248.65454545454543,19.99999999998181,6.095999999994456,0.2,43,-0.3,19098.600000000002,0.2,69.20162,8321.039999999432,-29.19810263999831
2022-12-28,HENDERSON,00H,SG,248.3429924242424,248.34734848484848,22.99999999997908,7.010399999993624,0.2,41,0.1,57295.799999999996,0.2,65.98294,8328.050399999425,-29.185910639998323
2022-12-28,HENDERSON,00H,SG,248.31193181818185,248.31647727272727,23.999999999978172,7.3151999999933475,0.2,41,0.3,19098.600000000002,0.2,65.98294,8335.365599999419,-29.171889839998336
2022-12-28,HENDERSON,00H,SG,248.31647727272727,248.3242424242424,40.99999999996271,12.496799999988635,0.2,41,0.2,28647.899999999998,0.2,65.98294,8347.862399999407,-29.15725943999835
2022-12-28,HENDERSON,00H,SG,248.63465909090908,248.64375,48.00000000010641,14.630400000032434,0.2,43,-0.1,57295.799999999996,0.2,69.20162,8362.49279999944,-29.13226583999837
2022-12-28,HENDERSON,00H,SG,248.5371212121212,248.54924242424244,64.00000000009186,19.507200000028,0.2,43,0.0,1000000.0,0.2,69.20162,8381.999999999467,-29.10300503999831
2022-12-28,HENDERSON,00H,SG,248.54943181818183,248.63465909090908,449.99999999989086,137.15999999996674,0.2,43,0.0,1000000.0,0.2,69.20162,8519.159999999434,-29.063990639998252
2022-12-28,HENDERSON,00H,SG,248.38920454545453,248.5149621212121,663.9999999999964,202.3871999999989,0.2,42,0.0,1000000.0,0.2,67.59228,8721.547199999433,-28.78967063999832
2022-12-28,HENDERSON,00H,SG,248.97310606060609,248.97329545454545,0.9999999999990904,0.3047999999997227,0.21,43,0.3,19098.600000000002,0.21,69.20162,8721.851999999433,-28.384896239998323
2022-12-28,HENDERSON,00H,SG,249.01003787878787,249.0102272727273,0.9999999999990904,0.3047999999997227,0.21,43,1.9,3015.5684210526315,0.21,69.20162,8722.156799999433,-28.384256159998323
2022-12-28,HENDERSON,00H,SG,248.9878787878788,248.9880681818182,0.9999999999990904,0.3047999999997227,0.21,43,0.8,7161.974999999999,0.21,69.20162,8722.461599999433,-28.383616079998323
2022-12-28,HENDERSON,00H,SG,249.04090909090908,249.04109848484848,0.9999999999990904,0.3047999999997227,0.21,43,2.9,1975.7172413793103,0.21,69.20162,8722.766399999433,-28.382975999998322
2022-12-28,HENDERSON,00H,SG,249.0183712121212,249.01856060606065,0.9999999999990904,0.3047999999997227,0.21,43,2.2,2604.354545454545,0.21,69.20162,8723.071199999433,-28.382335919998322
2022-12-28,HENDERSON,00H,SG,249.00378787878788,249.00397727272727,0.9999999999990904,0.3047999999997227,0.21,43,1.6,3580.9874999999997,0.21,69.20162,8723.375999999433,-28.381695839998322
2022-12-28,HENDERSON,00H,SG,249.04109848484848,249.04128787878787,0.9999999999990904,0.3047999999997227,0.21,44,2.9,1975.7172413793103,0.21,70.81096,8723.680799999433,-28.381055759998322
2022-12-28,HENDERSON,00H,SG,249.0251893939394,249.0253787878788,0.9999999999990904,0.3047999999997227,0.21,43,2.5,2291.832,0.21,69.20162,8723.985599999432,-28.380415679998322
2022-12-28,HENDERSON,00H,SG,248.97045454545457,248.9706439393939,0.9999999999990904,0.3047999999997227,0.21,43,0.2,28647.899999999998,0.21,69.20162,8724.290399999432,-28.37977559999832
2022-12-28,HENDERSON,00H,SG,249.03030303030303,249.0304924242424,0.9999999999990904,0.3047999999997227,0.21,44,2.6,2203.6846153846154,0.21,70.81096,8724.595199999432,-28.37913551999832
2022-12-28,HENDERSON,00H,SG,249.0282196969697,249.0284090909091,0.9999999999990904,0.3047999999997227,0.21,43,2.6,2203.6846153846154,0.21,69.20162,8724.899999999432,-28.37849543999832
2022-12-28,HENDERSON,00H,SG,249.07253787878787,249.0727272727273,0.9999999999990904,0.3047999999997227,0.21,44,3.0,1909.86,0.21,70.81096,8725.204799999432,-28.37785535999832
2022-12-28,HENDERSON,00H,SG,249.00814393939393,249.00833333333333,0.9999999999990904,0.3047999999997227,0.21,43,1.7,3370.3411764705884,0.21,69.20162,8725.509599999432,-28.37721527999832
2022-12-28,HENDERSON,00H,SG,248.92291666666668,248.92310606060607,0.9999999999990904,0.3047999999997227,0.21,44,0.0,1000000.0,0.21,70.81096,8725.814399999432,-28.37657519999832
2022-12-28,HENDERSON,00H,SG,248.9837121212121,248.9839015151515,0.9999999999990904,0.3047999999997227,0.21,43,0.7,8185.114285714286,0.21,69.20162,8726.119199999432,-28.37593511999832
2022-12-28,HENDERSON,00H,SG,249.01742424242423,249.01761363636365,0.9999999999990904,0.3047999999997227,0.21,43,2.2,2604.354545454545,0.21,69.20162,8726.423999999432,-28.37529503999832
2022-12-28,HENDERSON,00H,SG,249.01325757575756,249.01344696969696,0.9999999999990904,0.3047999999997227,0.21,43,2.0,2864.79,0.21,69.20162,8726.728799999431,-28.37465495999832
2022-12-28,HENDERSON,00H,SG,248.97253787878788,248.97272727272727,0.9999999999990904,0.3047999999997227,0.21,43,0.3,19098.600000000002,0.21,69.20162,8727.033599999431,-28.37401487999832
2022-12-28,HENDERSON,00H,SG,248.97992424242423,248.98011363636363,0.9999999999990904,0.3047999999997227,0.21,43,0.6,9549.300000000001,0.21,69.20162,8727.338399999431,-28.37337479999832
2022-12-28,HENDERSON,00H,SG,249.0149621212121,249.0151515151515,0.9999999999990904,0.3047999999997227,0.21,43,2.1,2728.3714285714286,0.21,69.20162,8727.643199999431,-28.37273471999832
2022-12-28,HENDERSON,00H,SG,249.0314393939394,249.0316287878788,0.9999999999990904,0.3047999999997227,0.21,43,2.7,2122.0666666666666,0.21,69.20162,8727.947999999431,-28.37209463999832
2022-12-28,HENDERSON,00H,SG,248.92992424242425,248.93011363636364,0.9999999999990904,0.3047999999997227,0.21,44,0.0,1000000.0,0.21,70.81096,8728.25279999943,-28.37145455999832
2022-12-28,HENDERSON,00H,SG,248.92443181818183,248.9246212121212,0.9999999999990904,0.3047999999997227,0.21,44,0.0,1000000.0,0.21,70.81096,8728.55759999943,-28.37081447999832
2022-12-28,HENDERSON,00H,SG,249.0210227272727,249.02121212121213,0.9999999999990904,0.3047999999997227,0.21,43,2.2,2604.354545454545,0.21,69.20162,8728.86239999943,-28.37017439999832
2022-12-28,HENDERSON,00H,SG,249.0339015151515,249.0340909090909,0.9999999999990904,0.3047999999997227,0.21,44,2.7,2122.0666666666666,0.21,70.81096,8729.16719999943,-28.36953431999832
2022-12-28,HENDERSON,00H,SG,248.97840909090908,248.97859848484848,0.9999999999990904,0.3047999999997227,0.21,43,0.5,11459.16,0.21,69.20162,8729.47199999943,-28.36889423999832
2022-12-28,HENDERSON,00H,SG,248.97935606060605,248.97954545454544,0.9999999999990904,0.3047999999997227,0.21,43,0.5,11459.16,0.21,69.20162,8729.77679999943,-28.36825415999832
2022-12-28,HENDERSON,00H,SG,249.0028409090909,249.0030303030303,0.9999999999990904,0.3047999999997227,0.21,43,1.6,3580.9874999999997,0.21,69.20162,8730.08159999943,-28.36761407999832
2022-12-28,HENDERSON,00H,SG,249.00795454545457,249.00814393939393,0.9999999999990904,0.3047999999997227,0.21,44,1.8,3183.1,0.21,70.81096,8730.38639999943,-28.36697399999832
2022-12-28,HENDERSON,00H,SG,249.0293560606061,249.02954545454543,0.9999999999990904,0.3047999999997227,0.21,43,2.6,2203.6846153846154,0.21,69.20162,8730.69119999943,-28.36633391999832
2022-12-28,HENDERSON,00H,SG,249.07253787878787,249.0727272727273,0.9999999999990904,0.3047999999997227,0.21,43,3.0,1909.86,0.21,69.20162,8730.99599999943,-28.36569383999832
2022-12-28,HENDERSON,00H,SG,249.02159090909092,249.0217803030303,0.9999999999990904,0.3047999999997227,0.21,44,2.3,2491.121739130435,0.21,70.81096,8731.30079999943,-28.365053759998318
2022-12-28,HENDERSON,00H,SG,248.9876893939394,248.9878787878788,0.9999999999990904,0.3047999999997227,0.21,43,0.9,6366.2,0.21,69.20162,8731.60559999943,-28.364413679998318
2022-12-28,HENDERSON,00H,SG,249.0320075757576,249.03219696969697,0.9999999999990904,0.3047999999997227,0.21,43,2.7,2122.0666666666666,0.21,69.20162,8731.91039999943,-28.363773599998318
2022-12-28,HENDERSON,00H,SG,248.9839015151515,248.9840909090909,0.9999999999990904,0.3047999999997227,0.21,43,0.6,9549.300000000001,0.21,69.20162,8732.21519999943,-28.363133519998318
2022-12-28,HENDERSON,00H,SG,248.9808712121212,248.9810606060606,0.9999999999990904,0.3047999999997227,0.21,43,0.5,11459.16,0.21,69.20162,8732.51999999943,-28.362493439998318
2022-12-28,HENDERSON,00H,SG,249.02954545454543,249.02973484848485,0.9999999999990904,0.3047999999997227,0.21,43,2.5,2291.832,0.21,69.20162,8732.82479999943,-28.361853359998317
2022-12-28,HENDERSON,00H,SG,249.03219696969697,249.03238636363636,0.9999999999990904,0.3047999999997227,0.21,44,2.7,2122.0666666666666,0.21,70.81096,8733.129599999429,-28.361213279998317
2022-12-28,HENDERSON,00H,SG,249.00833333333333,249.00852272727272,0.9999999999990904,0.3047999999997227,0.21,43,1.8,3183.1,0.21,69.20162,8733.434399999429,-28.360573199998317
2022-12-28,HENDERSON,00H,SG,249.0727272727273,249.07291666666663,0.9999999999990904,0.3047999999997227,0.21,44,3.0,1909.86,0.21,70.81096,8733.739199999429,-28.359933119998317
2022-12-28,HENDERSON,00H,SG,249.00984848484848,249.01003787878787,0.9999999999990904,0.3047999999997227,0.21,43,1.8,3183.1,0.21,69.20162,8734.043999999429,-28.359293039998317
2022-12-28,HENDERSON,00H,SG,248.9880681818182,248.9882575757576,0.9999999999990904,0.3047999999997227,0.21,43,0.9,6366.2,0.21,69.20162,8734.348799999429,-28.358652959998317
2022-12-28,HENDERSON,00H,SG,248.9882575757576,248.98844696969695,0.9999999999990904,0.3047999999997227,0.21,43,0.8,7161.974999999999,0.21,69.20162,8734.653599999428,-28.358012879998316
2022-12-28,HENDERSON,00H,SG,248.96477272727273,248.96515151515152,1.999999999998181,0.6095999999994455,0.21,43,0.1,57295.799999999996,0.21,69.20162,8735.263199999428,-28.357372799998316
2022-12-28,HENDERSON,00H,SG,249.02064393939395,249.0210227272727,1.999999999998181,0.6095999999994455,0.21,43,2.3,2491.121739130435,0.21,69.20162,8735.872799999428,-28.356092639998316
2022-12-28,HENDERSON,00H,SG,248.92784090909092,248.92821969696973,1.999999999998181,0.6095999999994455,0.21,44,0.0,1000000.0,0.21,70.81096,8736.482399999428,-28.354812479998316
2022-12-28,HENDERSON,00H,SG,249.03238636363636,249.03276515151515,1.999999999998181,0.6095999999994455,0.21,43,2.6,2203.6846153846154,0.21,69.20162,8737.091999999428,-28.353532319998315
2022-12-28,HENDERSON,00H,SG,248.9810606060606,248.98143939393935,1.999999999998181,0.6095999999994455,0.21,43,0.6,9549.300000000001,0.21,69.20162,8737.701599999427,-28.352252159998315
2022-12-28,HENDERSON,00H,SG,248.9314393939394,248.9318181818182,1.999999999998181,0.6095999999994455,0.21,44,0.0,1000000.0,0.21,70.81096,8738.311199999427,-28.350971999998315
2022-12-28,HENDERSON,00H,SG,249.07083333333333,249.0712121212121,1.999999999998181,0.6095999999994455,0.21,44,3.0,1909.86,0.21,70.81096,8738.920799999427,-28.349691839998314
2022-12-28,HENDERSON,00H,SG,249.08674242424243,249.0871212121212,1.999999999998181,0.6095999999994455,0.21,44,3.0,1909.86,0.21,70.81096,8739.530399999427,-28.348411679998314
2022-12-28,HENDERSON,00H,SG,248.9804924242424,248.9808712121212,1.999999999998181,0.6095999999994455,0.21,43,0.6,9549.300000000001,0.21,69.20162,8740.139999999426,-28.347131519998314
2022-12-28,HENDERSON,00H,SG,249.00852272727272,249.0089015151515,1.999999999998181,0.6095999999994455,0.21,43,1.7,3370.3411764705884,0.21,69.20162,8740.749599999426,-28.345851359998314
2022-12-28,HENDERSON,00H,SG,249.00397727272727,249.00435606060609,1.999999999998181,0.6095999999994455,0.21,44,1.6,3580.9874999999997,0.21,70.81096,8741.359199999426,-28.344571199998313
2022-12-28,HENDERSON,00H,SG,248.98011363636363,248.9804924242424,1.999999999998181,0.6095999999994455,0.21,43,0.5,11459.16,0.21,69.20162,8741.968799999426,-28.343291039998313
2022-12-28,HENDERSON,00H,SG,249.0316287878788,249.0320075757576,1.999999999998181,0.6095999999994455,0.21,43,2.6,2203.6846153846154,0.21,69.20162,8742.578399999426,-28.342010879998313
2022-12-28,HENDERSON,00H,SG,248.97272727272727,248.97310606060609,1.999999999998181,0.6095999999994455,0.21,43,0.2,28647.899999999998,0.21,69.20162,8743.187999999425,-28.340730719998312
2022-12-28,HENDERSON,00H,SG,249.0742424242424,249.0746212121212,1.999999999998181,0.6095999999994455,0.21,44,3.0,1909.86,0.21,70.81096,8743.797599999425,-28.339450559998312
2022-12-28,HENDERSON,00H,SG,249.01969696969695,249.02007575757577,1.999999999998181,0.6095999999994455,0.21,44,2.2,2604.354545454545,0.21,70.81096,8744.407199999425,-28.33817039999831
2022-12-28,HENDERSON,00H,SG,249.0814393939394,249.0818181818182,1.999999999998181,0.6095999999994455,0.21,44,3.0,1909.86,0.21,70.81096,8745.016799999425,-28.33689023999831
2022-12-28,HENDERSON,00H,SG,249.02121212121213,249.02159090909092,1.999999999998181,0.6095999999994455,0.21,43,2.3,2491.121739130435,0.21,69.20162,8745.626399999424,-28.33561007999831
2022-12-28,HENDERSON,00H,SG,249.0223484848485,249.02272727272728,1.999999999998181,0.6095999999994455,0.21,43,2.4,2387.3250000000003,0.21,69.20162,8746.235999999424,-28.33432991999831
2022-12-28,HENDERSON,00H,SG,248.97954545454544,248.97992424242423,1.999999999998181,0.6095999999994455,0.21,43,0.4,14323.949999999999,0.21,69.20162,8746.845599999424,-28.33304975999831
2022-12-28,HENDERSON,00H,SG,249.06723484848484,249.06780303030305,2.9999999999972715,0.9143999999991684,0.21,44,3.0,1909.86,0.21,70.81096,8747.759999999424,-28.33176959999831
2022-12-28,HENDERSON,00H,SG,248.9778409090909,248.97840909090908,2.9999999999972715,0.9143999999991684,0.21,43,0.4,14323.949999999999,0.21,69.20162,8748.674399999423,-28.329849359998313
2022-12-28,HENDERSON,00H,SG,249.0191287878788,249.01969696969695,2.9999999999972715,0.9143999999991684,0.21,43,2.2,2604.354545454545,0.21,69.20162,8749.588799999423,-28.327929119998316
2022-12-28,HENDERSON,00H,SG,249.01685606060607,249.01742424242423,2.9999999999972715,0.9143999999991684,0.21,43,2.1,2728.3714285714286,0.21,69.20162,8750.503199999423,-28.32600887999832
2022-12-28,HENDERSON,00H,SG,248.9691287878788,248.96969696969697,2.9999999999972715,0.9143999999991684,0.21,43,0.2,28647.899999999998,0.21,69.20162,8751.417599999422,-28.324088639998322
2022-12-28,HENDERSON,00H,SG,248.93314393939391,248.93371212121212,2.9999999999972715,0.9143999999991684,0.21,44,0.0,1000000.0,0.21,70.81096,8752.331999999422,-28.322168399998326
2022-12-28,HENDERSON,00H,SG,249.06363636363636,249.06420454545457,2.9999999999972715,0.9143999999991684,0.21,44,3.0,1909.86,0.21,70.81096,8753.246399999422,-28.32024815999833
2022-12-28,HENDERSON,00H,SG,249.01856060606065,249.0191287878788,2.9999999999972715,0.9143999999991684,0.21,43,2.1,2728.3714285714286,0.21,69.20162,8754.160799999421,-28.31832791999833
2022-12-28,HENDERSON,00H,SG,248.92613636363637,248.92670454545456,2.9999999999972715,0.9143999999991684,0.21,44,0.0,1000000.0,0.21,70.81096,8755.07519999942,-28.316407679998335
2022-12-28,HENDERSON,00H,SG,248.9706439393939,248.97121212121212,2.9999999999972715,0.9143999999991684,0.21,43,0.1,57295.799999999996,0.21,69.20162,8755.98959999942,-28.314487439998338
2022-12-28,HENDERSON,00H,SG,248.98143939393935,248.98200757575756,2.9999999999972715,0.9143999999991684,0.21,43,0.5,11459.16,0.21,69.20162,8756.90399999942,-28.31256719999834
2022-12-28,HENDERSON,00H,SG,249.0689393939394,249.06950757575757,2.9999999999972715,0.9143999999991684,0.21,44,3.0,1909.86,0.21,70.81096,8757.81839999942,-28.310646959998344
2022-12-28,HENDERSON,00H,SG,249.02007575757577,249.02064393939395,2.9999999999972715,0.9143999999991684,0.21,43,2.2,2604.354545454545,0.21,69.20162,8758.73279999942,-28.308726719998347
2022-12-28,HENDERSON,00H,SG,249.02973484848485,249.03030303030303,2.9999999999972715,0.9143999999991684,0.21,43,2.6,2203.6846153846154,0.21,69.20162,8759.64719999942,-28.30680647999835
2022-12-28,HENDERSON,00H,SG,249.0217803030303,249.0223484848485,2.9999999999972715,0.9143999999991684,0.21,43,2.3,2491.121739130435,0.21,69.20162,8760.561599999419,-28.304886239998353
2022-12-28,HENDERSON,00H,SG,248.92083333333332,248.9215909090909,3.999999999996362,1.2191999999988912,0.21,44,0.0,1000000.0,0.21,70.81096,8761.780799999418,-28.302965999998356
2022-12-28,HENDERSON,00H,SG,248.96969696969697,248.97045454545457,3.999999999996362,1.2191999999988912,0.21,43,0.1,57295.799999999996,0.21,69.20162,8762.999999999418,-28.30040567999836
2022-12-28,HENDERSON,00H,SG,248.97859848484848,248.97935606060605,3.999999999996362,1.2191999999988912,0.21,43,0.4,14323.949999999999,0.21,69.20162,8764.219199999417,-28.297845359998362
2022-12-28,HENDERSON,00H,SG,248.96515151515152,248.9659090909091,3.999999999996362,1.2191999999988912,0.21,43,0.0,1000000.0,0.21,69.20162,8765.438399999417,-28.295285039998365
2022-12-28,HENDERSON,00H,SG,249.0653409090909,249.06609848484848,3.999999999996362,1.2191999999988912,0.21,44,3.0,1909.86,0.21,70.81096,8766.657599999417,-28.29272471999837
2022-12-28,HENDERSON,00H,SG,248.92007575757577,248.92083333333332,3.999999999996362,1.2191999999988912,0.21,43,0.0,1000000.0,0.21,69.20162,8767.876799999416,-28.29016439999837
2022-12-28,HENDERSON,00H,SG,249.01761363636365,249.0183712121212,3.999999999996362,1.2191999999988912,0.21,43,2.1,2728.3714285714286,0.21,69.20162,8769.095999999416,-28.287604079998374
2022-12-28,HENDERSON,00H,SG,249.01420454545453,249.0149621212121,3.999999999996362,1.2191999999988912,0.21,43,2.0,2864.79,0.21,69.20162,8770.315199999415,-28.285043759998377
2022-12-28,HENDERSON,00H,SG,249.0064393939394,249.00719696969696,3.999999999996362,1.2191999999988912,0.21,43,1.7,3370.3411764705884,0.21,69.20162,8771.534399999415,-28.28248343999838
2022-12-28,HENDERSON,00H,SG,249.00719696969696,249.00795454545457,3.999999999996362,1.2191999999988912,0.21,44,1.7,3370.3411764705884,0.21,70.81096,8772.753599999414,-28.279923119998383
2022-12-28,HENDERSON,00H,SG,249.0030303030303,249.00378787878788,3.999999999996362,1.2191999999988912,0.21,43,1.5,3819.72,0.21,69.20162,8773.972799999414,-28.277362799998386
2022-12-28,HENDERSON,00H,SG,249.01344696969696,249.01420454545453,3.999999999996362,1.2191999999988912,0.21,43,1.9,3015.5684210526315,0.21,69.20162,8775.191999999413,-28.27480247999839
2022-12-28,HENDERSON,00H,SG,249.0089015151515,249.00984848484848,4.9999999999954525,1.523999999998614,0.21,44,1.8,3183.1,0.21,70.81096,8776.715999999413,-28.27224215999839
2022-12-28,HENDERSON,00H,SG,248.97329545454545,248.9742424242424,4.9999999999954525,1.523999999998614,0.21,43,0.2,28647.899999999998,0.21,69.20162,8778.239999999412,-28.269041759998395
2022-12-28,HENDERSON,00H,SG,249.0284090909091,249.0293560606061,4.9999999999954525,1.523999999998614,0.21,43,2.5,2291.832,0.21,69.20162,8779.763999999412,-28.265841359998397
2022-12-28,HENDERSON,00H,SG,249.0054924242424,249.0064393939394,4.9999999999954525,1.523999999998614,0.21,44,1.6,3580.9874999999997,0.21,70.81096,8781.287999999411,-28.2626409599984
2022-12-28,HENDERSON,00H,SG,249.0304924242424,249.0314393939394,4.9999999999954525,1.523999999998614,0.21,43,2.6,2203.6846153846154,0.21,69.20162,8782.81199999941,-28.259440559998403
2022-12-28,HENDERSON,00H,SG,249.02405303030304,249.0251893939394,5.999999999994543,1.8287999999983369,0.21,43,2.4,2387.3250000000003,0.21,69.20162,8784.640799999408,-28.256240159998406
2022-12-28,HENDERSON,00H,SG,249.06609848484848,249.06723484848484,5.999999999994543,1.8287999999983369,0.21,43,3.0,1909.86,0.21,69.20162,8786.469599999406,-28.25239967999841
2022-12-28,HENDERSON,00H,SG,249.00435606060609,249.0054924242424,5.999999999994543,1.8287999999983369,0.21,43,1.6,3580.9874999999997,0.21,69.20162,8788.298399999403,-28.24855919999841
2022-12-28,HENDERSON,00H,SG,249.06420454545457,249.0653409090909,5.999999999994543,1.8287999999983369,0.21,43,3.0,1909.86,0.21,69.20162,8790.1271999994,-28.244718719998414
2022-12-28,HENDERSON,00H,SG,249.03276515151515,249.0339015151515,5.999999999994543,1.8287999999983369,0.21,43,2.7,2122.0666666666666,0.21,69.20162,8791.955999999398,-28.240878239998416
2022-12-28,HENDERSON,00H,SG,249.06780303030305,249.0689393939394,5.999999999994543,1.8287999999983369,0.21,43,3.0,1909.86,0.21,69.20162,8793.784799999396,-28.23703775999842
2022-12-28,HENDERSON,00H,SG,248.92670454545456,248.92784090909092,5.999999999994543,1.8287999999983369,0.21,43,0.0,1000000.0,0.21,69.20162,8795.613599999393,-28.23319727999842
2022-12-28,HENDERSON,00H,SG,249.0102272727273,249.01136363636363,5.999999999994543,1.8287999999983369,0.21,43,1.8,3183.1,0.21,69.20162,8797.44239999939,-28.229356799998424
2022-12-28,HENDERSON,00H,SG,249.07291666666663,249.0742424242424,6.9999999999936335,2.1335999999980597,0.21,43,3.0,1909.86,0.21,69.20162,8799.575999999388,-28.225516319998427
2022-12-28,HENDERSON,00H,SG,249.0623106060606,249.06363636363636,6.9999999999936335,2.1335999999980597,0.21,43,3.0,1909.86,0.21,69.20162,8801.709599999385,-28.22103575999843
2022-12-28,HENDERSON,00H,SG,249.00151515151515,249.0028409090909,6.9999999999936335,2.1335999999980597,0.21,43,1.5,3819.72,0.21,69.20162,8803.843199999383,-28.21655519999843
2022-12-28,HENDERSON,00H,SG,248.9318181818182,248.93314393939391,6.9999999999936335,2.1335999999980597,0.21,43,0.0,1000000.0,0.21,69.20162,8805.97679999938,-28.212074639998434
2022-12-28,HENDERSON,00H,SG,248.97121212121212,248.97253787878788,6.9999999999936335,2.1335999999980597,0.21,43,0.2,28647.899999999998,0.21,69.20162,8808.110399999377,-28.207594079998437
2022-12-28,HENDERSON,00H,SG,249.0253787878788,249.02670454545455,6.9999999999936335,2.1335999999980597,0.21,43,2.4,2387.3250000000003,0.21,69.20162,8810.243999999375,-28.20311351999844
2022-12-28,HENDERSON,00H,SG,248.93011363636364,248.9314393939394,6.9999999999936335,2.1335999999980597,0.21,43,0.0,1000000.0,0.21,69.20162,8812.377599999372,-28.19863295999844
2022-12-28,HENDERSON,00H,SG,249.02272727272728,249.02405303030304,6.9999999999936335,2.1335999999980597,0.21,43,2.3,2491.121739130435,0.21,69.20162,8814.51119999937,-28.194152399998444
2022-12-28,HENDERSON,00H,SG,248.92310606060607,248.92443181818183,6.9999999999936335,2.1335999999980597,0.21,43,0.0,1000000.0,0.21,69.20162,8816.644799999367,-28.189671839998447
2022-12-28,HENDERSON,00H,SG,249.0712121212121,249.07253787878787,6.9999999999936335,2.1335999999980597,0.21,43,3.0,1909.86,0.21,69.20162,8818.778399999364,-28.18519127999845
2022-12-28,HENDERSON,00H,SG,249.06950757575757,249.07083333333333,6.9999999999936335,2.1335999999980597,0.21,43,3.0,1909.86,0.21,69.20162,8820.911999999362,-28.18071071999845
2022-12-28,HENDERSON,00H,SG,248.9215909090909,248.92291666666668,7.0000000001437,2.1336000000438,0.21,43,0.0,1000000.0,0.21,69.20162,8823.045599999406,-28.176230159998454
2022-12-28,HENDERSON,00H,SG,248.98617424242423,248.9876893939394,7.999999999992724,2.4383999999977823,0.21,43,0.8,7161.974999999999,0.21,69.20162,8825.483999999404,-28.17174959999836
2022-12-28,HENDERSON,00H,SG,249.02670454545455,249.0282196969697,7.999999999992724,2.4383999999977823,0.21,43,2.5,2291.832,0.21,69.20162,8827.922399999401,-28.166628959998366
2022-12-28,HENDERSON,00H,SG,248.9246212121212,248.92613636363637,7.999999999992724,2.4383999999977823,0.21,43,0.0,1000000.0,0.21,69.20162,8830.360799999398,-28.161508319998372
2022-12-28,HENDERSON,00H,SG,248.98844696969695,248.99015151515152,8.999999999991815,2.743199999997505,0.21,43,0.9,6366.2,0.21,69.20162,8833.103999999395,-28.156387679998378
2022-12-28,HENDERSON,00H,SG,248.92821969696973,248.92992424242425,8.999999999991815,2.743199999997505,0.21,43,0.0,1000000.0,0.21,69.20162,8835.847199999393,-28.150626959998384
2022-12-28,HENDERSON,00H,SG,248.98200757575756,248.9837121212121,8.999999999991815,2.743199999997505,0.21,43,0.6,9549.300000000001,0.21,69.20162,8838.59039999939,-28.14486623999839
2022-12-28,HENDERSON,00H,SG,249.0151515151515,249.01685606060607,9.000000000141881,2.7432000000432453,0.21,43,2.0,2864.79,0.21,69.20162,8841.333599999432,-28.139105519998395
2022-12-28,HENDERSON,00H,SG,249.01136363636363,249.01325757575756,9.999999999990903,3.047999999997228,0.21,43,1.9,3015.5684210526315,0.21,69.20162,8844.38159999943,-28.133344799998305
2022-12-28,HENDERSON,00H,SG,248.99015151515152,248.99223484848488,10.999999999989996,3.3527999999969507,0.21,43,1.0,5729.58,0.21,69.20162,8847.734399999426,-28.12694399999831
2022-12-28,HENDERSON,00H,SG,248.9967803030303,248.99886363636364,10.999999999989996,3.3527999999969507,0.21,43,1.3,4407.369230769231,0.21,69.20162,8851.087199999423,-28.119903119998316
2022-12-28,HENDERSON,00H,SG,249.0340909090909,249.03617424242424,10.999999999989996,3.3527999999969507,0.21,43,2.7,2122.0666666666666,0.21,69.20162,8854.43999999942,-28.11286223999832
2022-12-28,HENDERSON,00H,SG,248.9840909090909,248.98617424242423,11.000000000140062,3.352800000042691,0.21,43,0.7,8185.114285714286,0.21,69.20162,8857.792799999463,-28.105821359998327
2022-12-28,HENDERSON,00H,SG,248.99223484848488,248.9945075757576,11.999999999989086,3.6575999999966737,0.21,43,1.1,5208.70909090909,0.21,69.20162,8861.45039999946,-28.098780479998236
2022-12-28,HENDERSON,00H,SG,248.9945075757576,248.9967803030303,11.999999999989086,3.6575999999966737,0.21,43,1.2,4774.650000000001,0.21,69.20162,8865.107999999456,-28.09109951999824
2022-12-28,HENDERSON,00H,SG,248.99886363636364,249.00151515151515,13.999999999987269,4.267199999996119,0.21,43,1.4,4092.557142857143,0.21,69.20162,8869.375199999453,-28.083418559998247
2022-12-28,HENDERSON,00H,SG,248.9659090909091,248.9691287878788,16.99999999998454,5.181599999995288,0.21,43,0.1,57295.799999999996,0.21,69.20162,8874.556799999447,-28.074457439998255
2022-12-28,HENDERSON,00H,SG,248.9742424242424,248.9778409090909,18.99999999998272,5.791199999994733,0.21,43,0.3,19098.600000000002,0.21,69.20162,8880.347999999442,-28.063576079998267
2022-12-28,HENDERSON,00H,SG,249.03617424242424,249.04090909090908,24.999999999977263,7.61999999999307,0.21,43,2.8,2046.2785714285715,0.21,69.20162,8887.967999999435,-28.05141455999828
2022-12-28,HENDERSON,00H,SG,249.0818181818182,249.08674242424243,25.999999999976353,7.924799999992792,0.21,43,3.0,1909.86,0.21,69.20162,8895.892799999428,-28.035412559998292
2022-12-28,HENDERSON,00H,SG,249.1339015151515,249.1401515151515,32.99999999996999,10.058399999990852,0.21,43,3.1,1848.2516129032258,0.21,69.20162,8905.95119999942,-28.018770479998306
2022-12-28,HENDERSON,00H,SG,249.12727272727273,249.1339015151515,34.99999999996817,10.6679999999903,0.21,43,3.0,1909.86,0.21,69.20162,8916.61919999941,-27.997647839998326
2022-12-28,HENDERSON,00H,SG,249.0746212121212,249.0814393939394,36.000000000117325,10.97280000003576,0.21,43,3.0,1909.86,0.21,69.20162,8927.591999999446,-27.975245039998345
2022-12-28,HENDERSON,00H,SG,249.0871212121212,249.10094696969696,72.9999999999336,22.250399999979763,0.21,43,3.0,1909.86,0.21,69.20162,8949.842399999425,-27.95220215999827
2022-12-28,HENDERSON,00H,SG,249.04128787878787,249.0623106060606,111.00000000004913,33.83280000001497,0.21,43,2.9,1975.7172413793103,0.21,69.20162,8983.67519999944,-27.90547631999831
2022-12-28,HENDERSON,00H,SG,249.10094696969696,249.12727272727273,139.00000000002365,42.36720000000721,0.21,43,3.1,1848.2516129032258,0.21,69.20162,9026.042399999447,-27.83442743999828
2022-12-28,HENDERSON,00H,SG,248.93371212121212,248.96477272727273,164.0000000000009,49.98720000000028,0.21,43,0.0,1000000.0,0.21,69.20162,9076.029599999447,-27.745456319998265
2022-12-28,HENDERSON,00H,SG,252.6592803030303,252.6594696969697,0.9999999999990904,0.3047999999997227,0.22,47,0.0,1000000.0,0.22,75.63898,9076.334399999447,-27.640483199998265
2022-12-28,HENDERSON,00H,SG,252.6592803030303,252.6594696969697,0.9999999999990904,0.3047999999997227,0.22,46,0.0,1000000.0,0.22,74.02964,9076.639199999447,-27.639812639998265
2022-12-28,HENDERSON,00H,SG,252.71363636363637,252.71401515151516,1.999999999998181,0.6095999999994455,0.22,46,0.0,1000000.0,0.22,74.02964,9077.248799999446,-27.639142079998265
2022-12-28,HENDERSON,00H,SG,252.7155303030303,252.7159090909091,1.999999999998181,0.6095999999994455,0.22,46,0.0,1000000.0,0.22,74.02964,9077.858399999446,-27.637800959998266
2022-12-28,HENDERSON,00H,SG,252.70833333333337,252.70871212121213,1.999999999998181,0.6095999999994455,0.22,46,0.0,1000000.0,0.22,74.02964,9078.467999999446,-27.636459839998267
2022-12-28,HENDERSON,00H,SG,252.6507575757576,252.65113636363637,1.999999999998181,0.6095999999994455,0.22,47,0.0,1000000.0,0.22,75.63898,9079.077599999446,-27.635118719998268
2022-12-28,HENDERSON,00H,SG,252.6594696969697,252.66003787878788,2.9999999999972715,0.9143999999991684,0.22,47,0.0,1000000.0,0.22,75.63898,9079.991999999445,-27.633777599998268
2022-12-28,HENDERSON,00H,SG,252.7195075757576,252.72007575757576,2.9999999999972715,0.9143999999991684,0.22,47,0.0,1000000.0,0.22,75.63898,9080.906399999445,-27.63176591999827
2022-12-28,HENDERSON,00H,SG,252.71723484848485,252.71780303030303,2.9999999999972715,0.9143999999991684,0.22,46,0.0,1000000.0,0.22,74.02964,9081.820799999445,-27.62975423999827
2022-12-28,HENDERSON,00H,SG,252.6710227272727,252.6715909090909,2.9999999999972715,0.9143999999991684,0.22,46,0.0,1000000.0,0.22,74.02964,9082.735199999444,-27.62774255999827
2022-12-28,HENDERSON,00H,SG,252.7100378787879,252.71060606060607,2.9999999999972715,0.9143999999991684,0.22,46,0.0,1000000.0,0.22,74.02964,9083.649599999444,-27.625730879998272
2022-12-28,HENDERSON,00H,SG,252.7064393939394,252.7070075757576,2.9999999999972715,0.9143999999991684,0.22,46,0.0,1000000.0,0.22,74.02964,9084.563999999444,-27.623719199998273
2022-12-28,HENDERSON,00H,SG,252.71174242424243,252.7123106060606,2.9999999999972715,0.9143999999991684,0.22,46,0.0,1000000.0,0.22,74.02964,9085.478399999443,-27.621707519998274
2022-12-28,HENDERSON,00H,SG,252.7189393939394,252.7195075757576,2.9999999999972715,0.9143999999991684,0.22,46,0.0,1000000.0,0.22,74.02964,9086.392799999443,-27.619695839998275
2022-12-28,HENDERSON,00H,SG,252.69602272727272,252.6965909090909,2.9999999999972715,0.9143999999991684,0.22,46,0.0,1000000.0,0.22,74.02964,9087.307199999443,-27.617684159998277
2022-12-28,HENDERSON,00H,SG,252.7028409090909,252.7034090909091,3.000000000147338,0.9144000000449088,0.22,46,0.0,1000000.0,0.22,74.02964,9088.221599999488,-27.615672479998278
2022-12-28,HENDERSON,00H,SG,252.68522727272727,252.68598484848485,3.999999999996362,1.2191999999988912,0.22,46,0.0,1000000.0,0.22,74.02964,9089.440799999487,-27.61366079999818
2022-12-28,HENDERSON,00H,SG,252.65416666666667,252.65492424242424,3.999999999996362,1.2191999999988912,0.22,47,0.0,1000000.0,0.22,75.63898,9090.659999999487,-27.61097855999818
2022-12-28,HENDERSON,00H,SG,252.6905303030303,252.69128787878788,3.999999999996362,1.2191999999988912,0.22,46,0.0,1000000.0,0.22,74.02964,9091.879199999486,-27.608296319998182
2022-12-28,HENDERSON,00H,SG,252.6992424242424,252.7,3.999999999996362,1.2191999999988912,0.22,46,0.0,1000000.0,0.22,74.02964,9093.098399999486,-27.605614079998183
2022-12-28,HENDERSON,00H,SG,252.69734848484848,252.69810606060605,3.999999999996362,1.2191999999988912,0.22,46,0.0,1000000.0,0.22,74.02964,9094.317599999486,-27.602931839998185
2022-12-28,HENDERSON,00H,SG,252.67973484848488,252.68049242424243,3.999999999996362,1.2191999999988912,0.22,46,0.0,1000000.0,0.22,74.02964,9095.536799999485,-27.600249599998186
2022-12-28,HENDERSON,00H,SG,252.65852272727273,252.6592803030303,3.999999999996362,1.2191999999988912,0.22,46,0.0,1000000.0,0.22,74.02964,9096.755999999485,-27.597567359998187
2022-12-28,HENDERSON,00H,SG,252.69223484848484,252.6929924242424,3.999999999996362,1.2191999999988912,0.22,46,0.0,1000000.0,0.22,74.02964,9097.975199999484,-27.59488511999819
2022-12-28,HENDERSON,00H,SG,252.70094696969696,252.70170454545453,3.999999999996362,1.2191999999988912,0.22,46,0.0,1000000.0,0.22,74.02964,9099.194399999484,-27.59220287999819
2022-12-28,HENDERSON,00H,SG,252.65,252.6507575757576,3.999999999996362,1.2191999999988912,0.22,46,0.0,1000000.0,0.22,74.02964,9100.413599999483,-27.58952063999819
2022-12-28,HENDERSON,00H,SG,252.6965909090909,252.69734848484848,3.999999999996362,1.2191999999988912,0.22,47,0.0,1000000.0,0.22,75.63898,9101.632799999483,-27.586838399998193
2022-12-28,HENDERSON,00H,SG,252.6681818181818,252.66893939393935,3.999999999996362,1.2191999999988912,0.22,47,0.0,1000000.0,0.22,75.63898,9102.851999999482,-27.584156159998194
2022-12-28,HENDERSON,00H,SG,252.66553030303027,252.66628787878787,3.999999999996362,1.2191999999988912,0.22,46,0.0,1000000.0,0.22,74.02964,9104.071199999482,-27.581473919998196
2022-12-28,HENDERSON,00H,SG,252.68333333333337,252.6840909090909,3.999999999996362,1.2191999999988912,0.22,46,0.0,1000000.0,0.22,74.02964,9105.290399999481,-27.578791679998197
2022-12-28,HENDERSON,00H,SG,252.68863636363636,252.6893939393939,3.999999999996362,1.2191999999988912,0.22,46,0.0,1000000.0,0.22,74.02964,9106.509599999481,-27.5761094399982
2022-12-28,HENDERSON,00H,SG,252.65227272727273,252.6530303030303,3.999999999996362,1.2191999999988912,0.22,47,0.0,1000000.0,0.22,75.63898,9107.72879999948,-27.5734271999982
2022-12-28,HENDERSON,00H,SG,252.6780303030303,252.6787878787879,3.999999999996362,1.2191999999988912,0.22,46,0.0,1000000.0,0.22,74.02964,9108.94799999948,-27.5707449599982
2022-12-28,HENDERSON,00H,SG,252.6619318181818,252.6626893939394,3.999999999996362,1.2191999999988912,0.22,46,0.0,1000000.0,0.22,74.02964,9110.16719999948,-27.568062719998203
2022-12-28,HENDERSON,00H,SG,252.67443181818183,252.6751893939394,3.999999999996362,1.2191999999988912,0.22,46,0.0,1000000.0,0.22,74.02964,9111.38639999948,-27.565380479998204
2022-12-28,HENDERSON,00H,SG,252.6558712121212,252.6566287878788,3.999999999996362,1.2191999999988912,0.22,47,0.0,1000000.0,0.22,75.63898,9112.605599999479,-27.562698239998205
2022-12-28,HENDERSON,00H,SG,252.68693181818185,252.6876893939394,3.999999999996362,1.2191999999988912,0.22,46,0.0,1000000.0,0.22,74.02964,9113.824799999478,-27.560015999998207
2022-12-28,HENDERSON,00H,SG,252.6941287878788,252.69488636363636,3.999999999996362,1.2191999999988912,0.22,46,0.0,1000000.0,0.22,74.02964,9115.043999999478,-27.557333759998208
2022-12-28,HENDERSON,00H,SG,252.70454545454547,252.70530303030304,3.999999999996362,1.2191999999988912,0.22,46,0.0,1000000.0,0.22,74.02964,9116.263199999477,-27.55465151999821
2022-12-28,HENDERSON,00H,SG,252.67367424242423,252.67443181818183,3.999999999996362,1.2191999999988912,0.22,47,0.0,1000000.0,0.22,75.63898,9117.482399999477,-27.55196927999821
2022-12-28,HENDERSON,00H,SG,252.66628787878787,252.66723484848484,4.9999999999954525,1.523999999998614,0.22,47,0.0,1000000.0,0.22,75.63898,9119.006399999476,-27.549287039998212
2022-12-28,HENDERSON,00H,SG,252.68049242424243,252.6814393939394,4.9999999999954525,1.523999999998614,0.22,47,0.0,1000000.0,0.22,75.63898,9120.530399999476,-27.545934239998214
2022-12-28,HENDERSON,00H,SG,252.65492424242424,252.6558712121212,4.9999999999954525,1.523999999998614,0.22,46,0.0,1000000.0,0.22,74.02964,9122.054399999475,-27.542581439998216
2022-12-28,HENDERSON,00H,SG,252.65757575757576,252.65852272727273,4.9999999999954525,1.523999999998614,0.22,47,0.0,1000000.0,0.22,75.63898,9123.578399999475,-27.539228639998218
2022-12-28,HENDERSON,00H,SG,252.66098484848484,252.6619318181818,4.9999999999954525,1.523999999998614,0.22,47,0.0,1000000.0,0.22,75.63898,9125.102399999474,-27.53587583999822
2022-12-28,HENDERSON,00H,SG,252.68598484848485,252.68693181818185,4.9999999999954525,1.523999999998614,0.22,47,0.0,1000000.0,0.22,75.63898,9126.626399999474,-27.53252303999822
2022-12-28,HENDERSON,00H,SG,252.66458333333333,252.66553030303027,4.9999999999954525,1.523999999998614,0.22,47,0.0,1000000.0,0.22,75.63898,9128.150399999473,-27.529170239998223
2022-12-28,HENDERSON,00H,SG,252.66723484848484,252.6681818181818,4.9999999999954525,1.523999999998614,0.22,46,0.0,1000000.0,0.22,74.02964,9129.674399999472,-27.525817439998225
2022-12-28,HENDERSON,00H,SG,252.68238636363637,252.68333333333337,4.9999999999954525,1.523999999998614,0.22,47,0.0,1000000.0,0.22,75.63898,9131.198399999472,-27.522464639998226
2022-12-28,HENDERSON,00H,SG,252.6876893939394,252.68863636363636,4.9999999999954525,1.523999999998614,0.22,47,0.0,1000000.0,0.22,75.63898,9132.722399999471,-27.519111839998228
2022-12-28,HENDERSON,00H,SG,252.67613636363637,252.67708333333337,4.9999999999954525,1.523999999998614,0.22,46,0.0,1000000.0,0.22,74.02964,9134.24639999947,-27.51575903999823
2022-12-28,HENDERSON,00H,SG,252.67708333333337,252.6780303030303,4.9999999999954525,1.523999999998614,0.22,47,0.0,1000000.0,0.22,75.63898,9135.77039999947,-27.51240623999823
2022-12-28,HENDERSON,00H,SG,252.69128787878788,252.69223484848484,4.9999999999954525,1.523999999998614,0.22,47,0.0,1000000.0,0.22,75.63898,9137.29439999947,-27.509053439998233
2022-12-28,HENDERSON,00H,SG,252.66003787878788,252.66098484848484,4.9999999999954525,1.523999999998614,0.22,46,0.0,1000000.0,0.22,74.02964,9138.818399999469,-27.505700639998235
2022-12-28,HENDERSON,00H,SG,252.66893939393935,252.66988636363635,4.9999999999954525,1.523999999998614,0.22,46,0.0,1000000.0,0.22,74.02964,9140.342399999468,-27.502347839998237
2022-12-28,HENDERSON,00H,SG,252.6626893939394,252.66363636363636,4.9999999999954525,1.523999999998614,0.22,47,0.0,1000000.0,0.22,75.63898,9141.866399999468,-27.49899503999824
2022-12-28,HENDERSON,00H,SG,252.6751893939394,252.67613636363637,4.9999999999954525,1.523999999998614,0.22,47,0.0,1000000.0,0.22,75.63898,9143.390399999467,-27.49564223999824
2022-12-28,HENDERSON,00H,SG,252.7,252.70094696969696,4.9999999999954525,1.523999999998614,0.22,47,0.0,1000000.0,0.22,75.63898,9144.914399999467,-27.492289439998242
2022-12-28,HENDERSON,00H,SG,252.6814393939394,252.68238636363637,4.9999999999954525,1.523999999998614,0.22,46,0.0,1000000.0,0.22,74.02964,9146.438399999466,-27.488936639998244
2022-12-28,HENDERSON,00H,SG,252.66363636363636,252.66458333333333,4.9999999999954525,1.523999999998614,0.22,46,0.0,1000000.0,0.22,74.02964,9147.962399999466,-27.485583839998245
2022-12-28,HENDERSON,00H,SG,252.6566287878788,252.65757575757576,4.9999999999954525,1.523999999998614,0.22,46,0.0,1000000.0,0.22,74.02964,9149.486399999465,-27.482231039998247
2022-12-28,HENDERSON,00H,SG,252.6787878787879,252.67973484848488,4.9999999999954525,1.523999999998614,0.22,47,0.0,1000000.0,0.22,75.63898,9151.010399999464,-27.47887823999825
2022-12-28,HENDERSON,00H,SG,252.6715909090909,252.6725378787879,5.000000000145519,1.5240000000443543,0.22,47,0.0,1000000.0,0.22,75.63898,9152.53439999951,-27.47552543999825
2022-12-28,HENDERSON,00H,SG,252.7034090909091,252.70454545454547,5.999999999994543,1.8287999999983369,0.22,47,0.0,1000000.0,0.22,75.63898,9154.363199999507,-27.472172639998153
2022-12-28,HENDERSON,00H,SG,252.70530303030304,252.7064393939394,5.999999999994543,1.8287999999983369,0.22,47,0.0,1000000.0,0.22,75.63898,9156.191999999504,-27.468149279998155
2022-12-28,HENDERSON,00H,SG,252.65113636363637,252.65227272727273,5.999999999994543,1.8287999999983369,0.22,46,0.0,1000000.0,0.22,74.02964,9158.020799999502,-27.464125919998157
2022-12-28,HENDERSON,00H,SG,252.6840909090909,252.68522727272727,5.999999999994543,1.8287999999983369,0.22,47,0.0,1000000.0,0.22,75.63898,9159.8495999995,-27.46010255999816
2022-12-28,HENDERSON,00H,SG,252.6725378787879,252.67367424242423,5.999999999994543,1.8287999999983369,0.22,46,0.0,1000000.0,0.22,74.02964,9161.678399999497,-27.45607919999816
2022-12-28,HENDERSON,00H,SG,252.6530303030303,252.65416666666667,5.999999999994543,1.8287999999983369,0.22,46,0.0,1000000.0,0.22,74.02964,9163.507199999494,-27.452055839998163
2022-12-28,HENDERSON,00H,SG,252.6929924242424,252.6941287878788,5.999999999994543,1.8287999999983369,0.22,47,0.0,1000000.0,0.22,75.63898,9165.335999999492,-27.448032479998165
2022-12-28,HENDERSON,00H,SG,252.66988636363635,252.6710227272727,5.999999999994543,1.8287999999983369,0.22,47,0.0,1000000.0,0.22,75.63898,9167.16479999949,-27.444009119998167
2022-12-28,HENDERSON,00H,SG,252.70170454545453,252.7028409090909,5.999999999994543,1.8287999999983369,0.22,47,0.0,1000000.0,0.22,75.63898,9168.993599999487,-27.43998575999817
2022-12-28,HENDERSON,00H,SG,252.6893939393939,252.6905303030303,5.999999999994543,1.8287999999983369,0.22,47,0.0,1000000.0,0.22,75.63898,9170.822399999484,-27.43596239999817
2022-12-28,HENDERSON,00H,SG,252.71060606060607,252.71174242424243,5.999999999994543,1.8287999999983369,0.22,47,0.0,1000000.0,0.22,75.63898,9172.651199999482,-27.431939039998174
2022-12-28,HENDERSON,00H,SG,252.69810606060605,252.6992424242424,5.999999999994543,1.8287999999983369,0.22,47,0.0,1000000.0,0.22,75.63898,9174.47999999948,-27.427915679998176
2022-12-28,HENDERSON,00H,SG,252.71780303030303,252.7189393939394,5.999999999994543,1.8287999999983369,0.22,47,0.0,1000000.0,0.22,75.63898,9176.308799999477,-27.423892319998178
2022-12-28,HENDERSON,00H,SG,252.69488636363636,252.69602272727272,5.999999999994543,1.8287999999983369,0.22,47,0.0,1000000.0,0.22,75.63898,9178.137599999474,-27.41986895999818
2022-12-28,HENDERSON,00H,SG,252.7070075757576,252.70833333333337,6.9999999999936335,2.1335999999980597,0.22,47,0.0,1000000.0,0.22,75.63898,9180.271199999472,-27.415845599998182
2022-12-28,HENDERSON,00H,SG,252.7123106060606,252.71363636363637,6.9999999999936335,2.1335999999980597,0.22,47,0.0,1000000.0,0.22,75.63898,9182.40479999947,-27.411151679998188
2022-12-28,HENDERSON,00H,SG,252.70871212121213,252.7100378787879,6.9999999999936335,2.1335999999980597,0.22,47,0.0,1000000.0,0.22,75.63898,9184.538399999466,-27.406457759998194
2022-12-28,HENDERSON,00H,SG,252.7159090909091,252.71723484848485,6.9999999999936335,2.1335999999980597,0.22,47,0.0,1000000.0,0.22,75.63898,9186.671999999464,-27.4017638399982
2022-12-28,HENDERSON,00H,SG,252.71401515151516,252.7155303030303,7.999999999992724,2.4383999999977823,0.22,47,0.0,1000000.0,0.22,75.63898,9189.110399999461,-27.397069919998206
2022-12-28,HENDERSON,00H,SG,247.23958333333337,247.2471590909091,39.99999999996362,12.191999999988912,0.23,37,-0.1,57295.799999999996,0.23,59.54558,9201.30239999945,-27.391705439998212
2022-12-28,HENDERSON,00H,SG,247.2471590909091,247.34015151515152,491.0000000000037,149.6568000000011,0.23,37,0.0,1000000.0,0.23,59.54558,9350.95919999945,-27.36366383999824
2022-12-28,HENDERSON,00H,SG,247.1401515151515,247.23958333333337,525.0000000001228,160.02000000003744,0.23,37,0.0,1000000.0,0.23,59.54558,9510.979199999487,-27.019453199998235
2022-12-28,HENDERSON,00H,SG,246.3625,246.3626893939394,0.9999999999990904,0.3047999999997227,0.32,37,-3.0,1909.86,0.32,59.54558,9511.283999999487,-26.65140719999815
2022-12-28,HENDERSON,00H,SG,246.40833333333333,246.40852272727273,0.9999999999990904,0.3047999999997227,0.32,38,-1.9,3015.5684210526315,0.32,61.15492,9511.588799999487,-26.650431839998152
2022-12-28,HENDERSON,00H,SG,246.36780303030304,246.36799242424243,0.9999999999990904,0.3047999999997227,0.32,37,-3.0,1909.86,0.32,59.54558,9511.893599999486,-26.649456479998154
2022-12-28,HENDERSON,00H,SG,246.40852272727273,246.40871212121212,0.9999999999990904,0.3047999999997227,0.32,38,-2.0,2864.79,0.32,61.15492,9512.198399999486,-26.648481119998156
2022-12-28,HENDERSON,00H,SG,246.36060606060607,246.36079545454547,0.9999999999990904,0.3047999999997227,0.32,37,-3.1,1848.2516129032258,0.32,59.54558,9512.503199999486,-26.647505759998158
2022-12-28,HENDERSON,00H,SG,246.3,246.3001893939394,0.9999999999990904,0.3047999999997227,0.32,37,-3.2,1790.4937499999999,0.32,59.54558,9512.807999999486,-26.64653039999816
2022-12-28,HENDERSON,00H,SG,246.36969696969695,246.36988636363637,0.9999999999990904,0.3047999999997227,0.32,37,-2.9,1975.7172413793103,0.32,59.54558,9513.112799999486,-26.64555503999816
2022-12-28,HENDERSON,00H,SG,246.35530303030305,246.3556818181818,1.999999999998181,0.6095999999994455,0.32,37,-3.1,1848.2516129032258,0.32,59.54558,9513.722399999486,-26.644579679998163
2022-12-28,HENDERSON,00H,SG,246.34621212121212,246.3465909090909,1.999999999998181,0.6095999999994455,0.32,37,-3.2,1790.4937499999999,0.32,59.54558,9514.331999999486,-26.642628959998163
2022-12-28,HENDERSON,00H,SG,246.35151515151512,246.35189393939393,1.999999999998181,0.6095999999994455,0.32,37,-3.2,1790.4937499999999,0.32,59.54558,9514.941599999485,-26.640678239998163
2022-12-28,HENDERSON,00H,SG,246.37670454545457,246.37708333333333,1.999999999998181,0.6095999999994455,0.32,37,-2.7,2122.0666666666666,0.32,59.54558,9515.551199999485,-26.638727519998163
2022-12-28,HENDERSON,00H,SG,246.3589015151515,246.3592803030303,1.999999999998181,0.6095999999994455,0.32,37,-3.1,1848.2516129032258,0.32,59.54558,9516.160799999485,-26.636776799998163
2022-12-28,HENDERSON,00H,SG,246.3621212121212,246.3625,1.999999999998181,0.6095999999994455,0.32,38,-3.0,1909.86,0.32,61.15492,9516.770399999485,-26.634826079998163
2022-12-28,HENDERSON,00H,SG,246.35340909090908,246.35378787878787,1.999999999998181,0.6095999999994455,0.32,37,-3.2,1790.4937499999999,0.32,59.54558,9517.379999999484,-26.632875359998163
2022-12-28,HENDERSON,00H,SG,246.375,246.3753787878788,1.999999999998181,0.6095999999994455,0.32,37,-2.8,2046.2785714285715,0.32,59.54558,9517.989599999484,-26.630924639998163
2022-12-28,HENDERSON,00H,SG,246.3496212121212,246.3501893939394,2.9999999999972715,0.9143999999991684,0.32,37,-3.2,1790.4937499999999,0.32,59.54558,9518.903999999484,-26.628973919998163
2022-12-28,HENDERSON,00H,SG,246.3282196969697,246.3287878787879,2.9999999999972715,0.9143999999991684,0.32,37,-3.2,1790.4937499999999,0.32,59.54558,9519.818399999484,-26.626047839998165
2022-12-28,HENDERSON,00H,SG,246.33522727272728,246.33579545454543,2.9999999999972715,0.9143999999991684,0.32,37,-3.2,1790.4937499999999,0.32,59.54558,9520.732799999483,-26.623121759998167
2022-12-28,HENDERSON,00H,SG,246.34791666666663,246.34848484848484,2.9999999999972715,0.9143999999991684,0.32,37,-3.2,1790.4937499999999,0.32,59.54558,9521.647199999483,-26.62019567999817
2022-12-28,HENDERSON,00H,SG,246.3441287878788,246.34469696969697,2.9999999999972715,0.9143999999991684,0.32,37,-3.2,1790.4937499999999,0.32,59.54558,9522.561599999482,-26.61726959999817
2022-12-28,HENDERSON,00H,SG,246.3371212121212,246.3376893939394,2.9999999999972715,0.9143999999991684,0.32,37,-3.2,1790.4937499999999,0.32,59.54558,9523.475999999482,-26.614343519998172
2022-12-28,HENDERSON,00H,SG,246.3407196969697,246.34128787878788,2.9999999999972715,0.9143999999991684,0.32,37,-3.2,1790.4937499999999,0.32,59.54558,9524.390399999482,-26.611417439998174
2022-12-28,HENDERSON,00H,SG,246.31003787878788,246.31079545454543,3.999999999996362,1.2191999999988912,0.32,37,-3.2,1790.4937499999999,0.32,59.54558,9525.609599999481,-26.608491359998176
2022-12-28,HENDERSON,00H,SG,246.3001893939394,246.30094696969695,3.999999999996362,1.2191999999988912,0.32,38,-3.2,1790.4937499999999,0.32,61.15492,9526.82879999948,-26.60458991999818
2022-12-28,HENDERSON,00H,SG,246.32632575757577,246.32708333333332,3.999999999996362,1.2191999999988912,0.32,37,-3.2,1790.4937499999999,0.32,59.54558,9528.04799999948,-26.600688479998183
2022-12-28,HENDERSON,00H,SG,246.3246212121212,246.3253787878788,3.999999999996362,1.2191999999988912,0.32,37,-3.2,1790.4937499999999,0.32,59.54558,9529.26719999948,-26.596787039998187
2022-12-28,HENDERSON,00H,SG,246.36799242424243,246.36875,3.999999999996362,1.2191999999988912,0.32,38,-3.0,1909.86,0.32,61.15492,9530.48639999948,-26.59288559999819
2022-12-28,HENDERSON,00H,SG,246.31742424242424,246.3181818181818,3.999999999996362,1.2191999999988912,0.32,37,-3.2,1790.4937499999999,0.32,59.54558,9531.70559999948,-26.588984159998194
2022-12-28,HENDERSON,00H,SG,246.3030303030303,246.3037878787879,3.999999999996362,1.2191999999988912,0.32,37,-3.2,1790.4937499999999,0.32,59.54558,9532.924799999479,-26.585082719998198
2022-12-28,HENDERSON,00H,SG,246.31193181818185,246.3126893939394,3.999999999996362,1.2191999999988912,0.32,37,-3.2,1790.4937499999999,0.32,59.54558,9534.143999999478,-26.5811812799982
2022-12-28,HENDERSON,00H,SG,246.34242424242424,246.34318181818185,3.999999999996362,1.2191999999988912,0.32,37,-3.2,1790.4937499999999,0.32,59.54558,9535.363199999478,-26.577279839998205
2022-12-28,HENDERSON,00H,SG,246.3227272727273,246.32348484848484,3.999999999996362,1.2191999999988912,0.32,37,-3.2,1790.4937499999999,0.32,59.54558,9536.582399999477,-26.57337839999821
2022-12-28,HENDERSON,00H,SG,246.31382575757576,246.31458333333333,3.999999999996362,1.2191999999988912,0.32,37,-3.2,1790.4937499999999,0.32,59.54558,9537.801599999477,-26.569476959998212
2022-12-28,HENDERSON,00H,SG,246.3155303030303,246.31628787878788,3.999999999996362,1.2191999999988912,0.32,37,-3.2,1790.4937499999999,0.32,59.54558,9539.020799999476,-26.565575519998216
2022-12-28,HENDERSON,00H,SG,246.30738636363637,246.30814393939391,3.999999999996362,1.2191999999988912,0.32,38,-3.2,1790.4937499999999,0.32,61.15492,9540.239999999476,-26.56167407999822
2022-12-28,HENDERSON,00H,SG,246.3181818181818,246.3189393939394,3.999999999996362,1.2191999999988912,0.32,38,-3.2,1790.4937499999999,0.32,61.15492,9541.459199999475,-26.557772639998223
2022-12-28,HENDERSON,00H,SG,246.3037878787879,246.30454545454543,3.999999999996362,1.2191999999988912,0.32,38,-3.2,1790.4937499999999,0.32,61.15492,9542.678399999475,-26.553871199998227
2022-12-28,HENDERSON,00H,SG,246.3219696969697,246.3227272727273,3.999999999996362,1.2191999999988912,0.32,38,-3.2,1790.4937499999999,0.32,61.15492,9543.897599999475,-26.54996975999823
2022-12-28,HENDERSON,00H,SG,246.3335227272727,246.3342803030303,3.999999999996362,1.2191999999988912,0.32,37,-3.2,1790.4937499999999,0.32,59.54558,9545.116799999474,-26.546068319998234
2022-12-28,HENDERSON,00H,SG,246.33882575757576,246.33958333333337,3.999999999996362,1.2191999999988912,0.32,37,-3.2,1790.4937499999999,0.32,59.54558,9546.335999999474,-26.542166879998238
2022-12-28,HENDERSON,00H,SG,246.30568181818185,246.3064393939394,3.999999999996362,1.2191999999988912,0.32,38,-3.2,1790.4937499999999,0.32,61.15492,9547.555199999473,-26.53826543999824
2022-12-28,HENDERSON,00H,SG,246.3316287878788,246.33238636363637,3.999999999996362,1.2191999999988912,0.32,37,-3.2,1790.4937499999999,0.32,59.54558,9548.774399999473,-26.534363999998245
2022-12-28,HENDERSON,00H,SG,246.3342803030303,246.33522727272728,4.9999999999954525,1.523999999998614,0.32,38,-3.2,1790.4937499999999,0.32,61.15492,9550.298399999472,-26.53046255999825
2022-12-28,HENDERSON,00H,SG,246.33068181818183,246.3316287878788,4.9999999999954525,1.523999999998614,0.32,38,-3.2,1790.4937499999999,0.32,61.15492,9551.822399999472,-26.525585759998254
2022-12-28,HENDERSON,00H,SG,246.3297348484849,246.33068181818183,4.9999999999954525,1.523999999998614,0.32,37,-3.2,1790.4937499999999,0.32,59.54558,9553.346399999471,-26.52070895999826
2022-12-28,HENDERSON,00H,SG,246.3287878787879,246.3297348484849,4.9999999999954525,1.523999999998614,0.32,38,-3.2,1790.4937499999999,0.32,61.15492,9554.87039999947,-26.515832159998265
2022-12-28,HENDERSON,00H,SG,246.30814393939391,246.3090909090909,4.9999999999954525,1.523999999998614,0.32,37,-3.2,1790.4937499999999,0.32,59.54558,9556.39439999947,-26.51095535999827
2022-12-28,HENDERSON,00H,SG,246.30094696969695,246.30189393939395,4.9999999999954525,1.523999999998614,0.32,37,-3.2,1790.4937499999999,0.32,59.54558,9557.91839999947,-26.506078559998276
2022-12-28,HENDERSON,00H,SG,246.34318181818185,246.3441287878788,4.9999999999954525,1.523999999998614,0.32,38,-3.2,1790.4937499999999,0.32,61.15492,9559.442399999469,-26.50120175999828
2022-12-28,HENDERSON,00H,SG,246.3253787878788,246.32632575757577,4.9999999999954525,1.523999999998614,0.32,38,-3.2,1790.4937499999999,0.32,61.15492,9560.966399999468,-26.496324959998287
2022-12-28,HENDERSON,00H,SG,246.3064393939394,246.30738636363637,4.9999999999954525,1.523999999998614,0.32,37,-3.2,1790.4937499999999,0.32,59.54558,9562.490399999468,-26.491448159998292
2022-12-28,HENDERSON,00H,SG,246.31458333333333,246.3155303030303,4.9999999999954525,1.523999999998614,0.32,38,-3.2,1790.4937499999999,0.32,61.15492,9564.014399999467,-26.486571359998297
2022-12-28,HENDERSON,00H,SG,246.36875,246.36969696969695,4.9999999999954525,1.523999999998614,0.32,38,-2.9,1975.7172413793103,0.32,61.15492,9565.538399999466,-26.481694559998303
2022-12-28,HENDERSON,00H,SG,246.32007575757575,246.32102272727272,4.9999999999954525,1.523999999998614,0.32,38,-3.2,1790.4937499999999,0.32,61.15492,9567.062399999466,-26.47681775999831
2022-12-28,HENDERSON,00H,SG,246.32102272727272,246.3219696969697,4.9999999999954525,1.523999999998614,0.32,37,-3.2,1790.4937499999999,0.32,59.54558,9568.586399999465,-26.471940959998314
2022-12-28,HENDERSON,00H,SG,246.3090909090909,246.31003787878788,4.9999999999954525,1.523999999998614,0.32,38,-3.2,1790.4937499999999,0.32,61.15492,9570.110399999465,-26.46706415999832
2022-12-28,HENDERSON,00H,SG,246.31628787878788,246.31742424242424,5.999999999994543,1.8287999999983369,0.32,38,-3.2,1790.4937499999999,0.32,61.15492,9571.939199999462,-26.462187359998325
2022-12-28,HENDERSON,00H,SG,246.33238636363637,246.3335227272727,5.999999999994543,1.8287999999983369,0.32,38,-3.2,1790.4937499999999,0.32,61.15492,9573.76799999946,-26.45633519999833
2022-12-28,HENDERSON,00H,SG,246.34128787878788,246.34242424242424,5.999999999994543,1.8287999999983369,0.32,38,-3.2,1790.4937499999999,0.32,61.15492,9575.596799999457,-26.450483039998332
2022-12-28,HENDERSON,00H,SG,246.3376893939394,246.33882575757576,5.999999999994543,1.8287999999983369,0.32,38,-3.2,1790.4937499999999,0.32,61.15492,9577.425599999455,-26.444630879998336
2022-12-28,HENDERSON,00H,SG,246.34848484848484,246.3496212121212,5.999999999994543,1.8287999999983369,0.32,38,-3.2,1790.4937499999999,0.32,61.15492,9579.254399999452,-26.43877871999834
2022-12-28,HENDERSON,00H,SG,246.3126893939394,246.31382575757576,5.999999999994543,1.8287999999983369,0.32,38,-3.2,1790.4937499999999,0.32,61.15492,9581.08319999945,-26.432926559998343
2022-12-28,HENDERSON,00H,SG,246.3189393939394,246.32007575757575,5.999999999994543,1.8287999999983369,0.32,37,-3.2,1790.4937499999999,0.32,59.54558,9582.911999999447,-26.427074399998347
2022-12-28,HENDERSON,00H,SG,246.31079545454543,246.31193181818185,5.999999999994543,1.8287999999983369,0.32,38,-3.2,1790.4937499999999,0.32,61.15492,9584.740799999445,-26.42122223999835
2022-12-28,HENDERSON,00H,SG,246.33958333333337,246.3407196969697,5.999999999994543,1.8287999999983369,0.32,38,-3.2,1790.4937499999999,0.32,61.15492,9586.569599999442,-26.415370079998354
2022-12-28,HENDERSON,00H,SG,246.30454545454543,246.30568181818185,5.999999999994543,1.8287999999983369,0.32,37,-3.2,1790.4937499999999,0.32,59.54558,9588.39839999944,-26.409517919998358
2022-12-28,HENDERSON,00H,SG,246.32348484848484,246.3246212121212,5.999999999994543,1.8287999999983369,0.32,38,-3.2,1790.4937499999999,0.32,61.15492,9590.227199999437,-26.40366575999836
2022-12-28,HENDERSON,00H,SG,246.30189393939395,246.3030303030303,5.999999999994543,1.8287999999983369,0.32,38,-3.2,1790.4937499999999,0.32,61.15492,9592.055999999435,-26.397813599998365
2022-12-28,HENDERSON,00H,SG,246.32708333333332,246.32821969696968,5.999999999994543,1.8287999999983369,0.32,38,-3.2,1790.4937499999999,0.32,61.15492,9593.884799999432,-26.39196143999837
2022-12-28,HENDERSON,00H,SG,246.33579545454543,246.3371212121212,6.9999999999936335,2.1335999999980597,0.32,38,-3.2,1790.4937499999999,0.32,61.15492,9596.01839999943,-26.386109279998372
2022-12-28,HENDERSON,00H,SG,246.3501893939394,246.35151515151512,6.9999999999936335,2.1335999999980597,0.32,38,-3.2,1790.4937499999999,0.32,61.15492,9598.151999999427,-26.379281759998378
2022-12-28,HENDERSON,00H,SG,246.3465909090909,246.34791666666663,6.9999999999936335,2.1335999999980597,0.32,38,-3.2,1790.4937499999999,0.32,61.15492,9600.285599999424,-26.372454239998383
2022-12-28,HENDERSON,00H,SG,246.3753787878788,246.37670454545457,6.9999999999936335,2.1335999999980597,0.32,38,-2.8,2046.2785714285715,0.32,61.15492,9602.419199999422,-26.36562671999839
2022-12-28,HENDERSON,00H,SG,246.36079545454547,246.3621212121212,6.9999999999936335,2.1335999999980597,0.32,38,-3.1,1848.2516129032258,0.32,61.15492,9604.55279999942,-26.358799199998394
2022-12-28,HENDERSON,00H,SG,246.3592803030303,246.36060606060607,7.0000000001437,2.1336000000438,0.32,38,-3.1,1848.2516129032258,0.32,61.15492,9606.686399999464,-26.3519716799984
2022-12-28,HENDERSON,00H,SG,246.34469696969697,246.34621212121212,7.999999999992724,2.4383999999977823,0.32,38,-3.2,1790.4937499999999,0.32,61.15492,9609.124799999461,-26.34514415999826
2022-12-28,HENDERSON,00H,SG,246.35378787878787,246.35530303030305,7.999999999992724,2.4383999999977823,0.32,38,-3.1,1848.2516129032258,0.32,61.15492,9611.563199999458,-26.337341279998267
2022-12-28,HENDERSON,00H,SG,246.35189393939393,246.35340909090908,7.999999999992724,2.4383999999977823,0.32,38,-3.2,1790.4937499999999,0.32,61.15492,9614.001599999456,-26.329538399998274
2022-12-28,HENDERSON,00H,SG,246.37272727272727,246.375,11.999999999989086,3.6575999999966737,0.32,38,-2.8,2046.2785714285715,0.32,61.15492,9617.659199999453,-26.32173551999828
2022-12-28,HENDERSON,00H,SG,246.37708333333333,246.37973484848484,13.999999999987269,4.267199999996119,0.32,38,-2.7,2122.0666666666666,0.32,61.15492,9621.92639999945,-26.310031199998292
2022-12-28,HENDERSON,00H,SG,246.36988636363637,246.37272727272727,14.999999999986358,4.571999999995842,0.32,38,-2.9,1975.7172413793103,0.32,61.15492,9626.498399999446,-26.296376159998303
2022-12-28,HENDERSON,00H,SG,246.3556818181818,246.3589015151515,16.99999999998454,5.181599999995288,0.32,38,-3.1,1848.2516129032258,0.32,61.15492,9631.67999999944,-26.281745759998316
2022-12-28,HENDERSON,00H,SG,246.41666666666663,246.42007575757577,17.99999999998363,5.48639999999501,0.32,38,-1.7,3370.3411764705884,0.32,61.15492,9637.166399999434,-26.265164639998332
2022-12-28,HENDERSON,00H,SG,246.37973484848484,246.38333333333333,18.99999999998272,5.791199999994733,0.32,38,-2.6,2203.6846153846154,0.32,61.15492,9642.957599999429,-26.247608159998347
2022-12-28,HENDERSON,00H,SG,246.3873106060606,246.3909090909091,19.000000000132783,5.791200000040473,0.32,38,-2.4,2387.3250000000003,0.32,61.15492,9648.748799999468,-26.229076319998363
2022-12-28,HENDERSON,00H,SG,246.4128787878788,246.41666666666663,19.99999999998181,6.095999999994456,0.32,38,-1.8,3183.1,0.32,61.15492,9654.844799999462,-26.210544479998234
2022-12-28,HENDERSON,00H,SG,246.38333333333333,246.3873106060606,20.9999999999809,6.400799999994179,0.32,38,-2.5,2291.832,0.32,61.15492,9661.245599999456,-26.191037279998252
2022-12-28,HENDERSON,00H,SG,246.3909090909091,246.39488636363637,20.9999999999809,6.400799999994179,0.32,38,-2.3,2491.121739130435,0.32,61.15492,9667.64639999945,-26.17055471999827
2022-12-28,HENDERSON,00H,SG,246.40871212121212,246.4128787878788,21.99999999997999,6.705599999993901,0.32,38,-1.9,3015.5684210526315,0.32,61.15492,9674.351999999444,-26.15007215999829
2022-12-28,HENDERSON,00H,SG,246.40397727272727,246.40833333333333,22.99999999997908,7.010399999993624,0.32,38,-2.0,2864.79,0.32,61.15492,9681.362399999438,-26.12861423999831
2022-12-28,HENDERSON,00H,SG,246.39488636363637,246.39943181818185,23.999999999978172,7.3151999999933475,0.32,38,-2.2,2604.354545454545,0.32,61.15492,9688.677599999432,-26.10618095999833
2022-12-28,HENDERSON,00H,SG,246.39943181818185,246.40397727272727,23.999999999978172,7.3151999999933475,0.32,38,-2.1,2728.3714285714286,0.32,61.15492,9695.992799999425,-26.08277231999835
2022-12-28,HENDERSON,00H,SG,246.3626893939394,246.36780303030304,26.999999999975444,8.229599999992516,0.32,38,-3.0,1909.86,0.32,61.15492,9704.222399999418,-26.059363679998373
2022-12-28,HENDERSON,00H,SG,246.03295454545457,246.0331439393939,0.9999999999990904,0.3047999999997227,0.35,38,0.0,1000000.0,0.35,61.15492,9704.527199999418,-26.033028959998397
2022-12-28,HENDERSON,00H,SG,246.08617424242425,246.08655303030304,1.999999999998181,0.6095999999994455,0.35,38,0.0,1000000.0,0.35,61.15492,9705.136799999418,-26.031962159998397
2022-12-28,HENDERSON,00H,SG,246.0257575757576,246.02632575757576,2.9999999999972715,0.9143999999991684,0.35,38,0.0,1000000.0,0.35,61.15492,9706.051199999418,-26.0298285599984
2022-12-28,HENDERSON,00H,SG,246.02007575757577,246.0221590909091,10.999999999989996,3.3527999999969507,0.35,37,-0.1,57295.799999999996,0.35,59.54558,9709.403999999415,-26.026628159998403
2022-12-28,HENDERSON,00H,SG,246.0221590909091,246.0257575757576,18.99999999998272,5.791199999994733,0.35,37,0.0,1000000.0,0.35,59.54558,9715.195199999409,-26.014893359998414
2022-12-28,HENDERSON,00H,SG,246.08655303030304,246.09015151515152,18.99999999998272,5.791199999994733,0.35,37,0.0,1000000.0,0.35,59.54558,9720.986399999403,-25.994624159998434
2022-12-28,HENDERSON,00H,SG,246.02632575757576,246.03295454545457,34.99999999996817,10.6679999999903,0.35,37,0.0,1000000.0,0.35,59.54558,9731.654399999394,-25.974354959998454
2022-12-28,HENDERSON,00H,SG,246.0331439393939,246.08617424242425,280.0000000000455,85.34400000001385,0.35,37,0.0,1000000.0,0.35,59.54558,9816.998399999407,-25.937016959998488
2022-12-28,HENDERSON,00H,SG,252.74034090909092,252.7405303030303,0.9999999999990904,0.3047999999997227,0.36,46,0.0,1000000.0,0.36,74.02964,9817.303199999407,-25.63831295999844
2022-12-28,HENDERSON,00H,SG,252.7492424242424,252.74943181818185,0.9999999999990904,0.3047999999997227,0.36,46,0.0,1000000.0,0.36,74.02964,9817.607999999407,-25.63721567999844
2022-12-28,HENDERSON,00H,SG,252.7564393939394,252.7566287878788,0.9999999999990904,0.3047999999997227,0.36,46,0.0,1000000.0,0.36,74.02964,9817.912799999407,-25.63611839999844
2022-12-28,HENDERSON,00H,SG,252.74204545454543,252.74223484848488,0.9999999999990904,0.3047999999997227,0.36,46,0.0,1000000.0,0.36,74.02964,9818.217599999407,-25.63502111999844
2022-12-28,HENDERSON,00H,SG,252.7528409090909,252.7530303030303,0.9999999999990904,0.3047999999997227,0.36,46,0.0,1000000.0,0.36,74.02964,9818.522399999407,-25.63392383999844
2022-12-28,HENDERSON,00H,SG,252.76363636363635,252.76382575757577,0.9999999999990904,0.3047999999997227,0.36,46,0.0,1000000.0,0.36,74.02964,9818.827199999407,-25.632826559998442
2022-12-28,HENDERSON,00H,SG,252.77594696969695,252.77613636363637,0.9999999999990904,0.3047999999997227,0.36,46,0.0,1000000.0,0.36,74.02964,9819.131999999407,-25.631729279998442
2022-12-28,HENDERSON,00H,SG,252.77765151515152,252.7778409090909,0.9999999999990904,0.3047999999997227,0.36,46,0.0,1000000.0,0.36,74.02964,9819.436799999407,-25.630631999998442
2022-12-28,HENDERSON,00H,SG,252.7617424242424,252.7619318181818,0.9999999999990904,0.3047999999997227,0.36,46,0.0,1000000.0,0.36,74.02964,9819.741599999406,-25.629534719998443
2022-12-28,HENDERSON,00H,SG,252.73844696969695,252.73882575757577,1.999999999998181,0.6095999999994455,0.36,46,0.0,1000000.0,0.36,74.02964,9820.351199999406,-25.628437439998443
2022-12-28,HENDERSON,00H,SG,252.72973484848484,252.73011363636363,1.999999999998181,0.6095999999994455,0.36,46,0.0,1000000.0,0.36,74.02964,9820.960799999406,-25.626242879998443
2022-12-28,HENDERSON,00H,SG,252.73674242424244,252.7371212121212,1.999999999998181,0.6095999999994455,0.36,46,0.0,1000000.0,0.36,74.02964,9821.570399999406,-25.624048319998444
2022-12-28,HENDERSON,00H,SG,252.74375,252.7441287878788,1.999999999998181,0.6095999999994455,0.36,46,0.0,1000000.0,0.36,74.02964,9822.179999999405,-25.621853759998444
2022-12-28,HENDERSON,00H,SG,252.7651515151515,252.7655303030303,1.999999999998181,0.6095999999994455,0.36,46,0.0,1000000.0,0.36,74.02964,9822.789599999405,-25.619659199998445
2022-12-28,HENDERSON,00H,SG,252.7244318181818,252.7248106060606,1.999999999998181,0.6095999999994455,0.36,46,0.0,1000000.0,0.36,74.02964,9823.399199999405,-25.617464639998445
2022-12-28,HENDERSON,00H,SG,252.73143939393935,252.73181818181817,1.999999999998181,0.6095999999994455,0.36,46,0.0,1000000.0,0.36,74.02964,9824.008799999405,-25.615270079998446
2022-12-28,HENDERSON,00H,SG,252.73333333333332,252.7337121212121,1.999999999998181,0.6095999999994455,0.36,46,0.0,1000000.0,0.36,74.02964,9824.618399999405,-25.613075519998446
2022-12-28,HENDERSON,00H,SG,252.74564393939391,252.74602272727273,1.999999999998181,0.6095999999994455,0.36,46,0.0,1000000.0,0.36,74.02964,9825.227999999404,-25.610880959998447
2022-12-28,HENDERSON,00H,SG,252.72613636363636,252.72651515151512,1.999999999998181,0.6095999999994455,0.36,46,0.0,1000000.0,0.36,74.02964,9825.837599999404,-25.608686399998447
2022-12-28,HENDERSON,00H,SG,252.7348484848485,252.7352272727273,1.999999999998181,0.6095999999994455,0.36,46,0.0,1000000.0,0.36,74.02964,9826.447199999404,-25.606491839998448
2022-12-28,HENDERSON,00H,SG,252.7473484848485,252.74772727272727,1.999999999998181,0.6095999999994455,0.36,46,0.0,1000000.0,0.36,74.02964,9827.056799999404,-25.60429727999845
2022-12-28,HENDERSON,00H,SG,252.75094696969697,252.75132575757576,1.999999999998181,0.6095999999994455,0.36,46,0.0,1000000.0,0.36,74.02964,9827.666399999403,-25.60210271999845
2022-12-28,HENDERSON,00H,SG,252.7206439393939,252.72121212121212,2.9999999999972715,0.9143999999991684,0.36,46,0.0,1000000.0,0.36,74.02964,9828.580799999403,-25.59990815999845
2022-12-28,HENDERSON,00H,SG,252.72007575757576,252.7206439393939,2.9999999999972715,0.9143999999991684,0.36,47,0.0,1000000.0,0.36,75.63898,9829.495199999403,-25.596616319998454
2022-12-28,HENDERSON,00H,SG,252.7278409090909,252.72840909090908,2.9999999999972715,0.9143999999991684,0.36,46,0.0,1000000.0,0.36,74.02964,9830.409599999402,-25.593324479998458
2022-12-28,HENDERSON,00H,SG,252.72253787878788,252.72310606060609,2.9999999999972715,0.9143999999991684,0.36,46,0.0,1000000.0,0.36,74.02964,9831.323999999402,-25.590032639998462
2022-12-28,HENDERSON,00H,SG,252.7337121212121,252.7348484848485,6.00000000014461,1.8288000000440772,0.36,47,0.0,1000000.0,0.36,75.63898,9833.152799999447,-25.586740799998466
2022-12-28,HENDERSON,00H,SG,252.7371212121212,252.73844696969695,6.9999999999936335,2.1335999999980597,0.36,47,0.0,1000000.0,0.36,75.63898,9835.286399999444,-25.580157119998308
2022-12-28,HENDERSON,00H,SG,252.72121212121212,252.72253787878788,6.9999999999936335,2.1335999999980597,0.36,47,0.0,1000000.0,0.36,75.63898,9837.419999999442,-25.572476159998313
2022-12-28,HENDERSON,00H,SG,252.72651515151512,252.7278409090909,6.9999999999936335,2.1335999999980597,0.36,47,0.0,1000000.0,0.36,75.63898,9839.553599999439,-25.56479519999832
2022-12-28,HENDERSON,00H,SG,252.7248106060606,252.72613636363636,6.9999999999936335,2.1335999999980597,0.36,47,0.0,1000000.0,0.36,75.63898,9841.687199999436,-25.557114239998324
2022-12-28,HENDERSON,00H,SG,252.74602272727273,252.7473484848485,6.9999999999936335,2.1335999999980597,0.36,47,0.0,1000000.0,0.36,75.63898,9843.820799999434,-25.54943327999833
2022-12-28,HENDERSON,00H,SG,252.72840909090908,252.72973484848484,6.9999999999936335,2.1335999999980597,0.36,47,0.0,1000000.0,0.36,75.63898,9845.954399999431,-25.541752319998334
2022-12-28,HENDERSON,00H,SG,252.72310606060609,252.7244318181818,6.9999999999936335,2.1335999999980597,0.36,47,0.0,1000000.0,0.36,75.63898,9848.087999999429,-25.53407135999834
2022-12-28,HENDERSON,00H,SG,252.73011363636363,252.73143939393935,6.9999999999936335,2.1335999999980597,0.36,47,0.0,1000000.0,0.36,75.63898,9850.221599999426,-25.526390399998345
2022-12-28,HENDERSON,00H,SG,252.76382575757577,252.7651515151515,6.9999999999936335,2.1335999999980597,0.36,47,0.0,1000000.0,0.36,75.63898,9852.355199999423,-25.51870943999835
2022-12-28,HENDERSON,00H,SG,252.74772727272727,252.7492424242424,7.999999999992724,2.4383999999977823,0.36,47,0.0,1000000.0,0.36,75.63898,9854.79359999942,-25.511028479998355
2022-12-28,HENDERSON,00H,SG,252.74943181818185,252.75094696969697,7.999999999992724,2.4383999999977823,0.36,47,0.0,1000000.0,0.36,75.63898,9857.231999999418,-25.502250239998364
2022-12-28,HENDERSON,00H,SG,252.7405303030303,252.74204545454543,7.999999999992724,2.4383999999977823,0.36,47,0.0,1000000.0,0.36,75.63898,9859.670399999415,-25.493471999998373
2022-12-28,HENDERSON,00H,SG,252.7441287878788,252.74564393939391,7.999999999992724,2.4383999999977823,0.36,47,0.0,1000000.0,0.36,75.63898,9862.108799999412,-25.484693759998382
2022-12-28,HENDERSON,00H,SG,252.7352272727273,252.73674242424244,7.999999999992724,2.4383999999977823,0.36,47,0.0,1000000.0,0.36,75.63898,9864.54719999941,-25.47591551999839
2022-12-28,HENDERSON,00H,SG,252.75132575757576,252.7528409090909,7.999999999992724,2.4383999999977823,0.36,47,0.0,1000000.0,0.36,75.63898,9866.985599999407,-25.4671372799984
2022-12-28,HENDERSON,00H,SG,252.73181818181817,252.73333333333332,7.999999999992724,2.4383999999977823,0.36,47,0.0,1000000.0,0.36,75.63898,9869.423999999404,-25.45835903999841
2022-12-28,HENDERSON,00H,SG,252.74223484848488,252.74375,7.999999999992724,2.4383999999977823,0.36,47,0.0,1000000.0,0.36,75.63898,9871.862399999402,-25.44958079999842
2022-12-28,HENDERSON,00H,SG,252.77613636363637,252.77765151515152,7.999999999992724,2.4383999999977823,0.36,47,0.0,1000000.0,0.36,75.63898,9874.300799999399,-25.440802559998428
2022-12-28,HENDERSON,00H,SG,252.73882575757577,252.74034090909092,7.999999999992724,2.4383999999977823,0.36,47,0.0,1000000.0,0.36,75.63898,9876.739199999396,-25.432024319998437
2022-12-28,HENDERSON,00H,SG,252.7619318181818,252.76363636363635,8.999999999991815,2.743199999997505,0.36,47,0.0,1000000.0,0.36,75.63898,9879.482399999393,-25.423246079998446
2022-12-28,HENDERSON,00H,SG,252.7530303030303,252.7564393939394,17.99999999998363,5.48639999999501,0.36,47,0.0,1000000.0,0.36,75.63898,9884.968799999388,-25.413370559998455
2022-12-28,HENDERSON,00H,SG,252.7566287878788,252.7617424242424,26.999999999975444,8.229599999992516,0.36,47,0.0,1000000.0,0.36,75.63898,9893.19839999938,-25.393619519998474
2022-12-28,HENDERSON,00H,SG,252.7655303030303,252.77594696969695,55.00000000010005,16.764000000030496,0.36,47,0.0,1000000.0,0.36,75.63898,9909.962399999411,-25.3639929599985
2022-12-28,HENDERSON,00H,SG,252.7778409090909,252.88011363636363,539.9999999999591,164.59199999998754,0.36,47,0.0,1000000.0,0.36,75.63898,10074.554399999399,-25.30364255999839
2022-12-28,HENDERSON,00H,SG,245.23617424242423,245.23636363636365,0.9999999999990904,0.3047999999997227,0.41,38,3.1,1848.2516129032258,0.41,61.15492,10074.859199999399,-24.711111359998437
2022-12-28,HENDERSON,00H,SG,245.2346590909091,245.2348484848485,0.9999999999990904,0.3047999999997227,0.41,37,2.9,1975.7172413793103,0.41,59.54558,10075.163999999399,-24.70986167999844
2022-12-28,HENDERSON,00H,SG,245.2532196969697,245.2534090909091,0.9999999999990904,0.3047999999997227,0.41,37,4.0,1432.395,0.41,59.54558,10075.468799999398,-24.708611999998443
2022-12-28,HENDERSON,00H,SG,245.25227272727273,245.25246212121212,0.9999999999990904,0.3047999999997227,0.41,38,4.0,1432.395,0.41,61.15492,10075.773599999398,-24.707362319998445
2022-12-28,HENDERSON,00H,SG,245.2933712121212,245.2935606060606,0.9999999999990904,0.3047999999997227,0.41,37,4.0,1432.395,0.41,59.54558,10076.078399999398,-24.706112639998448
2022-12-28,HENDERSON,00H,SG,245.2242424242424,245.2244318181818,0.9999999999990904,0.3047999999997227,0.41,37,2.2,2604.354545454545,0.41,59.54558,10076.383199999398,-24.70486295999845
2022-12-28,HENDERSON,00H,SG,245.2526515151515,245.2528409090909,0.9999999999990904,0.3047999999997227,0.41,37,4.0,1432.395,0.41,59.54558,10076.687999999398,-24.703613279998454
2022-12-28,HENDERSON,00H,SG,245.25492424242424,245.25511363636363,0.9999999999990904,0.3047999999997227,0.41,37,4.2,1364.1857142857143,0.41,59.54558,10076.992799999398,-24.702363599998456
2022-12-28,HENDERSON,00H,SG,245.3034090909091,245.3035984848485,0.9999999999990904,0.3047999999997227,0.41,38,3.3,1736.2363636363636,0.41,61.15492,10077.297599999398,-24.70111391999846
2022-12-28,HENDERSON,00H,SG,245.33276515151516,245.33295454545456,0.9999999999990904,0.3047999999997227,0.41,37,1.5,3819.72,0.41,59.54558,10077.602399999398,-24.699864239998462
2022-12-28,HENDERSON,00H,SG,245.2534090909091,245.25359848484848,0.9999999999990904,0.3047999999997227,0.41,37,4.1,1397.458536585366,0.41,59.54558,10077.907199999398,-24.698614559998465
2022-12-28,HENDERSON,00H,SG,245.2412878787879,245.24147727272728,0.9999999999990904,0.3047999999997227,0.41,38,3.2,1790.4937499999999,0.41,61.15492,10078.211999999397,-24.697364879998467
2022-12-28,HENDERSON,00H,SG,245.32575757575756,245.32594696969696,0.9999999999990904,0.3047999999997227,0.41,37,1.8,3183.1,0.41,59.54558,10078.516799999397,-24.69611519999847
2022-12-28,HENDERSON,00H,SG,245.26098484848484,245.26117424242423,0.9999999999990904,0.3047999999997227,0.41,38,4.4,1302.1772727272726,0.41,61.15492,10078.821599999397,-24.694865519998473
2022-12-28,HENDERSON,00H,SG,245.22007575757576,245.22026515151515,0.9999999999990904,0.3047999999997227,0.41,37,1.9,3015.5684210526315,0.41,59.54558,10079.126399999397,-24.693615839998476
2022-12-28,HENDERSON,00H,SG,245.2556818181818,245.2558712121212,0.9999999999990904,0.3047999999997227,0.41,38,4.1,1397.458536585366,0.41,61.15492,10079.431199999397,-24.69236615999848
2022-12-28,HENDERSON,00H,SG,245.25246212121212,245.2526515151515,0.9999999999990904,0.3047999999997227,0.41,38,3.9,1469.123076923077,0.41,61.15492,10079.735999999397,-24.69111647999848
2022-12-28,HENDERSON,00H,SG,245.2346590909091,245.2348484848485,0.9999999999990904,0.3047999999997227,0.41,38,2.9,1975.7172413793103,0.41,61.15492,10080.040799999397,-24.689866799998484
2022-12-28,HENDERSON,00H,SG,245.31666666666663,245.31685606060609,0.9999999999990904,0.3047999999997227,0.41,38,2.5,2291.832,0.41,61.15492,10080.345599999397,-24.688617119998487
2022-12-28,HENDERSON,00H,SG,245.24166666666667,245.24185606060607,0.9999999999990904,0.3047999999997227,0.41,38,3.3,1736.2363636363636,0.41,61.15492,10080.650399999397,-24.68736743999849
2022-12-28,HENDERSON,00H,SG,245.25359848484848,245.25378787878788,0.9999999999990904,0.3047999999997227,0.41,37,4.0,1432.395,0.41,59.54558,10080.955199999396,-24.686117759998492
2022-12-28,HENDERSON,00H,SG,245.24318181818185,245.2433712121212,0.9999999999990904,0.3047999999997227,0.41,38,3.3,1736.2363636363636,0.41,61.15492,10081.259999999396,-24.684868079998495
2022-12-28,HENDERSON,00H,SG,245.24886363636364,245.24905303030303,0.9999999999990904,0.3047999999997227,0.41,38,3.7,1548.535135135135,0.41,61.15492,10081.564799999396,-24.683618399998497
2022-12-28,HENDERSON,00H,SG,245.28939393939393,245.28958333333333,0.9999999999990904,0.3047999999997227,0.41,38,4.1,1397.458536585366,0.41,61.15492,10081.869599999396,-24.6823687199985
2022-12-28,HENDERSON,00H,SG,245.2405303030303,245.24071969696973,0.9999999999990904,0.3047999999997227,0.41,37,3.3,1736.2363636363636,0.41,59.54558,10082.174399999396,-24.681119039998503
2022-12-28,HENDERSON,00H,SG,245.2471590909091,245.2473484848485,0.9999999999990904,0.3047999999997227,0.41,37,3.7,1548.535135135135,0.41,59.54558,10082.479199999396,-24.679869359998506
2022-12-28,HENDERSON,00H,SG,245.32102272727272,245.3212121212121,0.9999999999990904,0.3047999999997227,0.41,37,2.2,2604.354545454545,0.41,59.54558,10082.783999999396,-24.67861967999851
2022-12-28,HENDERSON,00H,SG,245.23143939393935,245.2316287878788,0.9999999999990904,0.3047999999997227,0.41,37,2.8,2046.2785714285715,0.41,59.54558,10083.088799999396,-24.67736999999851
2022-12-28,HENDERSON,00H,SG,245.25113636363636,245.25132575757576,0.9999999999990904,0.3047999999997227,0.41,37,4.0,1432.395,0.41,59.54558,10083.393599999396,-24.676120319998514
2022-12-28,HENDERSON,00H,SG,245.25208333333333,245.25227272727273,0.9999999999990904,0.3047999999997227,0.41,38,3.9,1469.123076923077,0.41,61.15492,10083.698399999395,-24.674870639998517
2022-12-28,HENDERSON,00H,SG,245.27878787878788,245.27897727272727,0.9999999999990904,0.3047999999997227,0.41,38,4.6,1245.5608695652174,0.41,61.15492,10084.003199999395,-24.67362095999852
2022-12-28,HENDERSON,00H,SG,245.24147727272728,245.24166666666667,0.9999999999990904,0.3047999999997227,0.41,38,3.4,1685.1705882352942,0.41,61.15492,10084.307999999395,-24.672371279998522
2022-12-28,HENDERSON,00H,SG,245.24375,245.2439393939394,0.9999999999990904,0.3047999999997227,0.41,37,3.5,1637.0228571428572,0.41,59.54558,10084.612799999395,-24.671121599998525
2022-12-28,HENDERSON,00H,SG,245.29109848484848,245.29128787878787,0.9999999999990904,0.3047999999997227,0.41,38,4.1,1397.458536585366,0.41,61.15492,10084.917599999395,-24.669871919998528
2022-12-28,HENDERSON,00H,SG,245.2929924242424,245.2931818181818,0.9999999999990904,0.3047999999997227,0.41,38,4.0,1432.395,0.41,61.15492,10085.222399999395,-24.66862223999853
2022-12-28,HENDERSON,00H,SG,245.32632575757577,245.3265151515151,0.9999999999990904,0.3047999999997227,0.41,38,1.8,3183.1,0.41,61.15492,10085.527199999395,-24.667372559998533
2022-12-28,HENDERSON,00H,SG,245.32215909090908,245.32234848484848,0.9999999999990904,0.3047999999997227,0.41,37,2.1,2728.3714285714286,0.41,59.54558,10085.831999999395,-24.666122879998536
2022-12-28,HENDERSON,00H,SG,245.23844696969695,245.23863636363637,0.9999999999990904,0.3047999999997227,0.41,37,3.2,1790.4937499999999,0.41,59.54558,10086.136799999394,-24.66487319999854
2022-12-28,HENDERSON,00H,SG,245.30321969696973,245.3034090909091,0.9999999999990904,0.3047999999997227,0.41,37,3.4,1685.1705882352942,0.41,59.54558,10086.441599999394,-24.66362351999854
2022-12-28,HENDERSON,00H,SG,245.23693181818183,245.2371212121212,0.9999999999990904,0.3047999999997227,0.41,37,3.1,1848.2516129032258,0.41,59.54558,10086.746399999394,-24.662373839998544
2022-12-28,HENDERSON,00H,SG,245.2433712121212,245.2435606060606,0.9999999999990904,0.3047999999997227,0.41,38,3.4,1685.1705882352942,0.41,61.15492,10087.051199999394,-24.661124159998547
2022-12-28,HENDERSON,00H,SG,245.24640151515152,245.2465909090909,0.9999999999990904,0.3047999999997227,0.41,37,3.7,1548.535135135135,0.41,59.54558,10087.355999999394,-24.65987447999855
2022-12-28,HENDERSON,00H,SG,245.27689393939391,245.27708333333337,0.9999999999990904,0.3047999999997227,0.41,38,4.7,1219.059574468085,0.41,61.15492,10087.660799999394,-24.658624799998552
2022-12-28,HENDERSON,00H,SG,245.3274621212121,245.3276515151515,0.9999999999990904,0.3047999999997227,0.41,37,1.7,3370.3411764705884,0.41,59.54558,10087.965599999394,-24.657375119998555
2022-12-28,HENDERSON,00H,SG,245.2628787878788,245.26306818181817,0.9999999999990904,0.3047999999997227,0.41,38,4.5,1273.24,0.41,61.15492,10088.270399999394,-24.656125439998558
2022-12-28,HENDERSON,00H,SG,245.32556818181817,245.32575757575756,0.9999999999990904,0.3047999999997227,0.41,37,1.9,3015.5684210526315,0.41,59.54558,10088.575199999394,-24.65487575999856
2022-12-28,HENDERSON,00H,SG,245.25776515151512,245.25795454545457,0.9999999999990904,0.3047999999997227,0.41,37,4.2,1364.1857142857143,0.41,59.54558,10088.879999999393,-24.653626079998563
2022-12-28,HENDERSON,00H,SG,245.2382575757576,245.23844696969695,0.9999999999990904,0.3047999999997227,0.41,37,3.1,1848.2516129032258,0.41,59.54558,10089.184799999393,-24.652376399998566
2022-12-28,HENDERSON,00H,SG,245.2753787878788,245.2755681818182,0.9999999999990904,0.3047999999997227,0.41,38,4.7,1219.059574468085,0.41,61.15492,10089.489599999393,-24.65112671999857
2022-12-28,HENDERSON,00H,SG,245.2340909090909,245.2342803030303,0.9999999999990904,0.3047999999997227,0.41,37,2.9,1975.7172413793103,0.41,59.54558,10089.794399999393,-24.64987703999857
2022-12-28,HENDERSON,00H,SG,245.2380681818182,245.2382575757576,0.9999999999990904,0.3047999999997227,0.41,37,3.2,1790.4937499999999,0.41,59.54558,10090.099199999393,-24.648627359998574
2022-12-28,HENDERSON,00H,SG,245.25757575757575,245.25776515151512,0.9999999999990904,0.3047999999997227,0.41,37,4.3,1332.460465116279,0.41,59.54558,10090.403999999393,-24.647377679998577
2022-12-28,HENDERSON,00H,SG,245.32594696969696,245.32613636363635,0.9999999999990904,0.3047999999997227,0.41,37,1.9,3015.5684210526315,0.41,59.54558,10090.708799999393,-24.64612799999858
2022-12-28,HENDERSON,00H,SG,245.33996212121212,245.34015151515152,0.9999999999990904,0.3047999999997227,0.41,37,1.0,5729.58,0.41,59.54558,10091.013599999393,-24.644878319998583
2022-12-28,HENDERSON,00H,SG,245.2435606060606,245.24375,0.9999999999990904,0.3047999999997227,0.41,37,3.4,1685.1705882352942,0.41,59.54558,10091.318399999393,-24.643628639998585
2022-12-28,HENDERSON,00H,SG,245.24261363636364,245.24280303030304,0.9999999999990904,0.3047999999997227,0.41,37,3.5,1637.0228571428572,0.41,59.54558,10091.623199999392,-24.642378959998588
2022-12-28,HENDERSON,00H,SG,245.22878787878787,245.2289772727273,0.9999999999990904,0.3047999999997227,0.41,37,2.6,2203.6846153846154,0.41,59.54558,10091.927999999392,-24.64112927999859
2022-12-28,HENDERSON,00H,SG,245.28219696969697,245.28238636363636,0.9999999999990904,0.3047999999997227,0.41,38,4.5,1273.24,0.41,61.15492,10092.232799999392,-24.639879599998594
2022-12-28,HENDERSON,00H,SG,245.26117424242423,245.26136363636363,0.9999999999990904,0.3047999999997227,0.41,38,4.5,1273.24,0.41,61.15492,10092.537599999392,-24.638629919998596
2022-12-28,HENDERSON,00H,SG,245.32613636363635,245.32632575757577,0.9999999999990904,0.3047999999997227,0.41,37,1.8,3183.1,0.41,59.54558,10092.842399999392,-24.6373802399986
2022-12-28,HENDERSON,00H,SG,245.23674242424244,245.23693181818183,0.9999999999990904,0.3047999999997227,0.41,37,3.0,1909.86,0.41,59.54558,10093.147199999392,-24.636130559998602
2022-12-28,HENDERSON,00H,SG,245.2359848484849,245.23617424242423,0.9999999999990904,0.3047999999997227,0.41,38,3.0,1909.86,0.41,61.15492,10093.451999999392,-24.634880879998605
2022-12-28,HENDERSON,00H,SG,245.23238636363635,245.23257575757577,0.9999999999990904,0.3047999999997227,0.41,37,2.8,2046.2785714285715,0.41,59.54558,10093.756799999392,-24.633631199998607
2022-12-28,HENDERSON,00H,SG,245.2465909090909,245.2467803030303,0.9999999999990904,0.3047999999997227,0.41,37,3.5,1637.0228571428572,0.41,59.54558,10094.061599999392,-24.63238151999861
2022-12-28,HENDERSON,00H,SG,245.31401515151515,245.31420454545457,0.9999999999990904,0.3047999999997227,0.41,38,2.8,2046.2785714285715,0.41,61.15492,10094.366399999391,-24.631131839998613
2022-12-28,HENDERSON,00H,SG,245.23958333333337,245.2397727272727,0.9999999999990904,0.3047999999997227,0.41,38,3.1,1848.2516129032258,0.41,61.15492,10094.671199999391,-24.629882159998616
2022-12-28,HENDERSON,00H,SG,245.2931818181818,245.2933712121212,0.9999999999990904,0.3047999999997227,0.41,38,3.9,1469.123076923077,0.41,61.15492,10094.975999999391,-24.62863247999862
2022-12-28,HENDERSON,00H,SG,245.3227272727273,245.32291666666663,0.9999999999990904,0.3047999999997227,0.41,37,2.1,2728.3714285714286,0.41,59.54558,10095.280799999391,-24.62738279999862
2022-12-28,HENDERSON,00H,SG,245.32348484848484,245.32386363636363,1.999999999998181,0.6095999999994455,0.41,38,1.9,3015.5684210526315,0.41,61.15492,10095.89039999939,-24.626133119998624
2022-12-28,HENDERSON,00H,SG,245.26458333333332,245.2649621212121,1.999999999998181,0.6095999999994455,0.41,38,4.6,1245.5608695652174,0.41,61.15492,10096.49999999939,-24.623633759998626
2022-12-28,HENDERSON,00H,SG,245.2467803030303,245.2471590909091,1.999999999998181,0.6095999999994455,0.41,38,3.5,1637.0228571428572,0.41,61.15492,10097.10959999939,-24.621134399998628
2022-12-28,HENDERSON,00H,SG,245.29128787878787,245.29166666666663,1.999999999998181,0.6095999999994455,0.41,38,4.0,1432.395,0.41,61.15492,10097.71919999939,-24.61863503999863
2022-12-28,HENDERSON,00H,SG,245.2840909090909,245.2844696969697,1.999999999998181,0.6095999999994455,0.41,38,4.3,1332.460465116279,0.41,61.15492,10098.32879999939,-24.61613567999863
2022-12-28,HENDERSON,00H,SG,245.33655303030304,245.33693181818185,1.999999999998181,0.6095999999994455,0.41,37,1.2,4774.650000000001,0.41,59.54558,10098.93839999939,-24.613636319998633
2022-12-28,HENDERSON,00H,SG,245.2397727272727,245.24015151515152,1.999999999998181,0.6095999999994455,0.41,38,3.2,1790.4937499999999,0.41,61.15492,10099.54799999939,-24.611136959998635
2022-12-28,HENDERSON,00H,SG,245.2528409090909,245.2532196969697,1.999999999998181,0.6095999999994455,0.41,37,3.9,1469.123076923077,0.41,59.54558,10100.15759999939,-24.608637599998637
2022-12-28,HENDERSON,00H,SG,245.2969696969697,245.2973484848485,1.999999999998181,0.6095999999994455,0.41,37,3.8,1507.7842105263157,0.41,59.54558,10100.767199999389,-24.60613823999864
2022-12-28,HENDERSON,00H,SG,245.3181818181818,245.3185606060606,1.999999999998181,0.6095999999994455,0.41,38,2.4,2387.3250000000003,0.41,61.15492,10101.376799999389,-24.60363887999864
2022-12-28,HENDERSON,00H,SG,245.30492424242425,245.30530303030304,1.999999999998181,0.6095999999994455,0.41,37,3.3,1736.2363636363636,0.41,59.54558,10101.986399999389,-24.601139519998643
2022-12-28,HENDERSON,00H,SG,245.3382575757576,245.33863636363637,1.999999999998181,0.6095999999994455,0.41,37,1.1,5208.70909090909,0.41,59.54558,10102.595999999388,-24.598640159998645
2022-12-28,HENDERSON,00H,SG,245.25170454545457,245.25208333333333,1.999999999998181,0.6095999999994455,0.41,37,3.9,1469.123076923077,0.41,59.54558,10103.205599999388,-24.596140799998647
2022-12-28,HENDERSON,00H,SG,245.28579545454545,245.28617424242424,1.999999999998181,0.6095999999994455,0.41,38,4.3,1332.460465116279,0.41,61.15492,10103.815199999388,-24.59364143999865
2022-12-28,HENDERSON,00H,SG,245.28238636363636,245.28276515151515,1.999999999998181,0.6095999999994455,0.41,38,4.4,1302.1772727272726,0.41,61.15492,10104.424799999388,-24.59114207999865
2022-12-28,HENDERSON,00H,SG,245.3123106060606,245.3126893939394,1.999999999998181,0.6095999999994455,0.41,38,2.9,1975.7172413793103,0.41,61.15492,10105.034399999387,-24.588642719998653
2022-12-28,HENDERSON,00H,SG,245.23636363636365,245.23674242424244,1.999999999998181,0.6095999999994455,0.41,38,3.0,1909.86,0.41,61.15492,10105.643999999387,-24.586143359998655
2022-12-28,HENDERSON,00H,SG,245.3276515151515,245.3280303030303,1.999999999998181,0.6095999999994455,0.41,37,1.8,3183.1,0.41,59.54558,10106.253599999387,-24.583643999998657
2022-12-28,HENDERSON,00H,SG,245.31496212121212,245.3153409090909,1.999999999998181,0.6095999999994455,0.41,37,2.7,2122.0666666666666,0.41,59.54558,10106.863199999387,-24.58114463999866
2022-12-28,HENDERSON,00H,SG,245.2215909090909,245.2219696969697,1.999999999998181,0.6095999999994455,0.41,37,2.1,2728.3714285714286,0.41,59.54558,10107.472799999387,-24.57864527999866
2022-12-28,HENDERSON,00H,SG,245.2289772727273,245.22935606060605,1.999999999998181,0.6095999999994455,0.41,38,2.5,2291.832,0.41,61.15492,10108.082399999386,-24.576145919998662
2022-12-28,HENDERSON,00H,SG,245.24015151515152,245.2405303030303,1.999999999998181,0.6095999999994455,0.41,37,3.2,1790.4937499999999,0.41,59.54558,10108.691999999386,-24.573646559998664
2022-12-28,HENDERSON,00H,SG,245.24488636363637,245.24526515151516,1.999999999998181,0.6095999999994455,0.41,38,3.4,1685.1705882352942,0.41,61.15492,10109.301599999386,-24.571147199998666
2022-12-28,HENDERSON,00H,SG,245.2804924242424,245.2808712121212,1.999999999998181,0.6095999999994455,0.41,38,4.5,1273.24,0.41,61.15492,10109.911199999386,-24.56864783999867
2022-12-28,HENDERSON,00H,SG,245.33863636363637,245.33901515151516,1.999999999998181,0.6095999999994455,0.41,38,1.1,5208.70909090909,0.41,61.15492,10110.520799999385,-24.56614847999867
2022-12-28,HENDERSON,00H,SG,245.2219696969697,245.22234848484848,1.999999999998181,0.6095999999994455,0.41,38,2.1,2728.3714285714286,0.41,61.15492,10111.130399999385,-24.563649119998672
2022-12-28,HENDERSON,00H,SG,245.33693181818185,245.3373106060606,1.999999999998181,0.6095999999994455,0.41,38,1.2,4774.650000000001,0.41,61.15492,10111.739999999385,-24.561149759998674
2022-12-28,HENDERSON,00H,SG,245.22026515151515,245.2206439393939,1.999999999998181,0.6095999999994455,0.41,38,2.0,2864.79,0.41,61.15492,10112.349599999385,-24.558650399998676
2022-12-28,HENDERSON,00H,SG,245.24280303030304,245.24318181818185,1.999999999998181,0.6095999999994455,0.41,37,3.3,1736.2363636363636,0.41,59.54558,10112.959199999385,-24.556151039998678
2022-12-28,HENDERSON,00H,SG,245.27708333333337,245.27746212121212,1.999999999998181,0.6095999999994455,0.41,37,4.7,1219.059574468085,0.41,59.54558,10113.568799999384,-24.55365167999868
2022-12-28,HENDERSON,00H,SG,245.29886363636365,245.29924242424244,1.999999999998181,0.6095999999994455,0.41,37,3.7,1548.535135135135,0.41,59.54558,10114.178399999384,-24.551152319998682
2022-12-28,HENDERSON,00H,SG,245.32234848484848,245.3227272727273,1.999999999998181,0.6095999999994455,0.41,37,2.0,2864.79,0.41,59.54558,10114.787999999384,-24.548652959998684
2022-12-28,HENDERSON,00H,SG,245.24848484848485,245.24886363636364,1.999999999998181,0.6095999999994455,0.41,38,3.6,1591.55,0.41,61.15492,10115.397599999384,-24.546153599998686
2022-12-28,HENDERSON,00H,SG,245.26988636363637,245.27026515151516,1.999999999998181,0.6095999999994455,0.41,38,4.7,1219.059574468085,0.41,61.15492,10116.007199999383,-24.543654239998688
2022-12-28,HENDERSON,00H,SG,245.33617424242425,245.33655303030304,1.999999999998181,0.6095999999994455,0.41,38,1.2,4774.650000000001,0.41,61.15492,10116.616799999383,-24.54115487999869
2022-12-28,HENDERSON,00H,SG,245.22935606060605,245.22973484848484,1.999999999998181,0.6095999999994455,0.41,38,2.6,2203.6846153846154,0.41,61.15492,10117.226399999383,-24.53865551999869
2022-12-28,HENDERSON,00H,SG,245.2276515151515,245.22803030303027,1.999999999998181,0.6095999999994455,0.41,38,2.5,2291.832,0.41,61.15492,10117.835999999383,-24.536156159998693
2022-12-28,HENDERSON,00H,SG,245.2507575757576,245.25113636363636,1.999999999998181,0.6095999999994455,0.41,37,3.8,1507.7842105263157,0.41,59.54558,10118.445599999382,-24.533656799998695
2022-12-28,HENDERSON,00H,SG,245.26306818181817,245.26344696969696,1.999999999998181,0.6095999999994455,0.41,37,4.5,1273.24,0.41,59.54558,10119.055199999382,-24.531157439998697
2022-12-28,HENDERSON,00H,SG,245.25132575757576,245.25170454545457,1.999999999998181,0.6095999999994455,0.41,37,3.8,1507.7842105263157,0.41,59.54558,10119.664799999382,-24.5286580799987
2022-12-28,HENDERSON,00H,SG,245.28901515151512,245.28939393939393,1.999999999998181,0.6095999999994455,0.41,37,4.1,1397.458536585366,0.41,59.54558,10120.274399999382,-24.5261587199987
2022-12-28,HENDERSON,00H,SG,245.3066287878788,245.3070075757576,1.999999999998181,0.6095999999994455,0.41,37,3.2,1790.4937499999999,0.41,59.54558,10120.883999999382,-24.523659359998703
2022-12-28,HENDERSON,00H,SG,245.2664772727273,245.26685606060607,1.999999999998181,0.6095999999994455,0.41,38,4.6,1245.5608695652174,0.41,61.15492,10121.493599999381,-24.521159999998705
2022-12-28,HENDERSON,00H,SG,245.2342803030303,245.2346590909091,2.0000000001482476,0.6096000000451858,0.41,38,2.9,1975.7172413793103,0.41,61.15492,10122.103199999427,-24.518660639998707
2022-12-28,HENDERSON,00H,SG,245.29829545454547,245.29886363636365,2.9999999999972715,0.9143999999991684,0.41,38,3.7,1548.535135135135,0.41,61.15492,10123.017599999426,-24.51616127999852
2022-12-28,HENDERSON,00H,SG,245.32291666666663,245.32348484848484,2.9999999999972715,0.9143999999991684,0.41,38,2.0,2864.79,0.41,61.15492,10123.931999999426,-24.512412239998525
2022-12-28,HENDERSON,00H,SG,245.3005681818182,245.30113636363637,2.9999999999972715,0.9143999999991684,0.41,37,3.6,1591.55,0.41,59.54558,10124.846399999426,-24.50866319999853
2022-12-28,HENDERSON,00H,SG,245.2964015151515,245.29696969696968,2.9999999999972715,0.9143999999991684,0.41,38,3.8,1507.7842105263157,0.41,61.15492,10125.760799999425,-24.504914159998535
2022-12-28,HENDERSON,00H,SG,245.2501893939394,245.2507575757576,2.9999999999972715,0.9143999999991684,0.41,38,3.8,1507.7842105263157,0.41,61.15492,10126.675199999425,-24.50116511999854
2022-12-28,HENDERSON,00H,SG,245.2558712121212,245.2564393939394,2.9999999999972715,0.9143999999991684,0.41,37,4.1,1397.458536585366,0.41,59.54558,10127.589599999425,-24.497416079998544
2022-12-28,HENDERSON,00H,SG,245.33295454545456,245.3335227272727,2.9999999999972715,0.9143999999991684,0.41,37,1.4,4092.557142857143,0.41,59.54558,10128.503999999424,-24.49366703999855
2022-12-28,HENDERSON,00H,SG,245.2869318181818,245.2875,2.9999999999972715,0.9143999999991684,0.41,37,4.2,1364.1857142857143,0.41,59.54558,10129.418399999424,-24.489917999998553
2022-12-28,HENDERSON,00H,SG,245.30113636363637,245.30170454545456,2.9999999999972715,0.9143999999991684,0.41,37,3.5,1637.0228571428572,0.41,59.54558,10130.332799999424,-24.486168959998558
2022-12-28,HENDERSON,00H,SG,245.3346590909091,245.33522727272728,2.9999999999972715,0.9143999999991684,0.41,37,1.3,4407.369230769231,0.41,59.54558,10131.247199999423,-24.482419919998563
2022-12-28,HENDERSON,00H,SG,245.22310606060609,245.22367424242424,2.9999999999972715,0.9143999999991684,0.41,37,2.2,2604.354545454545,0.41,59.54558,10132.161599999423,-24.478670879998568
2022-12-28,HENDERSON,00H,SG,245.2590909090909,245.25965909090908,2.9999999999972715,0.9143999999991684,0.41,38,4.3,1332.460465116279,0.41,61.15492,10133.075999999422,-24.474921839998572
2022-12-28,HENDERSON,00H,SG,245.29924242424244,245.29981060606065,2.9999999999972715,0.9143999999991684,0.41,37,3.6,1591.55,0.41,59.54558,10133.990399999422,-24.471172799998577
2022-12-28,HENDERSON,00H,SG,245.27348484848488,245.27405303030304,2.9999999999972715,0.9143999999991684,0.41,38,4.7,1219.059574468085,0.41,61.15492,10134.904799999422,-24.46742375999858
2022-12-28,HENDERSON,00H,SG,245.3244318181818,245.325,2.9999999999972715,0.9143999999991684,0.41,38,1.9,3015.5684210526315,0.41,61.15492,10135.819199999421,-24.463674719998586
2022-12-28,HENDERSON,00H,SG,245.22367424242424,245.2242424242424,2.9999999999972715,0.9143999999991684,0.41,38,2.2,2604.354545454545,0.41,61.15492,10136.733599999421,-24.45992567999859
2022-12-28,HENDERSON,00H,SG,245.3060606060606,245.3066287878788,2.9999999999972715,0.9143999999991684,0.41,37,3.3,1736.2363636363636,0.41,59.54558,10137.64799999942,-24.456176639998596
2022-12-28,HENDERSON,00H,SG,245.22708333333333,245.2276515151515,2.9999999999972715,0.9143999999991684,0.41,38,2.4,2387.3250000000003,0.41,61.15492,10138.56239999942,-24.4524275999986
2022-12-28,HENDERSON,00H,SG,245.3126893939394,245.3132575757576,2.9999999999972715,0.9143999999991684,0.41,38,2.8,2046.2785714285715,0.41,61.15492,10139.47679999942,-24.448678559998605
2022-12-28,HENDERSON,00H,SG,245.32045454545457,245.32102272727272,2.9999999999972715,0.9143999999991684,0.41,37,2.3,2491.121739130435,0.41,59.54558,10140.39119999942,-24.44492951999861
2022-12-28,HENDERSON,00H,SG,245.27159090909092,245.2721590909091,2.9999999999972715,0.9143999999991684,0.41,38,4.7,1219.059574468085,0.41,61.15492,10141.30559999942,-24.441180479998614
2022-12-28,HENDERSON,00H,SG,245.2875,245.28806818181815,2.9999999999972715,0.9143999999991684,0.41,38,4.2,1364.1857142857143,0.41,61.15492,10142.219999999419,-24.43743143999862
2022-12-28,HENDERSON,00H,SG,245.3035984848485,245.30416666666667,2.9999999999972715,0.9143999999991684,0.41,38,3.4,1685.1705882352942,0.41,61.15492,10143.134399999419,-24.433682399998624
2022-12-28,HENDERSON,00H,SG,245.3153409090909,245.3159090909091,2.9999999999972715,0.9143999999991684,0.41,37,2.6,2203.6846153846154,0.41,59.54558,10144.048799999418,-24.42993335999863
2022-12-28,HENDERSON,00H,SG,245.325,245.32556818181817,2.9999999999972715,0.9143999999991684,0.41,38,1.8,3183.1,0.41,61.15492,10144.963199999418,-24.426184319998633
2022-12-28,HENDERSON,00H,SG,245.24071969696973,245.2412878787879,2.9999999999972715,0.9143999999991684,0.41,37,3.2,1790.4937499999999,0.41,59.54558,10145.877599999418,-24.422435279998638
2022-12-28,HENDERSON,00H,SG,245.33106060606065,245.3316287878788,2.9999999999972715,0.9143999999991684,0.41,37,1.6,3580.9874999999997,0.41,59.54558,10146.791999999417,-24.418686239998642
2022-12-28,HENDERSON,00H,SG,245.32386363636363,245.3244318181818,2.9999999999972715,0.9143999999991684,0.41,37,1.9,3015.5684210526315,0.41,59.54558,10147.706399999417,-24.414937199998647
2022-12-28,HENDERSON,00H,SG,245.25378787878788,245.25435606060609,2.9999999999972715,0.9143999999991684,0.41,38,4.0,1432.395,0.41,61.15492,10148.620799999417,-24.41118815999865
2022-12-28,HENDERSON,00H,SG,245.2308712121212,245.23143939393935,2.9999999999972715,0.9143999999991684,0.41,38,2.7,2122.0666666666666,0.41,61.15492,10149.535199999416,-24.407439119998656
2022-12-28,HENDERSON,00H,SG,245.25435606060609,245.25492424242424,2.9999999999972715,0.9143999999991684,0.41,37,4.0,1432.395,0.41,59.54558,10150.449599999416,-24.40369007999866
2022-12-28,HENDERSON,00H,SG,245.25511363636363,245.2556818181818,2.9999999999972715,0.9143999999991684,0.41,37,4.1,1397.458536585366,0.41,59.54558,10151.363999999416,-24.399941039998666
2022-12-28,HENDERSON,00H,SG,245.29469696969696,245.2952651515151,2.9999999999972715,0.9143999999991684,0.41,38,3.9,1469.123076923077,0.41,61.15492,10152.278399999415,-24.39619199999867
2022-12-28,HENDERSON,00H,SG,245.31761363636363,245.3181818181818,2.9999999999972715,0.9143999999991684,0.41,38,2.5,2291.832,0.41,61.15492,10153.192799999415,-24.392442959998675
2022-12-28,HENDERSON,00H,SG,245.30416666666667,245.30492424242425,3.999999999996362,1.2191999999988912,0.41,37,3.4,1685.1705882352942,0.41,59.54558,10154.411999999415,-24.38869391999868
2022-12-28,HENDERSON,00H,SG,245.31420454545457,245.31496212121212,3.999999999996362,1.2191999999988912,0.41,38,2.7,2122.0666666666666,0.41,61.15492,10155.631199999414,-24.383695199998684
2022-12-28,HENDERSON,00H,SG,245.2253787878788,245.22613636363636,3.999999999996362,1.2191999999988912,0.41,38,2.3,2491.121739130435,0.41,61.15492,10156.850399999414,-24.378696479998688
2022-12-28,HENDERSON,00H,SG,245.30530303030304,245.3060606060606,3.999999999996362,1.2191999999988912,0.41,38,3.3,1736.2363636363636,0.41,61.15492,10158.069599999413,-24.37369775999869
2022-12-28,HENDERSON,00H,SG,245.24185606060607,245.24261363636364,3.999999999996362,1.2191999999988912,0.41,37,3.3,1736.2363636363636,0.41,59.54558,10159.288799999413,-24.368699039998695
2022-12-28,HENDERSON,00H,SG,245.27973484848485,245.2804924242424,3.999999999996362,1.2191999999988912,0.41,37,4.5,1273.24,0.41,59.54558,10160.507999999412,-24.3637003199987
2022-12-28,HENDERSON,00H,SG,245.3132575757576,245.31401515151515,3.999999999996362,1.2191999999988912,0.41,37,2.8,2046.2785714285715,0.41,59.54558,10161.727199999412,-24.358701599998703
2022-12-28,HENDERSON,00H,SG,245.30170454545456,245.30246212121213,3.999999999996362,1.2191999999988912,0.41,38,3.5,1637.0228571428572,0.41,61.15492,10162.946399999411,-24.353702879998707
2022-12-28,HENDERSON,00H,SG,245.30795454545455,245.30871212121212,3.999999999996362,1.2191999999988912,0.41,37,3.1,1848.2516129032258,0.41,59.54558,10164.165599999411,-24.34870415999871
2022-12-28,HENDERSON,00H,SG,245.27897727272727,245.27973484848485,3.999999999996362,1.2191999999988912,0.41,37,4.6,1245.5608695652174,0.41,59.54558,10165.38479999941,-24.343705439998715
2022-12-28,HENDERSON,00H,SG,245.22803030303027,245.22878787878787,3.999999999996362,1.2191999999988912,0.41,37,2.5,2291.832,0.41,59.54558,10166.60399999941,-24.33870671999872
2022-12-28,HENDERSON,00H,SG,245.32916666666668,245.32992424242423,3.999999999996362,1.2191999999988912,0.41,37,1.7,3370.3411764705884,0.41,59.54558,10167.82319999941,-24.333707999998722
2022-12-28,HENDERSON,00H,SG,245.30246212121213,245.30321969696973,3.999999999996362,1.2191999999988912,0.41,37,3.5,1637.0228571428572,0.41,59.54558,10169.04239999941,-24.328709279998726
2022-12-28,HENDERSON,00H,SG,245.31685606060609,245.31761363636363,3.999999999996362,1.2191999999988912,0.41,37,2.5,2291.832,0.41,59.54558,10170.261599999409,-24.32371055999873
2022-12-28,HENDERSON,00H,SG,245.2316287878788,245.23238636363635,3.999999999996362,1.2191999999988912,0.41,37,2.7,2122.0666666666666,0.41,59.54558,10171.480799999408,-24.318711839998734
2022-12-28,HENDERSON,00H,SG,245.23257575757577,245.23333333333332,3.999999999996362,1.2191999999988912,0.41,38,2.8,2046.2785714285715,0.41,61.15492,10172.699999999408,-24.313713119998738
2022-12-28,HENDERSON,00H,SG,245.3106060606061,245.31136363636364,3.999999999996362,1.2191999999988912,0.41,38,3.0,1909.86,0.41,61.15492,10173.919199999407,-24.308714399998742
2022-12-28,HENDERSON,00H,SG,245.29981060606065,245.3005681818182,3.999999999996362,1.2191999999988912,0.41,38,3.6,1591.55,0.41,61.15492,10175.138399999407,-24.303715679998746
2022-12-28,HENDERSON,00H,SG,245.22234848484848,245.22310606060609,3.999999999996362,1.2191999999988912,0.41,37,2.1,2728.3714285714286,0.41,59.54558,10176.357599999406,-24.29871695999875
2022-12-28,HENDERSON,00H,SG,245.3159090909091,245.31666666666663,3.999999999996362,1.2191999999988912,0.41,38,2.6,2203.6846153846154,0.41,61.15492,10177.576799999406,-24.293718239998753
2022-12-28,HENDERSON,00H,SG,245.23333333333332,245.2340909090909,3.999999999996362,1.2191999999988912,0.41,37,2.8,2046.2785714285715,0.41,59.54558,10178.795999999405,-24.288719519998757
2022-12-28,HENDERSON,00H,SG,245.28617424242424,245.2869318181818,3.999999999996362,1.2191999999988912,0.41,37,4.3,1332.460465116279,0.41,59.54558,10180.015199999405,-24.28372079999876
2022-12-28,HENDERSON,00H,SG,245.30871212121212,245.3096590909091,4.9999999999954525,1.523999999998614,0.41,38,3.1,1848.2516129032258,0.41,61.15492,10181.539199999404,-24.278722079998765
2022-12-28,HENDERSON,00H,SG,245.2973484848485,245.29829545454547,4.9999999999954525,1.523999999998614,0.41,37,3.7,1548.535135135135,0.41,59.54558,10183.063199999404,-24.27247367999877
2022-12-28,HENDERSON,00H,SG,245.28806818181815,245.28901515151512,4.9999999999954525,1.523999999998614,0.41,37,4.2,1364.1857142857143,0.41,59.54558,10184.587199999403,-24.26622527999878
2022-12-28,HENDERSON,00H,SG,245.3373106060606,245.3382575757576,4.9999999999954525,1.523999999998614,0.41,38,1.1,5208.70909090909,0.41,61.15492,10186.111199999403,-24.259976879998785
2022-12-28,HENDERSON,00H,SG,245.2244318181818,245.2253787878788,4.9999999999954525,1.523999999998614,0.41,37,2.3,2491.121739130435,0.41,59.54558,10187.635199999402,-24.25372847999879
2022-12-28,HENDERSON,00H,SG,245.3212121212121,245.32215909090908,4.9999999999954525,1.523999999998614,0.41,38,2.2,2604.354545454545,0.41,61.15492,10189.159199999402,-24.247480079998798
2022-12-28,HENDERSON,00H,SG,245.33522727272728,245.33617424242425,4.9999999999954525,1.523999999998614,0.41,38,1.3,4407.369230769231,0.41,61.15492,10190.683199999401,-24.241231679998805
2022-12-28,HENDERSON,00H,SG,245.3070075757576,245.30795454545455,4.9999999999954525,1.523999999998614,0.41,38,3.2,1790.4937499999999,0.41,61.15492,10192.2071999994,-24.23498327999881
2022-12-28,HENDERSON,00H,SG,245.22613636363636,245.22708333333333,4.9999999999954525,1.523999999998614,0.41,37,2.4,2387.3250000000003,0.41,59.54558,10193.7311999994,-24.228734879998818
2022-12-28,HENDERSON,00H,SG,245.3265151515151,245.3274621212121,4.9999999999954525,1.523999999998614,0.41,38,1.7,3370.3411764705884,0.41,61.15492,10195.2551999994,-24.222486479998825
2022-12-28,HENDERSON,00H,SG,245.3096590909091,245.3106060606061,4.9999999999954525,1.523999999998614,0.41,37,3.0,1909.86,0.41,59.54558,10196.779199999399,-24.21623807999883
2022-12-28,HENDERSON,00H,SG,245.2371212121212,245.2380681818182,4.9999999999954525,1.523999999998614,0.41,37,3.0,1909.86,0.41,59.54558,10198.303199999398,-24.209989679998838
2022-12-28,HENDERSON,00H,SG,245.31136363636364,245.3123106060606,4.9999999999954525,1.523999999998614,0.41,37,2.9,1975.7172413793103,0.41,59.54558,10199.827199999398,-24.203741279998845
2022-12-28,HENDERSON,00H,SG,245.23863636363637,245.23958333333337,4.9999999999954525,1.523999999998614,0.41,37,3.1,1848.2516129032258,0.41,59.54558,10201.351199999397,-24.19749287999885
2022-12-28,HENDERSON,00H,SG,245.2439393939394,245.24488636363637,4.9999999999954525,1.523999999998614,0.41,37,3.4,1685.1705882352942,0.41,59.54558,10202.875199999397,-24.191244479998858
2022-12-28,HENDERSON,00H,SG,245.31950757575757,245.32045454545457,4.9999999999954525,1.523999999998614,0.41,38,2.3,2491.121739130435,0.41,61.15492,10204.399199999396,-24.184996079998864
2022-12-28,HENDERSON,00H,SG,245.2206439393939,245.2215909090909,4.9999999999954525,1.523999999998614,0.41,37,2.0,2864.79,0.41,59.54558,10205.923199999395,-24.17874767999887
2022-12-28,HENDERSON,00H,SG,245.3185606060606,245.31950757575757,4.9999999999954525,1.523999999998614,0.41,37,2.4,2387.3250000000003,0.41,59.54558,10207.447199999395,-24.172499279998878
2022-12-28,HENDERSON,00H,SG,245.33901515151516,245.33996212121212,4.9999999999954525,1.523999999998614,0.41,38,1.0,5729.58,0.41,61.15492,10208.971199999394,-24.166250879998884
2022-12-28,HENDERSON,00H,SG,245.2473484848485,245.24848484848485,5.999999999994543,1.8287999999983369,0.41,37,3.6,1591.55,0.41,59.54558,10210.799999999392,-24.16000247999889
2022-12-28,HENDERSON,00H,SG,245.2952651515151,245.2964015151515,5.999999999994543,1.8287999999983369,0.41,37,3.8,1507.7842105263157,0.41,59.54558,10212.62879999939,-24.152504399998897
2022-12-28,HENDERSON,00H,SG,245.22973484848484,245.2308712121212,5.999999999994543,1.8287999999983369,0.41,37,2.6,2203.6846153846154,0.41,59.54558,10214.457599999387,-24.145006319998902
2022-12-28,HENDERSON,00H,SG,245.24526515151516,245.24640151515152,5.999999999994543,1.8287999999983369,0.41,37,3.5,1637.0228571428572,0.41,59.54558,10216.286399999384,-24.13750823999891
2022-12-28,HENDERSON,00H,SG,245.3335227272727,245.3346590909091,5.999999999994543,1.8287999999983369,0.41,38,1.4,4092.557142857143,0.41,61.15492,10218.115199999382,-24.130010159998914
2022-12-28,HENDERSON,00H,SG,245.24905303030303,245.2501893939394,5.999999999994543,1.8287999999983369,0.41,37,3.7,1548.535135135135,0.41,59.54558,10219.94399999938,-24.12251207999892
2022-12-28,HENDERSON,00H,SG,245.25795454545457,245.2590909090909,5.999999999994543,1.8287999999983369,0.41,37,4.3,1332.460465116279,0.41,59.54558,10221.772799999377,-24.115013999998926
2022-12-28,HENDERSON,00H,SG,245.2935606060606,245.29469696969696,5.999999999994543,1.8287999999983369,0.41,37,3.9,1469.123076923077,0.41,59.54558,10223.601599999374,-24.10751591999893
2022-12-28,HENDERSON,00H,SG,245.32992424242423,245.33106060606065,5.999999999994543,1.8287999999983369,0.41,38,1.6,3580.9874999999997,0.41,61.15492,10225.430399999372,-24.100017839998937
2022-12-28,HENDERSON,00H,SG,245.2564393939394,245.25757575757575,5.999999999994543,1.8287999999983369,0.41,37,4.2,1364.1857142857143,0.41,59.54558,10227.25919999937,-24.092519759998943
2022-12-28,HENDERSON,00H,SG,245.26344696969696,245.26458333333332,5.999999999994543,1.8287999999983369,0.41,37,4.6,1245.5608695652174,0.41,59.54558,10229.087999999367,-24.08502167999895
2022-12-28,HENDERSON,00H,SG,245.2348484848485,245.2359848484849,5.999999999994543,1.8287999999983369,0.41,37,2.9,1975.7172413793103,0.41,59.54558,10230.916799999364,-24.077523599998955
2022-12-28,HENDERSON,00H,SG,245.3316287878788,245.33276515151516,5.999999999994543,1.8287999999983369,0.41,38,1.5,3819.72,0.41,61.15492,10232.745599999362,-24.07002551999896
2022-12-28,HENDERSON,00H,SG,245.3280303030303,245.32916666666668,6.00000000014461,1.8288000000440772,0.41,38,1.7,3370.3411764705884,0.41,61.15492,10234.574399999407,-24.062527439998966
2022-12-28,HENDERSON,00H,SG,245.27026515151516,245.27159090909092,6.9999999999936335,2.1335999999980597,0.41,37,4.7,1219.059574468085,0.41,59.54558,10236.707999999404,-24.055029359998784
2022-12-28,HENDERSON,00H,SG,245.25965909090908,245.26098484848484,6.9999999999936335,2.1335999999980597,0.41,37,4.4,1302.1772727272726,0.41,59.54558,10238.841599999401,-24.046281599998792
2022-12-28,HENDERSON,00H,SG,245.28276515151515,245.2840909090909,6.9999999999936335,2.1335999999980597,0.41,37,4.4,1302.1772727272726,0.41,59.54558,10240.975199999399,-24.0375338399988
2022-12-28,HENDERSON,00H,SG,245.2721590909091,245.27348484848488,6.9999999999936335,2.1335999999980597,0.41,37,4.7,1219.059574468085,0.41,59.54558,10243.108799999396,-24.02878607999881
2022-12-28,HENDERSON,00H,SG,245.2844696969697,245.28579545454545,6.9999999999936335,2.1335999999980597,0.41,37,4.3,1332.460465116279,0.41,59.54558,10245.242399999393,-24.020038319998818
2022-12-28,HENDERSON,00H,SG,245.2808712121212,245.28219696969697,6.9999999999936335,2.1335999999980597,0.41,37,4.5,1273.24,0.41,59.54558,10247.37599999939,-24.011290559998827
2022-12-28,HENDERSON,00H,SG,245.2755681818182,245.27689393939391,6.9999999999936335,2.1335999999980597,0.41,37,4.7,1219.059574468085,0.41,59.54558,10249.509599999388,-24.002542799998835
2022-12-28,HENDERSON,00H,SG,245.29166666666663,245.2929924242424,6.9999999999936335,2.1335999999980597,0.41,37,4.0,1432.395,0.41,59.54558,10251.643199999386,-23.993795039998844
2022-12-28,HENDERSON,00H,SG,245.27405303030304,245.2753787878788,6.9999999999936335,2.1335999999980597,0.41,37,4.7,1219.059574468085,0.41,59.54558,10253.776799999383,-23.985047279998852
2022-12-28,HENDERSON,00H,SG,245.27746212121212,245.27878787878788,6.9999999999936335,2.1335999999980597,0.41,37,4.6,1245.5608695652174,0.41,59.54558,10255.91039999938,-23.97629951999886
2022-12-28,HENDERSON,00H,SG,245.26136363636363,245.2628787878788,7.999999999992724,2.4383999999977823,0.41,37,4.5,1273.24,0.41,59.54558,10258.348799999378,-23.96755175999887
2022-12-28,HENDERSON,00H,SG,245.28958333333333,245.29109848484848,7.999999999992724,2.4383999999977823,0.41,37,4.1,1397.458536585366,0.41,59.54558,10260.787199999375,-23.957554319998877
2022-12-28,HENDERSON,00H,SG,245.2649621212121,245.2664772727273,8.00000000014279,2.438400000043522,0.41,37,4.6,1245.5608695652174,0.41,59.54558,10263.225599999418,-23.947556879998885
2022-12-28,HENDERSON,00H,SG,245.26685606060607,245.26988636363637,15.999999999985448,4.876799999995565,0.41,37,4.7,1219.059574468085,0.41,59.54558,10268.102399999414,-23.937559439998708
2022-12-28,HENDERSON,00H,SG,245.90378787878788,245.90397727272727,0.9999999999990904,0.3047999999997227,0.42,37,-1.9,3015.5684210526315,0.42,59.54558,10268.407199999414,-23.917564559998727
2022-12-28,HENDERSON,00H,SG,246.0089015151515,246.0090909090909,0.9999999999990904,0.3047999999997227,0.42,37,-0.4,14323.949999999999,0.42,59.54558,10268.711999999414,-23.916284399998727
2022-12-28,HENDERSON,00H,SG,245.89488636363637,245.89507575757577,0.9999999999990904,0.3047999999997227,0.42,37,-1.5,3819.72,0.42,59.54558,10269.016799999414,-23.915004239998726
2022-12-28,HENDERSON,00H,SG,245.9850378787879,245.9852272727273,0.9999999999990904,0.3047999999997227,0.42,37,-1.1,5208.70909090909,0.42,59.54558,10269.321599999414,-23.913724079998726
2022-12-28,HENDERSON,00H,SG,245.96477272727273,245.96496212121212,0.9999999999990904,0.3047999999997227,0.42,37,-1.7,3370.3411764705884,0.42,59.54558,10269.626399999413,-23.912443919998726
2022-12-28,HENDERSON,00H,SG,245.87973484848484,245.87992424242424,0.9999999999990904,0.3047999999997227,0.42,37,-1.1,5208.70909090909,0.42,59.54558,10269.931199999413,-23.911163759998725
2022-12-28,HENDERSON,00H,SG,245.89469696969695,245.89488636363637,0.9999999999990904,0.3047999999997227,0.42,37,-1.6,3580.9874999999997,0.42,59.54558,10270.235999999413,-23.909883599998725
2022-12-28,HENDERSON,00H,SG,245.8806818181818,245.8808712121212,0.9999999999990904,0.3047999999997227,0.42,37,-1.1,5208.70909090909,0.42,59.54558,10270.540799999413,-23.908603439998725
2022-12-28,HENDERSON,00H,SG,245.9806818181818,245.9808712121212,0.9999999999990904,0.3047999999997227,0.42,37,-1.2,4774.650000000001,0.42,59.54558,10270.845599999413,-23.907323279998725
2022-12-28,HENDERSON,00H,SG,245.97102272727273,245.97121212121212,0.9999999999990904,0.3047999999997227,0.42,37,-1.5,3819.72,0.42,59.54558,10271.150399999413,-23.906043119998724
2022-12-28,HENDERSON,00H,SG,245.8839015151515,245.8840909090909,0.9999999999990904,0.3047999999997227,0.42,37,-1.2,4774.650000000001,0.42,59.54558,10271.455199999413,-23.904762959998724
2022-12-28,HENDERSON,00H,SG,245.9469696969697,245.94715909090908,0.9999999999990904,0.3047999999997227,0.42,37,-2.1,2728.3714285714286,0.42,59.54558,10271.759999999413,-23.903482799998724
2022-12-28,HENDERSON,00H,SG,245.88844696969696,245.88863636363635,0.9999999999990904,0.3047999999997227,0.42,37,-1.4,4092.557142857143,0.42,59.54558,10272.064799999413,-23.902202639998723
2022-12-28,HENDERSON,00H,SG,245.89810606060607,245.89829545454543,0.9999999999990904,0.3047999999997227,0.42,37,-1.6,3580.9874999999997,0.42,59.54558,10272.369599999412,-23.900922479998723
2022-12-28,HENDERSON,00H,SG,245.9810606060606,245.98125,0.9999999999990904,0.3047999999997227,0.42,37,-1.2,4774.650000000001,0.42,59.54558,10272.674399999412,-23.899642319998723
2022-12-28,HENDERSON,00H,SG,245.9808712121212,245.9810606060606,0.9999999999990904,0.3047999999997227,0.42,37,-1.1,5208.70909090909,0.42,59.54558,10272.979199999412,-23.898362159998722
2022-12-28,HENDERSON,00H,SG,245.89791666666667,245.89810606060607,0.9999999999990904,0.3047999999997227,0.42,37,-1.7,3370.3411764705884,0.42,59.54558,10273.283999999412,-23.897081999998722
2022-12-28,HENDERSON,00H,SG,245.9001893939394,245.9003787878788,0.9999999999990904,0.3047999999997227,0.42,37,-1.8,3183.1,0.42,59.54558,10273.588799999412,-23.89580183999872
2022-12-28,HENDERSON,00H,SG,245.90397727272727,245.90416666666667,0.9999999999990904,0.3047999999997227,0.42,37,-1.8,3183.1,0.42,59.54558,10273.893599999412,-23.89452167999872
2022-12-28,HENDERSON,00H,SG,245.87007575757576,245.87045454545455,1.999999999998181,0.6095999999994455,0.42,37,-0.6,9549.300000000001,0.42,59.54558,10274.503199999412,-23.89324151999872
2022-12-28,HENDERSON,00H,SG,245.8840909090909,245.8844696969697,1.999999999998181,0.6095999999994455,0.42,37,-1.1,5208.70909090909,0.42,59.54558,10275.112799999411,-23.890681199998724
2022-12-28,HENDERSON,00H,SG,246.0060606060606,246.0064393939394,1.999999999998181,0.6095999999994455,0.42,37,-0.5,11459.16,0.42,59.54558,10275.722399999411,-23.888120879998727
2022-12-28,HENDERSON,00H,SG,246.00852272727272,246.0089015151515,1.999999999998181,0.6095999999994455,0.42,37,-0.3,19098.600000000002,0.42,59.54558,10276.331999999411,-23.88556055999873
2022-12-28,HENDERSON,00H,SG,245.98030303030305,245.9806818181818,1.999999999998181,0.6095999999994455,0.42,37,-1.1,5208.70909090909,0.42,59.54558,10276.94159999941,-23.883000239998733
2022-12-28,HENDERSON,00H,SG,245.8808712121212,245.8814393939394,2.9999999999972715,0.9143999999991684,0.42,37,-1.0,5729.58,0.42,59.54558,10277.85599999941,-23.880439919998736
2022-12-28,HENDERSON,00H,SG,245.9003787878788,245.90094696969695,2.9999999999972715,0.9143999999991684,0.42,37,-1.7,3370.3411764705884,0.42,59.54558,10278.77039999941,-23.87659943999874
2022-12-28,HENDERSON,00H,SG,245.97045454545457,245.97102272727273,2.9999999999972715,0.9143999999991684,0.42,37,-1.4,4092.557142857143,0.42,59.54558,10279.68479999941,-23.87275895999874
2022-12-28,HENDERSON,00H,SG,246.0054924242424,246.0060606060606,2.9999999999972715,0.9143999999991684,0.42,37,-0.4,14323.949999999999,0.42,59.54558,10280.59919999941,-23.868918479998744
2022-12-28,HENDERSON,00H,SG,245.88863636363635,245.88939393939393,3.999999999996362,1.2191999999988912,0.42,37,-1.3,4407.369230769231,0.42,59.54558,10281.818399999409,-23.865077999998746
2022-12-28,HENDERSON,00H,SG,245.87897727272727,245.87973484848484,3.999999999996362,1.2191999999988912,0.42,37,-1.0,5729.58,0.42,59.54558,10283.037599999408,-23.859957359998752
2022-12-28,HENDERSON,00H,SG,245.87992424242424,245.8806818181818,3.999999999996362,1.2191999999988912,0.42,37,-1.0,5729.58,0.42,59.54558,10284.256799999408,-23.854836719998758
2022-12-28,HENDERSON,00H,SG,245.96382575757576,245.96477272727273,4.9999999999954525,1.523999999998614,0.42,37,-1.6,3580.9874999999997,0.42,59.54558,10285.780799999407,-23.849716079998764
2022-12-28,HENDERSON,00H,SG,245.9840909090909,245.9850378787879,5.000000000145519,1.5240000000443543,0.42,37,-1.0,5729.58,0.42,59.54558,10287.304799999452,-23.84331527999877
2022-12-28,HENDERSON,00H,SG,245.94564393939393,245.9469696969697,6.9999999999936335,2.1335999999980597,0.42,37,-2.0,2864.79,0.42,59.54558,10289.43839999945,-23.836914479998583
2022-12-28,HENDERSON,00H,SG,245.8867424242424,245.88844696969696,8.999999999991815,2.743199999997505,0.42,37,-1.3,4407.369230769231,0.42,59.54558,10292.181599999447,-23.82795335999859
2022-12-28,HENDERSON,00H,SG,245.89829545454543,245.9001893939394,9.999999999990903,3.047999999997228,0.42,37,-1.7,3370.3411764705884,0.42,59.54558,10295.229599999444,-23.816431919998603
2022-12-28,HENDERSON,00H,SG,246.0064393939394,246.00852272727272,10.999999999989996,3.3527999999969507,0.42,37,-0.4,14323.949999999999,0.42,59.54558,10298.58239999944,-23.803630319998614
2022-12-28,HENDERSON,00H,SG,245.8844696969697,245.8867424242424,11.999999999989086,3.6575999999966737,0.42,37,-1.2,4774.650000000001,0.42,59.54558,10302.239999999438,-23.78954855999863
2022-12-28,HENDERSON,00H,SG,245.89242424242423,245.89469696969695,11.999999999989086,3.6575999999966737,0.42,37,-1.5,3819.72,0.42,59.54558,10305.897599999435,-23.774186639998643
2022-12-28,HENDERSON,00H,SG,245.9852272727273,245.9875,11.999999999989086,3.6575999999966737,0.42,37,-1.0,5729.58,0.42,59.54558,10309.555199999431,-23.758824719998657
2022-12-28,HENDERSON,00H,SG,245.8814393939394,245.8839015151515,12.999999999988177,3.962399999996397,0.42,37,-1.1,5208.70909090909,0.42,59.54558,10313.517599999428,-23.74346279999867
2022-12-28,HENDERSON,00H,SG,245.96496212121212,245.96761363636364,13.999999999987269,4.267199999996119,0.42,37,-1.6,3580.9874999999997,0.42,59.54558,10317.784799999425,-23.726820719998685
2022-12-28,HENDERSON,00H,SG,245.87613636363636,245.87897727272727,14.999999999986358,4.571999999995842,0.42,37,-0.9,6366.2,0.42,59.54558,10322.356799999421,-23.7088984799987
2022-12-28,HENDERSON,00H,SG,245.90094696969695,245.90378787878788,14.999999999986358,4.571999999995842,0.42,37,-1.8,3183.1,0.42,59.54558,10326.928799999418,-23.68969607999872
2022-12-28,HENDERSON,00H,SG,245.87045454545455,245.87329545454543,14.999999999986358,4.571999999995842,0.42,37,-0.7,8185.114285714286,0.42,59.54558,10331.500799999414,-23.670493679998735
2022-12-28,HENDERSON,00H,SG,245.97121212121212,245.97405303030305,14.999999999986358,4.571999999995842,0.42,37,-1.4,4092.557142857143,0.42,59.54558,10336.07279999941,-23.651291279998752
2022-12-28,HENDERSON,00H,SG,245.87329545454543,245.87613636363636,14.999999999986358,4.571999999995842,0.42,37,-0.8,7161.974999999999,0.42,59.54558,10340.644799999407,-23.63208887999877
2022-12-28,HENDERSON,00H,SG,245.89507575757577,245.89791666666667,14.999999999986358,4.571999999995842,0.42,37,-1.6,3580.9874999999997,0.42,59.54558,10345.216799999404,-23.612886479998785
2022-12-28,HENDERSON,00H,SG,245.96761363636364,245.97045454545457,14.999999999986358,4.571999999995842,0.42,37,-1.5,3819.72,0.42,59.54558,10349.7887999994,-23.593684079998802
2022-12-28,HENDERSON,00H,SG,245.98125,245.9840909090909,14.999999999986358,4.571999999995842,0.42,37,-1.1,5208.70909090909,0.42,59.54558,10354.360799999396,-23.57448167999882
2022-12-28,HENDERSON,00H,SG,245.97727272727272,245.98030303030305,15.999999999985448,4.876799999995565,0.42,37,-1.2,4774.650000000001,0.42,59.54558,10359.237599999393,-23.555279279998835
2022-12-28,HENDERSON,00H,SG,246.0090909090909,246.0121212121212,15.999999999985448,4.876799999995565,0.42,37,-0.3,19098.600000000002,0.42,59.54558,10364.11439999939,-23.534796719998855
2022-12-28,HENDERSON,00H,SG,245.96079545454543,245.96382575757576,15.999999999985448,4.876799999995565,0.42,37,-1.7,3370.3411764705884,0.42,59.54558,10368.991199999386,-23.514314159998875
2022-12-28,HENDERSON,00H,SG,245.88939393939393,245.89242424242423,16.000000000135515,4.876800000041305,0.42,37,-1.4,4092.557142857143,0.42,59.54558,10373.867999999427,-23.493831599998895
2022-12-28,HENDERSON,00H,SG,246.00227272727273,246.0054924242424,16.99999999998454,5.181599999995288,0.42,37,-0.5,11459.16,0.42,59.54558,10379.049599999422,-23.473349039998723
2022-12-28,HENDERSON,00H,SG,245.99905303030303,246.00227272727273,16.99999999998454,5.181599999995288,0.42,37,-0.6,9549.300000000001,0.42,59.54558,10384.231199999416,-23.451586319998743
2022-12-28,HENDERSON,00H,SG,245.97405303030305,245.97727272727272,16.99999999998454,5.181599999995288,0.42,37,-1.3,4407.369230769231,0.42,59.54558,10389.41279999941,-23.429823599998763
2022-12-28,HENDERSON,00H,SG,245.99564393939391,245.99905303030303,17.99999999998363,5.48639999999501,0.42,37,-0.7,8185.114285714286,0.42,59.54558,10394.899199999405,-23.408060879998782
2022-12-28,HENDERSON,00H,SG,245.9570075757576,245.96079545454543,19.99999999998181,6.095999999994456,0.42,37,-1.8,3183.1,0.42,59.54558,10400.9951999994,-23.3850179999988
2022-12-28,HENDERSON,00H,SG,245.90416666666667,245.9081439393939,20.9999999999809,6.400799999994179,0.42,37,-1.9,3015.5684210526315,0.42,59.54558,10407.395999999393,-23.359414799998824
2022-12-28,HENDERSON,00H,SG,245.9875,245.99147727272728,20.9999999999809,6.400799999994179,0.42,37,-0.9,6366.2,0.42,59.54558,10413.796799999387,-23.33253143999885
2022-12-28,HENDERSON,00H,SG,246.0160984848485,246.02007575757577,20.9999999999809,6.400799999994179,0.42,37,-0.1,57295.799999999996,0.42,59.54558,10420.197599999381,-23.305648079998875
2022-12-28,HENDERSON,00H,SG,246.0121212121212,246.0160984848485,21.000000000130967,6.4008000000399194,0.42,37,-0.2,28647.899999999998,0.42,59.54558,10426.59839999942,-23.2787647199989
2022-12-28,HENDERSON,00H,SG,245.99147727272728,245.99564393939391,21.99999999997999,6.705599999993901,0.42,37,-0.8,7161.974999999999,0.42,59.54558,10433.303999999414,-23.251881359998734
2022-12-28,HENDERSON,00H,SG,245.9522727272727,245.9570075757576,25.00000000012733,7.62000000003881,0.42,37,-1.9,3015.5684210526315,0.42,59.54558,10440.923999999453,-23.22371783999876
2022-12-28,HENDERSON,00H,SG,245.9081439393939,245.91306818181815,25.999999999976353,7.924799999992792,0.42,37,-2.0,2864.79,0.42,59.54558,10448.848799999447,-23.191713839998595
2022-12-28,HENDERSON,00H,SG,245.94715909090908,245.9522727272727,26.999999999975444,8.229599999992516,0.42,37,-2.0,2864.79,0.42,59.54558,10457.07839999944,-23.158429679998626
2022-12-28,HENDERSON,00H,SG,245.91306818181815,245.94564393939393,171.99999999999363,52.42559999999806,0.42,37,-2.1,2728.3714285714286,0.42,59.54558,10509.503999999439,-23.123865359998657
2022-12-28,HENDERSON,00H,SG,242.01761363636365,242.01780303030304,0.9999999999990904,0.3047999999997227,0.43,38,-1.7,3370.3411764705884,0.43,61.15492,10509.808799999439,-22.903677839998664
2022-12-28,HENDERSON,00H,SG,243.85359848484848,243.85378787878787,0.9999999999990904,0.3047999999997227,0.43,35,3.2,1790.4937499999999,0.43,56.3269,10510.113599999439,-22.902367199998665
2022-12-28,HENDERSON,00H,SG,244.08863636363637,244.08882575757576,0.9999999999990904,0.3047999999997227,0.43,35,1.6,3580.9874999999997,0.43,56.3269,10510.418399999438,-22.901056559998665
2022-12-28,HENDERSON,00H,SG,244.2914772727273,244.29166666666663,0.9999999999990904,0.3047999999997227,0.43,36,-1.4,4092.557142857143,0.43,57.93624,10510.723199999438,-22.899745919998665
2022-12-28,HENDERSON,00H,SG,244.05833333333337,244.05852272727273,0.9999999999990904,0.3047999999997227,0.43,35,3.2,1790.4937499999999,0.43,56.3269,10511.027999999438,-22.898435279998665
2022-12-28,HENDERSON,00H,SG,244.26344696969696,244.26363636363635,0.9999999999990904,0.3047999999997227,0.43,36,-2.7,2122.0666666666666,0.43,57.93624,10511.332799999438,-22.897124639998665
2022-12-28,HENDERSON,00H,SG,244.2931818181818,244.2933712121212,0.9999999999990904,0.3047999999997227,0.43,35,-1.4,4092.557142857143,0.43,56.3269,10511.637599999438,-22.895813999998666
2022-12-28,HENDERSON,00H,SG,244.18011363636364,244.18030303030304,0.9999999999990904,0.3047999999997227,0.43,35,-1.8,3183.1,0.43,56.3269,10511.942399999438,-22.894503359998666
2022-12-28,HENDERSON,00H,SG,244.19204545454545,244.19223484848484,0.9999999999990904,0.3047999999997227,0.43,35,-2.4,2387.3250000000003,0.43,56.3269,10512.247199999438,-22.893192719998666
2022-12-28,HENDERSON,00H,SG,243.8471590909091,243.84734848484848,0.9999999999990904,0.3047999999997227,0.43,35,2.8,2046.2785714285715,0.43,56.3269,10512.551999999438,-22.891882079998666
2022-12-28,HENDERSON,00H,SG,244.0714015151515,244.0715909090909,0.9999999999990904,0.3047999999997227,0.43,35,2.5,2291.832,0.43,56.3269,10512.856799999437,-22.890571439998666
2022-12-28,HENDERSON,00H,SG,244.0765151515151,244.07670454545453,0.9999999999990904,0.3047999999997227,0.43,35,2.3,2491.121739130435,0.43,56.3269,10513.161599999437,-22.889260799998667
2022-12-28,HENDERSON,00H,SG,244.3022727272727,244.30246212121213,0.9999999999990904,0.3047999999997227,0.43,36,-0.9,6366.2,0.43,57.93624,10513.466399999437,-22.887950159998667
2022-12-28,HENDERSON,00H,SG,244.30397727272728,244.30416666666667,0.9999999999990904,0.3047999999997227,0.43,36,-0.8,7161.974999999999,0.43,57.93624,10513.771199999437,-22.886639519998667
2022-12-28,HENDERSON,00H,SG,242.01742424242423,242.01761363636365,0.9999999999990904,0.3047999999997227,0.43,38,-1.8,3183.1,0.43,61.15492,10514.075999999437,-22.885328879998667
2022-12-28,HENDERSON,00H,SG,244.26969696969695,244.26988636363637,0.9999999999990904,0.3047999999997227,0.43,35,-2.4,2387.3250000000003,0.43,56.3269,10514.380799999437,-22.884018239998667
2022-12-28,HENDERSON,00H,SG,244.3003787878788,244.3005681818182,0.9999999999990904,0.3047999999997227,0.43,36,-1.0,5729.58,0.43,57.93624,10514.685599999437,-22.882707599998668
2022-12-28,HENDERSON,00H,SG,244.25094696969697,244.25113636363636,0.9999999999990904,0.3047999999997227,0.43,36,-2.9,1975.7172413793103,0.43,57.93624,10514.990399999437,-22.881396959998668
2022-12-28,HENDERSON,00H,SG,242.0066287878788,242.00681818181815,0.9999999999990904,0.3047999999997227,0.43,38,-2.2,2604.354545454545,0.43,61.15492,10515.295199999437,-22.880086319998668
2022-12-28,HENDERSON,00H,SG,242.0157196969697,242.0159090909091,0.9999999999990904,0.3047999999997227,0.43,38,-1.8,3183.1,0.43,61.15492,10515.599999999436,-22.878775679998668
2022-12-28,HENDERSON,00H,SG,244.2935606060606,244.29375,0.9999999999990904,0.3047999999997227,0.43,36,-1.3,4407.369230769231,0.43,57.93624,10515.904799999436,-22.87746503999867
2022-12-28,HENDERSON,00H,SG,242.01875,242.0189393939394,0.9999999999990904,0.3047999999997227,0.43,38,-1.7,3370.3411764705884,0.43,61.15492,10516.209599999436,-22.87615439999867
2022-12-28,HENDERSON,00H,SG,243.86155303030304,243.86174242424244,0.9999999999990904,0.3047999999997227,0.43,35,3.6,1591.55,0.43,56.3269,10516.514399999436,-22.87484375999867
2022-12-28,HENDERSON,00H,SG,244.06875,244.0689393939394,0.9999999999990904,0.3047999999997227,0.43,35,2.7,2122.0666666666666,0.43,56.3269,10516.819199999436,-22.87353311999867
2022-12-28,HENDERSON,00H,SG,244.23333333333332,244.2335227272727,0.9999999999990904,0.3047999999997227,0.43,35,-2.9,1975.7172413793103,0.43,56.3269,10517.123999999436,-22.87222247999867
2022-12-28,HENDERSON,00H,SG,242.00170454545457,242.0018939393939,0.9999999999990904,0.3047999999997227,0.43,38,-2.6,2203.6846153846154,0.43,61.15492,10517.428799999436,-22.87091183999867
2022-12-28,HENDERSON,00H,SG,244.28806818181815,244.28825757575757,0.9999999999990904,0.3047999999997227,0.43,36,-1.7,3370.3411764705884,0.43,57.93624,10517.733599999436,-22.86960119999867
2022-12-28,HENDERSON,00H,SG,244.2933712121212,244.2935606060606,0.9999999999990904,0.3047999999997227,0.43,36,-1.4,4092.557142857143,0.43,57.93624,10518.038399999436,-22.86829055999867
2022-12-28,HENDERSON,00H,SG,242.0147727272727,242.0149621212121,0.9999999999990904,0.3047999999997227,0.43,38,-2.0,2864.79,0.43,61.15492,10518.343199999435,-22.86697991999867
2022-12-28,HENDERSON,00H,SG,243.86761363636364,243.86780303030304,0.9999999999990904,0.3047999999997227,0.43,35,3.8,1507.7842105263157,0.43,56.3269,10518.647999999435,-22.86566927999867
2022-12-28,HENDERSON,00H,SG,244.10492424242423,244.10511363636363,0.9999999999990904,0.3047999999997227,0.43,35,0.7,8185.114285714286,0.43,56.3269,10518.952799999435,-22.86435863999867
2022-12-28,HENDERSON,00H,SG,244.2757575757576,244.27594696969695,0.9999999999990904,0.3047999999997227,0.43,36,-2.3,2491.121739130435,0.43,57.93624,10519.257599999435,-22.86304799999867
2022-12-28,HENDERSON,00H,SG,244.05094696969695,244.05113636363637,0.9999999999990904,0.3047999999997227,0.43,35,3.6,1591.55,0.43,56.3269,10519.562399999435,-22.86173735999867
2022-12-28,HENDERSON,00H,SG,243.8659090909091,243.8660984848485,0.9999999999990904,0.3047999999997227,0.43,35,3.7,1548.535135135135,0.43,56.3269,10519.867199999435,-22.86042671999867
2022-12-28,HENDERSON,00H,SG,244.0469696969697,244.0471590909091,0.9999999999990904,0.3047999999997227,0.43,35,3.8,1507.7842105263157,0.43,56.3269,10520.171999999435,-22.85911607999867
2022-12-28,HENDERSON,00H,SG,243.8528409090909,243.85303030303027,0.9999999999990904,0.3047999999997227,0.43,35,3.1,1848.2516129032258,0.43,56.3269,10520.476799999435,-22.85780543999867
2022-12-28,HENDERSON,00H,SG,244.1808712121212,244.1810606060606,0.9999999999990904,0.3047999999997227,0.43,35,-1.8,3183.1,0.43,56.3269,10520.781599999435,-22.85649479999867
2022-12-28,HENDERSON,00H,SG,244.30246212121213,244.30265151515152,0.9999999999990904,0.3047999999997227,0.43,36,-1.0,5729.58,0.43,57.93624,10521.086399999434,-22.85518415999867
2022-12-28,HENDERSON,00H,SG,244.04469696969696,244.04488636363635,0.9999999999990904,0.3047999999997227,0.43,35,3.9,1469.123076923077,0.43,56.3269,10521.391199999434,-22.853873519998672
2022-12-28,HENDERSON,00H,SG,244.1085227272727,244.1087121212121,0.9999999999990904,0.3047999999997227,0.43,35,0.4,14323.949999999999,0.43,56.3269,10521.695999999434,-22.852562879998672
2022-12-28,HENDERSON,00H,SG,244.18068181818185,244.1808712121212,0.9999999999990904,0.3047999999997227,0.43,35,-1.9,3015.5684210526315,0.43,56.3269,10522.000799999434,-22.851252239998672
2022-12-28,HENDERSON,00H,SG,244.29450757575756,244.29469696969696,0.9999999999990904,0.3047999999997227,0.43,35,-1.4,4092.557142857143,0.43,56.3269,10522.305599999434,-22.849941599998672
2022-12-28,HENDERSON,00H,SG,244.2842803030303,244.2844696969697,0.9999999999990904,0.3047999999997227,0.43,35,-1.8,3183.1,0.43,56.3269,10522.610399999434,-22.848630959998673
2022-12-28,HENDERSON,00H,SG,244.10473484848484,244.10492424242423,0.9999999999990904,0.3047999999997227,0.43,35,0.6,9549.300000000001,0.43,56.3269,10522.915199999434,-22.847320319998673
2022-12-28,HENDERSON,00H,SG,244.1060606060606,244.10625,0.9999999999990904,0.3047999999997227,0.43,35,0.7,8185.114285714286,0.43,56.3269,10523.219999999434,-22.846009679998673
2022-12-28,HENDERSON,00H,SG,244.18030303030304,244.18049242424243,0.9999999999990904,0.3047999999997227,0.43,35,-1.9,3015.5684210526315,0.43,56.3269,10523.524799999434,-22.844699039998673
2022-12-28,HENDERSON,00H,SG,243.8660984848485,243.8662878787879,0.9999999999990904,0.3047999999997227,0.43,35,3.6,1591.55,0.43,56.3269,10523.829599999433,-22.843388399998673
2022-12-28,HENDERSON,00H,SG,244.0878787878788,244.0880681818182,0.9999999999990904,0.3047999999997227,0.43,35,1.6,3580.9874999999997,0.43,56.3269,10524.134399999433,-22.842077759998674
2022-12-28,HENDERSON,00H,SG,242.01458333333332,242.0147727272727,0.9999999999990904,0.3047999999997227,0.43,38,-1.9,3015.5684210526315,0.43,61.15492,10524.439199999433,-22.840767119998674
2022-12-28,HENDERSON,00H,SG,243.8441287878788,243.84431818181815,0.9999999999990904,0.3047999999997227,0.43,35,2.6,2203.6846153846154,0.43,56.3269,10524.743999999433,-22.839456479998674
2022-12-28,HENDERSON,00H,SG,244.2965909090909,244.2967803030303,0.9999999999990904,0.3047999999997227,0.43,35,-1.2,4774.650000000001,0.43,56.3269,10525.048799999433,-22.838145839998674
2022-12-28,HENDERSON,00H,SG,244.06685606060609,244.06704545454545,0.9999999999990904,0.3047999999997227,0.43,35,2.7,2122.0666666666666,0.43,56.3269,10525.353599999433,-22.836835199998674
2022-12-28,HENDERSON,00H,SG,244.2967803030303,244.29696969696968,0.9999999999990904,0.3047999999997227,0.43,35,-1.3,4407.369230769231,0.43,56.3269,10525.658399999433,-22.835524559998674
2022-12-28,HENDERSON,00H,SG,242.00151515151515,242.00170454545457,0.9999999999990904,0.3047999999997227,0.43,38,-2.5,2291.832,0.43,61.15492,10525.963199999433,-22.834213919998675
2022-12-28,HENDERSON,00H,SG,244.07632575757577,244.0765151515151,0.9999999999990904,0.3047999999997227,0.43,35,2.1,2728.3714285714286,0.43,56.3269,10526.267999999433,-22.832903279998675
2022-12-28,HENDERSON,00H,SG,244.23314393939393,244.23333333333332,0.9999999999990904,0.3047999999997227,0.43,35,-3.0,1909.86,0.43,56.3269,10526.572799999432,-22.831592639998675
2022-12-28,HENDERSON,00H,SG,244.26458333333332,244.2647727272727,0.9999999999990904,0.3047999999997227,0.43,35,-2.6,2203.6846153846154,0.43,56.3269,10526.877599999432,-22.830281999998675
2022-12-28,HENDERSON,00H,SG,244.3070075757576,244.30719696969695,0.9999999999990904,0.3047999999997227,0.43,36,-0.7,8185.114285714286,0.43,57.93624,10527.182399999432,-22.828971359998675
2022-12-28,HENDERSON,00H,SG,242.00738636363636,242.00757575757575,0.9999999999990904,0.3047999999997227,0.43,38,-2.2,2604.354545454545,0.43,61.15492,10527.487199999432,-22.827660719998676
2022-12-28,HENDERSON,00H,SG,244.08693181818185,244.0871212121212,0.9999999999990904,0.3047999999997227,0.43,35,1.7,3370.3411764705884,0.43,56.3269,10527.791999999432,-22.826350079998676
2022-12-28,HENDERSON,00H,SG,243.85340909090908,243.85359848484848,0.9999999999990904,0.3047999999997227,0.43,35,3.1,1848.2516129032258,0.43,56.3269,10528.096799999432,-22.825039439998676
2022-12-28,HENDERSON,00H,SG,244.18049242424243,244.18068181818185,0.9999999999990904,0.3047999999997227,0.43,35,-1.8,3183.1,0.43,56.3269,10528.401599999432,-22.823728799998676
2022-12-28,HENDERSON,00H,SG,244.04886363636365,244.04905303030304,0.9999999999990904,0.3047999999997227,0.43,35,3.7,1548.535135135135,0.43,56.3269,10528.706399999432,-22.822418159998676
2022-12-28,HENDERSON,00H,SG,244.09507575757576,244.09526515151515,0.9999999999990904,0.3047999999997227,0.43,35,1.2,4774.650000000001,0.43,56.3269,10529.011199999431,-22.821107519998677
2022-12-28,HENDERSON,00H,SG,244.28181818181815,244.2820075757576,0.9999999999990904,0.3047999999997227,0.43,35,-2.0,2864.79,0.43,56.3269,10529.315999999431,-22.819796879998677
2022-12-28,HENDERSON,00H,SG,244.0910984848485,244.09128787878788,0.9999999999990904,0.3047999999997227,0.43,35,1.4,4092.557142857143,0.43,56.3269,10529.620799999431,-22.818486239998677
2022-12-28,HENDERSON,00H,SG,244.30852272727273,244.30871212121212,0.9999999999990904,0.3047999999997227,0.43,36,-0.6,9549.300000000001,0.43,57.93624,10529.925599999431,-22.817175599998677
2022-12-28,HENDERSON,00H,SG,244.0871212121212,244.0873106060606,0.9999999999990904,0.3047999999997227,0.43,35,1.6,3580.9874999999997,0.43,56.3269,10530.230399999431,-22.815864959998677
2022-12-28,HENDERSON,00H,SG,244.06666666666663,244.06685606060609,0.9999999999990904,0.3047999999997227,0.43,35,2.8,2046.2785714285715,0.43,56.3269,10530.535199999431,-22.814554319998678
2022-12-28,HENDERSON,00H,SG,244.18882575757576,244.18901515151515,0.9999999999990904,0.3047999999997227,0.43,35,-2.2,2604.354545454545,0.43,56.3269,10530.83999999943,-22.813243679998678
2022-12-28,HENDERSON,00H,SG,244.2975378787879,244.2977272727273,0.9999999999990904,0.3047999999997227,0.43,36,-1.1,5208.70909090909,0.43,57.93624,10531.14479999943,-22.811933039998678
2022-12-28,HENDERSON,00H,SG,243.85681818181817,243.85700757575756,0.9999999999990904,0.3047999999997227,0.43,35,3.2,1790.4937499999999,0.43,56.3269,10531.44959999943,-22.810622399998678
2022-12-28,HENDERSON,00H,SG,244.2473484848485,244.24753787878788,0.9999999999990904,0.3047999999997227,0.43,36,-3.0,1909.86,0.43,57.93624,10531.75439999943,-22.80931175999868
2022-12-28,HENDERSON,00H,SG,244.07386363636363,244.07405303030305,0.9999999999990904,0.3047999999997227,0.43,35,2.4,2387.3250000000003,0.43,56.3269,10532.05919999943,-22.80800111999868
2022-12-28,HENDERSON,00H,SG,244.18901515151515,244.18920454545457,0.9999999999990904,0.3047999999997227,0.43,35,-2.3,2491.121739130435,0.43,56.3269,10532.36399999943,-22.80669047999868
2022-12-28,HENDERSON,00H,SG,243.8600378787879,243.8602272727273,0.9999999999990904,0.3047999999997227,0.43,35,3.5,1637.0228571428572,0.43,56.3269,10532.66879999943,-22.80537983999868
2022-12-28,HENDERSON,00H,SG,244.19886363636363,244.19905303030305,0.9999999999990904,0.3047999999997227,0.43,35,-2.6,2203.6846153846154,0.43,56.3269,10532.97359999943,-22.80406919999868
2022-12-28,HENDERSON,00H,SG,244.0965909090909,244.0967803030303,0.9999999999990904,0.3047999999997227,0.43,35,1.1,5208.70909090909,0.43,56.3269,10533.27839999943,-22.80275855999868
2022-12-28,HENDERSON,00H,SG,244.27594696969695,244.27613636363637,0.9999999999990904,0.3047999999997227,0.43,36,-2.2,2604.354545454545,0.43,57.93624,10533.58319999943,-22.80144791999868
2022-12-28,HENDERSON,00H,SG,244.2780303030303,244.2782196969697,0.9999999999990904,0.3047999999997227,0.43,36,-2.1,2728.3714285714286,0.43,57.93624,10533.88799999943,-22.80013727999868
2022-12-28,HENDERSON,00H,SG,244.08844696969695,244.08863636363637,0.9999999999990904,0.3047999999997227,0.43,35,1.4,4092.557142857143,0.43,56.3269,10534.19279999943,-22.79882663999868
2022-12-28,HENDERSON,00H,SG,244.2969696969697,244.2971590909091,0.9999999999990904,0.3047999999997227,0.43,36,-1.3,4407.369230769231,0.43,57.93624,10534.49759999943,-22.79751599999868
2022-12-28,HENDERSON,00H,SG,244.10454545454544,244.10473484848484,0.9999999999990904,0.3047999999997227,0.43,35,0.7,8185.114285714286,0.43,56.3269,10534.80239999943,-22.79620535999868
2022-12-28,HENDERSON,00H,SG,244.1087121212121,244.1089015151515,0.9999999999990904,0.3047999999997227,0.43,35,0.5,11459.16,0.43,56.3269,10535.10719999943,-22.79489471999868
2022-12-28,HENDERSON,00H,SG,244.3037878787879,244.30397727272728,0.9999999999990904,0.3047999999997227,0.43,35,-0.9,6366.2,0.43,56.3269,10535.41199999943,-22.79358407999868
2022-12-28,HENDERSON,00H,SG,244.19166666666663,244.19204545454545,1.999999999998181,0.6095999999994455,0.43,35,-2.5,2291.832,0.43,56.3269,10536.021599999429,-22.79227343999868
2022-12-28,HENDERSON,00H,SG,244.26155303030305,244.2619318181818,1.999999999998181,0.6095999999994455,0.43,36,-2.8,2046.2785714285715,0.43,57.93624,10536.631199999429,-22.789652159998685
2022-12-28,HENDERSON,00H,SG,244.3,244.3003787878788,1.999999999998181,0.6095999999994455,0.43,35,-1.1,5208.70909090909,0.43,56.3269,10537.240799999428,-22.78703087999869
2022-12-28,HENDERSON,00H,SG,242.00056818181815,242.00094696969697,1.999999999998181,0.6095999999994455,0.43,38,-2.5,2291.832,0.43,61.15492,10537.850399999428,-22.784409599998693
2022-12-28,HENDERSON,00H,SG,244.18844696969697,244.18882575757576,1.999999999998181,0.6095999999994455,0.43,35,-2.3,2491.121739130435,0.43,56.3269,10538.459999999428,-22.781788319998697
2022-12-28,HENDERSON,00H,SG,244.29053030303027,244.29090909090908,1.999999999998181,0.6095999999994455,0.43,36,-1.5,3819.72,0.43,57.93624,10539.069599999428,-22.7791670399987
2022-12-28,HENDERSON,00H,SG,242.00625,242.0066287878788,1.999999999998181,0.6095999999994455,0.43,38,-2.3,2491.121739130435,0.43,61.15492,10539.679199999428,-22.776545759998704
2022-12-28,HENDERSON,00H,SG,244.2962121212121,244.2965909090909,1.999999999998181,0.6095999999994455,0.43,35,-1.3,4407.369230769231,0.43,56.3269,10540.288799999427,-22.77392447999871
2022-12-28,HENDERSON,00H,SG,244.30189393939395,244.3022727272727,1.999999999998181,0.6095999999994455,0.43,35,-1.0,5729.58,0.43,56.3269,10540.898399999427,-22.771303199998712
2022-12-28,HENDERSON,00H,SG,243.84431818181815,243.84469696969697,1.999999999998181,0.6095999999994455,0.43,35,2.5,2291.832,0.43,56.3269,10541.507999999427,-22.768681919998716
2022-12-28,HENDERSON,00H,SG,244.0880681818182,244.08844696969695,1.999999999998181,0.6095999999994455,0.43,35,1.5,3819.72,0.43,56.3269,10542.117599999427,-22.76606063999872
2022-12-28,HENDERSON,00H,SG,244.19223484848484,244.19261363636363,1.999999999998181,0.6095999999994455,0.43,35,-2.5,2291.832,0.43,56.3269,10542.727199999426,-22.763439359998724
2022-12-28,HENDERSON,00H,SG,244.2971590909091,244.2975378787879,1.999999999998181,0.6095999999994455,0.43,36,-1.2,4774.650000000001,0.43,57.93624,10543.336799999426,-22.760818079998728
2022-12-28,HENDERSON,00H,SG,244.26875,244.2691287878788,1.999999999998181,0.6095999999994455,0.43,36,-2.6,2203.6846153846154,0.43,57.93624,10543.946399999426,-22.758196799998732
2022-12-28,HENDERSON,00H,SG,244.30871212121212,244.3090909090909,1.999999999998181,0.6095999999994455,0.43,36,-0.7,8185.114285714286,0.43,57.93624,10544.555999999426,-22.755575519998736
2022-12-28,HENDERSON,00H,SG,244.2717803030303,244.2721590909091,1.999999999998181,0.6095999999994455,0.43,35,-2.4,2387.3250000000003,0.43,56.3269,10545.165599999425,-22.75295423999874
2022-12-28,HENDERSON,00H,SG,244.0846590909091,244.0850378787879,1.999999999998181,0.6095999999994455,0.43,35,1.7,3370.3411764705884,0.43,56.3269,10545.775199999425,-22.750332959998744
2022-12-28,HENDERSON,00H,SG,244.29829545454547,244.29867424242423,1.999999999998181,0.6095999999994455,0.43,35,-1.2,4774.650000000001,0.43,56.3269,10546.384799999425,-22.747711679998748
2022-12-28,HENDERSON,00H,SG,244.0776515151515,244.0780303030303,1.999999999998181,0.6095999999994455,0.43,35,2.2,2604.354545454545,0.43,56.3269,10546.994399999425,-22.74509039999875
2022-12-28,HENDERSON,00H,SG,244.18806818181815,244.18844696969697,1.999999999998181,0.6095999999994455,0.43,35,-2.2,2604.354545454545,0.43,56.3269,10547.603999999425,-22.742469119998756
2022-12-28,HENDERSON,00H,SG,242.01969696969695,242.02007575757577,1.999999999998181,0.6095999999994455,0.43,38,-1.7,3370.3411764705884,0.43,61.15492,10548.213599999424,-22.73984783999876
2022-12-28,HENDERSON,00H,SG,244.19261363636363,244.1929924242424,1.999999999998181,0.6095999999994455,0.43,35,-2.4,2387.3250000000003,0.43,56.3269,10548.823199999424,-22.737226559998764
2022-12-28,HENDERSON,00H,SG,244.0842803030303,244.0846590909091,1.999999999998181,0.6095999999994455,0.43,35,1.8,3183.1,0.43,56.3269,10549.432799999424,-22.734605279998767
2022-12-28,HENDERSON,00H,SG,244.27045454545456,244.27083333333337,1.999999999998181,0.6095999999994455,0.43,36,-2.5,2291.832,0.43,57.93624,10550.042399999424,-22.73198399999877
2022-12-28,HENDERSON,00H,SG,244.30719696969695,244.30757575757576,1.999999999998181,0.6095999999994455,0.43,35,-0.7,8185.114285714286,0.43,56.3269,10550.651999999423,-22.729362719998775
2022-12-28,HENDERSON,00H,SG,244.09015151515152,244.0905303030303,1.999999999998181,0.6095999999994455,0.43,35,1.5,3819.72,0.43,56.3269,10551.261599999423,-22.72674143999878
2022-12-28,HENDERSON,00H,SG,243.85303030303027,243.85340909090908,1.999999999998181,0.6095999999994455,0.43,35,3.0,1909.86,0.43,56.3269,10551.871199999423,-22.724120159998783
2022-12-28,HENDERSON,00H,SG,244.05795454545455,244.05833333333337,1.999999999998181,0.6095999999994455,0.43,35,3.1,1848.2516129032258,0.43,56.3269,10552.480799999423,-22.721498879998787
2022-12-28,HENDERSON,00H,SG,243.84734848484848,243.84791666666663,2.9999999999972715,0.9143999999991684,0.43,35,2.7,2122.0666666666666,0.43,56.3269,10553.395199999422,-22.71887759999879
2022-12-28,HENDERSON,00H,SG,244.2899621212121,244.29053030303027,2.9999999999972715,0.9143999999991684,0.43,36,-1.6,3580.9874999999997,0.43,57.93624,10554.309599999422,-22.714945679998795
2022-12-28,HENDERSON,00H,SG,244.29469696969696,244.2952651515151,2.9999999999972715,0.9143999999991684,0.43,35,-1.3,4407.369230769231,0.43,56.3269,10555.223999999422,-22.7110137599988
2022-12-28,HENDERSON,00H,SG,244.29090909090908,244.2914772727273,2.9999999999972715,0.9143999999991684,0.43,35,-1.5,3819.72,0.43,56.3269,10556.138399999421,-22.707081839998803
2022-12-28,HENDERSON,00H,SG,244.25984848484848,244.26041666666663,2.9999999999972715,0.9143999999991684,0.43,36,-2.8,2046.2785714285715,0.43,57.93624,10557.052799999421,-22.703149919998808
2022-12-28,HENDERSON,00H,SG,242.00094696969697,242.00151515151515,2.9999999999972715,0.9143999999991684,0.43,38,-2.6,2203.6846153846154,0.43,61.15492,10557.96719999942,-22.69921799999881
2022-12-28,HENDERSON,00H,SG,244.27746212121212,244.2780303030303,2.9999999999972715,0.9143999999991684,0.43,36,-2.2,2604.354545454545,0.43,57.93624,10558.88159999942,-22.695286079998816
2022-12-28,HENDERSON,00H,SG,242.00681818181815,242.00738636363636,2.9999999999972715,0.9143999999991684,0.43,38,-2.3,2491.121739130435,0.43,61.15492,10559.79599999942,-22.69135415999882
2022-12-28,HENDERSON,00H,SG,244.0905303030303,244.0910984848485,2.9999999999972715,0.9143999999991684,0.43,35,1.3,4407.369230769231,0.43,56.3269,10560.71039999942,-22.687422239998824
2022-12-28,HENDERSON,00H,SG,244.28371212121212,244.2842803030303,2.9999999999972715,0.9143999999991684,0.43,35,-1.9,3015.5684210526315,0.43,56.3269,10561.62479999942,-22.68349031999883
2022-12-28,HENDERSON,00H,SG,244.0873106060606,244.0878787878788,2.9999999999972715,0.9143999999991684,0.43,35,1.5,3819.72,0.43,56.3269,10562.539199999419,-22.679558399998832
2022-12-28,HENDERSON,00H,SG,244.31306818181815,244.31363636363636,2.9999999999972715,0.9143999999991684,0.43,36,-0.5,11459.16,0.43,57.93624,10563.453599999419,-22.675626479998837
2022-12-28,HENDERSON,00H,SG,244.2977272727273,244.29829545454547,2.9999999999972715,0.9143999999991684,0.43,36,-1.2,4774.650000000001,0.43,57.93624,10564.367999999418,-22.67169455999884
2022-12-28,HENDERSON,00H,SG,244.30416666666667,244.30473484848488,2.9999999999972715,0.9143999999991684,0.43,36,-0.9,6366.2,0.43,57.93624,10565.282399999418,-22.667762639998845
2022-12-28,HENDERSON,00H,SG,244.26988636363637,244.27045454545456,2.9999999999972715,0.9143999999991684,0.43,35,-2.5,2291.832,0.43,56.3269,10566.196799999418,-22.66383071999885
2022-12-28,HENDERSON,00H,SG,244.3005681818182,244.30113636363637,2.9999999999972715,0.9143999999991684,0.43,36,-1.1,5208.70909090909,0.43,57.93624,10567.111199999417,-22.659898799998853
2022-12-28,HENDERSON,00H,SG,244.2691287878788,244.26969696969695,2.9999999999972715,0.9143999999991684,0.43,35,-2.5,2291.832,0.43,56.3269,10568.025599999417,-22.655966879998857
2022-12-28,HENDERSON,00H,SG,244.1810606060606,244.1816287878788,2.9999999999972715,0.9143999999991684,0.43,35,-1.9,3015.5684210526315,0.43,56.3269,10568.939999999417,-22.65203495999886
2022-12-28,HENDERSON,00H,SG,242.0,242.00056818181815,2.9999999999972715,0.9143999999991684,0.43,38,-2.6,2203.6846153846154,0.43,61.15492,10569.854399999416,-22.648103039998865
2022-12-28,HENDERSON,00H,SG,243.8609848484849,243.86155303030304,2.9999999999972715,0.9143999999991684,0.43,35,3.5,1637.0228571428572,0.43,56.3269,10570.768799999416,-22.64417111999887
2022-12-28,HENDERSON,00H,SG,243.85625,243.85681818181817,2.9999999999972715,0.9143999999991684,0.43,35,3.3,1736.2363636363636,0.43,56.3269,10571.683199999416,-22.640239199998874
2022-12-28,HENDERSON,00H,SG,244.07083333333333,244.0714015151515,2.9999999999972715,0.9143999999991684,0.43,35,2.4,2387.3250000000003,0.43,56.3269,10572.597599999415,-22.636307279998878
2022-12-28,HENDERSON,00H,SG,244.09526515151515,244.09583333333333,2.9999999999972715,0.9143999999991684,0.43,35,1.1,5208.70909090909,0.43,56.3269,10573.511999999415,-22.632375359998882
2022-12-28,HENDERSON,00H,SG,242.0189393939394,242.01969696969695,3.999999999996362,1.2191999999988912,0.43,38,-1.8,3183.1,0.43,61.15492,10574.731199999414,-22.628443439998886
2022-12-28,HENDERSON,00H,SG,244.09583333333333,244.0965909090909,3.999999999996362,1.2191999999988912,0.43,35,1.0,5729.58,0.43,56.3269,10575.950399999414,-22.62320087999889
2022-12-28,HENDERSON,00H,SG,244.2810606060606,244.28181818181815,3.999999999996362,1.2191999999988912,0.43,36,-2.0,2864.79,0.43,57.93624,10577.169599999414,-22.617958319998895
2022-12-28,HENDERSON,00H,SG,244.3123106060606,244.31306818181815,3.999999999996362,1.2191999999988912,0.43,35,-0.5,11459.16,0.43,56.3269,10578.388799999413,-22.6127157599989
2022-12-28,HENDERSON,00H,SG,242.00757575757575,242.00833333333333,3.999999999996362,1.2191999999988912,0.43,38,-2.3,2491.121739130435,0.43,61.15492,10579.607999999413,-22.607473199998903
2022-12-28,HENDERSON,00H,SG,244.07405303030305,244.0748106060606,3.999999999996362,1.2191999999988912,0.43,35,2.3,2491.121739130435,0.43,56.3269,10580.827199999412,-22.602230639998908
2022-12-28,HENDERSON,00H,SG,244.27386363636364,244.2746212121212,3.999999999996362,1.2191999999988912,0.43,36,-2.3,2491.121739130435,0.43,57.93624,10582.046399999412,-22.596988079998912
2022-12-28,HENDERSON,00H,SG,243.8464015151515,243.8471590909091,3.999999999996362,1.2191999999988912,0.43,35,2.7,2122.0666666666666,0.43,56.3269,10583.265599999411,-22.591745519998916
2022-12-28,HENDERSON,00H,SG,244.19810606060605,244.19886363636363,3.999999999996362,1.2191999999988912,0.43,35,-2.7,2122.0666666666666,0.43,56.3269,10584.48479999941,-22.58650295999892
2022-12-28,HENDERSON,00H,SG,244.28920454545457,244.2899621212121,3.999999999996362,1.2191999999988912,0.43,35,-1.6,3580.9874999999997,0.43,56.3269,10585.70399999941,-22.581260399998925
2022-12-28,HENDERSON,00H,SG,244.2721590909091,244.27291666666667,3.999999999996362,1.2191999999988912,0.43,36,-2.4,2387.3250000000003,0.43,57.93624,10586.92319999941,-22.57601783999893
2022-12-28,HENDERSON,00H,SG,242.0149621212121,242.01571969696968,3.999999999996362,1.2191999999988912,0.43,38,-1.9,3015.5684210526315,0.43,61.15492,10588.14239999941,-22.570775279998934
2022-12-28,HENDERSON,00H,SG,244.10378787878787,244.10454545454544,3.999999999996362,1.2191999999988912,0.43,35,0.6,9549.300000000001,0.43,56.3269,10589.361599999409,-22.565532719998938
2022-12-28,HENDERSON,00H,SG,244.29242424242423,244.2931818181818,3.999999999996362,1.2191999999988912,0.43,36,-1.4,4092.557142857143,0.43,57.93624,10590.580799999409,-22.560290159998942
2022-12-28,HENDERSON,00H,SG,244.29375,244.29450757575756,3.999999999996362,1.2191999999988912,0.43,36,-1.4,4092.557142857143,0.43,57.93624,10591.799999999408,-22.555047599998947
2022-12-28,HENDERSON,00H,SG,244.0471590909091,244.04791666666668,3.999999999996362,1.2191999999988912,0.43,35,3.7,1548.535135135135,0.43,56.3269,10593.019199999408,-22.54980503999895
2022-12-28,HENDERSON,00H,SG,244.2793560606061,244.28011363636364,3.999999999996362,1.2191999999988912,0.43,36,-2.1,2728.3714285714286,0.43,57.93624,10594.238399999407,-22.544562479998955
2022-12-28,HENDERSON,00H,SG,244.30113636363637,244.30189393939395,3.999999999996362,1.2191999999988912,0.43,36,-1.0,5729.58,0.43,57.93624,10595.457599999407,-22.53931991999896
2022-12-28,HENDERSON,00H,SG,243.8602272727273,243.8609848484849,3.999999999996362,1.2191999999988912,0.43,35,3.4,1685.1705882352942,0.43,56.3269,10596.676799999406,-22.534077359998964
2022-12-28,HENDERSON,00H,SG,244.28636363636363,244.2871212121212,3.999999999996362,1.2191999999988912,0.43,36,-1.7,3370.3411764705884,0.43,57.93624,10597.895999999406,-22.528834799998968
2022-12-28,HENDERSON,00H,SG,244.29166666666663,244.29242424242423,3.999999999996362,1.2191999999988912,0.43,36,-1.5,3819.72,0.43,57.93624,10599.115199999405,-22.523592239998973
2022-12-28,HENDERSON,00H,SG,244.28295454545457,244.28371212121212,3.999999999996362,1.2191999999988912,0.43,36,-1.9,3015.5684210526315,0.43,57.93624,10600.334399999405,-22.518349679998977
2022-12-28,HENDERSON,00H,SG,244.28560606060609,244.28636363636363,3.999999999996362,1.2191999999988912,0.43,35,-1.8,3183.1,0.43,56.3269,10601.553599999404,-22.51310711999898
2022-12-28,HENDERSON,00H,SG,244.0501893939394,244.05094696969695,3.999999999996362,1.2191999999988912,0.43,35,3.5,1637.0228571428572,0.43,56.3269,10602.772799999404,-22.507864559998985
2022-12-28,HENDERSON,00H,SG,244.0835227272727,244.0842803030303,3.999999999996362,1.2191999999988912,0.43,35,1.7,3370.3411764705884,0.43,56.3269,10603.991999999404,-22.50262199999899
2022-12-28,HENDERSON,00H,SG,244.27291666666667,244.27386363636364,4.9999999999954525,1.523999999998614,0.43,35,-2.4,2387.3250000000003,0.43,56.3269,10605.515999999403,-22.497379439998994
2022-12-28,HENDERSON,00H,SG,243.86780303030304,243.86875,4.9999999999954525,1.523999999998614,0.43,35,3.7,1548.535135135135,0.43,56.3269,10607.039999999402,-22.490826239999
2022-12-28,HENDERSON,00H,SG,242.01780303030304,242.01875,4.9999999999954525,1.523999999998614,0.43,38,-1.8,3183.1,0.43,61.15492,10608.563999999402,-22.484273039999003
2022-12-28,HENDERSON,00H,SG,244.1871212121212,244.18806818181815,4.9999999999954525,1.523999999998614,0.43,35,-2.3,2491.121739130435,0.43,56.3269,10610.087999999401,-22.477719839999008
2022-12-28,HENDERSON,00H,SG,244.04791666666668,244.04886363636365,4.9999999999954525,1.523999999998614,0.43,35,3.6,1591.55,0.43,56.3269,10611.6119999994,-22.471166639999012
2022-12-28,HENDERSON,00H,SG,244.2871212121212,244.28806818181815,4.9999999999954525,1.523999999998614,0.43,35,-1.7,3370.3411764705884,0.43,56.3269,10613.1359999994,-22.464613439999017
2022-12-28,HENDERSON,00H,SG,244.26363636363635,244.26458333333332,4.9999999999954525,1.523999999998614,0.43,35,-2.7,2122.0666666666666,0.43,56.3269,10614.6599999994,-22.45806023999902
2022-12-28,HENDERSON,00H,SG,244.28011363636364,244.2810606060606,4.9999999999954525,1.523999999998614,0.43,35,-2.0,2864.79,0.43,56.3269,10616.183999999399,-22.451507039999026
2022-12-28,HENDERSON,00H,SG,244.04488636363635,244.04583333333332,4.9999999999954525,1.523999999998614,0.43,35,3.8,1507.7842105263157,0.43,56.3269,10617.707999999398,-22.44495383999903
2022-12-28,HENDERSON,00H,SG,243.85530303030305,243.85625,4.9999999999954525,1.523999999998614,0.43,35,3.2,1790.4937499999999,0.43,56.3269,10619.231999999398,-22.438400639999035
2022-12-28,HENDERSON,00H,SG,244.09128787878788,244.09223484848485,4.9999999999954525,1.523999999998614,0.43,35,1.3,4407.369230769231,0.43,56.3269,10620.755999999397,-22.43184743999904
2022-12-28,HENDERSON,00H,SG,244.0967803030303,244.09772727272727,4.9999999999954525,1.523999999998614,0.43,35,1.0,5729.58,0.43,56.3269,10622.279999999397,-22.425294239999044
2022-12-28,HENDERSON,00H,SG,244.2820075757576,244.28295454545457,4.9999999999954525,1.523999999998614,0.43,35,-1.9,3015.5684210526315,0.43,56.3269,10623.803999999396,-22.41874103999905
2022-12-28,HENDERSON,00H,SG,244.30757575757576,244.30852272727273,4.9999999999954525,1.523999999998614,0.43,36,-0.7,8185.114285714286,0.43,57.93624,10625.327999999396,-22.412187839999053
2022-12-28,HENDERSON,00H,SG,244.27083333333337,244.2717803030303,4.9999999999954525,1.523999999998614,0.43,35,-2.5,2291.832,0.43,56.3269,10626.851999999395,-22.405634639999057
2022-12-28,HENDERSON,00H,SG,244.2952651515151,244.2962121212121,4.9999999999954525,1.523999999998614,0.43,36,-1.3,4407.369230769231,0.43,57.93624,10628.375999999394,-22.399081439999062
2022-12-28,HENDERSON,00H,SG,244.10511363636363,244.1060606060606,4.9999999999954525,1.523999999998614,0.43,35,0.6,9549.300000000001,0.43,56.3269,10629.899999999394,-22.392528239999066
2022-12-28,HENDERSON,00H,SG,244.28825757575757,244.28920454545457,4.9999999999954525,1.523999999998614,0.43,36,-1.6,3580.9874999999997,0.43,57.93624,10631.423999999393,-22.38597503999907
2022-12-28,HENDERSON,00H,SG,244.07670454545453,244.0776515151515,4.9999999999954525,1.523999999998614,0.43,35,2.1,2728.3714285714286,0.43,56.3269,10632.947999999393,-22.379421839999075
2022-12-28,HENDERSON,00H,SG,243.8590909090909,243.8600378787879,5.000000000145519,1.5240000000443543,0.43,35,3.4,1685.1705882352942,0.43,56.3269,10634.471999999438,-22.37286863999908
2022-12-28,HENDERSON,00H,SG,244.0655303030303,244.06666666666663,5.999999999994543,1.8287999999983369,0.43,35,2.7,2122.0666666666666,0.43,56.3269,10636.300799999435,-22.36631543999889
2022-12-28,HENDERSON,00H,SG,244.2844696969697,244.28560606060609,5.999999999994543,1.8287999999983369,0.43,36,-1.8,3183.1,0.43,57.93624,10638.129599999433,-22.358451599998897
2022-12-28,HENDERSON,00H,SG,244.0715909090909,244.0727272727273,5.999999999994543,1.8287999999983369,0.43,35,2.4,2387.3250000000003,0.43,56.3269,10639.95839999943,-22.350587759998906
2022-12-28,HENDERSON,00H,SG,244.30265151515152,244.3037878787879,5.999999999994543,1.8287999999983369,0.43,36,-0.9,6366.2,0.43,57.93624,10641.787199999428,-22.342723919998914
2022-12-28,HENDERSON,00H,SG,244.31117424242424,244.3123106060606,5.999999999994543,1.8287999999983369,0.43,36,-0.5,11459.16,0.43,57.93624,10643.615999999425,-22.334860079998922
2022-12-28,HENDERSON,00H,SG,244.2587121212121,244.25984848484848,5.999999999994543,1.8287999999983369,0.43,35,-2.8,2046.2785714285715,0.43,56.3269,10645.444799999423,-22.32699623999893
2022-12-28,HENDERSON,00H,SG,244.26041666666663,244.26155303030305,5.999999999994543,1.8287999999983369,0.43,35,-2.8,2046.2785714285715,0.43,56.3269,10647.27359999942,-22.31913239999894
2022-12-28,HENDERSON,00H,SG,244.04583333333332,244.04696969696968,5.999999999994543,1.8287999999983369,0.43,35,3.7,1548.535135135135,0.43,56.3269,10649.102399999418,-22.311268559998947
2022-12-28,HENDERSON,00H,SG,244.2746212121212,244.2757575757576,5.999999999994543,1.8287999999983369,0.43,35,-2.3,2491.121739130435,0.43,56.3269,10650.931199999415,-22.303404719998955
2022-12-28,HENDERSON,00H,SG,244.04905303030304,244.0501893939394,5.999999999994543,1.8287999999983369,0.43,35,3.6,1591.55,0.43,56.3269,10652.759999999413,-22.295540879998963
2022-12-28,HENDERSON,00H,SG,244.2782196969697,244.2793560606061,5.999999999994543,1.8287999999983369,0.43,35,-2.1,2728.3714285714286,0.43,56.3269,10654.58879999941,-22.28767703999897
2022-12-28,HENDERSON,00H,SG,244.0727272727273,244.07386363636363,5.999999999994543,1.8287999999983369,0.43,35,2.3,2491.121739130435,0.43,56.3269,10656.417599999408,-22.27981319999898
2022-12-28,HENDERSON,00H,SG,244.1089015151515,244.1100378787879,6.00000000014461,1.8288000000440772,0.43,35,0.4,14323.949999999999,0.43,56.3269,10658.246399999452,-22.271949359998988
2022-12-28,HENDERSON,00H,SG,243.8662878787879,243.86761363636364,6.9999999999936335,2.1335999999980597,0.43,35,3.7,1548.535135135135,0.43,56.3269,10660.37999999945,-22.264085519998797
2022-12-28,HENDERSON,00H,SG,244.09375,244.09507575757576,6.9999999999936335,2.1335999999980597,0.43,35,1.1,5208.70909090909,0.43,56.3269,10662.513599999447,-22.254911039998806
2022-12-28,HENDERSON,00H,SG,244.0433712121212,244.04469696969696,6.9999999999936335,2.1335999999980597,0.43,35,3.8,1507.7842105263157,0.43,56.3269,10664.647199999445,-22.245736559998814
2022-12-28,HENDERSON,00H,SG,244.08882575757576,244.09015151515152,6.9999999999936335,2.1335999999980597,0.43,35,1.4,4092.557142857143,0.43,56.3269,10666.780799999442,-22.236562079998823
2022-12-28,HENDERSON,00H,SG,244.29867424242423,244.3,6.9999999999936335,2.1335999999980597,0.43,36,-1.1,5208.70909090909,0.43,57.93624,10668.91439999944,-22.22738759999883
2022-12-28,HENDERSON,00H,SG,244.27613636363637,244.27746212121212,6.9999999999936335,2.1335999999980597,0.43,35,-2.2,2604.354545454545,0.43,56.3269,10671.047999999437,-22.21821311999884
2022-12-28,HENDERSON,00H,SG,243.84015151515152,243.84147727272727,6.9999999999936335,2.1335999999980597,0.43,35,2.3,2491.121739130435,0.43,56.3269,10673.181599999434,-22.209038639998848
2022-12-28,HENDERSON,00H,SG,243.84280303030303,243.8441287878788,6.9999999999936335,2.1335999999980597,0.43,35,2.5,2291.832,0.43,56.3269,10675.315199999432,-22.199864159998857
2022-12-28,HENDERSON,00H,SG,244.05113636363637,244.05246212121213,6.9999999999936335,2.1335999999980597,0.43,35,3.5,1637.0228571428572,0.43,56.3269,10677.448799999429,-22.190689679998865
2022-12-28,HENDERSON,00H,SG,244.05852272727273,244.0598484848485,6.9999999999936335,2.1335999999980597,0.43,35,3.1,1848.2516129032258,0.43,56.3269,10679.582399999426,-22.181515199998874
2022-12-28,HENDERSON,00H,SG,243.84147727272727,243.84280303030303,6.9999999999936335,2.1335999999980597,0.43,35,2.4,2387.3250000000003,0.43,56.3269,10681.715999999424,-22.172340719998882
2022-12-28,HENDERSON,00H,SG,242.0159090909091,242.01742424242423,7.999999999992724,2.4383999999977823,0.43,38,-1.9,3015.5684210526315,0.43,61.15492,10684.154399999421,-22.16316623999889
2022-12-28,HENDERSON,00H,SG,244.09223484848485,244.09375,7.999999999992724,2.4383999999977823,0.43,35,1.2,4774.650000000001,0.43,56.3269,10686.592799999418,-22.1526811199989
2022-12-28,HENDERSON,00H,SG,243.85132575757575,243.8528409090909,7.999999999992724,2.4383999999977823,0.43,35,3.0,1909.86,0.43,56.3269,10689.031199999416,-22.142195999998908
2022-12-28,HENDERSON,00H,SG,244.0748106060606,244.07632575757577,7.999999999992724,2.4383999999977823,0.43,35,2.2,2604.354545454545,0.43,56.3269,10691.469599999413,-22.131710879998916
2022-12-28,HENDERSON,00H,SG,243.85378787878787,243.85530303030305,7.999999999992724,2.4383999999977823,0.43,35,3.1,1848.2516129032258,0.43,56.3269,10693.90799999941,-22.121225759998925
2022-12-28,HENDERSON,00H,SG,244.2619318181818,244.26344696969696,7.999999999992724,2.4383999999977823,0.43,35,-2.8,2046.2785714285715,0.43,56.3269,10696.346399999407,-22.110740639998934
2022-12-28,HENDERSON,00H,SG,244.0564393939394,244.05795454545455,7.999999999992724,2.4383999999977823,0.43,35,3.2,1790.4937499999999,0.43,56.3269,10698.784799999405,-22.100255519998942
2022-12-28,HENDERSON,00H,SG,244.0820075757576,244.0835227272727,7.999999999992724,2.4383999999977823,0.43,35,1.8,3183.1,0.43,56.3269,10701.223199999402,-22.08977039999895
2022-12-28,HENDERSON,00H,SG,244.2647727272727,244.2662878787879,8.00000000014279,2.438400000043522,0.43,35,-2.7,2122.0666666666666,0.43,56.3269,10703.661599999445,-22.07928527999896
2022-12-28,HENDERSON,00H,SG,243.84469696969697,243.8464015151515,8.999999999991815,2.743199999997505,0.43,35,2.6,2203.6846153846154,0.43,56.3269,10706.404799999442,-22.068800159998773
2022-12-28,HENDERSON,00H,SG,244.1929924242424,244.19469696969696,8.999999999991815,2.743199999997505,0.43,35,-2.5,2291.832,0.43,56.3269,10709.147999999439,-22.057004399998785
2022-12-28,HENDERSON,00H,SG,244.06193181818185,244.06363636363636,8.999999999991815,2.743199999997505,0.43,35,2.9,1975.7172413793103,0.43,56.3269,10711.891199999436,-22.045208639998798
2022-12-28,HENDERSON,00H,SG,243.84791666666663,243.8496212121212,8.999999999991815,2.743199999997505,0.43,35,2.8,2046.2785714285715,0.43,56.3269,10714.634399999433,-22.03341287999881
2022-12-28,HENDERSON,00H,SG,244.06704545454545,244.06875,8.999999999991815,2.743199999997505,0.43,35,2.6,2203.6846153846154,0.43,56.3269,10717.37759999943,-22.021617119998822
2022-12-28,HENDERSON,00H,SG,243.8496212121212,243.85132575757575,8.999999999991815,2.743199999997505,0.43,35,2.9,1975.7172413793103,0.43,56.3269,10720.120799999428,-22.009821359998835
2022-12-28,HENDERSON,00H,SG,244.18541666666667,244.1871212121212,8.999999999991815,2.743199999997505,0.43,35,-2.2,2604.354545454545,0.43,56.3269,10722.863999999425,-21.998025599998847
2022-12-28,HENDERSON,00H,SG,244.18371212121212,244.18541666666667,8.999999999991815,2.743199999997505,0.43,35,-2.1,2728.3714285714286,0.43,56.3269,10725.607199999422,-21.98622983999886
2022-12-28,HENDERSON,00H,SG,244.10189393939393,244.10378787878787,9.999999999990903,3.047999999997228,0.43,35,0.7,8185.114285714286,0.43,56.3269,10728.655199999419,-21.974434079998872
2022-12-28,HENDERSON,00H,SG,242.01268939393935,242.01458333333332,9.999999999990903,3.047999999997228,0.43,38,-2.0,2864.79,0.43,61.15492,10731.703199999416,-21.961327679998885
2022-12-28,HENDERSON,00H,SG,244.06363636363636,244.0655303030303,9.999999999990903,3.047999999997228,0.43,35,2.8,2046.2785714285715,0.43,56.3269,10734.751199999413,-21.948221279998897
2022-12-28,HENDERSON,00H,SG,244.09772727272727,244.0996212121212,9.999999999990903,3.047999999997228,0.43,35,0.9,6366.2,0.43,56.3269,10737.79919999941,-21.93511487999891
2022-12-28,HENDERSON,00H,SG,244.3282196969697,244.33011363636365,9.999999999990903,3.047999999997228,0.43,36,0.0,1000000.0,0.43,57.93624,10740.847199999407,-21.922008479998922
2022-12-28,HENDERSON,00H,SG,242.00833333333333,242.0102272727273,9.999999999990903,3.047999999997228,0.43,38,-2.2,2604.354545454545,0.43,61.15492,10743.895199999404,-21.908902079998935
2022-12-28,HENDERSON,00H,SG,244.0850378787879,244.08693181818185,9.999999999990903,3.047999999997228,0.43,35,1.6,3580.9874999999997,0.43,56.3269,10746.943199999401,-21.895795679998947
2022-12-28,HENDERSON,00H,SG,244.05454545454543,244.0564393939394,9.999999999990903,3.047999999997228,0.43,35,3.3,1736.2363636363636,0.43,56.3269,10749.991199999398,-21.88268927999896
2022-12-28,HENDERSON,00H,SG,244.0689393939394,244.07083333333333,9.999999999990903,3.047999999997228,0.43,35,2.5,2291.832,0.43,56.3269,10753.039199999395,-21.869582879998973
2022-12-28,HENDERSON,00H,SG,243.86174242424244,243.86363636363637,9.999999999990903,3.047999999997228,0.43,35,3.5,1637.0228571428572,0.43,56.3269,10756.087199999392,-21.856476479998985
2022-12-28,HENDERSON,00H,SG,244.0780303030303,244.07992424242423,10.000000000140972,3.0480000000429683,0.43,35,2.0,2864.79,0.43,56.3269,10759.135199999435,-21.843370079998998
2022-12-28,HENDERSON,00H,SG,244.05246212121213,244.05454545454543,10.999999999989996,3.3527999999969507,0.43,35,3.4,1685.1705882352942,0.43,56.3269,10762.487999999432,-21.83026367999881
2022-12-28,HENDERSON,00H,SG,244.0598484848485,244.06193181818185,10.999999999989996,3.3527999999969507,0.43,35,3.0,1909.86,0.43,56.3269,10765.840799999429,-21.815846639998824
2022-12-28,HENDERSON,00H,SG,242.0018939393939,242.00397727272727,10.999999999989996,3.3527999999969507,0.43,38,-2.5,2291.832,0.43,61.15492,10769.193599999426,-21.801429599998837
2022-12-28,HENDERSON,00H,SG,243.85700757575756,243.8590909090909,10.999999999989996,3.3527999999969507,0.43,35,3.3,1736.2363636363636,0.43,56.3269,10772.546399999423,-21.78701255999885
2022-12-28,HENDERSON,00H,SG,244.1816287878788,244.18371212121212,10.999999999989996,3.3527999999969507,0.43,35,-2.0,2864.79,0.43,56.3269,10775.89919999942,-21.772595519998863
2022-12-28,HENDERSON,00H,SG,244.3090909090909,244.31117424242424,10.999999999989996,3.3527999999969507,0.43,36,-0.6,9549.300000000001,0.43,57.93624,10779.251999999417,-21.758178479998875
2022-12-28,HENDERSON,00H,SG,244.07992424242423,244.0820075757576,10.999999999989996,3.3527999999969507,0.43,35,1.9,3015.5684210526315,0.43,56.3269,10782.604799999413,-21.743761439998888
2022-12-28,HENDERSON,00H,SG,244.31363636363636,244.3159090909091,11.999999999989086,3.6575999999966737,0.43,36,-0.4,14323.949999999999,0.43,57.93624,10786.26239999941,-21.7293443999989
2022-12-28,HENDERSON,00H,SG,243.86363636363637,243.8659090909091,11.999999999989086,3.6575999999966737,0.43,35,3.6,1591.55,0.43,56.3269,10789.919999999407,-21.713616719998914
2022-12-28,HENDERSON,00H,SG,244.10625,244.1085227272727,11.999999999989086,3.6575999999966737,0.43,35,0.5,11459.16,0.43,56.3269,10793.577599999404,-21.697889039998927
2022-12-28,HENDERSON,00H,SG,242.00397727272727,242.00625,11.999999999989086,3.6575999999966737,0.43,38,-2.4,2387.3250000000003,0.43,61.15492,10797.2351999994,-21.68216135999894
2022-12-28,HENDERSON,00H,SG,244.0996212121212,244.10189393939393,11.999999999989086,3.6575999999966737,0.43,35,0.8,7161.974999999999,0.43,56.3269,10800.892799999398,-21.666433679998953
2022-12-28,HENDERSON,00H,SG,244.30473484848488,244.3070075757576,11.999999999989086,3.6575999999966737,0.43,36,-0.8,7161.974999999999,0.43,57.93624,10804.550399999394,-21.650705999998966
2022-12-28,HENDERSON,00H,SG,244.2662878787879,244.26875,12.999999999988177,3.962399999996397,0.43,35,-2.6,2203.6846153846154,0.43,56.3269,10808.512799999391,-21.63497831999898
2022-12-28,HENDERSON,00H,SG,244.18920454545457,244.19166666666663,12.999999999988177,3.962399999996397,0.43,35,-2.4,2387.3250000000003,0.43,56.3269,10812.475199999388,-21.617939999998995
2022-12-28,HENDERSON,00H,SG,242.0102272727273,242.01268939393935,12.999999999988177,3.962399999996397,0.43,38,-2.1,2728.3714285714286,0.43,61.15492,10816.437599999384,-21.600901679999012
2022-12-28,HENDERSON,00H,SG,244.3189393939394,244.32178030303027,14.999999999986358,4.571999999995842,0.43,36,-0.2,28647.899999999998,0.43,57.93624,10821.009599999381,-21.58386335999903
2022-12-28,HENDERSON,00H,SG,244.3159090909091,244.3189393939394,15.999999999985448,4.876799999995565,0.43,36,-0.3,19098.600000000002,0.43,57.93624,10825.886399999377,-21.564203759999046
2022-12-28,HENDERSON,00H,SG,243.86875,243.8717803030303,15.999999999985448,4.876799999995565,0.43,35,3.8,1507.7842105263157,0.43,56.3269,10830.763199999374,-21.543233519999067
2022-12-28,HENDERSON,00H,SG,244.19905303030305,244.2022727272727,16.99999999998454,5.181599999995288,0.43,35,-2.7,2122.0666666666666,0.43,56.3269,10835.944799999368,-21.522263279999088
2022-12-28,HENDERSON,00H,SG,244.24753787878788,244.25094696969697,17.99999999998363,5.48639999999501,0.43,35,-3.0,1909.86,0.43,56.3269,10841.431199999362,-21.49998239999911
2022-12-28,HENDERSON,00H,SG,244.19469696969696,244.19810606060605,17.99999999998363,5.48639999999501,0.43,35,-2.6,2203.6846153846154,0.43,56.3269,10846.917599999357,-21.47639087999913
2022-12-28,HENDERSON,00H,SG,244.03958333333333,244.0433712121212,19.99999999998181,6.095999999994456,0.43,35,3.9,1469.123076923077,0.43,56.3269,10853.01359999935,-21.45279935999915
2022-12-28,HENDERSON,00H,SG,243.8717803030303,243.87632575757576,23.999999999978172,7.3151999999933475,0.43,35,3.9,1469.123076923077,0.43,56.3269,10860.328799999344,-21.426586559999176
2022-12-28,HENDERSON,00H,SG,243.99242424242425,243.9981060606061,29.999999999972715,9.143999999991685,0.43,35,4.0,1432.395,0.43,56.3269,10869.472799999336,-21.395131199999206
2022-12-28,HENDERSON,00H,SG,244.32178030303027,244.32821969696968,33.99999999996908,10.363199999990576,0.43,36,-0.1,57295.799999999996,0.43,57.93624,10879.835999999326,-21.35581199999924
2022-12-28,HENDERSON,00H,SG,244.25113636363636,244.2587121212121,39.99999999996362,12.191999999988912,0.43,35,-2.9,1975.7172413793103,0.43,56.3269,10892.027999999314,-21.311250239999282
2022-12-28,HENDERSON,00H,SG,244.2335227272727,244.2473484848485,73.00000000008367,22.250400000025504,0.43,35,-3.0,1909.86,0.43,56.3269,10914.27839999934,-21.25882463999933
2022-12-28,HENDERSON,00H,SG,243.9981060606061,244.01268939393935,76.99999999992997,23.469599999978655,0.43,35,4.1,1397.458536585366,0.43,56.3269,10937.74799999932,-21.16314791999922
2022-12-28,HENDERSON,00H,SG,244.2179924242424,244.23314393939393,79.99999999992724,24.383999999977824,0.43,35,-2.9,1975.7172413793103,0.43,56.3269,10962.131999999297,-21.06222863999931
2022-12-28,HENDERSON,00H,SG,244.2022727272727,244.2179924242424,83.00000000007458,25.29840000002273,0.43,35,-2.8,2046.2785714285715,0.43,56.3269,10987.43039999932,-20.95737743999941
2022-12-28,HENDERSON,00H,SG,244.01268939393935,244.03958333333333,142.00000000002092,43.28160000000638,0.43,35,4.0,1432.395,0.43,56.3269,11030.711999999327,-20.84859431999931
2022-12-28,HENDERSON,00H,SG,243.93503787878788,243.99242424242425,303.00000000002456,92.35440000000749,0.43,35,4.1,1397.458536585366,0.43,56.3269,11123.066399999334,-20.662483439999285
2022-12-28,HENDERSON,00H,SG,243.87632575757576,243.93503787878788,310.0000000000182,94.48800000000554,0.43,35,4.0,1432.395,0.43,56.3269,11217.554399999339,-20.265359519999254
2022-12-28,HENDERSON,00H,SG,242.92632575757577,242.92651515151516,0.9999999999990904,0.3047999999997227,0.44,37,-2.9,1975.7172413793103,0.44,59.54558,11217.859199999339,-19.859061119999232
2022-12-28,HENDERSON,00H,SG,242.92973484848488,242.92992424242425,0.9999999999990904,0.3047999999997227,0.44,37,-2.9,1975.7172413793103,0.44,59.54558,11218.163999999339,-19.857719999999233
2022-12-28,HENDERSON,00H,SG,242.93598484848485,242.93617424242424,0.9999999999990904,0.3047999999997227,0.44,36,-3.2,1790.4937499999999,0.44,57.93624,11218.468799999338,-19.856378879999234
2022-12-28,HENDERSON,00H,SG,242.94185606060609,242.94204545454545,0.9999999999990904,0.3047999999997227,0.44,37,-3.6,1591.55,0.44,59.54558,11218.773599999338,-19.855037759999234
2022-12-28,HENDERSON,00H,SG,242.56742424242424,242.56761363636363,0.9999999999990904,0.3047999999997227,0.44,37,2.8,2046.2785714285715,0.44,59.54558,11219.078399999338,-19.853696639999235
2022-12-28,HENDERSON,00H,SG,242.93333333333337,242.93352272727273,0.9999999999990904,0.3047999999997227,0.44,37,-3.2,1790.4937499999999,0.44,59.54558,11219.383199999338,-19.852355519999236
2022-12-28,HENDERSON,00H,SG,242.58844696969695,242.58863636363637,0.9999999999990904,0.3047999999997227,0.44,37,3.9,1469.123076923077,0.44,59.54558,11219.687999999338,-19.851014399999237
2022-12-28,HENDERSON,00H,SG,242.6909090909091,242.69109848484848,0.9999999999990904,0.3047999999997227,0.44,37,1.7,3370.3411764705884,0.44,59.54558,11219.992799999338,-19.849673279999237
2022-12-28,HENDERSON,00H,SG,243.0376893939394,243.0378787878788,0.9999999999990904,0.3047999999997227,0.44,36,-4.0,1432.395,0.44,57.93624,11220.297599999338,-19.848332159999238
2022-12-28,HENDERSON,00H,SG,242.58693181818185,242.5871212121212,0.9999999999990904,0.3047999999997227,0.44,37,3.9,1469.123076923077,0.44,59.54558,11220.602399999338,-19.84699103999924
2022-12-28,HENDERSON,00H,SG,242.6501893939394,242.6503787878788,0.9999999999990904,0.3047999999997227,0.44,37,3.6,1591.55,0.44,59.54558,11220.907199999338,-19.84564991999924
2022-12-28,HENDERSON,00H,SG,243.0643939393939,243.06458333333333,0.9999999999990904,0.3047999999997227,0.44,36,-2.9,1975.7172413793103,0.44,57.93624,11221.211999999337,-19.84430879999924
2022-12-28,HENDERSON,00H,SG,242.93314393939391,242.93333333333337,0.9999999999990904,0.3047999999997227,0.44,37,-3.1,1848.2516129032258,0.44,59.54558,11221.516799999337,-19.84296767999924
2022-12-28,HENDERSON,00H,SG,243.04053030303027,243.0407196969697,0.9999999999990904,0.3047999999997227,0.44,37,-3.9,1469.123076923077,0.44,59.54558,11221.821599999337,-19.84162655999924
2022-12-28,HENDERSON,00H,SG,243.0590909090909,243.0592803030303,0.9999999999990904,0.3047999999997227,0.44,37,-3.0,1909.86,0.44,59.54558,11222.126399999337,-19.840285439999242
2022-12-28,HENDERSON,00H,SG,242.69715909090908,242.69734848484848,0.9999999999990904,0.3047999999997227,0.44,37,1.4,4092.557142857143,0.44,59.54558,11222.431199999337,-19.838944319999243
2022-12-28,HENDERSON,00H,SG,242.57178030303027,242.5719696969697,0.9999999999990904,0.3047999999997227,0.44,37,3.0,1909.86,0.44,59.54558,11222.735999999337,-19.837603199999243
2022-12-28,HENDERSON,00H,SG,242.9202651515151,242.92045454545453,0.9999999999990904,0.3047999999997227,0.44,36,-2.6,2203.6846153846154,0.44,57.93624,11223.040799999337,-19.836262079999244
2022-12-28,HENDERSON,00H,SG,243.0560606060606,243.05625,0.9999999999990904,0.3047999999997227,0.44,37,-3.3,1736.2363636363636,0.44,59.54558,11223.345599999337,-19.834920959999245
2022-12-28,HENDERSON,00H,SG,242.92083333333332,242.9210227272727,0.9999999999990904,0.3047999999997227,0.44,37,-2.5,2291.832,0.44,59.54558,11223.650399999337,-19.833579839999246
2022-12-28,HENDERSON,00H,SG,242.9227272727273,242.92291666666668,0.9999999999990904,0.3047999999997227,0.44,36,-2.7,2122.0666666666666,0.44,57.93624,11223.955199999336,-19.832238719999246
2022-12-28,HENDERSON,00H,SG,243.0320075757576,243.03219696969697,0.9999999999990904,0.3047999999997227,0.44,36,-4.1,1397.458536585366,0.44,57.93624,11224.259999999336,-19.830897599999247
2022-12-28,HENDERSON,00H,SG,242.64943181818185,242.6496212121212,0.9999999999990904,0.3047999999997227,0.44,37,3.6,1591.55,0.44,59.54558,11224.564799999336,-19.829556479999248
2022-12-28,HENDERSON,00H,SG,242.6590909090909,242.6592803030303,0.9999999999990904,0.3047999999997227,0.44,37,3.2,1790.4937499999999,0.44,59.54558,11224.869599999336,-19.82821535999925
2022-12-28,HENDERSON,00H,SG,243.09734848484848,243.09753787878788,0.9999999999990904,0.3047999999997227,0.44,37,-1.4,4092.557142857143,0.44,59.54558,11225.174399999336,-19.82687423999925
2022-12-28,HENDERSON,00H,SG,243.03257575757576,243.03276515151515,0.9999999999990904,0.3047999999997227,0.44,36,-4.1,1397.458536585366,0.44,57.93624,11225.479199999336,-19.82553311999925
2022-12-28,HENDERSON,00H,SG,243.0971590909091,243.09734848484848,0.9999999999990904,0.3047999999997227,0.44,37,-1.3,4407.369230769231,0.44,59.54558,11225.783999999336,-19.82419199999925
2022-12-28,HENDERSON,00H,SG,242.64469696969695,242.64488636363637,0.9999999999990904,0.3047999999997227,0.44,37,3.8,1507.7842105263157,0.44,59.54558,11226.088799999336,-19.82285087999925
2022-12-28,HENDERSON,00H,SG,243.04090909090908,243.04109848484848,0.9999999999990904,0.3047999999997227,0.44,36,-3.9,1469.123076923077,0.44,57.93624,11226.393599999335,-19.821509759999252
2022-12-28,HENDERSON,00H,SG,242.56704545454545,242.56723484848484,0.9999999999990904,0.3047999999997227,0.44,37,2.8,2046.2785714285715,0.44,59.54558,11226.698399999335,-19.820168639999252
2022-12-28,HENDERSON,00H,SG,242.95946969696973,242.9596590909091,0.9999999999990904,0.3047999999997227,0.44,36,-4.2,1364.1857142857143,0.44,57.93624,11227.003199999335,-19.818827519999253
2022-12-28,HENDERSON,00H,SG,243.06723484848484,243.06742424242424,0.9999999999990904,0.3047999999997227,0.44,37,-2.7,2122.0666666666666,0.44,59.54558,11227.307999999335,-19.817486399999254
2022-12-28,HENDERSON,00H,SG,242.94526515151512,242.94545454545457,0.9999999999990904,0.3047999999997227,0.44,36,-3.8,1507.7842105263157,0.44,57.93624,11227.612799999335,-19.816145279999255
2022-12-28,HENDERSON,00H,SG,243.06742424242424,243.06761363636363,0.9999999999990904,0.3047999999997227,0.44,37,-2.8,2046.2785714285715,0.44,59.54558,11227.917599999335,-19.814804159999255
2022-12-28,HENDERSON,00H,SG,243.08011363636365,243.08030303030304,0.9999999999990904,0.3047999999997227,0.44,37,-2.1,2728.3714285714286,0.44,59.54558,11228.222399999335,-19.813463039999256
2022-12-28,HENDERSON,00H,SG,242.92045454545453,242.92064393939393,0.9999999999990904,0.3047999999997227,0.44,37,-2.5,2291.832,0.44,59.54558,11228.527199999335,-19.812121919999257
2022-12-28,HENDERSON,00H,SG,242.9221590909091,242.9223484848485,0.9999999999990904,0.3047999999997227,0.44,37,-2.6,2203.6846153846154,0.44,59.54558,11228.831999999335,-19.810780799999257
2022-12-28,HENDERSON,00H,SG,242.94829545454544,242.94848484848484,0.9999999999990904,0.3047999999997227,0.44,36,-3.8,1507.7842105263157,0.44,57.93624,11229.136799999334,-19.809439679999258
2022-12-28,HENDERSON,00H,SG,243.0558712121212,243.0560606060606,0.9999999999990904,0.3047999999997227,0.44,37,-3.2,1790.4937499999999,0.44,59.54558,11229.441599999334,-19.80809855999926
2022-12-28,HENDERSON,00H,SG,242.6679924242424,242.6681818181818,0.9999999999990904,0.3047999999997227,0.44,37,2.8,2046.2785714285715,0.44,59.54558,11229.746399999334,-19.80675743999926
2022-12-28,HENDERSON,00H,SG,242.94242424242424,242.94261363636363,0.9999999999990904,0.3047999999997227,0.44,36,-3.5,1637.0228571428572,0.44,57.93624,11230.051199999334,-19.80541631999926
2022-12-28,HENDERSON,00H,SG,243.0399621212121,243.0401515151515,0.9999999999990904,0.3047999999997227,0.44,37,-3.9,1469.123076923077,0.44,59.54558,11230.355999999334,-19.80407519999926
2022-12-28,HENDERSON,00H,SG,242.94223484848484,242.94242424242424,0.9999999999990904,0.3047999999997227,0.44,37,-3.6,1591.55,0.44,59.54558,11230.660799999334,-19.80273407999926
2022-12-28,HENDERSON,00H,SG,242.94753787878787,242.9477272727273,0.9999999999990904,0.3047999999997227,0.44,37,-3.9,1469.123076923077,0.44,59.54558,11230.965599999334,-19.801392959999262
2022-12-28,HENDERSON,00H,SG,242.92651515151516,242.92670454545456,0.9999999999990904,0.3047999999997227,0.44,36,-2.9,1975.7172413793103,0.44,57.93624,11231.270399999334,-19.800051839999263
2022-12-28,HENDERSON,00H,SG,243.0282196969697,243.0284090909091,0.9999999999990904,0.3047999999997227,0.44,37,-4.1,1397.458536585366,0.44,59.54558,11231.575199999334,-19.798710719999264
2022-12-28,HENDERSON,00H,SG,243.0625,243.0626893939394,0.9999999999990904,0.3047999999997227,0.44,36,-3.0,1909.86,0.44,57.93624,11231.879999999333,-19.797369599999264
2022-12-28,HENDERSON,00H,SG,242.92291666666668,242.92310606060607,0.9999999999990904,0.3047999999997227,0.44,36,-2.6,2203.6846153846154,0.44,57.93624,11232.184799999333,-19.796028479999265
2022-12-28,HENDERSON,00H,SG,242.9477272727273,242.94791666666663,0.9999999999990904,0.3047999999997227,0.44,37,-3.8,1507.7842105263157,0.44,59.54558,11232.489599999333,-19.794687359999266
2022-12-28,HENDERSON,00H,SG,243.05151515151516,243.05170454545456,0.9999999999990904,0.3047999999997227,0.44,37,-3.4,1685.1705882352942,0.44,59.54558,11232.794399999333,-19.793346239999266
2022-12-28,HENDERSON,00H,SG,242.6445075757576,242.64469696969695,0.9999999999990904,0.3047999999997227,0.44,37,3.7,1548.535135135135,0.44,59.54558,11233.099199999333,-19.792005119999267
2022-12-28,HENDERSON,00H,SG,242.91003787878788,242.91022727272727,0.9999999999990904,0.3047999999997227,0.44,36,-2.1,2728.3714285714286,0.44,57.93624,11233.403999999333,-19.790663999999268
2022-12-28,HENDERSON,00H,SG,242.56477272727273,242.56496212121212,0.9999999999990904,0.3047999999997227,0.44,37,2.8,2046.2785714285715,0.44,59.54558,11233.708799999333,-19.78932287999927
2022-12-28,HENDERSON,00H,SG,242.5715909090909,242.57178030303027,0.9999999999990904,0.3047999999997227,0.44,37,3.1,1848.2516129032258,0.44,59.54558,11234.013599999333,-19.78798175999927
2022-12-28,HENDERSON,00H,SG,242.69261363636363,242.69280303030305,0.9999999999990904,0.3047999999997227,0.44,37,1.6,3580.9874999999997,0.44,59.54558,11234.318399999333,-19.78664063999927
2022-12-28,HENDERSON,00H,SG,242.58371212121213,242.58390151515152,0.9999999999990904,0.3047999999997227,0.44,37,3.7,1548.535135135135,0.44,59.54558,11234.623199999332,-19.78529951999927
2022-12-28,HENDERSON,00H,SG,243.0429924242424,243.0431818181818,0.9999999999990904,0.3047999999997227,0.44,36,-3.7,1548.535135135135,0.44,57.93624,11234.927999999332,-19.78395839999927
2022-12-28,HENDERSON,00H,SG,242.93276515151516,242.93295454545455,0.9999999999990904,0.3047999999997227,0.44,36,-3.2,1790.4937499999999,0.44,57.93624,11235.232799999332,-19.782617279999272
2022-12-28,HENDERSON,00H,SG,243.08219696969695,243.08238636363637,0.9999999999990904,0.3047999999997227,0.44,37,-2.0,2864.79,0.44,59.54558,11235.537599999332,-19.781276159999273
2022-12-28,HENDERSON,00H,SG,242.6617424242424,242.6619318181818,0.9999999999990904,0.3047999999997227,0.44,37,3.1,1848.2516129032258,0.44,59.54558,11235.842399999332,-19.779935039999273
2022-12-28,HENDERSON,00H,SG,242.6727272727273,242.67291666666668,0.9999999999990904,0.3047999999997227,0.44,37,2.6,2203.6846153846154,0.44,59.54558,11236.147199999332,-19.778593919999274
2022-12-28,HENDERSON,00H,SG,242.925,242.9251893939394,0.9999999999990904,0.3047999999997227,0.44,36,-2.7,2122.0666666666666,0.44,57.93624,11236.451999999332,-19.777252799999275
2022-12-28,HENDERSON,00H,SG,242.56685606060609,242.56704545454545,0.9999999999990904,0.3047999999997227,0.44,37,2.9,1975.7172413793103,0.44,59.54558,11236.756799999332,-19.775911679999275
2022-12-28,HENDERSON,00H,SG,242.58863636363637,242.58882575757576,0.9999999999990904,0.3047999999997227,0.44,37,3.8,1507.7842105263157,0.44,59.54558,11237.061599999332,-19.774570559999276
2022-12-28,HENDERSON,00H,SG,242.94204545454545,242.94223484848484,0.9999999999990904,0.3047999999997227,0.44,37,-3.5,1637.0228571428572,0.44,59.54558,11237.366399999331,-19.773229439999277
2022-12-28,HENDERSON,00H,SG,242.9503787878788,242.95056818181817,0.9999999999990904,0.3047999999997227,0.44,36,-4.0,1432.395,0.44,57.93624,11237.671199999331,-19.771888319999277
2022-12-28,HENDERSON,00H,SG,243.07178030303027,243.0719696969697,0.9999999999990904,0.3047999999997227,0.44,37,-2.6,2203.6846153846154,0.44,59.54558,11237.975999999331,-19.770547199999278
2022-12-28,HENDERSON,00H,SG,242.6810606060606,242.68125,0.9999999999990904,0.3047999999997227,0.44,37,2.2,2604.354545454545,0.44,59.54558,11238.280799999331,-19.76920607999928
2022-12-28,HENDERSON,00H,SG,242.56003787878788,242.56022727272727,0.9999999999990904,0.3047999999997227,0.44,37,2.6,2203.6846153846154,0.44,59.54558,11238.585599999331,-19.76786495999928
2022-12-28,HENDERSON,00H,SG,242.91022727272727,242.91041666666663,0.9999999999990904,0.3047999999997227,0.44,36,-2.0,2864.79,0.44,57.93624,11238.89039999933,-19.76652383999928
2022-12-28,HENDERSON,00H,SG,242.56723484848484,242.56742424242424,0.9999999999990904,0.3047999999997227,0.44,37,2.9,1975.7172413793103,0.44,59.54558,11239.19519999933,-19.76518271999928
2022-12-28,HENDERSON,00H,SG,243.06761363636363,243.06780303030305,0.9999999999990904,0.3047999999997227,0.44,37,-2.7,2122.0666666666666,0.44,59.54558,11239.49999999933,-19.76384159999928
2022-12-28,HENDERSON,00H,SG,243.0691287878788,243.06931818181815,0.9999999999990904,0.3047999999997227,0.44,37,-2.6,2203.6846153846154,0.44,59.54558,11239.80479999933,-19.762500479999282
2022-12-28,HENDERSON,00H,SG,243.08030303030304,243.08049242424244,0.9999999999990904,0.3047999999997227,0.44,37,-2.2,2604.354545454545,0.44,59.54558,11240.10959999933,-19.761159359999283
2022-12-28,HENDERSON,00H,SG,242.92064393939393,242.92083333333332,0.9999999999990904,0.3047999999997227,0.44,37,-2.6,2203.6846153846154,0.44,59.54558,11240.41439999933,-19.759818239999284
2022-12-28,HENDERSON,00H,SG,242.92821969696973,242.9284090909091,0.9999999999990904,0.3047999999997227,0.44,36,-2.9,1975.7172413793103,0.44,57.93624,11240.71919999933,-19.758477119999284
2022-12-28,HENDERSON,00H,SG,243.0375,243.0376893939394,0.9999999999990904,0.3047999999997227,0.44,36,-3.9,1469.123076923077,0.44,57.93624,11241.02399999933,-19.757135999999285
2022-12-28,HENDERSON,00H,SG,242.93219696969695,242.93238636363637,0.9999999999990904,0.3047999999997227,0.44,36,-3.0,1909.86,0.44,57.93624,11241.32879999933,-19.755794879999286
2022-12-28,HENDERSON,00H,SG,242.6535984848485,242.65378787878788,0.9999999999990904,0.3047999999997227,0.44,37,3.3,1736.2363636363636,0.44,59.54558,11241.63359999933,-19.754453759999286
2022-12-28,HENDERSON,00H,SG,243.03371212121212,243.0339015151515,0.9999999999990904,0.3047999999997227,0.44,37,-4.0,1432.395,0.44,59.54558,11241.93839999933,-19.753112639999287
2022-12-28,HENDERSON,00H,SG,242.64166666666668,242.64185606060607,0.9999999999990904,0.3047999999997227,0.44,37,3.9,1469.123076923077,0.44,59.54558,11242.24319999933,-19.751771519999288
2022-12-28,HENDERSON,00H,SG,242.5880681818182,242.5882575757576,0.9999999999990904,0.3047999999997227,0.44,37,3.9,1469.123076923077,0.44,59.54558,11242.54799999933,-19.75043039999929
2022-12-28,HENDERSON,00H,SG,242.6710227272727,242.6712121212121,0.9999999999990904,0.3047999999997227,0.44,37,2.7,2122.0666666666666,0.44,59.54558,11242.85279999933,-19.74908927999929
2022-12-28,HENDERSON,00H,SG,243.04810606060607,243.04829545454547,0.9999999999990904,0.3047999999997227,0.44,36,-3.5,1637.0228571428572,0.44,57.93624,11243.15759999933,-19.74774815999929
2022-12-28,HENDERSON,00H,SG,242.6787878787879,242.67897727272728,0.9999999999990904,0.3047999999997227,0.44,37,2.3,2491.121739130435,0.44,59.54558,11243.46239999933,-19.74640703999929
2022-12-28,HENDERSON,00H,SG,242.9308712121212,242.9310606060606,0.9999999999990904,0.3047999999997227,0.44,36,-3.1,1848.2516129032258,0.44,57.93624,11243.767199999329,-19.74506591999929
2022-12-28,HENDERSON,00H,SG,242.93295454545455,242.93314393939391,0.9999999999990904,0.3047999999997227,0.44,37,-3.2,1790.4937499999999,0.44,59.54558,11244.071999999329,-19.743724799999292
2022-12-28,HENDERSON,00H,SG,242.55814393939391,242.55833333333337,0.9999999999990904,0.3047999999997227,0.44,37,2.5,2291.832,0.44,59.54558,11244.376799999329,-19.742383679999293
2022-12-28,HENDERSON,00H,SG,242.5882575757576,242.58844696969695,0.9999999999990904,0.3047999999997227,0.44,37,3.8,1507.7842105263157,0.44,59.54558,11244.681599999329,-19.741042559999293
2022-12-28,HENDERSON,00H,SG,243.0407196969697,243.04090909090908,0.9999999999990904,0.3047999999997227,0.44,37,-3.8,1507.7842105263157,0.44,59.54558,11244.986399999329,-19.739701439999294
2022-12-28,HENDERSON,00H,SG,242.56496212121212,242.5653409090909,1.999999999998181,0.6095999999994455,0.44,37,2.7,2122.0666666666666,0.44,59.54558,11245.595999999328,-19.738360319999295
2022-12-28,HENDERSON,00H,SG,242.9439393939394,242.94431818181815,1.999999999998181,0.6095999999994455,0.44,37,-3.7,1548.535135135135,0.44,59.54558,11246.205599999328,-19.735678079999296
2022-12-28,HENDERSON,00H,SG,243.0626893939394,243.06306818181815,1.999999999998181,0.6095999999994455,0.44,36,-2.9,1975.7172413793103,0.44,57.93624,11246.815199999328,-19.732995839999298
2022-12-28,HENDERSON,00H,SG,242.93617424242424,242.93655303030303,1.999999999998181,0.6095999999994455,0.44,36,-3.3,1736.2363636363636,0.44,57.93624,11247.424799999328,-19.7303135999993
2022-12-28,HENDERSON,00H,SG,243.03219696969697,243.03257575757576,1.999999999998181,0.6095999999994455,0.44,37,-4.1,1397.458536585366,0.44,59.54558,11248.034399999327,-19.7276313599993
2022-12-28,HENDERSON,00H,SG,242.6712121212121,242.6715909090909,1.999999999998181,0.6095999999994455,0.44,37,2.6,2203.6846153846154,0.44,59.54558,11248.643999999327,-19.7249491199993
2022-12-28,HENDERSON,00H,SG,242.65378787878788,242.65416666666667,1.999999999998181,0.6095999999994455,0.44,37,3.4,1685.1705882352942,0.44,59.54558,11249.253599999327,-19.722266879999303
2022-12-28,HENDERSON,00H,SG,242.9318181818182,242.93219696969695,1.999999999998181,0.6095999999994455,0.44,36,-3.1,1848.2516129032258,0.44,57.93624,11249.863199999327,-19.719584639999304
2022-12-28,HENDERSON,00H,SG,242.92708333333337,242.92746212121213,1.999999999998181,0.6095999999994455,0.44,36,-2.9,1975.7172413793103,0.44,57.93624,11250.472799999327,-19.716902399999306
2022-12-28,HENDERSON,00H,SG,242.9435606060606,242.9439393939394,1.999999999998181,0.6095999999994455,0.44,37,-3.6,1591.55,0.44,59.54558,11251.082399999326,-19.714220159999307
2022-12-28,HENDERSON,00H,SG,243.04261363636363,243.0429924242424,1.999999999998181,0.6095999999994455,0.44,36,-3.8,1507.7842105263157,0.44,57.93624,11251.691999999326,-19.71153791999931
2022-12-28,HENDERSON,00H,SG,242.94848484848484,242.94886363636363,1.999999999998181,0.6095999999994455,0.44,36,-3.9,1469.123076923077,0.44,57.93624,11252.301599999326,-19.70885567999931
2022-12-28,HENDERSON,00H,SG,242.92935606060607,242.92973484848488,1.999999999998181,0.6095999999994455,0.44,37,-3.0,1909.86,0.44,59.54558,11252.911199999326,-19.70617343999931
2022-12-28,HENDERSON,00H,SG,242.91742424242423,242.91780303030305,1.999999999998181,0.6095999999994455,0.44,36,-2.4,2387.3250000000003,0.44,57.93624,11253.520799999325,-19.703491199999313
2022-12-28,HENDERSON,00H,SG,242.9246212121212,242.925,1.999999999998181,0.6095999999994455,0.44,36,-2.8,2046.2785714285715,0.44,57.93624,11254.130399999325,-19.700808959999314
2022-12-28,HENDERSON,00H,SG,242.93238636363637,242.93276515151516,1.999999999998181,0.6095999999994455,0.44,36,-3.1,1848.2516129032258,0.44,57.93624,11254.739999999325,-19.698126719999316
2022-12-28,HENDERSON,00H,SG,243.0431818181818,243.0435606060606,1.999999999998181,0.6095999999994455,0.44,36,-3.8,1507.7842105263157,0.44,57.93624,11255.349599999325,-19.695444479999317
2022-12-28,HENDERSON,00H,SG,242.92670454545456,242.92708333333337,1.999999999998181,0.6095999999994455,0.44,36,-2.8,2046.2785714285715,0.44,57.93624,11255.959199999324,-19.69276223999932
2022-12-28,HENDERSON,00H,SG,243.0401515151515,243.04053030303027,1.999999999998181,0.6095999999994455,0.44,37,-3.8,1507.7842105263157,0.44,59.54558,11256.568799999324,-19.69007999999932
2022-12-28,HENDERSON,00H,SG,242.58522727272728,242.58560606060607,1.999999999998181,0.6095999999994455,0.44,37,3.8,1507.7842105263157,0.44,59.54558,11257.178399999324,-19.68739775999932
2022-12-28,HENDERSON,00H,SG,243.0435606060606,243.04393939393935,1.999999999998181,0.6095999999994455,0.44,37,-3.8,1507.7842105263157,0.44,59.54558,11257.787999999324,-19.684715519999322
2022-12-28,HENDERSON,00H,SG,243.06969696969696,243.07007575757575,1.999999999998181,0.6095999999994455,0.44,36,-2.6,2203.6846153846154,0.44,57.93624,11258.397599999324,-19.682033279999324
2022-12-28,HENDERSON,00H,SG,242.68125,242.6816287878788,1.999999999998181,0.6095999999994455,0.44,37,2.1,2728.3714285714286,0.44,59.54558,11259.007199999323,-19.679351039999325
2022-12-28,HENDERSON,00H,SG,243.01325757575756,243.01363636363635,1.999999999998181,0.6095999999994455,0.44,37,-4.1,1397.458536585366,0.44,59.54558,11259.616799999323,-19.676668799999327
2022-12-28,HENDERSON,00H,SG,243.05719696969695,243.05757575757576,1.999999999998181,0.6095999999994455,0.44,36,-3.2,1790.4937499999999,0.44,57.93624,11260.226399999323,-19.673986559999328
2022-12-28,HENDERSON,00H,SG,242.94715909090908,242.94753787878787,1.999999999998181,0.6095999999994455,0.44,37,-3.8,1507.7842105263157,0.44,59.54558,11260.835999999323,-19.67130431999933
2022-12-28,HENDERSON,00H,SG,243.01363636363635,243.0140151515151,1.999999999998181,0.6095999999994455,0.44,37,-4.2,1364.1857142857143,0.44,59.54558,11261.445599999322,-19.66862207999933
2022-12-28,HENDERSON,00H,SG,243.0714015151515,243.07178030303027,1.999999999998181,0.6095999999994455,0.44,36,-2.6,2203.6846153846154,0.44,57.93624,11262.055199999322,-19.665939839999332
2022-12-28,HENDERSON,00H,SG,242.99621212121212,242.9965909090909,1.999999999998181,0.6095999999994455,0.44,36,-4.1,1397.458536585366,0.44,57.93624,11262.664799999322,-19.663257599999334
2022-12-28,HENDERSON,00H,SG,242.64905303030304,242.64943181818185,1.999999999998181,0.6095999999994455,0.44,37,3.5,1637.0228571428572,0.44,59.54558,11263.274399999322,-19.660575359999335
2022-12-28,HENDERSON,00H,SG,243.0378787878788,243.03825757575757,1.999999999998181,0.6095999999994455,0.44,36,-3.9,1469.123076923077,0.44,57.93624,11263.883999999322,-19.657893119999336
2022-12-28,HENDERSON,00H,SG,243.05397727272728,243.05435606060607,1.999999999998181,0.6095999999994455,0.44,36,-3.3,1736.2363636363636,0.44,57.93624,11264.493599999321,-19.655210879999338
2022-12-28,HENDERSON,00H,SG,242.9151515151515,242.91553030303027,1.999999999998181,0.6095999999994455,0.44,37,-2.3,2491.121739130435,0.44,59.54558,11265.103199999321,-19.65252863999934
2022-12-28,HENDERSON,00H,SG,242.94791666666663,242.94829545454544,1.999999999998181,0.6095999999994455,0.44,36,-3.9,1469.123076923077,0.44,57.93624,11265.71279999932,-19.64984639999934
2022-12-28,HENDERSON,00H,SG,243.06931818181815,243.06969696969696,1.999999999998181,0.6095999999994455,0.44,37,-2.7,2122.0666666666666,0.44,59.54558,11266.32239999932,-19.647164159999342
2022-12-28,HENDERSON,00H,SG,242.58390151515152,242.5842803030303,1.999999999998181,0.6095999999994455,0.44,37,3.6,1591.55,0.44,59.54558,11266.93199999932,-19.644481919999343
2022-12-28,HENDERSON,00H,SG,242.91155303030305,242.9119318181818,1.999999999998181,0.6095999999994455,0.44,37,-2.1,2728.3714285714286,0.44,59.54558,11267.54159999932,-19.641799679999345
2022-12-28,HENDERSON,00H,SG,243.0996212121212,243.1,1.999999999998181,0.6095999999994455,0.44,37,-1.2,4774.650000000001,0.44,59.54558,11268.15119999932,-19.639117439999346
2022-12-28,HENDERSON,00H,SG,242.9223484848485,242.9227272727273,1.999999999998181,0.6095999999994455,0.44,37,-2.7,2122.0666666666666,0.44,59.54558,11268.76079999932,-19.636435199999347
2022-12-28,HENDERSON,00H,SG,243.02954545454543,243.02992424242424,1.999999999998181,0.6095999999994455,0.44,37,-4.1,1397.458536585366,0.44,59.54558,11269.37039999932,-19.63375295999935
2022-12-28,HENDERSON,00H,SG,242.69507575757575,242.69545454545457,1.999999999998181,0.6095999999994455,0.44,37,1.5,3819.72,0.44,59.54558,11269.97999999932,-19.63107071999935
2022-12-28,HENDERSON,00H,SG,243.02689393939391,243.02727272727273,1.999999999998181,0.6095999999994455,0.44,36,-4.2,1364.1857142857143,0.44,57.93624,11270.589599999319,-19.62838847999935
2022-12-28,HENDERSON,00H,SG,243.08238636363637,243.08276515151516,1.999999999998181,0.6095999999994455,0.44,37,-2.1,2728.3714285714286,0.44,59.54558,11271.199199999319,-19.625706239999353
2022-12-28,HENDERSON,00H,SG,242.58636363636364,242.58693181818185,2.9999999999972715,0.9143999999991684,0.44,37,3.8,1507.7842105263157,0.44,59.54558,11272.113599999318,-19.623023999999354
2022-12-28,HENDERSON,00H,SG,242.9965909090909,242.9971590909091,2.9999999999972715,0.9143999999991684,0.44,36,-4.2,1364.1857142857143,0.44,57.93624,11273.027999999318,-19.619000639999356
2022-12-28,HENDERSON,00H,SG,242.9498106060606,242.9503787878788,2.9999999999972715,0.9143999999991684,0.44,36,-3.9,1469.123076923077,0.44,57.93624,11273.942399999318,-19.61497727999936
2022-12-28,HENDERSON,00H,SG,242.6496212121212,242.6501893939394,2.9999999999972715,0.9143999999991684,0.44,37,3.5,1637.0228571428572,0.44,59.54558,11274.856799999317,-19.61095391999936
2022-12-28,HENDERSON,00H,SG,242.91685606060605,242.91742424242423,2.9999999999972715,0.9143999999991684,0.44,37,-2.4,2387.3250000000003,0.44,59.54558,11275.771199999317,-19.606930559999363
2022-12-28,HENDERSON,00H,SG,243.0534090909091,243.05397727272728,2.9999999999972715,0.9143999999991684,0.44,36,-3.4,1685.1705882352942,0.44,57.93624,11276.685599999317,-19.602907199999365
2022-12-28,HENDERSON,00H,SG,243.05,243.0505681818182,2.9999999999972715,0.9143999999991684,0.44,36,-3.5,1637.0228571428572,0.44,57.93624,11277.599999999316,-19.598883839999367
2022-12-28,HENDERSON,00H,SG,243.06780303030305,243.0683712121212,2.9999999999972715,0.9143999999991684,0.44,36,-2.7,2122.0666666666666,0.44,57.93624,11278.514399999316,-19.59486047999937
2022-12-28,HENDERSON,00H,SG,242.98920454545456,242.9897727272727,2.9999999999972715,0.9143999999991684,0.44,36,-4.2,1364.1857142857143,0.44,57.93624,11279.428799999316,-19.59083711999937
2022-12-28,HENDERSON,00H,SG,243.06003787878788,243.0606060606061,2.9999999999972715,0.9143999999991684,0.44,37,-3.0,1909.86,0.44,59.54558,11280.343199999315,-19.586813759999373
2022-12-28,HENDERSON,00H,SG,242.9407196969697,242.94128787878788,2.9999999999972715,0.9143999999991684,0.44,36,-3.5,1637.0228571428572,0.44,57.93624,11281.257599999315,-19.582790399999375
2022-12-28,HENDERSON,00H,SG,243.04829545454547,243.04886363636365,2.9999999999972715,0.9143999999991684,0.44,36,-3.6,1591.55,0.44,57.93624,11282.171999999315,-19.578767039999377
2022-12-28,HENDERSON,00H,SG,242.69204545454545,242.69261363636363,2.9999999999972715,0.9143999999991684,0.44,37,1.5,3819.72,0.44,59.54558,11283.086399999314,-19.57474367999938
2022-12-28,HENDERSON,00H,SG,243.04393939393935,243.04450757575756,2.9999999999972715,0.9143999999991684,0.44,37,-3.7,1548.535135135135,0.44,59.54558,11284.000799999314,-19.57072031999938
2022-12-28,HENDERSON,00H,SG,242.91553030303027,242.91609848484848,2.9999999999972715,0.9143999999991684,0.44,36,-2.3,2491.121739130435,0.44,57.93624,11284.915199999314,-19.566696959999383
2022-12-28,HENDERSON,00H,SG,243.0339015151515,243.0344696969697,2.9999999999972715,0.9143999999991684,0.44,36,-4.0,1432.395,0.44,57.93624,11285.829599999313,-19.562673599999385
2022-12-28,HENDERSON,00H,SG,242.94128787878788,242.94185606060609,2.9999999999972715,0.9143999999991684,0.44,36,-3.6,1591.55,0.44,57.93624,11286.743999999313,-19.558650239999388
2022-12-28,HENDERSON,00H,SG,243.01079545454544,243.01136363636363,2.9999999999972715,0.9143999999991684,0.44,36,-4.1,1397.458536585366,0.44,57.93624,11287.658399999313,-19.55462687999939
2022-12-28,HENDERSON,00H,SG,243.0089015151515,243.0094696969697,2.9999999999972715,0.9143999999991684,0.44,36,-4.1,1397.458536585366,0.44,57.93624,11288.572799999312,-19.55060351999939
2022-12-28,HENDERSON,00H,SG,242.9257575757576,242.92632575757577,2.9999999999972715,0.9143999999991684,0.44,37,-2.8,2046.2785714285715,0.44,59.54558,11289.487199999312,-19.546580159999394
2022-12-28,HENDERSON,00H,SG,242.95606060606065,242.9566287878788,2.9999999999972715,0.9143999999991684,0.44,37,-4.1,1397.458536585366,0.44,59.54558,11290.401599999312,-19.542556799999396
2022-12-28,HENDERSON,00H,SG,242.9251893939394,242.9257575757576,2.9999999999972715,0.9143999999991684,0.44,36,-2.8,2046.2785714285715,0.44,57.93624,11291.315999999311,-19.538533439999398
2022-12-28,HENDERSON,00H,SG,243.00625,243.00681818181815,2.9999999999972715,0.9143999999991684,0.44,37,-4.1,1397.458536585366,0.44,59.54558,11292.230399999311,-19.5345100799994
2022-12-28,HENDERSON,00H,SG,242.6410984848485,242.64166666666668,2.9999999999972715,0.9143999999991684,0.44,37,3.8,1507.7842105263157,0.44,59.54558,11293.14479999931,-19.530486719999402
2022-12-28,HENDERSON,00H,SG,243.02045454545456,243.0210227272727,2.9999999999972715,0.9143999999991684,0.44,37,-4.2,1364.1857142857143,0.44,59.54558,11294.05919999931,-19.526463359999404
2022-12-28,HENDERSON,00H,SG,243.0151515151515,243.01571969696968,2.9999999999972715,0.9143999999991684,0.44,37,-4.2,1364.1857142857143,0.44,59.54558,11294.97359999931,-19.522439999999406
2022-12-28,HENDERSON,00H,SG,242.6965909090909,242.69715909090908,2.9999999999972715,0.9143999999991684,0.44,37,1.3,4407.369230769231,0.44,59.54558,11295.88799999931,-19.51841663999941
2022-12-28,HENDERSON,00H,SG,242.93541666666667,242.93598484848485,2.9999999999972715,0.9143999999991684,0.44,36,-3.3,1736.2363636363636,0.44,57.93624,11296.80239999931,-19.51439327999941
2022-12-28,HENDERSON,00H,SG,243.04109848484848,243.04166666666663,2.9999999999972715,0.9143999999991684,0.44,36,-3.8,1507.7842105263157,0.44,57.93624,11297.716799999309,-19.510369919999413
2022-12-28,HENDERSON,00H,SG,242.66742424242423,242.6679924242424,2.9999999999972715,0.9143999999991684,0.44,37,2.7,2122.0666666666666,0.44,59.54558,11298.631199999309,-19.506346559999415
2022-12-28,HENDERSON,00H,SG,242.92405303030304,242.9246212121212,2.9999999999972715,0.9143999999991684,0.44,37,-2.7,2122.0666666666666,0.44,59.54558,11299.545599999308,-19.502323199999417
2022-12-28,HENDERSON,00H,SG,243.0606060606061,243.06117424242424,2.9999999999972715,0.9143999999991684,0.44,36,-3.0,1909.86,0.44,57.93624,11300.459999999308,-19.49829983999942
2022-12-28,HENDERSON,00H,SG,242.93655303030303,242.9371212121212,2.9999999999972715,0.9143999999991684,0.44,37,-3.4,1685.1705882352942,0.44,59.54558,11301.374399999308,-19.49427647999942
2022-12-28,HENDERSON,00H,SG,243.025,243.0255681818182,2.9999999999972715,0.9143999999991684,0.44,36,-4.2,1364.1857142857143,0.44,57.93624,11302.288799999307,-19.490253119999423
2022-12-28,HENDERSON,00H,SG,242.91875,242.91931818181817,2.9999999999972715,0.9143999999991684,0.44,37,-2.5,2291.832,0.44,59.54558,11303.203199999307,-19.486229759999425
2022-12-28,HENDERSON,00H,SG,242.95795454545456,242.9585227272727,2.9999999999972715,0.9143999999991684,0.44,37,-4.1,1397.458536585366,0.44,59.54558,11304.117599999307,-19.482206399999427
2022-12-28,HENDERSON,00H,SG,242.9632575757576,242.96401515151516,3.999999999996362,1.2191999999988912,0.44,37,-4.2,1364.1857142857143,0.44,59.54558,11305.336799999306,-19.47818303999943
2022-12-28,HENDERSON,00H,SG,242.95435606060607,242.95511363636365,3.999999999996362,1.2191999999988912,0.44,37,-4.1,1397.458536585366,0.44,59.54558,11306.555999999306,-19.472818559999435
2022-12-28,HENDERSON,00H,SG,243.0683712121212,243.0691287878788,3.999999999996362,1.2191999999988912,0.44,37,-2.7,2122.0666666666666,0.44,59.54558,11307.775199999305,-19.46745407999944
2022-12-28,HENDERSON,00H,SG,242.9524621212121,242.95321969696968,3.999999999996362,1.2191999999988912,0.44,37,-4.0,1432.395,0.44,59.54558,11308.994399999305,-19.462089599999448
2022-12-28,HENDERSON,00H,SG,243.00170454545457,243.00246212121212,3.999999999996362,1.2191999999988912,0.44,36,-4.1,1397.458536585366,0.44,57.93624,11310.213599999304,-19.456725119999454
2022-12-28,HENDERSON,00H,SG,243.00359848484848,243.00435606060609,3.999999999996362,1.2191999999988912,0.44,36,-4.1,1397.458536585366,0.44,57.93624,11311.432799999304,-19.45136063999946
2022-12-28,HENDERSON,00H,SG,243.03125,243.0320075757576,3.999999999996362,1.2191999999988912,0.44,37,-4.1,1397.458536585366,0.44,59.54558,11312.651999999303,-19.445996159999467
2022-12-28,HENDERSON,00H,SG,243.01780303030304,243.01856060606065,3.999999999996362,1.2191999999988912,0.44,36,-4.2,1364.1857142857143,0.44,57.93624,11313.871199999303,-19.440631679999473
2022-12-28,HENDERSON,00H,SG,243.0592803030303,243.06003787878788,3.999999999996362,1.2191999999988912,0.44,37,-3.1,1848.2516129032258,0.44,59.54558,11315.090399999302,-19.43526719999948
2022-12-28,HENDERSON,00H,SG,242.94545454545457,242.9462121212121,3.999999999996362,1.2191999999988912,0.44,37,-3.8,1507.7842105263157,0.44,59.54558,11316.309599999302,-19.429902719999486
2022-12-28,HENDERSON,00H,SG,242.9748106060606,242.97556818181815,3.999999999996362,1.2191999999988912,0.44,36,-4.2,1364.1857142857143,0.44,57.93624,11317.528799999302,-19.424538239999492
2022-12-28,HENDERSON,00H,SG,243.05435606060607,243.05511363636364,3.999999999996362,1.2191999999988912,0.44,37,-3.3,1736.2363636363636,0.44,59.54558,11318.747999999301,-19.4191737599995
2022-12-28,HENDERSON,00H,SG,242.97121212121212,242.9719696969697,3.999999999996362,1.2191999999988912,0.44,36,-4.2,1364.1857142857143,0.44,57.93624,11319.9671999993,-19.413809279999505
2022-12-28,HENDERSON,00H,SG,243.0,243.0007575757576,3.999999999996362,1.2191999999988912,0.44,36,-4.1,1397.458536585366,0.44,57.93624,11321.1863999993,-19.40844479999951
2022-12-28,HENDERSON,00H,SG,243.04450757575756,243.0452651515151,3.999999999996362,1.2191999999988912,0.44,36,-3.7,1548.535135135135,0.44,57.93624,11322.4055999993,-19.403080319999518
2022-12-28,HENDERSON,00H,SG,243.05511363636364,243.0558712121212,3.999999999996362,1.2191999999988912,0.44,36,-3.3,1736.2363636363636,0.44,57.93624,11323.6247999993,-19.397715839999524
2022-12-28,HENDERSON,00H,SG,242.96060606060607,242.96136363636364,3.999999999996362,1.2191999999988912,0.44,36,-4.2,1364.1857142857143,0.44,57.93624,11324.843999999299,-19.39235135999953
2022-12-28,HENDERSON,00H,SG,242.9346590909091,242.93541666666667,3.999999999996362,1.2191999999988912,0.44,37,-3.3,1736.2363636363636,0.44,59.54558,11326.063199999298,-19.386986879999537
2022-12-28,HENDERSON,00H,SG,243.05833333333337,243.0590909090909,3.999999999996362,1.2191999999988912,0.44,37,-3.1,1848.2516129032258,0.44,59.54558,11327.282399999298,-19.381622399999543
2022-12-28,HENDERSON,00H,SG,242.99166666666667,242.99242424242425,3.999999999996362,1.2191999999988912,0.44,37,-4.2,1364.1857142857143,0.44,59.54558,11328.501599999297,-19.37625791999955
2022-12-28,HENDERSON,00H,SG,243.05757575757576,243.05833333333337,3.999999999996362,1.2191999999988912,0.44,37,-3.2,1790.4937499999999,0.44,59.54558,11329.720799999297,-19.370893439999556
2022-12-28,HENDERSON,00H,SG,242.96496212121212,242.9657196969697,3.999999999996362,1.2191999999988912,0.44,37,-4.2,1364.1857142857143,0.44,59.54558,11330.939999999297,-19.365528959999562
2022-12-28,HENDERSON,00H,SG,242.9837121212121,242.98446969696968,3.999999999996362,1.2191999999988912,0.44,36,-4.2,1364.1857142857143,0.44,57.93624,11332.159199999296,-19.36016447999957
2022-12-28,HENDERSON,00H,SG,242.9981060606061,242.99886363636364,3.999999999996362,1.2191999999988912,0.44,36,-4.1,1397.458536585366,0.44,57.93624,11333.378399999296,-19.354799999999575
2022-12-28,HENDERSON,00H,SG,242.91609848484848,242.91685606060605,3.999999999996362,1.2191999999988912,0.44,36,-2.4,2387.3250000000003,0.44,57.93624,11334.597599999295,-19.34943551999958
2022-12-28,HENDERSON,00H,SG,242.92746212121213,242.92821969696973,3.999999999996362,1.2191999999988912,0.44,37,-2.9,1975.7172413793103,0.44,59.54558,11335.816799999295,-19.344071039999587
2022-12-28,HENDERSON,00H,SG,242.96761363636364,242.9683712121212,3.999999999996362,1.2191999999988912,0.44,36,-4.2,1364.1857142857143,0.44,57.93624,11337.035999999294,-19.338706559999594
2022-12-28,HENDERSON,00H,SG,242.9310606060606,242.9318181818182,3.999999999996362,1.2191999999988912,0.44,37,-3.1,1848.2516129032258,0.44,59.54558,11338.255199999294,-19.3333420799996
2022-12-28,HENDERSON,00H,SG,242.9945075757576,242.99526515151516,3.999999999996362,1.2191999999988912,0.44,36,-4.2,1364.1857142857143,0.44,57.93624,11339.474399999293,-19.327977599999606
2022-12-28,HENDERSON,00H,SG,242.58560606060607,242.58636363636364,3.999999999996362,1.2191999999988912,0.44,37,3.7,1548.535135135135,0.44,59.54558,11340.693599999293,-19.322613119999613
2022-12-28,HENDERSON,00H,SG,242.97651515151512,242.97727272727272,3.999999999996362,1.2191999999988912,0.44,36,-4.2,1364.1857142857143,0.44,57.93624,11341.912799999292,-19.31724863999962
2022-12-28,HENDERSON,00H,SG,242.67897727272728,242.67973484848488,3.999999999996362,1.2191999999988912,0.44,37,2.2,2604.354545454545,0.44,59.54558,11343.131999999292,-19.311884159999625
2022-12-28,HENDERSON,00H,SG,243.00435606060609,243.00511363636363,3.999999999996362,1.2191999999988912,0.44,37,-4.1,1397.458536585366,0.44,59.54558,11344.351199999292,-19.30651967999963
2022-12-28,HENDERSON,00H,SG,243.03825757575757,243.03901515151512,3.999999999996362,1.2191999999988912,0.44,37,-3.9,1469.123076923077,0.44,59.54558,11345.570399999291,-19.301155199999638
2022-12-28,HENDERSON,00H,SG,242.98731060606065,242.9880681818182,3.999999999996362,1.2191999999988912,0.44,36,-4.2,1364.1857142857143,0.44,57.93624,11346.78959999929,-19.295790719999644
2022-12-28,HENDERSON,00H,SG,242.93996212121212,242.9407196969697,3.999999999996362,1.2191999999988912,0.44,37,-3.5,1637.0228571428572,0.44,59.54558,11348.00879999929,-19.29042623999965
2022-12-28,HENDERSON,00H,SG,243.03560606060609,243.03636363636363,3.999999999996362,1.2191999999988912,0.44,36,-4.0,1432.395,0.44,57.93624,11349.22799999929,-19.285061759999657
2022-12-28,HENDERSON,00H,SG,242.98011363636363,242.9808712121212,3.999999999996362,1.2191999999988912,0.44,36,-4.2,1364.1857142857143,0.44,57.93624,11350.44719999929,-19.279697279999663
2022-12-28,HENDERSON,00H,SG,243.05170454545456,243.05246212121213,3.999999999996362,1.2191999999988912,0.44,36,-3.4,1685.1705882352942,0.44,57.93624,11351.666399999289,-19.27433279999967
2022-12-28,HENDERSON,00H,SG,242.6780303030303,242.6787878787879,3.999999999996362,1.2191999999988912,0.44,37,2.2,2604.354545454545,0.44,59.54558,11352.885599999288,-19.268968319999676
2022-12-28,HENDERSON,00H,SG,242.55833333333337,242.5590909090909,3.999999999996362,1.2191999999988912,0.44,37,2.4,2387.3250000000003,0.44,59.54558,11354.104799999288,-19.263603839999682
2022-12-28,HENDERSON,00H,SG,242.9683712121212,242.96931818181815,4.9999999999954525,1.523999999998614,0.44,37,-4.2,1364.1857142857143,0.44,59.54558,11355.628799999287,-19.25823935999969
2022-12-28,HENDERSON,00H,SG,242.5590909090909,242.56003787878788,4.9999999999954525,1.523999999998614,0.44,37,2.5,2291.832,0.44,59.54558,11357.152799999287,-19.251533759999695
2022-12-28,HENDERSON,00H,SG,243.0452651515151,243.0462121212121,4.9999999999954525,1.523999999998614,0.44,37,-3.7,1548.535135135135,0.44,59.54558,11358.676799999286,-19.244828159999702
2022-12-28,HENDERSON,00H,SG,243.0123106060606,243.01325757575756,4.9999999999954525,1.523999999998614,0.44,36,-4.1,1397.458536585366,0.44,57.93624,11360.200799999286,-19.23812255999971
2022-12-28,HENDERSON,00H,SG,242.9515151515151,242.9524621212121,4.9999999999954525,1.523999999998614,0.44,36,-4.0,1432.395,0.44,57.93624,11361.724799999285,-19.231416959999716
2022-12-28,HENDERSON,00H,SG,242.9596590909091,242.96060606060607,4.9999999999954525,1.523999999998614,0.44,37,-4.2,1364.1857142857143,0.44,59.54558,11363.248799999285,-19.224711359999723
2022-12-28,HENDERSON,00H,SG,242.9827651515151,242.9837121212121,4.9999999999954525,1.523999999998614,0.44,37,-4.2,1364.1857142857143,0.44,59.54558,11364.772799999284,-19.21800575999973
2022-12-28,HENDERSON,00H,SG,243.05246212121213,243.0534090909091,4.9999999999954525,1.523999999998614,0.44,37,-3.4,1685.1705882352942,0.44,59.54558,11366.296799999283,-19.211300159999738
2022-12-28,HENDERSON,00H,SG,242.97026515151515,242.97121212121212,4.9999999999954525,1.523999999998614,0.44,37,-4.2,1364.1857142857143,0.44,59.54558,11367.820799999283,-19.204594559999745
2022-12-28,HENDERSON,00H,SG,242.96401515151516,242.96496212121212,4.9999999999954525,1.523999999998614,0.44,36,-4.2,1364.1857142857143,0.44,57.93624,11369.344799999282,-19.19788895999975
2022-12-28,HENDERSON,00H,SG,243.0195075757576,243.02045454545456,4.9999999999954525,1.523999999998614,0.44,36,-4.2,1364.1857142857143,0.44,57.93624,11370.868799999282,-19.19118335999976
2022-12-28,HENDERSON,00H,SG,242.98636363636365,242.98731060606065,4.9999999999954525,1.523999999998614,0.44,37,-4.2,1364.1857142857143,0.44,59.54558,11372.392799999281,-19.184477759999766
2022-12-28,HENDERSON,00H,SG,242.9585227272727,242.95946969696973,4.9999999999954525,1.523999999998614,0.44,36,-4.1,1397.458536585366,0.44,57.93624,11373.91679999928,-19.177772159999773
2022-12-28,HENDERSON,00H,SG,242.99242424242425,242.9933712121212,4.9999999999954525,1.523999999998614,0.44,36,-4.2,1364.1857142857143,0.44,57.93624,11375.44079999928,-19.17106655999978
2022-12-28,HENDERSON,00H,SG,242.9971590909091,242.9981060606061,4.9999999999954525,1.523999999998614,0.44,37,-4.1,1397.458536585366,0.44,59.54558,11376.96479999928,-19.164360959999787
2022-12-28,HENDERSON,00H,SG,242.69109848484848,242.69204545454545,4.9999999999954525,1.523999999998614,0.44,37,1.6,3580.9874999999997,0.44,59.54558,11378.488799999279,-19.157655359999794
2022-12-28,HENDERSON,00H,SG,242.94261363636363,242.9435606060606,4.9999999999954525,1.523999999998614,0.44,36,-3.6,1591.55,0.44,57.93624,11380.012799999278,-19.1509497599998
2022-12-28,HENDERSON,00H,SG,242.99526515151516,242.99621212121212,4.9999999999954525,1.523999999998614,0.44,37,-4.2,1364.1857142857143,0.44,59.54558,11381.536799999278,-19.144244159999808
2022-12-28,HENDERSON,00H,SG,242.93901515151515,242.93996212121212,4.9999999999954525,1.523999999998614,0.44,36,-3.5,1637.0228571428572,0.44,57.93624,11383.060799999277,-19.137538559999815
2022-12-28,HENDERSON,00H,SG,243.0505681818182,243.05151515151516,4.9999999999954525,1.523999999998614,0.44,37,-3.5,1637.0228571428572,0.44,59.54558,11384.584799999277,-19.13083295999982
2022-12-28,HENDERSON,00H,SG,242.94886363636363,242.9498106060606,4.9999999999954525,1.523999999998614,0.44,37,-3.9,1469.123076923077,0.44,59.54558,11386.108799999276,-19.12412735999983
2022-12-28,HENDERSON,00H,SG,242.9897727272727,242.99071969696973,4.9999999999954525,1.523999999998614,0.44,37,-4.2,1364.1857142857143,0.44,59.54558,11387.632799999275,-19.117421759999836
2022-12-28,HENDERSON,00H,SG,242.9844696969697,242.98541666666668,4.9999999999954525,1.523999999998614,0.44,37,-4.2,1364.1857142857143,0.44,59.54558,11389.156799999275,-19.110716159999843
2022-12-28,HENDERSON,00H,SG,243.01136363636363,243.0123106060606,4.9999999999954525,1.523999999998614,0.44,37,-4.1,1397.458536585366,0.44,59.54558,11390.680799999274,-19.10401055999985
2022-12-28,HENDERSON,00H,SG,242.5871212121212,242.5880681818182,4.9999999999954525,1.523999999998614,0.44,37,3.8,1507.7842105263157,0.44,59.54558,11392.204799999274,-19.097304959999857
2022-12-28,HENDERSON,00H,SG,242.96666666666667,242.96761363636364,4.9999999999954525,1.523999999998614,0.44,37,-4.2,1364.1857142857143,0.44,59.54558,11393.728799999273,-19.090599359999864
2022-12-28,HENDERSON,00H,SG,243.03901515151512,243.0399621212121,4.9999999999954525,1.523999999998614,0.44,36,-3.9,1469.123076923077,0.44,57.93624,11395.252799999273,-19.08389375999987
2022-12-28,HENDERSON,00H,SG,242.95056818181817,242.9515151515151,4.9999999999954525,1.523999999998614,0.44,37,-4.0,1432.395,0.44,59.54558,11396.776799999272,-19.077188159999878
2022-12-28,HENDERSON,00H,SG,243.03276515151515,243.03371212121212,4.9999999999954525,1.523999999998614,0.44,37,-4.1,1397.458536585366,0.44,59.54558,11398.300799999271,-19.070482559999885
2022-12-28,HENDERSON,00H,SG,243.04166666666663,243.04261363636363,4.9999999999954525,1.523999999998614,0.44,37,-3.8,1507.7842105263157,0.44,59.54558,11399.82479999927,-19.063776959999892
2022-12-28,HENDERSON,00H,SG,242.98181818181817,242.9827651515151,4.9999999999954525,1.523999999998614,0.44,36,-4.2,1364.1857142857143,0.44,57.93624,11401.34879999927,-19.0570713599999
2022-12-28,HENDERSON,00H,SG,242.9623106060606,242.9632575757576,4.9999999999954525,1.523999999998614,0.44,36,-4.2,1364.1857142857143,0.44,57.93624,11402.87279999927,-19.050365759999906
2022-12-28,HENDERSON,00H,SG,242.9782196969697,242.97916666666663,4.9999999999954525,1.523999999998614,0.44,36,-4.2,1364.1857142857143,0.44,57.93624,11404.39679999927,-19.043660159999913
2022-12-28,HENDERSON,00H,SG,243.0157196969697,243.01666666666668,4.9999999999954525,1.523999999998614,0.44,36,-4.2,1364.1857142857143,0.44,57.93624,11405.920799999269,-19.03695455999992
2022-12-28,HENDERSON,00H,SG,242.93806818181815,242.93901515151515,4.9999999999954525,1.523999999998614,0.44,37,-3.4,1685.1705882352942,0.44,59.54558,11407.444799999268,-19.030248959999927
2022-12-28,HENDERSON,00H,SG,242.97291666666663,242.97386363636363,4.9999999999954525,1.523999999998614,0.44,36,-4.2,1364.1857142857143,0.44,57.93624,11408.968799999268,-19.023543359999934
2022-12-28,HENDERSON,00H,SG,242.5842803030303,242.58522727272728,4.9999999999954525,1.523999999998614,0.44,37,3.7,1548.535135135135,0.44,59.54558,11410.492799999267,-19.01683775999994
2022-12-28,HENDERSON,00H,SG,242.9284090909091,242.92935606060607,4.9999999999954525,1.523999999998614,0.44,36,-3.0,1909.86,0.44,57.93624,11412.016799999266,-19.010132159999948
2022-12-28,HENDERSON,00H,SG,242.95511363636365,242.95606060606065,4.9999999999954525,1.523999999998614,0.44,36,-4.1,1397.458536585366,0.44,57.93624,11413.540799999266,-19.003426559999955
2022-12-28,HENDERSON,00H,SG,242.9808712121212,242.98181818181817,4.9999999999954525,1.523999999998614,0.44,37,-4.2,1364.1857142857143,0.44,59.54558,11415.064799999265,-18.996720959999962
2022-12-28,HENDERSON,00H,SG,242.9462121212121,242.94715909090908,4.9999999999954525,1.523999999998614,0.44,36,-3.8,1507.7842105263157,0.44,57.93624,11416.588799999265,-18.99001535999997
2022-12-28,HENDERSON,00H,SG,242.92310606060607,242.92405303030304,4.9999999999954525,1.523999999998614,0.44,36,-2.7,2122.0666666666666,0.44,57.93624,11418.112799999264,-18.983309759999976
2022-12-28,HENDERSON,00H,SG,242.97727272727272,242.9782196969697,4.9999999999954525,1.523999999998614,0.44,37,-4.2,1364.1857142857143,0.44,59.54558,11419.636799999264,-18.976604159999983
2022-12-28,HENDERSON,00H,SG,242.97556818181815,242.97651515151512,4.9999999999954525,1.523999999998614,0.44,37,-4.2,1364.1857142857143,0.44,59.54558,11421.160799999263,-18.96989855999999
2022-12-28,HENDERSON,00H,SG,243.01856060606065,243.0195075757576,4.9999999999954525,1.523999999998614,0.44,37,-4.2,1364.1857142857143,0.44,59.54558,11422.684799999262,-18.963192959999997
2022-12-28,HENDERSON,00H,SG,242.9657196969697,242.96666666666667,4.9999999999954525,1.523999999998614,0.44,36,-4.2,1364.1857142857143,0.44,57.93624,11424.208799999262,-18.956487360000004
2022-12-28,HENDERSON,00H,SG,242.99071969696973,242.99166666666667,4.9999999999954525,1.523999999998614,0.44,36,-4.2,1364.1857142857143,0.44,57.93624,11425.732799999261,-18.94978176000001
2022-12-28,HENDERSON,00H,SG,243.0007575757576,243.00170454545457,4.9999999999954525,1.523999999998614,0.44,37,-4.1,1397.458536585366,0.44,59.54558,11427.25679999926,-18.943076160000018
2022-12-28,HENDERSON,00H,SG,242.91780303030305,242.91875,4.9999999999954525,1.523999999998614,0.44,36,-2.5,2291.832,0.44,57.93624,11428.78079999926,-18.936370560000025
2022-12-28,HENDERSON,00H,SG,242.91931818181817,242.9202651515151,4.9999999999954525,1.523999999998614,0.44,36,-2.5,2291.832,0.44,57.93624,11430.30479999926,-18.929664960000032
2022-12-28,HENDERSON,00H,SG,242.92992424242425,242.9308712121212,4.9999999999954525,1.523999999998614,0.44,36,-3.0,1909.86,0.44,57.93624,11431.828799999259,-18.92295936000004
2022-12-28,HENDERSON,00H,SG,242.9371212121212,242.93806818181815,4.9999999999954525,1.523999999998614,0.44,36,-3.4,1685.1705882352942,0.44,57.93624,11433.352799999258,-18.916253760000046
2022-12-28,HENDERSON,00H,SG,243.05625,243.05719696969695,4.9999999999954525,1.523999999998614,0.44,37,-3.2,1790.4937499999999,0.44,59.54558,11434.876799999258,-18.909548160000053
2022-12-28,HENDERSON,00H,SG,242.97916666666663,242.98011363636363,4.9999999999954525,1.523999999998614,0.44,37,-4.2,1364.1857142857143,0.44,59.54558,11436.400799999257,-18.90284256000006
2022-12-28,HENDERSON,00H,SG,243.00795454545457,243.0089015151515,4.9999999999954525,1.523999999998614,0.44,37,-4.1,1397.458536585366,0.44,59.54558,11437.924799999257,-18.896136960000067
2022-12-28,HENDERSON,00H,SG,242.94431818181815,242.94526515151512,4.9999999999954525,1.523999999998614,0.44,36,-3.7,1548.535135135135,0.44,57.93624,11439.448799999256,-18.889431360000074
2022-12-28,HENDERSON,00H,SG,242.9719696969697,242.97291666666663,4.9999999999954525,1.523999999998614,0.44,37,-4.2,1364.1857142857143,0.44,59.54558,11440.972799999256,-18.88272576000008
2022-12-28,HENDERSON,00H,SG,242.96136363636364,242.9623106060606,4.9999999999954525,1.523999999998614,0.44,37,-4.2,1364.1857142857143,0.44,59.54558,11442.496799999255,-18.87602016000009
2022-12-28,HENDERSON,00H,SG,243.02727272727273,243.0282196969697,4.9999999999954525,1.523999999998614,0.44,37,-4.2,1364.1857142857143,0.44,59.54558,11444.020799999254,-18.869314560000095
2022-12-28,HENDERSON,00H,SG,243.0471590909091,243.04810606060607,4.9999999999954525,1.523999999998614,0.44,37,-3.6,1591.55,0.44,59.54558,11445.544799999254,-18.862608960000102
2022-12-28,HENDERSON,00H,SG,242.55719696969695,242.55814393939391,4.9999999999954525,1.523999999998614,0.44,37,2.4,2387.3250000000003,0.44,59.54558,11447.068799999253,-18.85590336000011
2022-12-28,HENDERSON,00H,SG,242.6581439393939,242.6590909090909,4.9999999999954525,1.523999999998614,0.44,37,3.1,1848.2516129032258,0.44,59.54558,11448.592799999253,-18.849197760000116
2022-12-28,HENDERSON,00H,SG,242.67291666666668,242.67386363636365,4.9999999999954525,1.523999999998614,0.44,37,2.5,2291.832,0.44,59.54558,11450.116799999252,-18.842492160000123
2022-12-28,HENDERSON,00H,SG,242.98541666666668,242.98636363636365,4.9999999999954525,1.523999999998614,0.44,36,-4.2,1364.1857142857143,0.44,57.93624,11451.640799999252,-18.83578656000013
2022-12-28,HENDERSON,00H,SG,242.96931818181815,242.97026515151515,4.9999999999954525,1.523999999998614,0.44,36,-4.2,1364.1857142857143,0.44,57.93624,11453.164799999251,-18.829080960000137
2022-12-28,HENDERSON,00H,SG,242.97386363636363,242.9748106060606,4.9999999999954525,1.523999999998614,0.44,37,-4.2,1364.1857142857143,0.44,59.54558,11454.68879999925,-18.822375360000144
2022-12-28,HENDERSON,00H,SG,243.0462121212121,243.0471590909091,5.000000000145519,1.5240000000443543,0.44,36,-3.6,1591.55,0.44,57.93624,11456.212799999295,-18.81566976000015
2022-12-28,HENDERSON,00H,SG,242.93352272727273,242.9346590909091,5.999999999994543,1.8287999999983369,0.44,36,-3.2,1790.4937499999999,0.44,57.93624,11458.041599999293,-18.808964159999956
2022-12-28,HENDERSON,00H,SG,242.9880681818182,242.98920454545456,5.999999999994543,1.8287999999983369,0.44,37,-4.2,1364.1857142857143,0.44,59.54558,11459.87039999929,-18.800917439999964
2022-12-28,HENDERSON,00H,SG,242.91041666666663,242.91155303030305,5.999999999994543,1.8287999999983369,0.44,36,-2.1,2728.3714285714286,0.44,57.93624,11461.699199999288,-18.79287071999997
2022-12-28,HENDERSON,00H,SG,243.0284090909091,243.02954545454543,5.999999999994543,1.8287999999983369,0.44,36,-4.1,1397.458536585366,0.44,57.93624,11463.527999999285,-18.78482399999998
2022-12-28,HENDERSON,00H,SG,242.9933712121212,242.9945075757576,5.999999999994543,1.8287999999983369,0.44,37,-4.2,1364.1857142857143,0.44,59.54558,11465.356799999283,-18.776777279999987
2022-12-28,HENDERSON,00H,SG,243.04886363636365,243.05,5.999999999994543,1.8287999999983369,0.44,37,-3.5,1637.0228571428572,0.44,59.54558,11467.18559999928,-18.768730559999995
2022-12-28,HENDERSON,00H,SG,242.6939393939394,242.69507575757575,5.999999999994543,1.8287999999983369,0.44,37,1.4,4092.557142857143,0.44,59.54558,11469.014399999278,-18.760683840000002
2022-12-28,HENDERSON,00H,SG,243.00681818181815,243.00795454545457,5.999999999994543,1.8287999999983369,0.44,36,-4.1,1397.458536585366,0.44,57.93624,11470.843199999275,-18.75263712000001
2022-12-28,HENDERSON,00H,SG,243.0140151515151,243.0151515151515,5.999999999994543,1.8287999999983369,0.44,36,-4.2,1364.1857142857143,0.44,57.93624,11472.671999999273,-18.744590400000018
2022-12-28,HENDERSON,00H,SG,243.01666666666668,243.01780303030304,5.999999999994543,1.8287999999983369,0.44,37,-4.2,1364.1857142857143,0.44,59.54558,11474.50079999927,-18.736543680000025
2022-12-28,HENDERSON,00H,SG,243.06458333333333,243.0657196969697,5.999999999994543,1.8287999999983369,0.44,37,-2.9,1975.7172413793103,0.44,59.54558,11476.329599999268,-18.728496960000033
2022-12-28,HENDERSON,00H,SG,242.68977272727273,242.6909090909091,5.999999999994543,1.8287999999983369,0.44,37,1.6,3580.9874999999997,0.44,59.54558,11478.158399999265,-18.72045024000004
2022-12-28,HENDERSON,00H,SG,243.02386363636364,243.025,5.999999999994543,1.8287999999983369,0.44,37,-4.2,1364.1857142857143,0.44,59.54558,11479.987199999263,-18.71240352000005
2022-12-28,HENDERSON,00H,SG,242.6503787878788,242.65151515151516,5.999999999994543,1.8287999999983369,0.44,37,3.5,1637.0228571428572,0.44,59.54558,11481.81599999926,-18.704356800000056
2022-12-28,HENDERSON,00H,SG,243.00246212121212,243.00359848484848,5.999999999994543,1.8287999999983369,0.44,37,-4.1,1397.458536585366,0.44,59.54558,11483.644799999258,-18.696310080000064
2022-12-28,HENDERSON,00H,SG,242.69280303030305,242.6939393939394,5.999999999994543,1.8287999999983369,0.44,37,1.5,3819.72,0.44,59.54558,11485.473599999255,-18.68826336000007
2022-12-28,HENDERSON,00H,SG,243.0344696969697,243.03560606060609,5.999999999994543,1.8287999999983369,0.44,37,-4.0,1432.395,0.44,59.54558,11487.302399999253,-18.68021664000008
2022-12-28,HENDERSON,00H,SG,242.69545454545457,242.6965909090909,5.999999999994543,1.8287999999983369,0.44,37,1.4,4092.557142857143,0.44,59.54558,11489.13119999925,-18.672169920000087
2022-12-28,HENDERSON,00H,SG,242.99886363636364,243.0,5.999999999994543,1.8287999999983369,0.44,37,-4.1,1397.458536585366,0.44,59.54558,11490.959999999248,-18.664123200000095
2022-12-28,HENDERSON,00H,SG,242.6619318181818,242.66306818181815,5.999999999994543,1.8287999999983369,0.44,37,3.0,1909.86,0.44,59.54558,11492.788799999245,-18.656076480000102
2022-12-28,HENDERSON,00H,SG,243.00511363636363,243.00625,5.999999999994543,1.8287999999983369,0.44,36,-4.1,1397.458536585366,0.44,57.93624,11494.617599999243,-18.64802976000011
2022-12-28,HENDERSON,00H,SG,242.56022727272727,242.56136363636364,5.999999999994543,1.8287999999983369,0.44,37,2.5,2291.832,0.44,59.54558,11496.44639999924,-18.639983040000118
2022-12-28,HENDERSON,00H,SG,242.6592803030303,242.66041666666663,5.999999999994543,1.8287999999983369,0.44,37,3.1,1848.2516129032258,0.44,59.54558,11498.275199999238,-18.631936320000126
2022-12-28,HENDERSON,00H,SG,242.9532196969697,242.95435606060607,5.999999999994543,1.8287999999983369,0.44,36,-4.0,1432.395,0.44,57.93624,11500.103999999235,-18.623889600000133
2022-12-28,HENDERSON,00H,SG,243.03636363636363,243.0375,5.999999999994543,1.8287999999983369,0.44,37,-4.0,1432.395,0.44,59.54558,11501.932799999233,-18.61584288000014
2022-12-28,HENDERSON,00H,SG,242.6715909090909,242.6727272727273,6.00000000014461,1.8288000000440772,0.44,37,2.5,2291.832,0.44,59.54558,11503.761599999278,-18.60779616000015
2022-12-28,HENDERSON,00H,SG,242.9210227272727,242.9221590909091,6.00000000014461,1.8288000000440772,0.44,36,-2.6,2203.6846153846154,0.44,57.93624,11505.590399999322,-18.599749439999954
2022-12-28,HENDERSON,00H,SG,242.55,242.55132575757577,6.9999999999936335,2.1335999999980597,0.44,37,2.0,2864.79,0.44,59.54558,11507.72399999932,-18.59170271999976
2022-12-28,HENDERSON,00H,SG,242.56344696969697,242.56477272727273,6.9999999999936335,2.1335999999980597,0.44,37,2.7,2122.0666666666666,0.44,59.54558,11509.857599999317,-18.582314879999767
2022-12-28,HENDERSON,00H,SG,242.6681818181818,242.66950757575756,6.9999999999936335,2.1335999999980597,0.44,37,2.7,2122.0666666666666,0.44,59.54558,11511.991199999315,-18.572927039999776
2022-12-28,HENDERSON,00H,SG,242.66041666666663,242.6617424242424,6.9999999999936335,2.1335999999980597,0.44,37,3.0,1909.86,0.44,59.54558,11514.124799999312,-18.563539199999784
2022-12-28,HENDERSON,00H,SG,243.0255681818182,243.02689393939391,6.9999999999936335,2.1335999999980597,0.44,37,-4.2,1364.1857142857143,0.44,59.54558,11516.25839999931,-18.554151359999793
2022-12-28,HENDERSON,00H,SG,242.69867424242423,242.7,6.9999999999936335,2.1335999999980597,0.44,37,1.2,4774.650000000001,0.44,59.54558,11518.391999999307,-18.5447635199998
2022-12-28,HENDERSON,00H,SG,243.0094696969697,243.01079545454544,6.9999999999936335,2.1335999999980597,0.44,37,-4.1,1397.458536585366,0.44,59.54558,11520.525599999304,-18.53537567999981
2022-12-28,HENDERSON,00H,SG,242.69734848484848,242.69867424242423,6.9999999999936335,2.1335999999980597,0.44,37,1.3,4407.369230769231,0.44,59.54558,11522.659199999302,-18.525987839999818
2022-12-28,HENDERSON,00H,SG,242.9566287878788,242.95795454545456,6.9999999999936335,2.1335999999980597,0.44,36,-4.1,1397.458536585366,0.44,57.93624,11524.792799999299,-18.516599999999826
2022-12-28,HENDERSON,00H,SG,243.06306818181815,243.0643939393939,6.9999999999936335,2.1335999999980597,0.44,37,-2.9,1975.7172413793103,0.44,59.54558,11526.926399999296,-18.507212159999835
2022-12-28,HENDERSON,00H,SG,243.07007575757575,243.0714015151515,6.9999999999936335,2.1335999999980597,0.44,37,-2.6,2203.6846153846154,0.44,59.54558,11529.059999999294,-18.497824319999843
2022-12-28,HENDERSON,00H,SG,242.67973484848488,242.6810606060606,6.9999999999936335,2.1335999999980597,0.44,37,2.1,2728.3714285714286,0.44,59.54558,11531.193599999291,-18.48843647999985
2022-12-28,HENDERSON,00H,SG,243.02992424242424,243.03125,6.9999999999936335,2.1335999999980597,0.44,36,-4.1,1397.458536585366,0.44,57.93624,11533.327199999288,-18.47904863999986
2022-12-28,HENDERSON,00H,SG,243.06117424242424,243.0625,6.9999999999936335,2.1335999999980597,0.44,37,-3.0,1909.86,0.44,59.54558,11535.460799999286,-18.46966079999987
2022-12-28,HENDERSON,00H,SG,242.66950757575756,242.6710227272727,7.999999999992724,2.4383999999977823,0.44,37,2.6,2203.6846153846154,0.44,59.54558,11537.899199999283,-18.460272959999877
2022-12-28,HENDERSON,00H,SG,242.91363636363636,242.9151515151515,7.999999999992724,2.4383999999977823,0.44,36,-2.3,2491.121739130435,0.44,57.93624,11540.33759999928,-18.449543999999886
2022-12-28,HENDERSON,00H,SG,243.0785984848485,243.08011363636365,7.999999999992724,2.4383999999977823,0.44,37,-2.2,2604.354545454545,0.44,59.54558,11542.775999999278,-18.438815039999895
2022-12-28,HENDERSON,00H,SG,243.0657196969697,243.06723484848484,7.999999999992724,2.4383999999977823,0.44,37,-2.8,2046.2785714285715,0.44,59.54558,11545.214399999275,-18.428086079999904
2022-12-28,HENDERSON,00H,SG,242.5653409090909,242.56685606060609,7.999999999992724,2.4383999999977823,0.44,37,2.8,2046.2785714285715,0.44,59.54558,11547.652799999272,-18.417357119999913
2022-12-28,HENDERSON,00H,SG,243.08049242424244,243.08219696969695,8.999999999991815,2.743199999997505,0.44,37,-2.1,2728.3714285714286,0.44,59.54558,11550.39599999927,-18.406628159999922
2022-12-28,HENDERSON,00H,SG,243.08901515151516,243.0907196969697,8.999999999991815,2.743199999997505,0.44,37,-1.7,3370.3411764705884,0.44,59.54558,11553.139199999267,-18.394558079999932
2022-12-28,HENDERSON,00H,SG,242.5534090909091,242.55511363636364,8.999999999991815,2.743199999997505,0.44,37,2.2,2604.354545454545,0.44,59.54558,11555.882399999264,-18.38248799999994
2022-12-28,HENDERSON,00H,SG,242.64488636363637,242.64659090909092,8.999999999991815,2.743199999997505,0.44,37,3.7,1548.535135135135,0.44,59.54558,11558.62559999926,-18.37041791999995
2022-12-28,HENDERSON,00H,SG,242.5820075757576,242.58371212121213,8.999999999991815,2.743199999997505,0.44,37,3.6,1591.55,0.44,59.54558,11561.368799999258,-18.35834783999996
2022-12-28,HENDERSON,00H,SG,242.9119318181818,242.91363636363636,8.999999999991815,2.743199999997505,0.44,36,-2.2,2604.354545454545,0.44,57.93624,11564.111999999255,-18.34627775999997
2022-12-28,HENDERSON,00H,SG,242.6878787878788,242.68977272727273,9.999999999990903,3.047999999997228,0.44,37,1.7,3370.3411764705884,0.44,59.54558,11567.159999999252,-18.33420767999998
2022-12-28,HENDERSON,00H,SG,242.57405303030305,242.57594696969696,9.999999999990903,3.047999999997228,0.44,37,3.2,1790.4937499999999,0.44,59.54558,11570.20799999925,-18.32079647999999
2022-12-28,HENDERSON,00H,SG,243.09318181818185,243.09507575757576,9.999999999990903,3.047999999997228,0.44,37,-1.5,3819.72,0.44,59.54558,11573.255999999246,-18.307385280000002
2022-12-28,HENDERSON,00H,SG,242.65416666666667,242.6560606060606,9.999999999990903,3.047999999997228,0.44,37,3.3,1736.2363636363636,0.44,59.54558,11576.303999999243,-18.293974080000012
2022-12-28,HENDERSON,00H,SG,242.56969696969696,242.5715909090909,9.999999999990903,3.047999999997228,0.44,37,3.0,1909.86,0.44,59.54558,11579.35199999924,-18.280562880000023
2022-12-28,HENDERSON,00H,SG,242.68390151515152,242.68579545454543,9.999999999990903,3.047999999997228,0.44,37,1.9,3015.5684210526315,0.44,59.54558,11582.399999999237,-18.267151680000033
2022-12-28,HENDERSON,00H,SG,242.5780303030303,242.57992424242423,10.000000000140972,3.0480000000429683,0.44,37,3.4,1685.1705882352942,0.44,59.54558,11585.44799999928,-18.253740480000044
2022-12-28,HENDERSON,00H,SG,242.67594696969695,242.6780303030303,10.999999999989996,3.3527999999969507,0.44,37,2.3,2491.121739130435,0.44,59.54558,11588.800799999277,-18.240329279999855
2022-12-28,HENDERSON,00H,SG,243.09753787878788,243.0996212121212,10.999999999989996,3.3527999999969507,0.44,37,-1.3,4407.369230769231,0.44,59.54558,11592.153599999274,-18.22557695999987
2022-12-28,HENDERSON,00H,SG,243.0848484848485,243.08693181818185,10.999999999989996,3.3527999999969507,0.44,37,-1.9,3015.5684210526315,0.44,59.54558,11595.50639999927,-18.210824639999885
2022-12-28,HENDERSON,00H,SG,243.08693181818185,243.08901515151516,10.999999999989996,3.3527999999969507,0.44,37,-1.8,3183.1,0.44,59.54558,11598.859199999268,-18.1960723199999
2022-12-28,HENDERSON,00H,SG,243.0744318181818,243.0765151515151,10.999999999989996,3.3527999999969507,0.44,37,-2.4,2387.3250000000003,0.44,59.54558,11602.211999999265,-18.181319999999914
2022-12-28,HENDERSON,00H,SG,243.09507575757576,243.0971590909091,10.999999999989996,3.3527999999969507,0.44,37,-1.4,4092.557142857143,0.44,59.54558,11605.564799999262,-18.16656767999993
2022-12-28,HENDERSON,00H,SG,242.5719696969697,242.57405303030305,10.999999999989996,3.3527999999969507,0.44,37,3.1,1848.2516129032258,0.44,59.54558,11608.917599999259,-18.151815359999944
2022-12-28,HENDERSON,00H,SG,242.55132575757577,242.5534090909091,10.999999999989996,3.3527999999969507,0.44,37,2.1,2728.3714285714286,0.44,59.54558,11612.270399999255,-18.13706303999996
2022-12-28,HENDERSON,00H,SG,242.6653409090909,242.66742424242423,10.999999999989996,3.3527999999969507,0.44,37,2.8,2046.2785714285715,0.44,59.54558,11615.623199999252,-18.122310719999973
2022-12-28,HENDERSON,00H,SG,242.57594696969696,242.5780303030303,10.999999999989996,3.3527999999969507,0.44,37,3.3,1736.2363636363636,0.44,59.54558,11618.97599999925,-18.107558399999988
2022-12-28,HENDERSON,00H,SG,242.68579545454543,242.6878787878788,10.999999999989996,3.3527999999969507,0.44,37,1.8,3183.1,0.44,59.54558,11622.328799999246,-18.092806080000003
2022-12-28,HENDERSON,00H,SG,242.56136363636364,242.56344696969697,10.999999999989996,3.3527999999969507,0.44,37,2.6,2203.6846153846154,0.44,59.54558,11625.681599999243,-18.078053760000017
2022-12-28,HENDERSON,00H,SG,242.56761363636363,242.56969696969696,10.999999999989996,3.3527999999969507,0.44,37,2.9,1975.7172413793103,0.44,59.54558,11629.03439999924,-18.063301440000032
2022-12-28,HENDERSON,00H,SG,242.6560606060606,242.6581439393939,10.999999999989996,3.3527999999969507,0.44,37,3.2,1790.4937499999999,0.44,59.54558,11632.387199999237,-18.048549120000047
2022-12-28,HENDERSON,00H,SG,242.67386363636365,242.67594696969695,10.999999999989996,3.3527999999969507,0.44,37,2.4,2387.3250000000003,0.44,59.54558,11635.739999999234,-18.03379680000006
2022-12-28,HENDERSON,00H,SG,242.57992424242423,242.5820075757576,10.999999999989996,3.3527999999969507,0.44,37,3.5,1637.0228571428572,0.44,59.54558,11639.092799999231,-18.019044480000076
2022-12-28,HENDERSON,00H,SG,242.65151515151516,242.6535984848485,10.999999999989996,3.3527999999969507,0.44,37,3.4,1685.1705882352942,0.44,59.54558,11642.445599999228,-18.00429216000009
2022-12-28,HENDERSON,00H,SG,242.55511363636364,242.55719696969695,10.999999999989996,3.3527999999969507,0.44,37,2.3,2491.121739130435,0.44,59.54558,11645.798399999225,-17.989539840000106
2022-12-28,HENDERSON,00H,SG,243.08276515151516,243.0848484848485,10.999999999989996,3.3527999999969507,0.44,37,-2.0,2864.79,0.44,59.54558,11649.151199999222,-17.97478752000012
2022-12-28,HENDERSON,00H,SG,243.0765151515151,243.0785984848485,11.000000000140062,3.352800000042691,0.44,37,-2.3,2491.121739130435,0.44,59.54558,11652.503999999264,-17.960035200000135
2022-12-28,HENDERSON,00H,SG,242.66306818181815,242.6653409090909,11.999999999989086,3.6575999999966737,0.44,37,2.9,1975.7172413793103,0.44,59.54558,11656.161599999261,-17.945282879999947
2022-12-28,HENDERSON,00H,SG,242.6816287878788,242.68390151515152,11.999999999989086,3.6575999999966737,0.44,37,2.0,2864.79,0.44,59.54558,11659.819199999258,-17.929189439999963
2022-12-28,HENDERSON,00H,SG,243.0719696969697,243.0744318181818,12.999999999988177,3.962399999996397,0.44,37,-2.5,2291.832,0.44,59.54558,11663.781599999254,-17.913095999999978
2022-12-28,HENDERSON,00H,SG,242.64659090909092,242.64905303030304,12.999999999988177,3.962399999996397,0.44,37,3.6,1591.55,0.44,59.54558,11667.743999999251,-17.895661439999994
2022-12-28,HENDERSON,00H,SG,243.0907196969697,243.09318181818185,12.999999999988177,3.962399999996397,0.44,37,-1.6,3580.9874999999997,0.44,59.54558,11671.706399999248,-17.87822688000001
2022-12-28,HENDERSON,00H,SG,242.64185606060607,242.6445075757576,13.999999999987269,4.267199999996119,0.44,37,3.8,1507.7842105263157,0.44,59.54558,11675.973599999244,-17.860792320000026
2022-12-28,HENDERSON,00H,SG,243.0210227272727,243.02386363636364,14.999999999986358,4.571999999995842,0.44,36,-4.2,1364.1857142857143,0.44,57.93624,11680.545599999241,-17.842016640000043
2022-12-28,HENDERSON,00H,SG,242.58882575757576,242.5918560606061,15.999999999985448,4.876799999995565,0.44,37,3.9,1469.123076923077,0.44,59.54558,11685.422399999237,-17.82189984000006
2022-12-28,HENDERSON,00H,SG,242.5918560606061,242.59526515151515,17.99999999998363,5.48639999999501,0.44,37,4.0,1432.395,0.44,59.54558,11690.908799999232,-17.80044192000008
2022-12-28,HENDERSON,00H,SG,242.6367424242424,242.6410984848485,23.00000000012915,7.010400000039365,0.44,37,3.9,1469.123076923077,0.44,59.54558,11697.91919999927,-17.776301760000102
2022-12-28,HENDERSON,00H,SG,242.59526515151515,242.6003787878788,26.999999999975444,8.229599999992516,0.44,37,4.1,1397.458536585366,0.44,59.54558,11706.148799999264,-17.74545599999993
2022-12-28,HENDERSON,00H,SG,242.6003787878788,242.60681818181817,33.99999999996908,10.363199999990576,0.44,37,4.2,1364.1857142857143,0.44,59.54558,11716.511999999255,-17.709245759999963
2022-12-28,HENDERSON,00H,SG,242.60681818181817,242.61534090909092,45.00000000010914,13.716000000033269,0.44,37,4.1,1397.458536585366,0.44,59.54558,11730.227999999288,-17.663647680000004
2022-12-28,HENDERSON,00H,SG,242.61534090909092,242.6367424242424,112.99999999989724,34.44239999996868,0.44,37,4.0,1432.395,0.44,59.54558,11764.670399999257,-17.603297279999857
2022-12-28,HENDERSON,00H,SG,243.52973484848485,243.52992424242424,0.9999999999990904,0.3047999999997227,0.45,36,-2.1,2728.3714285714286,0.45,57.93624,11764.975199999257,-17.451750719999996
2022-12-28,HENDERSON,00H,SG,243.5331439393939,243.53333333333333,0.9999999999990904,0.3047999999997227,0.45,36,-1.9,3015.5684210526315,0.45,57.93624,11765.279999999257,-17.450379119999997
2022-12-28,HENDERSON,00H,SG,243.4433712121212,243.4435606060606,0.9999999999990904,0.3047999999997227,0.45,37,-3.8,1507.7842105263157,0.45,59.54558,11765.584799999257,-17.44900752
2022-12-28,HENDERSON,00H,SG,243.5475378787879,243.5477272727273,0.9999999999990904,0.3047999999997227,0.45,36,-0.9,6366.2,0.45,57.93624,11765.889599999256,-17.44763592
2022-12-28,HENDERSON,00H,SG,243.43977272727273,243.43996212121212,0.9999999999990904,0.3047999999997227,0.45,37,-3.5,1637.0228571428572,0.45,59.54558,11766.194399999256,-17.44626432
2022-12-28,HENDERSON,00H,SG,243.4375,243.4376893939394,0.9999999999990904,0.3047999999997227,0.45,37,-3.4,1685.1705882352942,0.45,59.54558,11766.499199999256,-17.444892720000002
2022-12-28,HENDERSON,00H,SG,243.48901515151516,243.48920454545456,0.9999999999990904,0.3047999999997227,0.45,36,-4.3,1332.460465116279,0.45,57.93624,11766.803999999256,-17.443521120000003
2022-12-28,HENDERSON,00H,SG,243.41401515151512,243.41420454545457,0.9999999999990904,0.3047999999997227,0.45,37,-2.1,2728.3714285714286,0.45,59.54558,11767.108799999256,-17.442149520000005
2022-12-28,HENDERSON,00H,SG,243.4356060606061,243.43579545454543,0.9999999999990904,0.3047999999997227,0.45,37,-3.3,1736.2363636363636,0.45,59.54558,11767.413599999256,-17.440777920000006
2022-12-28,HENDERSON,00H,SG,243.43352272727273,243.43371212121212,0.9999999999990904,0.3047999999997227,0.45,37,-3.2,1790.4937499999999,0.45,59.54558,11767.718399999256,-17.439406320000007
2022-12-28,HENDERSON,00H,SG,243.47291666666663,243.47310606060609,0.9999999999990904,0.3047999999997227,0.45,37,-4.4,1302.1772727272726,0.45,59.54558,11768.023199999256,-17.438034720000008
2022-12-28,HENDERSON,00H,SG,243.5056818181818,243.5058712121212,0.9999999999990904,0.3047999999997227,0.45,36,-3.4,1685.1705882352942,0.45,57.93624,11768.327999999256,-17.43666312000001
2022-12-28,HENDERSON,00H,SG,243.44261363636363,243.44280303030305,0.9999999999990904,0.3047999999997227,0.45,37,-3.7,1548.535135135135,0.45,59.54558,11768.632799999255,-17.43529152000001
2022-12-28,HENDERSON,00H,SG,243.5473484848485,243.5475378787879,0.9999999999990904,0.3047999999997227,0.45,36,-1.0,5729.58,0.45,57.93624,11768.937599999255,-17.43391992000001
2022-12-28,HENDERSON,00H,SG,243.44166666666663,243.44185606060609,0.9999999999990904,0.3047999999997227,0.45,37,-3.7,1548.535135135135,0.45,59.54558,11769.242399999255,-17.432548320000013
2022-12-28,HENDERSON,00H,SG,243.5537878787879,243.55397727272728,0.9999999999990904,0.3047999999997227,0.45,36,-0.6,9549.300000000001,0.45,57.93624,11769.547199999255,-17.431176720000014
2022-12-28,HENDERSON,00H,SG,243.5558712121212,243.5560606060606,0.9999999999990904,0.3047999999997227,0.45,37,-0.6,9549.300000000001,0.45,59.54558,11769.851999999255,-17.429805120000015
2022-12-28,HENDERSON,00H,SG,243.5149621212121,243.5151515151515,0.9999999999990904,0.3047999999997227,0.45,37,-3.0,1909.86,0.45,59.54558,11770.156799999255,-17.428433520000016
2022-12-28,HENDERSON,00H,SG,243.5284090909091,243.5285984848485,0.9999999999990904,0.3047999999997227,0.45,36,-2.2,2604.354545454545,0.45,57.93624,11770.461599999255,-17.427061920000018
2022-12-28,HENDERSON,00H,SG,243.50208333333333,243.50227272727273,0.9999999999990904,0.3047999999997227,0.45,36,-3.6,1591.55,0.45,57.93624,11770.766399999255,-17.42569032000002
2022-12-28,HENDERSON,00H,SG,243.5401515151515,243.5403409090909,0.9999999999990904,0.3047999999997227,0.45,37,-1.4,4092.557142857143,0.45,59.54558,11771.071199999255,-17.42431872000002
2022-12-28,HENDERSON,00H,SG,243.41003787878788,243.41022727272727,0.9999999999990904,0.3047999999997227,0.45,37,-2.0,2864.79,0.45,59.54558,11771.375999999254,-17.42294712000002
2022-12-28,HENDERSON,00H,SG,243.45625,243.4564393939394,0.9999999999990904,0.3047999999997227,0.45,37,-4.4,1302.1772727272726,0.45,59.54558,11771.680799999254,-17.421575520000022
2022-12-28,HENDERSON,00H,SG,243.42064393939393,243.42083333333332,0.9999999999990904,0.3047999999997227,0.45,37,-2.5,2291.832,0.45,59.54558,11771.985599999254,-17.420203920000024
2022-12-28,HENDERSON,00H,SG,243.4973484848485,243.49753787878788,0.9999999999990904,0.3047999999997227,0.45,37,-3.9,1469.123076923077,0.45,59.54558,11772.290399999254,-17.418832320000025
2022-12-28,HENDERSON,00H,SG,243.5310606060606,243.53125,0.9999999999990904,0.3047999999997227,0.45,37,-1.9,3015.5684210526315,0.45,59.54558,11772.595199999254,-17.417460720000026
2022-12-28,HENDERSON,00H,SG,243.51666666666668,243.51685606060607,0.9999999999990904,0.3047999999997227,0.45,37,-2.9,1975.7172413793103,0.45,59.54558,11772.899999999254,-17.416089120000027
2022-12-28,HENDERSON,00H,SG,243.51117424242423,243.51136363636363,0.9999999999990904,0.3047999999997227,0.45,36,-3.1,1848.2516129032258,0.45,57.93624,11773.204799999254,-17.41471752000003
2022-12-28,HENDERSON,00H,SG,243.5183712121212,243.51856060606065,0.9999999999990904,0.3047999999997227,0.45,37,-2.8,2046.2785714285715,0.45,59.54558,11773.509599999254,-17.41334592000003
2022-12-28,HENDERSON,00H,SG,243.5280303030303,243.5282196969697,0.9999999999990904,0.3047999999997227,0.45,36,-2.2,2604.354545454545,0.45,57.93624,11773.814399999254,-17.41197432000003
2022-12-28,HENDERSON,00H,SG,243.5399621212121,243.5401515151515,0.9999999999990904,0.3047999999997227,0.45,37,-1.3,4407.369230769231,0.45,59.54558,11774.119199999253,-17.410602720000032
2022-12-28,HENDERSON,00H,SG,243.4128787878788,243.41306818181815,0.9999999999990904,0.3047999999997227,0.45,37,-2.1,2728.3714285714286,0.45,59.54558,11774.423999999253,-17.409231120000033
2022-12-28,HENDERSON,00H,SG,243.5282196969697,243.5284090909091,0.9999999999990904,0.3047999999997227,0.45,36,-2.1,2728.3714285714286,0.45,57.93624,11774.728799999253,-17.407859520000034
2022-12-28,HENDERSON,00H,SG,243.55397727272728,243.55416666666667,0.9999999999990904,0.3047999999997227,0.45,36,-0.7,8185.114285714286,0.45,57.93624,11775.033599999253,-17.406487920000036
2022-12-28,HENDERSON,00H,SG,243.4935606060606,243.49375,0.9999999999990904,0.3047999999997227,0.45,37,-4.1,1397.458536585366,0.45,59.54558,11775.338399999253,-17.405116320000037
2022-12-28,HENDERSON,00H,SG,243.55852272727273,243.55871212121212,0.9999999999990904,0.3047999999997227,0.45,36,-0.5,11459.16,0.45,57.93624,11775.643199999253,-17.403744720000038
2022-12-28,HENDERSON,00H,SG,243.5530303030303,243.55321969696973,0.9999999999990904,0.3047999999997227,0.45,36,-0.6,9549.300000000001,0.45,57.93624,11775.947999999253,-17.40237312000004
2022-12-28,HENDERSON,00H,SG,243.55814393939391,243.55833333333337,0.9999999999990904,0.3047999999997227,0.45,36,-0.5,11459.16,0.45,57.93624,11776.252799999253,-17.40100152000004
2022-12-28,HENDERSON,00H,SG,243.41022727272727,243.41041666666663,0.9999999999990904,0.3047999999997227,0.45,37,-1.9,3015.5684210526315,0.45,59.54558,11776.557599999252,-17.39962992000004
2022-12-28,HENDERSON,00H,SG,243.5094696969697,243.50965909090908,0.9999999999990904,0.3047999999997227,0.45,36,-3.2,1790.4937499999999,0.45,57.93624,11776.862399999252,-17.398258320000043
2022-12-28,HENDERSON,00H,SG,243.53125,243.5314393939394,0.9999999999990904,0.3047999999997227,0.45,37,-2.0,2864.79,0.45,59.54558,11777.167199999252,-17.396886720000044
2022-12-28,HENDERSON,00H,SG,243.52367424242425,243.52386363636364,0.9999999999990904,0.3047999999997227,0.45,36,-2.4,2387.3250000000003,0.45,57.93624,11777.471999999252,-17.395515120000045
2022-12-28,HENDERSON,00H,SG,243.5471590909091,243.5473484848485,0.9999999999990904,0.3047999999997227,0.45,37,-1.0,5729.58,0.45,59.54558,11777.776799999252,-17.394143520000046
2022-12-28,HENDERSON,00H,SG,243.49583333333337,243.49602272727273,0.9999999999990904,0.3047999999997227,0.45,36,-4.0,1432.395,0.45,57.93624,11778.081599999252,-17.392771920000047
2022-12-28,HENDERSON,00H,SG,243.43806818181815,243.4382575757576,0.9999999999990904,0.3047999999997227,0.45,37,-3.4,1685.1705882352942,0.45,59.54558,11778.386399999252,-17.39140032000005
2022-12-28,HENDERSON,00H,SG,243.43541666666667,243.4356060606061,0.9999999999990904,0.3047999999997227,0.45,37,-3.4,1685.1705882352942,0.45,59.54558,11778.691199999252,-17.39002872000005
2022-12-28,HENDERSON,00H,SG,243.44829545454544,243.44848484848484,0.9999999999990904,0.3047999999997227,0.45,37,-4.0,1432.395,0.45,59.54558,11778.995999999252,-17.38865712000005
2022-12-28,HENDERSON,00H,SG,243.52310606060607,243.52329545454543,0.9999999999990904,0.3047999999997227,0.45,36,-2.4,2387.3250000000003,0.45,57.93624,11779.300799999251,-17.387285520000052
2022-12-28,HENDERSON,00H,SG,243.5253787878788,243.5255681818182,0.9999999999990904,0.3047999999997227,0.45,36,-2.3,2491.121739130435,0.45,57.93624,11779.605599999251,-17.385913920000053
2022-12-28,HENDERSON,00H,SG,243.5344696969697,243.5346590909091,0.9999999999990904,0.3047999999997227,0.45,37,-1.8,3183.1,0.45,59.54558,11779.910399999251,-17.384542320000055
2022-12-28,HENDERSON,00H,SG,243.4564393939394,243.4566287878788,0.9999999999990904,0.3047999999997227,0.45,37,-4.3,1332.460465116279,0.45,59.54558,11780.215199999251,-17.383170720000056
2022-12-28,HENDERSON,00H,SG,243.4431818181818,243.4433712121212,0.9999999999990904,0.3047999999997227,0.45,37,-3.7,1548.535135135135,0.45,59.54558,11780.519999999251,-17.381799120000057
2022-12-28,HENDERSON,00H,SG,243.55833333333337,243.55852272727273,0.9999999999990904,0.3047999999997227,0.45,36,-0.4,14323.949999999999,0.45,57.93624,11780.82479999925,-17.380427520000058
2022-12-28,HENDERSON,00H,SG,243.5403409090909,243.54053030303027,0.9999999999990904,0.3047999999997227,0.45,37,-1.3,4407.369230769231,0.45,59.54558,11781.12959999925,-17.37905592000006
2022-12-28,HENDERSON,00H,SG,243.44280303030305,243.4431818181818,1.999999999998181,0.6095999999994455,0.45,37,-3.8,1507.7842105263157,0.45,59.54558,11781.73919999925,-17.37768432000006
2022-12-28,HENDERSON,00H,SG,243.49375,243.4941287878788,1.999999999998181,0.6095999999994455,0.45,37,-4.0,1432.395,0.45,59.54558,11782.34879999925,-17.374941120000063
2022-12-28,HENDERSON,00H,SG,243.4376893939394,243.43806818181815,1.999999999998181,0.6095999999994455,0.45,37,-3.5,1637.0228571428572,0.45,59.54558,11782.95839999925,-17.372197920000065
2022-12-28,HENDERSON,00H,SG,243.55776515151516,243.55814393939391,1.999999999998181,0.6095999999994455,0.45,37,-0.5,11459.16,0.45,59.54558,11783.56799999925,-17.369454720000068
2022-12-28,HENDERSON,00H,SG,243.42291666666668,243.42329545454547,1.999999999998181,0.6095999999994455,0.45,37,-2.6,2203.6846153846154,0.45,59.54558,11784.17759999925,-17.36671152000007
2022-12-28,HENDERSON,00H,SG,243.54545454545453,243.54583333333332,1.999999999998181,0.6095999999994455,0.45,37,-1.1,5208.70909090909,0.45,59.54558,11784.78719999925,-17.363968320000073
2022-12-28,HENDERSON,00H,SG,243.51799242424244,243.5183712121212,1.999999999998181,0.6095999999994455,0.45,36,-2.7,2122.0666666666666,0.45,57.93624,11785.39679999925,-17.361225120000075
2022-12-28,HENDERSON,00H,SG,243.52329545454543,243.52367424242425,1.999999999998181,0.6095999999994455,0.45,36,-2.5,2291.832,0.45,57.93624,11786.006399999249,-17.358481920000077
2022-12-28,HENDERSON,00H,SG,243.53598484848484,243.53636363636363,1.999999999998181,0.6095999999994455,0.45,36,-1.6,3580.9874999999997,0.45,57.93624,11786.615999999249,-17.35573872000008
2022-12-28,HENDERSON,00H,SG,243.41420454545457,243.41458333333333,1.999999999998181,0.6095999999994455,0.45,37,-2.2,2604.354545454545,0.45,59.54558,11787.225599999249,-17.352995520000082
2022-12-28,HENDERSON,00H,SG,243.50094696969697,243.50132575757576,1.999999999998181,0.6095999999994455,0.45,37,-3.7,1548.535135135135,0.45,59.54558,11787.835199999248,-17.350252320000084
2022-12-28,HENDERSON,00H,SG,243.41458333333333,243.4149621212121,1.999999999998181,0.6095999999994455,0.45,37,-2.1,2728.3714285714286,0.45,59.54558,11788.444799999248,-17.347509120000087
2022-12-28,HENDERSON,00H,SG,243.49886363636364,243.4992424242424,1.999999999998181,0.6095999999994455,0.45,37,-3.8,1507.7842105263157,0.45,59.54558,11789.054399999248,-17.34476592000009
2022-12-28,HENDERSON,00H,SG,243.50965909090908,243.51003787878787,1.999999999998181,0.6095999999994455,0.45,37,-3.2,1790.4937499999999,0.45,59.54558,11789.663999999248,-17.34202272000009
2022-12-28,HENDERSON,00H,SG,243.5477272727273,243.54810606060607,1.999999999998181,0.6095999999994455,0.45,36,-1.0,5729.58,0.45,57.93624,11790.273599999247,-17.339279520000094
2022-12-28,HENDERSON,00H,SG,243.50378787878788,243.50416666666663,1.999999999998181,0.6095999999994455,0.45,36,-3.5,1637.0228571428572,0.45,57.93624,11790.883199999247,-17.336536320000096
2022-12-28,HENDERSON,00H,SG,243.43617424242424,243.43655303030303,1.999999999998181,0.6095999999994455,0.45,37,-3.3,1736.2363636363636,0.45,59.54558,11791.492799999247,-17.3337931200001
2022-12-28,HENDERSON,00H,SG,243.5151515151515,243.5155303030303,1.999999999998181,0.6095999999994455,0.45,37,-2.9,1975.7172413793103,0.45,59.54558,11792.102399999247,-17.3310499200001
2022-12-28,HENDERSON,00H,SG,243.52272727272728,243.52310606060607,1.999999999998181,0.6095999999994455,0.45,36,-2.5,2291.832,0.45,57.93624,11792.711999999246,-17.328306720000104
2022-12-28,HENDERSON,00H,SG,243.54886363636365,243.54924242424244,1.999999999998181,0.6095999999994455,0.45,37,-0.9,6366.2,0.45,59.54558,11793.321599999246,-17.325563520000106
2022-12-28,HENDERSON,00H,SG,243.43996212121212,243.4403409090909,1.999999999998181,0.6095999999994455,0.45,37,-3.6,1591.55,0.45,59.54558,11793.931199999246,-17.32282032000011
2022-12-28,HENDERSON,00H,SG,243.5217803030303,243.5221590909091,1.999999999998181,0.6095999999994455,0.45,36,-2.5,2291.832,0.45,57.93624,11794.540799999246,-17.32007712000011
2022-12-28,HENDERSON,00H,SG,243.5435606060606,243.54393939393935,1.999999999998181,0.6095999999994455,0.45,37,-1.2,4774.650000000001,0.45,59.54558,11795.150399999246,-17.317333920000113
2022-12-28,HENDERSON,00H,SG,243.5378787878788,243.53825757575757,1.999999999998181,0.6095999999994455,0.45,36,-1.5,3819.72,0.45,57.93624,11795.759999999245,-17.314590720000115
2022-12-28,HENDERSON,00H,SG,243.4660984848485,243.46647727272727,1.999999999998181,0.6095999999994455,0.45,36,-4.5,1273.24,0.45,57.93624,11796.369599999245,-17.311847520000118
2022-12-28,HENDERSON,00H,SG,243.4202651515151,243.42064393939393,1.999999999998181,0.6095999999994455,0.45,37,-2.6,2203.6846153846154,0.45,59.54558,11796.979199999245,-17.30910432000012
2022-12-28,HENDERSON,00H,SG,243.52708333333337,243.52746212121212,1.999999999998181,0.6095999999994455,0.45,36,-2.2,2604.354545454545,0.45,57.93624,11797.588799999245,-17.306361120000123
2022-12-28,HENDERSON,00H,SG,243.44791666666663,243.44829545454544,1.999999999998181,0.6095999999994455,0.45,37,-4.1,1397.458536585366,0.45,59.54558,11798.198399999244,-17.303617920000125
2022-12-28,HENDERSON,00H,SG,243.49848484848485,243.49886363636364,1.999999999998181,0.6095999999994455,0.45,36,-3.8,1507.7842105263157,0.45,57.93624,11798.807999999244,-17.300874720000127
2022-12-28,HENDERSON,00H,SG,243.5293560606061,243.52973484848485,1.999999999998181,0.6095999999994455,0.45,37,-2.1,2728.3714285714286,0.45,59.54558,11799.417599999244,-17.29813152000013
2022-12-28,HENDERSON,00H,SG,243.4125,243.4128787878788,1.999999999998181,0.6095999999994455,0.45,37,-2.0,2864.79,0.45,59.54558,11800.027199999244,-17.295388320000132
2022-12-28,HENDERSON,00H,SG,243.4371212121212,243.4375,1.999999999998181,0.6095999999994455,0.45,37,-3.5,1637.0228571428572,0.45,59.54558,11800.636799999244,-17.292645120000135
2022-12-28,HENDERSON,00H,SG,243.53276515151515,243.5331439393939,1.999999999998181,0.6095999999994455,0.45,37,-1.9,3015.5684210526315,0.45,59.54558,11801.246399999243,-17.289901920000137
2022-12-28,HENDERSON,00H,SG,243.55208333333337,243.55246212121213,1.999999999998181,0.6095999999994455,0.45,36,-0.7,8185.114285714286,0.45,57.93624,11801.855999999243,-17.28715872000014
2022-12-28,HENDERSON,00H,SG,243.49545454545455,243.49583333333337,1.999999999998181,0.6095999999994455,0.45,37,-4.0,1432.395,0.45,59.54558,11802.465599999243,-17.28441552000014
2022-12-28,HENDERSON,00H,SG,243.44128787878788,243.44166666666663,1.999999999998181,0.6095999999994455,0.45,37,-3.6,1591.55,0.45,59.54558,11803.075199999243,-17.281672320000144
2022-12-28,HENDERSON,00H,SG,243.53825757575757,243.53863636363636,1.999999999998181,0.6095999999994455,0.45,37,-1.5,3819.72,0.45,59.54558,11803.684799999242,-17.278929120000146
2022-12-28,HENDERSON,00H,SG,243.43579545454543,243.43617424242424,1.999999999998181,0.6095999999994455,0.45,37,-3.4,1685.1705882352942,0.45,59.54558,11804.294399999242,-17.27618592000015
2022-12-28,HENDERSON,00H,SG,243.5003787878788,243.50094696969697,2.9999999999972715,0.9143999999991684,0.45,36,-3.7,1548.535135135135,0.45,57.93624,11805.208799999242,-17.27344272000015
2022-12-28,HENDERSON,00H,SG,243.5221590909091,243.52272727272728,2.9999999999972715,0.9143999999991684,0.45,37,-2.5,2291.832,0.45,59.54558,11806.123199999241,-17.269327920000155
2022-12-28,HENDERSON,00H,SG,243.47310606060609,243.47367424242424,2.9999999999972715,0.9143999999991684,0.45,36,-4.4,1302.1772727272726,0.45,57.93624,11807.037599999241,-17.26521312000016
2022-12-28,HENDERSON,00H,SG,243.53939393939393,243.5399621212121,2.9999999999972715,0.9143999999991684,0.45,36,-1.4,4092.557142857143,0.45,57.93624,11807.95199999924,-17.261098320000162
2022-12-28,HENDERSON,00H,SG,243.54128787878787,243.54185606060605,2.9999999999972715,0.9143999999991684,0.45,36,-1.3,4407.369230769231,0.45,57.93624,11808.86639999924,-17.256983520000166
2022-12-28,HENDERSON,00H,SG,243.53636363636363,243.5369318181818,2.9999999999972715,0.9143999999991684,0.45,37,-1.6,3580.9874999999997,0.45,59.54558,11809.78079999924,-17.25286872000017
2022-12-28,HENDERSON,00H,SG,243.46420454545455,243.46477272727273,2.9999999999972715,0.9143999999991684,0.45,36,-4.5,1273.24,0.45,57.93624,11810.69519999924,-17.248753920000173
2022-12-28,HENDERSON,00H,SG,243.54242424242423,243.5429924242424,2.9999999999972715,0.9143999999991684,0.45,36,-1.3,4407.369230769231,0.45,57.93624,11811.60959999924,-17.244639120000176
2022-12-28,HENDERSON,00H,SG,243.54185606060605,243.54242424242423,2.9999999999972715,0.9143999999991684,0.45,37,-1.3,4407.369230769231,0.45,59.54558,11812.52399999924,-17.24052432000018
2022-12-28,HENDERSON,00H,SG,243.51136363636363,243.5119318181818,2.9999999999972715,0.9143999999991684,0.45,37,-3.1,1848.2516129032258,0.45,59.54558,11813.438399999239,-17.236409520000183
2022-12-28,HENDERSON,00H,SG,243.52386363636364,243.52443181818185,2.9999999999972715,0.9143999999991684,0.45,37,-2.4,2387.3250000000003,0.45,59.54558,11814.352799999238,-17.232294720000187
2022-12-28,HENDERSON,00H,SG,243.5560606060606,243.5566287878788,2.9999999999972715,0.9143999999991684,0.45,37,-0.5,11459.16,0.45,59.54558,11815.267199999238,-17.22817992000019
2022-12-28,HENDERSON,00H,SG,243.43295454545455,243.43352272727273,2.9999999999972715,0.9143999999991684,0.45,37,-3.1,1848.2516129032258,0.45,59.54558,11816.181599999238,-17.224065120000194
2022-12-28,HENDERSON,00H,SG,243.43655303030303,243.4371212121212,2.9999999999972715,0.9143999999991684,0.45,37,-3.4,1685.1705882352942,0.45,59.54558,11817.095999999237,-17.219950320000198
2022-12-28,HENDERSON,00H,SG,243.51685606060607,243.51742424242423,2.9999999999972715,0.9143999999991684,0.45,37,-2.8,2046.2785714285715,0.45,59.54558,11818.010399999237,-17.2158355200002
2022-12-28,HENDERSON,00H,SG,243.50681818181815,243.50738636363636,2.9999999999972715,0.9143999999991684,0.45,36,-3.4,1685.1705882352942,0.45,57.93624,11818.924799999237,-17.211720720000205
2022-12-28,HENDERSON,00H,SG,243.5032196969697,243.50378787878788,2.9999999999972715,0.9143999999991684,0.45,36,-3.6,1591.55,0.45,57.93624,11819.839199999236,-17.20760592000021
2022-12-28,HENDERSON,00H,SG,243.51856060606065,243.5191287878788,2.9999999999972715,0.9143999999991684,0.45,37,-2.7,2122.0666666666666,0.45,59.54558,11820.753599999236,-17.203491120000212
2022-12-28,HENDERSON,00H,SG,243.5429924242424,243.5435606060606,2.9999999999972715,0.9143999999991684,0.45,36,-1.2,4774.650000000001,0.45,57.93624,11821.667999999236,-17.199376320000216
2022-12-28,HENDERSON,00H,SG,243.4748106060606,243.4753787878788,2.9999999999972715,0.9143999999991684,0.45,36,-4.4,1302.1772727272726,0.45,57.93624,11822.582399999235,-17.19526152000022
2022-12-28,HENDERSON,00H,SG,243.4382575757576,243.43882575757576,2.9999999999972715,0.9143999999991684,0.45,37,-3.5,1637.0228571428572,0.45,59.54558,11823.496799999235,-17.191146720000223
2022-12-28,HENDERSON,00H,SG,243.48636363636365,243.48693181818183,2.9999999999972715,0.9143999999991684,0.45,37,-4.3,1332.460465116279,0.45,59.54558,11824.411199999235,-17.187031920000226
2022-12-28,HENDERSON,00H,SG,243.55246212121213,243.5530303030303,2.9999999999972715,0.9143999999991684,0.45,37,-0.7,8185.114285714286,0.45,59.54558,11825.325599999234,-17.18291712000023
2022-12-28,HENDERSON,00H,SG,243.5346590909091,243.53522727272727,2.9999999999972715,0.9143999999991684,0.45,37,-1.7,3370.3411764705884,0.45,59.54558,11826.239999999234,-17.178802320000234
2022-12-28,HENDERSON,00H,SG,243.55321969696973,243.5537878787879,2.9999999999972715,0.9143999999991684,0.45,36,-0.7,8185.114285714286,0.45,57.93624,11827.154399999234,-17.174687520000237
2022-12-28,HENDERSON,00H,SG,243.52746212121212,243.5280303030303,2.9999999999972715,0.9143999999991684,0.45,37,-2.2,2604.354545454545,0.45,59.54558,11828.068799999233,-17.17057272000024
2022-12-28,HENDERSON,00H,SG,243.51742424242423,243.51799242424244,2.9999999999972715,0.9143999999991684,0.45,36,-2.8,2046.2785714285715,0.45,57.93624,11828.983199999233,-17.166457920000244
2022-12-28,HENDERSON,00H,SG,243.5465909090909,243.5471590909091,3.000000000147338,0.9144000000449088,0.45,36,-1.0,5729.58,0.45,57.93624,11829.897599999278,-17.162343120000248
2022-12-28,HENDERSON,00H,SG,243.48011363636363,243.4808712121212,3.999999999996362,1.2191999999988912,0.45,36,-4.4,1302.1772727272726,0.45,57.93624,11831.116799999278,-17.158228320000045
2022-12-28,HENDERSON,00H,SG,243.54810606060607,243.54886363636365,3.999999999996362,1.2191999999988912,0.45,36,-0.9,6366.2,0.45,57.93624,11832.335999999277,-17.15274192000005
2022-12-28,HENDERSON,00H,SG,243.52632575757576,243.52708333333337,3.999999999996362,1.2191999999988912,0.45,36,-2.3,2491.121739130435,0.45,57.93624,11833.555199999277,-17.147255520000055
2022-12-28,HENDERSON,00H,SG,243.52026515151516,243.5210227272727,3.999999999996362,1.2191999999988912,0.45,37,-2.6,2203.6846153846154,0.45,59.54558,11834.774399999276,-17.14176912000006
2022-12-28,HENDERSON,00H,SG,243.44185606060609,243.44261363636363,3.999999999996362,1.2191999999988912,0.45,37,-3.8,1507.7842105263157,0.45,59.54558,11835.993599999276,-17.136282720000064
2022-12-28,HENDERSON,00H,SG,243.48996212121213,243.49071969696973,3.999999999996362,1.2191999999988912,0.45,37,-4.2,1364.1857142857143,0.45,59.54558,11837.212799999275,-17.13079632000007
2022-12-28,HENDERSON,00H,SG,243.54053030303027,243.54128787878787,3.999999999996362,1.2191999999988912,0.45,36,-1.4,4092.557142857143,0.45,57.93624,11838.431999999275,-17.125309920000074
2022-12-28,HENDERSON,00H,SG,243.50132575757576,243.50208333333333,3.999999999996362,1.2191999999988912,0.45,36,-3.7,1548.535135135135,0.45,57.93624,11839.651199999274,-17.11982352000008
2022-12-28,HENDERSON,00H,SG,243.50492424242424,243.5056818181818,3.999999999996362,1.2191999999988912,0.45,36,-3.5,1637.0228571428572,0.45,57.93624,11840.870399999274,-17.114337120000084
2022-12-28,HENDERSON,00H,SG,243.50416666666663,243.50492424242424,3.999999999996362,1.2191999999988912,0.45,37,-3.5,1637.0228571428572,0.45,59.54558,11842.089599999274,-17.10885072000009
2022-12-28,HENDERSON,00H,SG,243.48920454545456,243.48996212121213,3.999999999996362,1.2191999999988912,0.45,36,-4.2,1364.1857142857143,0.45,57.93624,11843.308799999273,-17.103364320000093
2022-12-28,HENDERSON,00H,SG,243.42329545454547,243.42405303030304,3.999999999996362,1.2191999999988912,0.45,37,-2.7,2122.0666666666666,0.45,59.54558,11844.527999999273,-17.097877920000098
2022-12-28,HENDERSON,00H,SG,243.5255681818182,243.52632575757576,3.999999999996362,1.2191999999988912,0.45,37,-2.3,2491.121739130435,0.45,59.54558,11845.747199999272,-17.092391520000103
2022-12-28,HENDERSON,00H,SG,243.47651515151512,243.47727272727272,3.999999999996362,1.2191999999988912,0.45,36,-4.4,1302.1772727272726,0.45,57.93624,11846.966399999272,-17.086905120000107
2022-12-28,HENDERSON,00H,SG,243.53522727272727,243.53598484848484,3.999999999996362,1.2191999999988912,0.45,36,-1.7,3370.3411764705884,0.45,57.93624,11848.185599999271,-17.081418720000112
2022-12-28,HENDERSON,00H,SG,243.54469696969696,243.54545454545453,3.999999999996362,1.2191999999988912,0.45,36,-1.1,5208.70909090909,0.45,57.93624,11849.40479999927,-17.075932320000117
2022-12-28,HENDERSON,00H,SG,243.47840909090908,243.47916666666663,3.999999999996362,1.2191999999988912,0.45,36,-4.4,1302.1772727272726,0.45,57.93624,11850.62399999927,-17.07044592000012
2022-12-28,HENDERSON,00H,SG,243.55416666666667,243.55492424242425,3.999999999996362,1.2191999999988912,0.45,37,-0.6,9549.300000000001,0.45,59.54558,11851.84319999927,-17.064959520000127
2022-12-28,HENDERSON,00H,SG,243.48200757575756,243.4827651515151,3.999999999996362,1.2191999999988912,0.45,36,-4.3,1332.460465116279,0.45,57.93624,11853.06239999927,-17.05947312000013
2022-12-28,HENDERSON,00H,SG,243.41041666666663,243.41117424242424,3.999999999996362,1.2191999999988912,0.45,37,-2.0,2864.79,0.45,59.54558,11854.281599999269,-17.053986720000136
2022-12-28,HENDERSON,00H,SG,243.54393939393935,243.54469696969696,3.999999999996362,1.2191999999988912,0.45,36,-1.2,4774.650000000001,0.45,57.93624,11855.500799999269,-17.04850032000014
2022-12-28,HENDERSON,00H,SG,243.4844696969697,243.4852272727273,3.999999999996362,1.2191999999988912,0.45,37,-4.3,1332.460465116279,0.45,59.54558,11856.719999999268,-17.043013920000146
2022-12-28,HENDERSON,00H,SG,243.4837121212121,243.48446969696968,3.999999999996362,1.2191999999988912,0.45,36,-4.3,1332.460465116279,0.45,57.93624,11857.939199999268,-17.03752752000015
2022-12-28,HENDERSON,00H,SG,243.5210227272727,243.5217803030303,3.999999999996362,1.2191999999988912,0.45,36,-2.6,2203.6846153846154,0.45,57.93624,11859.158399999267,-17.032041120000155
2022-12-28,HENDERSON,00H,SG,243.54583333333332,243.5465909090909,3.999999999996362,1.2191999999988912,0.45,36,-1.1,5208.70909090909,0.45,57.93624,11860.377599999267,-17.02655472000016
2022-12-28,HENDERSON,00H,SG,243.53863636363636,243.53939393939393,3.999999999996362,1.2191999999988912,0.45,36,-1.5,3819.72,0.45,57.93624,11861.596799999266,-17.021068320000165
2022-12-28,HENDERSON,00H,SG,243.4221590909091,243.42291666666668,3.999999999996362,1.2191999999988912,0.45,37,-2.7,2122.0666666666666,0.45,59.54558,11862.815999999266,-17.01558192000017
2022-12-28,HENDERSON,00H,SG,243.54924242424244,243.55,3.999999999996362,1.2191999999988912,0.45,36,-0.9,6366.2,0.45,57.93624,11864.035199999265,-17.010095520000174
2022-12-28,HENDERSON,00H,SG,243.43219696969695,243.43295454545455,3.999999999996362,1.2191999999988912,0.45,37,-3.2,1790.4937499999999,0.45,59.54558,11865.254399999265,-17.00460912000018
2022-12-28,HENDERSON,00H,SG,243.47121212121212,243.4719696969697,3.999999999996362,1.2191999999988912,0.45,36,-4.5,1273.24,0.45,57.93624,11866.473599999264,-16.999122720000184
2022-12-28,HENDERSON,00H,SG,243.5285984848485,243.5293560606061,3.999999999996362,1.2191999999988912,0.45,36,-2.1,2728.3714285714286,0.45,57.93624,11867.692799999264,-16.99363632000019
2022-12-28,HENDERSON,00H,SG,243.49261363636364,243.4935606060606,4.9999999999954525,1.523999999998614,0.45,36,-4.1,1397.458536585366,0.45,57.93624,11869.216799999263,-16.988149920000193
2022-12-28,HENDERSON,00H,SG,243.47916666666663,243.48011363636363,4.9999999999954525,1.523999999998614,0.45,37,-4.4,1302.1772727272726,0.45,59.54558,11870.740799999263,-16.9812919200002
2022-12-28,HENDERSON,00H,SG,243.51306818181817,243.5140151515151,4.9999999999954525,1.523999999998614,0.45,37,-3.0,1909.86,0.45,59.54558,11872.264799999262,-16.974433920000205
2022-12-28,HENDERSON,00H,SG,243.50227272727273,243.5032196969697,4.9999999999954525,1.523999999998614,0.45,37,-3.6,1591.55,0.45,59.54558,11873.788799999262,-16.96757592000021
2022-12-28,HENDERSON,00H,SG,243.5058712121212,243.50681818181815,4.9999999999954525,1.523999999998614,0.45,37,-3.4,1685.1705882352942,0.45,59.54558,11875.312799999261,-16.960717920000217
2022-12-28,HENDERSON,00H,SG,243.4719696969697,243.47291666666663,4.9999999999954525,1.523999999998614,0.45,37,-4.5,1273.24,0.45,59.54558,11876.83679999926,-16.953859920000223
2022-12-28,HENDERSON,00H,SG,243.49071969696973,243.49166666666667,4.9999999999954525,1.523999999998614,0.45,36,-4.2,1364.1857142857143,0.45,57.93624,11878.36079999926,-16.94700192000023
2022-12-28,HENDERSON,00H,SG,243.49166666666667,243.49261363636364,4.9999999999954525,1.523999999998614,0.45,37,-4.1,1397.458536585366,0.45,59.54558,11879.88479999926,-16.940143920000235
2022-12-28,HENDERSON,00H,SG,243.5369318181818,243.5378787878788,4.9999999999954525,1.523999999998614,0.45,36,-1.6,3580.9874999999997,0.45,57.93624,11881.408799999259,-16.93328592000024
2022-12-28,HENDERSON,00H,SG,243.4827651515151,243.4837121212121,4.9999999999954525,1.523999999998614,0.45,37,-4.3,1332.460465116279,0.45,59.54558,11882.932799999258,-16.926427920000247
2022-12-28,HENDERSON,00H,SG,243.4880681818182,243.48901515151516,4.9999999999954525,1.523999999998614,0.45,37,-4.3,1332.460465116279,0.45,59.54558,11884.456799999258,-16.919569920000253
2022-12-28,HENDERSON,00H,SG,243.49753787878788,243.49848484848485,4.9999999999954525,1.523999999998614,0.45,36,-3.9,1469.123076923077,0.45,57.93624,11885.980799999257,-16.91271192000026
2022-12-28,HENDERSON,00H,SG,243.41306818181815,243.41401515151512,4.9999999999954525,1.523999999998614,0.45,37,-2.2,2604.354545454545,0.45,59.54558,11887.504799999257,-16.905853920000265
2022-12-28,HENDERSON,00H,SG,243.5140151515151,243.5149621212121,4.9999999999954525,1.523999999998614,0.45,36,-3.0,1909.86,0.45,57.93624,11889.028799999256,-16.89899592000027
2022-12-28,HENDERSON,00H,SG,243.55492424242425,243.5558712121212,4.9999999999954525,1.523999999998614,0.45,36,-0.6,9549.300000000001,0.45,57.93624,11890.552799999256,-16.892137920000277
2022-12-28,HENDERSON,00H,SG,243.43882575757576,243.43977272727273,4.9999999999954525,1.523999999998614,0.45,37,-3.6,1591.55,0.45,59.54558,11892.076799999255,-16.885279920000283
2022-12-28,HENDERSON,00H,SG,243.52443181818185,243.5253787878788,4.9999999999954525,1.523999999998614,0.45,36,-2.4,2387.3250000000003,0.45,57.93624,11893.600799999254,-16.87842192000029
2022-12-28,HENDERSON,00H,SG,243.4403409090909,243.44128787878788,4.9999999999954525,1.523999999998614,0.45,37,-3.7,1548.535135135135,0.45,59.54558,11895.124799999254,-16.871563920000295
2022-12-28,HENDERSON,00H,SG,243.4852272727273,243.48636363636365,5.999999999994543,1.8287999999983369,0.45,36,-4.3,1332.460465116279,0.45,57.93624,11896.953599999251,-16.8647059200003
2022-12-28,HENDERSON,00H,SG,243.5119318181818,243.51306818181817,5.999999999994543,1.8287999999983369,0.45,36,-3.1,1848.2516129032258,0.45,57.93624,11898.782399999249,-16.856476320000308
2022-12-28,HENDERSON,00H,SG,243.52992424242424,243.5310606060606,5.999999999994543,1.8287999999983369,0.45,36,-2.0,2864.79,0.45,57.93624,11900.611199999246,-16.848246720000315
2022-12-28,HENDERSON,00H,SG,243.47727272727272,243.47840909090908,5.999999999994543,1.8287999999983369,0.45,37,-4.4,1302.1772727272726,0.45,59.54558,11902.439999999244,-16.840017120000322
2022-12-28,HENDERSON,00H,SG,243.4992424242424,243.5003787878788,5.999999999994543,1.8287999999983369,0.45,36,-3.8,1507.7842105263157,0.45,57.93624,11904.268799999241,-16.83178752000033
2022-12-28,HENDERSON,00H,SG,243.4753787878788,243.47651515151512,5.999999999994543,1.8287999999983369,0.45,37,-4.4,1302.1772727272726,0.45,59.54558,11906.097599999239,-16.823557920000336
2022-12-28,HENDERSON,00H,SG,243.51003787878787,243.51117424242423,5.999999999994543,1.8287999999983369,0.45,36,-3.2,1790.4937499999999,0.45,57.93624,11907.926399999236,-16.815328320000344
2022-12-28,HENDERSON,00H,SG,243.47367424242424,243.4748106060606,5.999999999994543,1.8287999999983369,0.45,37,-4.4,1302.1772727272726,0.45,59.54558,11909.755199999234,-16.80709872000035
2022-12-28,HENDERSON,00H,SG,243.5191287878788,243.52026515151516,5.999999999994543,1.8287999999983369,0.45,36,-2.7,2122.0666666666666,0.45,57.93624,11911.583999999231,-16.798869120000358
2022-12-28,HENDERSON,00H,SG,243.48693181818183,243.4880681818182,5.999999999994543,1.8287999999983369,0.45,36,-4.3,1332.460465116279,0.45,57.93624,11913.412799999229,-16.790639520000365
2022-12-28,HENDERSON,00H,SG,243.5566287878788,243.55776515151516,5.999999999994543,1.8287999999983369,0.45,36,-0.5,11459.16,0.45,57.93624,11915.241599999226,-16.782409920000372
2022-12-28,HENDERSON,00H,SG,243.4808712121212,243.48200757575756,5.999999999994543,1.8287999999983369,0.45,37,-4.4,1302.1772727272726,0.45,59.54558,11917.070399999224,-16.77418032000038
2022-12-28,HENDERSON,00H,SG,243.53333333333333,243.5344696969697,5.999999999994543,1.8287999999983369,0.45,36,-1.8,3183.1,0.45,57.93624,11918.899199999221,-16.765950720000387
2022-12-28,HENDERSON,00H,SG,243.5155303030303,243.51666666666668,6.00000000014461,1.8288000000440772,0.45,36,-2.9,1975.7172413793103,0.45,57.93624,11920.727999999266,-16.757721120000394
2022-12-28,HENDERSON,00H,SG,243.55871212121212,243.56003787878788,6.9999999999936335,2.1335999999980597,0.45,36,-0.4,14323.949999999999,0.45,57.93624,11922.861599999263,-16.749491520000195
2022-12-28,HENDERSON,00H,SG,243.46477272727273,243.4660984848485,6.9999999999936335,2.1335999999980597,0.45,37,-4.5,1273.24,0.45,59.54558,11924.99519999926,-16.739890320000203
2022-12-28,HENDERSON,00H,SG,243.4149621212121,243.41628787878787,6.9999999999936335,2.1335999999980597,0.45,37,-2.3,2491.121739130435,0.45,59.54558,11927.128799999258,-16.73028912000021
2022-12-28,HENDERSON,00H,SG,243.49602272727273,243.4973484848485,6.9999999999936335,2.1335999999980597,0.45,36,-3.9,1469.123076923077,0.45,57.93624,11929.262399999256,-16.72068792000022
2022-12-28,HENDERSON,00H,SG,243.41117424242424,243.4125,6.9999999999936335,2.1335999999980597,0.45,37,-2.1,2728.3714285714286,0.45,59.54558,11931.395999999253,-16.711086720000228
2022-12-28,HENDERSON,00H,SG,243.5314393939394,243.53276515151515,6.9999999999936335,2.1335999999980597,0.45,36,-1.9,3015.5684210526315,0.45,57.93624,11933.52959999925,-16.701485520000237
2022-12-28,HENDERSON,00H,SG,243.4941287878788,243.49545454545455,6.9999999999936335,2.1335999999980597,0.45,36,-4.0,1432.395,0.45,57.93624,11935.663199999248,-16.691884320000245
2022-12-28,HENDERSON,00H,SG,243.42083333333332,243.4221590909091,7.0000000001437,2.1336000000438,0.45,37,-2.6,2203.6846153846154,0.45,59.54558,11937.796799999292,-16.682283120000253
2022-12-28,HENDERSON,00H,SG,243.43371212121212,243.43541666666667,8.999999999991815,2.743199999997505,0.45,37,-3.3,1736.2363636363636,0.45,59.54558,11940.53999999929,-16.672681920000056
2022-12-28,HENDERSON,00H,SG,243.44848484848484,243.45018939393935,8.999999999991815,2.743199999997505,0.45,37,-4.1,1397.458536585366,0.45,59.54558,11943.283199999287,-16.660337520000066
2022-12-28,HENDERSON,00H,SG,243.42405303030304,243.42594696969695,9.999999999990903,3.047999999997228,0.45,37,-2.8,2046.2785714285715,0.45,59.54558,11946.331199999284,-16.647993120000077
2022-12-28,HENDERSON,00H,SG,243.41628787878787,243.4181818181818,9.999999999990903,3.047999999997228,0.45,37,-2.4,2387.3250000000003,0.45,59.54558,11949.37919999928,-16.63427712000009
2022-12-28,HENDERSON,00H,SG,243.50738636363636,243.5094696969697,10.999999999989996,3.3527999999969507,0.45,36,-3.3,1736.2363636363636,0.45,57.93624,11952.731999999278,-16.6205611200001
2022-12-28,HENDERSON,00H,SG,243.4280303030303,243.43011363636364,10.999999999989996,3.3527999999969507,0.45,37,-3.0,1909.86,0.45,59.54558,11956.084799999275,-16.605473520000114
2022-12-28,HENDERSON,00H,SG,243.4435606060606,243.44564393939393,10.999999999989996,3.3527999999969507,0.45,37,-3.9,1469.123076923077,0.45,59.54558,11959.437599999272,-16.590385920000127
2022-12-28,HENDERSON,00H,SG,243.43011363636364,243.43219696969695,10.999999999989996,3.3527999999969507,0.45,37,-3.1,1848.2516129032258,0.45,59.54558,11962.790399999269,-16.57529832000014
2022-12-28,HENDERSON,00H,SG,243.4181818181818,243.4202651515151,10.999999999989996,3.3527999999969507,0.45,37,-2.5,2291.832,0.45,59.54558,11966.143199999266,-16.560210720000153
2022-12-28,HENDERSON,00H,SG,243.42594696969695,243.4280303030303,10.999999999989996,3.3527999999969507,0.45,37,-2.9,1975.7172413793103,0.45,59.54558,11969.495999999262,-16.545123120000166
2022-12-28,HENDERSON,00H,SG,243.55,243.55208333333337,10.999999999989996,3.3527999999969507,0.45,36,-0.8,7161.974999999999,0.45,57.93624,11972.84879999926,-16.53003552000018
2022-12-28,HENDERSON,00H,SG,243.44564393939393,243.44791666666663,11.999999999989086,3.6575999999966737,0.45,37,-4.0,1432.395,0.45,59.54558,11976.506399999256,-16.514947920000193
2022-12-28,HENDERSON,00H,SG,243.45018939393935,243.4530303030303,14.999999999986358,4.571999999995842,0.45,37,-4.2,1364.1857142857143,0.45,59.54558,11981.078399999253,-16.498488720000207
2022-12-28,HENDERSON,00H,SG,243.4566287878788,243.45946969696973,14.999999999986358,4.571999999995842,0.45,37,-4.4,1302.1772727272726,0.45,59.54558,11985.65039999925,-16.477914720000225
2022-12-28,HENDERSON,00H,SG,243.4530303030303,243.45625,17.000000000134605,5.181600000041028,0.45,37,-4.3,1332.460465116279,0.45,59.54558,11990.831999999291,-16.457340720000243
2022-12-28,HENDERSON,00H,SG,243.45946969696973,243.46420454545455,24.999999999977263,7.61999999999307,0.45,37,-4.5,1273.24,0.45,59.54558,11998.451999999284,-16.434023520000057
2022-12-28,HENDERSON,00H,SG,243.46647727272727,243.47121212121212,24.999999999977263,7.61999999999307,0.45,37,-4.5,1273.24,0.45,59.54558,12006.071999999278,-16.399733520000087
2022-12-28,HENDERSON,00H,SG,247.1092803030303,247.10946969696968,0.9999999999990904,0.3047999999997227,0.49,36,0.0,1000000.0,0.49,57.93624,12006.376799999278,-16.365443520000117
2022-12-28,HENDERSON,00H,SG,247.1128787878788,247.1130681818182,0.9999999999990904,0.3047999999997227,0.49,36,0.0,1000000.0,0.49,57.93624,12006.681599999278,-16.363950000000116
2022-12-28,HENDERSON,00H,SG,246.87026515151516,246.87045454545455,0.9999999999990904,0.3047999999997227,0.49,38,0.0,1000000.0,0.49,61.15492,12006.986399999278,-16.362456480000116
2022-12-28,HENDERSON,00H,SG,246.83011363636365,246.83030303030304,0.9999999999990904,0.3047999999997227,0.49,38,0.0,1000000.0,0.49,61.15492,12007.291199999278,-16.360962960000116
2022-12-28,HENDERSON,00H,SG,246.83030303030304,246.83068181818183,1.999999999998181,0.6095999999994455,0.49,37,0.0,1000000.0,0.49,59.54558,12007.900799999277,-16.359469440000115
2022-12-28,HENDERSON,00H,SG,246.88617424242423,246.88655303030305,1.999999999998181,0.6095999999994455,0.49,38,0.0,1000000.0,0.49,61.15492,12008.510399999277,-16.356482400000118
2022-12-28,HENDERSON,00H,SG,246.8897727272727,246.8901515151515,1.999999999998181,0.6095999999994455,0.49,38,0.0,1000000.0,0.49,61.15492,12009.119999999277,-16.35349536000012
2022-12-28,HENDERSON,00H,SG,246.83920454545455,246.83958333333337,1.999999999998181,0.6095999999994455,0.49,37,0.0,1000000.0,0.49,59.54558,12009.729599999277,-16.350508320000124
2022-12-28,HENDERSON,00H,SG,246.8878787878788,246.88825757575756,1.999999999998181,0.6095999999994455,0.49,38,0.0,1000000.0,0.49,61.15492,12010.339199999276,-16.347521280000127
2022-12-28,HENDERSON,00H,SG,246.8719696969697,246.8723484848485,1.999999999998181,0.6095999999994455,0.49,38,0.0,1000000.0,0.49,61.15492,12010.948799999276,-16.34453424000013
2022-12-28,HENDERSON,00H,SG,246.83390151515152,246.8342803030303,1.999999999998181,0.6095999999994455,0.49,37,0.0,1000000.0,0.49,59.54558,12011.558399999276,-16.341547200000132
2022-12-28,HENDERSON,00H,SG,246.87556818181815,246.87594696969697,1.999999999998181,0.6095999999994455,0.49,38,0.0,1000000.0,0.49,61.15492,12012.167999999276,-16.338560160000135
2022-12-28,HENDERSON,00H,SG,246.8630681818182,246.86344696969695,1.999999999998181,0.6095999999994455,0.49,38,0.0,1000000.0,0.49,61.15492,12012.777599999275,-16.335573120000138
2022-12-28,HENDERSON,00H,SG,246.8585227272727,246.8590909090909,2.9999999999972715,0.9143999999991684,0.49,37,0.0,1000000.0,0.49,59.54558,12013.691999999275,-16.33258608000014
2022-12-28,HENDERSON,00H,SG,246.8373106060606,246.8378787878788,2.9999999999972715,0.9143999999991684,0.49,37,0.0,1000000.0,0.49,59.54558,12014.606399999275,-16.328105520000143
2022-12-28,HENDERSON,00H,SG,246.8808712121212,246.8814393939394,2.9999999999972715,0.9143999999991684,0.49,38,0.0,1000000.0,0.49,61.15492,12015.520799999274,-16.323624960000146
2022-12-28,HENDERSON,00H,SG,246.87367424242424,246.8742424242424,2.9999999999972715,0.9143999999991684,0.49,38,0.0,1000000.0,0.49,61.15492,12016.435199999274,-16.319144400000148
2022-12-28,HENDERSON,00H,SG,246.88257575757575,246.88314393939393,2.9999999999972715,0.9143999999991684,0.49,38,0.0,1000000.0,0.49,61.15492,12017.349599999274,-16.31466384000015
2022-12-28,HENDERSON,00H,SG,246.8320075757576,246.83257575757577,2.9999999999972715,0.9143999999991684,0.49,37,0.0,1000000.0,0.49,59.54558,12018.263999999273,-16.310183280000153
2022-12-28,HENDERSON,00H,SG,246.87897727272727,246.87954545454545,2.9999999999972715,0.9143999999991684,0.49,38,0.0,1000000.0,0.49,61.15492,12019.178399999273,-16.305702720000156
2022-12-28,HENDERSON,00H,SG,246.86818181818185,246.86875,2.9999999999972715,0.9143999999991684,0.49,38,0.0,1000000.0,0.49,61.15492,12020.092799999273,-16.301222160000158
2022-12-28,HENDERSON,00H,SG,246.83560606060607,246.83617424242425,2.9999999999972715,0.9143999999991684,0.49,37,0.0,1000000.0,0.49,59.54558,12021.007199999272,-16.29674160000016
2022-12-28,HENDERSON,00H,SG,246.84791666666663,246.84848484848484,2.9999999999972715,0.9143999999991684,0.49,37,0.0,1000000.0,0.49,59.54558,12021.921599999272,-16.292261040000163
2022-12-28,HENDERSON,00H,SG,246.84621212121212,246.8467803030303,2.9999999999972715,0.9143999999991684,0.49,37,0.0,1000000.0,0.49,59.54558,12022.835999999272,-16.287780480000166
2022-12-28,HENDERSON,00H,SG,246.8609848484849,246.86174242424244,3.999999999996362,1.2191999999988912,0.49,38,0.0,1000000.0,0.49,61.15492,12024.055199999271,-16.283299920000168
2022-12-28,HENDERSON,00H,SG,246.85132575757575,246.85208333333333,3.999999999996362,1.2191999999988912,0.49,37,0.0,1000000.0,0.49,59.54558,12025.27439999927,-16.277325840000174
2022-12-28,HENDERSON,00H,SG,246.84261363636364,246.8433712121212,3.999999999996362,1.2191999999988912,0.49,37,0.0,1000000.0,0.49,59.54558,12026.49359999927,-16.27135176000018
2022-12-28,HENDERSON,00H,SG,246.86647727272728,246.86723484848488,3.999999999996362,1.2191999999988912,0.49,38,0.0,1000000.0,0.49,61.15492,12027.71279999927,-16.265377680000185
2022-12-28,HENDERSON,00H,SG,246.86458333333337,246.86534090909092,3.999999999996362,1.2191999999988912,0.49,38,0.0,1000000.0,0.49,61.15492,12028.93199999927,-16.25940360000019
2022-12-28,HENDERSON,00H,SG,246.8407196969697,246.84147727272727,3.999999999996362,1.2191999999988912,0.49,37,0.0,1000000.0,0.49,59.54558,12030.151199999269,-16.253429520000196
2022-12-28,HENDERSON,00H,SG,246.8494318181818,246.8501893939394,3.999999999996362,1.2191999999988912,0.49,37,0.0,1000000.0,0.49,59.54558,12031.370399999269,-16.247455440000202
2022-12-28,HENDERSON,00H,SG,246.85303030303027,246.85378787878787,3.999999999996362,1.2191999999988912,0.49,37,0.0,1000000.0,0.49,59.54558,12032.589599999268,-16.241481360000208
2022-12-28,HENDERSON,00H,SG,246.8602272727273,246.8609848484849,3.999999999996362,1.2191999999988912,0.49,37,0.0,1000000.0,0.49,59.54558,12033.808799999268,-16.235507280000213
2022-12-28,HENDERSON,00H,SG,246.8556818181818,246.85643939393935,3.999999999996362,1.2191999999988912,0.49,38,0.0,1000000.0,0.49,61.15492,12035.027999999267,-16.22953320000022
2022-12-28,HENDERSON,00H,SG,246.84431818181815,246.84507575757576,3.999999999996362,1.2191999999988912,0.49,37,0.0,1000000.0,0.49,59.54558,12036.247199999267,-16.223559120000225
2022-12-28,HENDERSON,00H,SG,246.85208333333333,246.85303030303027,4.9999999999954525,1.523999999998614,0.49,38,0.0,1000000.0,0.49,61.15492,12037.771199999266,-16.21758504000023
2022-12-28,HENDERSON,00H,SG,246.85378787878787,246.85473484848484,4.9999999999954525,1.523999999998614,0.49,38,0.0,1000000.0,0.49,61.15492,12039.295199999266,-16.210117440000236
2022-12-28,HENDERSON,00H,SG,246.8433712121212,246.84431818181815,4.9999999999954525,1.523999999998614,0.49,38,0.0,1000000.0,0.49,61.15492,12040.819199999265,-16.20264984000024
2022-12-28,HENDERSON,00H,SG,246.84848484848484,246.8494318181818,4.9999999999954525,1.523999999998614,0.49,38,0.0,1000000.0,0.49,61.15492,12042.343199999264,-16.195182240000246
2022-12-28,HENDERSON,00H,SG,246.85473484848484,246.8556818181818,4.9999999999954525,1.523999999998614,0.49,37,0.0,1000000.0,0.49,59.54558,12043.867199999264,-16.18771464000025
2022-12-28,HENDERSON,00H,SG,246.86723484848488,246.86818181818185,4.9999999999954525,1.523999999998614,0.49,37,0.0,1000000.0,0.49,59.54558,12045.391199999263,-16.180247040000257
2022-12-28,HENDERSON,00H,SG,246.85643939393935,246.85738636363635,4.9999999999954525,1.523999999998614,0.49,37,0.0,1000000.0,0.49,59.54558,12046.915199999263,-16.172779440000262
2022-12-28,HENDERSON,00H,SG,246.83617424242425,246.8373106060606,5.999999999994543,1.8287999999983369,0.49,38,0.0,1000000.0,0.49,61.15492,12048.74399999926,-16.165311840000268
2022-12-28,HENDERSON,00H,SG,246.86534090909092,246.86647727272728,5.999999999994543,1.8287999999983369,0.49,37,0.0,1000000.0,0.49,59.54558,12050.572799999258,-16.156350720000276
2022-12-28,HENDERSON,00H,SG,246.8501893939394,246.85132575757575,5.999999999994543,1.8287999999983369,0.49,38,0.0,1000000.0,0.49,61.15492,12052.401599999255,-16.147389600000285
2022-12-28,HENDERSON,00H,SG,246.85738636363635,246.8585227272727,5.999999999994543,1.8287999999983369,0.49,38,0.0,1000000.0,0.49,61.15492,12054.230399999253,-16.138428480000293
2022-12-28,HENDERSON,00H,SG,246.83958333333337,246.8407196969697,5.999999999994543,1.8287999999983369,0.49,38,0.0,1000000.0,0.49,61.15492,12056.05919999925,-16.1294673600003
2022-12-28,HENDERSON,00H,SG,246.84507575757576,246.84621212121212,5.999999999994543,1.8287999999983369,0.49,38,0.0,1000000.0,0.49,61.15492,12057.887999999248,-16.12050624000031
2022-12-28,HENDERSON,00H,SG,246.84147727272727,246.84261363636364,5.999999999994543,1.8287999999983369,0.49,38,0.0,1000000.0,0.49,61.15492,12059.716799999245,-16.11154512000032
2022-12-28,HENDERSON,00H,SG,246.8467803030303,246.84791666666663,5.999999999994543,1.8287999999983369,0.49,38,0.0,1000000.0,0.49,61.15492,12061.545599999243,-16.102584000000327
2022-12-28,HENDERSON,00H,SG,246.8814393939394,246.88257575757575,5.999999999994543,1.8287999999983369,0.49,37,0.0,1000000.0,0.49,59.54558,12063.37439999924,-16.093622880000336
2022-12-28,HENDERSON,00H,SG,246.86344696969695,246.86458333333337,5.999999999994543,1.8287999999983369,0.49,37,0.0,1000000.0,0.49,59.54558,12065.203199999238,-16.084661760000344
2022-12-28,HENDERSON,00H,SG,246.8590909090909,246.8602272727273,6.00000000014461,1.8288000000440772,0.49,38,0.0,1000000.0,0.49,61.15492,12067.031999999283,-16.075700640000353
2022-12-28,HENDERSON,00H,SG,246.8378787878788,246.83920454545455,6.9999999999936335,2.1335999999980597,0.49,38,0.0,1000000.0,0.49,61.15492,12069.16559999928,-16.066739520000137
2022-12-28,HENDERSON,00H,SG,246.86174242424244,246.8630681818182,6.9999999999936335,2.1335999999980597,0.49,37,0.0,1000000.0,0.49,59.54558,12071.299199999277,-16.056284880000145
2022-12-28,HENDERSON,00H,SG,246.88655303030305,246.8878787878788,6.9999999999936335,2.1335999999980597,0.49,37,0.0,1000000.0,0.49,59.54558,12073.432799999275,-16.045830240000154
2022-12-28,HENDERSON,00H,SG,246.83068181818183,246.8320075757576,6.9999999999936335,2.1335999999980597,0.49,38,0.0,1000000.0,0.49,61.15492,12075.566399999272,-16.03537560000016
2022-12-28,HENDERSON,00H,SG,246.83257575757577,246.83390151515152,6.9999999999936335,2.1335999999980597,0.49,38,0.0,1000000.0,0.49,61.15492,12077.69999999927,-16.02492096000017
2022-12-28,HENDERSON,00H,SG,246.8723484848485,246.87367424242424,6.9999999999936335,2.1335999999980597,0.49,37,0.0,1000000.0,0.49,59.54558,12079.833599999267,-16.014466320000178
2022-12-28,HENDERSON,00H,SG,246.8742424242424,246.87556818181815,6.9999999999936335,2.1335999999980597,0.49,37,0.0,1000000.0,0.49,59.54558,12081.967199999264,-16.004011680000186
2022-12-28,HENDERSON,00H,SG,246.8342803030303,246.83560606060607,6.9999999999936335,2.1335999999980597,0.49,38,0.0,1000000.0,0.49,61.15492,12084.100799999262,-15.993557040000196
2022-12-28,HENDERSON,00H,SG,246.87954545454545,246.8808712121212,6.9999999999936335,2.1335999999980597,0.49,37,0.0,1000000.0,0.49,59.54558,12086.234399999259,-15.983102400000206
2022-12-28,HENDERSON,00H,SG,246.86875,246.87026515151516,7.999999999992724,2.4383999999977823,0.49,37,0.0,1000000.0,0.49,59.54558,12088.672799999256,-15.972647760000216
2022-12-28,HENDERSON,00H,SG,246.87045454545455,246.8719696969697,7.999999999992724,2.4383999999977823,0.49,37,0.0,1000000.0,0.49,59.54558,12091.111199999254,-15.960699600000227
2022-12-28,HENDERSON,00H,SG,246.88825757575756,246.8897727272727,7.999999999992724,2.4383999999977823,0.49,37,0.0,1000000.0,0.49,59.54558,12093.54959999925,-15.948751440000239
2022-12-28,HENDERSON,00H,SG,246.87594696969697,246.87897727272727,15.999999999985448,4.876799999995565,0.49,37,0.0,1000000.0,0.49,59.54558,12098.426399999247,-15.93680328000025
2022-12-28,HENDERSON,00H,SG,246.88314393939393,246.88617424242423,15.999999999985448,4.876799999995565,0.49,37,0.0,1000000.0,0.49,59.54558,12103.303199999244,-15.91290696000027
2022-12-28,HENDERSON,00H,SG,247.1094696969697,247.1128787878788,17.99999999998363,5.48639999999501,0.49,37,0.0,1000000.0,0.49,59.54558,12108.789599999238,-15.889010640000292
2022-12-28,HENDERSON,00H,SG,247.1130681818182,247.1401515151515,142.99999999986994,43.58639999996035,0.49,37,0.0,1000000.0,0.49,59.54558,12152.375999999198,-15.862127280000315
2022-12-28,HENDERSON,00H,SG,246.8901515151515,247.1092803030303,1156.9999999999982,352.65359999999947,0.49,37,0.0,1000000.0,0.49,59.54558,12505.029599999198,-15.64855392000051
2022-12-28,HENDERSON,00H,SG,244.44488636363636,244.44507575757575,0.9999999999990904,0.3047999999997227,0.51,36,2.0,2864.79,0.51,57.93624,12505.334399999198,-13.920551280000511
2022-12-28,HENDERSON,00H,SG,244.43844696969697,244.43863636363636,0.9999999999990904,0.3047999999997227,0.51,36,1.8,3183.1,0.51,57.93624,12505.639199999197,-13.918996800000512
2022-12-28,HENDERSON,00H,SG,244.7037878787879,244.7039772727273,0.9999999999990904,0.3047999999997227,0.51,36,0.7,8185.114285714286,0.51,57.93624,12505.943999999197,-13.917442320000513
2022-12-28,HENDERSON,00H,SG,244.7030303030303,244.70321969696968,0.9999999999990904,0.3047999999997227,0.51,36,0.7,8185.114285714286,0.51,57.93624,12506.248799999197,-13.915887840000513
2022-12-28,HENDERSON,00H,SG,244.65378787878788,244.65397727272727,0.9999999999990904,0.3047999999997227,0.51,36,2.4,2387.3250000000003,0.51,57.93624,12506.553599999197,-13.914333360000514
2022-12-28,HENDERSON,00H,SG,244.66685606060605,244.66704545454544,0.9999999999990904,0.3047999999997227,0.51,36,2.2,2604.354545454545,0.51,57.93624,12506.858399999197,-13.912778880000515
2022-12-28,HENDERSON,00H,SG,244.67386363636365,244.67405303030304,0.9999999999990904,0.3047999999997227,0.51,36,1.9,3015.5684210526315,0.51,57.93624,12507.163199999197,-13.911224400000515
2022-12-28,HENDERSON,00H,SG,244.6590909090909,244.6592803030303,0.9999999999990904,0.3047999999997227,0.51,36,2.4,2387.3250000000003,0.51,57.93624,12507.467999999197,-13.909669920000516
2022-12-28,HENDERSON,00H,SG,244.4356060606061,244.43579545454543,0.9999999999990904,0.3047999999997227,0.51,36,1.6,3580.9874999999997,0.51,57.93624,12507.772799999197,-13.908115440000516
2022-12-28,HENDERSON,00H,SG,244.65397727272727,244.65416666666667,0.9999999999990904,0.3047999999997227,0.51,36,2.5,2291.832,0.51,57.93624,12508.077599999197,-13.906560960000517
2022-12-28,HENDERSON,00H,SG,244.7015151515151,244.70170454545453,0.9999999999990904,0.3047999999997227,0.51,36,0.8,7161.974999999999,0.51,57.93624,12508.382399999196,-13.905006480000518
2022-12-28,HENDERSON,00H,SG,244.43541666666667,244.4356060606061,0.9999999999990904,0.3047999999997227,0.51,36,1.7,3370.3411764705884,0.51,57.93624,12508.687199999196,-13.903452000000518
2022-12-28,HENDERSON,00H,SG,244.70719696969695,244.70738636363637,0.9999999999990904,0.3047999999997227,0.51,36,0.6,9549.300000000001,0.51,57.93624,12508.991999999196,-13.901897520000519
2022-12-28,HENDERSON,00H,SG,244.67613636363637,244.67632575757577,0.9999999999990904,0.3047999999997227,0.51,36,1.8,3183.1,0.51,57.93624,12509.296799999196,-13.90034304000052
2022-12-28,HENDERSON,00H,SG,244.7028409090909,244.7030303030303,0.9999999999990904,0.3047999999997227,0.51,36,0.6,9549.300000000001,0.51,57.93624,12509.601599999196,-13.89878856000052
2022-12-28,HENDERSON,00H,SG,244.4431818181818,244.4433712121212,0.9999999999990904,0.3047999999997227,0.51,36,1.9,3015.5684210526315,0.51,57.93624,12509.906399999196,-13.897234080000521
2022-12-28,HENDERSON,00H,SG,244.44905303030305,244.4492424242424,0.9999999999990904,0.3047999999997227,0.51,36,2.1,2728.3714285714286,0.51,57.93624,12510.211199999196,-13.895679600000522
2022-12-28,HENDERSON,00H,SG,244.70909090909092,244.7092803030303,0.9999999999990904,0.3047999999997227,0.51,36,0.5,11459.16,0.51,57.93624,12510.515999999196,-13.894125120000522
2022-12-28,HENDERSON,00H,SG,244.6840909090909,244.6842803030303,0.9999999999990904,0.3047999999997227,0.51,36,1.5,3819.72,0.51,57.93624,12510.820799999196,-13.892570640000523
2022-12-28,HENDERSON,00H,SG,244.66704545454544,244.66723484848484,0.9999999999990904,0.3047999999997227,0.51,36,2.0,2864.79,0.51,57.93624,12511.125599999195,-13.891016160000524
2022-12-28,HENDERSON,00H,SG,244.69848484848484,244.69867424242423,0.9999999999990904,0.3047999999997227,0.51,36,0.9,6366.2,0.51,57.93624,12511.430399999195,-13.889461680000524
2022-12-28,HENDERSON,00H,SG,244.44583333333333,244.44602272727272,0.9999999999990904,0.3047999999997227,0.51,36,2.0,2864.79,0.51,57.93624,12511.735199999195,-13.887907200000525
2022-12-28,HENDERSON,00H,SG,244.4433712121212,244.4435606060606,0.9999999999990904,0.3047999999997227,0.51,36,1.8,3183.1,0.51,57.93624,12512.039999999195,-13.886352720000525
2022-12-28,HENDERSON,00H,SG,244.6621212121212,244.6623106060606,0.9999999999990904,0.3047999999997227,0.51,36,2.3,2491.121739130435,0.51,57.93624,12512.344799999195,-13.884798240000526
2022-12-28,HENDERSON,00H,SG,244.7064393939394,244.7066287878788,0.9999999999990904,0.3047999999997227,0.51,36,0.6,9549.300000000001,0.51,57.93624,12512.649599999195,-13.883243760000527
2022-12-28,HENDERSON,00H,SG,244.66723484848484,244.66761363636363,1.999999999998181,0.6095999999994455,0.51,36,2.1,2728.3714285714286,0.51,57.93624,12513.259199999195,-13.881689280000527
2022-12-28,HENDERSON,00H,SG,244.69810606060605,244.69848484848484,1.999999999998181,0.6095999999994455,0.51,36,0.8,7161.974999999999,0.51,57.93624,12513.868799999194,-13.87858032000053
2022-12-28,HENDERSON,00H,SG,244.7032196969697,244.7037878787879,2.9999999999972715,0.9143999999991684,0.51,36,0.6,9549.300000000001,0.51,57.93624,12514.783199999194,-13.875471360000533
2022-12-28,HENDERSON,00H,SG,244.7066287878788,244.70719696969695,2.9999999999972715,0.9143999999991684,0.51,36,0.5,11459.16,0.51,57.93624,12515.697599999194,-13.870807920000537
2022-12-28,HENDERSON,00H,SG,244.43863636363636,244.43920454545457,2.9999999999972715,0.9143999999991684,0.51,36,1.7,3370.3411764705884,0.51,57.93624,12516.611999999193,-13.866144480000541
2022-12-28,HENDERSON,00H,SG,244.4492424242424,244.4498106060606,2.9999999999972715,0.9143999999991684,0.51,36,2.0,2864.79,0.51,57.93624,12517.526399999193,-13.861481040000545
2022-12-28,HENDERSON,00H,SG,244.44602272727272,244.44678030303027,3.999999999996362,1.2191999999988912,0.51,36,1.9,3015.5684210526315,0.51,57.93624,12518.745599999193,-13.856817600000548
2022-12-28,HENDERSON,00H,SG,244.44507575757575,244.44583333333333,3.999999999996362,1.2191999999988912,0.51,36,1.9,3015.5684210526315,0.51,57.93624,12519.964799999192,-13.850599680000554
2022-12-28,HENDERSON,00H,SG,244.66136363636363,244.6621212121212,3.999999999996362,1.2191999999988912,0.51,36,2.2,2604.354545454545,0.51,57.93624,12521.183999999192,-13.84438176000056
2022-12-28,HENDERSON,00H,SG,244.7092803030303,244.7100378787879,3.999999999996362,1.2191999999988912,0.51,36,0.4,14323.949999999999,0.51,57.93624,12522.403199999191,-13.838163840000567
2022-12-28,HENDERSON,00H,SG,244.70833333333337,244.70909090909092,3.999999999996362,1.2191999999988912,0.51,36,0.4,14323.949999999999,0.51,57.93624,12523.62239999919,-13.831945920000573
2022-12-28,HENDERSON,00H,SG,244.70056818181817,244.7015151515151,4.9999999999954525,1.523999999998614,0.51,36,0.7,8185.114285714286,0.51,57.93624,12525.14639999919,-13.825728000000579
2022-12-28,HENDERSON,00H,SG,244.70738636363637,244.70833333333337,4.9999999999954525,1.523999999998614,0.51,36,0.5,11459.16,0.51,57.93624,12526.67039999919,-13.817955600000586
2022-12-28,HENDERSON,00H,SG,244.6751893939394,244.67613636363637,4.9999999999954525,1.523999999998614,0.51,36,1.7,3370.3411764705884,0.51,57.93624,12528.194399999189,-13.810183200000592
2022-12-28,HENDERSON,00H,SG,244.70530303030304,244.7064393939394,5.999999999994543,1.8287999999983369,0.51,36,0.5,11459.16,0.51,57.93624,12530.023199999187,-13.8024108000006
2022-12-28,HENDERSON,00H,SG,244.70170454545453,244.7028409090909,5.999999999994543,1.8287999999983369,0.51,36,0.7,8185.114285714286,0.51,57.93624,12531.851999999184,-13.793083920000608
2022-12-28,HENDERSON,00H,SG,244.65795454545457,244.6590909090909,5.999999999994543,1.8287999999983369,0.51,36,2.3,2491.121739130435,0.51,57.93624,12533.680799999182,-13.783757040000618
2022-12-28,HENDERSON,00H,SG,244.67632575757577,244.67746212121213,5.999999999994543,1.8287999999983369,0.51,36,1.7,3370.3411764705884,0.51,57.93624,12535.509599999179,-13.774430160000627
2022-12-28,HENDERSON,00H,SG,244.67405303030304,244.6751893939394,5.999999999994543,1.8287999999983369,0.51,36,1.8,3183.1,0.51,57.93624,12537.338399999177,-13.765103280000636
2022-12-28,HENDERSON,00H,SG,244.6725378787879,244.67386363636365,6.9999999999936335,2.1335999999980597,0.51,36,1.8,3183.1,0.51,57.93624,12539.471999999174,-13.755776400000645
2022-12-28,HENDERSON,00H,SG,244.7039772727273,244.70530303030304,6.9999999999936335,2.1335999999980597,0.51,36,0.6,9549.300000000001,0.51,57.93624,12541.605599999171,-13.744895040000655
2022-12-28,HENDERSON,00H,SG,244.4435606060606,244.44488636363636,6.9999999999936335,2.1335999999980597,0.51,36,1.9,3015.5684210526315,0.51,57.93624,12543.739199999169,-13.734013680000665
2022-12-28,HENDERSON,00H,SG,244.68276515151516,244.6840909090909,6.9999999999936335,2.1335999999980597,0.51,36,1.4,4092.557142857143,0.51,57.93624,12545.872799999166,-13.723132320000675
2022-12-28,HENDERSON,00H,SG,244.6842803030303,244.68579545454543,7.999999999992724,2.4383999999977823,0.51,36,1.4,4092.557142857143,0.51,57.93624,12548.311199999163,-13.712250960000684
2022-12-28,HENDERSON,00H,SG,244.43011363636364,244.4320075757576,9.999999999990903,3.047999999997228,0.51,36,1.5,3819.72,0.51,57.93624,12551.35919999916,-13.699815120000695
2022-12-28,HENDERSON,00H,SG,244.69867424242423,244.70056818181817,9.999999999990903,3.047999999997228,0.51,36,0.8,7161.974999999999,0.51,57.93624,12554.407199999157,-13.684270320000708
2022-12-28,HENDERSON,00H,SG,244.6623106060606,244.66439393939393,10.999999999989996,3.3527999999969507,0.51,36,2.2,2604.354545454545,0.51,57.93624,12557.759999999154,-13.668725520000722
2022-12-28,HENDERSON,00H,SG,244.6592803030303,244.66136363636363,10.999999999989996,3.3527999999969507,0.51,36,2.3,2491.121739130435,0.51,57.93624,12561.112799999151,-13.651626240000738
2022-12-28,HENDERSON,00H,SG,244.6935606060606,244.69564393939393,10.999999999989996,3.3527999999969507,0.51,36,1.0,5729.58,0.51,57.93624,12564.465599999148,-13.634526960000754
2022-12-28,HENDERSON,00H,SG,244.66761363636363,244.66988636363635,11.999999999989086,3.6575999999966737,0.51,36,2.0,2864.79,0.51,57.93624,12568.123199999145,-13.61742768000077
2022-12-28,HENDERSON,00H,SG,244.44678030303027,244.44905303030305,11.999999999989086,3.6575999999966737,0.51,36,2.0,2864.79,0.51,57.93624,12571.780799999142,-13.598773920000786
2022-12-28,HENDERSON,00H,SG,244.68030303030304,244.68276515151516,12.999999999988177,3.962399999996397,0.51,36,1.5,3819.72,0.51,57.93624,12575.743199999139,-13.580120160000803
2022-12-28,HENDERSON,00H,SG,244.66439393939393,244.66685606060605,12.999999999988177,3.962399999996397,0.51,36,2.1,2728.3714285714286,0.51,57.93624,12579.705599999135,-13.559911920000822
2022-12-28,HENDERSON,00H,SG,244.69564393939393,244.69810606060605,12.999999999988177,3.962399999996397,0.51,36,0.9,6366.2,0.51,57.93624,12583.667999999132,-13.53970368000084
2022-12-28,HENDERSON,00H,SG,244.6882575757576,244.6907196969697,12.999999999988177,3.962399999996397,0.51,36,1.2,4774.650000000001,0.51,57.93624,12587.630399999129,-13.51949544000086
2022-12-28,HENDERSON,00H,SG,244.68579545454543,244.6882575757576,12.999999999988177,3.962399999996397,0.51,36,1.3,4407.369230769231,0.51,57.93624,12591.592799999125,-13.499287200000879
2022-12-28,HENDERSON,00H,SG,244.4526515151515,244.45511363636365,13.000000000138243,3.9624000000421367,0.51,36,2.2,2604.354545454545,0.51,57.93624,12595.555199999168,-13.479078960000898
2022-12-28,HENDERSON,00H,SG,244.43579545454543,244.43844696969697,13.999999999987269,4.267199999996119,0.51,36,1.7,3370.3411764705884,0.51,57.93624,12599.822399999164,-13.458870720000682
2022-12-28,HENDERSON,00H,SG,244.66988636363635,244.6725378787879,14.000000000137334,4.26720000004186,0.51,36,1.9,3015.5684210526315,0.51,57.93624,12604.089599999206,-13.437108000000702
2022-12-28,HENDERSON,00H,SG,244.4498106060606,244.4526515151515,14.999999999986358,4.571999999995842,0.51,36,2.1,2728.3714285714286,0.51,57.93624,12608.661599999203,-13.415345280000489
2022-12-28,HENDERSON,00H,SG,244.6907196969697,244.6935606060606,14.999999999986358,4.571999999995842,0.51,36,1.1,5208.70909090909,0.51,57.93624,12613.2335999992,-13.392028080000511
2022-12-28,HENDERSON,00H,SG,244.67746212121213,244.68030303030304,14.999999999986358,4.571999999995842,0.51,36,1.6,3580.9874999999997,0.51,57.93624,12617.805599999196,-13.368710880000533
2022-12-28,HENDERSON,00H,SG,244.45511363636365,244.45833333333337,16.99999999998454,5.181599999995288,0.51,36,2.3,2491.121739130435,0.51,57.93624,12622.98719999919,-13.345393680000555
2022-12-28,HENDERSON,00H,SG,244.4320075757576,244.43541666666667,17.99999999998363,5.48639999999501,0.51,36,1.6,3580.9874999999997,0.51,57.93624,12628.473599999184,-13.318967520000578
2022-12-28,HENDERSON,00H,SG,244.45833333333337,244.46174242424243,17.99999999998363,5.48639999999501,0.51,36,2.4,2387.3250000000003,0.51,57.93624,12633.959999999179,-13.290986880000604
2022-12-28,HENDERSON,00H,SG,244.65416666666667,244.65795454545457,19.99999999998181,6.095999999994456,0.51,36,2.4,2387.3250000000003,0.51,57.93624,12640.055999999173,-13.26300624000063
2022-12-28,HENDERSON,00H,SG,244.43920454545457,244.4431818181818,20.9999999999809,6.400799999994179,0.51,36,1.8,3183.1,0.51,57.93624,12646.456799999167,-13.231916640000659
2022-12-28,HENDERSON,00H,SG,244.46174242424243,244.4683712121212,34.99999999996817,10.6679999999903,0.51,36,2.5,2291.832,0.51,57.93624,12657.124799999157,-13.199272560000688
2022-12-28,HENDERSON,00H,SG,244.64526515151516,244.65378787878788,44.99999999995907,13.715999999987526,0.51,36,2.5,2291.832,0.51,57.93624,12670.840799999145,-13.144865760000737
2022-12-28,HENDERSON,00H,SG,244.4683712121212,244.5003787878788,168.99999999999636,51.511199999998894,0.51,36,2.6,2203.6846153846154,0.51,57.93624,12722.351999999144,-13.074914160000802
2022-12-28,HENDERSON,00H,SG,244.5003787878788,244.5712121212121,373.99999999996,113.9951999999878,0.51,36,2.5,2291.832,0.51,57.93624,12836.347199999132,-12.812207040000807
2022-12-28,HENDERSON,00H,SG,244.5712121212121,244.64526515151516,391.0000000000946,119.17680000002883,0.51,36,2.6,2203.6846153846154,0.51,57.93624,12955.52399999916,-12.23083152000087
2022-12-28,HENDERSON,00H,SG,243.3871212121212,243.3873106060606,0.9999999999990904,0.3047999999997227,0.59,37,-0.6,9549.300000000001,0.59,59.54558,12955.82879999916,-11.623029840000722
2022-12-28,HENDERSON,00H,SG,243.38636363636363,243.38655303030305,0.9999999999990904,0.3047999999997227,0.59,37,-0.6,9549.300000000001,0.59,59.54558,12956.13359999916,-11.621231520000723
2022-12-28,HENDERSON,00H,SG,243.10757575757577,243.1077651515151,0.9999999999990904,0.3047999999997227,0.59,37,-0.7,8185.114285714286,0.59,59.54558,12956.43839999916,-11.619433200000724
2022-12-28,HENDERSON,00H,SG,243.13541666666663,243.13560606060605,0.9999999999990904,0.3047999999997227,0.59,37,0.0,1000000.0,0.59,59.54558,12956.74319999916,-11.617634880000725
2022-12-28,HENDERSON,00H,SG,243.39261363636365,243.39280303030304,0.9999999999990904,0.3047999999997227,0.59,37,-0.9,6366.2,0.59,59.54558,12957.04799999916,-11.615836560000727
2022-12-28,HENDERSON,00H,SG,243.3214015151515,243.3215909090909,0.9999999999990904,0.3047999999997227,0.59,38,0.0,1000000.0,0.59,61.15492,12957.35279999916,-11.614038240000728
2022-12-28,HENDERSON,00H,SG,243.38181818181815,243.38200757575757,0.9999999999990904,0.3047999999997227,0.59,37,-0.3,19098.600000000002,0.59,59.54558,12957.65759999916,-11.612239920000729
2022-12-28,HENDERSON,00H,SG,243.3943181818182,243.3945075757576,0.9999999999990904,0.3047999999997227,0.59,37,-1.0,5729.58,0.59,59.54558,12957.96239999916,-11.61044160000073
2022-12-28,HENDERSON,00H,SG,243.39772727272728,243.39791666666667,0.9999999999990904,0.3047999999997227,0.59,37,-1.2,4774.650000000001,0.59,59.54558,12958.26719999916,-11.60864328000073
2022-12-28,HENDERSON,00H,SG,243.40397727272727,243.40416666666667,0.9999999999990904,0.3047999999997227,0.59,37,-1.5,3819.72,0.59,59.54558,12958.57199999916,-11.606844960000732
2022-12-28,HENDERSON,00H,SG,243.10435606060605,243.10454545454544,0.9999999999990904,0.3047999999997227,0.59,37,-0.9,6366.2,0.59,59.54558,12958.87679999916,-11.605046640000733
2022-12-28,HENDERSON,00H,SG,243.1024621212121,243.1026515151515,0.9999999999990904,0.3047999999997227,0.59,37,-1.0,5729.58,0.59,59.54558,12959.18159999916,-11.603248320000734
2022-12-28,HENDERSON,00H,SG,243.4070075757576,243.40719696969697,0.9999999999990904,0.3047999999997227,0.59,37,-1.7,3370.3411764705884,0.59,59.54558,12959.48639999916,-11.601450000000735
2022-12-28,HENDERSON,00H,SG,243.3839015151515,243.3840909090909,0.9999999999990904,0.3047999999997227,0.59,37,-0.4,14323.949999999999,0.59,59.54558,12959.79119999916,-11.599651680000736
2022-12-28,HENDERSON,00H,SG,243.1032196969697,243.10340909090908,0.9999999999990904,0.3047999999997227,0.59,37,-1.0,5729.58,0.59,59.54558,12960.09599999916,-11.597853360000737
2022-12-28,HENDERSON,00H,SG,243.1,243.1001893939394,0.9999999999990904,0.3047999999997227,0.59,37,-1.2,4774.650000000001,0.59,59.54558,12960.400799999159,-11.596055040000739
2022-12-28,HENDERSON,00H,SG,243.1001893939394,243.1003787878788,0.9999999999990904,0.3047999999997227,0.59,37,-1.1,5208.70909090909,0.59,59.54558,12960.705599999159,-11.59425672000074
2022-12-28,HENDERSON,00H,SG,243.10833333333332,243.1085227272727,0.9999999999990904,0.3047999999997227,0.59,37,-0.7,8185.114285714286,0.59,59.54558,12961.010399999159,-11.59245840000074
2022-12-28,HENDERSON,00H,SG,243.28939393939393,243.28958333333333,0.9999999999990904,0.3047999999997227,0.59,38,0.0,1000000.0,0.59,61.15492,12961.315199999159,-11.590660080000742
2022-12-28,HENDERSON,00H,SG,243.40719696969697,243.40738636363636,0.9999999999990904,0.3047999999997227,0.59,37,-1.8,3183.1,0.59,59.54558,12961.619999999159,-11.588861760000743
2022-12-28,HENDERSON,00H,SG,243.40738636363636,243.40757575757576,0.9999999999990904,0.3047999999997227,0.59,37,-1.7,3370.3411764705884,0.59,59.54558,12961.924799999158,-11.587063440000744
2022-12-28,HENDERSON,00H,SG,243.28579545454545,243.28598484848484,0.9999999999990904,0.3047999999997227,0.59,38,0.0,1000000.0,0.59,61.15492,12962.229599999158,-11.585265120000745
2022-12-28,HENDERSON,00H,SG,243.38617424242423,243.38636363636363,0.9999999999990904,0.3047999999997227,0.59,37,-0.5,11459.16,0.59,59.54558,12962.534399999158,-11.583466800000746
2022-12-28,HENDERSON,00H,SG,243.26439393939393,243.26458333333332,0.9999999999990904,0.3047999999997227,0.59,38,0.1,57295.799999999996,0.59,61.15492,12962.839199999158,-11.581668480000747
2022-12-28,HENDERSON,00H,SG,243.38333333333333,243.38352272727272,0.9999999999990904,0.3047999999997227,0.59,37,-0.4,14323.949999999999,0.59,59.54558,12963.143999999158,-11.579870160000748
2022-12-28,HENDERSON,00H,SG,243.38806818181817,243.38825757575756,0.9999999999990904,0.3047999999997227,0.59,37,-0.6,9549.300000000001,0.59,59.54558,12963.448799999158,-11.57807184000075
2022-12-28,HENDERSON,00H,SG,243.40757575757576,243.40776515151515,0.9999999999990904,0.3047999999997227,0.59,37,-1.8,3183.1,0.59,59.54558,12963.753599999158,-11.57627352000075
2022-12-28,HENDERSON,00H,SG,243.40984848484848,243.41003787878788,0.9999999999990904,0.3047999999997227,0.59,37,-1.9,3015.5684210526315,0.59,59.54558,12964.058399999158,-11.574475200000752
2022-12-28,HENDERSON,00H,SG,243.12613636363636,243.12632575757576,0.9999999999990904,0.3047999999997227,0.59,37,-0.1,57295.799999999996,0.59,59.54558,12964.363199999158,-11.572676880000753
2022-12-28,HENDERSON,00H,SG,243.11344696969695,243.11363636363637,0.9999999999990904,0.3047999999997227,0.59,37,-0.5,11459.16,0.59,59.54558,12964.667999999157,-11.570878560000754
2022-12-28,HENDERSON,00H,SG,243.37859848484848,243.37878787878788,0.9999999999990904,0.3047999999997227,0.59,37,-0.2,28647.899999999998,0.59,59.54558,12964.972799999157,-11.569080240000755
2022-12-28,HENDERSON,00H,SG,243.3780303030303,243.3782196969697,0.9999999999990904,0.3047999999997227,0.59,37,-0.2,28647.899999999998,0.59,59.54558,12965.277599999157,-11.567281920000756
2022-12-28,HENDERSON,00H,SG,243.31420454545457,243.3143939393939,0.9999999999990904,0.3047999999997227,0.59,38,0.0,1000000.0,0.59,61.15492,12965.582399999157,-11.565483600000757
2022-12-28,HENDERSON,00H,SG,243.39242424242423,243.39261363636365,0.9999999999990904,0.3047999999997227,0.59,37,-1.0,5729.58,0.59,59.54558,12965.887199999157,-11.563685280000758
2022-12-28,HENDERSON,00H,SG,243.40151515151516,243.40170454545455,0.9999999999990904,0.3047999999997227,0.59,37,-1.4,4092.557142857143,0.59,59.54558,12966.191999999157,-11.56188696000076
2022-12-28,HENDERSON,00H,SG,243.32291666666663,243.32329545454544,1.999999999998181,0.6095999999994455,0.59,38,0.0,1000000.0,0.59,61.15492,12966.801599999157,-11.56008864000076
2022-12-28,HENDERSON,00H,SG,243.3782196969697,243.37859848484848,1.999999999998181,0.6095999999994455,0.59,37,-0.3,19098.600000000002,0.59,59.54558,12967.411199999156,-11.556492000000764
2022-12-28,HENDERSON,00H,SG,243.10719696969696,243.10757575757577,1.999999999998181,0.6095999999994455,0.59,37,-0.8,7161.974999999999,0.59,59.54558,12968.020799999156,-11.552895360000768
2022-12-28,HENDERSON,00H,SG,243.2693181818182,243.26969696969695,1.999999999998181,0.6095999999994455,0.59,37,0.0,1000000.0,0.59,59.54558,12968.630399999156,-11.549298720000772
2022-12-28,HENDERSON,00H,SG,243.2660984848485,243.2664772727273,1.999999999998181,0.6095999999994455,0.59,38,0.1,57295.799999999996,0.59,61.15492,12969.239999999156,-11.545702080000776
2022-12-28,HENDERSON,00H,SG,243.3159090909091,243.31628787878788,1.999999999998181,0.6095999999994455,0.59,38,0.0,1000000.0,0.59,61.15492,12969.849599999156,-11.54210544000078
2022-12-28,HENDERSON,00H,SG,243.3939393939394,243.3943181818182,1.999999999998181,0.6095999999994455,0.59,37,-1.1,5208.70909090909,0.59,59.54558,12970.459199999155,-11.538508800000784
2022-12-28,HENDERSON,00H,SG,243.40416666666667,243.40454545454543,1.999999999998181,0.6095999999994455,0.59,37,-1.6,3580.9874999999997,0.59,59.54558,12971.068799999155,-11.534912160000788
2022-12-28,HENDERSON,00H,SG,243.33011363636365,243.33049242424244,1.999999999998181,0.6095999999994455,0.59,38,0.0,1000000.0,0.59,61.15492,12971.678399999155,-11.531315520000792
2022-12-28,HENDERSON,00H,SG,243.40113636363637,243.40151515151516,1.999999999998181,0.6095999999994455,0.59,37,-1.5,3819.72,0.59,59.54558,12972.287999999155,-11.527718880000796
2022-12-28,HENDERSON,00H,SG,243.3973484848485,243.39772727272728,1.999999999998181,0.6095999999994455,0.59,37,-1.3,4407.369230769231,0.59,59.54558,12972.897599999154,-11.5241222400008
2022-12-28,HENDERSON,00H,SG,243.3840909090909,243.3844696969697,1.999999999998181,0.6095999999994455,0.59,37,-0.5,11459.16,0.59,59.54558,12973.507199999154,-11.520525600000804
2022-12-28,HENDERSON,00H,SG,243.275,243.2753787878788,1.999999999998181,0.6095999999994455,0.59,38,0.0,1000000.0,0.59,61.15492,12974.116799999154,-11.516928960000808
2022-12-28,HENDERSON,00H,SG,243.3070075757576,243.30738636363637,1.999999999998181,0.6095999999994455,0.59,38,0.0,1000000.0,0.59,61.15492,12974.726399999154,-11.513332320000812
2022-12-28,HENDERSON,00H,SG,243.38352272727272,243.3839015151515,1.999999999998181,0.6095999999994455,0.59,37,-0.5,11459.16,0.59,59.54558,12975.335999999154,-11.509735680000816
2022-12-28,HENDERSON,00H,SG,243.3248106060606,243.32518939393935,1.999999999998181,0.6095999999994455,0.59,38,0.0,1000000.0,0.59,61.15492,12975.945599999153,-11.50613904000082
2022-12-28,HENDERSON,00H,SG,243.28219696969697,243.28257575757576,1.999999999998181,0.6095999999994455,0.59,38,0.0,1000000.0,0.59,61.15492,12976.555199999153,-11.502542400000824
2022-12-28,HENDERSON,00H,SG,243.11363636363637,243.11401515151516,1.999999999998181,0.6095999999994455,0.59,37,-0.6,9549.300000000001,0.59,59.54558,12977.164799999153,-11.498945760000828
2022-12-28,HENDERSON,00H,SG,243.3035984848485,243.30397727272728,1.999999999998181,0.6095999999994455,0.59,38,0.0,1000000.0,0.59,61.15492,12977.774399999153,-11.495349120000832
2022-12-28,HENDERSON,00H,SG,243.30871212121212,243.3090909090909,1.999999999998181,0.6095999999994455,0.59,38,0.0,1000000.0,0.59,61.15492,12978.383999999152,-11.491752480000835
2022-12-28,HENDERSON,00H,SG,243.2839015151515,243.2842803030303,1.999999999998181,0.6095999999994455,0.59,38,0.0,1000000.0,0.59,61.15492,12978.993599999152,-11.48815584000084
2022-12-28,HENDERSON,00H,SG,243.10340909090908,243.10378787878787,1.999999999998181,0.6095999999994455,0.59,37,-0.9,6366.2,0.59,59.54558,12979.603199999152,-11.484559200000843
2022-12-28,HENDERSON,00H,SG,243.38200757575757,243.38257575757575,2.9999999999972715,0.9143999999991684,0.59,37,-0.4,14323.949999999999,0.59,59.54558,12980.517599999152,-11.480962560000847
2022-12-28,HENDERSON,00H,SG,243.26969696969695,243.27026515151516,2.9999999999972715,0.9143999999991684,0.59,38,0.0,1000000.0,0.59,61.15492,12981.431999999151,-11.475567600000852
2022-12-28,HENDERSON,00H,SG,243.1077651515151,243.10833333333332,2.9999999999972715,0.9143999999991684,0.59,37,-0.8,7161.974999999999,0.59,59.54558,12982.34639999915,-11.470172640000857
2022-12-28,HENDERSON,00H,SG,243.2875,243.28806818181815,2.9999999999972715,0.9143999999991684,0.59,38,0.0,1000000.0,0.59,61.15492,12983.26079999915,-11.464777680000863
2022-12-28,HENDERSON,00H,SG,243.10454545454544,243.10511363636363,2.9999999999972715,0.9143999999991684,0.59,37,-1.0,5729.58,0.59,59.54558,12984.17519999915,-11.459382720000868
2022-12-28,HENDERSON,00H,SG,243.28030303030303,243.2808712121212,2.9999999999972715,0.9143999999991684,0.59,38,0.0,1000000.0,0.59,61.15492,12985.08959999915,-11.453987760000873
2022-12-28,HENDERSON,00H,SG,243.29810606060607,243.29867424242423,2.9999999999972715,0.9143999999991684,0.59,38,0.0,1000000.0,0.59,61.15492,12986.00399999915,-11.448592800000878
2022-12-28,HENDERSON,00H,SG,243.30170454545456,243.3022727272727,2.9999999999972715,0.9143999999991684,0.59,38,0.0,1000000.0,0.59,61.15492,12986.91839999915,-11.443197840000883
2022-12-28,HENDERSON,00H,SG,243.10378787878787,243.10435606060605,2.9999999999972715,0.9143999999991684,0.59,37,-1.0,5729.58,0.59,59.54558,12987.832799999149,-11.437802880000888
2022-12-28,HENDERSON,00H,SG,243.1026515151515,243.1032196969697,2.9999999999972715,0.9143999999991684,0.59,37,-1.1,5208.70909090909,0.59,59.54558,12988.747199999149,-11.432407920000893
2022-12-28,HENDERSON,00H,SG,243.4092803030303,243.40984848484848,2.9999999999972715,0.9143999999991684,0.59,37,-2.0,2864.79,0.59,59.54558,12989.661599999148,-11.427012960000898
2022-12-28,HENDERSON,00H,SG,243.27140151515152,243.27196969696973,2.9999999999972715,0.9143999999991684,0.59,38,0.0,1000000.0,0.59,61.15492,12990.575999999148,-11.421618000000903
2022-12-28,HENDERSON,00H,SG,243.38655303030305,243.3871212121212,2.9999999999972715,0.9143999999991684,0.59,37,-0.7,8185.114285714286,0.59,59.54558,12991.490399999147,-11.416223040000908
2022-12-28,HENDERSON,00H,SG,243.1003787878788,243.10094696969696,2.9999999999972715,0.9143999999991684,0.59,37,-1.2,4774.650000000001,0.59,59.54558,12992.404799999147,-11.410828080000913
2022-12-28,HENDERSON,00H,SG,243.3123106060606,243.3128787878788,2.9999999999972715,0.9143999999991684,0.59,38,0.0,1000000.0,0.59,61.15492,12993.319199999147,-11.405433120000918
2022-12-28,HENDERSON,00H,SG,243.38825757575756,243.38882575757577,2.9999999999972715,0.9143999999991684,0.59,37,-0.7,8185.114285714286,0.59,59.54558,12994.233599999146,-11.400038160000923
2022-12-28,HENDERSON,00H,SG,243.29280303030305,243.2933712121212,2.9999999999972715,0.9143999999991684,0.59,38,0.0,1000000.0,0.59,61.15492,12995.147999999146,-11.394643200000928
2022-12-28,HENDERSON,00H,SG,243.38257575757575,243.38333333333333,3.999999999996362,1.2191999999988912,0.59,37,-0.5,11459.16,0.59,59.54558,12996.367199999146,-11.389248240000933
2022-12-28,HENDERSON,00H,SG,243.3873106060606,243.38806818181817,3.999999999996362,1.2191999999988912,0.59,37,-0.7,8185.114285714286,0.59,59.54558,12997.586399999145,-11.38205496000094
2022-12-28,HENDERSON,00H,SG,243.29981060606065,243.3005681818182,3.999999999996362,1.2191999999988912,0.59,38,0.0,1000000.0,0.59,61.15492,12998.805599999145,-11.374861680000945
2022-12-28,HENDERSON,00H,SG,243.26856060606065,243.2693181818182,3.999999999996362,1.2191999999988912,0.59,37,0.1,57295.799999999996,0.59,59.54558,13000.024799999144,-11.367668400000952
2022-12-28,HENDERSON,00H,SG,243.12632575757576,243.12708333333333,3.999999999996362,1.2191999999988912,0.59,37,-0.2,28647.899999999998,0.59,59.54558,13001.243999999144,-11.360475120000958
2022-12-28,HENDERSON,00H,SG,243.40170454545455,243.40246212121212,3.999999999996362,1.2191999999988912,0.59,37,-1.5,3819.72,0.59,59.54558,13002.463199999143,-11.353281840000964
2022-12-28,HENDERSON,00H,SG,243.2962121212121,243.29696969696968,3.999999999996362,1.2191999999988912,0.59,38,0.0,1000000.0,0.59,61.15492,13003.682399999143,-11.34608856000097
2022-12-28,HENDERSON,00H,SG,243.26780303030304,243.26856060606065,3.999999999996362,1.2191999999988912,0.59,38,0.1,57295.799999999996,0.59,61.15492,13004.901599999142,-11.338895280000976
2022-12-28,HENDERSON,00H,SG,243.29450757575756,243.2952651515151,3.999999999996362,1.2191999999988912,0.59,38,0.0,1000000.0,0.59,61.15492,13006.120799999142,-11.331702000000982
2022-12-28,HENDERSON,00H,SG,243.2952651515151,243.2962121212121,4.9999999999954525,1.523999999998614,0.59,37,0.0,1000000.0,0.59,59.54558,13007.644799999141,-11.324508720000988
2022-12-28,HENDERSON,00H,SG,243.37708333333333,243.3780303030303,4.9999999999954525,1.523999999998614,0.59,37,-0.3,19098.600000000002,0.59,59.54558,13009.16879999914,-11.315517120000997
2022-12-28,HENDERSON,00H,SG,243.13560606060605,243.13655303030305,4.9999999999954525,1.523999999998614,0.59,37,-0.1,57295.799999999996,0.59,59.54558,13010.69279999914,-11.306525520001006
2022-12-28,HENDERSON,00H,SG,243.39791666666667,243.39905303030304,5.999999999994543,1.8287999999983369,0.59,37,-1.3,4407.369230769231,0.59,59.54558,13012.521599999138,-11.297533920001015
2022-12-28,HENDERSON,00H,SG,243.39621212121213,243.3973484848485,5.999999999994543,1.8287999999983369,0.59,37,-1.2,4774.650000000001,0.59,59.54558,13014.350399999135,-11.286744000001026
2022-12-28,HENDERSON,00H,SG,243.29867424242423,243.29981060606065,5.999999999994543,1.8287999999983369,0.59,37,0.0,1000000.0,0.59,59.54558,13016.179199999133,-11.275954080001036
2022-12-28,HENDERSON,00H,SG,243.2969696969697,243.29810606060607,5.999999999994543,1.8287999999983369,0.59,37,0.0,1000000.0,0.59,59.54558,13018.00799999913,-11.265164160001046
2022-12-28,HENDERSON,00H,SG,243.3005681818182,243.30170454545456,5.999999999994543,1.8287999999983369,0.59,37,0.0,1000000.0,0.59,59.54558,13019.836799999128,-11.254374240001056
2022-12-28,HENDERSON,00H,SG,243.2933712121212,243.29450757575756,5.999999999994543,1.8287999999983369,0.59,37,0.0,1000000.0,0.59,59.54558,13021.665599999125,-11.243584320001066
2022-12-28,HENDERSON,00H,SG,243.39280303030304,243.3939393939394,5.999999999994543,1.8287999999983369,0.59,37,-1.0,5729.58,0.59,59.54558,13023.494399999123,-11.232794400001076
2022-12-28,HENDERSON,00H,SG,243.40454545454543,243.40568181818185,5.999999999994543,1.8287999999983369,0.59,37,-1.7,3370.3411764705884,0.59,59.54558,13025.32319999912,-11.222004480001086
2022-12-28,HENDERSON,00H,SG,243.27026515151516,243.27140151515152,5.999999999994543,1.8287999999983369,0.59,37,0.0,1000000.0,0.59,59.54558,13027.151999999118,-11.211214560001096
2022-12-28,HENDERSON,00H,SG,243.1085227272727,243.1096590909091,6.00000000014461,1.8288000000440772,0.59,37,-0.8,7161.974999999999,0.59,59.54558,13028.980799999163,-11.200424640001106
2022-12-28,HENDERSON,00H,SG,243.28806818181815,243.28939393939393,6.9999999999936335,2.1335999999980597,0.59,37,0.0,1000000.0,0.59,59.54558,13031.11439999916,-11.189634720000846
2022-12-28,HENDERSON,00H,SG,243.30738636363637,243.30871212121212,6.9999999999936335,2.1335999999980597,0.59,37,0.0,1000000.0,0.59,59.54558,13033.247999999157,-11.177046480000858
2022-12-28,HENDERSON,00H,SG,243.40568181818185,243.4070075757576,6.9999999999936335,2.1335999999980597,0.59,37,-1.8,3183.1,0.59,59.54558,13035.381599999155,-11.164458240000869
2022-12-28,HENDERSON,00H,SG,243.28257575757576,243.2839015151515,6.9999999999936335,2.1335999999980597,0.59,37,0.0,1000000.0,0.59,59.54558,13037.515199999152,-11.15187000000088
2022-12-28,HENDERSON,00H,SG,243.3022727272727,243.3035984848485,6.9999999999936335,2.1335999999980597,0.59,37,0.0,1000000.0,0.59,59.54558,13039.64879999915,-11.139281760000891
2022-12-28,HENDERSON,00H,SG,243.3215909090909,243.32291666666663,6.9999999999936335,2.1335999999980597,0.59,37,0.0,1000000.0,0.59,59.54558,13041.782399999147,-11.126693520000902
2022-12-28,HENDERSON,00H,SG,243.2664772727273,243.26780303030304,6.9999999999936335,2.1335999999980597,0.59,37,0.1,57295.799999999996,0.59,59.54558,13043.915999999144,-11.114105280000913
2022-12-28,HENDERSON,00H,SG,243.2808712121212,243.28219696969697,6.9999999999936335,2.1335999999980597,0.59,37,0.0,1000000.0,0.59,59.54558,13046.049599999142,-11.101517040000925
2022-12-28,HENDERSON,00H,SG,243.3128787878788,243.31420454545457,6.9999999999936335,2.1335999999980597,0.59,37,0.0,1000000.0,0.59,59.54558,13048.18319999914,-11.088928800000936
2022-12-28,HENDERSON,00H,SG,243.28598484848484,243.2875,7.999999999992724,2.4383999999977823,0.59,37,0.0,1000000.0,0.59,59.54558,13050.621599999136,-11.076340560000947
2022-12-28,HENDERSON,00H,SG,243.40246212121212,243.40397727272727,7.999999999992724,2.4383999999977823,0.59,37,-1.6,3580.9874999999997,0.59,59.54558,13053.059999999134,-11.06195400000096
2022-12-28,HENDERSON,00H,SG,243.40776515151515,243.4092803030303,7.999999999992724,2.4383999999977823,0.59,37,-1.9,3015.5684210526315,0.59,59.54558,13055.498399999131,-11.047567440000972
2022-12-28,HENDERSON,00H,SG,243.3143939393939,243.3159090909091,7.999999999992724,2.4383999999977823,0.59,37,0.0,1000000.0,0.59,59.54558,13057.936799999128,-11.033180880000984
2022-12-28,HENDERSON,00H,SG,243.38030303030305,243.38181818181815,7.999999999992724,2.4383999999977823,0.59,37,-0.4,14323.949999999999,0.59,59.54558,13060.375199999125,-11.018794320000996
2022-12-28,HENDERSON,00H,SG,243.10094696969696,243.1024621212121,7.999999999992724,2.4383999999977823,0.59,37,-1.1,5208.70909090909,0.59,59.54558,13062.813599999123,-11.004407760001008
2022-12-28,HENDERSON,00H,SG,243.32329545454544,243.3248106060606,7.999999999992724,2.4383999999977823,0.59,37,0.0,1000000.0,0.59,59.54558,13065.25199999912,-10.99002120000102
2022-12-28,HENDERSON,00H,SG,243.2842803030303,243.28579545454545,7.999999999992724,2.4383999999977823,0.59,37,0.0,1000000.0,0.59,59.54558,13067.690399999117,-10.975634640001033
2022-12-28,HENDERSON,00H,SG,243.37878787878788,243.38030303030305,7.999999999992724,2.4383999999977823,0.59,37,-0.3,19098.600000000002,0.59,59.54558,13070.128799999115,-10.961248080001045
2022-12-28,HENDERSON,00H,SG,243.26458333333332,243.2660984848485,8.00000000014279,2.438400000043522,0.59,37,0.1,57295.799999999996,0.59,59.54558,13072.567199999157,-10.946861520001057
2022-12-28,HENDERSON,00H,SG,243.3844696969697,243.38617424242423,8.999999999991815,2.743199999997505,0.59,37,-0.6,9549.300000000001,0.59,59.54558,13075.310399999154,-10.932474960000802
2022-12-28,HENDERSON,00H,SG,243.3945075757576,243.39621212121213,8.999999999991815,2.743199999997505,0.59,37,-1.1,5208.70909090909,0.59,59.54558,13078.053599999152,-10.916290080000817
2022-12-28,HENDERSON,00H,SG,243.11174242424244,243.11344696969695,8.999999999991815,2.743199999997505,0.59,37,-0.6,9549.300000000001,0.59,59.54558,13080.796799999149,-10.900105200000832
2022-12-28,HENDERSON,00H,SG,243.3907196969697,243.39242424242423,8.999999999991815,2.743199999997505,0.59,37,-0.9,6366.2,0.59,59.54558,13083.539999999146,-10.883920320000847
2022-12-28,HENDERSON,00H,SG,243.38882575757577,243.39071969696968,9.999999999990903,3.047999999997228,0.59,37,-0.8,7161.974999999999,0.59,59.54558,13086.587999999143,-10.867735440000862
2022-12-28,HENDERSON,00H,SG,243.39905303030304,243.40113636363637,10.999999999989996,3.3527999999969507,0.59,37,-1.4,4092.557142857143,0.59,59.54558,13089.94079999914,-10.849752240000878
2022-12-28,HENDERSON,00H,SG,243.10511363636363,243.10719696969696,10.999999999989996,3.3527999999969507,0.59,37,-0.9,6366.2,0.59,59.54558,13093.293599999137,-10.829970720000896
2022-12-28,HENDERSON,00H,SG,243.1096590909091,243.11174242424244,10.999999999989996,3.3527999999969507,0.59,37,-0.7,8185.114285714286,0.59,59.54558,13096.646399999134,-10.810189200000913
2022-12-28,HENDERSON,00H,SG,243.11401515151516,243.11647727272728,12.999999999988177,3.962399999996397,0.59,37,-0.5,11459.16,0.59,59.54558,13100.60879999913,-10.79040768000093
2022-12-28,HENDERSON,00H,SG,243.11647727272728,243.1193181818182,14.999999999986358,4.571999999995842,0.59,37,-0.4,14323.949999999999,0.59,59.54558,13105.180799999127,-10.767029520000952
2022-12-28,HENDERSON,00H,SG,243.30397727272728,243.3070075757576,15.999999999985448,4.876799999995565,0.59,37,0.0,1000000.0,0.59,59.54558,13110.057599999123,-10.740054720000977
2022-12-28,HENDERSON,00H,SG,243.1231060606061,243.12613636363636,15.999999999985448,4.876799999995565,0.59,37,-0.2,28647.899999999998,0.59,59.54558,13114.93439999912,-10.711281600001003
2022-12-28,HENDERSON,00H,SG,243.27196969696973,243.275,15.999999999985448,4.876799999995565,0.59,37,0.0,1000000.0,0.59,59.54558,13119.811199999116,-10.68250848000103
2022-12-28,HENDERSON,00H,SG,243.37386363636364,243.37708333333333,16.99999999998454,5.181599999995288,0.59,37,-0.2,28647.899999999998,0.59,59.54558,13124.99279999911,-10.653735360001056
2022-12-28,HENDERSON,00H,SG,243.28958333333333,243.29280303030305,16.99999999998454,5.181599999995288,0.59,37,0.0,1000000.0,0.59,59.54558,13130.174399999105,-10.623163920001083
2022-12-28,HENDERSON,00H,SG,243.3090909090909,243.3123106060606,16.99999999998454,5.181599999995288,0.59,37,0.0,1000000.0,0.59,59.54558,13135.3559999991,-10.59259248000111
2022-12-28,HENDERSON,00H,SG,243.1193181818182,243.1231060606061,19.99999999998181,6.095999999994456,0.59,37,-0.3,19098.600000000002,0.59,59.54558,13141.451999999093,-10.562021040001138
2022-12-28,HENDERSON,00H,SG,243.2753787878788,243.28030303030303,25.999999999976353,7.924799999992792,0.59,37,0.0,1000000.0,0.59,59.54558,13149.376799999087,-10.52605464000117
2022-12-28,HENDERSON,00H,SG,243.32518939393935,243.33011363636365,26.00000000012642,7.924800000038533,0.59,37,0.0,1000000.0,0.59,59.54558,13157.301599999126,-10.479298320001213
2022-12-28,HENDERSON,00H,SG,243.31628787878788,243.3214015151515,26.999999999975444,8.229599999992516,0.59,37,0.0,1000000.0,0.59,59.54558,13165.531199999119,-10.432542000000986
2022-12-28,HENDERSON,00H,SG,243.36742424242425,243.37386363636364,33.99999999996908,10.363199999990576,0.59,37,-0.1,57295.799999999996,0.59,59.54558,13175.89439999911,-10.38398736000103
2022-12-28,HENDERSON,00H,SG,243.12708333333333,243.13541666666663,43.99999999995998,13.411199999987804,0.59,37,-0.1,57295.799999999996,0.59,59.54558,13189.305599999097,-10.322844480001084
2022-12-28,HENDERSON,00H,SG,243.25473484848484,243.26439393939393,50.999999999953616,15.544799999985862,0.59,37,0.1,57295.799999999996,0.59,59.54558,13204.850399999083,-10.243718400001157
2022-12-28,HENDERSON,00H,SG,243.33049242424244,243.36742424242425,194.99999999997272,59.43599999999169,0.59,37,0.0,1000000.0,0.59,59.54558,13264.286399999075,-10.152004080001241
2022-12-28,HENDERSON,00H,SG,243.13655303030305,243.25473484848484,624.0000000000327,190.19520000001,0.59,37,0.0,1000000.0,0.59,59.54558,13454.481599999084,-9.80133168000129
2022-12-28,HENDERSON,00H,SG,242.88125,242.8814393939394,0.9999999999990904,0.3047999999997227,0.6,36,-0.7,8185.114285714286,0.6,57.93624,13454.786399999084,-8.679180000001232
2022-12-28,HENDERSON,00H,SG,245.19507575757575,245.19526515151512,0.9999999999990904,0.3047999999997227,0.6,38,0.2,28647.899999999998,0.6,61.15492,13455.091199999084,-8.677351200001233
2022-12-28,HENDERSON,00H,SG,245.2070075757576,245.20719696969695,0.9999999999990904,0.3047999999997227,0.6,37,1.1,5208.70909090909,0.6,59.54558,13455.395999999084,-8.675522400001235
2022-12-28,HENDERSON,00H,SG,242.8528409090909,242.85303030303027,0.9999999999990904,0.3047999999997227,0.6,37,0.0,1000000.0,0.6,59.54558,13455.700799999084,-8.673693600001236
2022-12-28,HENDERSON,00H,SG,242.7159090909091,242.7160984848485,0.9999999999990904,0.3047999999997227,0.6,37,0.6,9549.300000000001,0.6,59.54558,13456.005599999084,-8.671864800001238
2022-12-28,HENDERSON,00H,SG,242.8878787878788,242.88806818181817,0.9999999999990904,0.3047999999997227,0.6,36,-1.0,5729.58,0.6,57.93624,13456.310399999084,-8.67003600000124
2022-12-28,HENDERSON,00H,SG,245.19583333333333,245.19602272727272,0.9999999999990904,0.3047999999997227,0.6,37,0.4,14323.949999999999,0.6,59.54558,13456.615199999083,-8.668207200001241
2022-12-28,HENDERSON,00H,SG,242.84204545454543,242.84223484848485,0.9999999999990904,0.3047999999997227,0.6,37,0.1,57295.799999999996,0.6,59.54558,13456.919999999083,-8.666378400001243
2022-12-28,HENDERSON,00H,SG,242.89696969696973,242.8971590909091,0.9999999999990904,0.3047999999997227,0.6,36,-1.5,3819.72,0.6,57.93624,13457.224799999083,-8.664549600001244
2022-12-28,HENDERSON,00H,SG,242.02348484848488,242.02367424242425,0.9999999999990904,0.3047999999997227,0.6,38,-1.5,3819.72,0.6,61.15492,13457.529599999083,-8.662720800001246
2022-12-28,HENDERSON,00H,SG,242.05113636363637,242.05132575757577,0.9999999999990904,0.3047999999997227,0.6,38,-0.4,14323.949999999999,0.6,61.15492,13457.834399999083,-8.660892000001247
2022-12-28,HENDERSON,00H,SG,242.70435606060607,242.70454545454547,0.9999999999990904,0.3047999999997227,0.6,36,1.1,5208.70909090909,0.6,57.93624,13458.139199999083,-8.659063200001249
2022-12-28,HENDERSON,00H,SG,242.89545454545456,242.89564393939395,0.9999999999990904,0.3047999999997227,0.6,37,-1.4,4092.557142857143,0.6,59.54558,13458.443999999083,-8.65723440000125
2022-12-28,HENDERSON,00H,SG,245.1996212121212,245.1998106060606,0.9999999999990904,0.3047999999997227,0.6,37,0.6,9549.300000000001,0.6,59.54558,13458.748799999083,-8.655405600001252
2022-12-28,HENDERSON,00H,SG,242.70909090909092,242.7092803030303,0.9999999999990904,0.3047999999997227,0.6,37,0.9,6366.2,0.6,59.54558,13459.053599999083,-8.653576800001254
2022-12-28,HENDERSON,00H,SG,245.21875,245.2189393939394,0.9999999999990904,0.3047999999997227,0.6,38,1.9,3015.5684210526315,0.6,61.15492,13459.358399999082,-8.651748000001255
2022-12-28,HENDERSON,00H,SG,242.54261363636363,242.54280303030305,0.9999999999990904,0.3047999999997227,0.6,37,1.7,3370.3411764705884,0.6,59.54558,13459.663199999082,-8.649919200001257
2022-12-28,HENDERSON,00H,SG,242.70454545454547,242.7047348484849,0.9999999999990904,0.3047999999997227,0.6,37,1.1,5208.70909090909,0.6,59.54558,13459.967999999082,-8.648090400001259
2022-12-28,HENDERSON,00H,SG,242.8456439393939,242.84583333333333,0.9999999999990904,0.3047999999997227,0.6,37,0.0,1000000.0,0.6,59.54558,13460.272799999082,-8.64626160000126
2022-12-28,HENDERSON,00H,SG,242.8975378787879,242.89772727272728,0.9999999999990904,0.3047999999997227,0.6,36,-1.4,4092.557142857143,0.6,57.93624,13460.577599999082,-8.644432800001262
2022-12-28,HENDERSON,00H,SG,242.03484848484848,242.03503787878788,0.9999999999990904,0.3047999999997227,0.6,38,-0.9,6366.2,0.6,61.15492,13460.882399999082,-8.642604000001263
2022-12-28,HENDERSON,00H,SG,242.71742424242424,242.71761363636364,0.9999999999990904,0.3047999999997227,0.6,37,0.4,14323.949999999999,0.6,59.54558,13461.187199999082,-8.640775200001265
2022-12-28,HENDERSON,00H,SG,242.7935606060606,242.79375,0.9999999999990904,0.3047999999997227,0.6,36,0.1,57295.799999999996,0.6,57.93624,13461.491999999082,-8.638946400001267
2022-12-28,HENDERSON,00H,SG,244.7160984848485,244.71628787878788,0.9999999999990904,0.3047999999997227,0.6,36,0.3,19098.600000000002,0.6,57.93624,13461.796799999081,-8.637117600001268
2022-12-28,HENDERSON,00H,SG,242.03352272727273,242.03371212121212,0.9999999999990904,0.3047999999997227,0.6,38,-1.0,5729.58,0.6,61.15492,13462.101599999081,-8.63528880000127
2022-12-28,HENDERSON,00H,SG,242.53825757575757,242.53844696969696,0.9999999999990904,0.3047999999997227,0.6,37,1.5,3819.72,0.6,59.54558,13462.406399999081,-8.633460000001271
2022-12-28,HENDERSON,00H,SG,245.21969696969697,245.21988636363636,0.9999999999990904,0.3047999999997227,0.6,37,2.0,2864.79,0.6,59.54558,13462.711199999081,-8.631631200001273
2022-12-28,HENDERSON,00H,SG,242.5094696969697,242.50965909090908,0.9999999999990904,0.3047999999997227,0.6,37,0.2,28647.899999999998,0.6,59.54558,13463.015999999081,-8.629802400001275
2022-12-28,HENDERSON,00H,SG,242.81003787878788,242.81022727272727,0.9999999999990904,0.3047999999997227,0.6,37,0.0,1000000.0,0.6,59.54558,13463.320799999081,-8.627973600001276
2022-12-28,HENDERSON,00H,SG,244.76344696969696,244.76363636363635,0.9999999999990904,0.3047999999997227,0.6,37,0.0,1000000.0,0.6,59.54558,13463.62559999908,-8.626144800001278
2022-12-28,HENDERSON,00H,SG,242.0568181818182,242.0570075757576,0.9999999999990904,0.3047999999997227,0.6,38,-0.1,57295.799999999996,0.6,61.15492,13463.93039999908,-8.62431600000128
2022-12-28,HENDERSON,00H,SG,242.51344696969696,242.51363636363635,0.9999999999990904,0.3047999999997227,0.6,37,0.3,19098.600000000002,0.6,59.54558,13464.23519999908,-8.62248720000128
2022-12-28,HENDERSON,00H,SG,242.86875,242.8689393939394,0.9999999999990904,0.3047999999997227,0.6,36,-0.2,28647.899999999998,0.6,57.93624,13464.53999999908,-8.620658400001282
2022-12-28,HENDERSON,00H,SG,245.2157196969697,245.2159090909091,0.9999999999990904,0.3047999999997227,0.6,37,1.6,3580.9874999999997,0.6,59.54558,13464.84479999908,-8.618829600001284
2022-12-28,HENDERSON,00H,SG,242.7185606060606,242.71875,0.9999999999990904,0.3047999999997227,0.6,36,0.4,14323.949999999999,0.6,57.93624,13465.14959999908,-8.617000800001286
2022-12-28,HENDERSON,00H,SG,242.8814393939394,242.8816287878788,0.9999999999990904,0.3047999999997227,0.6,37,-0.7,8185.114285714286,0.6,59.54558,13465.45439999908,-8.615172000001287
2022-12-28,HENDERSON,00H,SG,242.8897727272727,242.8899621212121,0.9999999999990904,0.3047999999997227,0.6,36,-1.0,5729.58,0.6,57.93624,13465.75919999908,-8.613343200001289
2022-12-28,HENDERSON,00H,SG,245.21988636363636,245.22007575757576,0.9999999999990904,0.3047999999997227,0.6,37,1.9,3015.5684210526315,0.6,59.54558,13466.06399999908,-8.61151440000129
2022-12-28,HENDERSON,00H,SG,242.52954545454543,242.52973484848485,0.9999999999990904,0.3047999999997227,0.6,37,1.1,5208.70909090909,0.6,59.54558,13466.36879999908,-8.609685600001292
2022-12-28,HENDERSON,00H,SG,242.04185606060605,242.04204545454544,0.9999999999990904,0.3047999999997227,0.6,38,-0.8,7161.974999999999,0.6,61.15492,13466.67359999908,-8.607856800001294
2022-12-28,HENDERSON,00H,SG,245.20568181818183,245.2058712121212,0.9999999999990904,0.3047999999997227,0.6,38,0.8,7161.974999999999,0.6,61.15492,13466.97839999908,-8.606028000001295
2022-12-28,HENDERSON,00H,SG,242.53598484848484,242.53617424242424,0.9999999999990904,0.3047999999997227,0.6,37,1.4,4092.557142857143,0.6,59.54558,13467.28319999908,-8.604199200001297
2022-12-28,HENDERSON,00H,SG,242.9034090909091,242.9035984848485,0.9999999999990904,0.3047999999997227,0.6,36,-1.7,3370.3411764705884,0.6,57.93624,13467.58799999908,-8.602370400001298
2022-12-28,HENDERSON,00H,SG,245.0691287878788,245.06931818181815,0.9999999999990904,0.3047999999997227,0.6,38,0.0,1000000.0,0.6,61.15492,13467.89279999908,-8.6005416000013
2022-12-28,HENDERSON,00H,SG,242.0253787878788,242.0255681818182,0.9999999999990904,0.3047999999997227,0.6,38,-1.4,4092.557142857143,0.6,61.15492,13468.19759999908,-8.598712800001302
2022-12-28,HENDERSON,00H,SG,242.5293560606061,242.52954545454543,0.9999999999990904,0.3047999999997227,0.6,37,1.0,5729.58,0.6,59.54558,13468.502399999079,-8.596884000001303
2022-12-28,HENDERSON,00H,SG,242.87935606060609,242.87954545454545,0.9999999999990904,0.3047999999997227,0.6,36,-0.6,9549.300000000001,0.6,57.93624,13468.807199999079,-8.595055200001305
2022-12-28,HENDERSON,00H,SG,242.88465909090908,242.88484848484848,0.9999999999990904,0.3047999999997227,0.6,37,-0.7,8185.114285714286,0.6,59.54558,13469.111999999079,-8.593226400001306
2022-12-28,HENDERSON,00H,SG,242.0473484848485,242.0475378787879,0.9999999999990904,0.3047999999997227,0.6,38,-0.4,14323.949999999999,0.6,61.15492,13469.416799999079,-8.591397600001308
2022-12-28,HENDERSON,00H,SG,242.45549242424244,242.45568181818183,0.9999999999990904,0.3047999999997227,0.6,37,0.1,57295.799999999996,0.6,59.54558,13469.721599999079,-8.58956880000131
2022-12-28,HENDERSON,00H,SG,242.89185606060607,242.89204545454547,0.9999999999990904,0.3047999999997227,0.6,37,-1.2,4774.650000000001,0.6,59.54558,13470.026399999078,-8.587740000001311
2022-12-28,HENDERSON,00H,SG,242.89204545454547,242.8922348484849,0.9999999999990904,0.3047999999997227,0.6,36,-1.1,5208.70909090909,0.6,57.93624,13470.331199999078,-8.585911200001313
2022-12-28,HENDERSON,00H,SG,245.20056818181817,245.20075757575756,0.9999999999990904,0.3047999999997227,0.6,38,0.6,9549.300000000001,0.6,61.15492,13470.635999999078,-8.584082400001314
2022-12-28,HENDERSON,00H,SG,242.5462121212121,242.5464015151515,0.9999999999990904,0.3047999999997227,0.6,37,1.9,3015.5684210526315,0.6,59.54558,13470.940799999078,-8.582253600001316
2022-12-28,HENDERSON,00H,SG,242.71174242424243,242.71193181818185,0.9999999999990904,0.3047999999997227,0.6,37,0.8,7161.974999999999,0.6,59.54558,13471.245599999078,-8.580424800001317
2022-12-28,HENDERSON,00H,SG,242.71875,242.7189393939394,0.9999999999990904,0.3047999999997227,0.6,36,0.3,19098.600000000002,0.6,57.93624,13471.550399999078,-8.578596000001319
2022-12-28,HENDERSON,00H,SG,242.9060606060606,242.90625,0.9999999999990904,0.3047999999997227,0.6,37,-1.9,3015.5684210526315,0.6,59.54558,13471.855199999078,-8.57676720000132
2022-12-28,HENDERSON,00H,SG,242.87613636363636,242.87632575757576,0.9999999999990904,0.3047999999997227,0.6,36,-0.3,19098.600000000002,0.6,57.93624,13472.159999999078,-8.574938400001322
2022-12-28,HENDERSON,00H,SG,242.04223484848484,242.04242424242423,0.9999999999990904,0.3047999999997227,0.6,38,-0.6,9549.300000000001,0.6,61.15492,13472.464799999078,-8.573109600001324
2022-12-28,HENDERSON,00H,SG,242.88200757575757,242.88219696969696,0.9999999999990904,0.3047999999997227,0.6,36,-0.6,9549.300000000001,0.6,57.93624,13472.769599999077,-8.571280800001325
2022-12-28,HENDERSON,00H,SG,242.8869318181818,242.8871212121212,0.9999999999990904,0.3047999999997227,0.6,36,-0.9,6366.2,0.6,57.93624,13473.074399999077,-8.569452000001327
2022-12-28,HENDERSON,00H,SG,245.1907196969697,245.1909090909091,0.9999999999990904,0.3047999999997227,0.6,37,0.1,57295.799999999996,0.6,59.54558,13473.379199999077,-8.567623200001329
2022-12-28,HENDERSON,00H,SG,242.02007575757577,242.02026515151516,0.9999999999990904,0.3047999999997227,0.6,38,-1.6,3580.9874999999997,0.6,61.15492,13473.683999999077,-8.56579440000133
2022-12-28,HENDERSON,00H,SG,242.05094696969695,242.05113636363637,0.9999999999990904,0.3047999999997227,0.6,38,-0.3,19098.600000000002,0.6,61.15492,13473.988799999077,-8.563965600001332
2022-12-28,HENDERSON,00H,SG,242.9007575757576,242.90094696969695,0.9999999999990904,0.3047999999997227,0.6,37,-1.6,3580.9874999999997,0.6,59.54558,13474.293599999077,-8.562136800001333
2022-12-28,HENDERSON,00H,SG,242.03295454545457,242.0331439393939,0.9999999999990904,0.3047999999997227,0.6,38,-1.0,5729.58,0.6,61.15492,13474.598399999077,-8.560308000001335
2022-12-28,HENDERSON,00H,SG,242.8689393939394,242.8691287878788,0.9999999999990904,0.3047999999997227,0.6,37,-0.2,28647.899999999998,0.6,59.54558,13474.903199999077,-8.558479200001337
2022-12-28,HENDERSON,00H,SG,242.87405303030303,242.8742424242424,0.9999999999990904,0.3047999999997227,0.6,37,-0.3,19098.600000000002,0.6,59.54558,13475.207999999076,-8.556650400001338
2022-12-28,HENDERSON,00H,SG,245.20454545454547,245.2047348484849,0.9999999999990904,0.3047999999997227,0.6,38,0.8,7161.974999999999,0.6,61.15492,13475.512799999076,-8.55482160000134
2022-12-28,HENDERSON,00H,SG,242.5320075757576,242.53219696969697,0.9999999999990904,0.3047999999997227,0.6,37,1.2,4774.650000000001,0.6,59.54558,13475.817599999076,-8.552992800001341
2022-12-28,HENDERSON,00H,SG,242.86174242424244,242.86193181818183,0.9999999999990904,0.3047999999997227,0.6,37,0.0,1000000.0,0.6,59.54558,13476.122399999076,-8.551164000001343
2022-12-28,HENDERSON,00H,SG,242.88768939393935,242.8878787878788,0.9999999999990904,0.3047999999997227,0.6,36,-0.9,6366.2,0.6,57.93624,13476.427199999076,-8.549335200001345
2022-12-28,HENDERSON,00H,SG,242.02632575757576,242.02651515151516,0.9999999999990904,0.3047999999997227,0.6,38,-1.3,4407.369230769231,0.6,61.15492,13476.731999999076,-8.547506400001346
2022-12-28,HENDERSON,00H,SG,244.80549242424243,244.80568181818185,0.9999999999990904,0.3047999999997227,0.6,36,-0.1,57295.799999999996,0.6,57.93624,13477.036799999076,-8.545677600001348
2022-12-28,HENDERSON,00H,SG,245.21458333333337,245.21477272727273,0.9999999999990904,0.3047999999997227,0.6,37,1.6,3580.9874999999997,0.6,59.54558,13477.341599999076,-8.54384880000135
2022-12-28,HENDERSON,00H,SG,245.2155303030303,245.2157196969697,0.9999999999990904,0.3047999999997227,0.6,37,1.7,3370.3411764705884,0.6,59.54558,13477.646399999076,-8.54202000000135
2022-12-28,HENDERSON,00H,SG,242.7310606060606,242.73125,0.9999999999990904,0.3047999999997227,0.6,36,0.0,1000000.0,0.6,57.93624,13477.951199999075,-8.540191200001352
2022-12-28,HENDERSON,00H,SG,242.84545454545457,242.8456439393939,0.9999999999990904,0.3047999999997227,0.6,36,0.0,1000000.0,0.6,57.93624,13478.255999999075,-8.538362400001354
2022-12-28,HENDERSON,00H,SG,242.8721590909091,242.8723484848485,0.9999999999990904,0.3047999999997227,0.6,36,-0.2,28647.899999999998,0.6,57.93624,13478.560799999075,-8.536533600001356
2022-12-28,HENDERSON,00H,SG,242.0346590909091,242.03484848484848,0.9999999999990904,0.3047999999997227,0.6,38,-1.0,5729.58,0.6,61.15492,13478.865599999075,-8.534704800001357
2022-12-28,HENDERSON,00H,SG,242.8403409090909,242.8405303030303,0.9999999999990904,0.3047999999997227,0.6,37,0.1,57295.799999999996,0.6,59.54558,13479.170399999075,-8.532876000001359
2022-12-28,HENDERSON,00H,SG,244.76704545454547,244.7672348484849,0.9999999999990904,0.3047999999997227,0.6,37,0.0,1000000.0,0.6,59.54558,13479.475199999075,-8.53104720000136
2022-12-28,HENDERSON,00H,SG,245.1100378787879,245.1102272727273,0.9999999999990904,0.3047999999997227,0.6,38,0.0,1000000.0,0.6,61.15492,13479.779999999075,-8.529218400001362
2022-12-28,HENDERSON,00H,SG,242.45189393939393,242.45208333333332,0.9999999999990904,0.3047999999997227,0.6,37,0.0,1000000.0,0.6,59.54558,13480.084799999075,-8.527389600001364
2022-12-28,HENDERSON,00H,SG,242.84583333333333,242.84602272727273,0.9999999999990904,0.3047999999997227,0.6,36,0.1,57295.799999999996,0.6,57.93624,13480.389599999075,-8.525560800001365
2022-12-28,HENDERSON,00H,SG,242.8719696969697,242.8721590909091,0.9999999999990904,0.3047999999997227,0.6,36,-0.3,19098.600000000002,0.6,57.93624,13480.694399999074,-8.523732000001367
2022-12-28,HENDERSON,00H,SG,242.88503787878787,242.8852272727273,0.9999999999990904,0.3047999999997227,0.6,36,-0.8,7161.974999999999,0.6,57.93624,13480.999199999074,-8.521903200001368
2022-12-28,HENDERSON,00H,SG,242.33049242424244,242.33068181818183,0.9999999999990904,0.3047999999997227,0.6,38,-0.1,57295.799999999996,0.6,61.15492,13481.303999999074,-8.52007440000137
2022-12-28,HENDERSON,00H,SG,242.7308712121212,242.7310606060606,0.9999999999990904,0.3047999999997227,0.6,36,0.1,57295.799999999996,0.6,57.93624,13481.608799999074,-8.518245600001372
2022-12-28,HENDERSON,00H,SG,242.88541666666663,242.88560606060605,0.9999999999990904,0.3047999999997227,0.6,36,-0.8,7161.974999999999,0.6,57.93624,13481.913599999074,-8.516416800001373
2022-12-28,HENDERSON,00H,SG,245.19678030303027,245.1969696969697,0.9999999999990904,0.3047999999997227,0.6,37,0.4,14323.949999999999,0.6,59.54558,13482.218399999074,-8.514588000001375
2022-12-28,HENDERSON,00H,SG,242.71761363636364,242.71780303030303,0.9999999999990904,0.3047999999997227,0.6,37,0.5,11459.16,0.6,59.54558,13482.523199999074,-8.512759200001376
2022-12-28,HENDERSON,00H,SG,244.80189393939395,244.80208333333337,0.9999999999990904,0.3047999999997227,0.6,36,-0.1,57295.799999999996,0.6,57.93624,13482.827999999074,-8.510930400001378
2022-12-28,HENDERSON,00H,SG,245.1905303030303,245.1907196969697,0.9999999999990904,0.3047999999997227,0.6,37,0.2,28647.899999999998,0.6,59.54558,13483.132799999074,-8.50910160000138
2022-12-28,HENDERSON,00H,SG,242.88030303030305,242.8804924242424,0.9999999999990904,0.3047999999997227,0.6,36,-0.5,11459.16,0.6,57.93624,13483.437599999073,-8.507272800001381
2022-12-28,HENDERSON,00H,SG,245.21344696969695,245.21363636363637,0.9999999999990904,0.3047999999997227,0.6,38,1.5,3819.72,0.6,61.15492,13483.742399999073,-8.505444000001383
2022-12-28,HENDERSON,00H,SG,242.0210227272727,242.02121212121213,0.9999999999990904,0.3047999999997227,0.6,38,-1.6,3580.9874999999997,0.6,61.15492,13484.047199999073,-8.503615200001384
2022-12-28,HENDERSON,00H,SG,242.33068181818183,242.3308712121212,0.9999999999990904,0.3047999999997227,0.6,38,0.0,1000000.0,0.6,61.15492,13484.351999999073,-8.501786400001386
2022-12-28,HENDERSON,00H,SG,242.8439393939394,242.8441287878788,0.9999999999990904,0.3047999999997227,0.6,37,0.1,57295.799999999996,0.6,59.54558,13484.656799999073,-8.499957600001387
2022-12-28,HENDERSON,00H,SG,242.88484848484848,242.88503787878787,0.9999999999990904,0.3047999999997227,0.6,37,-0.8,7161.974999999999,0.6,59.54558,13484.961599999073,-8.498128800001389
2022-12-28,HENDERSON,00H,SG,242.89924242424243,242.89943181818185,0.9999999999990904,0.3047999999997227,0.6,36,-1.5,3819.72,0.6,57.93624,13485.266399999073,-8.49630000000139
2022-12-28,HENDERSON,00H,SG,242.30113636363637,242.30132575757577,0.9999999999990904,0.3047999999997227,0.6,38,0.1,57295.799999999996,0.6,61.15492,13485.571199999073,-8.494471200001392
2022-12-28,HENDERSON,00H,SG,242.71041666666667,242.71060606060607,0.9999999999990904,0.3047999999997227,0.6,37,0.8,7161.974999999999,0.6,59.54558,13485.875999999073,-8.492642400001394
2022-12-28,HENDERSON,00H,SG,242.8632575757576,242.86344696969695,0.9999999999990904,0.3047999999997227,0.6,36,0.0,1000000.0,0.6,57.93624,13486.180799999072,-8.490813600001395
2022-12-28,HENDERSON,00H,SG,244.7189393939394,244.7191287878788,0.9999999999990904,0.3047999999997227,0.6,36,0.2,28647.899999999998,0.6,57.93624,13486.485599999072,-8.488984800001397
2022-12-28,HENDERSON,00H,SG,245.1939393939394,245.1941287878788,0.9999999999990904,0.3047999999997227,0.6,38,0.3,19098.600000000002,0.6,61.15492,13486.790399999072,-8.487156000001399
2022-12-28,HENDERSON,00H,SG,242.8852272727273,242.88541666666663,0.9999999999990904,0.3047999999997227,0.6,36,-0.9,6366.2,0.6,57.93624,13487.095199999072,-8.4853272000014
2022-12-28,HENDERSON,00H,SG,244.7929924242424,244.7931818181818,0.9999999999990904,0.3047999999997227,0.6,36,-0.1,57295.799999999996,0.6,57.93624,13487.399999999072,-8.483498400001402
2022-12-28,HENDERSON,00H,SG,245.2028409090909,245.2030303030303,0.9999999999990904,0.3047999999997227,0.6,37,0.6,9549.300000000001,0.6,59.54558,13487.704799999072,-8.481669600001403
2022-12-28,HENDERSON,00H,SG,242.8723484848485,242.87253787878788,0.9999999999990904,0.3047999999997227,0.6,37,-0.3,19098.600000000002,0.6,59.54558,13488.009599999072,-8.479840800001405
2022-12-28,HENDERSON,00H,SG,242.90094696969695,242.90113636363637,0.9999999999990904,0.3047999999997227,0.6,36,-1.6,3580.9874999999997,0.6,57.93624,13488.314399999072,-8.478012000001407
2022-12-28,HENDERSON,00H,SG,245.21079545454543,245.21098484848488,0.9999999999990904,0.3047999999997227,0.6,37,1.3,4407.369230769231,0.6,59.54558,13488.619199999071,-8.476183200001408
2022-12-28,HENDERSON,00H,SG,242.04204545454544,242.04223484848484,0.9999999999990904,0.3047999999997227,0.6,38,-0.7,8185.114285714286,0.6,61.15492,13488.923999999071,-8.47435440000141
2022-12-28,HENDERSON,00H,SG,242.8189393939394,242.8191287878788,0.9999999999990904,0.3047999999997227,0.6,37,0.0,1000000.0,0.6,59.54558,13489.228799999071,-8.472525600001411
2022-12-28,HENDERSON,00H,SG,242.87954545454545,242.87973484848484,0.9999999999990904,0.3047999999997227,0.6,37,-0.6,9549.300000000001,0.6,59.54558,13489.533599999071,-8.470696800001413
2022-12-28,HENDERSON,00H,SG,244.8001893939394,244.8003787878788,0.9999999999990904,0.3047999999997227,0.6,36,-0.1,57295.799999999996,0.6,57.93624,13489.838399999071,-8.468868000001414
2022-12-28,HENDERSON,00H,SG,245.09772727272727,245.09791666666663,0.9999999999990904,0.3047999999997227,0.6,38,0.0,1000000.0,0.6,61.15492,13490.143199999071,-8.467039200001416
2022-12-28,HENDERSON,00H,SG,242.90738636363636,242.90757575757576,0.9999999999990904,0.3047999999997227,0.6,36,-2.0,2864.79,0.6,57.93624,13490.44799999907,-8.465210400001418
2022-12-28,HENDERSON,00H,SG,242.88863636363635,242.88882575757577,0.9999999999990904,0.3047999999997227,0.6,36,-1.0,5729.58,0.6,57.93624,13490.75279999907,-8.46338160000142
2022-12-28,HENDERSON,00H,SG,245.2153409090909,245.2155303030303,0.9999999999990904,0.3047999999997227,0.6,37,1.6,3580.9874999999997,0.6,59.54558,13491.05759999907,-8.46155280000142
2022-12-28,HENDERSON,00H,SG,242.0534090909091,242.0535984848485,0.9999999999990904,0.3047999999997227,0.6,38,-0.2,28647.899999999998,0.6,61.15492,13491.36239999907,-8.459724000001422
2022-12-28,HENDERSON,00H,SG,242.33598484848488,242.33617424242425,0.9999999999990904,0.3047999999997227,0.6,38,0.0,1000000.0,0.6,61.15492,13491.66719999907,-8.457895200001424
2022-12-28,HENDERSON,00H,SG,245.09602272727273,245.09621212121212,0.9999999999990904,0.3047999999997227,0.6,38,0.0,1000000.0,0.6,61.15492,13491.97199999907,-8.456066400001426
2022-12-28,HENDERSON,00H,SG,245.21174242424243,245.21193181818185,0.9999999999990904,0.3047999999997227,0.6,37,1.3,4407.369230769231,0.6,59.54558,13492.27679999907,-8.454237600001427
2022-12-28,HENDERSON,00H,SG,242.47386363636363,242.47405303030305,0.9999999999990904,0.3047999999997227,0.6,38,0.1,57295.799999999996,0.6,61.15492,13492.58159999907,-8.452408800001429
2022-12-28,HENDERSON,00H,SG,242.72367424242424,242.72405303030305,1.999999999998181,0.6095999999994455,0.6,36,0.2,28647.899999999998,0.6,57.93624,13493.19119999907,-8.45058000000143
2022-12-28,HENDERSON,00H,SG,242.89886363636364,242.89924242424243,1.999999999998181,0.6095999999994455,0.6,36,-1.6,3580.9874999999997,0.6,57.93624,13493.80079999907,-8.446922400001434
2022-12-28,HENDERSON,00H,SG,242.02367424242425,242.02405303030304,1.999999999998181,0.6095999999994455,0.6,38,-1.6,3580.9874999999997,0.6,61.15492,13494.41039999907,-8.443264800001437
2022-12-28,HENDERSON,00H,SG,242.45719696969695,242.45757575757577,1.999999999998181,0.6095999999994455,0.6,37,0.1,57295.799999999996,0.6,59.54558,13495.01999999907,-8.43960720000144
2022-12-28,HENDERSON,00H,SG,242.7975378787879,242.79791666666668,1.999999999998181,0.6095999999994455,0.6,37,0.1,57295.799999999996,0.6,59.54558,13495.629599999069,-8.435949600001443
2022-12-28,HENDERSON,00H,SG,245.1977272727273,245.19810606060605,1.999999999998181,0.6095999999994455,0.6,37,0.3,19098.600000000002,0.6,59.54558,13496.239199999069,-8.432292000001446
2022-12-28,HENDERSON,00H,SG,242.7219696969697,242.72234848484848,1.999999999998181,0.6095999999994455,0.6,36,0.2,28647.899999999998,0.6,57.93624,13496.848799999068,-8.42863440000145
2022-12-28,HENDERSON,00H,SG,242.85094696969696,242.85132575757575,1.999999999998181,0.6095999999994455,0.6,37,0.0,1000000.0,0.6,59.54558,13497.458399999068,-8.424976800001453
2022-12-28,HENDERSON,00H,SG,242.5464015151515,242.5467803030303,1.999999999998181,0.6095999999994455,0.6,37,1.8,3183.1,0.6,59.54558,13498.067999999068,-8.421319200001456
2022-12-28,HENDERSON,00H,SG,242.7251893939394,242.72556818181815,1.999999999998181,0.6095999999994455,0.6,37,0.1,57295.799999999996,0.6,59.54558,13498.677599999068,-8.417661600001459
2022-12-28,HENDERSON,00H,SG,242.81704545454545,242.81742424242424,1.999999999998181,0.6095999999994455,0.6,37,0.0,1000000.0,0.6,59.54558,13499.287199999068,-8.414004000001462
2022-12-28,HENDERSON,00H,SG,242.81344696969697,242.81382575757576,1.999999999998181,0.6095999999994455,0.6,37,0.0,1000000.0,0.6,59.54558,13499.896799999067,-8.410346400001465
2022-12-28,HENDERSON,00H,SG,242.8628787878788,242.8632575757576,1.999999999998181,0.6095999999994455,0.6,36,-0.1,57295.799999999996,0.6,57.93624,13500.506399999067,-8.406688800001469
2022-12-28,HENDERSON,00H,SG,244.79450757575756,244.79488636363635,1.999999999998181,0.6095999999994455,0.6,36,-0.1,57295.799999999996,0.6,57.93624,13501.115999999067,-8.403031200001472
2022-12-28,HENDERSON,00H,SG,242.54280303030305,242.5431818181818,1.999999999998181,0.6095999999994455,0.6,37,1.6,3580.9874999999997,0.6,59.54558,13501.725599999067,-8.399373600001475
2022-12-28,HENDERSON,00H,SG,242.89356060606065,242.8939393939394,1.999999999998181,0.6095999999994455,0.6,37,-1.3,4407.369230769231,0.6,59.54558,13502.335199999066,-8.395716000001478
2022-12-28,HENDERSON,00H,SG,242.88655303030305,242.8869318181818,1.999999999998181,0.6095999999994455,0.6,37,-0.9,6366.2,0.6,59.54558,13502.944799999066,-8.392058400001481
2022-12-28,HENDERSON,00H,SG,242.02594696969695,242.02632575757576,1.999999999998181,0.6095999999994455,0.6,38,-1.4,4092.557142857143,0.6,61.15492,13503.554399999066,-8.388400800001484
2022-12-28,HENDERSON,00H,SG,242.02121212121213,242.02159090909092,1.999999999998181,0.6095999999994455,0.6,38,-1.7,3370.3411764705884,0.6,61.15492,13504.163999999066,-8.384743200001488
2022-12-28,HENDERSON,00H,SG,242.72556818181815,242.72594696969696,1.999999999998181,0.6095999999994455,0.6,36,0.1,57295.799999999996,0.6,57.93624,13504.773599999065,-8.38108560000149
2022-12-28,HENDERSON,00H,SG,242.84734848484848,242.84772727272727,1.999999999998181,0.6095999999994455,0.6,37,0.0,1000000.0,0.6,59.54558,13505.383199999065,-8.377428000001494
2022-12-28,HENDERSON,00H,SG,242.8922348484849,242.89261363636365,1.999999999998181,0.6095999999994455,0.6,36,-1.2,4774.650000000001,0.6,57.93624,13505.992799999065,-8.373770400001497
2022-12-28,HENDERSON,00H,SG,242.9096590909091,242.91003787878788,1.999999999998181,0.6095999999994455,0.6,37,-2.1,2728.3714285714286,0.6,59.54558,13506.602399999065,-8.3701128000015
2022-12-28,HENDERSON,00H,SG,242.8242424242424,242.8246212121212,1.999999999998181,0.6095999999994455,0.6,37,0.0,1000000.0,0.6,59.54558,13507.211999999065,-8.366455200001504
2022-12-28,HENDERSON,00H,SG,244.7964015151515,244.7967803030303,1.999999999998181,0.6095999999994455,0.6,36,-0.1,57295.799999999996,0.6,57.93624,13507.821599999064,-8.362797600001507
2022-12-28,HENDERSON,00H,SG,242.0331439393939,242.03352272727273,1.999999999998181,0.6095999999994455,0.6,38,-1.1,5208.70909090909,0.6,61.15492,13508.431199999064,-8.35914000000151
2022-12-28,HENDERSON,00H,SG,242.71193181818185,242.7123106060606,1.999999999998181,0.6095999999994455,0.6,37,0.7,8185.114285714286,0.6,59.54558,13509.040799999064,-8.355482400001513
2022-12-28,HENDERSON,00H,SG,242.8117424242424,242.8121212121212,1.999999999998181,0.6095999999994455,0.6,37,0.0,1000000.0,0.6,59.54558,13509.650399999064,-8.351824800001516
2022-12-28,HENDERSON,00H,SG,245.12613636363636,245.12651515151515,1.999999999998181,0.6095999999994455,0.6,38,0.1,57295.799999999996,0.6,61.15492,13510.259999999063,-8.34816720000152
2022-12-28,HENDERSON,00H,SG,242.71496212121212,242.7153409090909,1.999999999998181,0.6095999999994455,0.6,36,0.5,11459.16,0.6,57.93624,13510.869599999063,-8.344509600001523
2022-12-28,HENDERSON,00H,SG,242.85625,242.8566287878788,1.999999999998181,0.6095999999994455,0.6,37,0.0,1000000.0,0.6,59.54558,13511.479199999063,-8.340852000001526
2022-12-28,HENDERSON,00H,SG,244.7185606060606,244.7189393939394,1.999999999998181,0.6095999999994455,0.6,36,0.1,57295.799999999996,0.6,57.93624,13512.088799999063,-8.337194400001529
2022-12-28,HENDERSON,00H,SG,245.20113636363635,245.2015151515151,1.999999999998181,0.6095999999994455,0.6,37,0.5,11459.16,0.6,59.54558,13512.698399999063,-8.333536800001532
2022-12-28,HENDERSON,00H,SG,242.82064393939393,242.82102272727272,1.999999999998181,0.6095999999994455,0.6,37,0.0,1000000.0,0.6,59.54558,13513.307999999062,-8.329879200001535
2022-12-28,HENDERSON,00H,SG,245.0994318181818,245.0998106060606,1.999999999998181,0.6095999999994455,0.6,38,0.0,1000000.0,0.6,61.15492,13513.917599999062,-8.326221600001539
2022-12-28,HENDERSON,00H,SG,245.1992424242424,245.1996212121212,1.999999999998181,0.6095999999994455,0.6,37,0.4,14323.949999999999,0.6,59.54558,13514.527199999062,-8.322564000001542
2022-12-28,HENDERSON,00H,SG,242.8757575757576,242.87613636363636,1.999999999998181,0.6095999999994455,0.6,37,-0.4,14323.949999999999,0.6,59.54558,13515.136799999062,-8.318906400001545
2022-12-28,HENDERSON,00H,SG,242.45890151515152,242.4592803030303,1.999999999998181,0.6095999999994455,0.6,37,0.1,57295.799999999996,0.6,59.54558,13515.746399999061,-8.315248800001548
2022-12-28,HENDERSON,00H,SG,244.79261363636363,244.7929924242424,1.999999999998181,0.6095999999994455,0.6,37,-0.1,57295.799999999996,0.6,59.54558,13516.355999999061,-8.311591200001551
2022-12-28,HENDERSON,00H,SG,245.1189393939394,245.1193181818182,1.999999999998181,0.6095999999994455,0.6,38,0.1,57295.799999999996,0.6,61.15492,13516.965599999061,-8.307933600001554
2022-12-28,HENDERSON,00H,SG,245.10833333333332,245.1087121212121,1.999999999998181,0.6095999999994455,0.6,38,0.0,1000000.0,0.6,61.15492,13517.57519999906,-8.304276000001558
2022-12-28,HENDERSON,00H,SG,245.18958333333333,245.18996212121212,1.999999999998181,0.6095999999994455,0.6,37,0.2,28647.899999999998,0.6,59.54558,13518.18479999906,-8.30061840000156
2022-12-28,HENDERSON,00H,SG,242.83844696969695,242.83882575757576,1.999999999998181,0.6095999999994455,0.6,37,0.0,1000000.0,0.6,59.54558,13518.79439999906,-8.296960800001564
2022-12-28,HENDERSON,00H,SG,242.7100378787879,242.71041666666667,1.999999999998181,0.6095999999994455,0.6,37,0.7,8185.114285714286,0.6,59.54558,13519.40399999906,-8.293303200001567
2022-12-28,HENDERSON,00H,SG,242.79924242424244,242.7996212121212,1.999999999998181,0.6095999999994455,0.6,37,0.1,57295.799999999996,0.6,59.54558,13520.01359999906,-8.28964560000157
2022-12-28,HENDERSON,00H,SG,242.88333333333333,242.8837121212121,1.999999999998181,0.6095999999994455,0.6,36,-0.7,8185.114285714286,0.6,57.93624,13520.62319999906,-8.285988000001574
2022-12-28,HENDERSON,00H,SG,245.20075757575756,245.20113636363635,1.999999999998181,0.6095999999994455,0.6,38,0.5,11459.16,0.6,61.15492,13521.23279999906,-8.282330400001577
2022-12-28,HENDERSON,00H,SG,242.8348484848485,242.83522727272728,1.999999999998181,0.6095999999994455,0.6,37,0.0,1000000.0,0.6,59.54558,13521.84239999906,-8.27867280000158
2022-12-28,HENDERSON,00H,SG,245.20719696969695,245.20757575757577,1.999999999998181,0.6095999999994455,0.6,37,1.0,5729.58,0.6,59.54558,13522.451999999059,-8.275015200001583
2022-12-28,HENDERSON,00H,SG,242.8971590909091,242.8975378787879,1.999999999998181,0.6095999999994455,0.6,37,-1.5,3819.72,0.6,59.54558,13523.061599999059,-8.271357600001586
2022-12-28,HENDERSON,00H,SG,245.1560606060606,245.1564393939394,1.999999999998181,0.6095999999994455,0.6,38,0.0,1000000.0,0.6,61.15492,13523.671199999058,-8.26770000000159
2022-12-28,HENDERSON,00H,SG,242.72045454545457,242.72083333333333,1.999999999998181,0.6095999999994455,0.6,36,0.3,19098.600000000002,0.6,57.93624,13524.280799999058,-8.264042400001593
2022-12-28,HENDERSON,00H,SG,242.79564393939393,242.7960227272727,1.999999999998181,0.6095999999994455,0.6,37,0.1,57295.799999999996,0.6,59.54558,13524.890399999058,-8.260384800001596
2022-12-28,HENDERSON,00H,SG,242.8899621212121,242.8903409090909,1.999999999998181,0.6095999999994455,0.6,37,-1.1,5208.70909090909,0.6,59.54558,13525.499999999058,-8.256727200001599
2022-12-28,HENDERSON,00H,SG,244.76875,244.7691287878788,1.999999999998181,0.6095999999994455,0.6,37,0.0,1000000.0,0.6,59.54558,13526.109599999058,-8.253069600001602
2022-12-28,HENDERSON,00H,SG,245.1564393939394,245.15681818181815,1.999999999998181,0.6095999999994455,0.6,38,0.1,57295.799999999996,0.6,61.15492,13526.719199999057,-8.249412000001605
2022-12-28,HENDERSON,00H,SG,242.0255681818182,242.02594696969695,1.999999999998181,0.6095999999994455,0.6,38,-1.5,3819.72,0.6,61.15492,13527.328799999057,-8.245754400001609
2022-12-28,HENDERSON,00H,SG,245.2092803030303,245.2096590909091,1.999999999998181,0.6095999999994455,0.6,38,1.1,5208.70909090909,0.6,61.15492,13527.938399999057,-8.242096800001612
2022-12-28,HENDERSON,00H,SG,242.7867424242424,242.7871212121212,1.999999999998181,0.6095999999994455,0.6,37,0.0,1000000.0,0.6,59.54558,13528.547999999057,-8.238439200001615
2022-12-28,HENDERSON,00H,SG,245.1935606060606,245.1939393939394,1.999999999998181,0.6095999999994455,0.6,38,0.2,28647.899999999998,0.6,61.15492,13529.157599999056,-8.234781600001618
2022-12-28,HENDERSON,00H,SG,242.8816287878788,242.88200757575757,1.999999999998181,0.6095999999994455,0.6,36,-0.7,8185.114285714286,0.6,57.93624,13529.767199999056,-8.231124000001621
2022-12-28,HENDERSON,00H,SG,242.9043560606061,242.90473484848485,1.999999999998181,0.6095999999994455,0.6,37,-1.8,3183.1,0.6,59.54558,13530.376799999056,-8.227466400001624
2022-12-28,HENDERSON,00H,SG,242.90757575757576,242.90795454545457,1.999999999998181,0.6095999999994455,0.6,36,-1.9,3015.5684210526315,0.6,57.93624,13530.986399999056,-8.223808800001628
2022-12-28,HENDERSON,00H,SG,242.80454545454543,242.80492424242425,1.999999999998181,0.6095999999994455,0.6,37,0.1,57295.799999999996,0.6,59.54558,13531.595999999055,-8.22015120000163
2022-12-28,HENDERSON,00H,SG,245.12954545454545,245.13011363636363,2.9999999999972715,0.9143999999991684,0.6,38,0.1,57295.799999999996,0.6,61.15492,13532.510399999055,-8.216493600001634
2022-12-28,HENDERSON,00H,SG,245.1810606060606,245.1816287878788,2.9999999999972715,0.9143999999991684,0.6,38,0.1,57295.799999999996,0.6,61.15492,13533.424799999055,-8.211007200001639
2022-12-28,HENDERSON,00H,SG,245.19867424242423,245.1992424242424,2.9999999999972715,0.9143999999991684,0.6,38,0.4,14323.949999999999,0.6,61.15492,13534.339199999054,-8.205520800001644
2022-12-28,HENDERSON,00H,SG,242.73257575757577,242.73314393939393,2.9999999999972715,0.9143999999991684,0.6,36,0.0,1000000.0,0.6,57.93624,13535.253599999054,-8.200034400001648
2022-12-28,HENDERSON,00H,SG,245.2096590909091,245.21022727272728,2.9999999999972715,0.9143999999991684,0.6,38,1.2,4774.650000000001,0.6,61.15492,13536.167999999054,-8.194548000001653
2022-12-28,HENDERSON,00H,SG,242.53844696969696,242.53901515151512,2.9999999999972715,0.9143999999991684,0.6,37,1.4,4092.557142857143,0.6,59.54558,13537.082399999053,-8.189061600001658
2022-12-28,HENDERSON,00H,SG,245.1757575757576,245.17632575757577,2.9999999999972715,0.9143999999991684,0.6,38,0.1,57295.799999999996,0.6,61.15492,13537.996799999053,-8.183575200001663
2022-12-28,HENDERSON,00H,SG,244.75435606060609,244.75492424242424,2.9999999999972715,0.9143999999991684,0.6,37,0.0,1000000.0,0.6,59.54558,13538.911199999053,-8.178088800001667
2022-12-28,HENDERSON,00H,SG,245.2022727272727,245.2028409090909,2.9999999999972715,0.9143999999991684,0.6,38,0.6,9549.300000000001,0.6,61.15492,13539.825599999052,-8.172602400001672
2022-12-28,HENDERSON,00H,SG,242.74318181818185,242.74375,2.9999999999972715,0.9143999999991684,0.6,36,0.0,1000000.0,0.6,57.93624,13540.739999999052,-8.167116000001677
2022-12-28,HENDERSON,00H,SG,242.87973484848484,242.88030303030305,2.9999999999972715,0.9143999999991684,0.6,36,-0.6,9549.300000000001,0.6,57.93624,13541.654399999052,-8.161629600001682
2022-12-28,HENDERSON,00H,SG,242.7378787878788,242.73844696969695,2.9999999999972715,0.9143999999991684,0.6,36,0.0,1000000.0,0.6,57.93624,13542.568799999051,-8.156143200001686
2022-12-28,HENDERSON,00H,SG,245.17386363636365,245.17443181818183,2.9999999999972715,0.9143999999991684,0.6,38,0.1,57295.799999999996,0.6,61.15492,13543.483199999051,-8.150656800001691
2022-12-28,HENDERSON,00H,SG,244.79090909090908,244.7914772727273,2.9999999999972715,0.9143999999991684,0.6,36,0.0,1000000.0,0.6,57.93624,13544.39759999905,-8.145170400001696
2022-12-28,HENDERSON,00H,SG,242.04128787878787,242.04185606060605,2.9999999999972715,0.9143999999991684,0.6,38,-0.7,8185.114285714286,0.6,61.15492,13545.31199999905,-8.1396840000017
2022-12-28,HENDERSON,00H,SG,245.10643939393935,245.10700757575756,2.9999999999972715,0.9143999999991684,0.6,38,0.0,1000000.0,0.6,61.15492,13546.22639999905,-8.134197600001706
2022-12-28,HENDERSON,00H,SG,245.1543560606061,245.15492424242424,2.9999999999972715,0.9143999999991684,0.6,38,0.0,1000000.0,0.6,61.15492,13547.14079999905,-8.12871120000171
2022-12-28,HENDERSON,00H,SG,245.13125,245.13181818181815,2.9999999999972715,0.9143999999991684,0.6,38,0.1,57295.799999999996,0.6,61.15492,13548.05519999905,-8.123224800001715
2022-12-28,HENDERSON,00H,SG,245.10113636363636,245.10170454545457,2.9999999999972715,0.9143999999991684,0.6,38,0.0,1000000.0,0.6,61.15492,13548.969599999049,-8.11773840000172
2022-12-28,HENDERSON,00H,SG,242.7214015151515,242.7219696969697,2.9999999999972715,0.9143999999991684,0.6,37,0.2,28647.899999999998,0.6,59.54558,13549.883999999049,-8.112252000001725
2022-12-28,HENDERSON,00H,SG,245.1223484848485,245.12291666666667,2.9999999999972715,0.9143999999991684,0.6,38,0.1,57295.799999999996,0.6,61.15492,13550.798399999048,-8.10676560000173
2022-12-28,HENDERSON,00H,SG,242.80871212121212,242.8092803030303,2.9999999999972715,0.9143999999991684,0.6,36,0.1,57295.799999999996,0.6,57.93624,13551.712799999048,-8.101279200001734
2022-12-28,HENDERSON,00H,SG,245.11344696969695,245.11401515151516,2.9999999999972715,0.9143999999991684,0.6,38,0.0,1000000.0,0.6,61.15492,13552.627199999048,-8.095792800001739
2022-12-28,HENDERSON,00H,SG,245.17916666666667,245.17973484848488,2.9999999999972715,0.9143999999991684,0.6,38,0.1,57295.799999999996,0.6,61.15492,13553.541599999047,-8.090306400001744
2022-12-28,HENDERSON,00H,SG,244.76155303030305,244.7621212121212,2.9999999999972715,0.9143999999991684,0.6,37,0.0,1000000.0,0.6,59.54558,13554.455999999047,-8.084820000001748
2022-12-28,HENDERSON,00H,SG,245.1367424242424,245.1373106060606,2.9999999999972715,0.9143999999991684,0.6,38,0.0,1000000.0,0.6,61.15492,13555.370399999047,-8.079333600001753
2022-12-28,HENDERSON,00H,SG,242.80814393939391,242.80871212121212,2.9999999999972715,0.9143999999991684,0.6,37,0.1,57295.799999999996,0.6,59.54558,13556.284799999046,-8.073847200001758
2022-12-28,HENDERSON,00H,SG,242.03238636363636,242.03295454545457,2.9999999999972715,0.9143999999991684,0.6,38,-1.1,5208.70909090909,0.6,61.15492,13557.199199999046,-8.068360800001763
2022-12-28,HENDERSON,00H,SG,242.47007575757576,242.4706439393939,2.9999999999972715,0.9143999999991684,0.6,38,0.1,57295.799999999996,0.6,61.15492,13558.113599999046,-8.062874400001768
2022-12-28,HENDERSON,00H,SG,242.72083333333333,242.7214015151515,2.9999999999972715,0.9143999999991684,0.6,37,0.3,19098.600000000002,0.6,59.54558,13559.027999999045,-8.057388000001772
2022-12-28,HENDERSON,00H,SG,242.7831439393939,242.78371212121212,2.9999999999972715,0.9143999999991684,0.6,37,0.0,1000000.0,0.6,59.54558,13559.942399999045,-8.051901600001777
2022-12-28,HENDERSON,00H,SG,244.7721590909091,244.77272727272728,2.9999999999972715,0.9143999999991684,0.6,37,0.0,1000000.0,0.6,59.54558,13560.856799999045,-8.046415200001782
2022-12-28,HENDERSON,00H,SG,244.77405303030304,244.7746212121212,2.9999999999972715,0.9143999999991684,0.6,37,0.0,1000000.0,0.6,59.54558,13561.771199999044,-8.040928800001787
2022-12-28,HENDERSON,00H,SG,245.21818181818185,245.21875,2.9999999999972715,0.9143999999991684,0.6,38,1.8,3183.1,0.6,61.15492,13562.685599999044,-8.035442400001791
2022-12-28,HENDERSON,00H,SG,242.7,242.70056818181817,2.9999999999972715,0.9143999999991684,0.6,37,1.2,4774.650000000001,0.6,59.54558,13563.599999999044,-8.029956000001796
2022-12-28,HENDERSON,00H,SG,242.88276515151512,242.88333333333333,2.9999999999972715,0.9143999999991684,0.6,37,-0.7,8185.114285714286,0.6,59.54558,13564.514399999043,-8.024469600001801
2022-12-28,HENDERSON,00H,SG,242.7160984848485,242.71666666666667,2.9999999999972715,0.9143999999991684,0.6,37,0.5,11459.16,0.6,59.54558,13565.428799999043,-8.018983200001806
2022-12-28,HENDERSON,00H,SG,242.80094696969695,242.80151515151516,2.9999999999972715,0.9143999999991684,0.6,37,0.1,57295.799999999996,0.6,59.54558,13566.343199999043,-8.01349680000181
2022-12-28,HENDERSON,00H,SG,242.88806818181817,242.88863636363635,2.9999999999972715,0.9143999999991684,0.6,37,-1.0,5729.58,0.6,59.54558,13567.257599999042,-8.008010400001815
2022-12-28,HENDERSON,00H,SG,245.1685606060606,245.1691287878788,2.9999999999972715,0.9143999999991684,0.6,38,0.1,57295.799999999996,0.6,61.15492,13568.171999999042,-8.00252400000182
2022-12-28,HENDERSON,00H,SG,242.8871212121212,242.88768939393935,2.9999999999972715,0.9143999999991684,0.6,36,-1.0,5729.58,0.6,57.93624,13569.086399999042,-7.997037600001825
2022-12-28,HENDERSON,00H,SG,245.19810606060605,245.19867424242423,2.9999999999972715,0.9143999999991684,0.6,37,0.4,14323.949999999999,0.6,59.54558,13570.000799999041,-7.99155120000183
2022-12-28,HENDERSON,00H,SG,245.2039772727273,245.20454545454547,2.9999999999972715,0.9143999999991684,0.6,38,0.7,8185.114285714286,0.6,61.15492,13570.91519999904,-7.986064800001834
2022-12-28,HENDERSON,00H,SG,242.88219696969696,242.88276515151512,2.9999999999972715,0.9143999999991684,0.6,36,-0.7,8185.114285714286,0.6,57.93624,13571.82959999904,-7.980578400001839
2022-12-28,HENDERSON,00H,SG,245.19526515151512,245.19583333333333,2.9999999999972715,0.9143999999991684,0.6,38,0.3,19098.600000000002,0.6,61.15492,13572.74399999904,-7.975092000001844
2022-12-28,HENDERSON,00H,SG,242.77424242424243,242.7748106060606,2.9999999999972715,0.9143999999991684,0.6,37,0.0,1000000.0,0.6,59.54558,13573.65839999904,-7.969605600001849
2022-12-28,HENDERSON,00H,SG,242.78844696969696,242.78901515151512,2.9999999999972715,0.9143999999991684,0.6,37,0.0,1000000.0,0.6,59.54558,13574.57279999904,-7.9641192000018535
2022-12-28,HENDERSON,00H,SG,242.8153409090909,242.8159090909091,2.9999999999972715,0.9143999999991684,0.6,37,0.0,1000000.0,0.6,59.54558,13575.48719999904,-7.958632800001858
2022-12-28,HENDERSON,00H,SG,245.16325757575757,245.16382575757575,2.9999999999972715,0.9143999999991684,0.6,38,0.1,57295.799999999996,0.6,61.15492,13576.401599999039,-7.953146400001863
2022-12-28,HENDERSON,00H,SG,242.72708333333333,242.7276515151515,2.9999999999972715,0.9143999999991684,0.6,36,0.1,57295.799999999996,0.6,57.93624,13577.315999999038,-7.947660000001868
2022-12-28,HENDERSON,00H,SG,245.08863636363637,245.08920454545455,2.9999999999972715,0.9143999999991684,0.6,38,0.0,1000000.0,0.6,61.15492,13578.230399999038,-7.942173600001873
2022-12-28,HENDERSON,00H,SG,242.77064393939395,242.77121212121213,2.9999999999972715,0.9143999999991684,0.6,37,0.0,1000000.0,0.6,59.54558,13579.144799999038,-7.936687200001877
2022-12-28,HENDERSON,00H,SG,244.7651515151515,244.76571969696968,2.9999999999972715,0.9143999999991684,0.6,37,0.0,1000000.0,0.6,59.54558,13580.059199999037,-7.931200800001882
2022-12-28,HENDERSON,00H,SG,242.79204545454544,242.79261363636363,2.9999999999972715,0.9143999999991684,0.6,37,0.0,1000000.0,0.6,59.54558,13580.973599999037,-7.925714400001887
2022-12-28,HENDERSON,00H,SG,245.16136363636363,245.1619318181818,2.9999999999972715,0.9143999999991684,0.6,38,0.1,57295.799999999996,0.6,61.15492,13581.887999999037,-7.920228000001892
2022-12-28,HENDERSON,00H,SG,242.71439393939391,242.71496212121212,2.9999999999972715,0.9143999999991684,0.6,37,0.5,11459.16,0.6,59.54558,13582.802399999036,-7.914741600001896
2022-12-28,HENDERSON,00H,SG,242.8751893939394,242.8757575757576,2.9999999999972715,0.9143999999991684,0.6,36,-0.4,14323.949999999999,0.6,57.93624,13583.716799999036,-7.909255200001901
2022-12-28,HENDERSON,00H,SG,245.17045454545453,245.1710227272727,2.9999999999972715,0.9143999999991684,0.6,38,0.1,57295.799999999996,0.6,61.15492,13584.631199999036,-7.903768800001906
2022-12-28,HENDERSON,00H,SG,245.13844696969696,245.1390151515151,2.9999999999972715,0.9143999999991684,0.6,38,0.0,1000000.0,0.6,61.15492,13585.545599999035,-7.898282400001911
2022-12-28,HENDERSON,00H,SG,245.14375,245.1443181818182,2.9999999999972715,0.9143999999991684,0.6,38,0.0,1000000.0,0.6,61.15492,13586.459999999035,-7.8927960000019155
2022-12-28,HENDERSON,00H,SG,245.2064393939394,245.2070075757576,2.9999999999972715,0.9143999999991684,0.6,37,0.9,6366.2,0.6,59.54558,13587.374399999035,-7.88730960000192
2022-12-28,HENDERSON,00H,SG,245.21477272727273,245.2153409090909,2.9999999999972715,0.9143999999991684,0.6,38,1.6,3580.9874999999997,0.6,61.15492,13588.288799999034,-7.881823200001925
2022-12-28,HENDERSON,00H,SG,242.74507575757576,242.74564393939391,2.9999999999972715,0.9143999999991684,0.6,36,0.0,1000000.0,0.6,57.93624,13589.203199999034,-7.87633680000193
2022-12-28,HENDERSON,00H,SG,245.13484848484848,245.13541666666663,2.9999999999972715,0.9143999999991684,0.6,38,0.0,1000000.0,0.6,61.15492,13590.117599999034,-7.870850400001935
2022-12-28,HENDERSON,00H,SG,245.2058712121212,245.2064393939394,2.9999999999972715,0.9143999999991684,0.6,38,0.9,6366.2,0.6,61.15492,13591.031999999033,-7.865364000001939
2022-12-28,HENDERSON,00H,SG,244.77045454545456,244.7710227272727,2.9999999999972715,0.9143999999991684,0.6,37,0.0,1000000.0,0.6,59.54558,13591.946399999033,-7.859877600001944
2022-12-28,HENDERSON,00H,SG,245.2128787878788,245.21344696969695,2.9999999999972715,0.9143999999991684,0.6,38,1.4,4092.557142857143,0.6,61.15492,13592.860799999033,-7.854391200001949
2022-12-28,HENDERSON,00H,SG,242.7289772727273,242.72954545454544,2.9999999999972715,0.9143999999991684,0.6,36,0.1,57295.799999999996,0.6,57.93624,13593.775199999032,-7.848904800001954
2022-12-28,HENDERSON,00H,SG,242.9028409090909,242.9034090909091,2.9999999999972715,0.9143999999991684,0.6,36,-1.8,3183.1,0.6,57.93624,13594.689599999032,-7.8434184000019584
2022-12-28,HENDERSON,00H,SG,244.79810606060607,244.79867424242423,2.9999999999972715,0.9143999999991684,0.6,36,-0.1,57295.799999999996,0.6,57.93624,13595.603999999032,-7.837932000001963
2022-12-28,HENDERSON,00H,SG,245.1649621212121,245.16553030303027,2.9999999999972715,0.9143999999991684,0.6,38,0.1,57295.799999999996,0.6,61.15492,13596.518399999031,-7.832445600001968
2022-12-28,HENDERSON,00H,SG,245.16666666666663,245.16723484848484,2.9999999999972715,0.9143999999991684,0.6,38,0.1,57295.799999999996,0.6,61.15492,13597.432799999031,-7.826959200001973
2022-12-28,HENDERSON,00H,SG,245.2159090909091,245.21647727272727,2.9999999999972715,0.9143999999991684,0.6,37,1.7,3370.3411764705884,0.6,59.54558,13598.34719999903,-7.8214728000019775
2022-12-28,HENDERSON,00H,SG,242.90473484848485,242.90530303030303,2.9999999999972715,0.9143999999991684,0.6,36,-1.8,3183.1,0.6,57.93624,13599.26159999903,-7.815986400001982
2022-12-28,HENDERSON,00H,SG,245.11174242424244,245.11231060606065,2.9999999999972715,0.9143999999991684,0.6,38,0.0,1000000.0,0.6,61.15492,13600.17599999903,-7.810500000001987
2022-12-28,HENDERSON,00H,SG,245.1721590909091,245.1727272727273,2.9999999999972715,0.9143999999991684,0.6,38,0.1,57295.799999999996,0.6,61.15492,13601.09039999903,-7.805013600001992
2022-12-28,HENDERSON,00H,SG,245.18996212121212,245.1905303030303,2.9999999999972715,0.9143999999991684,0.6,38,0.1,57295.799999999996,0.6,61.15492,13602.00479999903,-7.799527200001997
2022-12-28,HENDERSON,00H,SG,242.7153409090909,242.7159090909091,2.9999999999972715,0.9143999999991684,0.6,37,0.5,11459.16,0.6,59.54558,13602.919199999029,-7.794040800002001
2022-12-28,HENDERSON,00H,SG,242.77954545454543,242.78011363636364,2.9999999999972715,0.9143999999991684,0.6,37,0.0,1000000.0,0.6,59.54558,13603.833599999029,-7.788554400002006
2022-12-28,HENDERSON,00H,SG,245.10303030303027,245.10359848484848,2.9999999999972715,0.9143999999991684,0.6,38,0.0,1000000.0,0.6,61.15492,13604.747999999028,-7.783068000002011
2022-12-28,HENDERSON,00H,SG,245.21022727272728,245.21079545454543,2.9999999999972715,0.9143999999991684,0.6,37,1.2,4774.650000000001,0.6,59.54558,13605.662399999028,-7.777581600002016
2022-12-28,HENDERSON,00H,SG,242.8903409090909,242.8909090909091,3.000000000147338,0.9144000000449088,0.6,36,-1.1,5208.70909090909,0.6,57.93624,13606.576799999073,-7.7720952000020205
2022-12-28,HENDERSON,00H,SG,244.7873106060606,244.78806818181815,3.999999999996362,1.2191999999988912,0.6,36,0.0,1000000.0,0.6,57.93624,13607.795999999073,-7.766608800001751
2022-12-28,HENDERSON,00H,SG,245.1998106060606,245.20056818181817,3.999999999996362,1.2191999999988912,0.6,37,0.5,11459.16,0.6,59.54558,13609.015199999072,-7.759293600001757
2022-12-28,HENDERSON,00H,SG,242.74848484848485,242.7492424242424,3.999999999996362,1.2191999999988912,0.6,36,0.0,1000000.0,0.6,57.93624,13610.234399999072,-7.7519784000017635
2022-12-28,HENDERSON,00H,SG,242.75473484848484,242.7554924242424,3.999999999996362,1.2191999999988912,0.6,37,0.0,1000000.0,0.6,59.54558,13611.453599999071,-7.74466320000177
2022-12-28,HENDERSON,00H,SG,242.8092803030303,242.81003787878788,3.999999999996362,1.2191999999988912,0.6,36,0.0,1000000.0,0.6,57.93624,13612.67279999907,-7.737348000001776
2022-12-28,HENDERSON,00H,SG,242.90530303030303,242.9060606060606,3.999999999996362,1.2191999999988912,0.6,36,-1.9,3015.5684210526315,0.6,57.93624,13613.89199999907,-7.730032800001783
2022-12-28,HENDERSON,00H,SG,242.76988636363637,242.77064393939395,3.999999999996362,1.2191999999988912,0.6,36,0.0,1000000.0,0.6,57.93624,13615.11119999907,-7.722717600001789
2022-12-28,HENDERSON,00H,SG,242.79375,242.79450757575756,3.999999999996362,1.2191999999988912,0.6,37,0.1,57295.799999999996,0.6,59.54558,13616.33039999907,-7.715402400001795
2022-12-28,HENDERSON,00H,SG,242.89469696969695,242.89545454545456,3.999999999996362,1.2191999999988912,0.6,36,-1.4,4092.557142857143,0.6,57.93624,13617.549599999069,-7.708087200001802
2022-12-28,HENDERSON,00H,SG,242.02026515151516,242.0210227272727,3.999999999996362,1.2191999999988912,0.6,38,-1.7,3370.3411764705884,0.6,61.15492,13618.768799999069,-7.700772000001808
2022-12-28,HENDERSON,00H,SG,244.78560606060609,244.78636363636363,3.999999999996362,1.2191999999988912,0.6,36,0.0,1000000.0,0.6,57.93624,13619.987999999068,-7.693456800001814
2022-12-28,HENDERSON,00H,SG,245.1473484848485,245.14810606060607,3.999999999996362,1.2191999999988912,0.6,38,0.0,1000000.0,0.6,61.15492,13621.207199999068,-7.686141600001821
2022-12-28,HENDERSON,00H,SG,245.19602272727272,245.19678030303027,3.999999999996362,1.2191999999988912,0.6,37,0.3,19098.600000000002,0.6,59.54558,13622.426399999067,-7.678826400001827
2022-12-28,HENDERSON,00H,SG,242.75208333333333,242.7528409090909,3.999999999996362,1.2191999999988912,0.6,36,0.0,1000000.0,0.6,57.93624,13623.645599999067,-7.6715112000018335
2022-12-28,HENDERSON,00H,SG,242.7672348484849,242.76799242424244,3.999999999996362,1.2191999999988912,0.6,37,0.0,1000000.0,0.6,59.54558,13624.864799999066,-7.66419600000184
2022-12-28,HENDERSON,00H,SG,245.11515151515152,245.1159090909091,3.999999999996362,1.2191999999988912,0.6,38,0.0,1000000.0,0.6,61.15492,13626.083999999066,-7.656880800001846
2022-12-28,HENDERSON,00H,SG,242.7047348484849,242.70549242424244,3.999999999996362,1.2191999999988912,0.6,37,1.0,5729.58,0.6,59.54558,13627.303199999065,-7.649565600001853
2022-12-28,HENDERSON,00H,SG,242.8939393939394,242.89469696969695,3.999999999996362,1.2191999999988912,0.6,36,-1.3,4407.369230769231,0.6,57.93624,13628.522399999065,-7.642250400001859
2022-12-28,HENDERSON,00H,SG,245.12405303030303,245.1248106060606,3.999999999996362,1.2191999999988912,0.6,38,0.1,57295.799999999996,0.6,61.15492,13629.741599999064,-7.634935200001865
2022-12-28,HENDERSON,00H,SG,245.15094696969695,245.15170454545455,3.999999999996362,1.2191999999988912,0.6,38,0.0,1000000.0,0.6,61.15492,13630.960799999064,-7.627620000001872
2022-12-28,HENDERSON,00H,SG,245.19166666666663,245.19242424242424,3.999999999996362,1.2191999999988912,0.6,38,0.2,28647.899999999998,0.6,61.15492,13632.179999999064,-7.620304800001878
2022-12-28,HENDERSON,00H,SG,245.20757575757577,245.20833333333337,3.999999999996362,1.2191999999988912,0.6,38,1.0,5729.58,0.6,61.15492,13633.399199999063,-7.612989600001884
2022-12-28,HENDERSON,00H,SG,245.21647727272727,245.21723484848485,3.999999999996362,1.2191999999988912,0.6,38,1.7,3370.3411764705884,0.6,61.15492,13634.618399999063,-7.605674400001891
2022-12-28,HENDERSON,00H,SG,245.14185606060607,245.14261363636365,3.999999999996362,1.2191999999988912,0.6,38,0.0,1000000.0,0.6,61.15492,13635.837599999062,-7.598359200001897
2022-12-28,HENDERSON,00H,SG,242.75738636363636,242.75814393939393,3.999999999996362,1.2191999999988912,0.6,36,0.0,1000000.0,0.6,57.93624,13637.056799999062,-7.5910440000019035
2022-12-28,HENDERSON,00H,SG,242.75928030303027,242.76003787878787,3.999999999996362,1.2191999999988912,0.6,36,0.0,1000000.0,0.6,57.93624,13638.275999999061,-7.58372880000191
2022-12-28,HENDERSON,00H,SG,242.80265151515152,242.8034090909091,3.999999999996362,1.2191999999988912,0.6,37,0.1,57295.799999999996,0.6,59.54558,13639.49519999906,-7.576413600001916
2022-12-28,HENDERSON,00H,SG,245.15170454545455,245.15246212121212,3.999999999996362,1.2191999999988912,0.6,37,0.0,1000000.0,0.6,59.54558,13640.71439999906,-7.569098400001923
2022-12-28,HENDERSON,00H,SG,245.1844696969697,245.18522727272727,3.999999999996362,1.2191999999988912,0.6,38,0.1,57295.799999999996,0.6,61.15492,13641.93359999906,-7.561783200001929
2022-12-28,HENDERSON,00H,SG,242.76458333333332,242.7653409090909,3.999999999996362,1.2191999999988912,0.6,36,0.0,1000000.0,0.6,57.93624,13643.15279999906,-7.554468000001935
2022-12-28,HENDERSON,00H,SG,242.30132575757577,242.30208333333337,3.999999999996362,1.2191999999988912,0.6,38,0.0,1000000.0,0.6,61.15492,13644.371999999059,-7.547152800001942
2022-12-28,HENDERSON,00H,SG,244.7820075757576,244.78276515151515,3.999999999996362,1.2191999999988912,0.6,36,0.0,1000000.0,0.6,57.93624,13645.591199999059,-7.539837600001948
2022-12-28,HENDERSON,00H,SG,244.78901515151512,244.78977272727272,3.999999999996362,1.2191999999988912,0.6,36,0.0,1000000.0,0.6,57.93624,13646.810399999058,-7.532522400001954
2022-12-28,HENDERSON,00H,SG,242.7901515151515,242.79090909090908,3.999999999996362,1.2191999999988912,0.6,37,0.0,1000000.0,0.6,59.54558,13648.029599999058,-7.525207200001961
2022-12-28,HENDERSON,00H,SG,245.21098484848488,245.21174242424243,3.999999999996362,1.2191999999988912,0.6,38,1.3,4407.369230769231,0.6,61.15492,13649.248799999057,-7.517892000001967
2022-12-28,HENDERSON,00H,SG,245.18882575757576,245.18958333333333,3.999999999996362,1.2191999999988912,0.6,37,0.1,57295.799999999996,0.6,59.54558,13650.467999999057,-7.5105768000019735
2022-12-28,HENDERSON,00H,SG,242.83882575757576,242.83958333333337,3.999999999996362,1.2191999999988912,0.6,36,0.0,1000000.0,0.6,57.93624,13651.687199999056,-7.50326160000198
2022-12-28,HENDERSON,00H,SG,244.78011363636364,244.7808712121212,3.999999999996362,1.2191999999988912,0.6,36,0.0,1000000.0,0.6,57.93624,13652.906399999056,-7.495946400001986
2022-12-28,HENDERSON,00H,SG,245.14905303030304,245.1498106060606,3.999999999996362,1.2191999999988912,0.6,38,0.0,1000000.0,0.6,61.15492,13654.125599999055,-7.488631200001993
2022-12-28,HENDERSON,00H,SG,245.1909090909091,245.19166666666663,3.999999999996362,1.2191999999988912,0.6,37,0.2,28647.899999999998,0.6,59.54558,13655.344799999055,-7.481316000001999
2022-12-28,HENDERSON,00H,SG,245.15776515151515,245.15852272727273,3.999999999996362,1.2191999999988912,0.6,38,0.1,57295.799999999996,0.6,61.15492,13656.563999999054,-7.474000800002005
2022-12-28,HENDERSON,00H,SG,245.18636363636364,245.1871212121212,3.999999999996362,1.2191999999988912,0.6,38,0.1,57295.799999999996,0.6,61.15492,13657.783199999054,-7.466685600002012
2022-12-28,HENDERSON,00H,SG,242.78125,242.7820075757576,3.999999999996362,1.2191999999988912,0.6,37,0.0,1000000.0,0.6,59.54558,13659.002399999054,-7.459370400002018
2022-12-28,HENDERSON,00H,SG,242.8804924242424,242.88125,3.999999999996362,1.2191999999988912,0.6,36,-0.6,9549.300000000001,0.6,57.93624,13660.221599999053,-7.452055200002024
2022-12-28,HENDERSON,00H,SG,242.46931818181815,242.47007575757576,3.999999999996362,1.2191999999988912,0.6,37,0.1,57295.799999999996,0.6,59.54558,13661.440799999053,-7.444740000002031
2022-12-28,HENDERSON,00H,SG,242.54924242424244,242.55,3.999999999996362,1.2191999999988912,0.6,37,2.0,2864.79,0.6,59.54558,13662.659999999052,-7.437424800002037
2022-12-28,HENDERSON,00H,SG,242.7467803030303,242.74753787878788,3.999999999996362,1.2191999999988912,0.6,36,0.0,1000000.0,0.6,57.93624,13663.879199999052,-7.4301096000020435
2022-12-28,HENDERSON,00H,SG,245.17746212121213,245.17821969696973,3.999999999996362,1.2191999999988912,0.6,38,0.1,57295.799999999996,0.6,61.15492,13665.098399999051,-7.42279440000205
2022-12-28,HENDERSON,00H,SG,242.73958333333337,242.74034090909092,3.999999999996362,1.2191999999988912,0.6,36,0.0,1000000.0,0.6,57.93624,13666.31759999905,-7.415479200002056
2022-12-28,HENDERSON,00H,SG,242.4623106060606,242.4630681818182,3.999999999996362,1.2191999999988912,0.6,37,0.1,57295.799999999996,0.6,59.54558,13667.53679999905,-7.4081640000020625
2022-12-28,HENDERSON,00H,SG,244.78371212121212,244.7844696969697,3.999999999996362,1.2191999999988912,0.6,36,0.0,1000000.0,0.6,57.93624,13668.75599999905,-7.400848800002069
2022-12-28,HENDERSON,00H,SG,245.1969696969697,245.1977272727273,3.999999999996362,1.2191999999988912,0.6,38,0.3,19098.600000000002,0.6,61.15492,13669.97519999905,-7.393533600002075
2022-12-28,HENDERSON,00H,SG,242.71780303030303,242.7185606060606,3.999999999996362,1.2191999999988912,0.6,37,0.4,14323.949999999999,0.6,59.54558,13671.194399999049,-7.386218400002082
2022-12-28,HENDERSON,00H,SG,242.83958333333337,242.8403409090909,3.999999999996362,1.2191999999988912,0.6,36,0.1,57295.799999999996,0.6,57.93624,13672.413599999049,-7.378903200002088
2022-12-28,HENDERSON,00H,SG,244.7793560606061,244.78011363636364,3.999999999996362,1.2191999999988912,0.6,37,0.0,1000000.0,0.6,59.54558,13673.632799999048,-7.371588000002094
2022-12-28,HENDERSON,00H,SG,242.7619318181818,242.76268939393935,3.999999999996362,1.2191999999988912,0.6,37,0.0,1000000.0,0.6,59.54558,13674.851999999048,-7.364272800002101
2022-12-28,HENDERSON,00H,SG,242.9035984848485,242.9043560606061,3.999999999996362,1.2191999999988912,0.6,36,-1.8,3183.1,0.6,57.93624,13676.071199999047,-7.356957600002107
2022-12-28,HENDERSON,00H,SG,242.7723484848485,242.77310606060607,3.999999999996362,1.2191999999988912,0.6,37,0.0,1000000.0,0.6,59.54558,13677.290399999047,-7.349642400002113
2022-12-28,HENDERSON,00H,SG,242.78484848484848,242.78560606060609,3.999999999996362,1.2191999999988912,0.6,37,0.0,1000000.0,0.6,59.54558,13678.509599999046,-7.34232720000212
2022-12-28,HENDERSON,00H,SG,242.77765151515152,242.7784090909091,3.999999999996362,1.2191999999988912,0.6,37,0.0,1000000.0,0.6,59.54558,13679.728799999046,-7.335012000002126
2022-12-28,HENDERSON,00H,SG,245.18276515151516,245.18352272727273,3.999999999996362,1.2191999999988912,0.6,38,0.1,57295.799999999996,0.6,61.15492,13680.947999999045,-7.3276968000021325
2022-12-28,HENDERSON,00H,SG,242.4630681818182,242.46382575757576,3.999999999996362,1.2191999999988912,0.6,38,0.1,57295.799999999996,0.6,61.15492,13682.167199999045,-7.320381600002139
2022-12-28,HENDERSON,00H,SG,245.15246212121212,245.1532196969697,3.999999999996362,1.2191999999988912,0.6,38,0.0,1000000.0,0.6,61.15492,13683.386399999044,-7.313066400002145
2022-12-28,HENDERSON,00H,SG,242.77594696969695,242.77670454545455,3.999999999996362,1.2191999999988912,0.6,37,0.0,1000000.0,0.6,59.54558,13684.605599999044,-7.305751200002152
2022-12-28,HENDERSON,00H,SG,245.1276515151515,245.1284090909091,3.999999999996362,1.2191999999988912,0.6,38,0.1,57295.799999999996,0.6,61.15492,13685.824799999044,-7.298436000002158
2022-12-28,HENDERSON,00H,SG,245.18806818181815,245.18882575757576,3.999999999996362,1.2191999999988912,0.6,38,0.1,57295.799999999996,0.6,61.15492,13687.043999999043,-7.291120800002164
2022-12-28,HENDERSON,00H,SG,242.46060606060607,242.46136363636364,3.999999999996362,1.2191999999988912,0.6,37,0.1,57295.799999999996,0.6,59.54558,13688.263199999043,-7.283805600002171
2022-12-28,HENDERSON,00H,SG,242.7359848484849,242.73674242424244,3.999999999996362,1.2191999999988912,0.6,36,0.0,1000000.0,0.6,57.93624,13689.482399999042,-7.276490400002177
2022-12-28,HENDERSON,00H,SG,244.7755681818182,244.77632575757576,3.999999999996362,1.2191999999988912,0.6,37,0.0,1000000.0,0.6,59.54558,13690.701599999042,-7.269175200002183
2022-12-28,HENDERSON,00H,SG,245.2015151515151,245.2022727272727,3.999999999996362,1.2191999999988912,0.6,37,0.6,9549.300000000001,0.6,59.54558,13691.920799999041,-7.26186000000219
2022-12-28,HENDERSON,00H,SG,242.53617424242424,242.5369318181818,3.999999999996362,1.2191999999988912,0.6,37,1.3,4407.369230769231,0.6,59.54558,13693.13999999904,-7.254544800002196
2022-12-28,HENDERSON,00H,SG,244.77746212121212,244.7782196969697,3.999999999996362,1.2191999999988912,0.6,37,0.0,1000000.0,0.6,59.54558,13694.35919999904,-7.2472296000022025
2022-12-28,HENDERSON,00H,SG,245.2189393939394,245.21969696969697,3.999999999996362,1.2191999999988912,0.6,37,1.9,3015.5684210526315,0.6,59.54558,13695.57839999904,-7.239914400002209
2022-12-28,HENDERSON,00H,SG,242.7092803030303,242.7100378787879,3.999999999996362,1.2191999999988912,0.6,37,0.8,7161.974999999999,0.6,59.54558,13696.79759999904,-7.232599200002215
2022-12-28,HENDERSON,00H,SG,242.71666666666667,242.71742424242424,3.999999999996362,1.2191999999988912,0.6,36,0.4,14323.949999999999,0.6,57.93624,13698.016799999039,-7.225284000002222
2022-12-28,HENDERSON,00H,SG,245.14545454545456,245.14621212121213,3.999999999996362,1.2191999999988912,0.6,38,0.0,1000000.0,0.6,61.15492,13699.235999999039,-7.217968800002228
2022-12-28,HENDERSON,00H,SG,242.4657196969697,242.46647727272727,3.999999999996362,1.2191999999988912,0.6,37,0.1,57295.799999999996,0.6,59.54558,13700.455199999038,-7.210653600002234
2022-12-28,HENDERSON,00H,SG,245.1401515151515,245.1409090909091,4.000000000146429,1.2192000000446317,0.6,38,0.0,1000000.0,0.6,61.15492,13701.674399999083,-7.203338400002241
2022-12-28,HENDERSON,00H,SG,242.7342803030303,242.7350378787879,4.000000000146429,1.2192000000446317,0.6,36,0.0,1000000.0,0.6,57.93624,13702.893599999128,-7.196023200001973
2022-12-28,HENDERSON,00H,SG,242.74753787878788,242.74848484848485,4.9999999999954525,1.523999999998614,0.6,37,0.0,1000000.0,0.6,59.54558,13704.417599999128,-7.1887080000017045
2022-12-28,HENDERSON,00H,SG,242.86193181818183,242.8628787878788,4.9999999999954525,1.523999999998614,0.6,36,0.0,1000000.0,0.6,57.93624,13705.941599999127,-7.1795640000017125
2022-12-28,HENDERSON,00H,SG,242.88882575757577,242.8897727272727,4.9999999999954525,1.523999999998614,0.6,36,-1.1,5208.70909090909,0.6,57.93624,13707.465599999126,-7.17042000000172
2022-12-28,HENDERSON,00H,SG,242.8837121212121,242.88465909090908,4.9999999999954525,1.523999999998614,0.6,36,-0.8,7161.974999999999,0.6,57.93624,13708.989599999126,-7.161276000001728
2022-12-28,HENDERSON,00H,SG,242.46382575757576,242.46477272727273,4.9999999999954525,1.523999999998614,0.6,37,0.1,57295.799999999996,0.6,59.54558,13710.513599999125,-7.152132000001736
2022-12-28,HENDERSON,00H,SG,245.1941287878788,245.19507575757575,4.9999999999954525,1.523999999998614,0.6,37,0.2,28647.899999999998,0.6,59.54558,13712.037599999125,-7.142988000001744
2022-12-28,HENDERSON,00H,SG,242.76098484848484,242.7619318181818,4.9999999999954525,1.523999999998614,0.6,36,0.0,1000000.0,0.6,57.93624,13713.561599999124,-7.133844000001752
2022-12-28,HENDERSON,00H,SG,245.21193181818185,245.2128787878788,4.9999999999954525,1.523999999998614,0.6,37,1.4,4092.557142857143,0.6,59.54558,13715.085599999124,-7.12470000000176
2022-12-28,HENDERSON,00H,SG,242.4683712121212,242.46931818181815,4.9999999999954525,1.523999999998614,0.6,38,0.1,57295.799999999996,0.6,61.15492,13716.609599999123,-7.115556000001768
2022-12-28,HENDERSON,00H,SG,245.14810606060607,245.14905303030304,4.9999999999954525,1.523999999998614,0.6,37,0.0,1000000.0,0.6,59.54558,13718.133599999122,-7.106412000001776
2022-12-28,HENDERSON,00H,SG,245.21363636363637,245.21458333333337,4.9999999999954525,1.523999999998614,0.6,37,1.5,3819.72,0.6,59.54558,13719.657599999122,-7.097268000001784
2022-12-28,HENDERSON,00H,SG,242.75378787878788,242.75473484848484,4.9999999999954525,1.523999999998614,0.6,36,0.0,1000000.0,0.6,57.93624,13721.181599999121,-7.088124000001792
2022-12-28,HENDERSON,00H,SG,242.8909090909091,242.89185606060607,4.9999999999954525,1.523999999998614,0.6,36,-1.2,4774.650000000001,0.6,57.93624,13722.70559999912,-7.0789800000018
2022-12-28,HENDERSON,00H,SG,245.12140151515152,245.1223484848485,4.9999999999954525,1.523999999998614,0.6,37,0.1,57295.799999999996,0.6,59.54558,13724.22959999912,-7.069836000001808
2022-12-28,HENDERSON,00H,SG,242.76799242424244,242.7689393939394,4.9999999999954525,1.523999999998614,0.6,36,0.0,1000000.0,0.6,57.93624,13725.75359999912,-7.060692000001816
2022-12-28,HENDERSON,00H,SG,242.89261363636365,242.89356060606065,4.9999999999954525,1.523999999998614,0.6,36,-1.3,4407.369230769231,0.6,57.93624,13727.277599999119,-7.051548000001824
2022-12-28,HENDERSON,00H,SG,245.17821969696973,245.17916666666667,4.9999999999954525,1.523999999998614,0.6,37,0.1,57295.799999999996,0.6,59.54558,13728.801599999118,-7.042404000001832
2022-12-28,HENDERSON,00H,SG,242.7501893939394,242.75113636363636,4.9999999999954525,1.523999999998614,0.6,36,0.0,1000000.0,0.6,57.93624,13730.325599999118,-7.03326000000184
2022-12-28,HENDERSON,00H,SG,242.76363636363635,242.76458333333332,4.9999999999954525,1.523999999998614,0.6,37,0.0,1000000.0,0.6,59.54558,13731.849599999117,-7.024116000001848
2022-12-28,HENDERSON,00H,SG,242.79261363636363,242.7935606060606,4.9999999999954525,1.523999999998614,0.6,36,0.0,1000000.0,0.6,57.93624,13733.373599999117,-7.014972000001856
2022-12-28,HENDERSON,00H,SG,245.15681818181815,245.15776515151515,4.9999999999954525,1.523999999998614,0.6,37,0.1,57295.799999999996,0.6,59.54558,13734.897599999116,-7.005828000001864
2022-12-28,HENDERSON,00H,SG,242.53219696969697,242.5331439393939,4.9999999999954525,1.523999999998614,0.6,37,1.1,5208.70909090909,0.6,59.54558,13736.421599999116,-6.9966840000018715
2022-12-28,HENDERSON,00H,SG,244.78806818181815,244.78901515151512,4.9999999999954525,1.523999999998614,0.6,37,0.0,1000000.0,0.6,59.54558,13737.945599999115,-6.9875400000018795
2022-12-28,HENDERSON,00H,SG,245.16041666666663,245.16136363636363,4.9999999999954525,1.523999999998614,0.6,37,0.1,57295.799999999996,0.6,59.54558,13739.469599999115,-6.978396000001887
2022-12-28,HENDERSON,00H,SG,242.76268939393935,242.76363636363635,4.9999999999954525,1.523999999998614,0.6,36,0.0,1000000.0,0.6,57.93624,13740.993599999114,-6.969252000001895
2022-12-28,HENDERSON,00H,SG,245.1871212121212,245.18806818181815,4.9999999999954525,1.523999999998614,0.6,37,0.1,57295.799999999996,0.6,59.54558,13742.517599999113,-6.960108000001903
2022-12-28,HENDERSON,00H,SG,242.7689393939394,242.76988636363637,4.9999999999954525,1.523999999998614,0.6,37,0.0,1000000.0,0.6,59.54558,13744.041599999113,-6.950964000001911
2022-12-28,HENDERSON,00H,SG,242.46647727272727,242.46742424242424,4.9999999999954525,1.523999999998614,0.6,38,0.1,57295.799999999996,0.6,61.15492,13745.565599999112,-6.941820000001919
2022-12-28,HENDERSON,00H,SG,242.7662878787879,242.7672348484849,4.9999999999954525,1.523999999998614,0.6,36,0.0,1000000.0,0.6,57.93624,13747.089599999112,-6.932676000001927
2022-12-28,HENDERSON,00H,SG,242.33617424242425,242.3371212121212,4.9999999999954525,1.523999999998614,0.6,38,-0.1,57295.799999999996,0.6,61.15492,13748.613599999111,-6.923532000001935
2022-12-28,HENDERSON,00H,SG,242.75113636363636,242.75208333333333,4.9999999999954525,1.523999999998614,0.6,37,0.0,1000000.0,0.6,59.54558,13750.13759999911,-6.914388000001943
2022-12-28,HENDERSON,00H,SG,242.76003787878787,242.76098484848484,4.9999999999954525,1.523999999998614,0.6,37,0.0,1000000.0,0.6,59.54558,13751.66159999911,-6.905244000001951
2022-12-28,HENDERSON,00H,SG,242.77670454545455,242.77765151515152,4.9999999999954525,1.523999999998614,0.6,36,0.0,1000000.0,0.6,57.93624,13753.18559999911,-6.896100000001959
2022-12-28,HENDERSON,00H,SG,242.8742424242424,242.8751893939394,4.9999999999954525,1.523999999998614,0.6,36,-0.3,19098.600000000002,0.6,57.93624,13754.709599999109,-6.886956000001967
2022-12-28,HENDERSON,00H,SG,242.87632575757576,242.87727272727273,4.9999999999954525,1.523999999998614,0.6,36,-0.4,14323.949999999999,0.6,57.93624,13756.233599999108,-6.877812000001975
2022-12-28,HENDERSON,00H,SG,242.7564393939394,242.75738636363636,4.9999999999954525,1.523999999998614,0.6,37,0.0,1000000.0,0.6,59.54558,13757.757599999108,-6.868668000001983
2022-12-28,HENDERSON,00H,SG,242.46477272727273,242.4657196969697,4.9999999999954525,1.523999999998614,0.6,38,0.1,57295.799999999996,0.6,61.15492,13759.281599999107,-6.859524000001991
2022-12-28,HENDERSON,00H,SG,242.74034090909092,242.7412878787879,4.9999999999954525,1.523999999998614,0.6,37,0.0,1000000.0,0.6,59.54558,13760.805599999107,-6.850380000001999
2022-12-28,HENDERSON,00H,SG,242.7554924242424,242.7564393939394,4.9999999999954525,1.523999999998614,0.6,36,0.0,1000000.0,0.6,57.93624,13762.329599999106,-6.841236000002007
2022-12-28,HENDERSON,00H,SG,244.7746212121212,244.7755681818182,4.9999999999954525,1.523999999998614,0.6,36,0.0,1000000.0,0.6,57.93624,13763.853599999105,-6.832092000002015
2022-12-28,HENDERSON,00H,SG,242.7412878787879,242.74223484848488,4.9999999999954525,1.523999999998614,0.6,36,0.0,1000000.0,0.6,57.93624,13765.377599999105,-6.822948000002023
2022-12-28,HENDERSON,00H,SG,242.5310606060606,242.5320075757576,4.9999999999954525,1.523999999998614,0.6,37,1.1,5208.70909090909,0.6,59.54558,13766.901599999104,-6.813804000002031
2022-12-28,HENDERSON,00H,SG,245.1594696969697,245.16041666666663,4.9999999999954525,1.523999999998614,0.6,38,0.1,57295.799999999996,0.6,61.15492,13768.425599999104,-6.8046600000020385
2022-12-28,HENDERSON,00H,SG,245.20833333333337,245.2092803030303,4.9999999999954525,1.523999999998614,0.6,37,1.1,5208.70909090909,0.6,59.54558,13769.949599999103,-6.7955160000020465
2022-12-28,HENDERSON,00H,SG,242.7350378787879,242.7359848484849,4.9999999999954525,1.523999999998614,0.6,37,0.0,1000000.0,0.6,59.54558,13771.473599999103,-6.786372000002054
2022-12-28,HENDERSON,00H,SG,245.21723484848485,245.21818181818185,4.9999999999954525,1.523999999998614,0.6,37,1.8,3183.1,0.6,59.54558,13772.997599999102,-6.777228000002062
2022-12-28,HENDERSON,00H,SG,244.78636363636363,244.7873106060606,4.9999999999954525,1.523999999998614,0.6,37,0.0,1000000.0,0.6,59.54558,13774.521599999101,-6.76808400000207
2022-12-28,HENDERSON,00H,SG,242.46136363636364,242.4623106060606,4.9999999999954525,1.523999999998614,0.6,38,0.1,57295.799999999996,0.6,61.15492,13776.0455999991,-6.758940000002078
2022-12-28,HENDERSON,00H,SG,242.7528409090909,242.75378787878788,4.9999999999954525,1.523999999998614,0.6,37,0.0,1000000.0,0.6,59.54558,13777.5695999991,-6.749796000002086
2022-12-28,HENDERSON,00H,SG,242.03371212121212,242.0346590909091,4.9999999999954525,1.523999999998614,0.6,38,-1.1,5208.70909090909,0.6,61.15492,13779.0935999991,-6.740652000002094
2022-12-28,HENDERSON,00H,SG,245.12045454545455,245.12140151515152,4.9999999999954525,1.523999999998614,0.6,38,0.1,57295.799999999996,0.6,61.15492,13780.6175999991,-6.731508000002102
2022-12-28,HENDERSON,00H,SG,245.1409090909091,245.14185606060607,4.9999999999954525,1.523999999998614,0.6,37,0.0,1000000.0,0.6,59.54558,13782.141599999099,-6.72236400000211
2022-12-28,HENDERSON,00H,SG,245.18352272727273,245.1844696969697,4.9999999999954525,1.523999999998614,0.6,37,0.1,57295.799999999996,0.6,59.54558,13783.665599999098,-6.713220000002118
2022-12-28,HENDERSON,00H,SG,242.7492424242424,242.7501893939394,4.9999999999954525,1.523999999998614,0.6,37,0.0,1000000.0,0.6,59.54558,13785.189599999097,-6.704076000002126
2022-12-28,HENDERSON,00H,SG,242.88560606060605,242.88655303030305,4.9999999999954525,1.523999999998614,0.6,36,-0.9,6366.2,0.6,57.93624,13786.713599999097,-6.694932000002134
2022-12-28,HENDERSON,00H,SG,244.78276515151515,244.78371212121212,4.9999999999954525,1.523999999998614,0.6,37,0.0,1000000.0,0.6,59.54558,13788.237599999096,-6.685788000002142
2022-12-28,HENDERSON,00H,SG,245.15852272727273,245.1594696969697,4.9999999999954525,1.523999999998614,0.6,37,0.1,57295.799999999996,0.6,59.54558,13789.761599999096,-6.67664400000215
2022-12-28,HENDERSON,00H,SG,245.2047348484849,245.20568181818183,4.9999999999954525,1.523999999998614,0.6,37,0.8,7161.974999999999,0.6,59.54558,13791.285599999095,-6.667500000002158
2022-12-28,HENDERSON,00H,SG,242.74223484848488,242.74318181818185,4.9999999999954525,1.523999999998614,0.6,37,0.0,1000000.0,0.6,59.54558,13792.809599999095,-6.658356000002166
2022-12-28,HENDERSON,00H,SG,242.46742424242424,242.4683712121212,4.9999999999954525,1.523999999998614,0.6,37,0.1,57295.799999999996,0.6,59.54558,13794.333599999094,-6.649212000002174
2022-12-28,HENDERSON,00H,SG,245.2030303030303,245.2039772727273,5.000000000145519,1.5240000000443543,0.6,37,0.7,8185.114285714286,0.6,59.54558,13795.857599999139,-6.640068000002182
2022-12-28,HENDERSON,00H,SG,242.7653409090909,242.7662878787879,5.000000000145519,1.5240000000443543,0.6,37,0.0,1000000.0,0.6,59.54558,13797.381599999184,-6.630924000001915
2022-12-28,HENDERSON,00H,SG,242.7820075757576,242.7831439393939,5.999999999994543,1.8287999999983369,0.6,36,0.0,1000000.0,0.6,57.93624,13799.210399999181,-6.621780000001649
2022-12-28,HENDERSON,00H,SG,242.80151515151516,242.80265151515152,5.999999999994543,1.8287999999983369,0.6,36,0.1,57295.799999999996,0.6,57.93624,13801.039199999179,-6.610807200001658
2022-12-28,HENDERSON,00H,SG,244.7782196969697,244.7793560606061,5.999999999994543,1.8287999999983369,0.6,36,0.0,1000000.0,0.6,57.93624,13802.867999999176,-6.599834400001668
2022-12-28,HENDERSON,00H,SG,245.1159090909091,245.11704545454543,5.999999999994543,1.8287999999983369,0.6,37,0.0,1000000.0,0.6,59.54558,13804.696799999174,-6.588861600001677
2022-12-28,HENDERSON,00H,SG,245.1390151515151,245.1401515151515,5.999999999994543,1.8287999999983369,0.6,37,0.0,1000000.0,0.6,59.54558,13806.525599999171,-6.577888800001687
2022-12-28,HENDERSON,00H,SG,242.74564393939391,242.7467803030303,5.999999999994543,1.8287999999983369,0.6,37,0.0,1000000.0,0.6,59.54558,13808.354399999169,-6.566916000001696
2022-12-28,HENDERSON,00H,SG,245.11231060606065,245.11344696969695,5.999999999994543,1.8287999999983369,0.6,37,0.0,1000000.0,0.6,59.54558,13810.183199999166,-6.555943200001706
2022-12-28,HENDERSON,00H,SG,245.16382575757575,245.1649621212121,5.999999999994543,1.8287999999983369,0.6,37,0.1,57295.799999999996,0.6,59.54558,13812.011999999164,-6.5449704000017155
2022-12-28,HENDERSON,00H,SG,245.11401515151516,245.11515151515152,5.999999999994543,1.8287999999983369,0.6,37,0.0,1000000.0,0.6,59.54558,13813.840799999161,-6.533997600001725
2022-12-28,HENDERSON,00H,SG,245.13011363636363,245.13125,5.999999999994543,1.8287999999983369,0.6,37,0.1,57295.799999999996,0.6,59.54558,13815.669599999159,-6.523024800001735
2022-12-28,HENDERSON,00H,SG,242.71060606060607,242.71174242424243,5.999999999994543,1.8287999999983369,0.6,37,0.7,8185.114285714286,0.6,59.54558,13817.498399999156,-6.512052000001744
2022-12-28,HENDERSON,00H,SG,242.78901515151512,242.7901515151515,5.999999999994543,1.8287999999983369,0.6,36,0.0,1000000.0,0.6,57.93624,13819.327199999154,-6.501079200001754
2022-12-28,HENDERSON,00H,SG,244.7808712121212,244.7820075757576,5.999999999994543,1.8287999999983369,0.6,37,0.0,1000000.0,0.6,59.54558,13821.155999999151,-6.490106400001763
2022-12-28,HENDERSON,00H,SG,245.15492424242424,245.1560606060606,5.999999999994543,1.8287999999983369,0.6,37,0.0,1000000.0,0.6,59.54558,13822.984799999149,-6.479133600001773
2022-12-28,HENDERSON,00H,SG,242.79090909090908,242.79204545454544,5.999999999994543,1.8287999999983369,0.6,36,0.0,1000000.0,0.6,57.93624,13824.813599999146,-6.468160800001782
2022-12-28,HENDERSON,00H,SG,245.1443181818182,245.14545454545456,5.999999999994543,1.8287999999983369,0.6,37,0.0,1000000.0,0.6,59.54558,13826.642399999144,-6.457188000001792
2022-12-28,HENDERSON,00H,SG,245.14621212121213,245.1473484848485,5.999999999994543,1.8287999999983369,0.6,37,0.0,1000000.0,0.6,59.54558,13828.471199999141,-6.446215200001801
2022-12-28,HENDERSON,00H,SG,242.54507575757577,242.5462121212121,5.999999999994543,1.8287999999983369,0.6,37,1.8,3183.1,0.6,59.54558,13830.299999999139,-6.435242400001811
2022-12-28,HENDERSON,00H,SG,242.78371212121212,242.78484848484848,5.999999999994543,1.8287999999983369,0.6,36,0.0,1000000.0,0.6,57.93624,13832.128799999136,-6.4242696000018205
2022-12-28,HENDERSON,00H,SG,242.79450757575756,242.79564393939393,5.999999999994543,1.8287999999983369,0.6,36,0.1,57295.799999999996,0.6,57.93624,13833.957599999134,-6.41329680000183
2022-12-28,HENDERSON,00H,SG,245.1498106060606,245.15094696969695,5.999999999994543,1.8287999999983369,0.6,37,0.0,1000000.0,0.6,59.54558,13835.786399999131,-6.4023240000018395
2022-12-28,HENDERSON,00H,SG,242.73674242424244,242.7378787878788,5.999999999994543,1.8287999999983369,0.6,37,0.0,1000000.0,0.6,59.54558,13837.615199999129,-6.391351200001849
2022-12-28,HENDERSON,00H,SG,242.73314393939393,242.7342803030303,5.999999999994543,1.8287999999983369,0.6,37,0.0,1000000.0,0.6,59.54558,13839.443999999126,-6.380378400001859
2022-12-28,HENDERSON,00H,SG,244.77632575757576,244.77746212121212,5.999999999994543,1.8287999999983369,0.6,36,0.0,1000000.0,0.6,57.93624,13841.272799999124,-6.369405600001868
2022-12-28,HENDERSON,00H,SG,244.78977272727272,244.79090909090908,5.999999999994543,1.8287999999983369,0.6,37,0.0,1000000.0,0.6,59.54558,13843.101599999121,-6.358432800001878
2022-12-28,HENDERSON,00H,SG,245.1284090909091,245.12954545454545,5.999999999994543,1.8287999999983369,0.6,37,0.1,57295.799999999996,0.6,59.54558,13844.930399999119,-6.347460000001887
2022-12-28,HENDERSON,00H,SG,242.51363636363635,242.5147727272727,5.999999999994543,1.8287999999983369,0.6,37,0.2,28647.899999999998,0.6,59.54558,13846.759199999116,-6.336487200001897
2022-12-28,HENDERSON,00H,SG,245.1532196969697,245.1543560606061,5.999999999994543,1.8287999999983369,0.6,37,0.0,1000000.0,0.6,59.54558,13848.587999999114,-6.325514400001906
2022-12-28,HENDERSON,00H,SG,245.1193181818182,245.12045454545455,5.999999999994543,1.8287999999983369,0.6,37,0.1,57295.799999999996,0.6,59.54558,13850.416799999111,-6.314541600001916
2022-12-28,HENDERSON,00H,SG,245.1816287878788,245.18276515151516,5.999999999994543,1.8287999999983369,0.6,37,0.1,57295.799999999996,0.6,59.54558,13852.245599999109,-6.303568800001925
2022-12-28,HENDERSON,00H,SG,244.7710227272727,244.7721590909091,5.999999999994543,1.8287999999983369,0.6,36,0.0,1000000.0,0.6,57.93624,13854.074399999106,-6.292596000001935
2022-12-28,HENDERSON,00H,SG,245.18522727272727,245.18636363636364,5.999999999994543,1.8287999999983369,0.6,37,0.1,57295.799999999996,0.6,59.54558,13855.903199999104,-6.2816232000019445
2022-12-28,HENDERSON,00H,SG,245.1337121212121,245.13484848484848,5.999999999994543,1.8287999999983369,0.6,37,0.0,1000000.0,0.6,59.54558,13857.731999999101,-6.270650400001954
2022-12-28,HENDERSON,00H,SG,245.17632575757577,245.17746212121213,5.999999999994543,1.8287999999983369,0.6,37,0.1,57295.799999999996,0.6,59.54558,13859.560799999099,-6.259677600001964
2022-12-28,HENDERSON,00H,SG,242.7784090909091,242.77954545454543,5.999999999994543,1.8287999999983369,0.6,36,0.0,1000000.0,0.6,57.93624,13861.389599999096,-6.248704800001973
2022-12-28,HENDERSON,00H,SG,242.7032196969697,242.70435606060607,5.999999999994543,1.8287999999983369,0.6,37,1.0,5729.58,0.6,59.54558,13863.218399999094,-6.237732000001983
2022-12-28,HENDERSON,00H,SG,242.90625,242.90738636363636,5.999999999994543,1.8287999999983369,0.6,36,-1.9,3015.5684210526315,0.6,57.93624,13865.047199999091,-6.226759200001992
2022-12-28,HENDERSON,00H,SG,245.14261363636365,245.14375,5.999999999994543,1.8287999999983369,0.6,37,0.0,1000000.0,0.6,59.54558,13866.875999999089,-6.215786400002002
2022-12-28,HENDERSON,00H,SG,245.16553030303027,245.16666666666663,5.999999999994543,1.8287999999983369,0.6,37,0.1,57295.799999999996,0.6,59.54558,13868.704799999086,-6.204813600002011
2022-12-28,HENDERSON,00H,SG,242.04242424242423,242.0435606060606,5.999999999994543,1.8287999999983369,0.6,38,-0.7,8185.114285714286,0.6,61.15492,13870.533599999084,-6.193840800002021
2022-12-28,HENDERSON,00H,SG,245.12291666666667,245.12405303030303,5.999999999994543,1.8287999999983369,0.6,37,0.1,57295.799999999996,0.6,59.54558,13872.362399999081,-6.18286800000203
2022-12-28,HENDERSON,00H,SG,242.77121212121213,242.7723484848485,5.999999999994543,1.8287999999983369,0.6,36,0.0,1000000.0,0.6,57.93624,13874.191199999079,-6.17189520000204
2022-12-28,HENDERSON,00H,SG,245.12651515151515,245.1276515151515,5.999999999994543,1.8287999999983369,0.6,37,0.1,57295.799999999996,0.6,59.54558,13876.019999999076,-6.1609224000020495
2022-12-28,HENDERSON,00H,SG,242.8159090909091,242.81704545454545,5.999999999994543,1.8287999999983369,0.6,36,0.0,1000000.0,0.6,57.93624,13877.848799999074,-6.149949600002059
2022-12-28,HENDERSON,00H,SG,242.73844696969695,242.73958333333337,5.999999999994543,1.8287999999983369,0.6,37,0.0,1000000.0,0.6,59.54558,13879.677599999071,-6.138976800002069
2022-12-28,HENDERSON,00H,SG,245.1727272727273,245.17386363636365,5.999999999994543,1.8287999999983369,0.6,37,0.1,57295.799999999996,0.6,59.54558,13881.506399999069,-6.128004000002078
2022-12-28,HENDERSON,00H,SG,242.45435606060607,242.45549242424244,5.999999999994543,1.8287999999983369,0.6,38,0.1,57295.799999999996,0.6,61.15492,13883.335199999066,-6.117031200002088
2022-12-28,HENDERSON,00H,SG,242.75814393939393,242.75928030303027,5.999999999994543,1.8287999999983369,0.6,37,0.0,1000000.0,0.6,59.54558,13885.163999999064,-6.106058400002097
2022-12-28,HENDERSON,00H,SG,242.7748106060606,242.77594696969695,5.999999999994543,1.8287999999983369,0.6,36,0.0,1000000.0,0.6,57.93624,13886.992799999061,-6.095085600002107
2022-12-28,HENDERSON,00H,SG,244.7914772727273,244.79261363636363,5.999999999994543,1.8287999999983369,0.6,37,0.0,1000000.0,0.6,59.54558,13888.821599999059,-6.084112800002116
2022-12-28,HENDERSON,00H,SG,245.1373106060606,245.13844696969696,5.999999999994543,1.8287999999983369,0.6,37,0.0,1000000.0,0.6,59.54558,13890.650399999056,-6.073140000002126
2022-12-28,HENDERSON,00H,SG,242.78011363636364,242.78125,5.999999999994543,1.8287999999983369,0.6,36,0.0,1000000.0,0.6,57.93624,13892.479199999054,-6.062167200002135
2022-12-28,HENDERSON,00H,SG,244.7844696969697,244.78560606060609,5.999999999994543,1.8287999999983369,0.6,37,0.0,1000000.0,0.6,59.54558,13894.307999999051,-6.051194400002145
2022-12-28,HENDERSON,00H,SG,242.77310606060607,242.77424242424243,5.999999999994543,1.8287999999983369,0.6,36,0.0,1000000.0,0.6,57.93624,13896.136799999049,-6.0402216000021545
2022-12-28,HENDERSON,00H,SG,245.19242424242424,245.1935606060606,5.999999999994543,1.8287999999983369,0.6,37,0.2,28647.899999999998,0.6,59.54558,13897.965599999046,-6.029248800002164
2022-12-28,HENDERSON,00H,SG,242.8034090909091,242.80454545454543,5.999999999994543,1.8287999999983369,0.6,36,0.1,57295.799999999996,0.6,57.93624,13899.794399999044,-6.0182760000021736
2022-12-28,HENDERSON,00H,SG,242.72405303030305,242.7251893939394,5.999999999994543,1.8287999999983369,0.6,37,0.2,28647.899999999998,0.6,59.54558,13901.623199999041,-6.007303200002183
2022-12-28,HENDERSON,00H,SG,244.7100378787879,244.71117424242425,5.999999999994543,1.8287999999983369,0.6,36,0.4,14323.949999999999,0.6,57.93624,13903.451999999039,-5.996330400002193
2022-12-28,HENDERSON,00H,SG,242.72594696969696,242.72708333333333,5.999999999994543,1.8287999999983369,0.6,37,0.1,57295.799999999996,0.6,59.54558,13905.280799999036,-5.985357600002202
2022-12-28,HENDERSON,00H,SG,242.78560606060609,242.7867424242424,5.999999999994543,1.8287999999983369,0.6,36,0.0,1000000.0,0.6,57.93624,13907.109599999034,-5.974384800002212
2022-12-28,HENDERSON,00H,SG,242.89772727272728,242.89886363636364,5.999999999994543,1.8287999999983369,0.6,36,-1.5,3819.72,0.6,57.93624,13908.938399999031,-5.963412000002221
2022-12-28,HENDERSON,00H,SG,242.53484848484848,242.53598484848484,5.999999999994543,1.8287999999983369,0.6,37,1.3,4407.369230769231,0.6,59.54558,13910.767199999029,-5.952439200002231
2022-12-28,HENDERSON,00H,SG,245.1710227272727,245.1721590909091,6.00000000014461,1.8288000000440772,0.6,37,0.1,57295.799999999996,0.6,59.54558,13912.595999999074,-5.94146640000224
2022-12-28,HENDERSON,00H,SG,242.74375,242.74507575757576,6.9999999999936335,2.1335999999980597,0.6,37,0.0,1000000.0,0.6,59.54558,13914.729599999071,-5.9304936000019755
2022-12-28,HENDERSON,00H,SG,242.7996212121212,242.80094696969695,6.9999999999936335,2.1335999999980597,0.6,36,0.1,57295.799999999996,0.6,57.93624,13916.863199999068,-5.9176920000019875
2022-12-28,HENDERSON,00H,SG,242.89943181818185,242.9007575757576,6.9999999999936335,2.1335999999980597,0.6,36,-1.6,3580.9874999999997,0.6,57.93624,13918.996799999066,-5.9048904000019995
2022-12-28,HENDERSON,00H,SG,242.73125,242.73257575757577,6.9999999999936335,2.1335999999980597,0.6,37,0.0,1000000.0,0.6,59.54558,13921.130399999063,-5.8920888000020115
2022-12-28,HENDERSON,00H,SG,245.10170454545457,245.10303030303027,6.9999999999936335,2.1335999999980597,0.6,37,0.0,1000000.0,0.6,59.54558,13923.26399999906,-5.8792872000020235
2022-12-28,HENDERSON,00H,SG,242.52973484848485,242.5310606060606,6.9999999999936335,2.1335999999980597,0.6,37,1.0,5729.58,0.6,59.54558,13925.397599999058,-5.866485600002036
2022-12-28,HENDERSON,00H,SG,244.71477272727273,244.7160984848485,6.9999999999936335,2.1335999999980597,0.6,36,0.2,28647.899999999998,0.6,57.93624,13927.531199999055,-5.853684000002048
2022-12-28,HENDERSON,00H,SG,245.17973484848488,245.1810606060606,6.9999999999936335,2.1335999999980597,0.6,37,0.1,57295.799999999996,0.6,59.54558,13929.664799999053,-5.84088240000206
2022-12-28,HENDERSON,00H,SG,242.70776515151516,242.70909090909092,6.9999999999936335,2.1335999999980597,0.6,37,0.8,7161.974999999999,0.6,59.54558,13931.79839999905,-5.828080800002072
2022-12-28,HENDERSON,00H,SG,242.72954545454544,242.7308712121212,6.9999999999936335,2.1335999999980597,0.6,37,0.1,57295.799999999996,0.6,59.54558,13933.931999999048,-5.815279200002084
2022-12-28,HENDERSON,00H,SG,244.7657196969697,244.76704545454547,6.9999999999936335,2.1335999999980597,0.6,36,0.0,1000000.0,0.6,57.93624,13936.065599999045,-5.802477600002096
2022-12-28,HENDERSON,00H,SG,245.1248106060606,245.12613636363636,6.9999999999936335,2.1335999999980597,0.6,37,0.1,57295.799999999996,0.6,59.54558,13938.199199999042,-5.789676000002108
2022-12-28,HENDERSON,00H,SG,242.84602272727273,242.84734848484848,6.9999999999936335,2.1335999999980597,0.6,36,0.0,1000000.0,0.6,57.93624,13940.33279999904,-5.77687440000212
2022-12-28,HENDERSON,00H,SG,245.16723484848484,245.1685606060606,6.9999999999936335,2.1335999999980597,0.6,37,0.1,57295.799999999996,0.6,59.54558,13942.466399999037,-5.764072800002132
2022-12-28,HENDERSON,00H,SG,242.5369318181818,242.53825757575757,6.9999999999936335,2.1335999999980597,0.6,37,1.4,4092.557142857143,0.6,59.54558,13944.599999999034,-5.751271200002144
2022-12-28,HENDERSON,00H,SG,245.10700757575756,245.10833333333332,6.9999999999936335,2.1335999999980597,0.6,37,0.0,1000000.0,0.6,59.54558,13946.733599999032,-5.738469600002156
2022-12-28,HENDERSON,00H,SG,242.8121212121212,242.81344696969697,6.9999999999936335,2.1335999999980597,0.6,36,0.0,1000000.0,0.6,57.93624,13948.86719999903,-5.725668000002168
2022-12-28,HENDERSON,00H,SG,245.13541666666663,245.1367424242424,6.9999999999936335,2.1335999999980597,0.6,37,0.0,1000000.0,0.6,59.54558,13951.000799999027,-5.71286640000218
2022-12-28,HENDERSON,00H,SG,244.7691287878788,244.77045454545456,6.9999999999936335,2.1335999999980597,0.6,36,0.0,1000000.0,0.6,57.93624,13953.134399999024,-5.700064800002192
2022-12-28,HENDERSON,00H,SG,245.1619318181818,245.16325757575757,6.9999999999936335,2.1335999999980597,0.6,37,0.1,57295.799999999996,0.6,59.54558,13955.267999999021,-5.687263200002204
2022-12-28,HENDERSON,00H,SG,242.72234848484848,242.72367424242424,6.9999999999936335,2.1335999999980597,0.6,37,0.2,28647.899999999998,0.6,59.54558,13957.401599999019,-5.674461600002216
2022-12-28,HENDERSON,00H,SG,244.7621212121212,244.76344696969696,6.9999999999936335,2.1335999999980597,0.6,36,0.0,1000000.0,0.6,57.93624,13959.535199999016,-5.661660000002228
2022-12-28,HENDERSON,00H,SG,245.0998106060606,245.10113636363636,6.9999999999936335,2.1335999999980597,0.6,37,0.0,1000000.0,0.6,59.54558,13961.668799999014,-5.64885840000224
2022-12-28,HENDERSON,00H,SG,242.79791666666668,242.79924242424244,6.9999999999936335,2.1335999999980597,0.6,36,0.1,57295.799999999996,0.6,57.93624,13963.802399999011,-5.636056800002252
2022-12-28,HENDERSON,00H,SG,242.8441287878788,242.84545454545457,6.9999999999936335,2.1335999999980597,0.6,36,0.1,57295.799999999996,0.6,57.93624,13965.935999999008,-5.623255200002264
2022-12-28,HENDERSON,00H,SG,242.4592803030303,242.46060606060607,6.9999999999936335,2.1335999999980597,0.6,38,0.1,57295.799999999996,0.6,61.15492,13968.069599999006,-5.610453600002276
2022-12-28,HENDERSON,00H,SG,242.7276515151515,242.7289772727273,6.9999999999936335,2.1335999999980597,0.6,37,0.1,57295.799999999996,0.6,59.54558,13970.203199999003,-5.597652000002288
2022-12-28,HENDERSON,00H,SG,242.0535984848485,242.05492424242425,6.9999999999936335,2.1335999999980597,0.6,38,-0.3,19098.600000000002,0.6,61.15492,13972.336799999,-5.5848504000023
2022-12-28,HENDERSON,00H,SG,242.45757575757577,242.45890151515152,6.9999999999936335,2.1335999999980597,0.6,38,0.1,57295.799999999996,0.6,61.15492,13974.470399998998,-5.572048800002312
2022-12-28,HENDERSON,00H,SG,242.02405303030304,242.0253787878788,6.9999999999936335,2.1335999999980597,0.6,38,-1.5,3819.72,0.6,61.15492,13976.603999998995,-5.559247200002324
2022-12-28,HENDERSON,00H,SG,245.17443181818183,245.1757575757576,6.9999999999936335,2.1335999999980597,0.6,37,0.1,57295.799999999996,0.6,59.54558,13978.737599998993,-5.546445600002336
2022-12-28,HENDERSON,00H,SG,242.7871212121212,242.78844696969696,6.9999999999936335,2.1335999999980597,0.6,36,0.0,1000000.0,0.6,57.93624,13980.87119999899,-5.533644000002348
2022-12-28,HENDERSON,00H,SG,244.7931818181818,244.79450757575756,6.9999999999936335,2.1335999999980597,0.6,37,-0.1,57295.799999999996,0.6,59.54558,13983.004799998987,-5.52084240000236
2022-12-28,HENDERSON,00H,SG,245.1691287878788,245.17045454545453,6.9999999999936335,2.1335999999980597,0.6,37,0.1,57295.799999999996,0.6,59.54558,13985.138399998985,-5.508040800002372
2022-12-28,HENDERSON,00H,SG,244.77272727272728,244.77405303030304,6.9999999999936335,2.1335999999980597,0.6,36,0.0,1000000.0,0.6,57.93624,13987.271999998982,-5.495239200002384
2022-12-28,HENDERSON,00H,SG,242.89564393939395,242.89696969696973,6.9999999999936335,2.1335999999980597,0.6,36,-1.4,4092.557142857143,0.6,57.93624,13989.40559999898,-5.482437600002396
2022-12-28,HENDERSON,00H,SG,242.0475378787879,242.04886363636365,6.9999999999936335,2.1335999999980597,0.6,38,-0.5,11459.16,0.6,61.15492,13991.539199998977,-5.469636000002408
2022-12-28,HENDERSON,00H,SG,242.0570075757576,242.05833333333337,6.9999999999936335,2.1335999999980597,0.6,38,-0.2,28647.899999999998,0.6,61.15492,13993.672799998974,-5.45683440000242
2022-12-28,HENDERSON,00H,SG,245.1087121212121,245.1100378787879,7.0000000001437,2.1336000000438,0.6,37,0.0,1000000.0,0.6,59.54558,13995.806399999019,-5.444032800002432
2022-12-28,HENDERSON,00H,SG,244.7967803030303,244.79810606060607,7.0000000001437,2.1336000000438,0.6,37,-0.1,57295.799999999996,0.6,59.54558,13997.939999999064,-5.43123120000217
2022-12-28,HENDERSON,00H,SG,242.87253787878788,242.87405303030303,7.999999999992724,2.4383999999977823,0.6,36,-0.3,19098.600000000002,0.6,57.93624,14000.378399999061,-5.418429600001907
2022-12-28,HENDERSON,00H,SG,244.79867424242423,244.8001893939394,7.999999999992724,2.4383999999977823,0.6,37,-0.1,57295.799999999996,0.6,59.54558,14002.816799999058,-5.403799200001921
2022-12-28,HENDERSON,00H,SG,242.81382575757576,242.8153409090909,7.999999999992724,2.4383999999977823,0.6,36,0.0,1000000.0,0.6,57.93624,14005.255199999056,-5.389168800001935
2022-12-28,HENDERSON,00H,SG,244.76363636363635,244.7651515151515,7.999999999992724,2.4383999999977823,0.6,36,0.0,1000000.0,0.6,57.93624,14007.693599999053,-5.374538400001948
2022-12-28,HENDERSON,00H,SG,242.8405303030303,242.84204545454543,7.999999999992724,2.4383999999977823,0.6,36,0.1,57295.799999999996,0.6,57.93624,14010.13199999905,-5.359908000001962
2022-12-28,HENDERSON,00H,SG,245.09621212121212,245.09772727272727,7.999999999992724,2.4383999999977823,0.6,37,0.0,1000000.0,0.6,59.54558,14012.570399999047,-5.3452776000019755
2022-12-28,HENDERSON,00H,SG,244.8003787878788,244.80189393939395,7.999999999992724,2.4383999999977823,0.6,37,-0.1,57295.799999999996,0.6,59.54558,14015.008799999045,-5.330647200001989
2022-12-28,HENDERSON,00H,SG,244.7672348484849,244.76875,7.999999999992724,2.4383999999977823,0.6,36,0.0,1000000.0,0.6,57.93624,14017.447199999042,-5.316016800002003
2022-12-28,HENDERSON,00H,SG,242.45568181818183,242.45719696969695,7.999999999992724,2.4383999999977823,0.6,38,0.1,57295.799999999996,0.6,61.15492,14019.88559999904,-5.301386400002016
2022-12-28,HENDERSON,00H,SG,242.81742424242424,242.8189393939394,7.999999999992724,2.4383999999977823,0.6,36,0.0,1000000.0,0.6,57.93624,14022.323999999036,-5.28675600000203
2022-12-28,HENDERSON,00H,SG,245.1102272727273,245.11174242424244,7.999999999992724,2.4383999999977823,0.6,37,0.0,1000000.0,0.6,59.54558,14024.762399999034,-5.2721256000020436
2022-12-28,HENDERSON,00H,SG,245.09791666666663,245.0994318181818,7.999999999992724,2.4383999999977823,0.6,37,0.0,1000000.0,0.6,59.54558,14027.200799999031,-5.257495200002057
2022-12-28,HENDERSON,00H,SG,242.7189393939394,242.72045454545457,7.999999999992724,2.4383999999977823,0.6,37,0.3,19098.600000000002,0.6,59.54558,14029.639199999028,-5.242864800002071
2022-12-28,HENDERSON,00H,SG,242.8191287878788,242.82064393939393,7.999999999992724,2.4383999999977823,0.6,36,0.0,1000000.0,0.6,57.93624,14032.077599999026,-5.228234400002084
2022-12-28,HENDERSON,00H,SG,242.81022727272727,242.8117424242424,7.999999999992724,2.4383999999977823,0.6,36,0.0,1000000.0,0.6,57.93624,14034.515999999023,-5.213604000002098
2022-12-28,HENDERSON,00H,SG,244.79488636363635,244.7964015151515,7.999999999992724,2.4383999999977823,0.6,37,-0.1,57295.799999999996,0.6,59.54558,14036.95439999902,-5.198973600002112
2022-12-28,HENDERSON,00H,SG,242.85132575757575,242.8528409090909,7.999999999992724,2.4383999999977823,0.6,36,0.0,1000000.0,0.6,57.93624,14039.392799999017,-5.184343200002125
2022-12-28,HENDERSON,00H,SG,242.04583333333332,242.0473484848485,8.00000000014279,2.438400000043522,0.6,38,-0.5,11459.16,0.6,61.15492,14041.83119999906,-5.169712800002139
2022-12-28,HENDERSON,00H,SG,242.7960227272727,242.7975378787879,8.00000000014279,2.438400000043522,0.6,36,0.1,57295.799999999996,0.6,57.93624,14044.269599999103,-5.155082400001878
2022-12-28,HENDERSON,00H,SG,242.90113636363637,242.9028409090909,8.999999999991815,2.743199999997505,0.6,36,-1.7,3370.3411764705884,0.6,57.93624,14047.0127999991,-5.140452000001617
2022-12-28,HENDERSON,00H,SG,242.90795454545457,242.9096590909091,8.999999999991815,2.743199999997505,0.6,36,-2.0,2864.79,0.6,57.93624,14049.755999999097,-5.123992800001632
2022-12-28,HENDERSON,00H,SG,242.84223484848485,242.8439393939394,8.999999999991815,2.743199999997505,0.6,36,0.1,57295.799999999996,0.6,57.93624,14052.499199999094,-5.107533600001648
2022-12-28,HENDERSON,00H,SG,242.02651515151516,242.0282196969697,8.999999999991815,2.743199999997505,0.6,38,-1.4,4092.557142857143,0.6,61.15492,14055.242399999092,-5.091074400001663
2022-12-28,HENDERSON,00H,SG,242.52765151515152,242.5293560606061,8.999999999991815,2.743199999997505,0.6,37,0.9,6366.2,0.6,59.54558,14057.985599999089,-5.074615200001678
2022-12-28,HENDERSON,00H,SG,242.50965909090908,242.51136363636363,8.999999999991815,2.743199999997505,0.6,37,0.1,57295.799999999996,0.6,59.54558,14060.728799999086,-5.058156000001693
2022-12-28,HENDERSON,00H,SG,242.03503787878788,242.0367424242424,8.999999999991815,2.743199999997505,0.6,38,-1.0,5729.58,0.6,61.15492,14063.471999999083,-5.041696800001708
2022-12-28,HENDERSON,00H,SG,242.5331439393939,242.53484848484848,8.999999999991815,2.743199999997505,0.6,37,1.2,4774.650000000001,0.6,59.54558,14066.21519999908,-5.025237600001724
2022-12-28,HENDERSON,00H,SG,242.53901515151512,242.5407196969697,8.999999999991815,2.743199999997505,0.6,37,1.5,3819.72,0.6,59.54558,14068.958399999077,-5.008778400001739
2022-12-28,HENDERSON,00H,SG,245.11704545454543,245.1189393939394,9.999999999990903,3.047999999997228,0.6,37,0.1,57295.799999999996,0.6,59.54558,14072.006399999074,-4.992319200001754
2022-12-28,HENDERSON,00H,SG,245.13181818181815,245.1337121212121,9.999999999990903,3.047999999997228,0.6,37,0.1,57295.799999999996,0.6,59.54558,14075.054399999071,-4.974031200001771
2022-12-28,HENDERSON,00H,SG,242.52386363636364,242.5257575757576,9.999999999990903,3.047999999997228,0.6,37,0.7,8185.114285714286,0.6,59.54558,14078.102399999068,-4.955743200001788
2022-12-28,HENDERSON,00H,SG,242.5407196969697,242.54261363636363,9.999999999990903,3.047999999997228,0.6,37,1.6,3580.9874999999997,0.6,59.54558,14081.150399999065,-4.937455200001804
2022-12-28,HENDERSON,00H,SG,242.5257575757576,242.52765151515152,9.999999999990903,3.047999999997228,0.6,37,0.8,7161.974999999999,0.6,59.54558,14084.198399999063,-4.919167200001821
2022-12-28,HENDERSON,00H,SG,242.52196969696973,242.52386363636364,9.999999999990903,3.047999999997228,0.6,37,0.6,9549.300000000001,0.6,59.54558,14087.24639999906,-4.900879200001838
2022-12-28,HENDERSON,00H,SG,242.5431818181818,242.54507575757577,9.999999999990903,3.047999999997228,0.6,37,1.7,3370.3411764705884,0.6,59.54558,14090.294399999057,-4.882591200001855
2022-12-28,HENDERSON,00H,SG,242.52007575757577,242.52196969696973,9.999999999990903,3.047999999997228,0.6,37,0.5,11459.16,0.6,59.54558,14093.342399999054,-4.8643032000018716
2022-12-28,HENDERSON,00H,SG,242.0304924242424,242.03238636363636,9.999999999990903,3.047999999997228,0.6,38,-1.2,4774.650000000001,0.6,61.15492,14096.39039999905,-4.846015200001888
2022-12-28,HENDERSON,00H,SG,242.05492424242425,242.0568181818182,9.999999999990903,3.047999999997228,0.6,38,-0.2,28647.899999999998,0.6,61.15492,14099.438399999048,-4.827727200001905
2022-12-28,HENDERSON,00H,SG,242.02159090909092,242.02348484848488,9.999999999990903,3.047999999997228,0.6,38,-1.6,3580.9874999999997,0.6,61.15492,14102.486399999045,-4.809439200001922
2022-12-28,HENDERSON,00H,SG,242.04886363636365,242.05094696969695,10.999999999989996,3.3527999999969507,0.6,38,-0.4,14323.949999999999,0.6,61.15492,14105.839199999042,-4.791151200001939
2022-12-28,HENDERSON,00H,SG,242.7123106060606,242.71439393939391,10.999999999989996,3.3527999999969507,0.6,37,0.6,9549.300000000001,0.6,59.54558,14109.191999999039,-4.771034400001957
2022-12-28,HENDERSON,00H,SG,242.87727272727273,242.87935606060609,10.999999999989996,3.3527999999969507,0.6,36,-0.5,11459.16,0.6,57.93624,14112.544799999036,-4.7509176000019755
2022-12-28,HENDERSON,00H,SG,242.0367424242424,242.03882575757575,10.999999999989996,3.3527999999969507,0.6,38,-0.9,6366.2,0.6,61.15492,14115.897599999033,-4.730800800001994
2022-12-28,HENDERSON,00H,SG,242.51136363636363,242.51344696969696,10.999999999989996,3.3527999999969507,0.6,37,0.2,28647.899999999998,0.6,59.54558,14119.25039999903,-4.710684000002012
2022-12-28,HENDERSON,00H,SG,242.05132575757577,242.0534090909091,10.999999999989996,3.3527999999969507,0.6,38,-0.3,19098.600000000002,0.6,61.15492,14122.603199999026,-4.690567200002031
2022-12-28,HENDERSON,00H,SG,244.85625,244.85833333333332,10.999999999989996,3.3527999999969507,0.6,37,0.1,57295.799999999996,0.6,59.54558,14125.955999999023,-4.670450400002049
2022-12-28,HENDERSON,00H,SG,242.0435606060606,242.04583333333332,11.999999999989086,3.6575999999966737,0.6,38,-0.6,9549.300000000001,0.6,61.15492,14129.61359999902,-4.650333600002067
2022-12-28,HENDERSON,00H,SG,244.71628787878788,244.7185606060606,11.999999999989086,3.6575999999966737,0.6,36,0.2,28647.899999999998,0.6,57.93624,14133.271199999017,-4.628388000002087
2022-12-28,HENDERSON,00H,SG,242.0282196969697,242.0304924242424,11.999999999989086,3.6575999999966737,0.6,38,-1.3,4407.369230769231,0.6,61.15492,14136.928799999014,-4.606442400002107
2022-12-28,HENDERSON,00H,SG,242.70549242424244,242.70776515151516,11.999999999989086,3.6575999999966737,0.6,37,0.9,6366.2,0.6,59.54558,14140.58639999901,-4.584496800002127
2022-12-28,HENDERSON,00H,SG,242.51780303030304,242.52007575757577,11.999999999989086,3.6575999999966737,0.6,37,0.4,14323.949999999999,0.6,59.54558,14144.243999999007,-4.562551200002147
2022-12-28,HENDERSON,00H,SG,242.45208333333332,242.45435606060607,12.000000000139153,3.657600000042414,0.6,38,0.0,1000000.0,0.6,61.15492,14147.90159999905,-4.540605600002167
2022-12-28,HENDERSON,00H,SG,242.03882575757575,242.04128787878787,12.999999999988177,3.962399999996397,0.6,38,-0.8,7161.974999999999,0.6,61.15492,14151.863999999046,-4.518660000001913
2022-12-28,HENDERSON,00H,SG,242.5467803030303,242.54924242424244,13.000000000138243,3.9624000000421367,0.6,37,1.9,3015.5684210526315,0.6,59.54558,14155.826399999089,-4.494885600001934
2022-12-28,HENDERSON,00H,SG,242.70056818181817,242.70321969696968,13.999999999987269,4.267199999996119,0.6,37,1.1,5208.70909090909,0.6,59.54558,14160.093599999085,-4.4711112000016815
2022-12-28,HENDERSON,00H,SG,242.8691287878788,242.8719696969697,14.999999999986358,4.571999999995842,0.6,36,-0.2,28647.899999999998,0.6,57.93624,14164.665599999082,-4.445508000001705
2022-12-28,HENDERSON,00H,SG,245.10359848484848,245.10643939393935,14.999999999986358,4.571999999995842,0.6,37,0.0,1000000.0,0.6,59.54558,14169.237599999078,-4.418076000001729
2022-12-28,HENDERSON,00H,SG,242.5147727272727,242.51780303030304,16.000000000135515,4.876800000041305,0.6,37,0.3,19098.600000000002,0.6,59.54558,14174.11439999912,-4.390644000001754
2022-12-28,HENDERSON,00H,SG,242.80492424242425,242.80814393939391,16.99999999998454,5.181599999995288,0.6,36,0.1,57295.799999999996,0.6,57.93624,14179.295999999114,-4.361383200001506
2022-12-28,HENDERSON,00H,SG,242.85303030303027,242.85625,16.99999999998454,5.181599999995288,0.6,36,0.0,1000000.0,0.6,57.93624,14184.477599999109,-4.330293600001534
2022-12-28,HENDERSON,00H,SG,242.82102272727272,242.8242424242424,16.99999999998454,5.181599999995288,0.6,36,0.0,1000000.0,0.6,57.93624,14189.659199999103,-4.299204000001562
2022-12-28,HENDERSON,00H,SG,242.4706439393939,242.47386363636363,16.99999999998454,5.181599999995288,0.6,37,0.1,57295.799999999996,0.6,59.54558,14194.840799999098,-4.26811440000159
2022-12-28,HENDERSON,00H,SG,242.83522727272728,242.83844696969695,16.99999999998454,5.181599999995288,0.6,36,0.0,1000000.0,0.6,57.93624,14200.022399999092,-4.237024800001618
2022-12-28,HENDERSON,00H,SG,242.84772727272727,242.85094696969696,16.99999999998454,5.181599999995288,0.6,36,0.0,1000000.0,0.6,57.93624,14205.203999999087,-4.205935200001646
2022-12-28,HENDERSON,00H,SG,244.80208333333337,244.80549242424243,17.99999999998363,5.48639999999501,0.6,37,-0.1,57295.799999999996,0.6,59.54558,14210.690399999081,-4.174845600001674
2022-12-28,HENDERSON,00H,SG,244.71117424242425,244.71477272727273,18.99999999998272,5.791199999994733,0.6,36,0.3,19098.600000000002,0.6,57.93624,14216.481599999075,-4.141927200001703
2022-12-28,HENDERSON,00H,SG,244.80568181818185,244.81003787878788,22.99999999997908,7.010399999993624,0.6,37,-0.1,57295.799999999996,0.6,59.54558,14223.491999999069,-4.107180000001735
2022-12-28,HENDERSON,00H,SG,244.7496212121212,244.75435606060609,24.999999999977263,7.61999999999307,0.6,36,0.0,1000000.0,0.6,57.93624,14231.111999999062,-4.0651176000017735
2022-12-28,HENDERSON,00H,SG,242.3308712121212,242.33598484848488,26.999999999975444,8.229599999992516,0.6,38,-0.1,57295.799999999996,0.6,61.15492,14239.341599999056,-4.019397600001815
2022-12-28,HENDERSON,00H,SG,242.8566287878788,242.86174242424244,27.00000000012551,8.229600000038255,0.6,36,0.0,1000000.0,0.6,57.93624,14247.571199999094,-3.9700200000018597
2022-12-28,HENDERSON,00H,SG,242.86344696969695,242.86875,27.999999999974538,8.534399999992239,0.6,36,-0.1,57295.799999999996,0.6,57.93624,14256.105599999086,-3.92064240000163
2022-12-28,HENDERSON,00H,SG,242.05833333333337,242.06382575757576,28.999999999973625,8.839199999991962,0.6,38,-0.1,57295.799999999996,0.6,61.15492,14264.944799999077,-3.8694360000016768
2022-12-28,HENDERSON,00H,SG,242.47405303030305,242.4804924242424,33.99999999996908,10.363199999990576,0.6,37,0.1,57295.799999999996,0.6,59.54558,14275.307999999068,-3.816400800001725
2022-12-28,HENDERSON,00H,SG,244.75492424242424,244.76155303030305,34.99999999996817,10.6679999999903,0.6,36,0.0,1000000.0,0.6,57.93624,14285.975999999058,-3.754221600001782
2022-12-28,HENDERSON,00H,SG,245.08920454545455,245.09602272727273,35.99999999996726,10.97279999999002,0.6,37,0.0,1000000.0,0.6,59.54558,14296.948799999049,-3.69021360000184
2022-12-28,HENDERSON,00H,SG,242.50208333333333,242.5094696969697,38.99999999996453,11.887199999989187,0.6,37,0.1,57295.799999999996,0.6,59.54558,14308.835999999037,-3.6243768000019
2022-12-28,HENDERSON,00H,SG,242.8246212121212,242.8348484848485,54.000000000100954,16.459200000030773,0.6,36,0.0,1000000.0,0.6,57.93624,14325.295199999067,-3.553053600001965
2022-12-28,HENDERSON,00H,SG,242.31647727272727,242.33049242424244,74.00000000008276,22.555200000025227,0.6,38,0.0,1000000.0,0.6,61.15492,14347.850399999092,-3.4542984000017802
2022-12-28,HENDERSON,00H,SG,242.30208333333337,242.31647727272727,75.99999999993088,23.164799999978932,0.6,38,0.1,57295.799999999996,0.6,61.15492,14371.01519999907,-3.318967200001629
2022-12-28,HENDERSON,00H,SG,245.06931818181815,245.08863636363637,102.0000000000573,31.089600000017462,0.6,37,0.0,1000000.0,0.6,59.54558,14402.104799999088,-3.179978400001755
2022-12-28,HENDERSON,00H,SG,242.4804924242424,242.50208333333333,114.00000000004638,34.74720000001414,0.6,37,0.0,1000000.0,0.6,59.54558,14436.851999999102,-2.9934408000016504
2022-12-28,HENDERSON,00H,SG,244.7191287878788,244.7496212121212,161.00000000000364,49.07280000000111,0.6,36,0.1,57295.799999999996,0.6,57.93624,14485.924799999104,-2.7849576000015657
2022-12-28,HENDERSON,00H,SG,244.81003787878788,244.85625,243.99999999992815,74.3711999999781,0.6,37,0.0,1000000.0,0.6,59.54558,14560.295999999082,-2.490520800001559
2022-12-28,HENDERSON,00H,SG,242.3371212121212,242.45189393939393,605.999999999899,184.70879999996924,0.6,38,0.0,1000000.0,0.6,61.15492,14745.004799999051,-2.0442936000016902
2022-12-28,HENDERSON,00H,SG,244.85833333333332,245.0691287878788,1113.0000000000382,339.2424000000116,0.6,37,0.0,1000000.0,0.6,59.54558,15084.247199999063,-0.9360408000018747
2022-12-28,HENDERSON,00H,SG,242.06382575757576,242.30113636363637,1253.0000000000607,381.9144000000186,0.6,38,0.0,1000000.0,0.6,61.15492,15466.16159999908,1.0994135999981949
2022-12-28,HENDERSON,00H,SG,243.7467803030303,243.7469696969697,0.9999999999990904,0.3047999999997227,0.61,35,0.0,1000000.0,0.61,56.3269,15466.46639999908,3.3908999999983065
2022-12-28,HENDERSON,00H,SG,243.82405303030305,243.8242424242424,0.9999999999990904,0.3047999999997227,0.61,35,1.2,4774.650000000001,0.61,56.3269,15466.77119999908,3.392759279998305
2022-12-28,HENDERSON,00H,SG,243.8287878787879,243.8289772727273,0.9999999999990904,0.3047999999997227,0.61,35,1.5,3819.72,0.61,56.3269,15467.07599999908,3.394618559998303
2022-12-28,HENDERSON,00H,SG,243.83446969696973,243.8346590909091,0.9999999999990904,0.3047999999997227,0.61,35,2.0,2864.79,0.61,56.3269,15467.38079999908,3.3964778399983016
2022-12-28,HENDERSON,00H,SG,246.42007575757577,246.4202651515151,0.9999999999990904,0.3047999999997227,0.61,38,-1.7,3370.3411764705884,0.61,61.15492,15467.68559999908,3.3983371199983
2022-12-28,HENDERSON,00H,SG,243.8151515151515,243.8153409090909,0.9999999999990904,0.3047999999997227,0.61,35,0.9,6366.2,0.61,56.3269,15467.99039999908,3.4001963999982983
2022-12-28,HENDERSON,00H,SG,243.8183712121212,243.8185606060606,0.9999999999990904,0.3047999999997227,0.61,35,1.1,5208.70909090909,0.61,56.3269,15468.29519999908,3.4020556799982966
2022-12-28,HENDERSON,00H,SG,243.81931818181815,243.81950757575757,0.9999999999990904,0.3047999999997227,0.61,35,1.1,5208.70909090909,0.61,56.3269,15468.59999999908,3.403914959998295
2022-12-28,HENDERSON,00H,SG,246.4570075757576,246.45719696969695,0.9999999999990904,0.3047999999997227,0.61,38,-0.7,8185.114285714286,0.61,61.15492,15468.90479999908,3.4057742399982933
2022-12-28,HENDERSON,00H,SG,243.56003787878788,243.56022727272727,0.9999999999990904,0.3047999999997227,0.61,36,-0.3,19098.600000000002,0.61,57.93624,15469.20959999908,3.4076335199982917
2022-12-28,HENDERSON,00H,SG,243.5681818181818,243.5683712121212,0.9999999999990904,0.3047999999997227,0.61,36,-0.1,57295.799999999996,0.61,57.93624,15469.51439999908,3.40949279999829
2022-12-28,HENDERSON,00H,SG,246.82329545454544,246.82348484848484,0.9999999999990904,0.3047999999997227,0.61,37,0.0,1000000.0,0.61,59.54558,15469.81919999908,3.4113520799982884
2022-12-28,HENDERSON,00H,SG,243.8106060606061,243.81079545454543,0.9999999999990904,0.3047999999997227,0.61,35,0.7,8185.114285714286,0.61,56.3269,15470.12399999908,3.4132113599982867
2022-12-28,HENDERSON,00H,SG,246.45719696969695,246.45738636363637,0.9999999999990904,0.3047999999997227,0.61,38,-0.8,7161.974999999999,0.61,61.15492,15470.42879999908,3.415070639998285
2022-12-28,HENDERSON,00H,SG,243.8121212121212,243.8123106060606,0.9999999999990904,0.3047999999997227,0.61,35,0.7,8185.114285714286,0.61,56.3269,15470.73359999908,3.4169299199982834
2022-12-28,HENDERSON,00H,SG,246.44905303030305,246.4492424242424,0.9999999999990904,0.3047999999997227,0.61,38,-1.0,5729.58,0.61,61.15492,15471.038399999079,3.418789199998282
2022-12-28,HENDERSON,00H,SG,243.7778409090909,243.7780303030303,0.9999999999990904,0.3047999999997227,0.61,36,0.0,1000000.0,0.61,57.93624,15471.343199999079,3.42064847999828
2022-12-28,HENDERSON,00H,SG,243.82518939393935,243.8253787878788,0.9999999999990904,0.3047999999997227,0.61,35,1.4,4092.557142857143,0.61,56.3269,15471.647999999079,3.4225077599982785
2022-12-28,HENDERSON,00H,SG,243.7808712121212,243.7810606060606,0.9999999999990904,0.3047999999997227,0.61,35,-0.1,57295.799999999996,0.61,56.3269,15471.952799999079,3.424367039998277
2022-12-28,HENDERSON,00H,SG,246.4202651515151,246.42045454545453,0.9999999999990904,0.3047999999997227,0.61,38,-1.6,3580.9874999999997,0.61,61.15492,15472.257599999079,3.426226319998275
2022-12-28,HENDERSON,00H,SG,246.44450757575757,246.44469696969696,0.9999999999990904,0.3047999999997227,0.61,38,-1.0,5729.58,0.61,61.15492,15472.562399999078,3.4280855999982736
2022-12-28,HENDERSON,00H,SG,243.8242424242424,243.8244318181818,0.9999999999990904,0.3047999999997227,0.61,35,1.3,4407.369230769231,0.61,56.3269,15472.867199999078,3.429944879998272
2022-12-28,HENDERSON,00H,SG,243.5719696969697,243.57215909090908,0.9999999999990904,0.3047999999997227,0.61,37,-0.1,57295.799999999996,0.61,59.54558,15473.171999999078,3.4318041599982703
2022-12-28,HENDERSON,00H,SG,243.8274621212121,243.8276515151515,0.9999999999990904,0.3047999999997227,0.61,35,1.6,3580.9874999999997,0.61,56.3269,15473.476799999078,3.4336634399982686
2022-12-28,HENDERSON,00H,SG,243.83598484848488,243.83617424242425,0.9999999999990904,0.3047999999997227,0.61,35,2.1,2728.3714285714286,0.61,56.3269,15473.781599999078,3.435522719998267
2022-12-28,HENDERSON,00H,SG,243.81723484848484,243.81742424242424,0.9999999999990904,0.3047999999997227,0.61,35,1.0,5729.58,0.61,56.3269,15474.086399999078,3.4373819999982653
2022-12-28,HENDERSON,00H,SG,246.4393939393939,246.43958333333333,0.9999999999990904,0.3047999999997227,0.61,38,-1.1,5208.70909090909,0.61,61.15492,15474.391199999078,3.4392412799982637
2022-12-28,HENDERSON,00H,SG,243.5683712121212,243.5685606060606,0.9999999999990904,0.3047999999997227,0.61,36,-0.2,28647.899999999998,0.61,57.93624,15474.695999999078,3.441100559998262
2022-12-28,HENDERSON,00H,SG,243.83390151515152,243.83409090909092,0.9999999999990904,0.3047999999997227,0.61,35,1.8,3183.1,0.61,56.3269,15475.000799999078,3.4429598399982604
2022-12-28,HENDERSON,00H,SG,246.47708333333333,246.47727272727272,0.9999999999990904,0.3047999999997227,0.61,38,-0.3,19098.600000000002,0.61,61.15492,15475.305599999077,3.4448191199982587
2022-12-28,HENDERSON,00H,SG,246.47234848484848,246.47253787878788,0.9999999999990904,0.3047999999997227,0.61,38,-0.4,14323.949999999999,0.61,61.15492,15475.610399999077,3.446678399998257
2022-12-28,HENDERSON,00H,SG,243.56458333333333,243.56477272727273,0.9999999999990904,0.3047999999997227,0.61,36,-0.2,28647.899999999998,0.61,57.93624,15475.915199999077,3.4485376799982554
2022-12-28,HENDERSON,00H,SG,243.57916666666668,243.57935606060607,0.9999999999990904,0.3047999999997227,0.61,37,0.0,1000000.0,0.61,59.54558,15476.219999999077,3.450396959998254
2022-12-28,HENDERSON,00H,SG,243.73617424242423,243.73636363636365,0.9999999999990904,0.3047999999997227,0.61,35,0.0,1000000.0,0.61,56.3269,15476.524799999077,3.452256239998252
2022-12-28,HENDERSON,00H,SG,243.8153409090909,243.8155303030303,0.9999999999990904,0.3047999999997227,0.61,35,0.7,8185.114285714286,0.61,56.3269,15476.829599999077,3.4541155199982505
2022-12-28,HENDERSON,00H,SG,243.8285984848485,243.8287878787879,0.9999999999990904,0.3047999999997227,0.61,35,1.6,3580.9874999999997,0.61,56.3269,15477.134399999077,3.455974799998249
2022-12-28,HENDERSON,00H,SG,243.78825757575757,243.78844696969696,0.9999999999990904,0.3047999999997227,0.61,36,0.0,1000000.0,0.61,57.93624,15477.439199999077,3.457834079998247
2022-12-28,HENDERSON,00H,SG,243.81742424242424,243.81761363636363,0.9999999999990904,0.3047999999997227,0.61,35,0.8,7161.974999999999,0.61,56.3269,15477.743999999077,3.4596933599982456
2022-12-28,HENDERSON,00H,SG,243.82386363636363,243.82405303030305,0.9999999999990904,0.3047999999997227,0.61,35,1.4,4092.557142857143,0.61,56.3269,15478.048799999076,3.461552639998244
2022-12-28,HENDERSON,00H,SG,246.42045454545453,246.42064393939393,0.9999999999990904,0.3047999999997227,0.61,38,-1.7,3370.3411764705884,0.61,61.15492,15478.353599999076,3.4634119199982423
2022-12-28,HENDERSON,00H,SG,243.77954545454543,243.77973484848485,0.9999999999990904,0.3047999999997227,0.61,36,0.0,1000000.0,0.61,57.93624,15478.658399999076,3.4652711999982406
2022-12-28,HENDERSON,00H,SG,246.825,246.82518939393935,0.9999999999990904,0.3047999999997227,0.61,37,0.0,1000000.0,0.61,59.54558,15478.963199999076,3.467130479998239
2022-12-28,HENDERSON,00H,SG,243.8159090909091,243.81609848484848,0.9999999999990904,0.3047999999997227,0.61,35,0.9,6366.2,0.61,56.3269,15479.267999999076,3.4689897599982373
2022-12-28,HENDERSON,00H,SG,243.83409090909092,243.83446969696973,1.999999999998181,0.6095999999994455,0.61,35,1.9,3015.5684210526315,0.61,56.3269,15479.877599999076,3.4708490399982357
2022-12-28,HENDERSON,00H,SG,243.7518939393939,243.75227272727273,1.999999999998181,0.6095999999994455,0.61,35,0.0,1000000.0,0.61,56.3269,15480.487199999076,3.4745675999982324
2022-12-28,HENDERSON,00H,SG,243.56136363636364,243.5617424242424,1.999999999998181,0.6095999999994455,0.61,37,-0.3,19098.600000000002,0.61,59.54558,15481.096799999075,3.478286159998229
2022-12-28,HENDERSON,00H,SG,246.82670454545453,246.82708333333332,1.999999999998181,0.6095999999994455,0.61,37,0.0,1000000.0,0.61,59.54558,15481.706399999075,3.482004719998226
2022-12-28,HENDERSON,00H,SG,243.8244318181818,243.8248106060606,1.999999999998181,0.6095999999994455,0.61,35,1.4,4092.557142857143,0.61,56.3269,15482.315999999075,3.4857232799982225
2022-12-28,HENDERSON,00H,SG,246.44867424242423,246.44905303030305,1.999999999998181,0.6095999999994455,0.61,38,-0.9,6366.2,0.61,61.15492,15482.925599999075,3.489441839998219
2022-12-28,HENDERSON,00H,SG,243.74318181818185,243.7435606060606,1.999999999998181,0.6095999999994455,0.61,35,0.0,1000000.0,0.61,56.3269,15483.535199999074,3.493160399998216
2022-12-28,HENDERSON,00H,SG,243.83977272727273,243.84015151515152,1.999999999998181,0.6095999999994455,0.61,35,2.3,2491.121739130435,0.61,56.3269,15484.144799999074,3.4968789599982126
2022-12-28,HENDERSON,00H,SG,243.56647727272727,243.56685606060609,1.999999999998181,0.6095999999994455,0.61,37,-0.2,28647.899999999998,0.61,59.54558,15484.754399999074,3.5005975199982093
2022-12-28,HENDERSON,00H,SG,243.74848484848485,243.74886363636364,1.999999999998181,0.6095999999994455,0.61,35,0.0,1000000.0,0.61,56.3269,15485.363999999074,3.504316079998206
2022-12-28,HENDERSON,00H,SG,246.8125,246.8128787878788,1.999999999998181,0.6095999999994455,0.61,37,0.0,1000000.0,0.61,59.54558,15485.973599999073,3.5080346399982028
2022-12-28,HENDERSON,00H,SG,243.77594696969695,243.77632575757576,1.999999999998181,0.6095999999994455,0.61,36,0.0,1000000.0,0.61,57.93624,15486.583199999073,3.5117531999981995
2022-12-28,HENDERSON,00H,SG,246.80890151515152,246.8092803030303,1.999999999998181,0.6095999999994455,0.61,37,0.0,1000000.0,0.61,59.54558,15487.192799999073,3.515471759998196
2022-12-28,HENDERSON,00H,SG,243.56098484848485,243.56136363636364,1.999999999998181,0.6095999999994455,0.61,36,-0.3,19098.600000000002,0.61,57.93624,15487.802399999073,3.519190319998193
2022-12-28,HENDERSON,00H,SG,243.81079545454543,243.81117424242424,1.999999999998181,0.6095999999994455,0.61,35,0.5,11459.16,0.61,56.3269,15488.411999999073,3.5229088799981896
2022-12-28,HENDERSON,00H,SG,246.81950757575757,246.81988636363636,1.999999999998181,0.6095999999994455,0.61,37,0.0,1000000.0,0.61,59.54558,15489.021599999072,3.5266274399981863
2022-12-28,HENDERSON,00H,SG,243.8253787878788,243.82575757575756,1.999999999998181,0.6095999999994455,0.61,35,1.3,4407.369230769231,0.61,56.3269,15489.631199999072,3.530345999998183
2022-12-28,HENDERSON,00H,SG,243.8248106060606,243.82518939393935,1.999999999998181,0.6095999999994455,0.61,35,1.3,4407.369230769231,0.61,56.3269,15490.240799999072,3.5340645599981797
2022-12-28,HENDERSON,00H,SG,246.44469696969696,246.44507575757575,1.999999999998181,0.6095999999994455,0.61,38,-1.1,5208.70909090909,0.61,61.15492,15490.850399999072,3.5377831199981764
2022-12-28,HENDERSON,00H,SG,243.8155303030303,243.8159090909091,1.999999999998181,0.6095999999994455,0.61,35,0.8,7161.974999999999,0.61,56.3269,15491.459999999071,3.541501679998173
2022-12-28,HENDERSON,00H,SG,243.8335227272727,243.83390151515152,1.999999999998181,0.6095999999994455,0.61,35,1.9,3015.5684210526315,0.61,56.3269,15492.069599999071,3.54522023999817
2022-12-28,HENDERSON,00H,SG,246.4715909090909,246.4721590909091,2.9999999999972715,0.9143999999991684,0.61,38,-0.3,19098.600000000002,0.61,61.15492,15492.98399999907,3.5489387999981665
2022-12-28,HENDERSON,00H,SG,243.74488636363637,243.74545454545455,2.9999999999972715,0.9143999999991684,0.61,35,0.0,1000000.0,0.61,56.3269,15493.89839999907,3.5545166399981616
2022-12-28,HENDERSON,00H,SG,243.75,243.75056818181815,2.9999999999972715,0.9143999999991684,0.61,35,0.0,1000000.0,0.61,56.3269,15494.81279999907,3.5600944799981566
2022-12-28,HENDERSON,00H,SG,243.78295454545457,243.78352272727273,2.9999999999972715,0.9143999999991684,0.61,36,-0.1,57295.799999999996,0.61,57.93624,15495.72719999907,3.5656723199981517
2022-12-28,HENDERSON,00H,SG,243.77405303030304,243.7746212121212,2.9999999999972715,0.9143999999991684,0.61,36,0.0,1000000.0,0.61,57.93624,15496.64159999907,3.5712501599981468
2022-12-28,HENDERSON,00H,SG,243.7810606060606,243.7816287878788,2.9999999999972715,0.9143999999991684,0.61,36,-0.1,57295.799999999996,0.61,57.93624,15497.55599999907,3.576827999998142
2022-12-28,HENDERSON,00H,SG,243.75359848484848,243.75416666666663,2.9999999999972715,0.9143999999991684,0.61,35,0.0,1000000.0,0.61,56.3269,15498.470399999069,3.582405839998137
2022-12-28,HENDERSON,00H,SG,243.8346590909091,243.83522727272728,2.9999999999972715,0.9143999999991684,0.61,35,1.9,3015.5684210526315,0.61,56.3269,15499.384799999068,3.587983679998132
2022-12-28,HENDERSON,00H,SG,243.73958333333337,243.74015151515152,2.9999999999972715,0.9143999999991684,0.61,35,0.0,1000000.0,0.61,56.3269,15500.299199999068,3.593561519998127
2022-12-28,HENDERSON,00H,SG,243.76685606060607,243.76761363636365,3.999999999996362,1.2191999999988912,0.61,36,0.0,1000000.0,0.61,57.93624,15501.518399999068,3.599139359998122
2022-12-28,HENDERSON,00H,SG,243.83617424242425,243.83693181818185,3.999999999996362,1.2191999999988912,0.61,35,2.0,2864.79,0.61,56.3269,15502.737599999067,3.6065764799981155
2022-12-28,HENDERSON,00H,SG,243.56477272727273,243.5655303030303,3.999999999996362,1.2191999999988912,0.61,37,-0.2,28647.899999999998,0.61,59.54558,15503.956799999067,3.614013599998109
2022-12-28,HENDERSON,00H,SG,243.75700757575757,243.75776515151512,3.999999999996362,1.2191999999988912,0.61,35,0.0,1000000.0,0.61,56.3269,15505.175999999066,3.6214507199981023
2022-12-28,HENDERSON,00H,SG,246.81761363636363,246.8183712121212,3.999999999996362,1.2191999999988912,0.61,37,0.0,1000000.0,0.61,59.54558,15506.395199999066,3.6288878399980957
2022-12-28,HENDERSON,00H,SG,243.7721590909091,243.77291666666667,3.999999999996362,1.2191999999988912,0.61,36,0.0,1000000.0,0.61,57.93624,15507.614399999065,3.636324959998089
2022-12-28,HENDERSON,00H,SG,243.56382575757576,243.56458333333333,3.999999999996362,1.2191999999988912,0.61,36,-0.3,19098.600000000002,0.61,57.93624,15508.833599999065,3.6437620799980825
2022-12-28,HENDERSON,00H,SG,243.83522727272728,243.83598484848488,3.999999999996362,1.2191999999988912,0.61,35,2.0,2864.79,0.61,56.3269,15510.052799999065,3.651199199998076
2022-12-28,HENDERSON,00H,SG,243.81761363636363,243.8183712121212,3.999999999996362,1.2191999999988912,0.61,35,0.9,6366.2,0.61,56.3269,15511.271999999064,3.6586363199980694
2022-12-28,HENDERSON,00H,SG,243.56306818181815,243.56382575757576,3.999999999996362,1.2191999999988912,0.61,37,-0.3,19098.600000000002,0.61,59.54558,15512.491199999064,3.666073439998063
2022-12-28,HENDERSON,00H,SG,243.75511363636363,243.7558712121212,3.999999999996362,1.2191999999988912,0.61,35,0.0,1000000.0,0.61,56.3269,15513.710399999063,3.673510559998056
2022-12-28,HENDERSON,00H,SG,243.77045454545456,243.77121212121213,3.999999999996362,1.2191999999988912,0.61,36,0.0,1000000.0,0.61,57.93624,15514.929599999063,3.6809476799980496
2022-12-28,HENDERSON,00H,SG,243.8185606060606,243.81931818181815,3.999999999996362,1.2191999999988912,0.61,35,0.9,6366.2,0.61,56.3269,15516.148799999062,3.688384799998043
2022-12-28,HENDERSON,00H,SG,243.76060606060605,243.76136363636363,3.999999999996362,1.2191999999988912,0.61,35,0.0,1000000.0,0.61,56.3269,15517.367999999062,3.6958219199980364
2022-12-28,HENDERSON,00H,SG,243.76325757575756,243.7640151515151,3.999999999996362,1.2191999999988912,0.61,36,0.0,1000000.0,0.61,57.93624,15518.587199999061,3.70325903999803
2022-12-28,HENDERSON,00H,SG,243.56022727272727,243.56098484848485,3.999999999996362,1.2191999999988912,0.61,36,-0.4,14323.949999999999,0.61,57.93624,15519.80639999906,3.7106961599980233
2022-12-28,HENDERSON,00H,SG,246.47613636363636,246.47708333333333,4.9999999999954525,1.523999999998614,0.61,38,-0.2,28647.899999999998,0.61,61.15492,15521.33039999906,3.7181332799980167
2022-12-28,HENDERSON,00H,SG,243.81117424242424,243.8121212121212,4.9999999999954525,1.523999999998614,0.61,35,0.6,9549.300000000001,0.61,56.3269,15522.85439999906,3.727429679998008
2022-12-28,HENDERSON,00H,SG,243.75416666666663,243.75511363636363,4.9999999999954525,1.523999999998614,0.61,36,0.0,1000000.0,0.61,57.93624,15524.37839999906,3.7367260799979993
2022-12-28,HENDERSON,00H,SG,243.7640151515151,243.7649621212121,4.9999999999954525,1.523999999998614,0.61,35,0.0,1000000.0,0.61,56.3269,15525.902399999059,3.7460224799979907
2022-12-28,HENDERSON,00H,SG,243.77121212121213,243.7721590909091,4.9999999999954525,1.523999999998614,0.61,35,0.0,1000000.0,0.61,56.3269,15527.426399999058,3.755318879997982
2022-12-28,HENDERSON,00H,SG,243.7659090909091,243.76685606060607,4.9999999999954525,1.523999999998614,0.61,35,0.0,1000000.0,0.61,56.3269,15528.950399999057,3.7646152799979733
2022-12-28,HENDERSON,00H,SG,243.7587121212121,243.75965909090908,4.9999999999954525,1.523999999998614,0.61,35,0.0,1000000.0,0.61,56.3269,15530.474399999057,3.7739116799979646
2022-12-28,HENDERSON,00H,SG,243.7695075757576,243.77045454545456,4.9999999999954525,1.523999999998614,0.61,35,0.0,1000000.0,0.61,56.3269,15531.998399999056,3.783208079997956
2022-12-28,HENDERSON,00H,SG,243.82291666666663,243.82386363636363,4.9999999999954525,1.523999999998614,0.61,35,1.2,4774.650000000001,0.61,56.3269,15533.522399999056,3.7925044799979473
2022-12-28,HENDERSON,00H,SG,243.76136363636363,243.7623106060606,4.9999999999954525,1.523999999998614,0.61,36,0.0,1000000.0,0.61,57.93624,15535.046399999055,3.8018008799979386
2022-12-28,HENDERSON,00H,SG,243.7623106060606,243.76325757575756,4.9999999999954525,1.523999999998614,0.61,35,0.0,1000000.0,0.61,56.3269,15536.570399999055,3.81109727999793
2022-12-28,HENDERSON,00H,SG,243.75776515151512,243.7587121212121,4.9999999999954525,1.523999999998614,0.61,36,0.0,1000000.0,0.61,57.93624,15538.094399999054,3.8203936799979212
2022-12-28,HENDERSON,00H,SG,243.76856060606065,243.7695075757576,4.9999999999954525,1.523999999998614,0.61,36,0.0,1000000.0,0.61,57.93624,15539.618399999054,3.8296900799979126
2022-12-28,HENDERSON,00H,SG,243.76761363636365,243.76856060606065,4.9999999999954525,1.523999999998614,0.61,35,0.0,1000000.0,0.61,56.3269,15541.142399999053,3.838986479997904
2022-12-28,HENDERSON,00H,SG,243.75965909090908,243.76060606060605,4.9999999999954525,1.523999999998614,0.61,36,0.0,1000000.0,0.61,57.93624,15542.666399999052,3.848282879997895
2022-12-28,HENDERSON,00H,SG,243.8276515151515,243.8285984848485,5.000000000145519,1.5240000000443543,0.61,35,1.5,3819.72,0.61,56.3269,15544.190399999097,3.8575792799978865
2022-12-28,HENDERSON,00H,SG,243.7649621212121,243.7659090909091,5.000000000145519,1.5240000000443543,0.61,36,0.0,1000000.0,0.61,57.93624,15545.714399999142,3.866875679998157
2022-12-28,HENDERSON,00H,SG,243.77973484848485,243.7808712121212,5.999999999994543,1.8287999999983369,0.61,35,0.0,1000000.0,0.61,56.3269,15547.54319999914,3.876172079998428
2022-12-28,HENDERSON,00H,SG,243.8123106060606,243.81344696969697,5.999999999994543,1.8287999999983369,0.61,35,0.6,9549.300000000001,0.61,56.3269,15549.371999999137,3.8873277599984175
2022-12-28,HENDERSON,00H,SG,246.8183712121212,246.81950757575757,5.999999999994543,1.8287999999983369,0.61,38,0.0,1000000.0,0.61,61.15492,15551.200799999135,3.898483439998407
2022-12-28,HENDERSON,00H,SG,243.77291666666667,243.77405303030304,5.999999999994543,1.8287999999983369,0.61,35,0.0,1000000.0,0.61,56.3269,15553.029599999132,3.909639119998397
2022-12-28,HENDERSON,00H,SG,246.43958333333333,246.4407196969697,5.999999999994543,1.8287999999983369,0.61,38,-1.2,4774.650000000001,0.61,61.15492,15554.85839999913,3.9207947999983865
2022-12-28,HENDERSON,00H,SG,243.74886363636364,243.75,5.999999999994543,1.8287999999983369,0.61,36,0.0,1000000.0,0.61,57.93624,15556.687199999127,3.931950479998376
2022-12-28,HENDERSON,00H,SG,243.5655303030303,243.56666666666663,5.999999999994543,1.8287999999983369,0.61,36,-0.2,28647.899999999998,0.61,57.93624,15558.515999999125,3.943106159998366
2022-12-28,HENDERSON,00H,SG,243.81609848484848,243.81723484848484,5.999999999994543,1.8287999999983369,0.61,35,0.8,7161.974999999999,0.61,56.3269,15560.344799999122,3.9542618399983556
2022-12-28,HENDERSON,00H,SG,243.7558712121212,243.75700757575757,5.999999999994543,1.8287999999983369,0.61,36,0.0,1000000.0,0.61,57.93624,15562.17359999912,3.9654175199983452
2022-12-28,HENDERSON,00H,SG,243.5780303030303,243.57916666666668,6.00000000014461,1.8288000000440772,0.61,36,0.0,1000000.0,0.61,57.93624,15564.002399999164,3.976573199998335
2022-12-28,HENDERSON,00H,SG,243.7746212121212,243.77594696969695,6.9999999999936335,2.1335999999980597,0.61,35,0.0,1000000.0,0.61,56.3269,15566.135999999162,3.987728879998604
2022-12-28,HENDERSON,00H,SG,243.74545454545455,243.7467803030303,6.9999999999936335,2.1335999999980597,0.61,36,0.0,1000000.0,0.61,57.93624,15568.26959999916,4.000743839998592
2022-12-28,HENDERSON,00H,SG,243.75056818181815,243.7518939393939,6.9999999999936335,2.1335999999980597,0.61,36,0.0,1000000.0,0.61,57.93624,15570.403199999157,4.01375879999858
2022-12-28,HENDERSON,00H,SG,243.83068181818183,243.8320075757576,6.9999999999936335,2.1335999999980597,0.61,35,1.7,3370.3411764705884,0.61,56.3269,15572.536799999154,4.0267737599985685
2022-12-28,HENDERSON,00H,SG,243.83844696969695,243.83977272727273,6.9999999999936335,2.1335999999980597,0.61,35,2.2,2604.354545454545,0.61,56.3269,15574.670399999151,4.0397887199985565
2022-12-28,HENDERSON,00H,SG,243.5617424242424,243.56306818181815,6.9999999999936335,2.1335999999980597,0.61,36,-0.3,19098.600000000002,0.61,57.93624,15576.803999999149,4.0528036799985445
2022-12-28,HENDERSON,00H,SG,243.7816287878788,243.78295454545457,6.9999999999936335,2.1335999999980597,0.61,35,-0.1,57295.799999999996,0.61,56.3269,15578.937599999146,4.0658186399985325
2022-12-28,HENDERSON,00H,SG,243.7435606060606,243.74488636363637,6.9999999999936335,2.1335999999980597,0.61,36,0.0,1000000.0,0.61,57.93624,15581.071199999144,4.078833599998521
2022-12-28,HENDERSON,00H,SG,243.75227272727273,243.75359848484848,6.9999999999936335,2.1335999999980597,0.61,36,0.0,1000000.0,0.61,57.93624,15583.204799999141,4.091848559998509
2022-12-28,HENDERSON,00H,SG,243.56685606060609,243.5681818181818,6.9999999999936335,2.1335999999980597,0.61,36,-0.2,28647.899999999998,0.61,57.93624,15585.338399999138,4.104863519998497
2022-12-28,HENDERSON,00H,SG,243.83693181818185,243.83844696969695,7.999999999992724,2.4383999999977823,0.61,35,2.1,2728.3714285714286,0.61,56.3269,15587.776799999136,4.117878479998485
2022-12-28,HENDERSON,00H,SG,246.82518939393935,246.82670454545453,7.999999999992724,2.4383999999977823,0.61,38,0.0,1000000.0,0.61,61.15492,15590.215199999133,4.1327527199984715
2022-12-28,HENDERSON,00H,SG,243.7780303030303,243.77954545454543,7.999999999992724,2.4383999999977823,0.61,35,0.0,1000000.0,0.61,56.3269,15592.65359999913,4.147626959998458
2022-12-28,HENDERSON,00H,SG,243.7469696969697,243.74848484848485,7.999999999992724,2.4383999999977823,0.61,36,0.0,1000000.0,0.61,57.93624,15595.091999999127,4.162501199998445
2022-12-28,HENDERSON,00H,SG,243.8320075757576,243.8335227272727,7.999999999992724,2.4383999999977823,0.61,35,1.8,3183.1,0.61,56.3269,15597.530399999125,4.177375439998432
2022-12-28,HENDERSON,00H,SG,246.82348484848484,246.825,7.999999999992724,2.4383999999977823,0.61,38,0.0,1000000.0,0.61,61.15492,15599.968799999122,4.192249679998419
2022-12-28,HENDERSON,00H,SG,243.81950757575757,243.82102272727272,7.999999999992724,2.4383999999977823,0.61,35,1.0,5729.58,0.61,56.3269,15602.40719999912,4.207123919998406
2022-12-28,HENDERSON,00H,SG,243.77632575757576,243.7778409090909,7.999999999992724,2.4383999999977823,0.61,35,0.0,1000000.0,0.61,56.3269,15604.845599999117,4.2219981599983925
2022-12-28,HENDERSON,00H,SG,243.8289772727273,243.83068181818183,8.999999999991815,2.743199999997505,0.61,35,1.6,3580.9874999999997,0.61,56.3269,15607.588799999114,4.236872399998379
2022-12-28,HENDERSON,00H,SG,243.81344696969697,243.8151515151515,8.999999999991815,2.743199999997505,0.61,35,0.7,8185.114285714286,0.61,56.3269,15610.33199999911,4.253605919998364
2022-12-28,HENDERSON,00H,SG,243.82575757575756,243.8274621212121,8.999999999991815,2.743199999997505,0.61,35,1.4,4092.557142857143,0.61,56.3269,15613.075199999108,4.270339439998349
2022-12-28,HENDERSON,00H,SG,243.82102272727272,243.82291666666663,9.999999999990903,3.047999999997228,0.61,35,1.1,5208.70909090909,0.61,56.3269,15616.123199999105,4.2870729599983335
2022-12-28,HENDERSON,00H,SG,243.80852272727273,243.8106060606061,10.999999999989996,3.3527999999969507,0.61,35,0.5,11459.16,0.61,56.3269,15619.475999999102,4.305665759998316
2022-12-28,HENDERSON,00H,SG,246.4371212121212,246.4393939393939,11.999999999989086,3.6575999999966737,0.61,38,-1.2,4774.650000000001,0.61,61.15492,15623.133599999099,4.326117839998298
2022-12-28,HENDERSON,00H,SG,243.80625,243.80852272727273,11.999999999989086,3.6575999999966737,0.61,35,0.4,14323.949999999999,0.61,56.3269,15626.791199999096,4.348429199998277
2022-12-28,HENDERSON,00H,SG,243.74015151515152,243.74318181818185,15.999999999985448,4.876799999995565,0.61,36,0.0,1000000.0,0.61,57.93624,15631.667999999092,4.370740559998256
2022-12-28,HENDERSON,00H,SG,246.82708333333332,246.83011363636365,16.000000000135515,4.876800000041305,0.61,38,0.0,1000000.0,0.61,61.15492,15636.544799999134,4.400489039998229
2022-12-28,HENDERSON,00H,SG,246.8092803030303,246.8125,16.99999999998454,5.181599999995288,0.61,38,0.0,1000000.0,0.61,61.15492,15641.726399999128,4.430237519998481
2022-12-28,HENDERSON,00H,SG,246.4492424242424,246.4524621212121,16.99999999998454,5.181599999995288,0.61,38,-0.9,6366.2,0.61,61.15492,15646.907999999123,4.461845279998452
2022-12-28,HENDERSON,00H,SG,243.73636363636365,243.73958333333337,16.99999999998454,5.181599999995288,0.61,36,0.0,1000000.0,0.61,57.93624,15652.089599999117,4.493453039998424
2022-12-28,HENDERSON,00H,SG,246.45738636363637,246.46060606060607,16.99999999998454,5.181599999995288,0.61,38,-0.7,8185.114285714286,0.61,61.15492,15657.271199999112,4.525060799998395
2022-12-28,HENDERSON,00H,SG,243.79886363636365,243.8022727272727,17.99999999998363,5.48639999999501,0.61,35,0.2,28647.899999999998,0.61,56.3269,15662.757599999106,4.556668559998367
2022-12-28,HENDERSON,00H,SG,243.5685606060606,243.5719696969697,17.99999999998363,5.48639999999501,0.61,36,-0.1,57295.799999999996,0.61,57.93624,15668.2439999991,4.590135599998336
2022-12-28,HENDERSON,00H,SG,246.81988636363636,246.82329545454544,17.99999999998363,5.48639999999501,0.61,38,0.0,1000000.0,0.61,61.15492,15673.730399999095,4.623602639998306
2022-12-28,HENDERSON,00H,SG,246.44507575757575,246.44867424242423,18.99999999998272,5.791199999994733,0.61,38,-1.0,5729.58,0.61,61.15492,15679.521599999089,4.657069679998275
2022-12-28,HENDERSON,00H,SG,246.4679924242424,246.4715909090909,18.99999999998272,5.791199999994733,0.61,38,-0.4,14323.949999999999,0.61,61.15492,15685.312799999083,4.692395999998244
2022-12-28,HENDERSON,00H,SG,246.47253787878788,246.47613636363636,18.99999999998272,5.791199999994733,0.61,38,-0.3,19098.600000000002,0.61,61.15492,15691.103999999077,4.727722319998212
2022-12-28,HENDERSON,00H,SG,246.4246212121212,246.42821969696973,18.99999999998272,5.791199999994733,0.61,38,-1.5,3819.72,0.61,61.15492,15696.895199999071,4.76304863999818
2022-12-28,HENDERSON,00H,SG,246.46439393939391,246.4679924242424,18.99999999998272,5.791199999994733,0.61,38,-0.5,11459.16,0.61,61.15492,15702.686399999066,4.7983749599981484
2022-12-28,HENDERSON,00H,SG,246.4407196969697,246.44450757575757,19.99999999998181,6.095999999994456,0.61,38,-1.1,5208.70909090909,0.61,61.15492,15708.78239999906,4.833701279998117
2022-12-28,HENDERSON,00H,SG,246.46060606060607,246.46439393939391,19.99999999998181,6.095999999994456,0.61,38,-0.6,9549.300000000001,0.61,61.15492,15714.878399999054,4.870886879998083
2022-12-28,HENDERSON,00H,SG,243.79507575757577,243.79886363636365,20.000000000131877,6.096000000040196,0.61,35,0.1,57295.799999999996,0.61,56.3269,15720.974399999093,4.908072479998049
2022-12-28,HENDERSON,00H,SG,243.8022727272727,243.80625,20.9999999999809,6.400799999994179,0.61,35,0.3,19098.600000000002,0.61,56.3269,15727.375199999087,4.945258079998294
2022-12-28,HENDERSON,00H,SG,246.42064393939393,246.4246212121212,21.000000000130967,6.4008000000399194,0.61,38,-1.6,3580.9874999999997,0.61,61.15492,15733.775999999127,4.984302959998258
2022-12-28,HENDERSON,00H,SG,246.42821969696973,246.43257575757576,22.99999999997908,7.010399999993624,0.61,38,-1.4,4092.557142857143,0.61,61.15492,15740.78639999912,5.023347839998502
2022-12-28,HENDERSON,00H,SG,246.43257575757576,246.4371212121212,23.999999999978172,7.3151999999933475,0.61,38,-1.3,4407.369230769231,0.61,61.15492,15748.101599999114,5.066111279998463
2022-12-28,HENDERSON,00H,SG,246.4524621212121,246.4570075757576,24.00000000012824,7.315200000039088,0.61,38,-0.8,7161.974999999999,0.61,61.15492,15755.416799999153,5.1107339999984225
2022-12-28,HENDERSON,00H,SG,246.8128787878788,246.81761363636363,24.999999999977263,7.61999999999307,0.61,38,0.0,1000000.0,0.61,61.15492,15763.036799999147,5.155356719998661
2022-12-28,HENDERSON,00H,SG,243.78352272727273,243.78825757575757,24.999999999977263,7.61999999999307,0.61,35,-0.1,57295.799999999996,0.61,56.3269,15770.65679999914,5.2018387199986185
2022-12-28,HENDERSON,00H,SG,246.47727272727272,246.48238636363635,26.999999999975444,8.229599999992516,0.61,38,-0.2,28647.899999999998,0.61,61.15492,15778.886399999134,5.248320719998576
2022-12-28,HENDERSON,00H,SG,243.57215909090908,243.5780303030303,30.99999999997181,9.448799999991406,0.61,36,-0.1,57295.799999999996,0.61,57.93624,15788.335199999125,5.29852127999853
2022-12-28,HENDERSON,00H,SG,243.78844696969696,243.79507575757577,34.99999999996817,10.6679999999903,0.61,35,0.0,1000000.0,0.61,56.3269,15799.003199999115,5.356158959998478
2022-12-28,HENDERSON,00H,SG,246.55890151515152,246.57689393939393,94.9999999999136,28.955999999973667,0.61,38,0.1,57295.799999999996,0.61,61.15492,15827.959199999088,5.421233759998419
2022-12-28,HENDERSON,00H,SG,246.48238636363635,246.5054924242424,122.00000000003912,37.18560000001192,0.61,38,-0.1,57295.799999999996,0.61,61.15492,15865.1447999991,5.597865359998258
2022-12-28,HENDERSON,00H,SG,246.5054924242424,246.55890151515152,282.00000000004366,85.95360000001331,0.61,38,0.0,1000000.0,0.61,61.15492,15951.098399999113,5.824697519998331
2022-12-28,HENDERSON,00H,SG,243.57935606060607,243.73617424242423,827.9999999999973,252.3743999999992,0.61,36,0.0,1000000.0,0.61,57.93624,16203.472799999112,6.349014479998412
2022-12-28,HENDERSON,00H,SG,246.57689393939393,246.80890151515152,1225.0000000000864,373.3800000000264,0.61,38,0.0,1000000.0,0.61,61.15492,16576.85279999914,7.888498319998407
2022-12-28,HENDERSON,00H,SG,245.34375,245.3439393939394,0.9999999999990904,0.3047999999997227,0.64,37,0.8,7161.974999999999,0.64,59.54558,16577.157599999136,10.166116319998569
2022-12-28,HENDERSON,00H,SG,245.34431818181815,245.3445075757576,0.9999999999990904,0.3047999999997227,0.64,38,0.8,7161.974999999999,0.64,61.15492,16577.462399999135,10.168067039998567
2022-12-28,HENDERSON,00H,SG,245.85738636363635,245.85757575757577,0.9999999999990904,0.3047999999997227,0.64,37,-0.3,19098.600000000002,0.64,59.54558,16577.767199999133,10.170017759998565
2022-12-28,HENDERSON,00H,SG,245.7793560606061,245.77954545454543,0.9999999999990904,0.3047999999997227,0.64,38,0.0,1000000.0,0.64,61.15492,16578.07199999913,10.171968479998563
2022-12-28,HENDERSON,00H,SG,245.85643939393935,245.8566287878788,0.9999999999990904,0.3047999999997227,0.64,38,-0.2,28647.899999999998,0.64,61.15492,16578.37679999913,10.173919199998561
2022-12-28,HENDERSON,00H,SG,245.3441287878788,245.34431818181815,0.9999999999990904,0.3047999999997227,0.64,38,0.7,8185.114285714286,0.64,61.15492,16578.681599999127,10.17586991999856
2022-12-28,HENDERSON,00H,SG,245.34242424242424,245.34261363636364,0.9999999999990904,0.3047999999997227,0.64,38,0.9,6366.2,0.64,61.15492,16578.986399999125,10.177820639998558
2022-12-28,HENDERSON,00H,SG,245.8060606060606,245.80625,0.9999999999990904,0.3047999999997227,0.64,37,0.1,57295.799999999996,0.64,59.54558,16579.291199999123,10.179771359998556
2022-12-28,HENDERSON,00H,SG,245.7901515151515,245.7903409090909,0.9999999999990904,0.3047999999997227,0.64,38,-0.1,57295.799999999996,0.64,61.15492,16579.59599999912,10.181722079998554
2022-12-28,HENDERSON,00H,SG,245.80568181818185,245.8058712121212,0.9999999999990904,0.3047999999997227,0.64,37,0.1,57295.799999999996,0.64,59.54558,16579.90079999912,10.183672799998552
2022-12-28,HENDERSON,00H,SG,245.8058712121212,245.8060606060606,0.9999999999990904,0.3047999999997227,0.64,37,0.0,1000000.0,0.64,59.54558,16580.205599999117,10.18562351999855
2022-12-28,HENDERSON,00H,SG,245.34583333333333,245.34602272727273,0.9999999999990904,0.3047999999997227,0.64,38,0.7,8185.114285714286,0.64,61.15492,16580.510399999115,10.187574239998549
2022-12-28,HENDERSON,00H,SG,245.86420454545456,245.86439393939395,0.9999999999990904,0.3047999999997227,0.64,37,-0.5,11459.16,0.64,59.54558,16580.815199999113,10.189524959998547
2022-12-28,HENDERSON,00H,SG,245.85340909090908,245.85359848484848,0.9999999999990904,0.3047999999997227,0.64,37,-0.2,28647.899999999998,0.64,59.54558,16581.11999999911,10.191475679998545
2022-12-28,HENDERSON,00H,SG,245.34128787878788,245.34147727272727,0.9999999999990904,0.3047999999997227,0.64,38,1.0,5729.58,0.64,61.15492,16581.42479999911,10.193426399998543
2022-12-28,HENDERSON,00H,SG,245.3439393939394,245.3441287878788,0.9999999999990904,0.3047999999997227,0.64,37,0.7,8185.114285714286,0.64,59.54558,16581.729599999107,10.195377119998541
2022-12-28,HENDERSON,00H,SG,245.86988636363637,245.87007575757576,0.9999999999990904,0.3047999999997227,0.64,37,-0.7,8185.114285714286,0.64,59.54558,16582.034399999106,10.19732783999854
2022-12-28,HENDERSON,00H,SG,245.86155303030304,245.86174242424244,0.9999999999990904,0.3047999999997227,0.64,37,-0.4,14323.949999999999,0.64,59.54558,16582.339199999104,10.199278559998538
2022-12-28,HENDERSON,00H,SG,245.76818181818183,245.76856060606065,1.999999999998181,0.6095999999994455,0.64,37,0.0,1000000.0,0.64,59.54558,16582.948799999103,10.201229279998536
2022-12-28,HENDERSON,00H,SG,245.7753787878788,245.7757575757576,1.999999999998181,0.6095999999994455,0.64,37,0.0,1000000.0,0.64,59.54558,16583.558399999103,10.205130719998532
2022-12-28,HENDERSON,00H,SG,245.34753787878788,245.34791666666663,1.999999999998181,0.6095999999994455,0.64,38,0.6,9549.300000000001,0.64,61.15492,16584.167999999103,10.209032159998529
2022-12-28,HENDERSON,00H,SG,245.34015151515152,245.3405303030303,1.999999999998181,0.6095999999994455,0.64,37,1.0,5729.58,0.64,59.54558,16584.777599999103,10.212933599998525
2022-12-28,HENDERSON,00H,SG,245.8297348484849,245.83011363636365,1.999999999998181,0.6095999999994455,0.64,38,0.0,1000000.0,0.64,61.15492,16585.387199999102,10.216835039998521
2022-12-28,HENDERSON,00H,SG,245.77348484848488,245.77386363636364,1.999999999998181,0.6095999999994455,0.64,37,0.0,1000000.0,0.64,59.54558,16585.996799999102,10.220736479998518
2022-12-28,HENDERSON,00H,SG,245.34545454545457,245.34583333333333,1.999999999998181,0.6095999999994455,0.64,37,0.7,8185.114285714286,0.64,59.54558,16586.606399999102,10.224637919998514
2022-12-28,HENDERSON,00H,SG,245.76988636363637,245.77026515151516,1.999999999998181,0.6095999999994455,0.64,37,0.0,1000000.0,0.64,59.54558,16587.2159999991,10.22853935999851
2022-12-28,HENDERSON,00H,SG,245.34204545454543,245.34242424242424,1.999999999998181,0.6095999999994455,0.64,38,0.8,7161.974999999999,0.64,61.15492,16587.8255999991,10.232440799998507
2022-12-28,HENDERSON,00H,SG,245.77708333333337,245.77746212121212,1.999999999998181,0.6095999999994455,0.64,37,0.0,1000000.0,0.64,59.54558,16588.4351999991,10.236342239998503
2022-12-28,HENDERSON,00H,SG,245.7662878787879,245.76666666666668,1.999999999998181,0.6095999999994455,0.64,37,0.0,1000000.0,0.64,59.54558,16589.0447999991,10.2402436799985
2022-12-28,HENDERSON,00H,SG,245.3471590909091,245.34753787878788,1.999999999998181,0.6095999999994455,0.64,37,0.6,9549.300000000001,0.64,59.54558,16589.6543999991,10.244145119998496
2022-12-28,HENDERSON,00H,SG,245.8403409090909,245.8407196969697,1.999999999998181,0.6095999999994455,0.64,38,0.0,1000000.0,0.64,61.15492,16590.2639999991,10.248046559998492
2022-12-28,HENDERSON,00H,SG,245.78238636363636,245.78276515151515,1.999999999998181,0.6095999999994455,0.64,37,-0.1,57295.799999999996,0.64,59.54558,16590.8735999991,10.251947999998489
2022-12-28,HENDERSON,00H,SG,245.85094696969696,245.85132575757575,1.999999999998181,0.6095999999994455,0.64,38,-0.1,57295.799999999996,0.64,61.15492,16591.4831999991,10.255849439998485
2022-12-28,HENDERSON,00H,SG,245.80454545454543,245.80492424242425,1.999999999998181,0.6095999999994455,0.64,38,0.0,1000000.0,0.64,61.15492,16592.0927999991,10.259750879998482
2022-12-28,HENDERSON,00H,SG,245.77159090909092,245.7721590909091,2.9999999999972715,0.9143999999991684,0.64,37,0.0,1000000.0,0.64,59.54558,16593.007199999098,10.263652319998478
2022-12-28,HENDERSON,00H,SG,245.83674242424243,245.8373106060606,2.9999999999972715,0.9143999999991684,0.64,38,0.0,1000000.0,0.64,61.15492,16593.921599999096,10.269504479998472
2022-12-28,HENDERSON,00H,SG,245.77878787878788,245.7793560606061,2.9999999999972715,0.9143999999991684,0.64,37,0.0,1000000.0,0.64,59.54558,16594.835999999093,10.275356639998467
2022-12-28,HENDERSON,00H,SG,245.8348484848485,245.83541666666667,2.9999999999972715,0.9143999999991684,0.64,38,0.0,1000000.0,0.64,61.15492,16595.75039999909,10.281208799998462
2022-12-28,HENDERSON,00H,SG,245.7876893939394,245.78825757575757,2.9999999999972715,0.9143999999991684,0.64,37,-0.1,57295.799999999996,0.64,59.54558,16596.66479999909,10.287060959998456
2022-12-28,HENDERSON,00H,SG,245.83314393939395,245.83371212121213,2.9999999999972715,0.9143999999991684,0.64,38,0.0,1000000.0,0.64,61.15492,16597.579199999087,10.29291311999845
2022-12-28,HENDERSON,00H,SG,245.7590909090909,245.75965909090908,2.9999999999972715,0.9143999999991684,0.64,37,0.0,1000000.0,0.64,59.54558,16598.493599999085,10.298765279998445
2022-12-28,HENDERSON,00H,SG,245.78579545454545,245.78636363636363,2.9999999999972715,0.9143999999991684,0.64,37,-0.1,57295.799999999996,0.64,59.54558,16599.407999999083,10.30461743999844
2022-12-28,HENDERSON,00H,SG,245.7804924242424,245.7810606060606,2.9999999999972715,0.9143999999991684,0.64,37,-0.1,57295.799999999996,0.64,59.54558,16600.32239999908,10.310469599998434
2022-12-28,HENDERSON,00H,SG,245.7518939393939,245.75246212121212,2.9999999999972715,0.9143999999991684,0.64,37,0.0,1000000.0,0.64,59.54558,16601.23679999908,10.316321759998429
2022-12-28,HENDERSON,00H,SG,245.7554924242424,245.7560606060606,2.9999999999972715,0.9143999999991684,0.64,37,0.0,1000000.0,0.64,59.54558,16602.151199999076,10.322173919998423
2022-12-28,HENDERSON,00H,SG,245.84375,245.84431818181815,2.9999999999972715,0.9143999999991684,0.64,38,0.0,1000000.0,0.64,61.15492,16603.065599999074,10.328026079998418
2022-12-28,HENDERSON,00H,SG,245.34147727272727,245.34204545454543,2.9999999999972715,0.9143999999991684,0.64,38,0.9,6366.2,0.64,61.15492,16603.979999999072,10.333878239998413
2022-12-28,HENDERSON,00H,SG,245.8276515151515,245.82821969696968,2.9999999999972715,0.9143999999991684,0.64,38,0.0,1000000.0,0.64,61.15492,16604.89439999907,10.339730399998407
2022-12-28,HENDERSON,00H,SG,245.76458333333332,245.7651515151515,2.9999999999972715,0.9143999999991684,0.64,37,0.0,1000000.0,0.64,59.54558,16605.808799999068,10.345582559998402
2022-12-28,HENDERSON,00H,SG,245.7929924242424,245.7935606060606,2.9999999999972715,0.9143999999991684,0.64,37,0.0,1000000.0,0.64,59.54558,16606.723199999065,10.351434719998396
2022-12-28,HENDERSON,00H,SG,245.82594696969696,245.8265151515151,2.9999999999972715,0.9143999999991684,0.64,38,0.0,1000000.0,0.64,61.15492,16607.637599999063,10.35728687999839
2022-12-28,HENDERSON,00H,SG,245.82405303030305,245.8248106060606,3.999999999996362,1.2191999999988912,0.64,38,0.0,1000000.0,0.64,61.15492,16608.856799999063,10.363139039998385
2022-12-28,HENDERSON,00H,SG,245.83125,245.8320075757576,3.999999999996362,1.2191999999988912,0.64,38,0.0,1000000.0,0.64,61.15492,16610.075999999062,10.370941919998378
2022-12-28,HENDERSON,00H,SG,245.80719696969695,245.80795454545455,3.999999999996362,1.2191999999988912,0.64,37,0.1,57295.799999999996,0.64,59.54558,16611.295199999062,10.37874479999837
2022-12-28,HENDERSON,00H,SG,245.8151515151515,245.8159090909091,3.999999999996362,1.2191999999988912,0.64,38,0.0,1000000.0,0.64,61.15492,16612.51439999906,10.386547679998364
2022-12-28,HENDERSON,00H,SG,245.8566287878788,245.85738636363635,3.999999999996362,1.2191999999988912,0.64,37,-0.2,28647.899999999998,0.64,59.54558,16613.73359999906,10.394350559998356
2022-12-28,HENDERSON,00H,SG,245.79109848484848,245.79185606060605,3.999999999996362,1.2191999999988912,0.64,37,0.0,1000000.0,0.64,59.54558,16614.95279999906,10.402153439998349
2022-12-28,HENDERSON,00H,SG,245.73219696969696,245.73295454545453,3.999999999996362,1.2191999999988912,0.64,37,0.0,1000000.0,0.64,59.54558,16616.17199999906,10.409956319998342
2022-12-28,HENDERSON,00H,SG,245.8125,245.8132575757576,3.999999999996362,1.2191999999988912,0.64,37,0.1,57295.799999999996,0.64,59.54558,16617.39119999906,10.417759199998335
2022-12-28,HENDERSON,00H,SG,245.86174242424244,245.8625,3.999999999996362,1.2191999999988912,0.64,37,-0.3,19098.600000000002,0.64,59.54558,16618.61039999906,10.425562079998327
2022-12-28,HENDERSON,00H,SG,245.81704545454545,245.81780303030305,3.999999999996362,1.2191999999988912,0.64,38,0.0,1000000.0,0.64,61.15492,16619.82959999906,10.43336495999832
2022-12-28,HENDERSON,00H,SG,245.78939393939393,245.7901515151515,3.999999999996362,1.2191999999988912,0.64,37,-0.1,57295.799999999996,0.64,59.54558,16621.04879999906,10.441167839998313
2022-12-28,HENDERSON,00H,SG,245.80094696969695,245.80170454545456,3.999999999996362,1.2191999999988912,0.64,38,0.0,1000000.0,0.64,61.15492,16622.267999999058,10.448970719998306
2022-12-28,HENDERSON,00H,SG,245.79469696969696,245.79545454545453,3.999999999996362,1.2191999999988912,0.64,37,0.0,1000000.0,0.64,59.54558,16623.487199999057,10.456773599998298
2022-12-28,HENDERSON,00H,SG,245.7839015151515,245.7846590909091,3.999999999996362,1.2191999999988912,0.64,37,-0.1,57295.799999999996,0.64,59.54558,16624.706399999057,10.464576479998291
2022-12-28,HENDERSON,00H,SG,245.7903409090909,245.79109848484848,3.999999999996362,1.2191999999988912,0.64,38,0.0,1000000.0,0.64,61.15492,16625.925599999056,10.472379359998284
2022-12-28,HENDERSON,00H,SG,245.82234848484848,245.82310606060605,3.999999999996362,1.2191999999988912,0.64,38,0.0,1000000.0,0.64,61.15492,16627.144799999056,10.480182239998276
2022-12-28,HENDERSON,00H,SG,245.81875,245.81950757575757,3.999999999996362,1.2191999999988912,0.64,38,0.0,1000000.0,0.64,61.15492,16628.363999999056,10.48798511999827
2022-12-28,HENDERSON,00H,SG,245.79829545454547,245.79905303030304,3.999999999996362,1.2191999999988912,0.64,37,0.0,1000000.0,0.64,59.54558,16629.583199999055,10.495787999998262
2022-12-28,HENDERSON,00H,SG,245.3405303030303,245.34128787878788,3.999999999996362,1.2191999999988912,0.64,38,0.9,6366.2,0.64,61.15492,16630.802399999055,10.503590879998255
2022-12-28,HENDERSON,00H,SG,245.8098484848485,245.8106060606061,3.999999999996362,1.2191999999988912,0.64,38,0.1,57295.799999999996,0.64,61.15492,16632.021599999054,10.511393759998247
2022-12-28,HENDERSON,00H,SG,245.80492424242425,245.80568181818185,3.999999999996362,1.2191999999988912,0.64,37,0.0,1000000.0,0.64,59.54558,16633.240799999054,10.51919663999824
2022-12-28,HENDERSON,00H,SG,245.86439393939395,245.86515151515152,3.999999999996362,1.2191999999988912,0.64,37,-0.4,14323.949999999999,0.64,59.54558,16634.459999999053,10.526999519998233
2022-12-28,HENDERSON,00H,SG,245.3445075757576,245.34545454545457,4.9999999999954525,1.523999999998614,0.64,38,0.7,8185.114285714286,0.64,61.15492,16635.98399999905,10.534802399998226
2022-12-28,HENDERSON,00H,SG,245.7973484848485,245.79829545454547,4.9999999999954525,1.523999999998614,0.64,38,0.0,1000000.0,0.64,61.15492,16637.50799999905,10.544555999998217
2022-12-28,HENDERSON,00H,SG,245.80795454545455,245.80890151515152,4.9999999999954525,1.523999999998614,0.64,38,0.1,57295.799999999996,0.64,61.15492,16639.031999999046,10.554309599998208
2022-12-28,HENDERSON,00H,SG,245.8214015151515,245.82234848484848,4.9999999999954525,1.523999999998614,0.64,37,0.0,1000000.0,0.64,59.54558,16640.555999999044,10.564063199998198
2022-12-28,HENDERSON,00H,SG,245.80625,245.80719696969695,4.9999999999954525,1.523999999998614,0.64,38,0.1,57295.799999999996,0.64,61.15492,16642.07999999904,10.57381679999819
2022-12-28,HENDERSON,00H,SG,245.8106060606061,245.81155303030303,4.9999999999954525,1.523999999998614,0.64,37,0.1,57295.799999999996,0.64,59.54558,16643.60399999904,10.58357039999818
2022-12-28,HENDERSON,00H,SG,245.79545454545453,245.7964015151515,4.9999999999954525,1.523999999998614,0.64,38,0.0,1000000.0,0.64,61.15492,16645.127999999037,10.593323999998171
2022-12-28,HENDERSON,00H,SG,245.81155303030303,245.8125,4.9999999999954525,1.523999999998614,0.64,38,0.1,57295.799999999996,0.64,61.15492,16646.651999999034,10.603077599998162
2022-12-28,HENDERSON,00H,SG,245.77954545454543,245.7804924242424,4.9999999999954525,1.523999999998614,0.64,38,-0.1,57295.799999999996,0.64,61.15492,16648.17599999903,10.612831199998153
2022-12-28,HENDERSON,00H,SG,245.79905303030304,245.8,4.9999999999954525,1.523999999998614,0.64,38,0.0,1000000.0,0.64,61.15492,16649.69999999903,10.622584799998144
2022-12-28,HENDERSON,00H,SG,245.8,245.80094696969695,4.9999999999954525,1.523999999998614,0.64,37,0.0,1000000.0,0.64,59.54558,16651.223999999027,10.632338399998135
2022-12-28,HENDERSON,00H,SG,245.82045454545457,245.8214015151515,4.9999999999954525,1.523999999998614,0.64,38,0.0,1000000.0,0.64,61.15492,16652.747999999025,10.642091999998126
2022-12-28,HENDERSON,00H,SG,245.80265151515152,245.8035984848485,4.9999999999954525,1.523999999998614,0.64,38,0.0,1000000.0,0.64,61.15492,16654.271999999022,10.651845599998117
2022-12-28,HENDERSON,00H,SG,245.8035984848485,245.80454545454543,4.9999999999954525,1.523999999998614,0.64,37,0.0,1000000.0,0.64,59.54558,16655.79599999902,10.661599199998108
2022-12-28,HENDERSON,00H,SG,245.81780303030305,245.81875,4.9999999999954525,1.523999999998614,0.64,37,0.0,1000000.0,0.64,59.54558,16657.319999999017,10.671352799998099
2022-12-28,HENDERSON,00H,SG,245.82310606060605,245.82405303030305,4.9999999999954525,1.523999999998614,0.64,37,0.0,1000000.0,0.64,59.54558,16658.843999999015,10.68110639999809
2022-12-28,HENDERSON,00H,SG,245.81420454545457,245.8151515151515,4.9999999999954525,1.523999999998614,0.64,37,0.0,1000000.0,0.64,59.54558,16660.367999999013,10.69085999999808
2022-12-28,HENDERSON,00H,SG,245.80890151515152,245.8098484848485,4.9999999999954525,1.523999999998614,0.64,37,0.1,57295.799999999996,0.64,59.54558,16661.89199999901,10.700613599998071
2022-12-28,HENDERSON,00H,SG,245.81950757575757,245.82045454545457,4.9999999999954525,1.523999999998614,0.64,37,0.0,1000000.0,0.64,59.54558,16663.415999999008,10.710367199998062
2022-12-28,HENDERSON,00H,SG,245.80170454545456,245.80265151515152,4.9999999999954525,1.523999999998614,0.64,37,0.0,1000000.0,0.64,59.54558,16664.939999999006,10.720120799998053
2022-12-28,HENDERSON,00H,SG,245.8132575757576,245.81420454545457,4.9999999999954525,1.523999999998614,0.64,38,0.0,1000000.0,0.64,61.15492,16666.463999999003,10.729874399998044
2022-12-28,HENDERSON,00H,SG,245.7964015151515,245.7973484848485,5.000000000145519,1.5240000000443543,0.64,37,0.0,1000000.0,0.64,59.54558,16667.987999999048,10.739627999998035
2022-12-28,HENDERSON,00H,SG,245.85757575757577,245.8587121212121,5.999999999994543,1.8287999999983369,0.64,37,-0.2,28647.899999999998,0.64,59.54558,16669.816799999047,10.749381599998319
2022-12-28,HENDERSON,00H,SG,245.8248106060606,245.82594696969696,5.999999999994543,1.8287999999983369,0.64,37,0.0,1000000.0,0.64,59.54558,16671.645599999047,10.761085919998308
2022-12-28,HENDERSON,00H,SG,245.83011363636365,245.83125,5.999999999994543,1.8287999999983369,0.64,37,0.0,1000000.0,0.64,59.54558,16673.474399999046,10.772790239998297
2022-12-28,HENDERSON,00H,SG,245.78276515151515,245.7839015151515,5.999999999994543,1.8287999999983369,0.64,38,-0.1,57295.799999999996,0.64,61.15492,16675.303199999045,10.784494559998286
2022-12-28,HENDERSON,00H,SG,245.8320075757576,245.83314393939395,5.999999999994543,1.8287999999983369,0.64,37,0.0,1000000.0,0.64,59.54558,16677.131999999045,10.796198879998276
2022-12-28,HENDERSON,00H,SG,245.7935606060606,245.79469696969696,5.999999999994543,1.8287999999983369,0.64,38,0.0,1000000.0,0.64,61.15492,16678.960799999044,10.807903199998265
2022-12-28,HENDERSON,00H,SG,245.7846590909091,245.78579545454545,5.999999999994543,1.8287999999983369,0.64,38,-0.1,57295.799999999996,0.64,61.15492,16680.789599999043,10.819607519998254
2022-12-28,HENDERSON,00H,SG,245.34602272727273,245.3471590909091,5.999999999994543,1.8287999999983369,0.64,38,0.6,9549.300000000001,0.64,61.15492,16682.618399999043,10.831311839998243
2022-12-28,HENDERSON,00H,SG,245.8159090909091,245.81704545454545,5.999999999994543,1.8287999999983369,0.64,37,0.0,1000000.0,0.64,59.54558,16684.447199999042,10.843016159998232
2022-12-28,HENDERSON,00H,SG,245.8265151515151,245.8276515151515,5.999999999994543,1.8287999999983369,0.64,37,0.0,1000000.0,0.64,59.54558,16686.27599999904,10.854720479998221
2022-12-28,HENDERSON,00H,SG,245.78825757575757,245.78939393939393,5.999999999994543,1.8287999999983369,0.64,38,-0.1,57295.799999999996,0.64,61.15492,16688.10479999904,10.86642479999821
2022-12-28,HENDERSON,00H,SG,245.34261363636364,245.34375,5.999999999994543,1.8287999999983369,0.64,38,0.8,7161.974999999999,0.64,61.15492,16689.93359999904,10.8781291199982
2022-12-28,HENDERSON,00H,SG,245.83371212121213,245.8348484848485,5.999999999994543,1.8287999999983369,0.64,37,0.0,1000000.0,0.64,59.54558,16691.76239999904,10.889833439998188
2022-12-28,HENDERSON,00H,SG,245.79185606060605,245.7929924242424,5.999999999994543,1.8287999999983369,0.64,38,0.0,1000000.0,0.64,61.15492,16693.59119999904,10.901537759998178
2022-12-28,HENDERSON,00H,SG,245.7651515151515,245.7662878787879,6.00000000014461,1.8288000000440772,0.64,38,0.0,1000000.0,0.64,61.15492,16695.41999999908,10.913242079998167
2022-12-28,HENDERSON,00H,SG,245.78636363636363,245.7876893939394,6.9999999999936335,2.1335999999980597,0.64,38,-0.1,57295.799999999996,0.64,61.15492,16697.55359999908,10.924946399998449
2022-12-28,HENDERSON,00H,SG,245.7721590909091,245.77348484848488,6.9999999999936335,2.1335999999980597,0.64,38,0.0,1000000.0,0.64,61.15492,16699.687199999076,10.938601439998436
2022-12-28,HENDERSON,00H,SG,245.77746212121212,245.77878787878788,6.9999999999936335,2.1335999999980597,0.64,38,0.0,1000000.0,0.64,61.15492,16701.820799999074,10.952256479998423
2022-12-28,HENDERSON,00H,SG,245.83541666666667,245.83674242424243,6.9999999999936335,2.1335999999980597,0.64,37,0.0,1000000.0,0.64,59.54558,16703.95439999907,10.96591151999841
2022-12-28,HENDERSON,00H,SG,245.85359848484848,245.85492424242423,6.9999999999936335,2.1335999999980597,0.64,37,-0.1,57295.799999999996,0.64,59.54558,16706.08799999907,10.979566559998398
2022-12-28,HENDERSON,00H,SG,245.7757575757576,245.77708333333337,6.9999999999936335,2.1335999999980597,0.64,38,0.0,1000000.0,0.64,61.15492,16708.221599999066,10.993221599998385
2022-12-28,HENDERSON,00H,SG,245.77026515151516,245.77159090909092,6.9999999999936335,2.1335999999980597,0.64,38,0.0,1000000.0,0.64,61.15492,16710.355199999063,11.006876639998373
2022-12-28,HENDERSON,00H,SG,245.7810606060606,245.78238636363636,6.9999999999936335,2.1335999999980597,0.64,38,-0.1,57295.799999999996,0.64,61.15492,16712.48879999906,11.02053167999836
2022-12-28,HENDERSON,00H,SG,245.76856060606065,245.76988636363637,6.9999999999936335,2.1335999999980597,0.64,38,0.0,1000000.0,0.64,61.15492,16714.622399999058,11.034186719998347
2022-12-28,HENDERSON,00H,SG,245.76666666666668,245.76818181818183,7.999999999992724,2.4383999999977823,0.64,38,0.0,1000000.0,0.64,61.15492,16717.060799999057,11.047841759998335
2022-12-28,HENDERSON,00H,SG,245.77386363636364,245.7753787878788,7.999999999992724,2.4383999999977823,0.64,38,0.0,1000000.0,0.64,61.15492,16719.499199999056,11.06344751999832
2022-12-28,HENDERSON,00H,SG,245.85492424242423,245.85643939393935,7.999999999992724,2.4383999999977823,0.64,37,-0.2,28647.899999999998,0.64,59.54558,16721.937599999055,11.079053279998305
2022-12-28,HENDERSON,00H,SG,245.8282196969697,245.8297348484849,7.999999999992724,2.4383999999977823,0.64,37,0.0,1000000.0,0.64,59.54558,16724.375999999054,11.094659039998291
2022-12-28,HENDERSON,00H,SG,245.8625,245.86420454545456,8.999999999991815,2.743199999997505,0.64,37,-0.4,14323.949999999999,0.64,59.54558,16727.11919999905,11.110264799998276
2022-12-28,HENDERSON,00H,SG,245.86799242424243,245.86988636363637,9.999999999990903,3.047999999997228,0.64,37,-0.6,9549.300000000001,0.64,59.54558,16730.16719999905,11.12782127999826
2022-12-28,HENDERSON,00H,SG,245.34791666666663,245.35,10.999999999989996,3.3527999999969507,0.64,38,0.5,11459.16,0.64,61.15492,16733.519999999047,11.147328479998242
2022-12-28,HENDERSON,00H,SG,245.85132575757575,245.85340909090908,10.999999999989996,3.3527999999969507,0.64,37,-0.1,57295.799999999996,0.64,59.54558,16736.872799999044,11.168786399998222
2022-12-28,HENDERSON,00H,SG,245.35,245.3524621212121,12.999999999988177,3.962399999996397,0.64,38,0.4,14323.949999999999,0.64,61.15492,16740.83519999904,11.190244319998202
2022-12-28,HENDERSON,00H,SG,245.86515151515152,245.86799242424243,14.999999999986358,4.571999999995842,0.64,37,-0.5,11459.16,0.64,59.54558,16745.407199999037,11.215603679998178
2022-12-28,HENDERSON,00H,SG,245.8587121212121,245.86155303030304,15.000000000136424,4.572000000041582,0.64,37,-0.3,19098.600000000002,0.64,59.54558,16749.979199999078,11.244864479998151
2022-12-28,HENDERSON,00H,SG,245.8407196969697,245.84375,15.999999999985448,4.876799999995565,0.64,37,0.0,1000000.0,0.64,59.54558,16754.855999999072,11.274125279998417
2022-12-28,HENDERSON,00H,SG,245.3524621212121,245.3554924242424,15.999999999985448,4.876799999995565,0.64,38,0.3,19098.600000000002,0.64,61.15492,16759.732799999067,11.305336799998388
2022-12-28,HENDERSON,00H,SG,245.7560606060606,245.7590909090909,15.999999999985448,4.876799999995565,0.64,38,0.0,1000000.0,0.64,61.15492,16764.60959999906,11.336548319998359
2022-12-28,HENDERSON,00H,SG,245.84431818181815,245.84734848484848,15.999999999985448,4.876799999995565,0.64,37,0.0,1000000.0,0.64,59.54558,16769.486399999056,11.36775983999833
2022-12-28,HENDERSON,00H,SG,245.8373106060606,245.8403409090909,15.999999999985448,4.876799999995565,0.64,37,0.0,1000000.0,0.64,59.54558,16774.36319999905,11.398971359998301
2022-12-28,HENDERSON,00H,SG,245.75246212121212,245.7554924242424,15.999999999985448,4.876799999995565,0.64,38,0.0,1000000.0,0.64,61.15492,16779.239999999045,11.430182879998272
2022-12-28,HENDERSON,00H,SG,245.84734848484848,245.85094696969696,18.99999999998272,5.791199999994733,0.64,37,-0.1,57295.799999999996,0.64,59.54558,16785.03119999904,11.461394399998243
2022-12-28,HENDERSON,00H,SG,245.70814393939395,245.7128787878788,24.999999999977263,7.61999999999307,0.64,38,0.1,57295.799999999996,0.64,61.15492,16792.651199999033,11.498458079998208
2022-12-28,HENDERSON,00H,SG,245.75965909090908,245.76458333333332,25.999999999976353,7.924799999992792,0.64,38,0.0,1000000.0,0.64,61.15492,16800.575999999026,11.547226079998165
2022-12-28,HENDERSON,00H,SG,245.3554924242424,245.3626893939394,38.000000000115506,11.582400000035207,0.64,38,0.2,28647.899999999998,0.64,61.15492,16812.15839999906,11.59794479999812
2022-12-28,HENDERSON,00H,SG,245.43333333333337,245.44602272727272,66.99999999993906,20.421599999981428,0.64,38,0.0,1000000.0,0.64,61.15492,16832.57999999904,11.672072159998345
2022-12-28,HENDERSON,00H,SG,245.44602272727272,245.45890151515152,68.00000000008822,20.72640000002689,0.64,38,0.1,57295.799999999996,0.64,61.15492,16853.30639999907,11.802770399998227
2022-12-28,HENDERSON,00H,SG,245.41685606060605,245.43333333333337,87.00000000007094,26.517600000021623,0.64,38,0.1,57295.799999999996,0.64,61.15492,16879.82399999909,11.935419359998399
2022-12-28,HENDERSON,00H,SG,245.73295454545453,245.7518939393939,100.00000000005912,30.48000000001802,0.64,38,0.0,1000000.0,0.64,61.15492,16910.30399999911,12.105131999998537
2022-12-28,HENDERSON,00H,SG,245.51136363636363,245.5304924242424,101.0000000000582,30.784800000017743,0.64,38,0.1,57295.799999999996,0.64,61.15492,16941.08879999913,12.300203999998653
2022-12-28,HENDERSON,00H,SG,245.7128787878788,245.73219696969696,101.99999999990725,31.089599999971725,0.64,38,0.0,1000000.0,0.64,61.15492,16972.1783999991,12.497226719998766
2022-12-28,HENDERSON,00H,SG,245.3626893939394,245.38560606060605,120.99999999988997,36.880799999966456,0.64,38,0.1,57295.799999999996,0.64,61.15492,17009.059199999065,12.696200159998584
2022-12-28,HENDERSON,00H,SG,245.38560606060605,245.41685606060605,165.0,50.292,0.64,38,0.0,1000000.0,0.64,61.15492,17059.351199999066,12.93223727999837
2022-12-28,HENDERSON,00H,SG,245.59753787878788,245.62897727272727,165.9999999999991,50.596799999999725,0.64,38,-0.1,57295.799999999996,0.64,61.15492,17109.947999999065,13.25410607999837
2022-12-28,HENDERSON,00H,SG,245.45890151515152,245.51136363636363,276.99999999989814,84.42959999996896,0.64,38,0.0,1000000.0,0.64,61.15492,17194.377599999036,13.57792559999837
2022-12-28,HENDERSON,00H,SG,245.5304924242424,245.59753787878788,353.9999999999782,107.89919999999336,0.64,38,0.0,1000000.0,0.64,61.15492,17302.27679999903,14.11827503999817
2022-12-28,HENDERSON,00H,SG,245.62897727272727,245.70814393939395,418.00000000007,127.40640000002136,0.64,38,0.0,1000000.0,0.64,61.15492,17429.68319999905,14.808829919998129
2022-12-28,HENDERSON,00H,SG,244.1564393939394,244.1566287878788,0.9999999999990904,0.3047999999997227,0.65,35,-0.6,9549.300000000001,0.65,56.3269,17429.987999999048,15.624230879998265
2022-12-28,HENDERSON,00H,SG,244.16439393939393,244.16458333333333,0.9999999999990904,0.3047999999997227,0.65,35,-0.9,6366.2,0.65,56.3269,17430.292799999046,15.626212079998263
2022-12-28,HENDERSON,00H,SG,244.16420454545457,244.16439393939393,0.9999999999990904,0.3047999999997227,0.65,35,-1.0,5729.58,0.65,56.3269,17430.597599999044,15.62819327999826
2022-12-28,HENDERSON,00H,SG,244.16401515151512,244.16420454545457,0.9999999999990904,0.3047999999997227,0.65,35,-0.9,6366.2,0.65,56.3269,17430.902399999042,15.630174479998258
2022-12-28,HENDERSON,00H,SG,244.15265151515152,244.1528409090909,0.9999999999990904,0.3047999999997227,0.65,35,-0.3,19098.600000000002,0.65,56.3269,17431.20719999904,15.632155679998256
2022-12-28,HENDERSON,00H,SG,244.15757575757576,244.15776515151515,0.9999999999990904,0.3047999999997227,0.65,35,-0.6,9549.300000000001,0.65,56.3269,17431.51199999904,15.634136879998254
2022-12-28,HENDERSON,00H,SG,244.16893939393935,244.1691287878788,0.9999999999990904,0.3047999999997227,0.65,35,-1.2,4774.650000000001,0.65,56.3269,17431.816799999036,15.636118079998251
2022-12-28,HENDERSON,00H,SG,244.1691287878788,244.16931818181817,0.9999999999990904,0.3047999999997227,0.65,35,-1.3,4407.369230769231,0.65,56.3269,17432.121599999035,15.638099279998249
2022-12-28,HENDERSON,00H,SG,244.15625,244.1564393939394,0.9999999999990904,0.3047999999997227,0.65,35,-0.5,11459.16,0.65,56.3269,17432.426399999033,15.640080479998247
2022-12-28,HENDERSON,00H,SG,244.14583333333337,244.1460227272727,0.9999999999990904,0.3047999999997227,0.65,35,-0.1,57295.799999999996,0.65,56.3269,17432.73119999903,15.642061679998244
2022-12-28,HENDERSON,00H,SG,244.15246212121212,244.15265151515152,0.9999999999990904,0.3047999999997227,0.65,35,-0.4,14323.949999999999,0.65,56.3269,17433.03599999903,15.644042879998242
2022-12-28,HENDERSON,00H,SG,244.1566287878788,244.15681818181815,0.9999999999990904,0.3047999999997227,0.65,35,-0.5,11459.16,0.65,56.3269,17433.340799999027,15.64602407999824
2022-12-28,HENDERSON,00H,SG,244.1714015151515,244.1715909090909,0.9999999999990904,0.3047999999997227,0.65,35,-1.3,4407.369230769231,0.65,56.3269,17433.645599999025,15.648005279998237
2022-12-28,HENDERSON,00H,SG,244.15227272727273,244.15246212121212,0.9999999999990904,0.3047999999997227,0.65,35,-0.3,19098.600000000002,0.65,56.3269,17433.950399999023,15.649986479998235
2022-12-28,HENDERSON,00H,SG,244.15681818181815,244.1570075757576,0.9999999999990904,0.3047999999997227,0.65,35,-0.6,9549.300000000001,0.65,56.3269,17434.25519999902,15.651967679998233
2022-12-28,HENDERSON,00H,SG,244.14867424242425,244.14886363636364,0.9999999999990904,0.3047999999997227,0.65,35,-0.2,28647.899999999998,0.65,56.3269,17434.55999999902,15.65394887999823
2022-12-28,HENDERSON,00H,SG,244.11515151515152,244.11534090909092,0.9999999999990904,0.3047999999997227,0.65,35,0.3,19098.600000000002,0.65,56.3269,17434.864799999017,15.655930079998228
2022-12-28,HENDERSON,00H,SG,244.16875,244.16893939393935,0.9999999999990904,0.3047999999997227,0.65,35,-1.3,4407.369230769231,0.65,56.3269,17435.169599999015,15.657911279998226
2022-12-28,HENDERSON,00H,SG,244.17708333333337,244.1772727272727,0.9999999999990904,0.3047999999997227,0.65,35,-1.6,3580.9874999999997,0.65,56.3269,17435.474399999013,15.659892479998224
2022-12-28,HENDERSON,00H,SG,244.16931818181817,244.16950757575756,0.9999999999990904,0.3047999999997227,0.65,35,-1.2,4774.650000000001,0.65,56.3269,17435.77919999901,15.661873679998221
2022-12-28,HENDERSON,00H,SG,244.17973484848488,244.18011363636364,1.999999999998181,0.6095999999994455,0.65,35,-1.9,3015.5684210526315,0.65,56.3269,17436.38879999901,15.663854879998219
2022-12-28,HENDERSON,00H,SG,244.14526515151516,244.14583333333337,2.9999999999972715,0.9143999999991684,0.65,35,-0.2,28647.899999999998,0.65,56.3269,17437.30319999901,15.667817279998216
2022-12-28,HENDERSON,00H,SG,244.11458333333337,244.11515151515152,2.9999999999972715,0.9143999999991684,0.65,35,0.2,28647.899999999998,0.65,56.3269,17438.217599999007,15.67376087999821
2022-12-28,HENDERSON,00H,SG,244.1570075757576,244.15757575757576,2.9999999999972715,0.9143999999991684,0.65,35,-0.7,8185.114285714286,0.65,56.3269,17439.131999999005,15.679704479998206
2022-12-28,HENDERSON,00H,SG,244.17064393939393,244.1714015151515,3.999999999996362,1.2191999999988912,0.65,35,-1.4,4092.557142857143,0.65,56.3269,17440.351199999004,15.6856480799982
2022-12-28,HENDERSON,00H,SG,244.17632575757577,244.17708333333337,3.999999999996362,1.2191999999988912,0.65,35,-1.7,3370.3411764705884,0.65,56.3269,17441.570399999004,15.693572879998193
2022-12-28,HENDERSON,00H,SG,244.14791666666667,244.14867424242425,3.999999999996362,1.2191999999988912,0.65,35,-0.3,19098.600000000002,0.65,56.3269,17442.789599999003,15.701497679998186
2022-12-28,HENDERSON,00H,SG,244.16458333333333,244.1653409090909,3.999999999996362,1.2191999999988912,0.65,35,-1.0,5729.58,0.65,56.3269,17444.008799999003,15.709422479998178
2022-12-28,HENDERSON,00H,SG,244.1100378787879,244.11079545454547,3.999999999996362,1.2191999999988912,0.65,35,0.4,14323.949999999999,0.65,56.3269,17445.227999999002,15.71734727999817
2022-12-28,HENDERSON,00H,SG,244.1772727272727,244.1780303030303,3.999999999996362,1.2191999999988912,0.65,35,-1.7,3370.3411764705884,0.65,56.3269,17446.447199999002,15.725272079998163
2022-12-28,HENDERSON,00H,SG,244.16325757575757,244.16401515151512,3.999999999996362,1.2191999999988912,0.65,35,-1.0,5729.58,0.65,56.3269,17447.666399999,15.733196879998156
2022-12-28,HENDERSON,00H,SG,244.16950757575756,244.17064393939393,5.999999999994543,1.8287999999983369,0.65,35,-1.3,4407.369230769231,0.65,56.3269,17449.495199999,15.741121679998148
2022-12-28,HENDERSON,00H,SG,244.1715909090909,244.1727272727273,6.00000000014461,1.8288000000440772,0.65,35,-1.4,4092.557142857143,0.65,56.3269,17451.323999999044,15.753008879998138
2022-12-28,HENDERSON,00H,SG,244.15776515151515,244.1590909090909,6.9999999999936335,2.1335999999980597,0.65,35,-0.7,8185.114285714286,0.65,56.3269,17453.45759999904,15.764896079998424
2022-12-28,HENDERSON,00H,SG,244.15492424242424,244.15625,6.9999999999936335,2.1335999999980597,0.65,35,-0.6,9549.300000000001,0.65,56.3269,17455.59119999904,15.778764479998411
2022-12-28,HENDERSON,00H,SG,244.1507575757576,244.15227272727273,7.999999999992724,2.4383999999977823,0.65,35,-0.4,14323.949999999999,0.65,56.3269,17458.029599999038,15.792632879998399
2022-12-28,HENDERSON,00H,SG,244.1727272727273,244.17443181818183,8.999999999991815,2.743199999997505,0.65,35,-1.5,3819.72,0.65,56.3269,17460.772799999035,15.808482479998384
2022-12-28,HENDERSON,00H,SG,244.1780303030303,244.17973484848488,8.999999999991815,2.743199999997505,0.65,35,-1.8,3183.1,0.65,56.3269,17463.515999999032,15.826313279998368
2022-12-28,HENDERSON,00H,SG,244.16704545454544,244.16875,8.999999999991815,2.743199999997505,0.65,35,-1.2,4774.650000000001,0.65,56.3269,17466.25919999903,15.844144079998353
2022-12-28,HENDERSON,00H,SG,244.1653409090909,244.16704545454544,8.999999999991815,2.743199999997505,0.65,35,-1.1,5208.70909090909,0.65,56.3269,17469.002399999026,15.861974879998337
2022-12-28,HENDERSON,00H,SG,244.14886363636364,244.1507575757576,9.999999999990903,3.047999999997228,0.65,35,-0.3,19098.600000000002,0.65,56.3269,17472.050399999025,15.879805679998322
2022-12-28,HENDERSON,00H,SG,244.17443181818183,244.17632575757577,9.999999999990903,3.047999999997228,0.65,35,-1.6,3580.9874999999997,0.65,56.3269,17475.098399999024,15.899617679998304
2022-12-28,HENDERSON,00H,SG,244.16136363636363,244.16325757575757,9.999999999990903,3.047999999997228,0.65,35,-0.9,6366.2,0.65,56.3269,17478.146399999023,15.919429679998286
2022-12-28,HENDERSON,00H,SG,244.1460227272727,244.14791666666667,9.999999999990903,3.047999999997228,0.65,35,-0.2,28647.899999999998,0.65,56.3269,17481.19439999902,15.939241679998268
2022-12-28,HENDERSON,00H,SG,244.1528409090909,244.15492424242424,10.999999999989996,3.3527999999969507,0.65,35,-0.5,11459.16,0.65,56.3269,17484.54719999902,15.95905367999825
2022-12-28,HENDERSON,00H,SG,244.1590909090909,244.16136363636363,11.999999999989086,3.6575999999966737,0.65,35,-0.8,7161.974999999999,0.65,56.3269,17488.204799999014,15.98084687999823
2022-12-28,HENDERSON,00H,SG,244.11534090909092,244.11799242424243,13.999999999987269,4.267199999996119,0.65,35,0.2,28647.899999999998,0.65,56.3269,17492.47199999901,16.004621279998208
2022-12-28,HENDERSON,00H,SG,244.11079545454547,244.11458333333337,19.99999999998181,6.095999999994456,0.65,35,0.3,19098.600000000002,0.65,56.3269,17498.567999999002,16.032358079998183
2022-12-28,HENDERSON,00H,SG,244.1407196969697,244.14526515151516,23.999999999978172,7.3151999999933475,0.65,35,-0.1,57295.799999999996,0.65,56.3269,17505.883199998996,16.071982079998147
2022-12-28,HENDERSON,00H,SG,244.11799242424243,244.12727272727273,48.999999999955435,14.935199999986416,0.65,35,0.1,57295.799999999996,0.65,56.3269,17520.81839999898,16.119530879998102
2022-12-28,HENDERSON,00H,SG,244.12727272727273,244.14071969696968,70.99999999993543,21.64079999998032,0.65,35,0.0,1000000.0,0.65,56.3269,17542.45919999896,16.216609679998015
2022-12-28,HENDERSON,00H,SG,244.39261363636365,244.39280303030304,0.9999999999990904,0.3047999999997227,0.68,35,0.5,11459.16,0.68,56.3269,17542.76399999896,16.357274879997888
2022-12-28,HENDERSON,00H,SG,244.3909090909091,244.3910984848485,0.9999999999990904,0.3047999999997227,0.68,35,0.4,14323.949999999999,0.68,56.3269,17543.068799998957,16.359347519997886
2022-12-28,HENDERSON,00H,SG,244.33219696969695,244.33238636363637,0.9999999999990904,0.3047999999997227,0.68,35,0.0,1000000.0,0.68,56.3269,17543.373599998955,16.361420159997884
2022-12-28,HENDERSON,00H,SG,244.3837121212121,244.3839015151515,0.9999999999990904,0.3047999999997227,0.68,35,0.2,28647.899999999998,0.68,56.3269,17543.678399998953,16.363492799997882
2022-12-28,HENDERSON,00H,SG,244.37935606060609,244.37954545454545,0.9999999999990904,0.3047999999997227,0.68,36,0.0,1000000.0,0.68,57.93624,17543.98319999895,16.36556543999788
2022-12-28,HENDERSON,00H,SG,244.42651515151516,244.42670454545456,0.9999999999990904,0.3047999999997227,0.68,35,1.4,4092.557142857143,0.68,56.3269,17544.28799999895,16.367638079997878
2022-12-28,HENDERSON,00H,SG,244.37916666666663,244.37935606060609,0.9999999999990904,0.3047999999997227,0.68,36,0.1,57295.799999999996,0.68,57.93624,17544.592799998947,16.369710719997876
2022-12-28,HENDERSON,00H,SG,244.41041666666663,244.41060606060609,0.9999999999990904,0.3047999999997227,0.68,35,1.0,5729.58,0.68,56.3269,17544.897599998945,16.371783359997874
2022-12-28,HENDERSON,00H,SG,244.34469696969697,244.34488636363636,0.9999999999990904,0.3047999999997227,0.68,35,-0.1,57295.799999999996,0.68,56.3269,17545.202399998943,16.373855999997872
2022-12-28,HENDERSON,00H,SG,244.4070075757576,244.40719696969697,0.9999999999990904,0.3047999999997227,0.68,35,0.9,6366.2,0.68,56.3269,17545.50719999894,16.37592863999787
2022-12-28,HENDERSON,00H,SG,244.36420454545456,244.36458333333337,1.999999999998181,0.6095999999994455,0.68,35,-0.1,57295.799999999996,0.68,56.3269,17546.11679999894,16.378001279997868
2022-12-28,HENDERSON,00H,SG,244.3782196969697,244.37859848484848,1.999999999998181,0.6095999999994455,0.68,35,0.0,1000000.0,0.68,56.3269,17546.72639999894,16.382146559997864
2022-12-28,HENDERSON,00H,SG,244.33844696969695,244.33901515151516,2.9999999999972715,0.9143999999991684,0.68,36,-0.1,57295.799999999996,0.68,57.93624,17547.64079999894,16.38629183999786
2022-12-28,HENDERSON,00H,SG,244.3659090909091,244.36647727272728,2.9999999999972715,0.9143999999991684,0.68,35,-0.1,57295.799999999996,0.68,56.3269,17548.555199998937,16.392509759997854
2022-12-28,HENDERSON,00H,SG,244.33901515151516,244.33958333333337,2.9999999999972715,0.9143999999991684,0.68,35,-0.1,57295.799999999996,0.68,56.3269,17549.469599998934,16.398727679997847
2022-12-28,HENDERSON,00H,SG,244.37859848484848,244.37916666666663,2.9999999999972715,0.9143999999991684,0.68,36,0.0,1000000.0,0.68,57.93624,17550.383999998932,16.40494559999784
2022-12-28,HENDERSON,00H,SG,244.4090909090909,244.41041666666663,6.9999999999936335,2.1335999999980597,0.68,36,1.0,5729.58,0.68,57.93624,17552.51759999893,16.411163519997835
2022-12-28,HENDERSON,00H,SG,244.36458333333337,244.3659090909091,6.9999999999936335,2.1335999999980597,0.68,36,-0.1,57295.799999999996,0.68,57.93624,17554.651199998927,16.42567199999782
2022-12-28,HENDERSON,00H,SG,244.38958333333332,244.3909090909091,7.0000000001437,2.1336000000438,0.68,36,0.4,14323.949999999999,0.68,57.93624,17556.78479999897,16.440180479997807
2022-12-28,HENDERSON,00H,SG,244.4054924242424,244.4070075757576,7.999999999992724,2.4383999999977823,0.68,36,0.9,6366.2,0.68,57.93624,17559.22319999897,16.454688959998105
2022-12-28,HENDERSON,00H,SG,244.4285984848485,244.43011363636364,7.999999999992724,2.4383999999977823,0.68,36,1.5,3819.72,0.68,57.93624,17561.66159999897,16.47127007999809
2022-12-28,HENDERSON,00H,SG,244.3910984848485,244.39261363636365,7.999999999992724,2.4383999999977823,0.68,36,0.4,14323.949999999999,0.68,57.93624,17564.09999999897,16.487851199998072
2022-12-28,HENDERSON,00H,SG,244.4246212121212,244.42651515151516,9.999999999990903,3.047999999997228,0.68,36,1.4,4092.557142857143,0.68,57.93624,17567.147999998968,16.504432319998056
2022-12-28,HENDERSON,00H,SG,244.40719696969697,244.4090909090909,9.999999999990903,3.047999999997228,0.68,36,0.9,6366.2,0.68,57.93624,17570.195999998967,16.525158719998036
2022-12-28,HENDERSON,00H,SG,244.41060606060609,244.4125,9.999999999990903,3.047999999997228,0.68,36,1.0,5729.58,0.68,57.93624,17573.243999998966,16.545885119998015
2022-12-28,HENDERSON,00H,SG,244.42670454545456,244.4285984848485,9.999999999990903,3.047999999997228,0.68,36,1.4,4092.557142857143,0.68,57.93624,17576.291999998964,16.566611519997995
2022-12-28,HENDERSON,00H,SG,244.33011363636365,244.33219696969695,10.999999999989996,3.3527999999969507,0.68,36,0.0,1000000.0,0.68,57.93624,17579.64479999896,16.587337919997974
2022-12-28,HENDERSON,00H,SG,244.3839015151515,244.38636363636363,12.999999999988177,3.962399999996397,0.68,36,0.2,28647.899999999998,0.68,57.93624,17583.607199998958,16.610136959997952
2022-12-28,HENDERSON,00H,SG,244.39905303030304,244.40208333333337,15.999999999985448,4.876799999995565,0.68,36,0.7,8185.114285714286,0.68,57.93624,17588.483999998953,16.63708127999793
2022-12-28,HENDERSON,00H,SG,244.39280303030304,244.39583333333337,15.999999999985448,4.876799999995565,0.68,36,0.5,11459.16,0.68,57.93624,17593.360799998947,16.6702435199979
2022-12-28,HENDERSON,00H,SG,244.38636363636363,244.38958333333332,16.99999999998454,5.181599999995288,0.68,36,0.3,19098.600000000002,0.68,57.93624,17598.542399998943,16.70340575999787
2022-12-28,HENDERSON,00H,SG,244.39583333333337,244.39905303030304,16.99999999998454,5.181599999995288,0.68,36,0.6,9549.300000000001,0.68,57.93624,17603.72399999894,16.73864063999784
2022-12-28,HENDERSON,00H,SG,244.40208333333337,244.4054924242424,17.99999999998363,5.48639999999501,0.68,36,0.8,7161.974999999999,0.68,57.93624,17609.210399998934,16.77387551999781
2022-12-28,HENDERSON,00H,SG,244.41666666666663,244.42007575757577,17.99999999998363,5.48639999999501,0.68,36,1.2,4774.650000000001,0.68,57.93624,17614.69679999893,16.811183039997776
2022-12-28,HENDERSON,00H,SG,244.37954545454545,244.3837121212121,21.99999999997999,6.705599999993901,0.68,36,0.1,57295.799999999996,0.68,57.93624,17621.402399998922,16.848490559997742
2022-12-28,HENDERSON,00H,SG,244.4125,244.41666666666663,21.99999999997999,6.705599999993901,0.68,36,1.1,5208.70909090909,0.68,57.93624,17628.107999998916,16.8940886399977
2022-12-28,HENDERSON,00H,SG,244.42007575757577,244.4246212121212,24.00000000012824,7.315200000039088,0.68,36,1.3,4407.369230769231,0.68,57.93624,17635.423199998953,16.93968671999766
2022-12-28,HENDERSON,00H,SG,244.3731060606061,244.3782196969697,26.999999999975444,8.229599999992516,0.68,36,0.0,1000000.0,0.68,57.93624,17643.652799998945,16.989430079997927
2022-12-28,HENDERSON,00H,SG,244.33958333333337,244.34469696969697,26.999999999975444,8.229599999992516,0.68,36,-0.1,57295.799999999996,0.68,57.93624,17651.882399998936,17.045391359997875
2022-12-28,HENDERSON,00H,SG,244.33238636363637,244.33844696969695,31.999999999970896,9.75359999999113,0.68,36,0.0,1000000.0,0.68,57.93624,17661.63599999893,17.101352639997824
2022-12-28,HENDERSON,00H,SG,244.36647727272728,244.3731060606061,34.99999999996817,10.6679999999903,0.68,36,-0.1,57295.799999999996,0.68,57.93624,17672.30399999892,17.167677119997762
2022-12-28,HENDERSON,00H,SG,244.34488636363636,244.36420454545456,102.0000000000573,31.089600000017462,0.68,36,-0.1,57295.799999999996,0.68,57.93624,17703.393599998937,17.240219519997698
